Book,Conference,Scholar articles,Publication date,Volume,PDF Link,Patent office,Report number,Source,Pages,Research Interests,Total citations,Researcher Name,Inventors,Patent number,Title,Institution,Journal,Application number,Scholar Link,Issue,Publisher,Authors,Description,Classified_Topic,Classification_Confidence
,,"VANet security challenges and solutions: A survey
H Hasrouny, AE Samhat, C Bassil, A Laouiti - Vehicular Communications, 2017
Cited by 820 Related articles All 4 versions",2017/1/1,7.0,,,,Vehicular Communications,7-20,"Heterogeneous Wireless Networks, Mobility Management, Security, IoT",Cited by 820,Abed Ellatif Samhat,,,VANet security challenges and solutions: A survey,,,,https://scholar.google.com/citations?view_op=view_citation&hl=en&user=IW38SxMAAAAJ&citation_for_view=IW38SxMAAAAJ:k_IJM867U9cC,,Elsevier,"Hamssa Hasrouny, Abed Ellatif Samhat, Carole Bassil, Anis Laouiti","VANET is an emergent technology with promising future as well as great challenges especially in its security. In this paper, we focus on VANET security frameworks presented in three parts. The first presents an extensive overview of VANET security characteristics and challenges as well as requirements. These requirements should be taken into consideration to enable the implementation of secure VANET infrastructure with efficient communication between parties. We give the details of the recent security architectures and the well-known security standards protocols. The second focuses on a novel classification of the different attacks known in the VANET literature and their related solutions. The third is a comparison between some of these solutions based on well-known security criteria in VANET. Then we draw attention to different open issues and technical challenges related to VANET security, which can help …",security,0.605
,,"Internet of mobile things: Overview of lorawan, dash7, and nb-iot in lpwans standards and supported mobility
W Ayoub, AE Samhat, F Nouvel, M Mroue, JC Prévotet - IEEE Communications Surveys & Tutorials, 2018
Cited by 418 Related articles All 7 versions",2018/10/23,21.0,https://hal.science/hal-01901612/file/_LARGE__bf_Internet_of_Mobile_Things__Overview_of_LoRaWAN__DASH7__and__NB_IoT_in_LPWANs_standards_and_Supported_Mobility.pdf,,,,1561-1581,"Heterogeneous Wireless Networks, Mobility Management, Security, IoT",Cited by 418,Abed Ellatif Samhat,,,"Internet of mobile things: Overview of lorawan, dash7, and nb-iot in lpwans standards and supported mobility",,IEEE Communications Surveys & Tutorials,,https://scholar.google.com/citations?view_op=view_citation&hl=en&user=IW38SxMAAAAJ&citation_for_view=IW38SxMAAAAJ:ldfaerwXgEUC,2,IEEE,"Wael Ayoub, Abed Ellatif Samhat, Fabienne Nouvel, Mohamad Mroue, Jean-Christophe Prévotet","Low-power wide area networks (LPWANs) constitute a type of networks which is used to connect things to the Internet from a wide variety of sectors. These types of technologies provide the Internet of Things (IoT) devices with the ability to transmit few bytes of data for long ranges, taking into consideration minimum power consumption. In parallel, IoT applications will cover a wide range of human and life needs from smart environments (cities, home, transportation, etc.) to health and quality of life. Among these popular LPWANs technologies, we have identified the unlicensed frequency band (LoRa, DASH7, SigFox, Wi-SUN, etc.), and the licensed frequency band standards (NB-IoT, LTE Cat-M, EC-GSM-IoT, etc.). In general, both types of standards only consider fixed interconnected things, and less attention has been provided to the mobility of the things or devices. In this paper, we address the mobility of the things …",heterogeneous wireless networks,0.271
,,"Verification of smart contracts: A survey
M Almakhour, L Sliman, AE Samhat, A Mellouk - Pervasive and Mobile Computing, 2020
Cited by 130 Related articles All 5 versions",2020/9/1,67.0,https://www.sciencedirect.com/science/article/am/pii/S1574119220300821,,,Pervasive and Mobile Computing,101227,"Heterogeneous Wireless Networks, Mobility Management, Security, IoT",Cited by 130,Abed Ellatif Samhat,,,Verification of smart contracts: A survey,,,,https://scholar.google.com/citations?view_op=view_citation&hl=en&user=IW38SxMAAAAJ&citation_for_view=IW38SxMAAAAJ:xtRiw3GOFMkC,,Elsevier,"Mouhamad Almakhour, Layth Sliman, Abed Ellatif Samhat, Abdelhamid Mellouk","To achieve trust and continuity in the smart contracts-based business process execution, the verification of such smart contracts is mandatory. A blockchain-based smart contract should work as intended before using it. Due to the immutable nature of blockchain, any bugs or errors will become permanent once published and could lead to huge economic losses. To avoid such problems, verification is required to check the correctness and the security of the smart contract. In this survey, we consider the smart contracts and we investigate smart contacts formal verification methods. We also investigate the security assurance for smart contracts using vulnerabilities detection methods. In this context, we provide a detailed overview of the different approaches to verify the smart contracts and we present the used methods and tools. We show a description of each method as well as its advantages and limitations and we …",security,0.605
,,"On blockchain integration with supply chain: Overview on data transparency
H Hellani, L Sliman, AE Samhat, E Exposito - Logistics, 2021
Cited by 114 Related articles All 13 versions",2021/9,5.0,https://www.mdpi.com/2305-6290/5/3/46,,,Logistics,46,"Heterogeneous Wireless Networks, Mobility Management, Security, IoT",Cited by 114,Abed Ellatif Samhat,,,On Blockchain Integration with Supply Chain: Overview on Data Transparency,,,,https://scholar.google.com/citations?view_op=view_citation&hl=en&user=IW38SxMAAAAJ&citation_for_view=IW38SxMAAAAJ:OU6Ihb5iCvQC,3,Multidisciplinary Digital Publishing Institute,"Houssein Hellani, Layth Sliman, Abed Ellatif Samhat, Ernesto Exposito","Data transparency is essential in the modern supply chain to improve trust and boost collaboration among partners. In this context, Blockchain is a promising technology to provide full transparency across the entire supply chain. However, Blockchain was originally designed to provide full transparency and uncontrolled data access. This leads many market actors to avoid Blockchain as they fear for their confidentiality. In this paper, we highlight the requirements and challenges of supply chain transparency. We then investigate a set of supply chain projects that tackle data transparency issues by utilizing Blockchain in their core platform in different manners. Furthermore, we analyze the projects’ techniques and the tools utilized to customize transparency. As a result of the projects’ analyses, we identified that further enhancements are needed to set a balance between the data transparency and process opacity required by different partners, to ensure the confidentiality of their processes and to control access to sensitive data.",Unclassified,0.0
,,"Trust model for secure group leader-based communications in VANET
H Hasrouny, AE Samhat, C Bassil, A Laouiti - Wireless Networks, 2019
Cited by 84 Related articles All 4 versions",2018/5/17,,,,,,,"Heterogeneous Wireless Networks, Mobility Management, Security, IoT",Cited by 84,Abed Ellatif Samhat,,,Trust model for secure group leader-based communications in VANET,,Wireless Networks,,https://scholar.google.com/citations?view_op=view_citation&hl=en&user=IW38SxMAAAAJ&citation_for_view=IW38SxMAAAAJ:J_g5lzvAfSwC,,Springer US,"Hamssa Hasrouny, Abed Ellatif Samhat, Carole Bassil, Anis Laouiti","VANET aims to improve safety for all road users. Vehicles exchange safety messages over wireless communication links which are prone to multiple attacks. To enhance the existing security of V2V communications, we propose in this paper a security framework based on vehicles behavior analysis. We define a Hybrid Trust Model (HTM) and a misbehavior detection system (MDS) where a trust metric is assigned to every vehicle depending on its behavior. Using this trust metric, a classification of the vehicles into malicious or honest is done. HTM is based on-the-fly group formation which helps to manage the communication between vehicles and the back-end system by selecting the most trustworthy node as group leader (GL). Vehicles and GL will cooperate with each other within the group and with the back-end system to detect the malicious node and to notify the Misbehavior Authority. The latter takes …",security,0.604
,2018 IEEE International Multidisciplinary Conference on Engineering Technology (IMCET),"On blockchain technology: Overview of bitcoin and future insights
H Hellani, AE Samhat, M Chamoun, H El Ghor… - 2018 IEEE International Multidisciplinary Conference …, 2018
Cited by 60 Related articles All 8 versions",2018/11/14,,http://77.42.251.164/files/pdf/hellani2018.pdf,,,,1-8,"Heterogeneous Wireless Networks, Mobility Management, Security, IoT",Cited by 60,Abed Ellatif Samhat,,,On BlockChain Technology: Overview of Bitcoin and Future Insights,,,,https://scholar.google.com/citations?view_op=view_citation&hl=en&user=IW38SxMAAAAJ&citation_for_view=IW38SxMAAAAJ:g5m5HwL7SMYC,,IEEE,"Hussein Hellani, Abed Ellatif Samhat, Maroun Chamoun, Hussein El Ghor, Ahmed Serhrouchni","In this paper, we consider blockchain technology that enabledthe existence of digital currency and we investigate Bitcoin cryptocurrency application. This technology nowadays represents a new feature that replaces existing client-server core system on top of some distributed systems with many additional features such as high availability, resistance to alteration, fault tolerance and cost reduction. After overviewing how such technology is working, we highlightthe requirements and benefits related to the security, database and network. We mainly focus on answering the most Bitcoin queries including privacy and double spending. Furthermore, as blockchain has potential applications far beyond bitcoin, we draw future insights where applications based blockchain are provisioned in the market in order to be totally or partially independent of the centralized systems and we provide a questionnaire helping …",security,0.604
,"Digital Information and Communication Technology and its Applications (DICTAP), 2015 Fifth International Conference on","Group-based authentication in V2V communications
H Hasrouny, C Bassil, AE Samhat, A Laouiti - 2015 fifth international conference on digital …, 2015
Cited by 54 Related articles All 2 versions",2015,,,,,,,"Heterogeneous Wireless Networks, Mobility Management, Security, IoT",Cited by 54,Abed Ellatif Samhat,,,Group-based authentication in V2V communications,,,,https://scholar.google.com/citations?view_op=view_citation&hl=en&user=IW38SxMAAAAJ&citation_for_view=IW38SxMAAAAJ:e5wmG9Sq2KIC,,,"Hamssa Hasrouny, Carole Bassil, Abed Ellatif Samhat, Anis Laouiti","In this paper, we investigate a security architecture for V2V communication that ensure integrity, confidentiality, anonymity, authenticity and non-repudiation. Based on IEEE 1609.2 Standard, we propose group-based V2V authentication and communication for safety message dissemination with lightweight solution, decentralized via group leaders (GLs), efficient, economical and applicable in real mode. We simulate the existing security solutions using ""Estinet"" simulator and we show that our group-based authentication proposal performs better than other schemes.",security,0.607
,"Vehicular Ad-Hoc Networks for Smart Cities , IWVSC'2016","Security Risk Analysis of a Trust model for Secure Group Leader-based communication in VANET
H Hasrouny, C Bassil, AE Samhat, A Laouiti - Vehicular Ad-Hoc Networks for Smart Cities: Second …, 2017
Cited by 50 Related articles All 6 versions",2016,,https://www.researchgate.net/profile/Abed-Ellatif-Samhat/publication/315512135_Security_Risk_Analysis_of_a_Trust_Model_for_Secure_Group_Leader-Based_Communication_in_VANET/links/5c9a8fcda6fdccd4603cd21b/Security-Risk-Analysis-of-a-Trust-Model-for-Secure-Group-Leader-Based-Communication-in-VANET.pdf,,,,71-83,"Heterogeneous Wireless Networks, Mobility Management, Security, IoT",Cited by 50,Abed Ellatif Samhat,,,Security Risk Analysis of a Trust Model for Secure Group Leader-Based Communication in VANET,,,,https://scholar.google.com/citations?view_op=view_citation&hl=en&user=IW38SxMAAAAJ&citation_for_view=IW38SxMAAAAJ:JV2RwH3_ST0C,,"Springer, Singapore","Hamssa Hasrouny, Carole Bassil, Abed Ellatif Samhat, Anis Laouiti","In this paper, we consider a Trust Model with Group Leader (GL)-based communication in VANET. This model is used to classify vehicles based on their trustworthiness and elect potential GLs. We propose a security risk assessment methodology and we apply it to our Trust Model. This methodology is used for identifying threats, assessing the risk involved, and defining approaches to mitigate them. The risk assessment includes assessment of the impact and likelihood of occurrence of attacks relevant to the identified threats, evaluation of the Trust Model design principles, validation of the built-in security, and the mitigation actions of attacks. Based on this assessment, we demonstrated the resiliency of the Trust Model to resist to many security attacks.",security,0.606
,"Digital Information, Networking, and Wireless Communications (DINWC), 2018 Sixth International Conference on","Towards ip over lpwans technologies: Lorawan, dash7, nb-iot
W Ayoub, M Mroue, F Nouvel, AE Samhat, JC Prévotet - 2018 sixth international conference on digital …, 2018
Cited by 48 Related articles All 6 versions",2018/4/25,,https://univ-rennes.hal.science/hal-01833167/file/_LARGE__bf_Towards_IP_over_LPWANs_technologies__LoRaWAN__DASH7__NB_IoT__Preparation_of_Papers_for_IEEE_Sponsored_Conferences____Symposia_.pdf,,,,,"Heterogeneous Wireless Networks, Mobility Management, Security, IoT",Cited by 48,Abed Ellatif Samhat,,,"Towards IP over LPWANs technologies: LoRaWAN, DASH7, NB-IoT",,,,https://scholar.google.com/citations?view_op=view_citation&hl=en&user=IW38SxMAAAAJ&citation_for_view=IW38SxMAAAAJ:NaGl4SEjCO4C,,,"Wael Ayoub, Mohamad Mroue, Fabienne Nouvel, Abed Ellatif Samhat, Jean-christophe Prévotet","In this paper, we discuss a set of solutions that are proposed in order to run IPv6 over IoT and we investigate its applicability over the three Low Power Wide Area Networks (LPWANs) technologies: LoRaWAN, DASH7, NB-IoT. LPWANs are wireless technologies that are used to connect things to the Internet. These technologies are characterized by their large coverage area, long battery operation, low bandwidth, small frame payload size, and the use of asymmetric and non-synchronized communication. Based on this investigation, we highlight the schemes that can be adopted for IP-based LPWANs technologies.",heterogeneous wireless networks,0.278
,,"Fully Enhanced Homomorphic Encryption algorithm of MORE approach for real world applications
K Hariss, H Noura, AE Samhat - Journal of Information Security and Applications, 2017
Cited by 45 Related articles All 2 versions",2017/6/1,34.0,https://www.academia.edu/download/97377402/j.jisa.2017.02.00120230116-1-1nkkzqt.pdf,,,,233-242,"Heterogeneous Wireless Networks, Mobility Management, Security, IoT",Cited by 45,Abed Ellatif Samhat,,,Fully Enhanced Homomorphic Encryption algorithm of MORE approach for real world applications,,Journal of Information Security and Applications,,https://scholar.google.com/citations?view_op=view_citation&hl=en&user=IW38SxMAAAAJ&citation_for_view=IW38SxMAAAAJ:M3NEmzRMIkIC,,Elsevier,"Khalil Hariss, Hassan Noura, Abed Ellatif Samhat","The design of a Homomorphic Encryption (HE) algorithm that allows computation over the encrypted data is required in real world modern applications to preserve the privacy. Such applications include Cloud Computing, shared storage, processing resources, etc. The existing solutions are not practical for real world applications. Asymmetric approaches suffer from high computation overhead, while symmetric approaches suffer from low immunity against attacks such as chosen and known plaintext attack. In this paper, we consider symmetric approaches and we focus on Matrix Operation for Randomization and Encryption (MORE) approach to build a new algorithm overcoming the drawbacks of MORE. The proposed algorithm is explained in details and evaluated. The security performance results show that the proposed approach can prevent the strong attacks without degradation of the system performances in …",security,0.604
,,"Misbehavior detection and efficient revocation within VANET
H Hasrouny, AE Samhat, C Bassil, A Laouiti - Journal of information security and applications, 2019
Cited by 41 Related articles All 5 versions",2019/6/1,46.0,https://www.sciencedirect.com/science/article/am/pii/S2214212618305337,,,,193-209,"Heterogeneous Wireless Networks, Mobility Management, Security, IoT",Cited by 41,Abed Ellatif Samhat,,,Misbehavior detection and efficient revocation within VANET,,Journal of Information Security and Applications,,https://scholar.google.com/citations?view_op=view_citation&hl=en&user=IW38SxMAAAAJ&citation_for_view=IW38SxMAAAAJ:SeFeTyx0c_EC,,Elsevier,"Hamssa Hasrouny, Abed Ellatif Samhat, Carole Bassil, Anis Laouiti","Trustworthy communication in VANET Network is essential to provide functional, efficient and reliable traffic safety applications. The main concern arises on how to maintain only the trustworthy participants and revoke the misbehaving ones. In this paper, we propose a new framework for the certificate revocation process within VANET. This process can be activated by the Misbehavior Detection Systems (MDSs) running within vehicles and the Misbehavior Authority (MA) within the infrastructure, which identifies and excludes misbehaving vehicles to guarantee the long-term functionality of the network. These MDSs rely on the trust evaluation for participating vehicles which is updated continuously based on their behaviors. Therefore, the revocation is done periodically through geographical Certificate Revocation List (CRL) which specifies the certificates of all revoked vehicles within a specific area. This results in a …",heterogeneous wireless networks,0.133
,,"A formal verification approach for composite smart contracts security using FSM
M Almakhour, L Sliman, AE Samhat, A Mellouk - Journal of King Saud University-Computer and …, 2023
Cited by 31 Related articles All 4 versions",2023/1/1,35.0,https://www.sciencedirect.com/science/article/pii/S1319157822003111,,,,70-86,"Heterogeneous Wireless Networks, Mobility Management, Security, IoT",Cited by 31,Abed Ellatif Samhat,,,A formal verification approach for composite smart contracts security using FSM,,Journal of King Saud University-Computer and Information Sciences,,https://scholar.google.com/citations?view_op=view_citation&hl=en&user=IW38SxMAAAAJ&citation_for_view=IW38SxMAAAAJ:4fKUyHm3Qg0C,1,Elsevier,"Mouhamad Almakhour, Layth Sliman, Abed Ellatif Samhat, Abdelhamid Mellouk","Many of today's companies use Smart Contracts to represent and execute their business processes. Smart contracts are self-executed programs running over blockchain. In this context, composite smart contracts are used to represent collaborative business processes. A composite smart contract is a smart contract that needs to execute other contracts using external calls to achieve its tasks. Composite smart contracts, through the use of external calls and the execution of other smart contracts that might belong to other owners or companies, bring many challenges with regard to security requirements. As a result, special efforts must be done to ensure composite smart contracts security verification. In this paper, we propose a novel approach to verify the security and the correctness of the composite smart contracts written in solidity in Ethereum blockchain. This approach is based on the finite state machine models …",security,0.605
,MELECON 2006-2006 IEEE Mediterranean Electrotechnical Conference,"The Celtic Gandalf framework
Z Altman, R Skehill, R Barco, L Moltsen, R Brennan… - MELECON 2006-2006 IEEE Mediterranean …, 2006
Cited by 31 Related articles",2006/5/16,,,,,,595-598,"Heterogeneous Wireless Networks, Mobility Management, Security, IoT",Cited by 31,Abed Ellatif Samhat,,,The Celtic Gandalf framework,,,,https://scholar.google.com/citations?view_op=view_citation&hl=en&user=IW38SxMAAAAJ&citation_for_view=IW38SxMAAAAJ:9yKSN-GCB0IC,,IEEE,"Zwi Altman, Ronan Skehill, Raquel Barco, Lars Moltsen, Rob Brennan, Abed Samhat, Rana Khanafer, Hervé Dubreil, Michael Barry, Beatriz Solana","Third generation mobile systems are driving a multi-system network landscape. Network management is crucial to guarantee optimum cooperation between network sub-systems. The aim of the Gandalf project is to use large scale network monitoring, advanced radio resource management rules and appropriate quality of service evaluation in order to achieve automation of network management tasks in a multi-system environment",mobility management,0.409
,,"Towards an ultra lightweight block ciphers for Internet of Things
L Sliman, T Omrani, Z Tari, AE Samhat, R Rhouma - Journal of information security and applications, 2021
Cited by 30 Related articles All 8 versions",2021/9/1,61.0,https://hal.science/hal-03453089/document,,,,102897,"Heterogeneous Wireless Networks, Mobility Management, Security, IoT",Cited by 30,Abed Ellatif Samhat,,,Towards an ultra lightweight block ciphers for Internet of Things,,Journal of Information Security and Applications,,https://scholar.google.com/citations?view_op=view_citation&hl=en&user=IW38SxMAAAAJ&citation_for_view=IW38SxMAAAAJ:uWQEDVKXjbEC,,Elsevier,"Layth Sliman, Tasnime Omrani, Zahir Tari, Abed Ellatif Samhat, Rhouma Rhouma","Conventional cryptographic methods are not appropriate for IoT environments due to the specific IoT devices constraints, such as memory usage, time and computational costs. This leads to the emergence of the lightweight cryptography field. This paper investigates the different lightweight cryptographic design methods and proposes an IoT-based cryptographic method, called Ultra-Lightweight method (ULM), to enhance the performance, memory usage and security of IoT devises. The proposed method is based on three methods (i.e, bitslice, WTS and involutive), and thus accumulating their various advantages such as, memory use, efficiency and security. To validate our proposal, a cryptosystem is designed using ULM method. The designed cryptosystem is benchmarked based on the following metrics: performance (by measuring its execution time and the number of clock cycles needed to run it), the quantity of …",security,0.605
,"Cyber Security in Networking Conference (CSNet), 2017 1st","On DGHV and BGV fully homomorphic encryption schemes
K Hariss, M Chamoun, AE Samhat - 2017 1St cyber security in networking conference …, 2017
Cited by 30 Related articles All 2 versions",2017/12/18,,,,,,,"Heterogeneous Wireless Networks, Mobility Management, Security, IoT",Cited by 30,Abed Ellatif Samhat,,,On DGHV and BGV fully homomorphic encryption schemes,,,,https://scholar.google.com/citations?view_op=view_citation&hl=en&user=IW38SxMAAAAJ&citation_for_view=IW38SxMAAAAJ:BqipwSGYUEgC,,,"Khalil Hariss, Maroun Chamoun, Abed Ellatif Samhat","Homomorphic Encryption (HE) is a new cryptographic topic that allows untrusted parties to compute over encrypted data. This new encryption scheme is very famous in a cloud scenario, because it leverages cryptographic techniques in the cloud by allowing it to store encrypted data, and to process encrypted query over it. In this paper, we consider two important HE schemes: Dijk-Gentry-Halevi-Vaikutanathan (DGHV) and, Brakerski-Gentry-Vaikunathan (BV-BGV). The first one is based on computing over real integers while the other one is based on LWE (Lattice based Encryption). We present a detailed explanation of both schemes showing their efficient techniques including Bootstrapping and Modulus switching and we finally draw several conclusions.",Unclassified,0.0
,"2007 IEEE International Symposium on a World of Wireless, Mobile and Multimedia Networks","A new approach of UMTS-WLAN load balancing; algorithm and its dynamic optimization
R Nasri, A Samhat, Z Altman - 2007 IEEE International Symposium on a World of …, 2007
Cited by 26 Related articles All 3 versions",2007/6/18,,https://www.researchgate.net/profile/Abed-Ellatif-Samhat/publication/4282455_A_new_approach_of_UMTS-WLAN_load_balancing_algorithm_and_its_dynamic_optimization/links/09e4150ffea652fde3000000/A-new-approach-of-UMTS-WLAN-load-balancing-algorithm-and-its-dynamic-optimization.pdf,,,,1-6,"Heterogeneous Wireless Networks, Mobility Management, Security, IoT",Cited by 26,Abed Ellatif Samhat,,,A new approach of UMTS-WLAN load balancing; algorithm and its dynamic optimization,,,,https://scholar.google.com/citations?view_op=view_citation&hl=en&user=IW38SxMAAAAJ&citation_for_view=IW38SxMAAAAJ:Tyk-4Ss8FVUC,,IEEE,"Ridha Nasri, Abed Samhat, Zwi Altman","The problem of dynamic load balancing in heterogeneous networks is investigated. The sub-systems considered are a UMTS network with WLAN hotspots. A load balancing algorithm is first proposed that can push traffic between the two sub-systems according to load conditions and predetermined load thresholds. To adapt the algorithm to traffic condition, the load threshold for the UMTS to WLAN vertical handover is auto-tuned. The auto-tuning process is orchestrated by a fuzzy logic controller that is optimized using the fuzzy Q-learning algorithm. Numerical simulations using a semi-dynamic network simulator illustrate the effectiveness of the proposed approach.",heterogeneous wireless networks,0.279
,,"An efficient fully homomorphic symmetric encryption algorithm
K Hariss, H Noura, AE Samhat - Multimedia Tools and Applications, 2020
Cited by 25 Related articles All 7 versions",2020,,https://scholarworks.aub.edu.lb/bitstream/handle/10938/27375/2020-6827.pdf?sequence=1,,,,1-26,"Heterogeneous Wireless Networks, Mobility Management, Security, IoT",Cited by 25,Abed Ellatif Samhat,,,An efficient fully homomorphic symmetric encryption algorithm,,Multimedia Tools and Applications,,https://scholar.google.com/citations?view_op=view_citation&hl=en&user=IW38SxMAAAAJ&citation_for_view=IW38SxMAAAAJ:EUQCXRtRnyEC,,Springer US,"Khalil Hariss, Hassan Noura, Abed Ellatif Samhat","In this paper, we consider Homomorphic Encryption (HE) to process over encrypted data to achieve users privacy. We present a framework solution that provides a high level of security for the symmetric HE algorithms. The proposed solution introduces a dynamic structure and a dynamic diffusion primitives that enhance existing symmetric HE algorithms and overcome their weaknesses. Domingo Ferrer is a well known symmetric HE scheme that relies on polynomial computations but at the same time suffers from some vulnerabilities and especially sensitivity to known plain-text attack. We apply the concerned dynamic framework over the Domingo Ferrer encryption scheme to overcome its main weaknesses. Security analysis of the new encryption scheme that we called Enhanced Domingo Ferrer has shown that the latter became immune to several types of attack especially known plain-text attack. Crypt-analysis …",security,0.605
,,"Lebanon solar rooftop potential assessment using buildings segmentation from aerial images
H Nasrallah, AE Samhat, Y Shi, XX Zhu, G Faour… - IEEE Journal of Selected Topics in Applied Earth …, 2022
Cited by 24 Related articles All 6 versions",2022/6/10,15.0,https://ieeexplore.ieee.org/iel7/4609443/9656571/09793655.pdf,,,,4909-4918,"Heterogeneous Wireless Networks, Mobility Management, Security, IoT",Cited by 24,Abed Ellatif Samhat,,,Lebanon Solar Rooftop Potential Assessment Using Buildings Segmentation From Aerial Images,,IEEE Journal of Selected Topics in Applied Earth Observations and Remote Sensing,,https://scholar.google.com/citations?view_op=view_citation&hl=en&user=IW38SxMAAAAJ&citation_for_view=IW38SxMAAAAJ:l7t_Zn2s7bgC,,IEEE,"Hasan Nasrallah, Abed Ellatif Samhat, Yilei Shi, Xiao Xiang Zhu, Ghaleb Faour, Ali J Ghandour","Estimating solar rooftop potential at a national level is a fundamental building block for every country to utilize solar power efficiently. Solar rooftop potential assessment relies on several features such as building geometry, location, and surrounding facilities. Hence, national-level approximations that do not take these factors into deep consideration are often inaccurate. This article introduces Lebanon’s first comprehensive footprint and solar rooftop potential maps using deep learning-based instance segmentation to extract buildings’ footprints from satellite images. A photovoltaic panels placement algorithm that considers the morphology of each roof is proposed. We show that the average rooftop’s solar potential can fulfill the yearly electric needs of a single-family residence while using only 5% of the roof surface. The usage of 50% of a residential apartment rooftop area would achieve energy security for up to 8 …",security,0.604
,"2008 IEEE 19th International Symposium on Personal, Indoor and Mobile Radio Communications","A layer 2 scheme for Inter-RAT handover between UMTS and WiMAX in tight coupling architecture
B Liu, P Martins, AE Samhat, P Bertin - 2008 IEEE 19th International Symposium on Personal …, 2008
Cited by 24 Related articles All 6 versions",2008/9/15,,https://www.researchgate.net/profile/Abed-Ellatif-Samhat/publication/221575149_A_layer_2_scheme_for_inter-RAT_handover_between_UMTS_and_WiMAX_in_tight_coupling_architecture/links/00b4951e66db3dc264000000/A-layer-2-scheme-for-inter-RAT-handover-between-UMTS-and-WiMAX-in-tight-coupling-architecture.pdf,,,,1-5,"Heterogeneous Wireless Networks, Mobility Management, Security, IoT",Cited by 24,Abed Ellatif Samhat,,,A layer 2 scheme for Inter-RAT handover between UMTS and WiMAX in tight coupling architecture,,,,https://scholar.google.com/citations?view_op=view_citation&hl=en&user=IW38SxMAAAAJ&citation_for_view=IW38SxMAAAAJ:qjMakFHDy7sC,,IEEE,"Bin Liu, Philippe Martins, Abed Ellatif Samhat, Philippe Bertin","The future B3G or 4G mobile networks will consist of heterogeneous networks, including GSM, UMTS, and WiMAX. In order to realize a seamless vertical handover (inter-RAT handover), a variety of interworking architectures and inter-RAT handover mobility managements have been proposed. In this paper we consider the tight coupling architecture to achieve the interconnection between UMTS and WiMAX systems. A novel common interworking sublayer (IW sublayer) is proposed at layer 2 on RNC, W-RNC and UE to provide a seamless PS inter-RAT handover between UMTS and WiMAX. This IW sublayer scheme, which features SR ARQ mechanism, focuses on eliminating packet loss and reducing handover latency that are common problems for most inter-RAT handover scenarios. The simulation results of the tight coupling architecture show that, compared with other context transfer schemes like buffering-and …",mobility management,0.404
,2019 26th International Conference on Telecommunications (ICT),"Implementation of SCHC in NS-3 and Comparison with 6LoWPAN
W Ayoub, F Nouvel, S Hmede, AE Samhat, M Mroue… - 2019 26th International Conference on …, 2019
Cited by 23 Related articles All 6 versions",2019/4/8,,https://hal.science/hal-02051757v1/file/SCHC_implementation_on_NS3_and_compare_with_6LoWPAN.pdf,,,,432-436,"Heterogeneous Wireless Networks, Mobility Management, Security, IoT",Cited by 23,Abed Ellatif Samhat,,,Implementation of SCHC in NS-3 and Comparison with 6LoWPAN,,,,https://scholar.google.com/citations?view_op=view_citation&hl=en&user=IW38SxMAAAAJ&citation_for_view=IW38SxMAAAAJ:dfsIfKJdRG4C,,IEEE,"Wael Ayoub, Fabienne Nouvel, Sarah Hmede, Abed Ellatif Samhat, Mohamad Mroue, Jean-Christophe Prévotet","The rapid growth of IoT applications usage enables the Internet connectivity of a massive number of devices using different technologies. Most of these technologies, such as Low Power Wide Area Networks (LPWANs), are non-IP due to the difficulties of using IP on constrained devices. These nodes are characterized by more constraints with respect to other IoT technologies. According to [1], IPv6 offers many benefits for IoT, which motivated the IETF to form a Working Group (WG) to study and propose new solutions to run IPv6 on the new technologies of IoT [2], [3]. The key to solving this issue is the header compression mechanisms. In this paper, we analyze the two IETF standardized solutions, SCHC and 6LoWPAN, to compress IPv6 over constrained nodes within LPWAN. Based on [3], we implement the SCHC mechanism [4] in the network simulator NS3 [5]. We also show that SCHC protocol solution as an …",iot,0.204
,2018 25th International Conference on Telecommunications (ICT),"Overview and measurement of mobility in DASH7
W Ayoub, F Nouvel, AE Samhat, JC Prevotet, M Mroue - 2018 25th International Conference on …, 2018
Cited by 22 Related articles All 4 versions",2018/6/26,,https://hal.science/hal-01991725v1/file/LARGE_bf_Overview_and_Measurement_of_Mobility_in_DASH7.pdf,,,,532-536,"Heterogeneous Wireless Networks, Mobility Management, Security, IoT",Cited by 22,Abed Ellatif Samhat,,,Overview and Measurement of Mobility in DASH7,,,,https://scholar.google.com/citations?view_op=view_citation&hl=en&user=IW38SxMAAAAJ&cstart=20&pagesize=80&citation_for_view=IW38SxMAAAAJ:35N4QoGY0k4C,,IEEE,"Wael Ayoub, Fabienne Nouvel, Abed Ellatif Samhat, Jean-Christophe Prevotet, Mohamad Mroue","Recently, the evolution of low-power wide area networks (LPWANs) provides Internet of Things (loT) with an approach between the short range multi-hop technology and the long-range single-hop cellular network technology. LPWANs provide connectivity by using long-range communication with low data rate in unlicensed bands. They are developed to satisfy the requirements of IoT communication needs, but less attention is given to the mobility of the End-Devices (EDs). In this paper, we consider DASH7 which is a well-defined LPWAN standard provided by DASH7 Alliance. After a brief overview of this technology, we focus on EDs mobility to show how the mobility can be achieved while transmitting data. An appropriate testbed is setup for testing. Experimental results show the mobility delay time for an ED to switch between two zatcwavs (GWs).",heterogeneous wireless networks,0.271
,2007 4th International Symposium on Wireless Communication Systems,"Security and AAA architecture for WiFi-WiMAX mesh network
AE Samhat, M Abdi - 2007 4th International Symposium on Wireless …, 2007
Cited by 21 Related articles All 2 versions",2007/10/17,,https://www.researchgate.net/profile/Abed-Ellatif-Samhat/publication/318066464_Security_and_AAA_Architecture_for_WiFi-WiMAX_Mesh_Network/links/00b7d52958f3615ccb000000/Security-and-AAA-Architecture-for-WiFi-WiMAX-Mesh-Network.pdf,,,,587-591,"Heterogeneous Wireless Networks, Mobility Management, Security, IoT",Cited by 21,Abed Ellatif Samhat,,,Security and AAA architecture for WiFi-WiMAX mesh network,,,,https://scholar.google.com/citations?view_op=view_citation&hl=en&user=IW38SxMAAAAJ&cstart=20&pagesize=80&citation_for_view=IW38SxMAAAAJ:2osOgNQ5qMEC,,IEEE,"Abed Ellatif Samhat, Miloud Abdi","This paper presents a flexible architecture for hybrid wireless network where WiFi and WiMAX in mesh mode are deployed in a complementary way. The end user can access to high bit rate Internet services directly by WiMAX technology through the 802.16 base stations or by WiFi technology through a CPE/AP connected to the 802.16 base station. We provide a brief description of the different functional entities and we investigate several technical issues including infrastructure and aspects related to the AAA (authentication, authorization, accounting) procedures for users as well as the system security.",security,0.606
,,"Mobility management with session continuity during handover in lpwan
W Ayoub, F Nouvel, AE Samhat, M Mroue, JC Prévotet - IEEE Internet of Things Journal, 2020
Cited by 20 Related articles All 2 versions",2020/4/6,7.0,,,,,6686-6703,"Heterogeneous Wireless Networks, Mobility Management, Security, IoT",Cited by 20,Abed Ellatif Samhat,,,Mobility Management With Session Continuity During Handover in LPWAN,,IEEE internet of things journal,,https://scholar.google.com/citations?view_op=view_citation&hl=en&user=IW38SxMAAAAJ&cstart=20&pagesize=80&citation_for_view=IW38SxMAAAAJ:abG-DnoFyZgC,8,IEEE,"Wael Ayoub, Fabienne Nouvel, Abed Ellatif Samhat, Mohamad Mroue, Jean-Christophe Prevotet","In this article, we consider the mobility of an end device (ED) in low-power wide-area networks (LPWANs) and we focus on the continuity of the ED session with the application server when this ED is moving from the coverage of one operator to that of another one. One of the methods to achieve the continuity of the session after roaming is the use of an IPv6-based scheme. As LPWAN is characterized by a fixed message rate and very small bandwidth as well as asymmetric communication, an efficient header compression scheme is required. Recently, the Internet Engineering Task Force LPWAN working group has proposed a static context header compression (SCHC) to compress IPv6 into LPWAN through a rule-based mechanism. In this article, we first extend the SCHC scheme to support session continuity and the new scheme is called mobile SCHC (MSCHC). MSCHC consists of several contexts, instead of the …",mobility management,0.609
,"Wireless Days (WD), 2018","A security solution for V2V communication within VANETs
H Hasrouny, AE Samhat, C Bassil, A Laouiti - 2018 Wireless Days (WD), 2018
Cited by 20 Related articles All 2 versions",2018/4,,,,,,10.1109/WD.2018.8361716,"Heterogeneous Wireless Networks, Mobility Management, Security, IoT",Cited by 20,Abed Ellatif Samhat,,,A security solution for V2V communication within VANETs,,,,https://scholar.google.com/citations?view_op=view_citation&hl=en&user=IW38SxMAAAAJ&cstart=20&pagesize=80&citation_for_view=IW38SxMAAAAJ:RYcK_YlVTxYC,,,"Hamssa Hasrouny, Abed Ellatif Samhat, Carole Bassil, Anis Laouiti","VANETs were identified as a key technology to increase safety for road users. In this paper, we design a security solution that ensures a secure and confident V2V communication between participating vehicles. We present a new group-based trust management and revocation system that evaluates the trustworthiness of participating vehicles based on their behaviors within their groups. Based on trust evaluation, misbehavior detection algorithms within vehicles, group leaders and infrastructure incidentally trigger a hierarchical revocation for excluding malicious entities within a specific area. This results in a lightweight solution for trust evaluation and certificate revocation within a modular, clustered and secure infrastructure based on Public Key Infrastructure (PKI).",security,0.606
,"Hybrid Intelligent Systems: 19th International Conference on Hybrid Intelligent Systems (HIS 2019) held in Bhopal, India, December 10-12, 2019 19","Tangle the blockchain: Toward iota and blockchain integration for iot environment
H Hellani, L Sliman, MB Hassine, AE Samhat… - … Intelligent Systems: 19th International Conference on …, 2021
Cited by 19 Related articles All 9 versions",2021,,https://univ-pau.hal.science/hal-02957070/document,,,,429-440,"Heterogeneous Wireless Networks, Mobility Management, Security, IoT",Cited by 19,Abed Ellatif Samhat,,,Tangle the blockchain: Toward iota and blockchain integration for iot environment,,,,https://scholar.google.com/citations?view_op=view_citation&hl=en&user=IW38SxMAAAAJ&cstart=20&pagesize=80&citation_for_view=IW38SxMAAAAJ:CHSYGLWDkRkC,,Springer International Publishing,"Hussein Hellani, Layth Sliman, Motaz Ben Hassine, Abed Ellatif Samhat, Ernesto Exposito, Mourad Kmimech","The use of blockchain (BC) technology for IoT-based collaboration platforms is still hindered by its inherent properties, namely, the need for ever-increasing storage and the low scalability. In this paper, we investigate the interoperability requirements between BC and tangle distributed technologies. We propose a new decentralization architecture in which BC and tangle are combined in such a way that the IoT functionality is increased, and storage is enhanced while keeping a high level of reliability, data accessibility, integrity, and security. In our architecture, a BC-based platform installed in the backend, used primarily for data storage and smart contract. In the frontend, the applications are running on a Tangle-based platform so that it fits IoT devices. The architecture, when implemented, will reap the advantages of both technologies while limiting the drawbacks of them. The main part of the proposed approach has …",security,0.604
,,"Semi-dynamic simulator for large-scale heterogeneous wireless networks
AE Samhat, Z Altman, M Francisco, B Fourestie - International Journal of Mobile Network Design and …, 2006
Cited by 19 Related articles All 4 versions",2006/1/1,1.0,,,,,269-278,"Heterogeneous Wireless Networks, Mobility Management, Security, IoT",Cited by 19,Abed Ellatif Samhat,,,Semi-dynamic simulator for large-scale heterogeneous wireless networks,,International Journal of Mobile Network Design and Innovation,,https://scholar.google.com/citations?view_op=view_citation&hl=en&user=IW38SxMAAAAJ&cstart=20&pagesize=80&citation_for_view=IW38SxMAAAAJ:u5HHmVD_uO8C,3-4,Inderscience Publishers,"Abed Ellatif Samhat, Zwi Altman, Max Francisco, Benoit Fourestie","In this paper, we present a multisystem wireless simulator based on a semi-dynamic principle with sequential executions to assess the performance of a large-scale network with tens to hundreds of base stations and WLAN hot spots. The semi-dynamic simulator achieves a fast computation time by exploiting the advantages of both analytical modelling and event driven simulation. The simulator architecture is briefly illustrated and the theoretical background is highlighted as well as the implemented Radio Resource Management (RRM) and Joint-RRM (JRRM) algorithms. The simulator is well suited to guide heterogeneous radio network deployment and design. Simulation results are provided to illustrate the practical use of the simulator as well as its efficiency.",heterogeneous wireless networks,0.615
,,"Improving energy efficiency in LoRaWAN networks with multiple gateways
A Loubany, S Lahoud, AE Samhat, M El Helou - Sensors, 2023
Cited by 18 Related articles All 10 versions",2023/6/3,23.0,https://www.mdpi.com/1424-8220/23/11/5315,,,,5315,"Heterogeneous Wireless Networks, Mobility Management, Security, IoT",Cited by 18,Abed Ellatif Samhat,,,Improving Energy Efficiency in LoRaWAN Networks with Multiple Gateways,,Sensors,,https://scholar.google.com/citations?view_op=view_citation&hl=en&user=IW38SxMAAAAJ&cstart=20&pagesize=80&citation_for_view=IW38SxMAAAAJ:eflP2zaiRacC,11,MDPI,"Ali Loubany, Samer Lahoud, Abed Ellatif Samhat, Melhem El Helou","LoRaWAN has imposed itself as a promising and suitable technology for massive machine-type communications. With the acceleration of deployment, improving the energy efficiency of LoRaWAN networks has become paramount, especially with the limitations of throughput and battery resources. However, LoRaWAN suffers from the Aloha access scheme, which leads to a high probability of collision at large scales, especially in dense environments such as cities. In this paper, we propose EE-LoRa, an algorithm to improve the energy efficiency of LoRaWAN networks with multiple gateways via spreading factor selection and power control. We proceed in two steps, where we first optimize the energy efficiency of the network, defined as the ratio between the throughput and consumed energy. Solving this problem involves determining the optimal node distribution among different spreading factors. Then, in the second step, power control is applied to minimize the transmission power at nodes without jeopardizing the reliability of communications. The simulation results show that our proposed algorithm greatly improves the energy efficiency of LoRaWAN networks compared to legacy LoRaWAN and relevant state-of-the-art algorithms.",heterogeneous wireless networks,0.137
,"The 14-th International Conference on Broadband and Wireless Computing, Communication and Applications (BWCCA-2019)","Schc-based solution for roaming in lorawan
W Ayoub, M Mroue, AE Samhat, F Nouvel, JC Prévotet - Advances on Broad-Band Wireless Computing …, 2020
Cited by 18 Related articles All 4 versions",2019,,https://hal.science/hal-02266618/document,,,,,"Heterogeneous Wireless Networks, Mobility Management, Security, IoT",Cited by 18,Abed Ellatif Samhat,,,SCHC-Based Solution for Roaming in LoRaWAN,,,,https://scholar.google.com/citations?view_op=view_citation&hl=en&user=IW38SxMAAAAJ&cstart=20&pagesize=80&citation_for_view=IW38SxMAAAAJ:yD5IFk8b50cC,,,"Wael Ayoub, Mohamad Mroue, Abed Ellatif Samhat, Fabienne Nouvel, Jean-Christophe Prévotet","To take advantage of IPv6 stack in IoT technologies, an efficient header compression scheme is required. Since 2004, many IPv6 header compression schemes have been proposed and some of them have been standardized by the IETF. In [9], Static Context Header Compression (SCHC) mechanism has been designed for Low Power Wide Area Networks (LPWAN). SCHC compression is based on a common static context stored in both the IoT device and the network side. This static context defines the compression and decompression rules of the headers. The SCHC framework is compatible with LoRaWAN v1.0 [2] but not with LoRaWAN v1.1 that supports roaming of devices during mobility between different LoRaWAN operators. During roaming, the header values of the protocol stack change and are no longer static. In this paper, we propose a solution based on SCHC to support roaming of devices …",iot,0.205
,,"Overview on the blockchain-based supply chain systematics and their scalability tools
H Hellani, L Sliman, AE Samhat, E Exposito - Emerging Science Journal, 2021
Cited by 17 Related articles All 10 versions",2021/8/23,4.0,https://ijournalse.org/index.php/ESJ/article/view/554,,,,45-69,"Heterogeneous Wireless Networks, Mobility Management, Security, IoT",Cited by 17,Abed Ellatif Samhat,,,Overview on the Blockchain-Based Supply Chain Systematics and Their Scalability Tools,,Emerging Science Journal,,https://scholar.google.com/citations?view_op=view_citation&hl=en&user=IW38SxMAAAAJ&cstart=20&pagesize=80&citation_for_view=IW38SxMAAAAJ:u9iWguZQMMsC,,,"Houssein Hellani, Layth Sliman, Abed Ellatif Samhat, Ernesto Exposito","Modern IT technologies shaped the shift in economic models with many advantages on cost, optimization, and time to market. This economic shift has increased the need for transparency and traceability in supply chain platforms to achieve trust among partners. Distributed ledger technology (DLT) is proposed to enable supply chains systems with trust requirements. In this paper, we investigate the existing DLT-based supply chain projects to show their technical part and limitations and extract the tools and techniques used to avoid the DLT scalability issue. We then set the requirements for a typical DLT-based supply chain in this context. The analyses are based on the scalability metrics such as computing, data storage, and transaction fees that fit the typical supply chain system. This paper highlights the effects of Blockchain techniques on scalability and their incorporation in supply chains systems. It also presents other existing solutions that can be applied to the supply chain. The investigation shows the necessity of having such tools in supply chains and developing them to achieve an efficient and scalable system. The paper calls for further scalability enhancements throughout introducing new tools and/or reutilize the current ones.",Unclassified,0.0
,,"Media independent solution for mobility management in heterogeneous LPWAN technologies
W Ayoub, AE Samhat, F Nouvel, M Mroue, H Jradi… - Computer Networks, 2020
Cited by 17 Related articles All 7 versions",2020/12/9,182.0,https://www.sciencedirect.com/science/article/am/pii/S1389128620311129,,,,107423,"Heterogeneous Wireless Networks, Mobility Management, Security, IoT",Cited by 17,Abed Ellatif Samhat,,,Media independent solution for mobility management in heterogeneous LPWAN technologies,,Computer Networks,,https://scholar.google.com/citations?view_op=view_citation&hl=en&user=IW38SxMAAAAJ&cstart=20&pagesize=80&citation_for_view=IW38SxMAAAAJ:NhqRSupF_l8C,,Elsevier,"Wael Ayoub, Abed Ellatif Samhat, Fabienne Nouvel, Mohamad Mroue, Hassan Jradi, Jean-Christophe Prévotet","The integration of IoT communication technologies such as Low Power Wide Area Networks (LPWAN) is essential in today systems including supply chain, healthcare, autonomous vehicle, etc. In such environments there is an increase in IoT applications that require End Devices (EDs) mobility within similar or heterogeneous LPWAN technologies. Supporting mobility refers to ensure the delivery of data on demand and during movement. In this paper, we investigate the mobility of ED between different LPWAN technologies. We propose a new mobility management solution in LPWAN to achieve continuity of the communication after the link layer technology changes between the ED and the Application Server (AS). This solution is IPv6-based and supports switching between heterogeneous LPWAN networks and technologies. It results in reducing the time required to deliver the data by optimizing the communication …",mobility management,0.609
,,"Technology selection for IoT-based smart transportation systems
W Ayoub, A Ellatif Samhat, M Mroue, H Joumaa… - Vehicular Ad-hoc Networks for Smart Cities: Third …, 2020
Cited by 17 Related articles All 4 versions",2020/4/7,,,,,,19-29,"Heterogeneous Wireless Networks, Mobility Management, Security, IoT",Cited by 17,Abed Ellatif Samhat,,,Technology selection for iot-based smart transportation systems,,Vehicular Ad-Hoc Networks for Smart Cities; Springer: Singapore,,https://scholar.google.com/citations?view_op=view_citation&hl=en&user=IW38SxMAAAAJ&cstart=20&pagesize=80&citation_for_view=IW38SxMAAAAJ:pyW8ca7W8N0C,,,"Wael Ayoub, Abed Ellatif Samhat, Mohamad Mroue, Hussein Joumaa, Fabienne Nouvel, Jean-Christophe Prévotet","In this paper, we consider the selection of the appropriate technology in IoT environments. Specific IoT-based applications, including innovative tracking solutions in automotive or transportation systems, require the mobility of the IoT device under different IoT technologies. Selecting the best technology for connectivity based on several criteria is essential in this context. We investigate four LPWAN technologies and we study two well-known multi-attribute decision-making algorithms, TOPSIS and SAW, to select the appropriate IoT technology based on criteria such as bit rate, coverage, power consumption, etc. These two algorithms were implemented to select the best technology depending on the requirements of the application. The obtained results showed that the TOPSIS method gives better results than SAW in the selection and the sorting of the technologies. However, the running time of SAW is smaller.",iot,0.205
,,"Analytical framework for dimensioning hierarchical WiMax–WiFi networks
M Ibrahim, K Khawam, AE Samhat, S Tohme - Computer Networks, 2009
Cited by 17 Related articles All 6 versions",2009/2/27,53.0,https://www.researchgate.net/profile/Kinda-Khawam/publication/220447175_Analytical_framework_for_dimensioning_hierarchical_WiMAX-WiFi_networks/links/5c862d5292851c69506ba653/Analytical-framework-for-dimensioning-hierarchical-WiMAX-WiFi-networks.pdf,,,,299-309,"Heterogeneous Wireless Networks, Mobility Management, Security, IoT",Cited by 17,Abed Ellatif Samhat,,,Analytical framework for dimensioning hierarchical WiMAX-WiFi networks,,Computer Networks,,https://scholar.google.com/citations?view_op=view_citation&hl=en&user=IW38SxMAAAAJ&cstart=20&pagesize=80&citation_for_view=IW38SxMAAAAJ:zYLM7Y9cAGgC,3,Elsevier,"Marc Ibrahim, Kinda Khawam, Abed Ellatif Samhat, Samir Tohme","Providing diverse, ubiquitous and cost-effective broadband services is a foremost challenge for the telecommunication community. Fixed WiMAX or IEEE 802.16d is one of the most promising radio access technologies, providing high performance similar to wired xDSL systems, yet superior to that of current 3G mobile technologies. Numerous deployment concepts are foreseen for WiMAX networks. They are designed to cover isolated areas, thus embodying an appealing solution for cellular networks or wireless backhaul for WiFi access. The latter concept is of interest in this paper that puts forward an analytical model based on the economical aspects to dimension hierarchical WiMax–WiFi networks. The proposed model consists in replacing a finite number of nodes by an equivalent continuum. Its key feature lies in accounting for the effect of interference as well as for the physical layer and channel characteristics …",heterogeneous wireless networks,0.274
,,"Overview of the mobility related security challenges in LPWANs
H Jradi, AE Samhat, F Nouvel, M Mroue, JC Prévotet - Computer Networks, 2021
Cited by 16 Related articles All 4 versions",2021/2/26,,https://www.sciencedirect.com/science/article/am/pii/S1389128620313384,,,Computer Networks,107761,"Heterogeneous Wireless Networks, Mobility Management, Security, IoT",Cited by 16,Abed Ellatif Samhat,,,Overview of the mobility related security challenges in LPWANs,,,,https://scholar.google.com/citations?view_op=view_citation&hl=en&user=IW38SxMAAAAJ&cstart=20&pagesize=80&citation_for_view=IW38SxMAAAAJ:nb7KW1ujOQ8C,doi.org/10.1016/j.comnet.2020.107761,Elsevier,"Hassan Jradi, Abed Ellatif Samhat, Fabienne Nouvel, Mohamad Mroue, Jean-Christophe Prévotet","The Internet of Things (IoT) is a new emerging system of interconnected devices that experiences significant growth in a wide variety of applications. The rising communication technologies for IoT are the Low Power Wide Area Networks (LPWANs) having long range, low cost and low power characteristics. In this context, an important part of the applications requires the mobility of the end devices with secure communications. In this paper, we consider the mobility management solutions in LPWAN networks and we investigate how they ensure security. We first review the basic IoT security requirements and the typical IoT protocol stack. We then focus on the existing mobility management solutions in LPWAN and we highlight the mobility related security issues by checking the attacks that can be performed in case of mobility. Furthermore, we evaluate the security in each mobility solution by checking the …",mobility management,0.609
,2021 IEEE 30th International Conference on Enabling Technologies: Infrastructure for Collaborative Enterprises (WETICE),"Tangle the blockchain: towards connecting blockchain and DAG
H Hellani, L Sliman, AE Samhat, E Exposito - 2021 IEEE 30th International Conference on Enabling …, 2021
Cited by 15 Related articles All 6 versions",2021/10/27,,https://univ-pau.hal.science/hal-03659390/file/Tangle_the_Blockchain__IEEE_conference__accepted_.pdf,,,,63-68,"Heterogeneous Wireless Networks, Mobility Management, Security, IoT",Cited by 15,Abed Ellatif Samhat,,,Tangle the Blockchain: Towards Connecting Blockchain and DAG,,,,https://scholar.google.com/citations?view_op=view_citation&hl=en&user=IW38SxMAAAAJ&cstart=20&pagesize=80&citation_for_view=IW38SxMAAAAJ:WbkHhVStYXYC,,IEEE,"Houssein Hellani, Layth Sliman, Abed Ellatif Samhat, Ernesto Exposito","Blockchain brings many added values to modern business systems. However, Blockchain-based applications with massive IoT devices experience some limitations. The limitations are due to the linear structure and the consensus algorithms used in Blockchain that consume the participating nodes' considerable resources. In addition, IoT devices are generally with limited resources and have limited bandwidth connections. IOTA, based on Directed Acyclic Graph (DAG), is a new distributed ledger technology (DLT) for IoT devices. It proves its high scalability by providing parallel data processing. However, DAG is still not mature enough to fully replace Blockchain. In previous work, we proposed combining Blockchain and IOTA technologies to allow scalable transactions where Blockchain is employed in the backend, and Tangle is used in the frontend. This paper considers the proposed solution, focusing mainly on …",iot,0.204
,,"Computing resource allocation scheme for DAG-based IOTA nodes
H Hellani, L Sliman, AE Samhat, E Exposito - Sensors, 2021
Cited by 15 Related articles All 11 versions",2021/1,21.0,https://www.mdpi.com/1424-8220/21/14/4703,,,,4703,"Heterogeneous Wireless Networks, Mobility Management, Security, IoT",Cited by 15,Abed Ellatif Samhat,,,Computing Resource Allocation Scheme for DAG-Based IOTA Nodes,,Sensors,,https://scholar.google.com/citations?view_op=view_citation&hl=en&user=IW38SxMAAAAJ&cstart=20&pagesize=80&citation_for_view=IW38SxMAAAAJ:p2g8aNsByqUC,14,Multidisciplinary Digital Publishing Institute,"Houssein Hellani, Layth Sliman, Abed Ellatif Samhat, Ernesto Exposito","IOTA is a distributed ledger technology (DLT) platform proposed for the internet of things (IoT) systems in order to tackle the limitations of Blockchain in terms of latency, scalability, and transaction cost. The main concepts used in IOTA to reach this objective are a directed acyclic graph (DAG) based ledger, called Tangle, used instead of the chain of blocks, and a new validation mechanism that, instead of relying on the miners as it is the case in Blockchain, relies on participating nodes that cooperate to validate the new transactions. Due to the different IoT capabilities, IOTA classifies these devices into full and light nodes. The light nodes are nodes with low computing resources which seek full nodes’ help to validate and attach its transaction to the Tangle. The light nodes are manually connected to the full nodes by using the full node IP address or the IOTA client load balancer. This task distribution method overcharges the active full nodes and, thus, reduces the platform’s performance. In this paper, we introduce an efficient mechanism to distribute the tasks fairly among full nodes and hence achieve load balancing. To do so, we consider the task allocation between the nodes by introducing an enhanced resource allocation scheme based on the weight least connection algorithm (WLC). To assess its performance, we investigate and test different implementation scenarios. The results show an improved balancing of data traffic among full nodes based on their weights and number of active connections.",iot,0.203
,2015 International Conference on Applied Research in Computer Science and Engineering (ICAR),"Design and realization of a new neural block cipher
H Noura, AE Samhat, Y Harkouss, TA Yahiya - 2015 International Conference on Applied Research in …, 2015
Cited by 15 Related articles",2015/10/8,,,,,,1-6,"Heterogeneous Wireless Networks, Mobility Management, Security, IoT",Cited by 15,Abed Ellatif Samhat,,,Design and realization of a new neural block cipher,,,,https://scholar.google.com/citations?view_op=view_citation&hl=en&user=IW38SxMAAAAJ&cstart=20&pagesize=80&citation_for_view=IW38SxMAAAAJ:bEWYMUwI8FkC,,IEEE,"Hassan Noura, Abed Ellatif Samhat, Youssef Harkouss, Tara Ali Yahiya","In this paper, we propose a new neural dynamic block cipher based on a combination between Artificial Neural Network (ANN) and an efficient nonlinear function. A dynamic construction method of synaptic weight matrices is achieved by updating the weight matrices after each validate time and the problem of reversibility is resolved. The main advantage of using the proposed structure is that it can inherent the parallel process of neural network and consequently can ensure lower computation complexity and lower energy consumption. Furthermore, theoretical and experimental results showed that the proposed cipher is characterized by a sufficient level of security and a lower latency when compared to the AES algorithm which is suitable for real time applications.",security,0.605
,,"High-level power estimation techniques in embedded systems hardware: an overview
M Richa, JC Prévotet, M Dardaillon, M Mroué… - The Journal of Supercomputing, 2023
Cited by 14 Related articles All 9 versions",2023/3,79.0,https://hal.science/hal-03770344v1/file/Richa%20et%20al%20-%202022-%20High-level%20power%20estimation%20techniques_mricha_springer_supe_pre-editing.pdf,,,The Journal of Supercomputing,3771-3790,"Heterogeneous Wireless Networks, Mobility Management, Security, IoT",Cited by 14,Abed Ellatif Samhat,,,High-level power estimation techniques in embedded systems hardware: an overview,,,,https://scholar.google.com/citations?view_op=view_citation&hl=en&user=IW38SxMAAAAJ&cstart=20&pagesize=80&citation_for_view=IW38SxMAAAAJ:B3FOqHPlNUQC,4,Springer US,"Majdi Richa, Jean-Christophe Prévotet, Mickaël Dardaillon, Mohamad Mroué, Abed Ellatif Samhat","Power optimization has become a major concern for most digital hardware designers, particularly in early design phases and especially in limited power budget systems (battery-operated hand-held devices, electro-optical pluggable modules, IoT and green energy systems, etc.). Subsequently, early power consumption estimation at design time is crucial for power optimization. The aim of this paper is to present an overview of high-level power estimation techniques currently available along with a comprehensive comparison between different methodologies and their applications on estimated models. When high speed and high performance are key features of a specific embedded system, increase in energy consumption becomes the main hurdle to be tackled while keeping speed/performance v/s power consumption trade-off at a minimum. This paper provides designers, interested in power consumption …",iot,0.204
,2006 International Conference on Wireless and Mobile Communications (ICWMC'06),"Performance analysis of the IEEE 802.11 DCF with imperfect radio conditions
A Samhat, Z Altman, B Fourestie - 2006 International Conference on Wireless and Mobile …, 2006
Cited by 14 Related articles All 3 versions",2006/7/29,,,,,,27-27,"Heterogeneous Wireless Networks, Mobility Management, Security, IoT",Cited by 14,Abed Ellatif Samhat,,,Performance analysis of the IEEE 802.11 DCF with imperfect radio conditions,,,,https://scholar.google.com/citations?view_op=view_citation&hl=en&user=IW38SxMAAAAJ&cstart=20&pagesize=80&citation_for_view=IW38SxMAAAAJ:d1gkVwhDpl0C,,IEEE,"A Samhat, Zwi Altman, Benoît Fourestie","IEEE 802.11 Wireless Local Area Networks (WLAN) are widely used in recent years. The basic 802.11 Medium Access Control (MAC) method for controlling the medium access is the Distributed Coordination Function (DCF) which is an access scheme based on the contention principle using Carrier Sense Multiple Access/Collision Avoidance (CSMA/CA). Most of the analytical studies investigating the performance of DCF and the saturation throughput at MAC layer assume ideal channel conditions where the retransmission of a packet only results from a collision. In this paper, we present an analytical model to estimate the saturation throughput at the MAC layer for a fixed number of stations taking into account the imperfections of the radio channels. The latter is investigated for different modulation techniques.",heterogeneous wireless networks,0.276
,,"On the verification of smart contracts: A systematic review
M Almakhour, L Sliman, AE Samhat, A Mellouk - International Conference on Blockchain, 2020
Cited by 13 Related articles All 6 versions",2020/9/15,,,,,International Conference on Blockchain,94-107,"Heterogeneous Wireless Networks, Mobility Management, Security, IoT",Cited by 13,Abed Ellatif Samhat,,,On the verification of smart contracts: A systematic review,,,,https://scholar.google.com/citations?view_op=view_citation&hl=en&user=IW38SxMAAAAJ&cstart=20&pagesize=80&citation_for_view=IW38SxMAAAAJ:1sJd4Hv_s6UC,,Springer International Publishing,"Mouhamad Almakhour, Layth Sliman, Abed Ellatif Samhat, Abdelhamid Mellouk","Ensuring the correctness of smart contracts is of paramount importance to achieve trust and continuity in the Blockchain-based business process execution. Due to the immutable nature of distributed ledger technology on the blockchain, a smart contract should work as intended before using it. Any bugs or errors will become permanent once published and could lead to huge economic losses. To avoid such problems, verification is required to check the correctness and the security of the smart contract. In this paper, we consider the smart contracts and we investigate the verification of the correctness of the Blockchain-based smart contracts using formal verification methods. We provide an overview of the formal verification of smart contracts and we present the used methods, tools and approaches. We show a description of each method as well as its advantages and limitations.",security,0.605
,,"A seamless integration solution for LoRaWAN into 5G system
H Jradi, F Nouvel, AE Samhat, JC Prévotet, M Mroue - IEEE Internet of Things Journal, 2023
Cited by 12 Related articles All 4 versions",2023/4/17,10.0,https://univ-rennes.hal.science/hal-04239515/document,,,,16238-16252,"Heterogeneous Wireless Networks, Mobility Management, Security, IoT",Cited by 12,Abed Ellatif Samhat,,,A seamless integration solution for LoRaWAN into 5G system,,IEEE Internet of Things Journal,,https://scholar.google.com/citations?view_op=view_citation&hl=en&user=IW38SxMAAAAJ&cstart=20&pagesize=80&citation_for_view=IW38SxMAAAAJ:eJXPG6dFmWUC,18,IEEE,"Hassan Jradi, Fabienne Nouvel, Abed Ellatif Samhat, Jean-Christophe Prévotet, Mohamad Mroue","The Internet of Things (IoT) has succeeded to be one of the important future communication technologies. The evolution of IoT has accelerated along with the emergence of 5G considered as a leading IoT service provider. In this context, the low power wide area network (LPWAN) has recently attracted attention as it provides an impeccable infrastructure for massive Machine-Type Communications (mMTCs). Long range wide area network (LoRaWAN) is one of the most adopted LPWAN technologies in the world. However, an efficient integration of LoRaWAN technology into the 5G system (5GS) is required. In this article, we review briefly related work trying to integrate LoRaWAN into the 5GS. Then, we present our solution for the integration and we detail the adopted network architecture. We propose new authentication methods based on the extensible authentication protocol (EAP) providing secure access, and an …",security,0.4
,"The 12th International Conference on Risks and Security of Internet and Systems, Crisis 2017","Design and realization of a fully homomorphic encryption algorithm for cloud applications
K Hariss, H Noura, AE Samhat, M Chamoun - International Conference on Risks and Security of …, 2017
Cited by 12 Related articles All 4 versions",2017/9,,https://www.researchgate.net/profile/Khalil-Hariss/publication/323361676_Design_and_Realization_of_a_Fully_Homomorphic_Encryption_Algorithm_for_Cloud_Applications/links/5c2723d5a6fdccfc706f5782/Design-and-Realization-of-a-Fully-Homomorphic-Encryption-Algorithm-for-Cloud-Applications.pdf,,,,,"Heterogeneous Wireless Networks, Mobility Management, Security, IoT",Cited by 12,Abed Ellatif Samhat,,,Design and Realization of a Fully Homomorphic Encryption Algorithm for Cloud Applications,,,,https://scholar.google.com/citations?view_op=view_citation&hl=en&user=IW38SxMAAAAJ&cstart=20&pagesize=80&citation_for_view=IW38SxMAAAAJ:GnPB-g6toBAC,,,"Khalil Hariss, Hassan Noura, Abed Ellatif Samhat, Maroun Chamoun","Cloud Computing is a kind of internet-based computing that provides shared storage and processing resources. One main drawback of this technique is that users and companies will give the permission to a third party to access their sensitive data. Homomorphic Encryption scheme came as a new cryptographic research topic to resolve the concerned problem by preserving the privacy in the cloud settings. In this paper, we propose a new efficient symmetric lightweight Fully Homomorphic Encryption algorithm, called “NOHE”, which profits from the simplicity of the logic NOT and the homomorphic behavior of Morgan Theorem. The proposed algorithm is explained in detail and evaluated. The security performance results show an acceptable execution time with no storage overhead and high immunity to attack.",security,0.604
,,"Trust model for group leader selection in VANET
H Hasrouny, AE Samhat, C Bassil, A Laouiti - The 4th International Conference on CSCEET, 2017
Cited by 11 Related articles All 3 versions",2018,8.0,https://www.researchgate.net/profile/Abed-Ellatif-Samhat/publication/325531179_Trust_Model_for_Group_Leader_Selection_in_VANET/links/5b327aa44585150d23d57f5c/Trust-Model-for-Group-Leader-Selection-in-VANET.pdf,,,,139-143,"Heterogeneous Wireless Networks, Mobility Management, Security, IoT",Cited by 11,Abed Ellatif Samhat,,,Trust Model for Group Leader Selection in VANET,,International Journal of Digital Information and Wireless Communications,,https://scholar.google.com/citations?view_op=view_citation&hl=en&user=IW38SxMAAAAJ&cstart=20&pagesize=80&citation_for_view=IW38SxMAAAAJ:lSLTfruPkqcC,2,,"Hamssa Hasrouny, Abed Ellatif Samhat, Carole Bassil, Anis Laouiti",VANETs. It is a combination between centralized and distributed cooperation between vehicles and infrastructure to achieve the selection of the trustiest node as a Group Leader. The proposed model is based on different metrics to analyse the behaviour of the vehicles in the group while preserving the privacy of the participants and maintaining low network overhead. The evaluation of the proposed trust model is done by simulations using GrooveNet. Results show the efficiency of the proposed model to select the trusty vehicles.,heterogeneous wireless networks,0.133
,"2021 11th IFIP International Conference on New Technologies, Mobility and Security (NTMS)","Smart contract based solution for secure distributed sdn
M Almakhour, A Wehby, L Sliman, AE Samhat… - 2021 11th ifip international conference on new …, 2021
Cited by 10 Related articles All 3 versions",2021/4/19,,,,,,1-6,"Heterogeneous Wireless Networks, Mobility Management, Security, IoT",Cited by 10,Abed Ellatif Samhat,,,Smart Contract Based Solution for Secure Distributed SDN,,,,https://scholar.google.com/citations?view_op=view_citation&hl=en&user=IW38SxMAAAAJ&cstart=20&pagesize=80&citation_for_view=IW38SxMAAAAJ:dshw04ExmUIC,,IEEE,"Mouhamad ALMAKHOUR, Ayoub WEHBY, Layth SLIMAN, Abed Ellatif SAMHAT, Abdelhamid MELLOUK","Software-Defined Networking (SDN) separates network data plane and control plane, thus facilitates the introduction of control approaches in centralised and distributed modes. In this context, data plane should be remotely accessible for software-based control. In addition, physically-distributed control plane architectures should maintain secure communications between the SDN control plane elements. Securing distributed SDN is one of the applications that can take benefit from the use of Blockchain technology. In this paper, we achieve the security between the SDN controllers using Blockchain based smart contracts. We propose the use of smart contracts that embedded the SDN rules. We show different scenarios invoking smart contracts that are developed to secure the distributed SDN and to avoid unauthorised access and DoS attacks.",security,0.605
,2023 6th Conference on Cloud and Internet of Things (CIoT),"Vulnerability and threat assessment framework for internet of things systems
M Beyrouti, A Lounis, B Lussier, A Bouadallah… - 2023 6th Conference on Cloud and Internet of Things …, 2023
Cited by 9 Related articles All 16 versions",2023/3/20,,https://hal.science/hal-04323209/file/M_beyrouti.pdf,,,,62-69,"Heterogeneous Wireless Networks, Mobility Management, Security, IoT",Cited by 9,Abed Ellatif Samhat,,,Vulnerability and Threat Assessment Framework for Internet of Things Systems,,,,https://scholar.google.com/citations?view_op=view_citation&hl=en&user=IW38SxMAAAAJ&cstart=20&pagesize=80&citation_for_view=IW38SxMAAAAJ:fQNAKQ3IYiAC,,IEEE,"Mohammad Beyrouti, Ahmed Lounis, Benjamin Lussier, Abdelmadjid Bouadallah, Abed Ellatif Samhat","The introduction of Internet of Things (IoT) technology in different domains and systems has led to a spectacular increase in the number of connected objects. However, this increase in resource-constrained devices was accompanied by numerous vulnerabilities, allowing attackers to penetrate deeply into IoT networks. As identifying these vulnerabilities is a difficult task, our work aims to propose a general threat and vulnerability assessment process, taking into consideration the IoT constraints to identify and assess the vulnerabilities and possible attacks on IoT networks. This process uses several existing databases but focuses on entries relevant to IoT components. We validate our approach using an IoT smart healthcare system as a case study. The suggested approach has produced an applicable methodology to provide a tool for users, vendors, and researchers to be aware of vulnerabilities and possible …",iot,0.204
,International Conference on Big Data and Cyber-Security Intelligence,"Trustless blockchain-based access control in dynamic collaboration.
M Almakhour, L Sliman, AE Samhat, W Gaaloul - BDCSIntell, 2018
Cited by 9 Related articles All 3 versions",2018/12,,https://ceur-ws.org/Vol-2343/paper8.pdf,,,,,"Heterogeneous Wireless Networks, Mobility Management, Security, IoT",Cited by 9,Abed Ellatif Samhat,,,Trustless Blockchain-based Access Control in Dynamic Collaboration,,,,https://scholar.google.com/citations?view_op=view_citation&hl=en&user=IW38SxMAAAAJ&cstart=20&pagesize=80&citation_for_view=IW38SxMAAAAJ:3s1wT3WcHBgC,,,"Mouhamad Almakhour, Layth Sliman, Abed Ellatif Samhat, Walid Gaaloul","AC (Access Control) is the process of ensuring that an authenticated user accesses only what he or she is authorized to do with respect to certain models and security policies. In business collaboration systems, services are designed to conduct actions requested by a customer, using service provider’s infrastructure. In such context, the agreement on a conventional access management system is difficult because it will depend on different infrastructures and security policies implemented by each involved party. In this paper, we investigate the authorization process that manages permissions and rights of access to shared services in a federation of enterprises and we propose a solution based on the Ethereum Blockchain platform and the Attribute Based Access Control Model (ABAC) to define this authorization process.",security,0.605
,"In SDIWC ICeND'14, Beirut, Lebanon.","Best operator policy in a heterogeneous wireless network
S Farhat, AE Samhat, S Lahoud, B Cousin - The Third International Conference on e-Technologies …, 2014
Cited by 9 Related articles All 16 versions",2014/4,,https://arxiv.org/pdf/1408.4992,,,,,"Heterogeneous Wireless Networks, Mobility Management, Security, IoT",Cited by 9,Abed Ellatif Samhat,,,Best Operator Policy in a Hetreogeneous Wireless Network,,,,https://scholar.google.com/citations?view_op=view_citation&hl=en&user=IW38SxMAAAAJ&cstart=20&pagesize=80&citation_for_view=IW38SxMAAAAJ:hC7cP41nSMkC,,,"Soha Farhat, Abed Ellatif Samhat, Samer Lahoud, Bernard Cousin","In this paper, we perform a business analysis of our hybrid decision algorithm for the selection of the access in a multi-operator networks environment. We investigate the ability of the operator to express his strategy and influence the access selection for his client. In this purpose, we study two important coefficients of the previously proposed cost function, Wu and Wop, and show that the value of these coefficients is not arbitrary. Simulation results show that the value of the ratio Wu/Wop enables a selection decision respecting operator's strategy and it affects the achieved global profit for all cooperating operators.",heterogeneous wireless networks,0.278
,,"Resource allocation in high data rate mesh WPAN: a survey paper
S Sindian, A Khalil, AE Samhat, M Crussière, JF Hélard - Wireless personal communications, 2014
Cited by 9 Related articles All 7 versions",2014/1/1,74.0,,,,,909-932,"Heterogeneous Wireless Networks, Mobility Management, Security, IoT",Cited by 9,Abed Ellatif Samhat,,,Resource Allocation in High Data Rate Mesh WPAN: A Survey Paper,,Wireless Personal Communications,,https://scholar.google.com/citations?view_op=view_citation&hl=en&user=IW38SxMAAAAJ&cstart=20&pagesize=80&citation_for_view=IW38SxMAAAAJ:Wp0gIr-vW9MC,2,Springer US,"Samar Sindian, Ayman Khalil, Abed Ellatif Samhat, Matthieu Crussière, Jean-François Hélard","IEEE 802.15.3 High data rate wireless personal area networks (HDR WPANs) have been developed to communicate with devices within 10 m at high speed. A mesh network made up of a parent piconet and several child piconets can support multi-hop communications. Wireless mesh networks (WMNs) have been expected to be the ultimate solution for the next decade wireless networking, showing rapid progress and many new inspiring applications. The international standardization organizations formed working groups to address the problem of standardization for WMNs. These groups were the IEEE 802.15.5 (mesh extensions for WPANs),the IEEE 802.11s (mesh extensions for WLANs), and the IEEE 802.16a (mesh extensions for WiMAX). The IEEE 802.15.5 standard is the standard which defines specifications for including multi-hop functionality in the legacy 802.15.3 and 802.15.4 low data rate (LDR …",heterogeneous wireless networks,0.275
,Providing Quality of Service in Heterogeneous Environments,"Performance evaluation of IP in the UMTS terrestrial radio access network
A Samhat, T Chahed - Teletraffic Science and Engineering, 2003
Cited by 9 Related articles",2003,,,,,,111,"Heterogeneous Wireless Networks, Mobility Management, Security, IoT",Cited by 9,Abed Ellatif Samhat,,,Performance Evaluation of IP in the UMTS Terrestrial Radio Access Network,,,,https://scholar.google.com/citations?view_op=view_citation&hl=en&user=IW38SxMAAAAJ&cstart=20&pagesize=80&citation_for_view=IW38SxMAAAAJ:u-x6o8ySG0sC,,Elsevier,"A Samhat, T Chahed","In this work, we investigate the IP protocol as a transport option for the user traffic in the UMTS Terrestrial Radio Access Network (UTRAN). We focus on real-time voice traffic and present an analytical model for the multiplexing and transport of voice channels in the UTRAN using IP. The novelty of our model is that it analytically includes and quantifies the performance of the timer used in multiplexing arriving Frame Protocol (FP) frames into larger IP packets. Our results show the trade-offs between performance, in terms of delay and link utilization, and quantify optimal values for the timer as well as the number of FP frames per IP packet for a given output link capacity.",heterogeneous wireless networks,0.133
,2008 5th IEEE Consumer Communications and Networking Conference,"Dimensioning Hierarchical WiMax-WiFi Networks
M Ibrahim, K Khawam, AE Samhat, S Tohme - 2008 5th IEEE Consumer Communications and …, 2008
Cited by 8 Related articles All 6 versions",2008/1/10,,https://www.academia.edu/download/49883366/Dimensioning_Hierarchical_WiMax-WiFi_Net20161026-6104-1s9t3c5.pdf,,,,48-53,"Heterogeneous Wireless Networks, Mobility Management, Security, IoT",Cited by 8,Abed Ellatif Samhat,,,Dimensioning Hierarchical WiMax-WiFi Networks,,,,https://scholar.google.com/citations?view_op=view_citation&hl=en&user=IW38SxMAAAAJ&cstart=20&pagesize=80&citation_for_view=IW38SxMAAAAJ:UeHWp8X0CEIC,,IEEE,"Marc Ibrahim, Kinda Khawam, Abed Ellatif Samhat, Samir Tohme","In this paper, we propose an analytical model for dimensioning a hierarchical WiMax-WiFi network. Our model consists in replacing a finite number of nodes by an equivalent continuum. The key feature of the proposed model is that it accounts for the effect of interference and for the physical layer and channel characteristics in an easy and straightforward way. On the one hand, our model takes into consideration frequency planning and scheduling aspects; and on the other hand, it provides tractable formulae of the end user mean capacity and coverage probability to dimension properly the network.",heterogeneous wireless networks,0.139
,"2021 28th IEEE International Conference on Electronics, Circuits, and Systems (ICECS)","An automated and centralized data generation and acquisition system
M Richa, JC Prévotet, M Dardaillon, M Mroué… - 2021 28th IEEE International Conference on …, 2021
Cited by 7 Related articles All 2 versions",2021/12,,,,,,,"Heterogeneous Wireless Networks, Mobility Management, Security, IoT",Cited by 7,Abed Ellatif Samhat,,,An Automated and Centralized Data Generation and Acquisition System,,,,https://scholar.google.com/citations?view_op=view_citation&hl=en&user=IW38SxMAAAAJ&cstart=20&pagesize=80&citation_for_view=IW38SxMAAAAJ:08ZZubdj9fEC,,10.1109/ICECS53924.2021.9665490,"Majdi Richa, Jean-Christophe Prevotet, Mickaël Dardaillon, Mohamad Mroue, Abed Ellatif Samhat","Data Generation and Acquisition (DGA) has become a major requirement for data processing and subsequent information analysis, especially in data science, big data, and pattern recognition (which is a cornerstone of machine learning techniques). A synchronized hybrid data generation and acquisition system has major advantages over traditional counterparts given the mixed-mode nature of its input signals (digital and analog) being aligned with its output signals. The proposed DGA system, in addition to being hybrid and synchronous, is a single-board programmable, compact and fully automated open-source hardware/software instrumentation device. This paper details the design methodology, the hardware/software interface, the end-usage and the possible applications of the device. When high accuracy and consistent fidelity are key features of a specific pattern generation/acquisition system, bulky and …",Unclassified,0.0
,IEEE GLOBECOM 2008-2008 IEEE Global Telecommunications Conference,"A cross-layer scheme for inter-RAT handover from WiMAX to UMTS
B Liu, P Martins, AE Samhat, P Bertin - IEEE GLOBECOM 2008-2008 IEEE Global …, 2008
Cited by 7 Related articles All 3 versions",2008/11/30,,https://www.researchgate.net/profile/Abed-Ellatif-Samhat/publication/221285526_A_cross-layer_scheme_for_inter-RAT_handover_from_WiMAX_to_UMTS/links/00b4951e66db411a91000000/A-cross-layer-scheme-for-inter-RAT-handover-from-WiMAX-to-UMTS.pdf,,,,1-6,"Heterogeneous Wireless Networks, Mobility Management, Security, IoT",Cited by 7,Abed Ellatif Samhat,,,A cross-layer scheme for inter-RAT handover from WiMAX to UMTS,,,,https://scholar.google.com/citations?view_op=view_citation&hl=en&user=IW38SxMAAAAJ&cstart=20&pagesize=80&citation_for_view=IW38SxMAAAAJ:5nxA0vEk-isC,,IEEE,"Bin Liu, Philippe Martins, Abed Ellatif Samhat, Philippe Bertin","In future mobile networks, different radio access technologies, such as GSM, UMTS, WiMAX, WIFI, will coexist. In order to realize a seamless vertical handover (inter-RAT handover) among these technologies, a variety of interworking architectures and inter-RAT handover mobility managements have been proposed. Based on an integrated coupling architecture, we propose a novel common interworking sublayer (IW sublayer) at layer 2 on RNC and UE to provide a seamless PS inter-RAT handover between UMTS and WiMAX systems. This IW sublayer scheme focuses on eliminating packet loss and reducing handover latency which are common problems for most inter-RAT handover scenarios. In addition, an enhanced TCP proxy, which interacts with the IW sublayer, is also introduced to RNC to resolve other two typical inter-RAT handover problems of TCP traffics: BDP mismatch and spurious RTO. Compared …",mobility management,0.404
,"2007 IEEE 18th International Symposium on Personal, Indoor and Mobile Radio Communications","Fluid model for wireless adhoc networks
K Khawam, AE Samhat, M Ibrahim, JM Kelif - 2007 IEEE 18th International Symposium on Personal …, 2007
Cited by 7 Related articles All 4 versions",2007/9/3,,https://www.researchgate.net/profile/Kinda-Khawam/publication/224295192_Fluid_Model_for_Wireless_Adhoc_Networks/links/544102790cf2a6a049a3e4bb/Fluid-Model-for-Wireless-Adhoc-Networks.pdf,,,,1-5,"Heterogeneous Wireless Networks, Mobility Management, Security, IoT",Cited by 7,Abed Ellatif Samhat,,,Fluid model for wireless adhoc networks,,,,https://scholar.google.com/citations?view_op=view_citation&hl=en&user=IW38SxMAAAAJ&cstart=20&pagesize=80&citation_for_view=IW38SxMAAAAJ:_FxGoFyzp5QC,,IEEE,"Kinda Khawam, Abed Ellatif Samhat, Marc Ibrahim, Jena-Marc Kelif","In this paper, we propose an analytical fluid model for adhoc wireless networks. Our fluid model consists in replacing a finite number of nodes by an equivalent continuum - characterized by a density of nodes - and disseminated in the network according to some distribution function. The key feature of our model is that it takes into account the effect of interference, the CSMA/CA mechanism and radio propagation aspects in an easy and straightforward way. We will give closed form formulae of the Mean Capacity per node and the Coverage Probability, along with an evaluation of the impact of nodes density, network size and carrier sense range on overall performance.",heterogeneous wireless networks,0.277
,2004 IEEE Wireless Communications and Networking Conference (IEEE Cat. No. 04TH8733),"Modeling and analysis of transport of voice and data in the UMTS radio access network: IP versus AAL2/ATM
A Samhat, T Chahed - 2004 IEEE Wireless Communications and Networking …, 2004
Cited by 7 Related articles All 8 versions",2004/3/21,2.0,http://www-public.tem-tsp.eu/~chahed/abed_wcnc2004.pdf.gz,,,,1063-1068,"Heterogeneous Wireless Networks, Mobility Management, Security, IoT",Cited by 7,Abed Ellatif Samhat,,,Modeling and analysis of transport of voice and data in the UMTS radio access network: IP versus AAL2/ATM,,,,https://scholar.google.com/citations?view_op=view_citation&hl=en&user=IW38SxMAAAAJ&cstart=20&pagesize=80&citation_for_view=IW38SxMAAAAJ:LkGwnXOMwfcC,,IEEE,"A Samhat, Tijani Chahed","In this paper, we analytically compare IP versus AAL2/ATM as a transport technology in the UMTS terrestrial radio access network (UTRAN), where stringent delay bounds are to be met for both real-time and non real-time traffic. We particularly select voice and Web traffic so as to illustrate our investigation. We show that, for the case of voice traffic. AAL2/ATM has a small advantage over IP, in terms of delay; IP is however more efficient than AAL2/ATM in terms of link utilization, especially for heavy loaded systems. As for data traffic, IP performs best.",heterogeneous wireless networks,0.133
,"8th International Conference on Cellular and Intelligent Communications (CIC), Seoul","Modeling and analysis of transport of voice and data in the UMTS radio access network: IP versus AAL2/ATM*
A Samhat, T Chahed - 2004 IEEE Wireless Communications and Networking …, 2004
Cited by 7 Related articles All 8 versions",2003/10/28,,,,,,,"Heterogeneous Wireless Networks, Mobility Management, Security, IoT",Cited by 7,Abed Ellatif Samhat,,,Transport in UMTS Radio Access Network: IP versus AAL2/ ATM,,,,https://scholar.google.com/citations?view_op=view_citation&hl=en&user=IW38SxMAAAAJ&cstart=20&pagesize=80&citation_for_view=IW38SxMAAAAJ:70eg2SAEIzsC,,,"A. SAMHAT, T. CHAHED, G. HEBUTERNE",,heterogeneous wireless networks,0.133
,,"An integrated approach to cyber risk management with cyber threat intelligence framework to secure critical infrastructure
H El Amin, AE Samhat, M Chamoun, L Oueidat… - Journal of Cybersecurity and Privacy, 2024
Cited by 6 Related articles All 3 versions",2024/6/9,4.0,https://www.mdpi.com/2624-800X/4/2/18,,,,357-381,"Heterogeneous Wireless Networks, Mobility Management, Security, IoT",Cited by 6,Abed Ellatif Samhat,,,An Integrated Approach to Cyber Risk Management with Cyber Threat Intelligence Framework to Secure Critical Infrastructure,,Journal of Cybersecurity and Privacy,,https://scholar.google.com/citations?view_op=view_citation&hl=en&user=IW38SxMAAAAJ&cstart=20&pagesize=80&citation_for_view=IW38SxMAAAAJ:XiVPGOgt02cC,2,MDPI,"Habib El Amin, Abed Ellatif Samhat, Maroun Chamoun, Lina Oueidat, Antoine Feghali","Emerging cyber threats’ sophistication, impact, and complexity rapidly evolve, confronting organizations with demanding challenges. This severe escalation requires a deeper understanding of adversary dynamics to develop enhanced defensive strategies and capabilities. Cyber threat actors’ advanced techniques necessitate a proactive approach to managing organizations’ risks and safeguarding cyberspace. Cyber risk management is one of the most efficient measures to anticipate cyber threats. However, it often relies on organizations’ contexts and overlooks adversaries, their motives, capabilities, and tactics. A new cyber risk management framework incorporating emergent information about the dynamic threat landscape is needed to overcome these limitations and bridge the knowledge gap between adversaries and security practitioners. Such information is the product of a cyber threat intelligence process that proactively delivers knowledge about cyber threats to inform decision-making and strengthen defenses. In this paper, we overview risk management and threat intelligence frameworks. Then, we highlight the necessity of integrating cyber threat intelligence and assessment in cyber risk management. After that, we propose a novel risk management framework with integrated threat intelligence on top of EBIOS Risk Manager. Finally, we apply the proposed framework in the scope of a national telecommunications organization.",security,0.603
,,"An efficient solution towards secure homomorphic symmetric encryption algorithms
K Hariss, H Noura, AE Samhat, M Chamoun - ITM Web of Conferences, 2019
Cited by 6 Related articles All 4 versions",2019,27.0,https://www.itm-conferences.org/articles/itmconf/pdf/2019/04/itmconf_dictap2019_05002.pdf,,,,05002,"Heterogeneous Wireless Networks, Mobility Management, Security, IoT",Cited by 6,Abed Ellatif Samhat,,,An efficient solution towards secure homomorphic symmetric encryption algorithms,,ITM Web of Conferences,,https://scholar.google.com/citations?view_op=view_citation&hl=en&user=IW38SxMAAAAJ&cstart=20&pagesize=80&citation_for_view=IW38SxMAAAAJ:rO6llkc54NcC,,EDP Sciences,"Khalil Hariss, Hassan Noura, Abed Ellatif Samhat, Maroun Chamoun","In this paper, we consider Homomorphic Encryption (HE) to process over encrypted data in order to achieve user privacy. We present a framework solution to provide a high level of security for the symmetric HE algorithms. The proposed solution introduces a dynamic structure and dynamic diffusion’s primitives that enhance existing symmetric HE algorithms and overcome their weaknesses. We apply this solution to a well known symmetric homomorphic approach, the PORE (Polynomial Operation for Randomization and Encryption) approach. The security analysis of the proposed solution shows that it ensures a high level of security without performance degradation. It is also evaluated against different attacks. This leads to secure and efficient HE Algorithms for practical implementations.",security,0.606
,"2015 7th international conference on new technologies, mobility and security (NTMS)","Pricing strategies in multi-operator heterogeneous wireless networks
S Farhat, AE Samhat, S Lahoud, B Cousin - 2015 7th international conference on new technologies …, 2015
Cited by 6 Related articles All 11 versions",2015/7/27,,https://hal.science/hal-01155538/file/NTMS_camera_ready.pdf,,,,1-5,"Heterogeneous Wireless Networks, Mobility Management, Security, IoT",Cited by 6,Abed Ellatif Samhat,,,Pricing strategies in multi-operator heterogeneous wireless networks,,,,https://scholar.google.com/citations?view_op=view_citation&hl=en&user=IW38SxMAAAAJ&cstart=20&pagesize=80&citation_for_view=IW38SxMAAAAJ:TQgYirikUcIC,,IEEE,"Soha Farhat, Abed Ellatif Samhat, Samer Lahoud, Bernard Cousin","In this paper, three pricing scenarios are proposed to set the transaction cost of the inter-operators agreement in a multi-operator cooperative environment. An analysis, of the operators' profits, is performed for these cooperation scenarios and different price sharing models are investigated for comparison. First, we describe the proposed pricing scenarios, the motivation behind and the points of evaluation for each scenario. Then, we present the hybrid decision algorithm for the selection of the access in a multioperator wireless networks environment. Next, we present two business models made for the simulation, in order to highlight how network conditions and operator's strategy for service price may affect the profitability of the cooperation. Simulation results show that proposed pricing models guarantee profit gain for the cooperating operators, and are suitable in a multi-operator sharing environment. A best pricing …",heterogeneous wireless networks,0.614
,"Digital Information and Communication Technology and its Applications (DICTAP), 2015 Fifth International Conference on","Access selection and joint pricing in multi-operator wireless networks: A stackelberg game
S Farhat, Z Chahine, AE Samhat, S Lahoud, B Cousin - 2015 Fifth International Conference on Digital …, 2015
Cited by 6 Related articles All 11 versions",2015,,https://hal.science/hal-01145999/document,,,,,"Heterogeneous Wireless Networks, Mobility Management, Security, IoT",Cited by 6,Abed Ellatif Samhat,,,Access selection and joint pricing in multi-operator wireless networks: A Stackelberg game,,,,https://scholar.google.com/citations?view_op=view_citation&hl=en&user=IW38SxMAAAAJ&cstart=20&pagesize=80&citation_for_view=IW38SxMAAAAJ:R3hNpaxXUhUC,,,"Soha Farhat, Zahraa Chahine, Abed Ellatif Samhat, Samer Lahoud, Bernard Cousin","We investigate in this paper the access selection and joint pricing problem in multi-operator wireless networks. The problem is formulated as a Stackelberg game, where cooperating service operators first set the service price to maximize their revenue. Then, the home operator of the mobile user performs the access selection process among the service operators, in order to maximize its own profits and its client satisfaction, in terms of perceived QoS. Competing operators decide the service price following a number of defined pricing schemes, and the home operator uses a hybrid utility function for the selection decision. We consider the Nash equilibrium as a solution of the service price setting game, where the best response is presented in function of the adopted pricing scheme. Simulation results show the efficiency of this multi-leader follower game for the access selection in a multi-operator environment, and …",heterogeneous wireless networks,0.277
,"In IEEE WCNC'14 Track 3 (Mobile and Wireless Networks) (IEEE WCNC'14 Track 3 : NET), Istanbul, Turkey","Hybrid decision algorithm for access selection in multi-operator networks
S Farhat, AE Samhat, S Lahoud - 2014 IEEE Wireless Communications and Networking …, 2014
Cited by 6 Related articles All 14 versions",2014/4,,https://arxiv.org/pdf/1408.5098,,,,,"Heterogeneous Wireless Networks, Mobility Management, Security, IoT",Cited by 6,Abed Ellatif Samhat,,,Hybrid Decision Algorithm for Access Selection in Multi-Operator Networks.,,,,https://scholar.google.com/citations?view_op=view_citation&hl=en&user=IW38SxMAAAAJ&cstart=20&pagesize=80&citation_for_view=IW38SxMAAAAJ:qUcmZB5y_30C,,,"Soha Farhat, Abed Ellatif Samhat, Samer Lahoud","In this paper, we propose a hybrid decision algorithm for the selection of the access in multi-operator networks environment, where competing operators share their radio access networks to meet traffic and data rate demands. The proposed algorithm guarantees the user satisfaction and a global gain for all cooperating operators. Simulation results prove the efficiency of the proposed scheme and show that the cooperation between operators achieves benefits to both users and operators; user acceptance as well as the operator resource utilization and the operator revenue increase.",heterogeneous wireless networks,0.14
,2004 IEEE International Conference on Communications (IEEE Cat. No. 04CH37577),"Transport in IP-based UMTS radio access network: Analytical study and empirical validation
A Samhat, T Chahed - … Conference on Communications (IEEE Cat. No …, 2004
Cited by 6 Related articles All 6 versions",2004/6/20,7.0,https://citeseerx.ist.psu.edu/document?repid=rep1&type=pdf&doi=9205e294b94255f563573fc7dcfb691253376f1f,,,,4285-4289,"Heterogeneous Wireless Networks, Mobility Management, Security, IoT",Cited by 6,Abed Ellatif Samhat,,,Transport in IP-based UMTS radio access network: Analytical study and empirical validation,,,,https://scholar.google.com/citations?view_op=view_citation&hl=en&user=IW38SxMAAAAJ&cstart=20&pagesize=80&citation_for_view=IW38SxMAAAAJ:IjCSPb-OGe4C,,IEEE,"A Samhat, Tijani Chahed","In this work, we study the transport of real-time voice traffic in the IP-based UMTS terrestrial radio access network (UTRAN) where a stringent-delay bound, some 5 ms, is to be met. Our work is analytical and is validated through empirical results on a local experimental test-bed emulating the UTRAN. It shows the trade-offs between performance, in terms of delay and cost, in terms of link utilization, and quantifies optimal values for the timer used in the packetization of frame protocol (FP) frames into larger IP packets as well as the number of FP frames per IP packet for a given output link capacity.",heterogeneous wireless networks,0.133
,2023 6th Conference on Cloud and Internet of Things (CIoT),"Throughput improvement for LoRaWAN networks considering IoT applications priority
A Loubany, S Lahoud, AE Samhat, M El Helou - 2023 6th Conference on Cloud and Internet of Things …, 2023
Cited by 5 Related articles",2023/3/20,,https://www.researchgate.net/profile/Ali-Loubany-2/publication/369774846_Throughput_Improvement_for_LoRaWAN_Networks_Considering_IoT_Applications_Priority/links/676a9e97c1b0135465f25b8f/Throughput-Improvement-for-LoRaWAN-Networks-Considering-IoT-Applications-Priority.pdf,,,,206-210,"Heterogeneous Wireless Networks, Mobility Management, Security, IoT",Cited by 5,Abed Ellatif Samhat,,,Throughput Improvement for LoRaWAN Networks Considering IoT Applications Priority,,,,https://scholar.google.com/citations?view_op=view_citation&hl=en&user=IW38SxMAAAAJ&cstart=20&pagesize=80&citation_for_view=IW38SxMAAAAJ:VOx2b1Wkg3QC,,IEEE,"Ali Loubany, Samer Lahoud, Abed Ellatif Samhat, Melhem El Helou","The pure Aloha access scheme used in LoRaWAN increases the probability of collisions at a large scak, which will lead to a reduction in the packet delivery ratio (PDR) and the network throughput. As a result, Legacy LoRaWAN cannot guarantee quality of service (QoS). However, a heterogeneous LoRaWAN network consists of several Internet of Things (IoT) applications that differ in their QoS requirements and can be classified into different priority levels This paper proposes an algorithm, called “spreading factor with priority” (SF-P), that aims to maximize the LoRaWAN network throughput while distinguishing between nodes in terms of priority. Simulation results show that SF-P improves the network throughput compared to Legacy LoRaWAN and respects the priority between different IoT applications.",heterogeneous wireless networks,0.276
,,"Privacy preservation of genome data analysis using homomorphic encryption
B Kachouh, K Hariss, L Sliman, AE Samhat… - Service Oriented Computing and Applications, 2021
Cited by 5 Related articles All 6 versions",2021/12,15.0,,,,,273-287,"Heterogeneous Wireless Networks, Mobility Management, Security, IoT",Cited by 5,Abed Ellatif Samhat,,,Privacy preservation of genome data analysis using homomorphic encryption,,Service Oriented Computing and Applications,,https://scholar.google.com/citations?view_op=view_citation&hl=en&user=IW38SxMAAAAJ&cstart=20&pagesize=80&citation_for_view=IW38SxMAAAAJ:XiSMed-E-HIC,4,Springer London,"Bachar Kachouh, Khalil Hariss, Layth Sliman, Abed Ellatif Samhat, Tamim Alsuliman","Very few organizations can afford the necessary infrastructure for genomic data analytic, which requires a very large amount of storage and computational resources. In this context, cloud computing platforms can be adopted as a practical solution for storage and computations. However, sharing such sensitive information with cloud providers can lead to violating privacy preservation and public regulations. To resolve this problem, homomorphic encryption (HE) can be used. Homomorphic encryption enables computation over encrypted data, which helps tackling the problem of privacy preservation. Despite this advantage, existing HE schemes suffer from high computational complexity and storage overhead; designing a practical HE scheme that provides simultaneously the efficiency and the required level of security still remains an open question. In this paper, we propose a secure cloud based scheme for …",security,0.604
,,"Design, FPGA-based Implementation and Performance of a Pseudo-Chaotic Number Generator
F Dridi, S El Assad, WEH Youssef, M Machhout… - Advances in Electrical and Computer Engineering, 2021
Cited by 5 Related articles All 14 versions",2021,21.0,https://hal.science/hal-03222184/file/aece_2021_2_5.pdf,,,,41-48,"Heterogeneous Wireless Networks, Mobility Management, Security, IoT",Cited by 5,Abed Ellatif Samhat,,,"Design, FPGA-based Implementation and Performance of a Pseudo-Chaotic Number Generator",,Advances in Electrical and Computer Engineering,,https://scholar.google.com/citations?view_op=view_citation&hl=en&user=IW38SxMAAAAJ&cstart=20&pagesize=80&citation_for_view=IW38SxMAAAAJ:UxriW0iASnsC,2,,"Fethi Dridi, Safwan El Assad, Wajih El Hadj Youssef, Mohsen Machhout, Abed Ellatif Samhat","Pseudo-Random Number Generator of Chaotic Sequences (PRNG-CS) has caught the attention in various security applications, especially for stream and block ciphering, steganography, and digital watermarking algorithms. Indeed, in all chaos-based cryptographic systems, the chaotic generator plays a vital role and exhibits appropriate cryptographic properties. Due to the technological outbreak, as well as the rapid growth of the Internet of Things (IoT) technology and their various use cases, PRNGs-CS software implementation remains an open issue to meet its service requirements. The hardware implementation is one of the most flagship technology used to implement PRNGs-CS with the aim is to provide high-performance requirements for such application security. Therefore, in this work, we propose a new PRNGs-SC-based architecture. The latter consists of three discrete chaotic maps weakly coupled, as well as, the Piecewise Linear Chaotic Map (PWLCM), the Skew Tent, and the Logistic map. The chaotic system is designed on Xilinx Spartan™-6 FPGA-board, using Very High-Speed Integrated Circuit Hardware Description Language (VHDL). Simulation results, performed over the ISE Design Suite environment, prove the effectiveness of our proposed architecture in terms of robustness against statistical attacks, throughput, and hardware cost. So, based on its architecture and the simulation results the proposed PRNG-SC can be used in cryptographic applications.",security,0.603
,ICETE (2),"An Efficient FHE Scheme to Secure Cloud Computing.
K Hariss, AE Samhat, M Chamoun - ICETE (2), 2019
Cited by 5 Related articles All 2 versions",2019,,https://www.scitepress.org/Papers/2019/77888/77888.pdf,,,,341-349,"Heterogeneous Wireless Networks, Mobility Management, Security, IoT",Cited by 5,Abed Ellatif Samhat,,,An Efficient FHE Scheme to Secure Cloud Computing.,,,,https://scholar.google.com/citations?view_op=view_citation&hl=en&user=IW38SxMAAAAJ&cstart=20&pagesize=80&citation_for_view=IW38SxMAAAAJ:bFI3QPDXJZMC,,,"Khalil Hariss, Abed Ellatif Samhat, Maroun Chamoun","In this paper, we consider the privacy issue in cloud systems by using Homomorphic Encryption (HE) to provide secure computing at the cloud side. We use Domingo Ferrer (DF) homomorphic scheme to accomplish this task. Before implementing DF in a cloud scenario, we resolve its main problems. The two concerned problems are sensitivity to known plain-text attack and cipher-text dimension growth after homomorphic multiplication causing high storage overhead and reducing the scheme efficiency. DF is first made secure for cloud systems by making the scheme much more resistant to the concerned attack due to the change of the encryption procedure. Second, DF is made efficient for cloud computing by introducing a new technique, called Key Switching (KS). This technique reduces the high overhead by decreasing the extended cipher-text dimension obtained after a homomorphic multiplication and preserving the homomorphic behavior. While users’ privacy at the Cloud side is preserved with HE, KS technique relies on publishing a matrix M. Different secret keys are encrypted within M based on the hardness of Learning With Error (LWE). A deep crypt-analysis and implementations under Python using SageMath Library are done in order to validate the efficiency of our proposal.",security,0.4
,2013 Third International Conference on Communications and Information Technology (ICCIT),"Dynamic superframe size-based admission control in parent/child HR WPANs
S Sindian, AE Samhat, A Khalil, M Crussière, JF Hélard - 2013 Third International Conference on …, 2013
Cited by 5 Related articles",2013/6/19,,,,,,314-319,"Heterogeneous Wireless Networks, Mobility Management, Security, IoT",Cited by 5,Abed Ellatif Samhat,,,Dynamic superframe size-based admission control in parent/child HR WPANs,,,,https://scholar.google.com/citations?view_op=view_citation&hl=en&user=IW38SxMAAAAJ&cstart=20&pagesize=80&citation_for_view=IW38SxMAAAAJ:9ZlFYXVOiuMC,,IEEE,"Samar Sindian, Abed Ellatif Samhat, Ayman Khalil, Matthieu Crussière, Jean-François Hélard","In this paper, we propose an efficient Channel Time Allocation (CTA) method for multi-hop communications in IEEE 802.15.3 high-rate WPAN mesh networks. The proposed CTA allocation method allows sufficient CTA allocations for devices and child PicoNet Coordinators (PNC) while considering the fairness between these devices. In this method, the child PNCs are granted larger CTA allocations than DEVs taking into consideration the dynamicity of the superframe length. Additionally, it ensures minimized delay between CTAs granted to isochronous streams of a device in subsequent superframes. We evaluate the performance of the proposed technique via simulations. The proposed technique achieves good satisfaction for a maximum number of devices.",heterogeneous wireless networks,0.138
Proceedings of the 2023 Australasian Computer Science Week,,"Demystifying threshold elliptic curve digital signature algorithm for multiparty applications
B Kachouh, L Sliman, AE Samhat, K Barkaoui - Proceedings of the 2023 Australasian Computer …, 2023
Cited by 4 Related articles All 4 versions",2023/1/30,,https://www.researchgate.net/profile/Layth-Sliman/publication/369216502_Demystifying_Threshold_Elliptic_Curve_Digital_Signature_Algorithm_for_MultiParty_Applications/links/64defa10caf5ff5cd0c39dbf/Demystifying-Threshold-Elliptic-Curve-Digital-Signature-Algorithm-for-MultiParty-Applications.pdf,,,,112-121,"Heterogeneous Wireless Networks, Mobility Management, Security, IoT",Cited by 4,Abed Ellatif Samhat,,,Demystifying Threshold Elliptic Curve Digital Signature Algorithm for MultiParty Applications,,,,https://scholar.google.com/citations?view_op=view_citation&hl=en&user=IW38SxMAAAAJ&cstart=20&pagesize=80&citation_for_view=IW38SxMAAAAJ:LPZeul_q3PIC,,,"Bachar Kachouh, Layth Sliman, Abed Ellatif Samhat, Kamel Barkaoui","Elliptic Curve Digital Signature Algorithm (ECDSA) is a crucial authentication component of many modern internet and communication systems. It is used in different domains such as cryptocurrency, IoT, e-health, e-banking, e-governance, etc. Due to the spread of open, distributed and collaborative systems brought by the sharing economy, the surge of interest in generating ECDSA in a distributed manner, i.e. Threshold Signature has grown in recent years. Threshold ECDSA based on multiparty computation (MPC) enables two or more entities of a communication system to generate a signature in a distributed manner. Whereas a subset of t + 1 parties of a group of size n can forge a signature. Any subset of t or less cannot. Threshold ECDSA requires considerable expertise. Thus, in this paper, we provide an overview on how to build a threshold ECDSA scheme in a unified structured way and we describe briefly …",iot,0.204
,"2022 29th IEEE International Conference on Electronics, Circuits and Systems (ICECS)","High-level early power estimation of FPGA IP based on machine learning
M Richa, JC Prévotet, M Dardaillon, M Mroué… - 2022 29th IEEE International Conference on …, 2022
Cited by 4 Related articles All 2 versions",2022/10/24,,,,,,1-4,"Heterogeneous Wireless Networks, Mobility Management, Security, IoT",Cited by 4,Abed Ellatif Samhat,,,High-Level Early Power Estimation of FPGA IP Based on Machine Learning,,,,https://scholar.google.com/citations?view_op=view_citation&hl=en&user=IW38SxMAAAAJ&cstart=20&pagesize=80&citation_for_view=IW38SxMAAAAJ:sSrBHYA8nusC,,IEEE,"Majdi Richa, Jean-Christophe Prévotet, Mickaël Dardaillon, Mohamad Mroué, Abed Ellatif Samhat","When high speed and high performance are key features of a specific FPGA-based system, increase in energy consumption becomes the main hurdle to be tackled while keeping a trade-off between speed, performance and power consumption. Therefore, power optimization has become a major concern for most digital hardware designers, particularly in early design phases and especially in limited power budget systems (battery-operated hand-held devices, electro-optical pluggable modules, IoT and green energy systems, etc.). In this paper we present and evaluate an accurate power modeling and estimation technique based on machine learning. We estimate the power consumption of specific digital circuits based on control and input signals characteristics. The proposed Artificial Neural Network (ANN) model is trained using real measurement data sets appended to the input switching activity information …",iot,0.204
,"2022 IEEE 33rd Annual International Symposium on Personal, Indoor and Mobile Radio Communications (PIMRC)","Battery-less LoRaWAN network using energy harvesting: Improving network throughput
A Loubany, AE Samhat, S Lahoud, M El Helou - 2022 IEEE 33rd Annual International Symposium on …, 2022
Cited by 4 Related articles All 2 versions",2022/9/12,,,,,,1032-1037,"Heterogeneous Wireless Networks, Mobility Management, Security, IoT",Cited by 4,Abed Ellatif Samhat,,,Battery-Less LoRaWAN Network using Energy Harvesting: Improving Network Throughput,,,,https://scholar.google.com/citations?view_op=view_citation&hl=en&user=IW38SxMAAAAJ&cstart=20&pagesize=80&citation_for_view=IW38SxMAAAAJ:5Ul4iDaHHb8C,,IEEE,"Ali Loubany, Abed Ellatif Samhat, Samer Lahoud, Melhem El Helou","Recently, LoRaWAN has become the most employed Low Power Wide Area Network (LPWAN) for a wide range of Internet of Thing (IoT) applications. The main power source for IoT nodes are batteries. However, such disposable power sources are short-lived and impact the environment. In addition, battery replacement is costly and dangerous in some applications, where nodes are located in hard-to-reach areas. Battery-less nodes equipped with energy harvesting impose themselves as a promising environmental friendly solution for a sustainable IoT. In this paper, we propose an optimization problem to find the suitable capacitor and packet generation rate which ensures that the battery-less node can effectively perform its tasks using the harvested energy. Then, we devise an algorithm for improving the throughput of LoRaWAN networks w ith battery-less nodes. Numerical examples validate the effectiveness of …",heterogeneous wireless networks,0.271
,2020 4th Cyber Security in Networking Conference (CSNet),"Cloud assisted privacy preserving using homomorphic encryption
K Hariss, M Chamoun, AE Samhat - 2020 4th Cyber Security in Networking Conference …, 2020
Cited by 4 Related articles All 2 versions",2020/10/21,,,,,,1-8,"Heterogeneous Wireless Networks, Mobility Management, Security, IoT",Cited by 4,Abed Ellatif Samhat,,,Cloud Assisted Privacy Preserving Using Homomorphic Encryption,,,,https://scholar.google.com/citations?view_op=view_citation&hl=en&user=IW38SxMAAAAJ&cstart=20&pagesize=80&citation_for_view=IW38SxMAAAAJ:P5F9QuxV20EC,,IEEE,"Khalil Hariss, Maroun Chamoun, Abed Ellatif Samhat","In this paper, privacy preserving at the cloud side is enabled by adopting Homomorphic Encryption (HE) as a major solution for protecting users' sensitive data. As a Proof Of Concept (POC), we take the case of a university that is adopting the cloud as a practical method for storing and operating over its private data. The main contribution of this application is that different data are stored encrypted at the cloud side. Students' data such as name, gender, date of birth, etc are encrypted using AES and hash functions. Students' indexes and grades are encrypted homomorphically using our modified Domingo Ferrer (DF) encryption scheme [1]. The main importance of the usage of HE in this application is allowing the process over encrypted data at the cloud side such as computing encrypted students' average. Different queries are sent from the university side to the cloud side, after operating and processing over …",Unclassified,0.0
,International Workshop on Vehicular Adhoc Networks for Smart Cities (IWVSC'2019),"Technology selection for IoT-Based smart transportation systems
W Ayoub, AE Samhat, M Mroue, H Joumaa, F Nouvel… - International Workshop on Vehicular Adhoc Networks …, 2019
Cited by 4 Related articles All 3 versions",2019/11/13,,,,,,,"Heterogeneous Wireless Networks, Mobility Management, Security, IoT",Cited by 4,Abed Ellatif Samhat,,,Technology selection for IoT-Based smart transportation systems,,,,https://scholar.google.com/citations?view_op=view_citation&hl=en&user=IW38SxMAAAAJ&cstart=20&pagesize=80&citation_for_view=IW38SxMAAAAJ:eMMeJKvmdy0C,,,"Wael Ayoub, Abed Ellatif Samhat, Mohamad Mroue, Hussein Joumaa, Fabienne Nouvel, Jean-Christophe Prévotet","In this paper, we consider the selection of the appropriate technology in IoT environments. Specific IoT-based applications, including innovative tracking solutions in automotive or transportation systems , require the mobility of the IoT device under different IoT technologies. Selecting the best technology for connectivity based on several criteria is essential in this context. We investigate four LPWAN technologies and we study two well-known multi-attribute decision-making algorithms, TOPSIS and SAW, to select the appropriate IoT technology based on criteria such as bit rate, coverage, power consumption, etc. These two algorithms were implemented to select the best technology depending on the requirements of the application. The obtained results showed that the TOPSIS method gives better results than SAW in the selection and the sorting of the technologies. However, the running time of SAW is smaller.",iot,0.205
,2018 International Conference on Computer and Applications (ICCA),"Resource allocation for D2D communications in mobile networks
B Hussein, AE Samhat - 2018 International Conference on Computer and …, 2018
Cited by 4 Related articles All 2 versions",2018,,https://www.researchgate.net/profile/Abed-Ellatif-Samhat/publication/327642302_Resource_Allocation_for_D2D_Communications_in_Mobile_Networks/links/5c9fcd6692851cf0aea2b830/Resource-Allocation-for-D2D-Communications-in-Mobile-Networks.pdf,,,,,"Heterogeneous Wireless Networks, Mobility Management, Security, IoT",Cited by 4,Abed Ellatif Samhat,,,Resource Allocation for D2D Communications in Mobile Networks,,,,https://scholar.google.com/citations?view_op=view_citation&hl=en&user=IW38SxMAAAAJ&cstart=20&pagesize=80&citation_for_view=IW38SxMAAAAJ:vV6vV6tmYwMC,,10.1109/COMAPP.2018.8460431,"Bassam Hussein, Abed Ellatif Samhat","To improve the network capacity without additional costs, Device-to-device (D2D) communication technology establishes direct links between users while reusing the same spectrum of traditional communication between base station and cellular users. In this paper, an efficient resource allocation scheme is proposed for D2D communications to overcome the interference caused by the presence of multiple connections sharing the same spectrum. The capacity of the network is optimized by maximizing the number of all served users while considering a tradeoff between quality of service and power consumption. Simulations of the proposed scheme in different radio conditions showed that the number of D2D communications increases significantly which indicates the efficiency of the novel resource allocation scheme.",mobility management,0.2
,,"Radio access network sharing in 5G: strategies and benefits
S Farhat, AE Samhat, S Lahoud, B Cousin - Wireless Personal Communications, 2017
Cited by 4 Related articles All 11 versions",2017/9/1,96.0,https://hal.science/hal-01546827v1/file/Journal2_bf_submission.pdf,,,,2715-2740,"Heterogeneous Wireless Networks, Mobility Management, Security, IoT",Cited by 4,Abed Ellatif Samhat,,,Radio Access Network Sharing in 5G: Strategies and Benefits,,Wireless Personal Communications,,https://scholar.google.com/citations?view_op=view_citation&hl=en&user=IW38SxMAAAAJ&cstart=20&pagesize=80&citation_for_view=IW38SxMAAAAJ:maZDTaKrznsC,2,Springer US,"Soha Farhat, Abed Ellatif Samhat, Samer Lahoud, Bernard Cousin","In a shared radio access network, a user can be served through the network of his home operator or the network of another service operator in the sharing system. Consequently, when the home operator is unable to serve its user, and there is more than one available service operator, a selection decision must be made. The decision must consider the satisfaction of three main agents: the user, his home operator and the service operator. This paper presents a strategic algorithm for the access selection decision in a multi-operator wireless network. It is based on a cost function that combines the requirements of the user, its home operator profit and the offered QoS of the service operator. This cost function takes into account the operators’ strategies for cooperation. This work focuses on the service operator strategy and proposes two strategies: a pricing strategy that consists of increasing the service cost, and …",heterogeneous wireless networks,0.272
,CSCEET2017,"Resource sharing in 5G multi-operator wireless network
S Farhat, AE Samhat, S Lahoud, B Cousin - 4th International Conference on Computer Science …, 2017
Cited by 4 Related articles All 8 versions",2017/4,,https://hal.science/hal-01712854v1/file/CSCEET.2017.Farhat.pdf,,,,,"Heterogeneous Wireless Networks, Mobility Management, Security, IoT",Cited by 4,Abed Ellatif Samhat,,,Resource Sharing in 5G Multi-Operator Wireless Network,,,,https://scholar.google.com/citations?view_op=view_citation&hl=en&user=IW38SxMAAAAJ&cstart=20&pagesize=80&citation_for_view=IW38SxMAAAAJ:ns9cj8rnVeAC,,,"Soha Farhat, Abed Ellatif Samhat, Samer Lahoud, Bernard Cousin","In a multi-operator shared network, an appropriate decision is needed for how much to share resources in order to maintain user satisfaction, while maximizing cooperation benefits. In this paper we investigate resource sharing in a three operators sharing system. The study focuses on the value of the sharing factor, which is the percentage of the operator resources dedicated for guest users access. Simulation results showed that resource reservation improves client satisfaction in terms of blocking rates, and the value of the sharing factor affects the achieved profits of the sharing operators. Besides, the best decision of the sharing factor and the pricing scenario depends on the capacity of the operator. Index Terms—5G; multi-operator wireless networks; resource sharing; inter-operator service pricing; user satisfaction; operator profits.",heterogeneous wireless networks,0.277
,2007 16th IST Mobile and Wireless Communications Summit,"Automated troubleshooting in WLAN networks
A Samhat, R Skehill, Z Altman - 2007 16th IST Mobile and Wireless Communications …, 2007
Cited by 4 Related articles All 2 versions",2007/7/1,,https://www.researchgate.net/profile/Abed-Ellatif-Samhat/publication/4273744_Automated_Troubleshooting_in_WLAN_Networks/links/00b7d51c15fead0975000000/Automated-Troubleshooting-in-WLAN-Networks.pdf,,,,1-4,"Heterogeneous Wireless Networks, Mobility Management, Security, IoT",Cited by 4,Abed Ellatif Samhat,,,Automated Troubleshooting in WLAN Networks,,,,https://scholar.google.com/citations?view_op=view_citation&hl=en&user=IW38SxMAAAAJ&cstart=20&pagesize=80&citation_for_view=IW38SxMAAAAJ:Y0pCki6q_DkC,,IEEE,"A Samhat, R Skehill, Z Altman","The automation of troubleshooting in mobile and wireless networks is essential to guarantee an efficient network operation with high performance and low cost. In this paper, we focus on automated diagnosis of faults in WLAN networks and propose a framework based on Bayesian networks to relate faults to symptoms. Candidate list of faults and symptoms for the diagnosis are proposed and the manner to construct the diagnosis model is described. To illustrate the proposed approach, some results are examined based on statistics from WLAN network simulator.",heterogeneous wireless networks,0.281
,,"Joint mobility RRM algorithms for heterogeneous access networks
AE Samhat, R Nasri, Z Altman - 13th European Wireless Conference (EWC2007), Paris …, 2007
Cited by 4 Related articles",2007/4/1,,http://web1.see.asso.fr/cdew07/papers/1569014928.pdf,,,,,"Heterogeneous Wireless Networks, Mobility Management, Security, IoT",Cited by 4,Abed Ellatif Samhat,,,Joint mobility RRM algorithms for heterogeneous access networks,,"13th European Wireless Conference (EWC2007), Paris, France",,https://scholar.google.com/citations?view_op=view_citation&hl=en&user=IW38SxMAAAAJ&cstart=20&pagesize=80&citation_for_view=IW38SxMAAAAJ:eQOLeE2rZwMC,,,"Abed Ellatif Samhat, Ridha Nasri, Zwi Altman","Beyond Third Generation (B3G) network is evolving towards a heterogeneous wireless access network that includes diverse radio technologies and offers a range of quality assured services. In this context, Joint Radio Resource Management (JRRM) is an essential component to coordinate the pools of radio resources controlled by each radio technology. In this paper, we propose simple and efficient JRRM algorithms to manage handover between different access networks including UTRAN and WLAN. Both coverage based and load based handover algorithms are investiagted. The benefits of the proposed algorithms are illustrated through a set of simulations carried out using a dynamic multi-system simulator.",heterogeneous wireless networks,0.415
,2004 IEEE 59th Vehicular Technology Conference. VTC 2004-Spring (IEEE Cat. No. 04CH37514),"Service differentiation between voice and data traffic in the IP-based radio access network
A Samhat, T Chahed - 2004 IEEE 59th Vehicular Technology Conference …, 2004
Cited by 4 Related articles All 6 versions",2004/5/17,5.0,http://www-public.tem-tsp.eu/~chahed/abed_vtc2004.pdf.gz,,,,2534-2538,"Heterogeneous Wireless Networks, Mobility Management, Security, IoT",Cited by 4,Abed Ellatif Samhat,,,Service differentiation between voice and data traffic in the IP-based radio access network,,,,https://scholar.google.com/citations?view_op=view_citation&hl=en&user=IW38SxMAAAAJ&cstart=20&pagesize=80&citation_for_view=IW38SxMAAAAJ:W7OEmFMy1HYC,,IEEE,"A Samhat, T Chahed","In this work, we investigate service differentiation between voice and data traffic in the UMTS terrestrial radio access network (UTRAN) where IP is used as a transport technology. The specificity of this context is that both types of traffic shall be transported in a real-time fashion as they need to meet strict delay bounds, as low as 5 ms for voice. Our results, carried out analytically and validated on a test-bed implementing the UTRAN's transport functionalities, demonstrate that weighted round robin (WRR) guarantees the QoS requirements under real-time transport while achieving a good link utilization.",heterogeneous wireless networks,0.133
,,"Blockchain-based multi-organizational cyber risk management framework for collaborative environments
H El Amin, L Oueidat, M Chamoun, AE Samhat… - International Journal of Information Security, 2024
Cited by 3 Related articles All 3 versions",2024/4,23.0,,,,,1231-1249,"Heterogeneous Wireless Networks, Mobility Management, Security, IoT",Cited by 3,Abed Ellatif Samhat,,,Blockchain-based multi-organizational cyber risk management framework for collaborative environments,,International Journal of Information Security,,https://scholar.google.com/citations?view_op=view_citation&hl=en&user=IW38SxMAAAAJ&cstart=20&pagesize=80&citation_for_view=IW38SxMAAAAJ:V3AGJWp-ZtQC,2,Springer Berlin Heidelberg,"Habib El Amin, Lina Oueidat, Maroun Chamoun, Abed Ellatif Samhat, Antoine Feghali","Along with the increasing damage of cyberattacks, cyber risk management remains one of the most crucial proactive measures. Risk management aims to identify potential risks, evaluate their attributes, and implement countermeasures to reduce their damages. The cyber security industry and the research literature have established frameworks and platforms for cyber risk management. However, a risk management framework is required to ensure a practical and secure service for multiple collaborating organizations. In this paper, we overview numerous risk management frameworks and platforms established for various sectors. Then, we investigate the security issues facing the established platforms. After that, we propose a decentralized framework for cyber risk management using blockchain technology in order to serve multiple organizations including governmental ones. In addition, we present a proof of …",security,0.605
,,"Buildings classification using very high resolution satellite imagery
M Dimassi, AE Samhat, M Zaraket, J Haidar, M Shukor… - arXiv preprint arXiv:2111.14650, 2021
Cited by 3 Related articles All 4 versions",2021,,https://arxiv.org/pdf/2111.14650,,,,,"Heterogeneous Wireless Networks, Mobility Management, Security, IoT",Cited by 3,Abed Ellatif Samhat,,,Buildings Classification using Very High Resolution Satellite Imagery,,CoRR abs/2111.14650 .,,https://scholar.google.com/citations?view_op=view_citation&hl=en&user=IW38SxMAAAAJ&cstart=20&pagesize=80&citation_for_view=IW38SxMAAAAJ:K3LRdlH-MEoC,,,"Mohammad Dimassi, Abed Ellatif Samhat, Mohammad Zaraket, Jamal Haydar, Mustafa Shukor, Ali J Ghandour","Buildings classification using satellite images is becoming more important for several applications such as damage assessment, resource allocation, and population estimation. We focus, in this work, on buildings damage assessment (BDA) and buildings type classification (BTC) of residential and non-residential buildings. We propose to rely solely on RGB satellite images and follow a 2-stage deep learning-based approach, where first, buildings' footprints are extracted using a semantic segmentation model, followed by classification of the cropped images. Due to the lack of an appropriate dataset for the residential/non-residential building classification, we introduce a new dataset of high-resolution satellite images. We conduct extensive experiments to select the best hyper-parameters, model architecture, and training paradigm, and we propose a new transfer learning-based approach that outperforms classical methods. Finally, we validate the proposed approach on two applications showing excellent accuracy and F1-score metrics.",heterogeneous wireless networks,0.133
,Emerging Technologies and Business Innovation. ICDEc 2019.,"A Trusted Group-Based Revocation Process for Intelligent Transportation System
H Hasrouny, AE Samhat, C Bassil, A Laouiti - … . Emerging Technologies and Business Innovation: 4th …, 2019
Cited by 3 Related articles All 6 versions",2019/9/21,,https://www.academia.edu/download/77109121/978-3-030-30874-2.pdf#page=143,,,,pp 133-146,"Heterogeneous Wireless Networks, Mobility Management, Security, IoT",Cited by 3,Abed Ellatif Samhat,,,A Trusted Group-Based Revocation Process for Intelligent Transportation System,,,,https://scholar.google.com/citations?view_op=view_citation&hl=en&user=IW38SxMAAAAJ&cstart=20&pagesize=80&citation_for_view=IW38SxMAAAAJ:a0OBvERweLwC,,,"Hamssa Hasrouny, Abed Ellatif Samhat, Carole Bassil, Anis Laouiti","Intelligent Transportation System (ITS) aims to provide innovative services in the field of road transport and traffic management. This field includes infrastructure, vehicles and users, and interfaces with other modes of transport. Vehicles are capable of exchanging information by radio to improve road safety or allow internet access for passengers. Road safety messages exchanged between vehicles may be falsified or eliminated by malicious entities to cause accidents and endanger people life. The main concern arises how to maintain only the trustworthy participants and revoke the misbehaving ones. In this paper, we propose a new framework for the certificate revocation process within ITS. This process can be activated by Misbehavior Detection Systems (MDSs) running within vehicles and the Misbehavior Authority (MA) within the infrastructure. These MDSs rely on the trust evaluation for participating …",mobility management,0.204
,"14th International Conference on Wireless and Mobile Computing, Networking and Communications (WiMob)","Energy efficient resource sharing in multi-operator heterogeneous cloud RAN
S Farhat, BH Hassan, AE Samhat - 2018 14th International Conference on Wireless and …, 2018
Cited by 3 Related articles",2018/12/27,,,,,,,"Heterogeneous Wireless Networks, Mobility Management, Security, IoT",Cited by 3,Abed Ellatif Samhat,,,Energy Efficient Resource Sharing in Multi-Operator Heterogeneous Cloud RAN,,,,https://scholar.google.com/citations?view_op=view_citation&hl=en&user=IW38SxMAAAAJ&cstart=20&pagesize=80&citation_for_view=IW38SxMAAAAJ:M05iB0D1s5AC,,,"Soha Farhat, Batool Hage Hassan, Abed Ellatif Samhat","In this paper, we consider a multi-operator heterogeneous cloud radio access network, where operators share their small cells. A formulation for the energy efficiency of the shared network is suggested and an energy-efficient resource allocation algorithm is proposed for the user assignment and power allocation in the multi-operator network. The problem is formulated as a mixed-integer optimization problem and solved using Lagrange Dual Decomposition method. Numerical results proved the benefits of sharing in terms of network energy efficiency, power consumption and users satisfaction. It also showed the efficiency of the proposed algorithm in achieving additional power saving in a multi-operator Heterogeneous Cloud RAN.",heterogeneous wireless networks,0.273
,2015 International Conference on Applied Research in Computer Science and Engineering (ICAR),"Comparison between access selection algorithms in multi-operator wireless networks
S Farhat, AE Samhat, S Lahoud, B Cousin - 2015 International Conference on Applied Research in …, 2015
Cited by 3 Related articles All 11 versions",2015/10/8,,https://hal.science/hal-01258679/document,,,,1-8,"Heterogeneous Wireless Networks, Mobility Management, Security, IoT",Cited by 3,Abed Ellatif Samhat,,,Comparison between access selection algorithms in multi-operator wireless networks,,,,https://scholar.google.com/citations?view_op=view_citation&hl=en&user=IW38SxMAAAAJ&cstart=20&pagesize=80&citation_for_view=IW38SxMAAAAJ:iH-uZ7U-co4C,,IEEE,"Soha Farhat, Abed Ellatif Samhat, Samer Lahoud, Bernard Cousin","In fifth generation mobile network, Radio Access Network sharing is an attractive solution for operators to counter the traffic growth and build cost-effective networks in order to improve coverage and capacity at reasonable investments and operational costs. It consists of sharing radio access resources between two or more operators. In such multi-operator environment access selection decision is an important issue for the mobile user and his home operator which the user has contract with. In literature, the majority of access selection algorithms are based on game theory which is very complex for implementation and the decision is slower in comparison with Multiple Attributes Decision Making (MADM) methods. In this paper, we apply Simple Additive Weighting (SAW) methods and Nearest Performance Handover (NPH) algorithm for the access selection in a multi-operator environment. These algorithms based on …",heterogeneous wireless networks,0.275
,,"Resource allocation mechanism in IEEE 802.15. 3 parent/child model
S Sindian, JF Hélard, AE Samhat, M Crussière, A Khalil - Wireless Networks, 2015
Cited by 3 Related articles All 8 versions",2015/8/1,21.0,https://www.academia.edu/download/105330830/s11276-015-0892-520230828-1-ylu1xn.pdf,,,,1863-1877,"Heterogeneous Wireless Networks, Mobility Management, Security, IoT",Cited by 3,Abed Ellatif Samhat,,,Resource allocation mechanism in IEEE 802.15. 3 parent/child model,,Wireless Networks,,https://scholar.google.com/citations?view_op=view_citation&hl=en&user=IW38SxMAAAAJ&cstart=20&pagesize=80&citation_for_view=IW38SxMAAAAJ:hFOr9nPyWt4C,6,Springer US,"Samar Sindian, Jean-François Hélard, Abed Ellatif Samhat, Matthieu Crussière, Ayman Khalil","In this paper, a novel mechanism for access control and resource allocation in a parent/child IEEE 802.15.3 network is proposed. The main objective is twofold; first the idea of using a dynamic superframe size that ensures the efficient use of the superframe is implemented; second, two approaches for resource allocation among child PicoNet Coordinators (PNCs) and DEVices (DEVs) based on the dynamic superframe idea are proposed. These approaches, referred to as “Algorithm with utilization threshold” and “Algorithm with threshold and service differentiation”, are studied in comparison with a basic approach. They share the concepts of the dynamic superframe size, the prioritization of child PNCs over DEVs and the admission control strategy. They are then differentiated by applying the superframe utilization threshold concept in the “Algorithm with utilization threshold” and the addition of service …",heterogeneous wireless networks,0.133
,,"ABCDecision: A simulation platform for access selection algorithms in heterogeneous wireless networks
J Haydar, A Ibrahim, AE Samhat, G Pujolle - EURASIP Journal on Wireless Communications and …, 2010
Cited by 3 Related articles All 16 versions",2010/12,2010.0,https://link.springer.com/content/pdf/10.1155/2010/787098.pdf,,,,1-11,"Heterogeneous Wireless Networks, Mobility Management, Security, IoT",Cited by 3,Abed Ellatif Samhat,,,ABCDecision: A simulation platform for access selection algorithms in heterogeneous wireless networks,,EURASIP Journal on Wireless Communications and Networking,,https://scholar.google.com/citations?view_op=view_citation&hl=en&user=IW38SxMAAAAJ&cstart=20&pagesize=80&citation_for_view=IW38SxMAAAAJ:ULOm3_A8WrAC,,Springer International Publishing,"Jamal Haydar, Abbas Ibrahim, Abed Ellatif Samhat, Guy Pujolle","We present a simulation platform for access selection algorithms in heterogeneous wireless networks, called ""ABCDecision"". The simulator implements the different parts of an Always Best Connected (ABC) system, including Access Technology Selector (ATS), Radio Access Networks (RANs), and users. After describing the architecture of the simulator, we show an overview of the existing decision algorithms for access selection. Then we propose a new selection algorithm in heterogeneous networks and we run a set of simulations to evaluate the performance of the proposed algorithm in comparison with the existing ones. The performance results, in terms of the occupancy rate, show that our algorithm achieves a load balancing distribution between networks by taking into consideration the capacities of the available cells.",heterogeneous wireless networks,0.616
,,"IP versus AAL2 for transport in the UMTS radio access network
A Samhat, T Chahed - Computer communications, 2005
Cited by 3 Related articles All 6 versions",2005/3/23,28.0,http://www-public.tem-tsp.eu/~chahed/abed_ComCom_2005.pdf,,,,477-484,"Heterogeneous Wireless Networks, Mobility Management, Security, IoT",Cited by 3,Abed Ellatif Samhat,,,IP versus AAL2 for transport in the UMTS radio access network,,Computer communications,,https://scholar.google.com/citations?view_op=view_citation&hl=en&user=IW38SxMAAAAJ&cstart=20&pagesize=80&citation_for_view=IW38SxMAAAAJ:UebtZRa9Y70C,5,Elsevier,"A Samhat, T Chahed","In this paper, we analytically compare IP versus AAL2/ATM as a transport technology in the UMTS Terrestrial Radio Access Network (UTRAN), where stringent delay bounds are to be met for both real-time and non real-time traffic. We particularly select voice and Web traffic so as to illustrate our investigation. We show that, for the case of voice traffic, AAL2/ATM has a small advantage over IP, in terms of delay; IP is however more efficient than AAL2/ATM in terms of link utilization, especially for heavy loaded systems. As of data traffic, IP performs best.",heterogeneous wireless networks,0.133
,,"Measurement-based admission control in UMTS
SE Elayoubi, T Chahed, M Tlais, AE Samhat - Annals of Telecommunications, 2004
Cited by 3 Related articles All 4 versions",2004/11/1,59.0,,,,,1433-1445,"Heterogeneous Wireless Networks, Mobility Management, Security, IoT",Cited by 3,Abed Ellatif Samhat,,,Measurement-based admission control in UMTS,,Annals of Telecommunications,,https://scholar.google.com/citations?view_op=view_citation&hl=en&user=IW38SxMAAAAJ&cstart=20&pagesize=80&citation_for_view=IW38SxMAAAAJ:ufrVoPGSRksC,11,Springer Paris,"Salah-Eddine Elayoubi, Tijani Chahed, Mazen Tlais, Abed-Ellatif Samhat","In this paper, we develop an efficient Call Admission Control (CAC) algorithm forUMTS systems. We first introduce the expressions that we developed for Signal-to-Interference (SIR) for both uplink and downlink, to obtain a novelCAC algorithm that takes into account, in addition toSIR constraints, the effects of mobility, coverage as well as the wired capacity behind the base station, for the uplink, and the maximal transmission power of the base station, for the downlink. As of its implementation, we investigate the measurement-based approach as a means to predict future, both handoff and new, call arrivals and thus manage different priority levels depending on a tunable coefficient. Compared to classicalCAC algorithms, ourCAC mechanism achieves better performance in terms of outage probability and QoS management.",mobility management,0.409
,,"Priority queuing for IP-based service differentiation in the UMTS radio access network
A Samhat, T Chahed, G Hébuterne - International Conference on Research in Networking, 2004
Cited by 3 Related articles All 10 versions",2004,,https://www.researchgate.net/profile/Abed-Ellatif-Samhat/publication/221198228_Priority_Queuing_for_IP-Based_Service_Differentiation_in_the_UMTS_Radio_Access_Network/links/0c96051c15fa0bfa1f000000/Priority-Queuing-for-IP-Based-Service-Differentiation-in-the-UMTS-Radio-Access-Network.pdf,,,,490-501,"Heterogeneous Wireless Networks, Mobility Management, Security, IoT",Cited by 3,Abed Ellatif Samhat,,,Priority queuing for IP-based service differentiation in the UMTS radio Access Network,,"NETWORKING 2004. Networking Technologies, Services, and Protocols; Performance of Computer and Communication Networks; Mobile and Wireless Communications",,https://scholar.google.com/citations?view_op=view_citation&hl=en&user=IW38SxMAAAAJ&cstart=20&pagesize=80&citation_for_view=IW38SxMAAAAJ:WF5omc3nYNoC,,Springer Berlin/Heidelberg,"Abedellatif Samhat, Tijani Chahed, Gerard Hébuterne","In this work, we investigate service differentiation under IP for the transport of both real-time and non real-time user traffic in the UMTS Terrestrial Radio Access Network (UTRAN). Therein, stringent delay bounds are to be met for both types of traffic, albeit tighter for the voice traffic. For the sake of simplicity, we suggest, model and analyze the use of priority queuing, as an efficient way to implement service differentiation. Our results are validated empirically on a test-bed emulating the UTRAN transport functionalities. This is carried out following a mean value as well as a percentile analysis. Based on these results, we draw the proper dimensioning of the UTRAN so as to meet the target QoS requirements.",heterogeneous wireless networks,0.133
,,"Vulnerability-oriented risk identification framework for IoT risk assessment
M Beyrouti, A Lounis, B Lussier, A Bouabdallah… - Internet of Things, 2024
Cited by 2 Related articles All 4 versions",2024/10/1,27.0,https://hal.science/hal-04901585/document,,,,101333,"Heterogeneous Wireless Networks, Mobility Management, Security, IoT",Cited by 2,Abed Ellatif Samhat,,,Vulnerability-oriented risk identification framework for IoT risk assessment,,Internet of Things,,https://scholar.google.com/citations?view_op=view_citation&hl=en&user=IW38SxMAAAAJ&cstart=20&pagesize=80&citation_for_view=IW38SxMAAAAJ:HE397vMXCloC,,Elsevier,"Mohammad Beyrouti, Ahmed Lounis, Benjamin Lussier, Abdelmadjid Bouabdallah, Abed Ellatif Samhat","The proliferation of Internet of Things (IoT) systems across diverse applications has led to a notable increase in connected smart devices. Nevertheless, this surge in connectivity has induced a broad spectrum of vulnerabilities and threats, jeopardizing the security and safety of IoT applications. Security risk assessment methods are commonly employed to analyze risks. However, traditional IT and existing IoT-tailored security assessment methods often fail to fully address key IoT aspects: complex assets intercommunication, dynamic system changes, assets’ potential as attack platforms, safety impacts of security breaches, and assets resource constraints. Such oversights lead to significant risks being overlooked in the IoT ecosystem. In this paper, we propose a novel vulnerability-oriented risk identification framework comprising a four-step process as a core element of IoT security risk assessment, applicable to any …",security,0.604
,"2023 IEEE 34th Annual International Symposium on Personal, Indoor and Mobile Radio Communications (PIMRC)","Caching-aided coded multicasting in dynamic scenarios
M Haidar, Y Fadlallah, H Sawaya, AE Samhat - 2023 IEEE 34th Annual International Symposium on …, 2023
Cited by 2 Related articles",2023/9/5,,,,,,1-6,"Heterogeneous Wireless Networks, Mobility Management, Security, IoT",Cited by 2,Abed Ellatif Samhat,,,Caching-aided coded multicasting in dynamic scenarios,,,,https://scholar.google.com/citations?view_op=view_citation&hl=en&user=IW38SxMAAAAJ&cstart=20&pagesize=80&citation_for_view=IW38SxMAAAAJ:kRWSkSYxWN8C,,IEEE,"Mirna Haidar, Yasser Fadlallah, Hadi Sawaya, Abed Ellatif Samhat","New technologies that incorporate affordable storage at the edge, such as caching, are anticipated to facilitate the growth of wireless communication and accommodate increased traffic. In this paper, the focus is on designing an adaptive coded caching schema in dynamic scenarios with respect to the users mobility and their continuous requests. The proposed technique is based on the original coded caching schema that can be seen as index coding problem and modeled as a conflict graph. The approach is to adapt the conflict graph to any request and apply the necessary coloring in a adaptive way. A greedy approach is used, comparing the performance to the Greedy Randomized Adaptive Search Procedure (GRASP) algorithm proposed by Vettigli et al.. The aim of the adaptive greedy based technique is improving the performance while significantly reducing the complexity of the algorithm. Simulation results …",mobility management,0.204
,,"Secure proxy MIPv6-based mobility solution for LPWAN
H Jradi, F Nouvel, AE Samhat, JC Prévotet, M Mroue - Wireless Networks, 2023
Cited by 2 Related articles All 11 versions",2023/1,29.0,https://hal.science/hal-03771190v1/file/Jradi%20et%20al_2022_Secure%20Proxy%20MIPv6-Based%20Mobility%20Solution%20for%20LPWAN.pdf,,,,69-85,"Heterogeneous Wireless Networks, Mobility Management, Security, IoT",Cited by 2,Abed Ellatif Samhat,,,Secure proxy MIPv6-based mobility solution for LPWAN,,Wireless Networks,,https://scholar.google.com/citations?view_op=view_citation&hl=en&user=IW38SxMAAAAJ&cstart=20&pagesize=80&citation_for_view=IW38SxMAAAAJ:tS2w5q8j5-wC,1,Springer US,"Hassan Jradi, Fabienne Nouvel, Abed Ellatif Samhat, Jean-Christophe Prévotet, Mohamad Mroue","With the advancement and the wide deployment of the Internet of Things, Low Power Wide Area Network (LPWAN) technologies will respond to applications requiring low power and long range features. In this context, mobility is an additional requirement needed by several applications including supply chain monitoring and health-care supervision. Proxy Mobile IPv6 (PMIPv6) as an extension of Internet Protocol (IP) is used in the LPWAN protocol stack since it provides mobility management. But PMIPv6 does not provide secure access for mobile nodes joining to the network. In this paper, we propose a new mobility solution for LPWAN based on PMIPv6 and we provide a new authentication mechanism to achieve secure access to the network. Thereafter, we evaluate the performance of the proposed solution by simulation using the Network Simulator 3 (NS-3) and by theoretical analysis. Moreover, the security of …",mobility management,0.609
,,"Mesh HDR WPAN resource allocation optimization approaches.
S Sindian, AE Samhat, M Crussière, JF Hélard, A Khalil - Int. Arab J. Inf. Technol., 2019
Cited by 2 Related articles All 7 versions",2019,16.0,https://www.researchgate.net/profile/Samar-Sindian/publication/333994662_Mesh_HDR_WPAN_Resource_Allocation_Optimization_Approaches/links/5d11c215299bf1547c7c797e/Mesh-HDR-WPAN-Resource-Allocation-Optimization-Approaches.pdf,,,,,"Heterogeneous Wireless Networks, Mobility Management, Security, IoT",Cited by 2,Abed Ellatif Samhat,,,Mesh HDR WPAN Resource Allocation Optimization Approaches,,The International Arab Journal of Information Technology,,https://scholar.google.com/citations?view_op=view_citation&hl=en&user=IW38SxMAAAAJ&cstart=20&pagesize=80&citation_for_view=IW38SxMAAAAJ:4OULZ7Gr8RgC,3A,,"S. Sindian, A.E. Samhat, M. Crussière, J-F. Hélard, A. Khalil","In the multihop IEEE 802.15. 5 networks, all the devices compete to the resources of a shared superframe. In order to distribute these resources in a fair and satisfactory manner among the competing devices, we propose a distributed optimization framework for resource allocation scheme in an IEEE 802.15. 5 hop-1. For this purpose, we introduce in this paper a suite of optimization problems for the hop-1 IEEE 802.15. 5 resource allocation to optimize fairness and satisfaction without exceeding the superframe size and respecting the demanded channel time size sent by the requesting devices. Simulation results studied and compared the satisfaction factor and fairness index of the different proposed optimization problems. Consequently, a trade-off between satisfaction and fairness should be conducted for choosing the optimal solution.",heterogeneous wireless networks,0.138
,,"Adaptive session duration for efficient pooling of time and space in content delivery
M Malli, H Sbeity, A Fadlallah, A Hodroj, AE Samhat - International Journal of Computer Science and …, 2016
Cited by 2 Related articles",2016/2/1,16.0,https://www.researchgate.net/profile/Ahmad-Fadlallah/publication/297715317_Adaptive_Session_Duration_for_Efficient_Pooling_of_Time_and_Space_in_Content_Delivery/links/56e1352f08ae979addf10962/Adaptive-Session-Duration-for-Efficient-Pooling-of-Time-and-Space-in-Content-Delivery.pdf,,,,32,"Heterogeneous Wireless Networks, Mobility Management, Security, IoT",Cited by 2,Abed Ellatif Samhat,,,Adaptive Session Duration for Efficient Pooling of Time and Space in Content Delivery,,International Journal of Computer Science and Network Security (IJCSNS),,https://scholar.google.com/citations?view_op=view_citation&hl=en&user=IW38SxMAAAAJ&cstart=20&pagesize=80&citation_for_view=IW38SxMAAAAJ:isC4tDSrTZIC,2,International Journal of Computer Science and Network Security,"Mohammad Malli, Hassan Sbeity, Ahmad Fadlallah, Ali Hodroj, Abed-Ellatif Samhat","The availability of a wide variety of access technologies provides end-users (clients) with access to more than one communication network. In addition, service/content replication has become a trivial approach in overlay networks to provide a high availability of data and better Quality of Service (QoS). In this paper, we consider a multi-homed client seeking a replicated service/content in a Content Distributed Network (CDN), and we propose an adaptive model to improve the content distribution. This model is applied at the application level in a fully distributed way. It takes advantage of the connections “multiplicity” at both client and server sides in order to improve the content distribution. It consists of simultaneously downloading the requested content from the “best” server available through each client network interface. This is achieved in multiple sessions having adaptive durations estimated based on the passive measurement of network performance. In order to ensure the confidentiality of the content download, we enhance the model with an encryption scheme. Our measurement results show that our model is able to pool efficiently the network capacity over the space and time by improving considerably the latency.",heterogeneous wireless networks,0.137
,,"A two-hop IEEE 802.15. 5 resource allocation mechanism
S Sindian, M Crussière, JF Hélard, A Khalil, SA Ellatif - EURASIP Journal on Wireless Communications and …, 2014
Cited by 2 Related articles",2014/11/23,,,,,,,"Heterogeneous Wireless Networks, Mobility Management, Security, IoT",Cited by 2,Abed Ellatif Samhat,,,A two-hop IEEE 802.15. 5 resource allocation mechanism,,EURASIP Journal on Wireless Communications and Networking,,https://scholar.google.com/citations?view_op=view_citation&hl=en&user=IW38SxMAAAAJ&cstart=20&pagesize=80&citation_for_view=IW38SxMAAAAJ:fPk4N6BV_jEC,,,"Samar Sindian, Matthieu Crussière, Jean-François Hélard, Ayman Khalil, Samhat Abed Ellatif","A two-hop IEEE 802.15.5 resource allocation mechanism - Archive ouverte HAL Recherche Accéder directement au contenu Pied de page Logo Logo Documentation FR Français (FR) Anglais (EN) Se connecter HAL science ouverte Recherche Loading... Recherche avancée Information de documents Titres Titres Sous-titre Titre de l'ouvrage Titre du volume (Série) Champ de recherche par défaut (multicritères) + texte intégral des PDF Résumé Texte intégral indexé des documents PDF Mots-clés Type de document Sous-type de document Tous les identifiants du document Identifiant HAL du dépôt Langue du document (texte) Pays (Texte) Ville À paraître (true ou false) Ajouter Auteur Auteur (multicritères) Auteur (multicritères) Auteur : Nom complet Auteur : Nom de famille Auteur : Prénom Auteur : Complément de nom, deuxième prénom Auteur : Organisme payeur Auteur : IdHal (chaîne de caractères) Auteur : …",Unclassified,0.0
,2005 2nd International Symposium on Wireless Communication Systems,"On the QoS-capable transport in the IP-based UTRAN
A Samhat, T Chahed - 2005 2nd International Symposium on Wireless …, 2005
Cited by 2 Related articles All 7 versions",2005/9/7,,https://www.researchgate.net/profile/Abed-Ellatif-Samhat/publication/4197150_On_the_QoS-capable_transport_in_the_IP-based_UTRAN/links/09e4150ffea65daa89000000/On-the-QoS-capable-transport-in-the-IP-based-UTRAN.pdf,,,,318-321,"Heterogeneous Wireless Networks, Mobility Management, Security, IoT",Cited by 2,Abed Ellatif Samhat,,,On the QoS-capable transport in the IP-based UTRAN,,,,https://scholar.google.com/citations?view_op=view_citation&hl=en&user=IW38SxMAAAAJ&cstart=20&pagesize=80&citation_for_view=IW38SxMAAAAJ:roLk4NBRz8UC,,IEEE,"A Samhat, T Chahed","In this paper, we highlight different architectures and techniques for transport of user traffic in the IP-based UMTS terrestrial radio access network (UTRAN) taking into account the real-time nature of the transport therein. Indeed, the UTRAN imposes severe delay bounds on the transport of both real-time and non real-time traffic. In this context, we provide an overview of different QoS-capable transport architecture options, such as DiffServ and MPLS. We also discuss multiplexing schemes that shall reduce overheads and hence achieve an efficient utilization of limited wired resources. We investigate these transport options and their relative merits taking into account several factors including transport infrastructure and network topology",heterogeneous wireless networks,0.133
,,"Joint throughput-energy optimization in multi-gateway LoRaWAN networks
A Loubany, S Lahoud, AE Samhat, M El Helou - Telecommunication Systems, 2023
Cited by 1 Related articles All 6 versions",2023/10,84.0,,,,,271-283,"Heterogeneous Wireless Networks, Mobility Management, Security, IoT",Cited by 1,Abed Ellatif Samhat,,,Joint throughput-energy optimization in multi-gateway LoRaWAN networks,,Telecommunication Systems,,https://scholar.google.com/citations?view_op=view_citation&hl=en&user=IW38SxMAAAAJ&cstart=20&pagesize=80&citation_for_view=IW38SxMAAAAJ:q3oQSFYPqjQC,2,Springer US,"Ali Loubany, Samer Lahoud, Abed Ellatif Samhat, Melhem El Helou","Nowadays, LoRaWAN has become one of the most widely deployed low-power wide-area technologies suitable for Internet of Things applications. Sensor nodes powered by battery sources with a finite lifetime are the most common in these applications. Deploying a massive number of these nodes that send sporadic traffic increases collisions. In this paper, we propose a two-step algorithm in order to increase LoRaWAN network throughput, extend its lifetime, and therefore achieve high energy efficiency. First, we formulate a multi-objective optimization problem that jointly maximizes the network throughput and minimizes power consumption. Then, the power control step reduces the transmission power to the minimum allowed level, which preserves the reliability of communications. Our algorithm derives the optimal spreading factor and transmission power configuration for all nodes in LoRaWAN networks with …",heterogeneous wireless networks,0.138
International Workshop on Design and Architecture for Signal and Image Processing,,"High-Level Online Power Monitoring of FPGA IP Based on Machine Learning
M Richa, JC Prévotet, M Dardaillon, M Mroué… - International Workshop on Design and Architecture for …, 2023
Cited by 1 Related articles All 5 versions",2023/1/16,,,,,,107-119,"Heterogeneous Wireless Networks, Mobility Management, Security, IoT",Cited by 1,Abed Ellatif Samhat,,,High-Level Online Power Monitoring of FPGA IP Based on Machine Learning,,,,https://scholar.google.com/citations?view_op=view_citation&hl=en&user=IW38SxMAAAAJ&cstart=20&pagesize=80&citation_for_view=IW38SxMAAAAJ:8AbLer7MMksC,,Springer Nature Switzerland,"Majdi Richa, Jean-Christophe Prévotet, Mickaël Dardaillon, Mohamad Mroué, Abed Ellatif Samhat","Nowadays, power optimization has become a major interest for most digital hardware designers. Some, traditionally, might stick to offline power estimation especially in early design phases; some others resort to the modern and very promising runtime power management. Therefore, the Online Power Monitoring (OPM) is considered as an important feature serving real-time power optimization. OPM favors both in-situ power estimation and subsequent prediction, and can be exploited by the Dynamic Voltage and Frequency Scaling (DVFS) mechanism. DVFS, a modern technique for digital circuits power optimization, provides a realtime and adaptive voltage and/or frequency tuning while securing the systems’ performance and integrity. In this paper, we present and evaluate an accurate online power monitoring methodology of FPGA IPs. We estimate power consumption using machine learning techniques, based …",security,0.4
,,"Access selection in heterogeneous wireless networks based on user preferences
J Haydar, AE Samhat, G Pujolle - … Journal of Intelligent Systems Technologies and …, 2023
Cited by 1 Related articles All 3 versions",2023,21.0,,,,,21-39,"Heterogeneous Wireless Networks, Mobility Management, Security, IoT",Cited by 1,Abed Ellatif Samhat,,,Access selection in heterogeneous wireless networks based on user preferences,,International Journal of Intelligent Systems Technologies and Applications,,https://scholar.google.com/citations?view_op=view_citation&hl=en&user=IW38SxMAAAAJ&cstart=20&pagesize=80&citation_for_view=IW38SxMAAAAJ:D_sINldO8mEC,1,Inderscience Publishers (IEL),"Jamal Haydar, Abed Ellatif Samhat, Guy Pujolle","Access selection is an important key in heterogeneous networks, and the design of a new algorithm for decision is not a trivial task. Different aspects must be taken into consideration while designing a new decision algorithm, including both users' requirements (in terms of resources, QoS, user's preferences), and operator policies that aim to maximise the utilisation of its network capacity and to deliver services with acceptable QoS levels for the largest number of customers. Thus, in this paper, we propose a new selection algorithm based on user's preferences. The comparison between the proposed scenarios is given based on several performance indicators. The results show the improvement achieved by increasing the resource utilisation and therefore the overall system capacity.",heterogeneous wireless networks,0.614
,2018 International Arab Conference on Information Technology (ACIT),"Optimization framework for resource allocation in IEEE 802.15. 5 hop-1
S Sindian, AE Samhat, M Crussiere, JF Helard, A Khalil - 2018 International Arab Conference on Information …, 2018
Cited by 1 Related articles All 4 versions",2018/11/28,,,,,,1-6,"Heterogeneous Wireless Networks, Mobility Management, Security, IoT",Cited by 1,Abed Ellatif Samhat,,,Optimization Framework for Resource Allocation in IEEE 802.15. 5 Hop-1,,,,https://scholar.google.com/citations?view_op=view_citation&hl=en&user=IW38SxMAAAAJ&cstart=20&pagesize=80&citation_for_view=IW38SxMAAAAJ:ZHo1McVdvXMC,,IEEE,"Samar Sindian, Abed Ellatif Samhat, Matthieu Crussiere, Jean-Francois Helard, Ayman Khalil","The shared superframe multihop nature of wireless personal area networks (WPANs) poses fundamental challenges to the design of effective and optimal resource allocation algorithms with respect to resource utilization and fairness across different network devices. In this paper, we propose a distributed optimization framework for resource allocation scheme in an IEEE 802.15.5 hop-1 for fairly sharing network resources among contending stations network. A suite of problem formulations for the hop-1 IEEE 802.15.5 devices is proposed. Simulation results show different high satisfaction and fairness indexes among these different problems. Consequently, a trade-off between satisfaction and fairness should be conducted for choosing the optimal problem.",heterogeneous wireless networks,0.277
,,"Distributed scheduling in wireless mesh networks using smart antenna techniques
A Sabbah, AE Samhat - Proceedings of the International Conference on …, 2015
Cited by 1 Related articles",2015/1/1,,,,,,55,"Heterogeneous Wireless Networks, Mobility Management, Security, IoT",Cited by 1,Abed Ellatif Samhat,,,Distributed Scheduling in Wireless Mesh Networks using Smart Antenna Techniques,,Proceedings of the International Conference on Parallel and Distributed Processing Techniques and Applications (PDPTA),,https://scholar.google.com/citations?view_op=view_citation&hl=en&user=IW38SxMAAAAJ&cstart=20&pagesize=80&citation_for_view=IW38SxMAAAAJ:r0BpntZqJG4C,,"The Steering Committee of The World Congress in Computer Science, Computer Engineering and Applied Computing (WorldComp)","Alissar Sabbah, Abed Ellatif Samhat","The authors have investigated in this article the distributed scheduling in Wimax mesh networks. Unlike scheduling based on conventional omni-directional antenna that generates interference, they have proposed an algorithm for coordinated distributed scheduling that improves the system performance by taking into account the efficiency of smart antennas to maximize network throughput, by maximizing the number of concurrent transmissions without increasing interference. The implementation is achieved using the three-way handshake mechanism with few modifications. The simulations results in terms of simultaneously active links, ie network throughput, show great benefits of the proposed scheme in comparison with the conventional one.",heterogeneous wireless networks,0.277
,,"Scheduling in ofdma based systems
A KHREIS, AE SAMHAT - 2014
Cited by 1 Related articles",2014/6,,,,,,,"Heterogeneous Wireless Networks, Mobility Management, Security, IoT",Cited by 1,Abed Ellatif Samhat,,,Scheduling in OFDMA based systems,"Master’s thesis, Lebanese University",,,https://scholar.google.com/citations?view_op=view_citation&hl=en&user=IW38SxMAAAAJ&cstart=20&pagesize=80&citation_for_view=IW38SxMAAAAJ:f2IySw72cVMC,,,"Alaa KHREIS, Abed Ellatif SAMHAT","The new generation of wireless networks support many high resource consuming services. The main problem of such networks is that the bandwidth is limited, besides to be subject to fading process, and shared among multiple users. Therefore, a combination of sophisticated transmission techniques (OFDMA…) and proper packet scheduling algorithms is necessary, in order to provide applications with suitable quality of service.
The objective of this mini-project is to build a reference model for the simulation of various scheduling algorithms using the Network Simulator (NS3). To achieve this goal, an overview of Orthogonal Frequency division multiple access is presented. Then, we discuss the Long Term Evolution cellular network and apply various scheduling algorithms on the downlink to study their behavior.",heterogeneous wireless networks,0.276
Radio Communications,,"Inter-RAT Handover between UMTS and WiMAX
LIU Bin, P Martins, P Bertin, AE Samhat - 2010
Cited by 1 Related articles All 7 versions",2010,,https://www.researchgate.net/profile/Abed-Ellatif-Samhat/publication/221908745_Inter-RAT_Handover_Between_UMTS_And_WiMAX/links/09e4150ffea64327ca000000/Inter-RAT-Handover-Between-UMTS-And-WiMAX.pdf,,,,,"Heterogeneous Wireless Networks, Mobility Management, Security, IoT",Cited by 1,Abed Ellatif Samhat,,,Inter-RAT Handover between UMTS and WiMAX,,,,https://scholar.google.com/citations?view_op=view_citation&hl=en&user=IW38SxMAAAAJ&cstart=20&pagesize=80&citation_for_view=IW38SxMAAAAJ:Se3iqnhoufwC,,InTech,"LIU Bin, Philippe Martins, Philippe Bertin, Abed Ellatif Samhat","The future beyond third generation (B3G) or fourth generation (4G) systems will consist of different radio access technologies, such as GSM/GPRS, UMTS, WiFi, and WiMAX. Many intensive efforts have been made to identify the unsolved issues about the future mobile systems, and one important issue is what the future vertical handover management solution will be. A variety of mobility management solutions have been proposed, such as MIPv6/FMIPv6 (D. Johnson, et al., 2004; R. Koodli, 2005), SCTP (M. Afif, et al., 2006), inter-RAT (Radio Access Technologies) handover of 3GPP (3GPP TS 43.129; 3GPP TR 25.931). Among these solutions, the layer 2 inter-RAT handover solution of 3GPP is a promising way for its high reliable handover procedure. Unfortunately, the 3GPP inter-RAT solutions only support inter-RAT handover between cellular networks, and do not support inter-RAT handover between WiMAX (Worldwide Interoperability for Microwave Access) and UMTS (Universal Mobile Telecommunications System). Another important issue is the interworking architecture and the coupling scenario that are used to provide an efficient inter-RAT handover management. Depending on where is the coupling point, there are several interworking architectures: no coupling, loose coupling, tight coupling, very tight coupling (integrated coupling)(G. Lanpropoulos, et al., 2005). The loose coupling and tight coupling architectures often use Mobile IP or part of Mobile IP as the handover management protocol. So these two kinds of coupling architectures require less complicated modifications to the existing protocol stacks and are more flexible than …",mobility management,0.606
,"2006 IEEE 17th International Symposium on Personal, Indoor and Mobile Radio Communications","Modelling and Radio Resource Management in IEEE 802.11 B WLAN for Semi-Dynamic Simulator
A Samhat, Z Altman - 2006 IEEE 17th International Symposium on Personal …, 2006
Cited by 1 Related articles",2006/9/11,,,,,,1-5,"Heterogeneous Wireless Networks, Mobility Management, Security, IoT",Cited by 1,Abed Ellatif Samhat,,,Modelling and Radio Resource Management in IEEE 802.11 B WLAN for Semi-Dynamic Simulator,,,,https://scholar.google.com/citations?view_op=view_citation&hl=en&user=IW38SxMAAAAJ&cstart=100&pagesize=100&citation_for_view=IW38SxMAAAAJ:0EnyYjriUFMC,,IEEE,"A Samhat, Zwi Altman",IEEE 802.11 wireless local area networks (WEAN) widely deployed in recent years work mostly with distributed coordinated function (DCF) at medium access control (MAC) layer without QoS (quality of service) support. This paper aims at modelling WLAN network for a semi-dynamic simulator: Bianchi's DCF model is extended to include asymmetric TCP traffic for mobile stations with different radio conditions and modulations; radio resource management (RRM) algorithms are devised to guarantee QoS; adaptation of the model for a semi-dynamic simulator is described. Simulation results illustrate the effectiveness of the proposed modelling,mobility management,0.405
,GRES'2003,"IntServ sur DiffServ: Etude du rapport micro-flux/agrégat
AE Samhat, T Chahed - GRES Février, 2003
Cited by 1 Related articles All 3 versions",2003,,http://www-public.imtbs-tsp.eu/~chahed/abed_gres2003.pdf.gz,,,,,"Heterogeneous Wireless Networks, Mobility Management, Security, IoT",Cited by 1,Abed Ellatif Samhat,,,IntServ sur DiffServ: Etude du rapport micro-flux/agrégat,,,,https://scholar.google.com/citations?view_op=view_citation&hl=en&user=IW38SxMAAAAJ&cstart=100&pagesize=100&citation_for_view=IW38SxMAAAAJ:KlAtU1dfN6UC,,,"Abed Ellatif Samhat, Tijani Chahed","Cet article traite la qualité de service de bout-en-bout dans l'Internet, en proposant une architecture basée sur IntServ dans le LAN à la périphérie de DiffServ dans le WAN. Dans une première partie, nous faisons un rappel théorique des résultats que nous avons obtenu dans ce contexte et qui visent essentiellement le rapport entre l'agrégat diffserv et flux individuels intserv qui le constituent. Ensuite, une série d'expérimentations sur une plateforme de QoS locale valide nos résultats.
ABSTRACT. We focus in this paper on end-to-end QoS in the Internet wherein IntServ acting on a per-flow basis is found in local networks in the periphery of large networks where DiffServ is implemented. We first recall the theoretical results we obtained in this area; especially the relationship between the diffserv aggregate and its constituting intserv single flows. We then make use of a set of experimentation on a local QoS testbed to validate our results.",heterogeneous wireless networks,0.137
,,"La différentiation de service basée sur des mesures
A Samhat, T Chahed - 2001
Cited by 1 Related articles All 2 versions",2001,,http://www-public.imtbs-tsp.eu/~chahed/abed_gres2001.pdf.gz,,,,,"Heterogeneous Wireless Networks, Mobility Management, Security, IoT",Cited by 1,Abed Ellatif Samhat,,,La différentiation de service basée sur des mesures,,,,https://scholar.google.com/citations?view_op=view_citation&hl=en&user=IW38SxMAAAAJ&cstart=100&pagesize=100&citation_for_view=IW38SxMAAAAJ:hqOjcs7Dif8C,,GRES,"Abed Ellatif Samhat, Tijani Chahed","Dans cet article, nous proposons une architecture de différentiation de service dans le contexte des applications multimédia qui nécessitent une qualité de service, tant au niveau théorique qu'au niveau de sa mise en œuvre sur un testbed DiffServ. Cette architecture est basée sur le modèle DiffServ qui distingue fortement entre les actions menées à l'edge et celles menées dans le core du réseau. A l'edge, nous retenons l'agrégation des flots en classes ainsi que la régulation, de ceux qui utilisent UDP comme protocole de transport, par un Token Bucket (TB). Dans le core, nous assurons un acheminement spécifique ou PHB (Per Hop Behavior) des paquets selon le niveau de priorité de leurs classes traduit par l'étiquette DSCP (DiffServ Code Point). Nous montrons la mise en œuvre du PHB EF (Expedited Forwarding) par les éléments spécifiques de l'architecture proposée.
ABSTRACT. In this paper, we propose a differentiated service (DiffServ) based architecture to achieve the Quality of Service (QoS) requested by multimedia applications. This architecture relies on the distinction between the edge and the core routers. The aggregation of flows into classes as well as shaping of those using UDP as transport protocol by token buckets at the edge, in the core a special treatment (Per Hop Behavior) for packets according to the priority level of their classes is implemented. Building on these blocks, we show the implementation of Expedited Forwarding (EF) PHB and validate it by experimental measures on a DiffServ testbed.",Unclassified,0.0
,,"Internet of Things-Based Healthcare Systems: An Overview of Privacy-Preserving Mechanisms
R Nabha, A Laouiti, AE Samhat - Applied Sciences, 2025
Related articles All 2 versions",2025/3/26,15.0,https://www.mdpi.com/2076-3417/15/7/3629,,,Applied Sciences,3629,"Heterogeneous Wireless Networks, Mobility Management, Security, IoT",,Abed Ellatif Samhat,,,Internet of Things-Based Healthcare Systems: An Overview of Privacy-Preserving Mechanisms,,,,https://scholar.google.com/citations?view_op=view_citation&hl=en&user=IW38SxMAAAAJ&cstart=100&pagesize=100&citation_for_view=IW38SxMAAAAJ:AXPGKjj_ei8C,7,MDPI,"Reem Nabha, Anis Laouiti, Abed Ellatif Samhat","The integration of the IoT into healthcare opens new horizons while introducing ethical and legal challenges to preserving patients’ privacy. This paper provides a comprehensive review of privacy-preserving mechanisms in IoT-based healthcare systems, analyzing key challenges such as secure data transmission, decentralized processing, privacy-preserving analytics, and user-centric control. We classify existing privacy solutions into a structured comparative framework, highlighting their integration strategies, security measures, and technical implementations in scalable architectures. Additionally, we discuss emerging trends and open research challenges that require further exploration. This study is a valuable reference for researchers, practitioners, and policymakers seeking to develop and enhance privacy-preserving solutions in IoT-based healthcare environments.",security,0.605
,"2024 11th International Conference on Internet of Things: Systems, Management and Security (IOTSMS)","Security-Bag: A Specification-based Intrusion Detection System Applied to Star Topology BLE Networks
M Beyrouti, A Lounis, B Lussier, A Bouabdallah… - 2024 11th International Conference on Internet of …, 2024
Related articles All 3 versions",2024/9/2,,https://hal.science/hal-04830222v1/file/Camera-ready%20version%20IoTSMS.pdf,,,,169-176,"Heterogeneous Wireless Networks, Mobility Management, Security, IoT",,Abed Ellatif Samhat,,,Security-Bag: A Specification-based Intrusion Detection System Applied to Star Topology BLE Networks,,,,https://scholar.google.com/citations?view_op=view_citation&hl=en&user=IW38SxMAAAAJ&cstart=100&pagesize=100&citation_for_view=IW38SxMAAAAJ:Mojj43d5GZwC,,IEEE,"Mohammad Beyrouti, Ahmed Lounis, Benjamin Lussier, Abdelmadjid Bouabdallah, Abed Ellatif Samhat","Bluetooth Low Energy (BLE), a protocol widely used in IoT applications, enables efficient data exchange with low-cost, resource-constrained devices. Unfortunately, BLE’s numerous vulnerabilities and poor vendor patching policies, combined with the lack of seamless update mechanisms for BLE devices, expose these systems to various wireless attacks, jeopardizing the safety and security of IoT applications. This underscores the need for an Intrusion Detection System (IDS). However, IPbased IDS systems have limited BLE attack detection scope, and existing BLE-specific IDS solutions, particularly those using unreliable, Received Signal Strength Indication (RSSI)-dependent sniffers/probes and static thresholds in attack detection, suffer from limitations due to the dynamic aspects of BLE devices, such as device mobility and connection parameters update, in their designs. In this paper, we propose the Security …",security,0.604
,IGARSS 2024-2024 IEEE International Geoscience and Remote Sensing Symposium,"Automated National Urban Map Extraction
H Nasrallah, AE Samhat, C Nattero, AJ Ghandour - IGARSS 2024-2024 IEEE International Geoscience …, 2024
Related articles All 3 versions",2024/7/7,,https://arxiv.org/pdf/2404.06202,,,,5431-5434,"Heterogeneous Wireless Networks, Mobility Management, Security, IoT",,Abed Ellatif Samhat,,,Automated National Urban Map Extraction,,,,https://scholar.google.com/citations?view_op=view_citation&hl=en&user=IW38SxMAAAAJ&cstart=100&pagesize=100&citation_for_view=IW38SxMAAAAJ:5ugPr518TE4C,,IEEE,"Hasan Nasrallah, Abed Ellatif Samhat, Cristiano Nattero, Ali J Ghandour","Developing countries usually lack the proper governance means to generate and regularly update a national rooftop map. Using traditional photogrammetry and surveying methods to produce a building map at the federal level is costly and time consuming. Using earth observation and deep learning methods, we can bridge this gap and propose an automated pipeline to fetch such national urban maps. This paper aims to exploit the power of fully convolutional neural networks for multi-class buildings’ instance segmentation to leverage high object-wise accuracy results. Buildings’ instance segmentation from sub-meter high-resolution satellite images can be achieved with relatively high pixel-wise metric scores. We detail all engineering steps to replicate this work and ensure highly accurate results in dense and slum areas witnessed in regions that lack proper urban planning in the Global South. We applied a case …",heterogeneous wireless networks,0.137
,2024 IEEE 99th Vehicular Technology Conference (VTC2024-Spring),"An Adaptive Coded Caching Scheme for Time-Varying Channels
M HAIDAR, Y FADLALLAH, Z KASSIR, H SAWAYA… - 2024 IEEE 99th Vehicular Technology Conference …, 2024
Related articles All 2 versions",2024/6/24,,http://ieeevtc.org/vtc2024spring/DATA/PID2024002057.pdf,,,,1-6,"Heterogeneous Wireless Networks, Mobility Management, Security, IoT",,Abed Ellatif Samhat,,,An Adaptive Coded Caching Scheme for Time-Varying Channels,,,,https://scholar.google.com/citations?view_op=view_citation&hl=en&user=IW38SxMAAAAJ&cstart=100&pagesize=100&citation_for_view=IW38SxMAAAAJ:WA5NYHcadZ8C,,IEEE,"Mirna HAIDAR, Yasser FADLALLAH, Zeinab KASSIR, Hadi SAWAYA, Abed Ellatif SAMHAT","New technologies that incorporate affordable storage at the edge, such as caching, are anticipated to facilitate the growth of wireless communication and accommodate increased traffic. In this paper, we address the challenge of adapting the original coded caching scheme to time-varying channels through a low-complexity approach. The approach categorizes graph nodes into two groups: those requiring modifications and those that remain unchanged. When a user's code rate increases, a merge process is applied to the associated graph vertices, while a split process is implemented for users with a decreased code rate. Subsequently, the graph is adaptively colored to facilitate continuous transmission. The efficacy and performance of the proposed scheme are demonstrated through simulation results.",heterogeneous wireless networks,0.138
,"2024 IEEE 25th International Symposium on a World of Wireless, Mobile and Multimedia Networks (WoWMoM)","An Enhanced Threat Intelligence Driven Hybrid Model for Information Security Risk Management
H El Amin, AE Samhat, M Chamoun, L Oueidat… - 2024 IEEE 25th International Symposium on a World of …, 2024
Related articles All 2 versions",2024/6/1,,,,,,5-12,"Heterogeneous Wireless Networks, Mobility Management, Security, IoT",,Abed Ellatif Samhat,,,An Enhanced Threat Intelligence Driven Hybrid Model for Information Security Risk Management,,,,https://scholar.google.com/citations?view_op=view_citation&hl=en&user=IW38SxMAAAAJ&cstart=100&pagesize=100&citation_for_view=IW38SxMAAAAJ:t6usbXjVLHcC,,IEEE Computer Society,"Habib El Amin, Abed Ellatif Samhat, Maroun Chamoun, Lina Oueidat, Antoine Feghali","Risk management (RM) frameworks were established to identify, evaluate, and treat information security risks. The hybrid model for information security risk assessment (RA) [1] outlines a systematic process encompassing threat analysis while remaining agnostic to the source of threat information. It is limited in its adaptability to threat changes and dynamics. In an evolving landscape of changing threats, traditional RM methodologies face limitations in dynamic adaptation without considering Cyber Threat Intelligence (CTI) information. In this paper, we overview the established frameworks and methodologies for RM and CTI to identify gaps in the established RM frameworks. We propose a novel enhancement to the hybrid model by integrating CTI. This enhancement distinguishes our approach from other frameworks by facilitating the proactive inclusion of context-rich external threat data, leading to a more efficient …",security,0.605
,2023 IEEE 4th International Multidisciplinary Conference on Engineering Technology (IMCET),"User to Access point Distribution: Coded caching approach
M Haidar, Y Fadlallah, H Sawaya, AE Samhat - … IEEE 4th International Multidisciplinary Conference on …, 2023
Related articles",2023/12/12,,,,,,38-43,"Heterogeneous Wireless Networks, Mobility Management, Security, IoT",,Abed Ellatif Samhat,,,User to Access point Distribution: Coded caching approach,,,,https://scholar.google.com/citations?view_op=view_citation&hl=en&user=IW38SxMAAAAJ&cstart=100&pagesize=100&citation_for_view=IW38SxMAAAAJ:1qzjygNMrQYC,,IEEE,"Mirna Haidar, Yasser Fadlallah, Hadi Sawaya, Abed Ellatif Samhat","Future wireless networks will be confronting unprecedented difficulties resulting from mobile traffic growth, network densification and network distribution. New technologies that incorporate affordable storage at the edge, such as caching, are anticipated to facilitate the growth of wireless communication. In this paper, we focus on designing a user to access points distribution in presence of coded caching schema such that the total number of packets to transmit is minimized. The key idea is to check the access points that each user can connect to given the received power constraint, and then to assign each user to an access point based on the coded caching schema. The adopted coded caching schema is an index coding problem modeled as a conflict graph to be colored. This coloring process aims to code the packets together such that the data rate is maximized. Our contribution is to update the coloring process …",heterogeneous wireless networks,0.275
,GLOBECOM 2023-2023 IEEE Global Communications Conference,"VNFO-DCSC: A Novel Secure End-to-End NFV Marketplace Using Dynamic Composite Smart Contracts
M Almakhour, L Sliman, AE Samhat, BAIT Salem… - GLOBECOM 2023-2023 IEEE Global Communications …, 2023
Related articles All 3 versions",2023/12/4,,,,,,1632-1637,"Heterogeneous Wireless Networks, Mobility Management, Security, IoT",,Abed Ellatif Samhat,,,VNFO-DCSC: A Novel Secure End-to-End NFV Marketplace Using Dynamic Composite Smart Contracts,,,,https://scholar.google.com/citations?view_op=view_citation&hl=en&user=IW38SxMAAAAJ&cstart=100&pagesize=100&citation_for_view=IW38SxMAAAAJ:J-pR_7NvFogC,,IEEE,"Mouhamad Almakhour, Layth Sliman, Abed Ellatif Samhat, Boussad AIT Salem, Abdelhamid Mellouk","Recently, the integration of Network Function Virtualization (NFV) with the blockchain has been gaining a lot of attention. This combination aims to avoid traditional NFV issues such as trust, payment, and security. Several works have been proposed to orchestrate, buy, execute, and manage the life cycle of a Virtual Network Function (VNF). Thus, they came as NFV marketplaces and orchestration platforms. In this paper, we provide a novel secure End-to-End NFV marketplace called “VNFO-DCSC”, that uses dynamic composite smart contracts. This platform provides full orchestration, management, execution, and monitoring of VNFs in a secure way. “VNFO-DCSC” is implemented following the European Telecommunications Standards Institute (ETSI) standards [1] for NFV management and it is available on GitHub.",security,0.605
,,"Smart, Reliable, and Secure Systems For Emergency Management and Crisis
M BEYROUTI - 2023
Related articles",2023/6/28,,,,,,,"Heterogeneous Wireless Networks, Mobility Management, Security, IoT",,Abed Ellatif Samhat,,,"Smart, Reliable, and Secure Systems for Emergency Management and Crisis",,,,https://scholar.google.com/citations?view_op=view_citation&hl=en&user=IW38SxMAAAAJ&cstart=100&pagesize=100&citation_for_view=IW38SxMAAAAJ:BrmTIyaxlBUC,10470,EasyChair,"Mohammad Beyrouti, Abdelmadjid Bouabdallah, Abed Ellatif Samhat, Ahmed Lounis, Benjamin Lussier","The idea behind the Internet of Things (IoT) is to connect not only people and computers but also smart things like sensors, actuators, and control systems, enabling them to share and process data over the internet. IoT systems are valuable for emergency management because they can collect data from various smart objects, facilitating centralized decisionmaking. However, challenges related to operational safety and security must be addressed to ensure the reliability of IoT in critical applications. The objective of this thesis is to tackle these challenges by proposing a mechanism called the 2S-bag (safetysecurity bag), extending the rules checking from the already known Safety-bag components to both safety and security. This proposed mechanism continuously monitors and verifies safety and security requirements, thereby enhancing the reliability of IoT systems.",security,0.605
,ICC 2023-IEEE International Conference on Communications,"Energy Efficiency Enhancement for LoRaWAN Networks with Multiple Gateways
A Loubany, S Lahoud, AE Samhat, M El Helou - ICC 2023-IEEE International Conference on …, 2023
Related articles",2023/5/28,,,,,,2147-2152,"Heterogeneous Wireless Networks, Mobility Management, Security, IoT",,Abed Ellatif Samhat,,,Energy Efficiency Enhancement for LoRaWAN Networks with Multiple Gateways,,,,https://scholar.google.com/citations?view_op=view_citation&hl=en&user=IW38SxMAAAAJ&cstart=100&pagesize=100&citation_for_view=IW38SxMAAAAJ:mvPsJ3kp5DgC,,IEEE,"Ali Loubany, Samer Lahoud, Abed Ellatif Samhat, Melhem El Helou","LoRaWAN has emerged as a promising and suitable technology for massive machine-type communications. The emerging trend of green communication networking will play a significant role in minimizing power consumption for different battery-powered nodes. The Aloha access scheme used in LoRaWAN leads to a high probability of collision, reducing the network throughput on a large scale. Thus, enhancing the energy efficiency of LoRaWAN networks has become paramount. In this work, we propose a novel spreading factor selection and power control algorithm, named EE-LoRa, to improve the energy efficiency of LoRaWAN networks with multiple gateways. We first devise an optimization problem that maximizes the energy efficiency of the network, defined as a benefit-cost ratio between the network throughput and the consumed energy. Then, power control is applied to tune the transmission power at …",heterogeneous wireless networks,0.138
,,"Buildings’ Classification Using Very High-Resolution Satellite Imagery
AJ Ghandour, M Dimassi, H Nasrallah, M Zaraket… - Environ. Sci. Proc, 2023
Related articles All 2 versions",2023,1.0,https://sciforum.net/manuscripts/17969/manuscript.pdf,,,,,"Heterogeneous Wireless Networks, Mobility Management, Security, IoT",,Abed Ellatif Samhat,,,Buildings’ Classification Using Very High-Resolution Satellite Imagery,,Environ. Sci. Proc,,https://scholar.google.com/citations?view_op=view_citation&hl=en&user=IW38SxMAAAAJ&cstart=100&pagesize=100&citation_for_view=IW38SxMAAAAJ:olpn-zPbct0C,0,,"AJ Ghandour, M Dimassi, H Nasrallah, M Zaraket, J Haidar, A Samhat","Buildings’ classification using satellite images is gaining importance for several applications, such as damage assessment, resource allocation, and population estimation. This work focuses on two specific classification tasks: building-type classification (residential or non-residential) and building-damage assessment (damaged or not-damaged). These two tasks have recently become of great interest, especially considering current global conflicts and natural disasters, such as the Ukrainian conflict, the 2023 Turkey–Syria earthquake, and the recent tragic flood in Libya’s Derna. Existing building-type classification approaches combine optical satellite images with LIDAR data or street view images. We propose here to rely solely on RGB satellite images and follow a 2-stage deep learning-based approach, where buildings’ footprints are extracted using a semantic segmentation model, followed by the classification of the segmented images. To the best of our knowledge, this is the first Building-Type Classification (BTC) method solely based on RGB aerial imagery. Optical imagery is cost-effective and widely available and can be tasked and acquired quickly following a military conflict or natural disaster. Supervised deep learning algorithms rely on high-quality labeled datasets. Four Building-Damage Assessment (BDA) datasets are considered, analyzed, and compared to choose the appropriate one for our research. For the scope of this work, we define a damaged building as a partially or wholly demolished building that might result from armed conflicts, earthquakes, tornadoes, and hurricanes. On the other hand, due to the need for an …",heterogeneous wireless networks,0.133
,2022 International Conference on Smart Systems and Power Management (IC2SPM),"Automated Training Data Construction using Measurements for High-Level Learning-Based FPGA Power Modeling
M Richa, JC Prévotet, M Dardaillon, M Mroué… - 2022 International Conference on Smart Systems and …, 2022
Related articles All 2 versions",2022/11/10,,,,,,170-175,"Heterogeneous Wireless Networks, Mobility Management, Security, IoT",,Abed Ellatif Samhat,,,Automated Training Data Construction using Measurements for High-Level Learning-Based FPGA Power Modeling,,,,https://scholar.google.com/citations?view_op=view_citation&hl=en&user=IW38SxMAAAAJ&cstart=100&pagesize=100&citation_for_view=IW38SxMAAAAJ:geHnlv5EZngC,,IEEE,"Majdi Richa, Jean-Christophe Prévotet, Mickaël Dardaillon, Mohamad Mroué, Abed Ellatif Samhat","Machine Learning (ML) is the process of developing Artificial Intelligence (AI) in computers, where the generated models are trained using appropriate learning algorithms and training data. For many machine learning techniques, especially the ones related to supervised methods, the construction of the training data highly affects the quality and accuracy of the derived model. In this paper w e present and evaluate an automated training set construction methodology where data is synchronously collected from both hardware and software. The complete design and data flow including the interaction between software and hardware, are thoroughly described. As a direct application, this work targets the construction of an FPGA-based circuit power modeling for subsequent early power estimation. The constructed Artificial Neural Network (ANN) model is trained using real measurement data sets extracted using a …",heterogeneous wireless networks,0.133
,"ICN 2022, The Twenty-First International Conference on Networks","Secure PMIPv6-Based Mobility Solution for LoRaWAN*
H Jradi, AE Samhat, F Nouvel, M Mroue, JC Prévotet
Related articles",2022/4/24,,,,,,16-21,"Heterogeneous Wireless Networks, Mobility Management, Security, IoT",,Abed Ellatif Samhat,,,Secure PMIPv6-Based Mobility Solution for LoRaWAN,,,,https://scholar.google.com/citations?view_op=view_citation&hl=en&user=IW38SxMAAAAJ&cstart=100&pagesize=100&citation_for_view=IW38SxMAAAAJ:tOudhMTPpwUC,,https://www.thinkmind.org/index.php?view=article&articleid=icn_2022_1_40_30026,"Hassan Jradi, Abed Ellatif Samhat, Fabienne Nouvel, Mohamad Mroue, Jean-Christophe Prevotet",,security,0.4
,,"Solar Potential Assessment using Multi-Class Buildings Segmentation from Aerial Images
H Nasrallah, A Ellatif Samhat, G Faour, Y Shi… - arXiv e-prints, 2021
Related articles",2021,,,,,,,"Heterogeneous Wireless Networks, Mobility Management, Security, IoT",,Abed Ellatif Samhat,,,Solar Potential Assessment using Multi-Class Buildings Segmentation from Aerial Images,,CoRR abs/2111.11397,,https://scholar.google.com/citations?view_op=view_citation&hl=en&user=IW38SxMAAAAJ&cstart=100&pagesize=100&citation_for_view=IW38SxMAAAAJ:738O_yMBCRsC,,,"Hasan Nasrallah, Abed Ellatif Samhat, Ghaleb Faour, Yilei Shi, Ali J. Ghandour","Semantic Segmentation of buildings present in satellite images using encoder-decoder like convolutional neural networks is being achieved with relatively high pixel-wise metric scores. In this paper, we aim to exploit the power of fully convolutional neural networks for an instance segmentation task using extra added classes to the output along with the watershed processing technique to leverage better object-wise metric results. We also show that CutMix mixed data augmentations and the One-Cycle learning rate policy are greater regularization methods to achieve a better fit on the training data and increase performance. Furthermore, Mixed Precision Training provided more flexibility to experiment with bigger networks and batches while maintaining stability and convergence during training. We compare and show the effect of these additional changes throughout our whole pipeline to finally provide a set a …",heterogeneous wireless networks,0.137
,"2019 International Symposium on Networks, Computers and Communications (ISNCC)","Hop-2 IEEE 802.15. 5 Optimization framework for Resource Allocation with Service Differentiation
S Sindian, AE Samhat, A Khalil, M Crussière, JF Hélard… - … International Symposium on Networks, Computers and …, 2019
Related articles",2019/6/18,,,,,,1-6,"Heterogeneous Wireless Networks, Mobility Management, Security, IoT",,Abed Ellatif Samhat,,,Hop-2 IEEE 802.15. 5 Optimization framework for Resource Allocation with Service Differentiation,,,,https://scholar.google.com/citations?view_op=view_citation&hl=en&user=IW38SxMAAAAJ&cstart=100&pagesize=100&citation_for_view=IW38SxMAAAAJ:_xSYboBqXhAC,,IEEE,"Samar Sindian, Abed Ellatif Samhat, Ayman Khalil, Matthieu Crussière, Jean-François Hélard, Samer Sindian","The shared superframe multihop nature of wireless personal area networks (WPAN s) encounters fundamental challenges to the design of effective and optimal resource allocation algorithms with respect to resource utilization and fairness across different network devices. In this paper, we propose a distributed optimization framework for resource allocation scheme for IEEE 802.15.5 hop-2 for fairly sharing the channel time resources granted by the reference Mesh Piconet Coordinator (MPNC) to the hop-1 MNPC among hop-2 devices. A NUM based optimization approach is proposed for optimal resource allocation with differentiation between real-time (RT) and non-real time (NRT) devices. Simulation results for studying satisfaction and fairness indexes are conducted.",heterogeneous wireless networks,0.276
,,"Fully Homomorphic Encryption Scheme Based On Complex Numbers*
K Hariss, M Chamoun, AE Samhat
Related articles All 2 versions",2019,4.0,,,,,30-38,"Heterogeneous Wireless Networks, Mobility Management, Security, IoT",,Abed Ellatif Samhat,,,Fully Homomorphic Encryption Scheme Based On Complex Numbers,,Adv. Sci. Technol. Eng. Syst. J.,,https://scholar.google.com/citations?view_op=view_citation&hl=en&user=IW38SxMAAAAJ&cstart=100&pagesize=100&citation_for_view=IW38SxMAAAAJ:D03iK_w7-QYC,5,DOI: 10.25046/aj040504,"Khalil Hariss, Maroun Chamoun, Abed Ellatif Samhat",,Unclassified,0.0
,CSCEET2017,"A Study of Multi-Operator Resource Sharing using Markov Chain Model
S Farhat, A Chour, AE Samhat, H Campus - International Journal of Digital Information and …, 2018
Related articles All 2 versions",2017/4,,https://www.researchgate.net/profile/Abed-Ellatif-Samhat/publication/322797780_A_Study_of_Multi-Operator_Resource_Sharing_using_Markov_Chain_Model/links/5c058214458515ae5444b3f8/A-Study-of-Multi-Operator-Resource-Sharing-using-Markov-Chain-Model.pdf,,,,,"Heterogeneous Wireless Networks, Mobility Management, Security, IoT",,Abed Ellatif Samhat,,,A Study of Multi-Operator Resource Sharing using Markov Chain Model,,,,https://scholar.google.com/citations?view_op=view_citation&hl=en&user=IW38SxMAAAAJ&cstart=100&pagesize=100&citation_for_view=IW38SxMAAAAJ:RGFaLdJalmkC,,,"Soha Farhat, Ali Chour, Abed Ellatif Samhat","In this paper, we model the interaction between the operators of a multi-operator sharing system using Markov chain. We investigate three pricing strategies to set the financial conciliation for the service cost between operators. We also evaluated different resource sharing factors to highlight the impact of such sharing. Results in terms of blocking rate and profits, show how this sharing can improve the revenues of the operators as well as the system performance by reducing the users blocking rate. Besides, based on the capacity of the operator, the sharing factor and the pricing strategy affects the cooperation benefits in different ways.",Unclassified,0.0
,Troisièmes Journées Franco-Libanaises (JFL3),"Coopération dans les réseaux d'accès 5G multi-Opérateurs
S Farhat, AE Samhat, S Lahoud, B Cousin - Troisièmes Journées Franco-Libanaises (JFL3), 2015
Related articles All 2 versions
Coopé ration dans lés Ré séaux d’Accé s 5G Multi-Opé ratéurs*
S FARHAT, A Ellatif, S LAHOUD
Related articles All 6 versions",2015/10,,https://hal.science/hal-01266433/file/JFL3.pdf,,,,,"Heterogeneous Wireless Networks, Mobility Management, Security, IoT",,Abed Ellatif Samhat,,,Coopération dans les Réseaux d’Accès 5G Multi-Opératéurs,,,,https://scholar.google.com/citations?view_op=view_citation&hl=en&user=IW38SxMAAAAJ&cstart=100&pagesize=100&citation_for_view=IW38SxMAAAAJ:cFHS6HbyZ2cC,,,"Soha FARHAT, Abed Ellatif Samhat, Samer LAHOUD, Cousin Bernard","La cinquième génération de réseaux mobiles (5G) doit surmonter les nouveaux défis qui sont apparus avec la croissance explosive de la demande de trafic mobile. En fait, le trafic mondial de données mobiles a augmenté de 69% en 2014, et il est prévu d'augmenter de près de dix fois entre 2014 et 2019 [1]. Cette croissance de trafic est accompagnée par l'augmentation du nombre de périphériques mobiles connectés et l'énorme augmentation de la demande de données par rapport à l'utilisation de la voix ce qui affecte négativement les revenus de l'opérateur. Ainsi, les opérateurs de réseaux mobiles (ORM) cherchent à améliorer leurs réseaux afin d'élargir la couverture, augmenter la capacité, soutenir des débits plus élevés et améliorer la qualité de service d'une manière plus efficace concernant les coûts et la consommation d'énergie. Par conséquent, les ORM doivent envisager de nouveaux investissements pour l'amélioration du réseau, le déploiement de nouvelle technologie et l'optimisation de couverture et capacité, tout en considérant les délais de commercialisation et la conservation d'un équilibre optimal entre les bénéfices et les couts. Le partage de réseaux est une approche puissante qui peut aider à accélérer l'expansion de la couverture, de réduire la période de déploiement et d'optimiser l'utilisation des ressources. En outre, il est efficace pour des réductions supplémentaires de cout de CAPEX. Dans ce travail, nous considérons un environnement multi-opérateurs où plusieurs OMR partagent leurs accès radio, de sorte qu'un utilisateur mobile peut être servi dans le réseau de son opérateur de domicile (avec lequel il a fait un …",mobility management,0.2
,Proceedings of IEEE International Conference on Network of the Future (NoF 2014),"Admission control and resource allocation for HDR IEEE 802.15. 5 WPAN
S Sindian, A Khalil, SA Ellatif, M Crussière, JF Hélard - Proceedings of IEEE International Conference on …, 2014
Related articles All 2 versions",2014/12/3,,,,,,,"Heterogeneous Wireless Networks, Mobility Management, Security, IoT",,Abed Ellatif Samhat,,,Admission control and resource allocation for HDR IEEE 802.15. 5 WPAN,,,,https://scholar.google.com/citations?view_op=view_citation&hl=en&user=IW38SxMAAAAJ&cstart=100&pagesize=100&citation_for_view=IW38SxMAAAAJ:zA6iFVUQeVQC,,,"Samar Sindian, Ayman Khalil, Samhat Abed Ellatif, Matthieu Crussière, Jean-François Hélard","Admission control and resource allocation for HDR IEEE 802.15.5 WPAN - Archive ouverte HAL Recherche Accéder directement au contenu Pied de page Logo Logo Documentation FR Français (FR) Anglais (EN) Se connecter HAL science ouverte Recherche Loading... Recherche avancée Information de documents Titres Titres Sous-titre Titre de l'ouvrage Titre du volume (Série) Champ de recherche par défaut (multicritères) + texte intégral des PDF Résumé Texte intégral indexé des documents PDF Mots-clés Type de document Sous-type de document Tous les identifiants du document Identifiant HAL du dépôt Langue du document (texte) Pays (Texte) Ville À paraître (true ou false) Ajouter Auteur Auteur (multicritères) Auteur (multicritères) Auteur : Nom complet Auteur : Nom de famille Auteur : Prénom Auteur : Complément de nom, deuxième prénom Auteur : Organisme payeur Auteur : IdHal (chaîne de caractères…",Unclassified,0.0
,NOF'14,"Admission control and resource allocation in IEEE 802.15. 5 HDR WPAN
S Sindian, A Khalil, AE Samhat, M Crussière, JF Hélard - 2014 International Conference and Workshop on the …, 2014
Related articles",2014/12,,,,,,,"Heterogeneous Wireless Networks, Mobility Management, Security, IoT",,Abed Ellatif Samhat,,,Admission Control and Resource Allocation in IEEE 802.15.5 HDR WPAN,,,,https://scholar.google.com/citations?view_op=view_citation&hl=en&user=IW38SxMAAAAJ&cstart=100&pagesize=100&citation_for_view=IW38SxMAAAAJ:mB3voiENLucC,,,"Samar Sindian, Ayman Khalil, Abed Ellatif Samhat, Matthieu Crussière, Jean-François Hélard","In this paper, we propose a novel admission control and centralized channel time allocation algorithm for two-hop communications based on the IEEE 802.15.5 specifications. The first contribution is the introduction of a dynamic superframe size for efficient resource utilization. The second contribution adopts the use of a threshold concept and a flag metric, which jointly provide satisfaction and fairness among the requesting devices. The performance of the proposed algorithm is evaluated and the results show that the proposed approach achieves good performance in terms of satisfaction and fairness.",Unclassified,0.0
,,"Admission control and resource allocation strategies for IEEE 802.15. 5
S Sindian, M Crussière, JF Hélard, AE Samhat, A Khalil - EURASIP Journal on Wireless Communications and …, 2014
Related articles All 9 versions",2014/11,,https://link.springer.com/article/10.1186/1687-1499-2014-197,,,,,"Heterogeneous Wireless Networks, Mobility Management, Security, IoT",,Abed Ellatif Samhat,,,Admission control and resource allocation strategies for IEEE 802.15.5,,EURASIP Journal on Wireless Communications and Networking,,https://scholar.google.com/citations?view_op=view_citation&hl=en&user=IW38SxMAAAAJ&cstart=100&pagesize=100&citation_for_view=IW38SxMAAAAJ:-f6ydRqryjwC,,,"Samar Sindian, Matthieu Crussière, Jean-François Hélard, Abed Ellatif Samhat, Ayman Khalil","In this paper, a novel two-tier mechanism for the access control and resource allocation of a two-hop high data rate IEEE 802.15.5 network is proposed. One of the main contributions in this proposal is the use of a dynamic superframe size in the IEEE 802.15.5. Additionally, the ideas of using a superframe utilization threshold and a channel time allocation period (CTAP) utilization threshold are incorporated, with the aim of allowing more devices to access the shared superframe. Using these thresholds, two new hop-1 resource allocation algorithms are described; CTAP utilization threshold-based resource allocation algorithm (CTRA) and superframe utilization threshold-based resource allocation algorithm (STRA). These algorithms control the access of the hop-1 Mesh PicoNet Coordinators (MPNCs) and Mesh DEVices (MDEVs) to the channel time resources in the superframe. Furthermore, an algorithm for …",heterogeneous wireless networks,0.133
,Proceedings of 17 th IEEE Mediterraneen Electrotechnical Conference (MELECON 2014),"Admission control and resource allocation at hop-two of IEEE 802.15. 5
S Sindian, A Khalil, SA Ellatif, M Crussière, JF Hélard - Proceedings of 17 th IEEE Mediterraneen …, 2014
Related articles",2014/4/13,,,,,,,"Heterogeneous Wireless Networks, Mobility Management, Security, IoT",,Abed Ellatif Samhat,,,Admission control and resource allocation at hop-two of IEEE 802.15. 5,,,,https://scholar.google.com/citations?view_op=view_citation&hl=en&user=IW38SxMAAAAJ&cstart=100&pagesize=100&citation_for_view=IW38SxMAAAAJ:u_35RYKgDlwC,,,"Samar Sindian, Ayman Khalil, Samhat Abed Ellatif, Matthieu Crussière, Jean-François Hélard","Admission control and resource allocation at hop-two of IEEE 802.15.5 - Archive ouverte HAL Recherche Accéder directement au contenu Pied de page Logo Logo Documentation FR Français (FR) Anglais (EN) Se connecter HAL science ouverte Recherche Loading... Recherche avancée Information de documents Titres Titres Sous-titre Titre de l'ouvrage Titre du volume (Série) Champ de recherche par défaut (multicritères) + texte intégral des PDF Résumé Texte intégral indexé des documents PDF Mots-clés Type de document Sous-type de document Tous les identifiants du document Identifiant HAL du dépôt Langue du document (texte) Pays (Texte) Ville À paraître (true ou false) Ajouter Auteur Auteur (multicritères) Auteur (multicritères) Auteur : Nom complet Auteur : Nom de famille Auteur : Prénom Auteur : Complément de nom, deuxième prénom Auteur : Organisme payeur Auteur : IdHal (chaîne de caractères) …",Unclassified,0.0
,MELECON 2014-2014 17th IEEE Mediterranean Electrotechnical Conference,"Resource allocation with differentiation between RT and NRT traffic in IEEE 802.15. 5
S Sindian, A Khalil, AE Samhat, M Crussière, JF Hélard - MELECON 2014-2014 17th IEEE Mediterranean …, 2014
Related articles",2014/4/13,,,,,,39-44,"Heterogeneous Wireless Networks, Mobility Management, Security, IoT",,Abed Ellatif Samhat,,,Resource allocation with differentiation between RT and NRT traffic in IEEE 802.15. 5,,,,https://scholar.google.com/citations?view_op=view_citation&hl=en&user=IW38SxMAAAAJ&cstart=100&pagesize=100&citation_for_view=IW38SxMAAAAJ:ZeXyd9-uunAC,,IEEE,"Samar Sindian, Ayman Khalil, Abed Ellatif Samhat, Matthieu Crussière, Jean-François Hélard","The IEEE 802.15.5 MAC enables high-rate mesh communications between devices in a wireless personal area network (WPAN). The channel time allocation (CTA) scheduler plays an important role in sizing CTAs within each superframe. In this paper, we propose an efficient admission control and centralized CTA mechanism for a hop-2 mesh communication in the IEEE 802.15.5. The proposed algorithm is executed between the mesh Piconet Coordinators (MPNC)s and their piconets' member mesh devices (MDEV)s s to provides a reliable resource allocation mechanism for the piconets at the hop-2 of the IEEE 802.15.5. This mechanism induces satisfaction and fairness among the requesting hop-2 Real-time (RT) and non-RT (NRT) MDEVs. It introduces the use of a novel priority Flag metric and takes the channel requests rejection rate into consideration. We evaluate the performance of the proposed algorithm …",heterogeneous wireless networks,0.271
,Proceedings of the 3rd IEEE International Conference on Communications and Information Technology (ICCIT-2013),"Dynamic superframe size-based admission control with QoS constraints in Parent/child HR WPANs
S Sindian, AE Samhat, A Khalil, M Liu, M Crussière… - Proceedings of the 3rd IEEE International Conference …, 2013
Related articles",2013/6/19,,,,,,,"Heterogeneous Wireless Networks, Mobility Management, Security, IoT",,Abed Ellatif Samhat,,,Dynamic superframe size-based admission control with QoS constraints in Parent/child HR WPANs,,,,https://scholar.google.com/citations?view_op=view_citation&hl=en&user=IW38SxMAAAAJ&cstart=100&pagesize=100&citation_for_view=IW38SxMAAAAJ:pqnbT2bcN3wC,,,"Samar Sindian, AE Samhat, Ayman Khalil, Ming Liu, Matthieu Crussière, Jean-François Hélard","Dynamic superframe size-based admission control with QoS constraints in Parent/child HR WPANs - Archive ouverte HAL Recherche Accéder directement au contenu Pied de page Logo Logo Documentation FR Français (FR) Anglais (EN) Se connecter HAL science ouverte Recherche Loading... Recherche avancée Information de documents Titres Titres Sous-titre Titre de l'ouvrage Titre du volume (Série) Champ de recherche par défaut (multicritères) + texte intégral des PDF Résumé Texte intégral indexé des documents PDF Mots-clés Type de document Sous-type de document Tous les identifiants du document Identifiant HAL du dépôt Langue du document (texte) Pays (Texte) Ville À paraître (true ou false) Ajouter Auteur Auteur (multicritères) Auteur (multicritères) Auteur : Nom complet Auteur : Nom de famille Auteur : Prénom Auteur : Complément de nom, deuxième prénom Auteur : Organisme payeur Auteur : …",Unclassified,0.0
,2011 Third International Workshop on Cross Layer Design,"Cross-layer resource allocation in WiMAX multi-hop networks using smart antennas
S Wendt, AE Samhat, F Di Renzo - 2011 Third International Workshop on Cross Layer …, 2011
Related articles All 3 versions",2011/11/30,,https://www.researchgate.net/profile/Abed-Ellatif-Samhat/publication/249655707_Cross-layer_resource_allocation_in_WiMAX_multi-hop_networks_using_smart_antennas/links/55acbbe008ae481aa7ff6e93/Cross-layer-resource-allocation-in-WiMAX-multi-hop-networks-using-smart-antennas.pdf,,,,1-5,"Heterogeneous Wireless Networks, Mobility Management, Security, IoT",,Abed Ellatif Samhat,,,Cross-layer resource allocation in WiMAX multi-hop networks using smart antennas,,,,https://scholar.google.com/citations?view_op=view_citation&hl=en&user=IW38SxMAAAAJ&cstart=100&pagesize=100&citation_for_view=IW38SxMAAAAJ:qxL8FJ1GzNcC,,IEEE,"Stefan Wendt, Abed Ellatif Samhat, Fabio Di Renzo","We investigate in this paper the resource allocation in wireless multi-hop network and we propose a cross layer based scheduling that takes into account the efficiency of advanced (smart) antenna techniques to increase network capacity by maximizing the number of concurrent transmissions without increasing interference. The proposed algorithm is applied to a WiMAX multi-hop network simulated using OPNET. The simulation results show the capability to dynamically adapt routing decision and scheduling according to the physical layer feedback while satisfying QoS criteria, in addition to a fair distribution of network traffic over whole links among nodes.",heterogeneous wireless networks,0.277
,RELABIRA 2011,"Distributed Scheduling using Smart Antenna Techniques in WiMAX Mesh Networks*
AE Samhat, A Sabbah
Related articles",2011,,,,,,,"Heterogeneous Wireless Networks, Mobility Management, Security, IoT",,Abed Ellatif Samhat,,,Distributed Scheduling using Smart Antenna Techniques in WiMAX Mesh Networks,,,,https://scholar.google.com/citations?view_op=view_citation&hl=en&user=IW38SxMAAAAJ&cstart=100&pagesize=100&citation_for_view=IW38SxMAAAAJ:mVmsd5A6BfQC,,,"Abed Ellatif Samhat, Alissar Sabbah",,heterogeneous wireless networks,0.167
,,,2010/1/27,,,EP,,,,"Heterogeneous Wireless Networks, Mobility Management, Security, IoT",,Abed Ellatif Samhat,"Ridha Nasri, Abed Ellatif Samhat, Zwi Altman",2147522,ESTIMATION OF THE OPERATIONAL CONDITION OF AN ENTITY IN A COMMUNICATION NETWORK,,,,https://scholar.google.com/citations?view_op=view_citation&hl=en&user=IW38SxMAAAAJ&cstart=100&pagesize=100&citation_for_view=IW38SxMAAAAJ:4DMP91E08xMC,,,,,heterogeneous wireless networks,0.133
,,,2010,,,WO,,,,"Heterogeneous Wireless Networks, Mobility Management, Security, IoT",,Abed Ellatif Samhat,"Abed Ellatif SAMHAT, Stefan WENDT",WO/2010/061120,IMPROVED MANAGEMENT OF A NETWORK WITH CENTRALISED DISPATCHING,,,,https://scholar.google.com/citations?view_op=view_citation&hl=en&user=IW38SxMAAAAJ&cstart=100&pagesize=100&citation_for_view=IW38SxMAAAAJ:M3ejUd6NZC8C,,,,,mobility management,0.244
,,,2009/1/16,,,WO,,,,"Heterogeneous Wireless Networks, Mobility Management, Security, IoT",,Abed Ellatif Samhat,"Abed Ellatif SAMHAT, Miloud ABDI",2009007619,WIRELESS IP MESH NETWORK,,,,https://scholar.google.com/citations?view_op=view_citation&hl=en&user=IW38SxMAAAAJ&cstart=100&pagesize=100&citation_for_view=IW38SxMAAAAJ:3fE2CSJIrl8C,,,,,heterogeneous wireless networks,0.333
,,,2008,,,,,,,"Heterogeneous Wireless Networks, Mobility Management, Security, IoT",,Abed Ellatif Samhat,,,A layer 2 scheme of Inter-RAT handover between UMTS and WiMAX,,Proceedings of the Vehicular Technology Conference Fall,,https://scholar.google.com/citations?view_op=view_citation&hl=en&user=IW38SxMAAAAJ&cstart=100&pagesize=100&citation_for_view=IW38SxMAAAAJ:YFjsv_pBGBYC,,,"L Bin, Philippe Martins, Abed Ellatif Samhat, Philippe Bertin",,Unclassified,0.0
,"First Ambient Networks Workshop on Mobility, Multiaccess, and Network Management","Specification Framework for Ambient Network Interface*
A Samhat, D Zhou, F Meago&
Related articles",2007,,,,,,,"Heterogeneous Wireless Networks, Mobility Management, Security, IoT",,Abed Ellatif Samhat,,,Specification Framework for Ambient Network Interface,,,,https://scholar.google.com/citations?view_op=view_citation&hl=en&user=IW38SxMAAAAJ&cstart=100&pagesize=100&citation_for_view=IW38SxMAAAAJ:L8Ckcad2t8MC,,,"Abed Samhat, Di Zhou, Francesco Meago&",,heterogeneous wireless networks,0.133
,,"IP-based transport of voice traffic in the UMTS radio access network: analytical study and empirical validation
A Samhat, T Chahed, M Sabeur - Annals of Telecommunications, 2005
Related articles All 4 versions",2005/6/1,60.0,,,,,610-629,"Heterogeneous Wireless Networks, Mobility Management, Security, IoT",,Abed Ellatif Samhat,,,IP-based transport of voice traffic in the UMTS radio access network: analytical study and empirical validation,,Annals of Telecommunications,,https://scholar.google.com/citations?view_op=view_citation&hl=en&user=IW38SxMAAAAJ&cstart=100&pagesize=100&citation_for_view=IW38SxMAAAAJ:_kc_bZDykSQC,5,Springer Paris,"Abedellatif Samhat, Tijani Chahed, Mehdi Sabeur","In this paper, we investigate theIP protocol as a transport option for the user traffic in the UMTS Terrestrial Radio Access Network (UTRAN), where stringent delay bounds are to be met for both real-time and non real-time traffic. We focus on real-time voice traffic and present an analytical model for the multiplexing and transport of voice channels in theUTRAN usingIP. The novelty of our model is that it analytically includes and quantifies the performance of the timer used in multiplexing arriving Frame Protocol (FP) frames into largerIP packets. We then validate our work through empirical results on a test-bed emulating theUTRAN transport functionalities. We show the trade-offs between performance, in terms of delay and link utilization, and quantify optimal values for the timer as well as the number ofFP frames perIP packet for a given output link capacity.",heterogeneous wireless networks,0.133
,,,2004,,,,,,,"Heterogeneous Wireless Networks, Mobility Management, Security, IoT",,Abed Ellatif Samhat,,,Abstract IP versus AAL2 for transport in the UMTS radio access network,,,,https://scholar.google.com/citations?view_op=view_citation&hl=en&user=IW38SxMAAAAJ&cstart=100&pagesize=100&citation_for_view=IW38SxMAAAAJ:vRqMK49ujn8C,,,"A Samhat, T Chahed",,heterogeneous wireless networks,0.133
,,"La qualité de service dans le réseau d'accès radio terrestre umts basé sur IP
AE Samhat - 2004
Related articles",2004/1/1,,,,,,,"Heterogeneous Wireless Networks, Mobility Management, Security, IoT",,Abed Ellatif Samhat,,,La qualité de service dans le réseau d'accès radio terrestre umts basé sur IP,Paris 6,,,https://scholar.google.com/citations?view_op=view_citation&hl=en&user=IW38SxMAAAAJ&cstart=100&pagesize=100&citation_for_view=IW38SxMAAAAJ:4TOpqqG69KYC,,,Abed Ellatif Samhat,,Unclassified,0.0
,Colloque francophone sur l'ingénierie des protocoles,"Performance de l’IP dans le réseau d’accès UMTS (UTRAN)*
AE Samhat, T Chahed
Related articles All 2 versions",2003/10,,,,,,,"Heterogeneous Wireless Networks, Mobility Management, Security, IoT",,Abed Ellatif Samhat,,,Performance de l’IP dans le réseau d’accès UMTS (UTRAN),,,,https://scholar.google.com/citations?view_op=view_citation&hl=en&user=IW38SxMAAAAJ&cstart=100&pagesize=100&citation_for_view=IW38SxMAAAAJ:j3f4tGmQtD8C,,,"Abed Ellatif Samhat, Tijani Chahed",,Unclassified,0.0
,,,2003,1.0,,,,,111,"Heterogeneous Wireless Networks, Mobility Management, Security, IoT",,Abed Ellatif Samhat,,,GET/Institut National des Télécommunications,,Providing Quality of Service in Heterogeneous Environments,,https://scholar.google.com/citations?view_op=view_citation&hl=en&user=IW38SxMAAAAJ&cstart=100&pagesize=100&citation_for_view=IW38SxMAAAAJ:SP6oXDckpogC,,Elsevier,"A Samhat, T Chahed",,Unclassified,0.0
,,"Une Architecture de Différentiation de Service dans l’Internet: Théorie et Mesures
AE SAMHAT, T CHAHED, PG HEBUTERNE - 2001
Related articles",2001/9,,https://www.researchgate.net/profile/Abed-Ellatif-Samhat/publication/308916563_Master_Thesis_Une_Architecture_de_Differentiation_de_Service_dans_l'Internet_-_Theorie_et_Mesures/links/57f7518708ae8da3ce58edc7/Master-Thesis-Une-Architecture-de-Differentiation-de-Service-dans-lInternet-Theorie-et-Mesures.pdf,,,,,"Heterogeneous Wireless Networks, Mobility Management, Security, IoT",,Abed Ellatif Samhat,,,Une Architecture de Différentiation de Service dans l’Internet: Théorie et Mesures,,,,https://scholar.google.com/citations?view_op=view_citation&hl=en&user=IW38SxMAAAAJ&cstart=100&pagesize=100&citation_for_view=IW38SxMAAAAJ:IWHjjKOFINEC,,,"Abed-Ellatif SAMHAT, Tijani CHAHED, Pr Gérard HEBUTERNE","L’Internet existant est fondé sur le principe du Best Effort. Le modèle Best Effort assure la connectivité sans aucune garantie de la qualité de service (QoS). Quand la mémoire d’un routeur est saturée, les paquets arrivant sont rejetés. Les mécanismes de retransmission de TCP recouvrent ces pertes, garantissant un transfert sans faute de bout en bout. Bien que le comportement de TCP répond aux besoins d’applications traditionnellement majoritaires dans le réseau comme telnet ou ftp, il est peu adapté pour la transmission des flux avec des contraintes temporelle (applications de visioconférence ou de Voix sur IP (VoIP)). La discipline de service FIFO n’est plus suffisante pour satisfaire les contraintes requises par les différentes applications. Les congestions allongent les délais, génèrent de la gigue et provoquent la perte des paquets. Pour répondre à ces demandes d’amélioration de la QoS dans l’Internet, l’IETF créa en 1994 plusieurs groupes de travail destinés à définir une architecture à Intégration de Services. Dans une telle architecture il est possible de garantir le taux de perte et le délai d’acheminement observés par un flux individuel, tout en contrôlant la distribution de ressources entre les flux.",Unclassified,0.0
,,"High-Level Online Power Monitoring of FPGA IP Based on Machine Learning
M Mroué, AE Samhat - Design and Architecture for Signal and Image …
Related articles",,,,,,,107,"Heterogeneous Wireless Networks, Mobility Management, Security, IoT",,Abed Ellatif Samhat,,,High-Level Online Power Monitoring of FPGA IP Based on Machine Learning,,Design and Architecture for Signal and Image Processing,,https://scholar.google.com/citations?view_op=view_citation&hl=en&user=IW38SxMAAAAJ&cstart=100&pagesize=100&citation_for_view=IW38SxMAAAAJ:bnK-pcrLprsC,,,"Mohamad Mroué, Abed Ellatif Samhat","Nowadays, power optimization has become a major interest for most digital hardware designers. Some, traditionally, might stick to offline power estimation especially in early design phases; some others resort to the modern and very promising runtime power management. Therefore, the Online Power Monitoring (OPM) is considered as an important feature serving real-time power optimization. OPM favors both in-situ power estimation and subsequent prediction, and can be exploited by the Dynamic Voltage and Frequency Scaling (DVFS) mechanism. DVFS, a modern technique for digital circuits power optimization, provides a realtime and adaptive voltage and/or frequency tuning while securing the systems’ performance and integrity. In this paper, we present and evaluate an accurate online power monitoring methodology of FPGA IPs. We estimate power consumption using machine learning techniques, based …",security,0.4
,,"Solar Potential Assessment using Buildings Segmentation from Aerial Images
H Nasrallah, AE Samhat, G Faour, Y Shi, AJ Ghandour
Related articles",,,https://www.academia.edu/download/98731778/2111.11397v2.pdf,,,,,"Heterogeneous Wireless Networks, Mobility Management, Security, IoT",,Abed Ellatif Samhat,,,Solar Potential Assessment using Buildings Segmentation from Aerial Images,,,,https://scholar.google.com/citations?view_op=view_citation&hl=en&user=IW38SxMAAAAJ&cstart=100&pagesize=100&citation_for_view=IW38SxMAAAAJ:wbdj-CoPYUoC,,,"Hasan Nasrallah, Abed Ellatif Samhat, Ghaleb Faour, Yilei Shi, Ali J Ghandour","Estimating the solar potential of buildings’ rooftops at a large scale is a fundamental step for every country to utilize its solar power efficiently. However, such estimation becomes time-consuming and costly if done through on-site measurements. This paper uses deep learning-based multiclass instance segmentation to extract buildings’ footprints from satellite images. Hence, we introduce Lebanon’s first complete and comprehensive buildings’ footprints map. Furthermore, we propose a photovoltaic panels placement algorithm to estimate the solar potential of every rooftop, which results in Lebanon’s first buildings’ solar potential map too. Finally, we report average and total solar potential per district and localize regions corresponding to the highest solar potential yield.",Unclassified,0.0
,"2021 28th IEEE International Conference on Electronics, Circuits, and Systems (ICECS)",,,,,,,,1-4,"Heterogeneous Wireless Networks, Mobility Management, Security, IoT",,Abed Ellatif Samhat,,,An Automated and Centralized Data Generation and Acquisition System,,,,https://scholar.google.com/citations?view_op=view_citation&hl=en&user=IW38SxMAAAAJ&cstart=100&pagesize=100&citation_for_view=IW38SxMAAAAJ:Tiz5es2fbqcC,,IEEE,"Majdi Richa, Jean-Christophe Prévotet, Mickaël Dardaillon, Mohamad Mroué, Abed Ellatif Samhat",,Unclassified,0.0
