Book,Conference,Scholar articles,Publication date,Volume,PDF Link,Patent office,Report number,Source,Pages,Research Interests,Total citations,Researcher Name,Inventors,Patent number,Title,Institution,Journal,Application number,Scholar Link,Issue,Publisher,Authors,Description,Classified_Topic,Classification_Confidence
,,"Elder tracking and fall detection system using smart tiles
M Daher, A Diab, MEB El Najjar, MA Khalil, F Charpillet - IEEE Sensors Journal, 2016
Cited by 138 Related articles All 8 versions",2016/11/3,17.0,https://www.researchgate.net/profile/Mhd-Daher/publication/309691537_Elder_Tracking_and_Fall_Detection_System_Using_Smart_Tiles/links/59ecdfc60f7e9bfdeb71a8be/Elder-Tracking-and-Fall-Detection-System-Using-Smart-Tiles.pdf,,,,469-479,"Signal processing, Connectivity analysis, AI applied on medical data",Cited by 138,Ahmad Diab,,,Elder tracking and fall detection system using smart tiles,,IEEE Sensors Journal,,https://scholar.google.com/citations?view_op=view_citation&hl=en&user=0PBhvMUAAAAJ&citation_for_view=0PBhvMUAAAAJ:0EnyYjriUFMC,2,IEEE,"Mohamad Daher, Ahmad Diab, Maan El Badaoui El Najjar, Mohamad Ali Khalil, François Charpillet","Fall detection for elderly and patient is a very important service that has the potential of increasing autonomy of elders while minimizing the risks of living alone. It has been an active research topic due to the fact that health care industry has a big demand for products and technology of fall detection systems. Owing to the recent rapid advancement in sensing and wireless communication technologies, fall detection systems have become possible. They allow detecting fall events for the elderly, monitoring them, and consequently providing necessary help whenever needed. This paper describes the ongoing work of detecting falls in independent living senior apartments using force sensors and three-axis accelerometers concealed under intelligent tiles. The force sensors permit detecting elders’ falls, locating, tracking, and recognizing human activities (walking, standing, sitting, lying down, falling, and the transitions …",Unclassified,0.0
,2012 Annual International Conference of the IEEE Engineering in Medicine and Biology Society,"Quantitative performance analysis of four methods of evaluating signal nonlinearity: application to uterine EMG signals
A Diab, M Hassan, C Marque, B Karlsson - 2012 Annual International Conference of the IEEE …, 2012
Cited by 53 Related articles All 4 versions",2012/8/28,,https://www.researchgate.net/profile/Ahmad-Diab-7/publication/235387076_Quantitative_performance_analysis_of_four_methods_of_evaluating_signal_nonlinearity_Application_to_uterine_EMG_signals/links/54c664e20cf256ed5a9e5f70/Quantitative-performance-analysis-of-four-methods-of-evaluating-signal-nonlinearity-Application-to-uterine-EMG-signals.pdf,,,,1045-1048,"Signal processing, Connectivity analysis, AI applied on medical data",Cited by 53,Ahmad Diab,,,Quantitative performance analysis of four methods of evaluating signal nonlinearity: application to uterine EMG signals,,,,https://scholar.google.com/citations?view_op=view_citation&hl=en&user=0PBhvMUAAAAJ&citation_for_view=0PBhvMUAAAAJ:L8Ckcad2t8MC,,IEEE,"Ahmad Diab, Mahmoud Hassan, Catherine Marque, Brynjar Karlsson","Recently, much attention has been paid to the use of nonlinear analysis techniques for the characterization of biological signals. Several measures have been proposed to detect nonlinear characteristics in time series. The sensitivity of several nonlinear methods to the actual nonlinearity level and their sensitivity to noise have never been evaluated. In this paper we perform this analysis for four methods that are widely used in nonlinearity detection: Time reversibility, Sample Entropy, Lyapunov Exponents and Delay Vector Variance. The evolution of methods with complexity degree (CD) and with different Signal to Noise Ratio was computed for the four methods on nonlinear synthetic signals. The methods were then applied to real uterine EMG signals with the aim of using them to distinguish between pregnancy and labor signals. The results show a clear superiority of the Time reversibility method, in classification …",signal processing,0.204
,,"Selection algorithm for parameters to characterize uterine EHG signals for the detection of preterm labor
D Alamedine, A Diab, C Muszynski, B Karlsson… - Signal, Image and Video Processing, 2014
Cited by 50 Related articles All 2 versions",2014/9/1,8.0,,,,,1169-1178,"Signal processing, Connectivity analysis, AI applied on medical data",Cited by 50,Ahmad Diab,,,Selection algorithm for parameters to characterize uterine EHG signals for the detection of preterm labor,,"Signal, Image and Video Processing",,https://scholar.google.com/citations?view_op=view_citation&hl=en&user=0PBhvMUAAAAJ&citation_for_view=0PBhvMUAAAAJ:Tyk-4Ss8FVUC,6,Springer London,"D Alamedine, A Diab, C Muszynski, B Karlsson, M Khalil, C Marque","This article proposes a selection method that can be applied to choose the best parameters to classify contractions in the uterine electrohysterography (EHG) signal for the detection of preterm labor. Several types of parameters have historically been extracted from the electrohysterogram. These can be divided into three classes: linear parameters, nonlinear parameters and parameters related to the electrohyterogram propagation. Frequency band enhancement EHG characterization has also been extensively studied. Our work is divided in two parts. The first part is to implement and compute all the parameters already extracted from the EHG that have been published in the literature. These parameters were computed both on the original EHG and on different frequency bands obtained using wavelet packet decomposition. In the second part, we will use a new parameters selection method to eliminate all …",signal processing,0.204
,,"Performance analysis of four nonlinearity analysis methods using a model with variable complexity and application to uterine EMG signals
A Diab, M Hassan, C Marque, B Karlsson - Medical engineering & physics, 2014
Cited by 44 Related articles All 9 versions",2014/6/1,36.0,https://inserm.hal.science/inserm-00995890/file/MEP_AD_Submission_Final.pdf,,,,761-767,"Signal processing, Connectivity analysis, AI applied on medical data",Cited by 44,Ahmad Diab,,,Performance analysis of four nonlinearity analysis methods using a model with variable complexity and application to uterine EMG signals,,Medical engineering & physics,,https://scholar.google.com/citations?view_op=view_citation&hl=en&user=0PBhvMUAAAAJ&citation_for_view=0PBhvMUAAAAJ:IjCSPb-OGe4C,6,Elsevier,"Ahmad Diab, Mahmoud Hassan, Catherine Marque, Brynjar Karlsson","Several measures have been proposed to detect nonlinear characteristics in time series. Results on time series, multiple surrogates and their z-score are used to statistically test for the presence or absence of non-linearity. The z-score itself has sometimes been used as a measure of nonlinearity. The sensitivity of nonlinear methods to the nonlinearity level and their robustness to noise have rarely been evaluated in the past. While surrogates are important tools to rigorously detect nonlinearity, their usefulness for evaluating the level of nonlinearity is not clear. In this paper we investigate the performance of four methods arising from three families that are widely used in non-linearity detection: statistics (time reversibility), predictability (sample entropy, delay vector variance) and chaos theory (Lyapunov exponents). We used sensitivity to increasing complexity and the mean square error (MSE) of Monte Carlo …",connectivity analysis,0.204
,,"Effect of decimation on the classification rate of non-linear analysis methods applied to uterine EMG signals
A Diab, M Hassan, B Karlsson, C Marque - Irbm, 2013
Cited by 30 Related articles All 3 versions",2013/11/1,34.0,,,,,326-329,"Signal processing, Connectivity analysis, AI applied on medical data",Cited by 30,Ahmad Diab,,,Effect of decimation on the classification rate of non-linear analysis methods applied to uterine EMG signals,,IRBM,,https://scholar.google.com/citations?view_op=view_citation&hl=en&user=0PBhvMUAAAAJ&citation_for_view=0PBhvMUAAAAJ:d1gkVwhDpl0C,4-5,Elsevier Masson,"Ahmad Diab, Mahmoud Hassan, Brynjar Karlsson, Catherine Marque","Recently, much attention has been paid to the use of non-linear analysis techniques for the characterization of biological signals. Several measures have been proposed to detect non-linear characteristics in time series. The effect of sampling frequency on the performance of these non-linear methods has rarely been evaluated. In this paper, we present a preliminary study of this effect for four methods that are widely used in non-linearity detection: Time reversibility, Sample Entropy, Lyapunov Exponents and Delay Vector Variance. These methods have been applied to real uterine EMG signals with the aim of distinguishing between pregnancy and labor contractions. The signals were used to classify contractions before and after decimating them by a factor 10. The results show that decimation improves the performance for sample entropy. It reduces it considerably for Delay Vector Variance and only slightly for …",connectivity analysis,0.204
,2013 35th Annual International Conference of the IEEE Engineering in Medicine and Biology Society (EMBC),"Nonlinear estimation of coupling and directionality between signals: Application to uterine EMG propagation
A Diab, M Hassan, S Boudaoud, C Marque, B Karlsson - 2013 35th Annual International Conference of the IEEE …, 2013
Cited by 24 Related articles All 16 versions",2013/7/3,,https://pmc.ncbi.nlm.nih.gov/articles/PMC3883124/,,,,4366-4369,"Signal processing, Connectivity analysis, AI applied on medical data",Cited by 24,Ahmad Diab,,,Nonlinear estimation of coupling and directionality between signals: Application to uterine EMG propagation,,,,https://scholar.google.com/citations?view_op=view_citation&hl=en&user=0PBhvMUAAAAJ&citation_for_view=0PBhvMUAAAAJ:9yKSN-GCB0IC,,IEEE,"Ahmad Diab, Mahmoud Hassan, Sofiane Boudaoud, Catherine Marque, Brynjar Karlsson",Understanding the direction and quantity of information flowing in a complex system is a fundamental task in signal processing. Several measures have been proposed to detect the quantity of synchronization and the directionality between time series and in physiological data. In this paper we use two methods that are widely used in synchronization and directionality analysis: Nonlinear correlation coefficient (h2) and the general synchronization (H). The performances of both methods were tested on four dimensional coupled synthetic nonlinear Rössler models. They were then applied to a single real labor contraction uterine EMG burst with the aim of using them to detect synchronization and to plot the map of direction of information flow between the whole signal channels. The results on synthetic signal show a slight superiority of H over h2. The results obtained on a single contraction are encouraging for the …,signal processing,0.609
,2015 37th Annual International Conference of the IEEE Engineering in Medicine and Biology Society (EMBC),"Classification of pregnancy and labor contractions using a graph theory based analysis
N Nader, M Hassan, W Falou, A Diab, S Al-Omar… - 2015 37th Annual International Conference of the IEEE …, 2015
Cited by 21 Related articles All 5 versions",2015/8/25,,,,,,2876-2879,"Signal processing, Connectivity analysis, AI applied on medical data",Cited by 21,Ahmad Diab,,,Classification of pregnancy and labor contractions using a graph theory based analysis,,,,https://scholar.google.com/citations?view_op=view_citation&hl=en&user=0PBhvMUAAAAJ&citation_for_view=0PBhvMUAAAAJ:WF5omc3nYNoC,,IEEE,"Noujoude Nader, Mahmoud Hassan, W Falou, Ahmad Diab, S Al-Omar, Mohamad Khalil, Catherine Marque","In this paper, we propose a new framework to characterize the electrohysterographic (EHG) signals recorded during pregnancy and labor. The approach is based on the analysis of the propagation of the uterine electrical activity. The processing pipeline includes i) the estimation of the statistical dependencies between the different recorded EHG signals, ii) the characterization of the obtained connectivity matrices using network measures and iii) the use of these measures in clinical application: the classification between pregnancy and labor. Due to its robustness to volume conductor, we used the imaginary part of coherence in order to produce the connectivity matrix which is then transformed into a graph. We evaluate the performance of several graph measures. We also compare the results with the parameter mostly used in the literature: the peak frequency combined with the propagation velocity (PV +PF). Our …",connectivity analysis,0.409
,2018 IEEE International Multidisciplinary Conference on Engineering Technology (IMCET),"Simulation of the effect of 5G cell phone radiation on human brain
B Awada, G Madi, A Mohsen, A Harb, A Diab… - 2018 IEEE International Multidisciplinary Conference …, 2018
Cited by 20 Related articles",2018/11/14,,,,,,1-6,"Signal processing, Connectivity analysis, AI applied on medical data",Cited by 20,Ahmad Diab,,,Simulation of the Effect of 5G Cell Phone Radiation on Human Brain,,,,https://scholar.google.com/citations?view_op=view_citation&hl=en&user=0PBhvMUAAAAJ&citation_for_view=0PBhvMUAAAAJ:Wp0gIr-vW9MC,,IEEE,"Basel Awada, Ghena Madi, Ali Mohsen, Adnan Harb, Ahmad Diab, Lara Hamawy, Houssein Hajj-Hassan, Mohamad Hajj-Hassan","5G is the next wireless technology that is expected to be launched in 2020. Electromagnetic radiations emitted by mobile phones resulted in considerably higher brain tissue exposure than other radiation sources in the radiofrequency band, which led to concerns about the possible potential health effects from exposure to Radio Frequency (RF) and Millimeter (mm) wave radiations. This paper investigates the effects of 5G radiations for different frequency candidates on human brain. This has been achieved by using Computer Simulation Technology (CST) software by conducting simulations on Specific Anthropomorphic Mannequin (SAM); a model designed according to different international standards representing the average material properties of the head by calculating the Specific Absorption Rate (SAR, a quantitative measure of interaction mechanisms of radiofrequency radiation with the living systems and …",Unclassified,0.0
,,"Study of the nonlinear properties and propagation characteristics of the uterine electrical activity during pregnancy and labor
A Diab - 2014
Cited by 19 Related articles All 8 versions",2014/7/11,,https://theses.hal.science/tel-01237525/file/These_UTC_Ahmad_Diab.pdf,,,,,"Signal processing, Connectivity analysis, AI applied on medical data",Cited by 19,Ahmad Diab,,,Study of the nonlinear properties and propagation characteristics of the uterine electrical activity during pregnancy and labor,Compiègne,,,https://scholar.google.com/citations?view_op=view_citation&hl=en&user=0PBhvMUAAAAJ&citation_for_view=0PBhvMUAAAAJ:hqOjcs7Dif8C,,,Ahmad Diab,"The uterine EMG -called Electrohysterogramme (EHG)- temporal, frequency, and time-frequency characteristics have been used for a long time for the prediction of preterm labor. However, the investigation of its propagation is rare. All the results of the previous studies did not show a satisfactory potential for clinical application. The objective of this thesis is the analysis of the propagation as well as of the nonlinear characteristics of EHG signals during pregnancy and labor for clinical application. A monovariate analysis was done to investigate the nonlinearity and the sensibility of methods to different characteristics of the signals. A bivariate analysis was then done for the investigation of the propagation of EHG by measuring the coupling between channels, as well as the direction of coupling, which is an innovative part of our thesis. In this analysis we propose a new approach to improve the coupling and direction estimation methods. Another innovation of this thesis is the implementation of a tool for EHG source localization to investigate the dynamic of the uterus at the source level, not at electrodes level as previously done. Results show that nonlinear methods are more able to classify pregnancy and labor contractions than linear ones, and that time reversibility method is the least sensitive to sampling frequency and frequency content of the signal. Results also indicate an increase in coupling and a concentration of coupling direction toward the cervix when going from pregnancy to labor. We also proposed to respect the nonstationarity of EHG signal and to recover the effect of variable fat filtering along pregnancy, by segmenting and filtering the …",signal processing,0.203
,,"Automatic fall detection system using sensing floors
M Daher, A Diab, MEB El Najjar, M Khalil, F Charpillet… - Int. J. Comput. Inf. Sci, 2016
Cited by 17 Related articles All 7 versions",2016/12/16,12.0,https://www.academia.edu/download/121008566/Vol12N1PP75-82OK.pdf,,,,75,"Signal processing, Connectivity analysis, AI applied on medical data",Cited by 17,Ahmad Diab,,,Automatic Fall Detection System using Sensing Floors,,International Journal of Computing & Information Sciences,,https://scholar.google.com/citations?view_op=view_citation&hl=en&user=0PBhvMUAAAAJ&citation_for_view=0PBhvMUAAAAJ:5nxA0vEk-isC,1,,"Mohamad Daher, Maan El Badaoui El Najjar, Ahmad Diab, Mohamad Khalil, François Charpillet","Automatic fall detection is a major issue in taking care of the health of elderly people and has the potential of increasing autonomy and independence while minimizing the risks of living alone. It has been an active research area due to the large demand of the healthcare association for fall detection goods. Fortunately, due to the recent fast progression in sensing technologies, fall detection system becomes prospective. It permits to monitor elders and detect their falls, and consequently provides emergency support whenever needed. This paper describes the current work of detecting falls in independent living apartments using accelerometer concealed under tiles. We present the up-to-date advancement of data collection, feature extraction, feature selection, and signal changing detection, which are essential phases of this work.",signal processing,0.204
,"XIII Mediterranean Conference on Medical and Biological Engineering and Computing 2013: MEDICON 2013, 25-28 September 2013, Seville, Spain","Estimation of coupling and directionality between signals applied to physiological uterine EMG model and real EHG signals
A Diab, M Hassan, J Laforêt, B Karlsson, C Marque - XIII Mediterranean Conference on Medical and …, 2014
Cited by 15 Related articles All 4 versions",2014,,https://www.academia.edu/download/69373263/Estimation_of_coupling_and_directionalit20210911-12989-uydqhw.pdf,,,,718-721,"Signal processing, Connectivity analysis, AI applied on medical data",Cited by 15,Ahmad Diab,,,Estimation of coupling and directionality between signals applied to physiological uterine EMG model and real EHG signals,,,,https://scholar.google.com/citations?view_op=view_citation&hl=en&user=0PBhvMUAAAAJ&citation_for_view=0PBhvMUAAAAJ:zYLM7Y9cAGgC,,Springer International Publishing,"A Diab, M Hassan, J Laforêt, B Karlsson, C Marque","Several measures have been proposed to detect the strength and direction of relationships between biosignals. In this paper we study two nonlinear methods that are widely used in functional and effective connectivity analysis: nonlinear correlation coefficient (h 2) and general synchronization (H). The performance of both methods is tested on two dimensional coupled synthetic nonlinear Rössler model. The best method for these synthetic Rössler signals is then applied for the first time to signals generated by a physiological uterine EMG model. It was then applied to real uterine EMG recorded during pregnancy and labor in order to compare their synchronization and propagation direction. The best performing method was tested on the physiological model data, and the results obtained on real signals are encouraging. It may possibly be of use for solving the open questions of the relationships …",connectivity analysis,0.609
,2015 International Conference on Advances in Biomedical Engineering (ICABME),"Pregnancy monitoring using graph theory based analysis
N Nader, C Marque, M Hassan, W Falou, A Diab… - 2015 International Conference on Advances in …, 2015
Cited by 11 Related articles All 2 versions",2015/9/16,,https://www.researchgate.net/profile/Nader-Noujoud/publication/303307801_Pregnancy_Monitoring_using_graph_theory_based_analysis/links/573c3dd908ae9f741b2e76c2/Pregnancy-Monitoring-using-graph-theory-based-analysis.pdf,,,,73-76,"Signal processing, Connectivity analysis, AI applied on medical data",Cited by 11,Ahmad Diab,,,Pregnancy monitoring using graph theory based analysis,,,,https://scholar.google.com/citations?view_op=view_citation&hl=en&user=0PBhvMUAAAAJ&citation_for_view=0PBhvMUAAAAJ:LkGwnXOMwfcC,,IEEE,"Noujoud Nader, Catherine Marque, Mahmoud Hassan, Wassim Falou, Ahmad Diab, Mohamad Khalil","Monitoring pregnancy using noninvasive recordings of uterine contractions is still an unsolved issue. Here, we propose a new way to tackle this problem using the electrohysterographic (EHG) signals recorded during pregnancy and labor. The new approach is based on the analysis of the propagation of the uterine electrical activity. The proposed pipeline includes i) the computation of the statistical dependencies between the multichannel (4 × 4 matrix) EHG signals, ii) the characterization of the connectivity matrices using network measures (graph-theory based analysis) and iii) the use of these measures in pregnancy monitoring. Due to its robustness to volume conduction, we used the imaginary part of coherence function to create the connectivity matrices transformed then into graphs. The method is evaluated on a dataset of EHG signals to track the correlation between uterine signals with weeks before labor …",connectivity analysis,0.41
,2015 37th Annual International Conference of the IEEE Engineering in Medicine and Biology Society (EMBC),"Effect of filtering on the classification rate of nonlinear analysis methods applied to uterine EMG signals
A Diab, O Falou, M Hassan, B Karlsson, C Marque - 2015 37th Annual International Conference of the IEEE …, 2015
Cited by 11 Related articles All 5 versions",2015/8/25,,,,,,4182-4185,"Signal processing, Connectivity analysis, AI applied on medical data",Cited by 11,Ahmad Diab,,,Effect of filtering on the classification rate of nonlinear analysis methods applied to uterine EMG signals,,,,https://scholar.google.com/citations?view_op=view_citation&hl=en&user=0PBhvMUAAAAJ&citation_for_view=0PBhvMUAAAAJ:Se3iqnhoufwC,,IEEE,"Ahmad Diab, Omar Falou, Mahmoud Hassan, Brynjar Karlsson, Catherine Marque","Nonlinear time series analysis can provide useful information regarding nonlinear features of biological signals. The effect of filtering on the performance of nonlinear methods is not well-understood. In this work, we investigate the effects of signal filtering on the sensitivity of four nonlinear methods: Time reversibility, Sample Entropy, Lyapunov Exponents and Delay Vector Variance. These methods were applied to uterine EMG signals with the aim of using them to discriminate between pregnancy and labor contractions. The signals were filtered using three different band-pass filters before the application of the methods. Results showed that the sensitivity of some methods such as sample entropy was significantly improved with filtering. On the other hand, filtering had little effect on some other methods such as time reversibility. This study concludes that while filtering increases computation time, it may be necessary …",signal processing,0.204
,Knowledge and Systems Engineering: Proceedings of the Sixth International Conference KSE 2014,"Dynamic behavior of uterine contractions: an approach based on source localization and multiscale modeling
C Marque, A Diab, J Laforêt, M Hassan, B Karlsson - Knowledge and Systems Engineering: Proceedings of …, 2015
Cited by 11 Related articles All 6 versions",2015,,https://www.academia.edu/download/52076575/KHAIPHAIDULIEU.pdf#page=514,,,,527-540,"Signal processing, Connectivity analysis, AI applied on medical data",Cited by 11,Ahmad Diab,,,Dynamic behavior of uterine contractions: an approach based on source localization and multiscale modeling,,,,https://scholar.google.com/citations?view_op=view_citation&hl=en&user=0PBhvMUAAAAJ&citation_for_view=0PBhvMUAAAAJ:Y0pCki6q_DkC,,Springer International Publishing,"Catherine Marque, Ahmad Diab, Jérémy Laforêt, Mahmoud Hassan, Brynjar Karlsson","Among the complex systems of systems of the human body, the uterus is one of the least understood. The sequence of contraction of the myometrium results from numerous interconnected control systems (electric, hormonal, mechanical). In this paper we try to understand what the electrical activity of the uterus can tell us about uterine synchronization. This work is the first attempt to locate uterine EMG sources by means of source localization tools. These tools are tested on signals simulated by a multiscale model of the uterine EMG. As a preliminary result, we present the source localization for one pregnancy and one labor contraction recorded on the same woman. The localized sources do not demonstrate any “propagation like” behavior. This supports the hypothesis that the global organ-level communication is probably not done via action potential propagation, but may be via a coupling between the …",signal processing,0.2
,,"Performance comparison of coupling-evaluation methods in discriminating between pregnancy and labor EHG signals
A Diab, S Boudaoud, B Karlsson, C Marque - Computers in Biology and Medicine, 2021
Cited by 10 Related articles All 7 versions",2021/5/1,132.0,,,,,104308,"Signal processing, Connectivity analysis, AI applied on medical data",Cited by 10,Ahmad Diab,,,Performance comparison of coupling-evaluation methods in discriminating between pregnancy and labor EHG signals,,Computers in Biology and Medicine,,https://scholar.google.com/citations?view_op=view_citation&hl=en&user=0PBhvMUAAAAJ&citation_for_view=0PBhvMUAAAAJ:maZDTaKrznsC,,Pergamon,"Ahmad Diab, Sofiane Boudaoud, Brynjar Karlsson, Catherine Marque","Background
Recent years have seen an increased interest in electrohysterogram (EHG) signals as a means to evaluate the synchronization of uterine contractions. Several studies have pointed out that the quality of signal processing – and hence the interpretation of measurement results – is affected significantly by the choice of measurement technique and the presence of non-stationary frequency content in EHG signals. To our knowledge, the effect of time variance on the quality of EHG signal processing has never been fully investigated. How best to process EHG signals with the goal of distinguishing labor-induced contractions from their harmless, pre-labor cousins, remains an open question.
Method
Our methodology is based on three pillars. The first consists of a new method for EHG preprocessing in which we apply a second-order Butterworth filter to retain only the EHG fast-wave, low-frequency band (FWL …",signal processing,0.608
,2017 Fourth International Conference on Advances in Biomedical Engineering (ICABME),"Multichannel EHG segmentation for automatically identifying contractions and motion artifacts
A Zaylaa, A Diab, M Khalil, C Marque - 2017 Fourth International Conference on Advances in …, 2017
Cited by 10 Related articles All 12 versions",2017/10/19,,https://theses.hal.science/tel-02522288/file/These_UTC_Amer_Zaylaa.pdf,,,,1-4,"Signal processing, Connectivity analysis, AI applied on medical data",Cited by 10,Ahmad Diab,,,Multichannel EHG segmentation for automatically identifying contractions and motion artifacts,,,,https://scholar.google.com/citations?view_op=view_citation&hl=en&user=0PBhvMUAAAAJ&citation_for_view=0PBhvMUAAAAJ:4TOpqqG69KYC,,IEEE,"Amer Zaylaa, Ahmad Diab, Mohamad Khalil, Catherine Marque","In a recent past, several techniques have been developed to analyze the events contained in the electrohysterogram signals (EHG). But, the most of them focused on offline methods. In this study, we use an online method which is developed previously and known by Dynamic Cumulative Sum (DCS). The approach is applied on real EHG signals database through a 4×4 electrodes matrix. For this purpose, two parameters affecting the DCS method, the size of analyzing window and the function detection thresholding value, were first tuned in order to identify the recommended values for ruptures detection from the EHG signals by comparing to the same labeled signals. Furthermore, data fusion of the contraction extracted data has been applied and then analyzed by extracting the contractions detection performance and the performance on electrodes. According to the obtained results, DCS seems to be an …",ai applied on medical data,0.279
,2017 39th Annual International Conference of the IEEE Engineering in Medicine and Biology Society (EMBC),"Variation-based sparse source imaging in localizing uterine activity
S Zahran, M Yochum, A Diab, C Marque - 2017 39th Annual International Conference of the IEEE …, 2017
Cited by 9 Related articles All 5 versions",2017/7/11,,https://www.academia.edu/download/113480060/Zahran2017_EMBC.pdf,,,,2948-2951,"Signal processing, Connectivity analysis, AI applied on medical data",Cited by 9,Ahmad Diab,,,Variation-based sparse source imaging in localizing uterine activity,,,,https://scholar.google.com/citations?view_op=view_citation&hl=en&user=0PBhvMUAAAAJ&citation_for_view=0PBhvMUAAAAJ:YOwf2qJgpHMC,,IEEE,"Saeed Zahran, Maxime Yochum, Ahmad Diab, Catherine Marque","Electrohysterogram source imaging, i.e., moving from the electrode/sensor space to the source space using EHG signals, provide an estimate of spatial distributions of uterine activity at millisecond scale. This paper aims to study the ability of different distributed source localization methods to recover uterine electrical activity sources. Performance was quantified using a detection accuracy index. Our result suggests that the variation based method is able to reconstruct extended uterus sources with the overall high accuracy, where the increasing of the electrodes numbers and the decreasing of the fat thickness induce a better accuracy in localization.",signal processing,0.2
,2018 International Arab Conference on Information Technology (ACIT),"Automatic segmentation of contractions and other events in Monopolar EHGs-Monodimensional Study
Z Amer, D Ahmad, K Mohamad, M Catherine - 2018 International Arab Conference on Information …, 2018
Cited by 8 Related articles All 4 versions",2018/11/28,,https://www.researchgate.net/profile/Amer-Zaylaa/publication/337199563_Automatic_Segmentation_of_Contractions_and_Other_Events_in_Monopolar_EHGs-Monodimensional_Study/links/5dcb115e92851c818049e573/Automatic-Segmentation-of-Contractions-and-Other-Events-in-Monopolar-EHGs-Monodimensional-Study.pdf,,,,1-4,"Signal processing, Connectivity analysis, AI applied on medical data",Cited by 8,Ahmad Diab,,,Automatic Segmentation of Contractions and Other Events in Monopolar EHGs-Monodimensional Study,,,,https://scholar.google.com/citations?view_op=view_citation&hl=en&user=0PBhvMUAAAAJ&citation_for_view=0PBhvMUAAAAJ:7PzlFSSx8tAC,,IEEE,"Zaylaa Amer, Diab Ahmad, Khalil Mohamad, Marque Catherine","Until recently, many studies have been achieved for the sake of automatically segmentation of the electrohysterogram (EHG) in order to identify the efficient uterine contractions but the most of them encountered the presence of other events such as motion artifacts and other kind of contractions despite of the use of efficient filtering methods. In this study, we apply an online method which is developed previously and known by Dynamic Cumulative Sum (DCS) on monopolar EHG signals acquired through a 4×4 electrodes matrix with and without CCA-EMD denoising method. The detected segments are driven through an automatic concatenation technique of detected event time from all channels in order to reduce the unwanted segments, the obtained segments then undergo to implemented Margin validation test in order to classify among them. Sensitivity of detected contractions and other detected events rate …",signal processing,0.2
,2018 International Conference on Computer and Applications (ICCA),"Multi-sensory assistive living system for elderly in-home staying
M Daher, MEB El Najjar, A Diab, M Khalil, F Charpillet - 2018 International Conference on Computer and …, 2018
Cited by 8 Related articles All 3 versions",2018/8/25,,https://www.researchgate.net/profile/Mhd-Daher/publication/327638412_Multi-Sensory_Assistive_Living_System_for_Elderly_in-Home_Staying/links/5bbdfbe5299bf1010175bdcb/Multi-Sensory-Assistive-Living-System-for-Elderly-in-Home-Staying.pdf,,,,168-171,"Signal processing, Connectivity analysis, AI applied on medical data",Cited by 8,Ahmad Diab,,,Multi-Sensory Assistive Living System for Elderly in-Home Staying,,,,https://scholar.google.com/citations?view_op=view_citation&hl=en&user=0PBhvMUAAAAJ&citation_for_view=0PBhvMUAAAAJ:4DMP91E08xMC,,IEEE,"Mohamad Daher, Maan El Badaoui El Najjar, Ahmad Diab, Mohamad Khalil, François Charpillet","One of the Ambient Intelligence (AmI) systems nowadays, is the Assisted Living System (ALS) that helps elderly people to live in an intelligent and pro-active environment. It is charged with the supervision and control of the entrusted space, monitoring events and human well-being through a network of heterogeneous sensors. This paper shows the capabilities of depth images extracted from RGB-D Microsoft Kinect camera fixed on the wall and 3-axis accelerometer concealed under smart tiles to localize and track elders, recognize their main Activities of Daily Living (ADLs) (walking, standing, sitting, lying down and the transitions between them) as well as detect falling down cases. While the proposed approach remains simple and non-intrusive, the experimental results show that it is able to achieve the aim with a high precision (sensitivity more than 95%).",Unclassified,0.0
,2017 Fourth International Conference on Advances in Biomedical Engineering (ICABME),"Ambient assistive living system using RGB-D camera
M Daher, MEB El Najjar, A Diab, M Khalil, A Dib… - 2017 Fourth International Conference on Advances in …, 2017
Cited by 8 Related articles All 2 versions",2017/10/19,,https://www.researchgate.net/profile/Mhd-Daher/publication/320433519_Ambient_Assistive_Living_System_Using_RGB-D_Camera/links/59ece802aca272cddde05c1b/Ambient-Assistive-Living-System-Using-RGB-D-Camera.pdf,,,,1-4,"Signal processing, Connectivity analysis, AI applied on medical data",Cited by 8,Ahmad Diab,,,Ambient assistive living system using RGB-D camera,,,,https://scholar.google.com/citations?view_op=view_citation&hl=en&user=0PBhvMUAAAAJ&citation_for_view=0PBhvMUAAAAJ:ULOm3_A8WrAC,,IEEE,"Mohamad Daher, Maan El Badaoui El Najjar, Ahmad Diab, Mohamad Khalil, Abdallah Dib, François Charpillet","One of the main problems that are being addressed intensively in modern societies is the ageing of population. Today's challenge is to allow elderly people to remain autonomous at their home as much as possible. Currently, one of the active research fields is the development of an assistive living system (ALS) that aims to support people at home. This can help elderly people to stay at home as long as possible, which consequently satisfies elders and reduces the health care cost. In this paper, we propose a simple and efficient way to track and recognize basic elderly activities using a single RGB-D camera. The main benefit of this method is the low cost and the effortless deployment and installation, as well as an overall recall of 97%.",Unclassified,0.0
,2013 2nd International Conference on Advances in Biomedical Engineering,"Comparison of methods for evaluating signal synchronization and direction: Application to uterine EMG signals
A Diab, C Marque, B Karlsson, M Hassan - 2013 2nd international conference on advances in …, 2013
Cited by 8 Related articles All 3 versions",2013/9/11,,https://www.academia.edu/download/66469372/Comparison_of_Methods_for_Evaluating_Sig20210421-20673-usd4b3.pdf,,,,14-17,"Signal processing, Connectivity analysis, AI applied on medical data",Cited by 8,Ahmad Diab,,,Comparison of methods for evaluating signal synchronization and direction: Application to uterine EMG signals,,,,https://scholar.google.com/citations?view_op=view_citation&hl=en&user=0PBhvMUAAAAJ&cstart=20&pagesize=80&citation_for_view=0PBhvMUAAAAJ:qjMakFHDy7sC,,IEEE,"Ahmad Diab, Catherine Marque, Brynjar Karlsson, Mahmoud Hassan","Over the last decades several techniques have been developed to analyze interactions in multivariate dynamic systems. Several measures have been proposed to detect the strength and direction of relationships between time series and in physiological data. In this paper we use three methods that are widely used in connectivity and directionality analysis: Nonlinear correlation coefficient (h2), general synchronization (H) and Granger causality (GC). The performances of all methods are tested on two-dimensional coupled synthetic nonlinear Rössler model. They are then applied to a dataset of contractions of real uterine EMG to study the evolution of synchronization with week before labor. Finally h2 is used to detect the connectivity and direction between all the signal channels. The results on synthetic signal show a slight superiority of h2. The results obtained on real signals are encouraging and may be used for …",connectivity analysis,0.409
,2021 Sixth International Conference on Advances in Biomedical Engineering (ICABME),"Retrieving motor unit depth using inverse approach on HD-sEMG signals
S Berro, A Diab, M Hajj-Hassan, M Khalil, H Amoud… - 2021 Sixth International Conference on Advances in …, 2021
Cited by 7 Related articles All 2 versions",2021/10/7,,,,,,159-162,"Signal processing, Connectivity analysis, AI applied on medical data",Cited by 7,Ahmad Diab,,,Retrieving motor unit depth using inverse approach on HD-sEMG signals,,,,https://scholar.google.com/citations?view_op=view_citation&hl=en&user=0PBhvMUAAAAJ&cstart=20&pagesize=80&citation_for_view=0PBhvMUAAAAJ:isC4tDSrTZIC,,IEEE,"Soumaya Berro, Ahmad Diab, Mohamad Hajj-Hassan, Mohamad Khalil, Hassan Amoud, Sofiane Boudaoud","The position identification of underlying activated motor units from the surface potential map that those motor units had produced constitutes a challenging inverse problem in the electromyography community. This field has gained wide interest due to the various medical applications that it enhances. Some of the most important medical applications are focused on the areas of prosthetic control enhancement and improving the efficiency of rehabilitation following an impairment. The proposed study includes the testing of an inverse problem methodology on electromyography data simulated on a vertical alignment of motor units (depth varying) using minimum norm estimation. This study also proposes a methodology for decreasing the number of sources needed in a simulation by formulating a fitting equation, which is formed by a limited number of sources of a definite configuration. The obtained results are …",ai applied on medical data,0.412
,,"Effect of mental calculation and number comparison on a manual-pointing movement
J Khayat, S Champely, A Diab, AR Sarraj, P Fargier - Motor Control, 2020
Cited by 7 Related articles All 8 versions",2020/11/18,25.0,https://www.researchgate.net/profile/Ahmad-Rifai-Sarraj/publication/346080130_Effect_of_Mental_Calculation_and_Number_Comparison_on_a_Manual-Pointing_Movement/links/6065f7b692851c91b1985b70/Effect-of-Mental-Calculation-and-Number-Comparison-on-a-Manual-Pointing-Movement.pdf,,,,44-58,"Signal processing, Connectivity analysis, AI applied on medical data",Cited by 7,Ahmad Diab,,,Effect of mental calculation and number comparison on a manual-pointing movement,,Motor Control,,https://scholar.google.com/citations?view_op=view_citation&hl=en&user=0PBhvMUAAAAJ&cstart=20&pagesize=80&citation_for_view=0PBhvMUAAAAJ:j3f4tGmQtD8C,1,Human Kinetics,"Joy Khayat, Stéphane Champely, Ahmad Diab, Ahmad Rifai Sarraj, Patrick Fargier","The present study aimed at examining the effect of mental calculation and number comparison on motor performance measured as the movement time of a fast manual-pointing movement. Three experiments, involving a total number of 65 undergraduate subjects, examined the effect of mental subtraction (complex) and, respectively, of (a) mental addition (simple or complex),(b) mental multiplication (simple or complex), and (c) the comparison of dot sets and number comparison. Each number was written in Arabic. The movement times were analyzed by using a multilevel linear mixed-effect model. The results showed significant improvement of manual-pointing movement performance only after the complex calculations and after number comparison. Possible implication of attentional mechanisms specific to this arithmetical activity is further discussed.
In everyday life, numbers and calculus contribute to shape the …",Unclassified,0.0
,2015 International Conference on Advances in Biomedical Engineering (ICABME),"Towards a usable and an efficient elder fall detection system
M Daher, MEB El Najjar, A Diab, M Khalil, F Charpillet - 2015 International Conference on Advances in …, 2015
Cited by 7 Related articles All 6 versions",2015/9/16,,https://www.researchgate.net/profile/Mhd-Daher/post/How_can_I_select_the_most_informative_features_from_a_big_feature_set/attachment/5c4cd1d9cfe4a781a57a3580/AS%3A719436050870273%401548538329723/download/ICABME3+%28official%29.pdf,,,,93-96,"Signal processing, Connectivity analysis, AI applied on medical data",Cited by 7,Ahmad Diab,,,Towards a usable and an efficient elder fall detection system,,,,https://scholar.google.com/citations?view_op=view_citation&hl=en&user=0PBhvMUAAAAJ&cstart=20&pagesize=80&citation_for_view=0PBhvMUAAAAJ:ufrVoPGSRksC,,IEEE,"Mohamad Daher, Maan El Badaoui El Najjar, Ahmad Diab, Mohamad Khalil, François Charpillet","In-house monitoring of elders and automatic fall detection using intelligent sensors is a very desirable service that has the potential of increasing autonomy and independence while minimizing the risks of living alone. The efforts of building such systems have been spanning for decades, but there still is a lot of room for improvement. This paper proposes a novel approach to make a successful monitoring and assistive services for elderly. Moreover, we present our current progress of data collection, parameters extraction and parameters selection that are essential phases of our project. Our results on the data demonstrate that the proposed system methods are efficient and accurate and can be easily used in a real fall detection system.",ai applied on medical data,0.142
,2015 37th Annual International Conference of the IEEE Engineering in Medicine and Biology Society (EMBC),"Detecting labor using graph theory on connectivity matrices of uterine EMG
S Al-Omar, A Diab, N Nader, M Khalil, B Karlsson… - 2015 37th Annual International Conference of the IEEE …, 2015
Cited by 7 Related articles All 5 versions",2015/8/25,,,,,,2195-2198,"Signal processing, Connectivity analysis, AI applied on medical data",Cited by 7,Ahmad Diab,,,Detecting labor using graph theory on connectivity matrices of uterine EMG,,,,https://scholar.google.com/citations?view_op=view_citation&hl=en&user=0PBhvMUAAAAJ&cstart=20&pagesize=80&citation_for_view=0PBhvMUAAAAJ:UebtZRa9Y70C,,IEEE,"S Al-Omar, Ahmad Diab, Noujoude Nader, Mohamad Khalil, Brynjar Karlsson, Catherine Marque","Premature labor is one of the most serious health problems in the developed world. One of the main reasons for this is that no good way exists to distinguish true labor from normal pregnancy contractions. The aim of this paper is to investigate if the application of graph theory techniques to multi-electrode uterine EMG signals can improve the discrimination between pregnancy contractions and labor. To test our methods we first applied them to synthetic graphs where we detected some differences in the parameters results and changes in the graph model from pregnancy-like graphs to labor-like graphs. Then, we applied the same methods to real signals. We obtained the best differentiation between pregnancy and labor through the same parameters. Major improvements in differentiating between pregnancy and labor were obtained using a low pass windowing preprocessing step. Results show that real graphs …",signal processing,0.4
,,"Effect of mental calculus on the performance of complex movements
J Khayat, S Champely, A Diab, AR Sarraj, P Fargier - Human Movement Science, 2019
Cited by 6 Related articles All 13 versions",2019/8/1,66.0,https://www.sciencedirect.com/science/article/am/pii/S0167945718308753,,,,347-354,"Signal processing, Connectivity analysis, AI applied on medical data",Cited by 6,Ahmad Diab,,,Effect of mental calculus on the performance of complex movements,,Human movement science,,https://scholar.google.com/citations?view_op=view_citation&hl=en&user=0PBhvMUAAAAJ&cstart=20&pagesize=80&citation_for_view=0PBhvMUAAAAJ:-f6ydRqryjwC,,North-Holland,"Joy Khayat, Stéphane Champely, Ahmad Diab, Ahmad Rifai Sarraj, Patrick Fargier","Several everyday activities require the mental computation of arithmetical calculations. For 37 example, a subtraction may be useful for determining the exact amount of money remaining 38 after a purchase or the remaining time before the beginning of a scheduled activity. Mental 39 calculation is included in school curricula and as a consequence it is also a topic of interest for 40 educational research (eg Fuson, 1984). Several authors have also aimed at understanding the 41 neurofunctional mechanisms of mental arithmetic (eg Arsalidou & Taylor, 2011; Arsalidou, 42 Pawliw-Levac, Sadeghi, & Pascual-Leone, 2018) and the neural bases of dyscalculia (eg 43 Butterworth, 2010; Butterworth, Varma, & Laurillard, 2011). 44 These studies have suggested the possible involvement of the same cerebral mechanisms 45 during both mental calculation and movement preparation. A possibility that is consistent 46 with the …",Unclassified,0.0
,,"Electroencephalography measurement to compare visual and kinesthetic motor imagery of squat vertical jump
HH Bouchra, D Ahmad, K Aya, RS Ahmad - Int. J. Phys. Med. Rehabil, 2016
Cited by 6 Related articles",2016,4.0,,,,,2,"Signal processing, Connectivity analysis, AI applied on medical data",Cited by 6,Ahmad Diab,,,Electroencephalography Measurement to Compare Visual and Kinesthetic Motor Imagery of Squat Vertical Jump,,Int J Phys Med Rehabil,,https://scholar.google.com/citations?view_op=view_citation&hl=en&user=0PBhvMUAAAAJ&cstart=20&pagesize=80&citation_for_view=0PBhvMUAAAAJ:3fE2CSJIrl8C,323,,"HH Bouchra, D Ahmad, K Aya, RS Ahmad","Background: Motor imagery is a form of mental representation of action without any apparent movement. It can be performed in two modalities kinesthetic and visual motor imagery. Although there is ample evidence that motor imagery share many features of real action, such as the similar solicited cerebral region, it is still unknown whether visual motor imagery and kinesthetic motor imagery recruit comparable or distinct neural networks.
Objective: The purpose of this study is to compare the relationship between the two imagery modalities: visual (external) and kinesthetic imagery during a complex motor task; squat vertical jump, by means of electroencephalogram brain wave activity, and to determine if these two modalities demonstrated different topographic patterns of brain activation.
Method: The electroencephalography signals were acquired during sequences of MI squat vertical jump in kinesthetic and visual modalities and also in control condition. Twenty healthy subjects (10 males and 10 females) participated in this study. The event-related-potential approach to the electroencephalography data was applied to investigate where the movements-related potential in alpha power were localized.
Electroencephalography alpha rhythms from the occipital and sensorimotor regions of the brain were analyzed. Results: Imagery rehearsal of motor performance result in a change of brain rhythm activity especially in alpha rhythm. Moreover, the focus of activity during kinesthetic imagery was found close to the sensorimotor area (74%), whereas visual–motor imagery produce greater relative occipital, parietal-occipital activation (75%) than …",ai applied on medical data,0.272
,,"Automatic Monodimensional EHG Contractions' Segmentation
A Zaylaa, A Diab, M Khalil, C Marque - The international Arab journal of information …, 2019
Cited by 5 Related articles All 11 versions",2019,16.0,https://hal.science/hal-02431272v1/file/AZayla_2019.pdf,,,,609-615,"Signal processing, Connectivity analysis, AI applied on medical data",Cited by 5,Ahmad Diab,,,Automatic Monodimensional EHG Contractions' Segmentation,,The international Arab journal of information technology,,https://scholar.google.com/citations?view_op=view_citation&hl=en&user=0PBhvMUAAAAJ&cstart=20&pagesize=80&citation_for_view=0PBhvMUAAAAJ:ZeXyd9-uunAC,3A,,"Amer Zaylaa, Ahmad Diab, Mohamad Khalil, Catherine Marque","Until recently, many studies have been achieved for the sake of automatically segmentation of the Electrohysterogram (EHG) in order to identify the efficient uterine contractions but the most of them encountered the presence of other events such as motion artifacts and other kind of contractions despite of the use of efficient filtering methods. In this study, we apply an online method which is developed previously and known by Dynamic Cumulative Sum (DCS) on monopolar EHG signals acquired through a 4x4 electrodes matrix with and without Canonical Correlation Analysis and Empirical Mode Decomposition (CCA-EMD) denoising method, then on monopolar EHG after wavelet decomposition. The detected segments are driven through an automatic concatenation technique of detected event time from all channels in order to reduce the unwanted segments, the obtained segments then undergo to implemented Margin validation test in order to classify among them. Sensitivity of detected contractions and other detected events rate referring to identified contractions by expert have been calculated in order to track the efficiency of the fully automated multichannel segmentation method. Additional EHG filtering techniques like CCA-EMD method seems to be better but effective time cost. Further studies should be achieved in order to decreasing the other events rate for the sake of fully identifying the uterine contractions.",connectivity analysis,0.203
,,"Performance of source imaging techniques of spatially extended generators of uterine activity
S Zahran, A Diab, RA Chowdhury, T Hedrich… - Informatics in Medicine Unlocked, 2019
Cited by 4 Related articles All 10 versions",2019/1/1,16.0,https://www.sciencedirect.com/science/article/pii/S2352914818302053,,,,100167,"Signal processing, Connectivity analysis, AI applied on medical data",Cited by 4,Ahmad Diab,,,Performance of source imaging techniques of spatially extended generators of uterine activity,,Informatics in Medicine Unlocked,,https://scholar.google.com/citations?view_op=view_citation&hl=en&user=0PBhvMUAAAAJ&cstart=20&pagesize=80&citation_for_view=0PBhvMUAAAAJ:IWHjjKOFINEC,,Elsevier,"Saeed Zahran, Ahmad Diab, Rasheda Arman Chowdhury, Tanguy Hedrich, Mahmoud Hassan, Christophe Grova, Maxime Yochum, Mohamad Khalil, Catherine Marque","Preterm birth (PTB) is one of the most important complications in pregnancy. Reliable diagnosis means are lacking and the underlying physiological mechanisms are unclear. Determining the location of various correlated and simultaneously active uterus sources from abdominal ElectroHysterogram (EHG) recordings and extracting the corresponding uterus signals is a challenging problem. The use of the EHG for imaging the sources of the uterine electrical activity could be a new and powerful diagnosis technique. In this paper we compare the ability of six distributed source localization methods to recover extended sources of uterus activity from abdominal EHG. As no gold standard to evaluate source localization methods, exists, we perform our evaluation by using a well-controlled realistic simulations of EHG signals, involving several locations. Simulated data were corrupted by physiological EHG noise. The …",signal processing,0.2
,2018 IEEE 4th Middle East Conference on Biomedical Engineering (MECBME),"Source localization of uterine activity using maximum entropy on the mean approach
S Zahran, A Diab, M Khalil, C Marque - 2018 IEEE 4th Middle East Conference on Biomedical …, 2018
Cited by 4 Related articles All 2 versions",2018/3/28,,,,,,247-251,"Signal processing, Connectivity analysis, AI applied on medical data",Cited by 4,Ahmad Diab,,,Source localization of uterine activity using maximum entropy on the mean approach,,,,https://scholar.google.com/citations?view_op=view_citation&hl=en&user=0PBhvMUAAAAJ&cstart=20&pagesize=80&citation_for_view=0PBhvMUAAAAJ:aqlVkmm33-oC,,IEEE,"Saeed Zahran, Ahmad Diab, Mohamad Khalil, Catherine Marque","This study evaluates the ability of distributed source localization methods to accurately estimate the location of the sources as well as their sensitivity to the spatial extent of the sources when using EHG data. We use here realistic simulations of uterine electrical activity based on a realistically uterus shape and take into account 16 electrodes for simulated recorde EHG signal, A Data Driven Parcellization (DDP) method was used to segment the uterus surface into non-overlapping regions. Our results showed that the localization is sensitive to the spatial extents of the sources (range from 11 cm2 to 29 cm2, and also to the number and size of the regions defining the model. Our analysis of the evolution of the real sources during contraction showed a non linear propagation of uterine electrical activity.",signal processing,0.204
,2015 International Conference on Advances in Biomedical Engineering (ICABME),"Non-linear analysis of human stability during static posture
K Safi, A Diab, IM Albertsen, E Hutin, S Mohammed… - 2015 International Conference on Advances in …, 2015
Cited by 4 Related articles",2015/9/16,,,,,,285-288,"Signal processing, Connectivity analysis, AI applied on medical data",Cited by 4,Ahmad Diab,,,Non-linear analysis of human stability during static posture,,,,https://scholar.google.com/citations?view_op=view_citation&hl=en&user=0PBhvMUAAAAJ&cstart=20&pagesize=80&citation_for_view=0PBhvMUAAAAJ:roLk4NBRz8UC,,IEEE,"Khaled Safi, Ahmad Diab, Inke Marie Albertsen, Emilie Hutin, Samer Mohammed, Mohamad Khalil, Yacine Amirat, Jean-Michel Gracies","The goal of this paper is to analyze the human stability in the upright position. This is achieved by analyzing the visual input, feet placement, and age affects on the human body equilibrium using stabilometric signals. Twenty eight healthy subjects (14 young and 14 elderly subjects) participated to this study to collect their stabilometric signals under four conditions. Three non linear methods are used: time reversibility, sample Entropy and Lyapunov exponents methods. Lyapunov exponents show the best results especially between feet apart and feet together condition and between young and elderly subjects with significant differences. ROC analysis and Anova test were used and the results show significant differences between groups with p-values less than 0.001.",connectivity analysis,0.205
,,"Ehg source localization using signals from a uterus electrophysiological model
A Diab, M Hassan, J Laforet, B Karlsson, C Marque - Proceedings of virtual physiological human conference, 2014
Cited by 4 Related articles All 2 versions",2014,,https://www.academia.edu/download/66469373/EHG_Source_Localization_Using_Signals_fr20210421-22630-5jos7s.pdf,,,,,"Signal processing, Connectivity analysis, AI applied on medical data",Cited by 4,Ahmad Diab,,,EHG Source Localization Using Signals from a Uterus Electrophysiological Model,,Proceedings of Virtual Physiological Human Conference,,https://scholar.google.com/citations?view_op=view_citation&hl=en&user=0PBhvMUAAAAJ&cstart=20&pagesize=80&citation_for_view=0PBhvMUAAAAJ:W7OEmFMy1HYC,,,"Ahmad Diab, Mahmoud Hassan, Jeremy Laforet, Brynjar Karlsson, Catherine Marque","There is much interest in studying the evolution of the uterus during pregnancy and labor using various measurement and modeling techniques [1, 2]. Indeed understanding the uterus is vital to be able to predict the onset of preterm labor and to prevent it. To validate processing methods that we want to apply to real uterine EMG (Electrohysterogram, EHG) we can first apply them to simulated EHG signals generated by a electrophysiological model of the uterus muscle to see if the methods correctly detect the underlying dynamical mechanisms. In this study we tackle the problem of source localization in the uterus. Source localization has been widely applied in EEG and MEG [3], but to our knowledge, this is the first application of this technique to EHG signals.
EHG provides a dynamic characterization of uterus activity that is not possible with other direct or indirect modalities. Despite rapidly growing interest in uterus functioning, to our knowledge no one investigated yet the uterine EHG by means of source estimation tool. An efficient method for source localization will be useful to investigate the functional dynamics of the uterus using noninvasive measure. Using the FieldTrip open-source software [4], we adapted the existing source estimation tool to our EHG signals. Simulated EHG signals were generated by using our new multiscale uterine EMG model [5], with a known source location, in order to visually validate the source estimation process. For this estimation, four compartments (uterus muscle, abdominal muscle, fat, and skin) were defined with triangular meshes on which we applied the boundary element (BEM) method [6]. We then inversely …",signal processing,0.403
,,"Curve Fitting Based Minimum Norm Estimation (CFB-MNE) for motor unit spatial localization using high density surface electromyogram signals
S Berro, I Douania, A Diab, M Hajj-Hassan, M Khalil… - Biomedical Signal Processing and Control, 2023
Cited by 3 Related articles All 3 versions",2023/9/1,86.0,https://www.sciencedirect.com/science/article/am/pii/S1746809423006912,,,,105258,"Signal processing, Connectivity analysis, AI applied on medical data",Cited by 3,Ahmad Diab,,,Curve Fitting Based Minimum Norm Estimation (CFB-MNE) for motor unit spatial localization using high density surface electromyogram signals,,Biomedical Signal Processing and Control,,https://scholar.google.com/citations?view_op=view_citation&hl=en&user=0PBhvMUAAAAJ&cstart=20&pagesize=80&citation_for_view=0PBhvMUAAAAJ:M3NEmzRMIkIC,,Elsevier,"Soumaya Berro, Ines Douania, Ahmad Diab, Mohamad Hajj-Hassan, Mohamad Khalil, Sofiane Boudaoud","The purpose of the study is the real time spatial localization of single motor units using simulated Motor Unit Action Potential dictionary from a cylindrical muscle volume conductor model by means of a state-of-the-art curve fitting method. This Curve Fitting Based Minimum Norm Estimation (CFB-MNE) was made possible by using minimum norm estimation methods to solve an underdetermined inverse problem knowing produced HD-sEMG signals. Specific data extracted from the inverse problem of a pre-determined number of simulated motor units were used to create a 3D curve, which can be used as a fitting curve to anticipate the unknown location of motor units. Results show that the proposed algorithms succeeded in accurately localizing motor units with varying noise levels in a fast duration (less than 100 ms). From all the simulations, a mean root mean square error of maximum 1 mm was recorded for the …",signal processing,0.2
,2023 IEEE 36th International Symposium on Computer-Based Medical Systems (CBMS),"Active aging prediction from muscle electrical activity using HD-sEMG signals and machine learning
SM Sid'El Moctar, A Diab, I Rida, K Kinugawa… - 2023 IEEE 36th International Symposium on Computer …, 2023
Cited by 3 Related articles All 3 versions",2023/6/22,,,,,,734-737,"Signal processing, Connectivity analysis, AI applied on medical data",Cited by 3,Ahmad Diab,,,Active aging prediction from muscle electrical activity using HD-sEMG signals and machine learning,,,,https://scholar.google.com/citations?view_op=view_citation&hl=en&user=0PBhvMUAAAAJ&cstart=20&pagesize=80&citation_for_view=0PBhvMUAAAAJ:blknAaTinKkC,,IEEE,"Sidi Mohamed Sid'El Moctar, Ahmad Diab, Imad Rida, Kiyoka Kinugawa, Sofiane Boudaoud","In this study, using High-Density Surface Electromyography (HD-sEMG) signals and extracted features, we propose a Machine Learning (ML) architecture for predicting active aging through motor functional age (MFA) estimation, a new concept introduced by Prof. S. Boudaoud and Prof. K. Kinugawa in EIT-Health CHRONOS project. In fact, MFA should be equal to Chronological Age (CA) for active subjects. For this purpose, several time and frequency features have been tested, coupled to classical ML classifiers, to predict active aging through MFA estimation. The classifiers have been trained on the CHRONOS database composed by 79 active subjects (International Physical Activity Questionnaire (IPAQ): 2–3, from 25 to 74 yrs) and we tested, as a preliminary study, 4 sedentary subjects (IPAQ: 1, 45–54 yrs). The results show that the best classifier gave promising results (Accuracy = 71.6% ± 3.86) for confirming …",signal processing,0.2
,2020 IEEE 5th Middle East and Africa Conference on Biomedical Engineering (MECBME),"Exploration of motor unit activation pattern using high density sEMG minimum norm estimation
S Berro, A Diab, M Hajj-Hassan, M Khalil, H Amoud… - 2020 IEEE 5th Middle East and Africa Conference on …, 2020
Cited by 3 Related articles All 3 versions",2020/10/27,,,,,,1-6,"Signal processing, Connectivity analysis, AI applied on medical data",Cited by 3,Ahmad Diab,,,Exploration of motor unit activation pattern using high density sEMG minimum norm estimation,,,,https://scholar.google.com/citations?view_op=view_citation&hl=en&user=0PBhvMUAAAAJ&cstart=20&pagesize=80&citation_for_view=0PBhvMUAAAAJ:r0BpntZqJG4C,,IEEE,"Soumaya Berro, Ahmad Diab, Mohamad Hajj-Hassan, Mohamad Khalil, Hassan Amoud, Sofiane Boudaoud","when speaking of the electrical activity of the muscles, major data can be extracted from such signals. One significant piece of information that can be extracted from those signals is the spatial positioning of the active regions within the muscle with major applications it participate in, starting from the improved diagnosis of neuromuscular diseases, and ending in a better prosthetic control. This study is an extended and improved version of a recent work previously done that included proposing the creation of a modified lead field matrix for High-Density surface EMG signals. This was proceeded by solving the corresponding inverse problem by the classical methods of minimum norm estimation (regular and weighted) and the comparison of the two methods by considering two different scenarios of activation patterns; one which only takes into consideration the superficial sources and the other that takes into …",ai applied on medical data,0.271
,"XV Mediterranean Conference on Medical and Biological Engineering and Computing–MEDICON 2019: Proceedings of MEDICON 2019, September 26-28, 2019, Coimbra, Portugal","Automatic segmentation of bipolar EHGs’ contractions using wavelet transform
A Zaylaa, A Diab, Z Fawal, M Khalil, C Marque - XV Mediterranean Conference on Medical and …, 2020
Cited by 3 Related articles All 5 versions",2020,,https://www.researchgate.net/profile/Amer-Zaylaa/publication/336025615_Automatic_Segmentation_of_Bipolar_EHGs%27_Contractions_Using_Wavelet_Transform/links/5fdf4ab0299bf140882afb60/Automatic-Segmentation-of-Bipolar-EHGs-Contractions-Using-Wavelet-Transform.pdf,,,,174-183,"Signal processing, Connectivity analysis, AI applied on medical data",Cited by 3,Ahmad Diab,,,Automatic segmentation of bipolar EHGs’ contractions using wavelet transform,,,,https://scholar.google.com/citations?view_op=view_citation&hl=en&user=0PBhvMUAAAAJ&cstart=20&pagesize=80&citation_for_view=0PBhvMUAAAAJ:qUcmZB5y_30C,,Springer International Publishing,"Amer Zaylaa, Ahmad Diab, Ziad Fawal, Mohamad Khalil, Catherine Marque","Until recently, many segmentation research trials on uterine EMG have been recorded for the sake of not only automatic detection of contractions but also curtailment of other events presents in the electrohysterogram (EHG). In this study, we use an online segmentation method, which has proven its efficiency and known by Dynamic Cumulative Sum (DCS). The method is first applied on real bipolar EHGs signals then on their details obtained by wavelet transform. The detected rupture instants are driven through an enhanced technique of faulty rupture instants elimination, dynamic selection of multichannel bipolar EHG signals and its details after wavelet transform and event tracking algorithm. Therefore, enhanced method sensitivity and “other events” rate of bipolar EHGs with and without wavelet are computed using Margin validation test in order to classify among events as contractions or not referring to …",signal processing,0.2
,2019 Fifth International Conference on Advances in Biomedical Engineering (ICABME),"Brain segmentation from super-resolved magnetic resonance images
F Bazzi, JDD Rodriguez-Callejas, C Fonta, A Diab… - 2019 Fifth International Conference on Advances in …, 2019
Cited by 3 Related articles All 5 versions",2019/10/17,,https://hal.science/hal-02875503/file/BAZZI_Brain%20Segmentation%20from%20Super-Resolved%20Magnetic%20Resonance%20Images%20%281%29.pdf,,,,1-4,"Signal processing, Connectivity analysis, AI applied on medical data",Cited by 3,Ahmad Diab,,,Brain Segmentation from Super-Resolved Magnetic Resonance Images,,,,https://scholar.google.com/citations?view_op=view_citation&hl=en&user=0PBhvMUAAAAJ&cstart=20&pagesize=80&citation_for_view=0PBhvMUAAAAJ:_Qo2XoVZTnwC,,IEEE,"Farah Bazzi, Juan D Dios Rodriguez-Callejas, Caroline Fonta, Ahmad Diab, Hassan Amoud, Omar Falou, Muriel Mescam, Adrian Basarab, Denis Kouamé","The objective of this work is to investigate the ability of a 2D super resolution (SR) technique in 3D restoration and enhancement of brain magnetic resonance images to facilitate the study of cerebral aging bio-markers. The SR method exploits the joint properties of the system point spread function and sub-sampling operators to derive a fast algorithm. Brain images of the common marmoset, Callithrix jacchus, acquired at different ages are used in this study. The evaluation of the final outcome of our method is done by computing the intracranial volume from the segmentation of the brain compartments: gray matter, white matter and cerebrospinal fluid. Results show that the deblurring of the images improves the segmentation process with respect to the ground truth. However, super resolution leads to the best quantification of the intracranial volume when compared to the deblurred and the original images. Therefore …",signal processing,0.2
,2019 Fifth International Conference on Advances in Biomedical Engineering (ICABME),"3D navigation algorithm of a micro-robot swarm in blood vessels for medical applications
AR Merheb, R Mourad, A Diab, A Haddad - 2019 Fifth International Conference on Advances in …, 2019
Cited by 3 Related articles All 2 versions",2019/10/17,,https://www.researchgate.net/profile/Abdel-Razzak-Merheb/publication/336768571_3D_Navigation_Algorithm_of_a_Micro-Robot_Swarm_in_Blood_Vessels_for_Medical_Applications/links/5db122fa92851c577eba68c9/3D-Navigation-Algorithm-of-a-Micro-Robot-Swarm-in-Blood-Vessels-for-Medical-Applications.pdf,,,,1-4,"Signal processing, Connectivity analysis, AI applied on medical data",Cited by 3,Ahmad Diab,,,3D navigation algorithm of a micro-robot swarm in blood vessels for medical applications,,,,https://scholar.google.com/citations?view_op=view_citation&hl=en&user=0PBhvMUAAAAJ&cstart=20&pagesize=80&citation_for_view=0PBhvMUAAAAJ:hFOr9nPyWt4C,,IEEE,"Abdel-Razzak Merheb, Rida Mourad, Ahmad Diab, Ahmad Haddad","In this paper, a three dimensional navigation algorithm is proposed for a swarm of medical micro-robots navigating in human blood vessels. The micro robot swarm is intended to be used for treating vascular obstructions, or for precise drug delivery to diseased sites. The proposed algorithm is based on potential functions theory that add an attractive force to the desired path ensuring precise following. Potential functions are also used to ensure a collision-free cohesiveness among the micro-robot swarm elements. Simulation results under MATLAB environment are promising, showing the applicability of the proposed navigation algorithm in possible medical applications.",ai applied on medical data,0.278
,,"Toward high Integrity personal localization system based on informational formalism
M Daher, J Al Hage, MEB El Najjar, A Diab, MA Khalil… - IEEE transactions on instrumentation and …, 2019
Cited by 3 Related articles All 8 versions",2019/1/4,68.0,https://inria.hal.science/hal-02427488/document,,,,4590-4599,"Signal processing, Connectivity analysis, AI applied on medical data",Cited by 3,Ahmad Diab,,,Toward High Integrity Personal Localization System Based on Informational Formalism,,IEEE Transactions on Instrumentation and Measurement,,https://scholar.google.com/citations?view_op=view_citation&hl=en&user=0PBhvMUAAAAJ&cstart=20&pagesize=80&citation_for_view=0PBhvMUAAAAJ:mVmsd5A6BfQC,11,IEEE,"Mohamad Daher, Joelle Al Hage, Maan El Badaoui El Najjar, Ahmad Diab, Mohamad Ali Khalil, François Charpillet","Several computing techniques and sensor technologies have been proposed in the past two decades to provide indoor localization systems for personal in-home staying. This field known as personal localization system (PLS) is quite challenging due to some faulty sensor measurements as well as people random movements. This paper describes the ongoing work of in-home PLS using data fusion between an inertial measurement unit and a load pressure sensing floor. In addition, a fault-tolerant fusion method is proposed using a purely informational formalism: information filter on the one hand and information theory tools on the other hand. Residues based on the Kullback-Leibler divergence are used. Using an appropriate threshold, these residues lead to the detection and exclusion of sensors faults. The experimental results show that the proposed approach is very promising, a fault-tolerant PLS that localizes …",ai applied on medical data,0.141
,2017 Fourth International Conference on Advances in Biomedical Engineering (ICABME),"Separation and localization of EHG sources using tensor models
S Zahran, B Alrifai, A Diab, M Khalil, C Marque - 2017 Fourth International Conference on Advances in …, 2017
Cited by 3 Related articles All 2 versions",2017/10/19,,https://www.academia.edu/download/113480059/Zahran2017_ICABME.pdf,,,,1-4,"Signal processing, Connectivity analysis, AI applied on medical data",Cited by 3,Ahmad Diab,,,Separation and localization of EHG sources using tensor models,,,,https://scholar.google.com/citations?view_op=view_citation&hl=en&user=0PBhvMUAAAAJ&cstart=20&pagesize=80&citation_for_view=0PBhvMUAAAAJ:qxL8FJ1GzNcC,,IEEE,"Saeed Zahran, Bayan Alrifai, Ahmad Diab, Mohamad Khalil, Catherine Marque","The use of the Electrohysterogram (EHG) for imaging the sources of the uterine electrical activity is a new and powerful diagnosis technique. However, its performance is limited as the uterus often demonstrates several simultaneously active regions and as EHGs present low signal-to-noise ratios. To overcome these problems, tensor-based preprocessing can be applied, which consists in constructing a space-time-frequency (STF) or space-time-wave-vector (STWV) tensor and decomposing it by using the Canonical Polyadic (CP) decomposition. In this paper, we present an algorithm for the accurate localization of extended sources based on the results of the tensor decomposition. Furthermore, we analyse its performance on realistic simulated data in comparison to conventional source localization algorithms.",signal processing,0.405
,2017 Fourth International Conference on Advances in Biomedical Engineering (ICABME),"Automatic reading and interpretation of an antibiogram
A Diab, A Raad, M Chakouch, M Osman, M Hamze… - 2017 Fourth International Conference on Advances in …, 2017
Cited by 3 Related articles",2017/10/19,,,,,,1-4,"Signal processing, Connectivity analysis, AI applied on medical data",Cited by 3,Ahmad Diab,,,Automatic reading and interpretation of an antibiogram,,,,https://scholar.google.com/citations?view_op=view_citation&hl=en&user=0PBhvMUAAAAJ&cstart=20&pagesize=80&citation_for_view=0PBhvMUAAAAJ:M3ejUd6NZC8C,,IEEE,"Ahmad Diab, Abdelwahab Raad, Mashhour Chakouch, Marwan Osman, Monzer Hamze, Mohamad Khalil, Walid Kamali","Nowadays, the reading and interpretation of antibiogram tests is a frequently performed task by doctors, researchers and technicians at hospitals and laboratories. An antibiogram is a test of the sensitivity of a microorganism to given antibiotics. Reading an interpretation of the antibiogram results is usually performed manually, which leads to human errors and a great waste of time. There are few automated devices that reads and interprets antibiograms but they are expensive and costly to run. This paper aimed to present a prototype that reads and interprets antibiograms. In this paper, we show the algorithm of detection and interpretation using the recent image processing techniques. The two principle techniques used for circles detection are the Circular Hough Transform (CHT) and the Pixel Value Checking (PVC).",signal processing,0.205
,2015 International Conference on Advances in Biomedical Engineering (ICABME),"Evaluation of HD-sEMG grid misalignment with muscle fibers using nonlinear correlation
A Zaylaa, A Diab, M Al Harrach, S Boudaoud - 2015 International Conference on Advances in …, 2015
Cited by 3 Related articles All 7 versions",2015/9/16,,https://hal.science/hal-01248864v1/file/icabme%202015-ieee-explorer.pdf,,,,289-292,"Signal processing, Connectivity analysis, AI applied on medical data",Cited by 3,Ahmad Diab,,,Evaluation of HD-sEMG grid misalignment with muscle fibers using nonlinear correlation,,,,https://scholar.google.com/citations?view_op=view_citation&hl=en&user=0PBhvMUAAAAJ&cstart=20&pagesize=80&citation_for_view=0PBhvMUAAAAJ:_FxGoFyzp5QC,,IEEE,"Amer Zaylaa, Ahmad Diab, Mariam Al Harrach, Sofiane Boudaoud","In a recent past, several techniques have been developed to analyze the effect of electrode grid alignment with the muscle fibers. But, they focused on pattern matching of Motor Unit (MU) electrical signatures and not on the interference signal. In this study, we use a method which is widely applied in connectivity and directionality analysis of stochastic and complex signals, namely, the nonlinear correlation coefficient (h2) on HD-sEMG signal matrices. The approach is first applied on simulated data from recent generation model through an (8×8) simulated electrode matrix, then on real signals using the same grid specifications on the Biceps Brachii. Both simulated and real data were evaluated with three angles of grid alignment with respect to muscle fibers. For this purpose, five parameters were extracted from obtained h2 correlation matrices and tested. According to the obtained results, a relationship between h2 …",connectivity analysis,0.408
,2023 Seventh International Conference on Advances in Biomedical Engineering (ICABME),"Classification of neurodegenerative diseases using gait analysis
A Diab, SAL Akkoumi, L Ali - 2023 Seventh International Conference on Advances …, 2023
Cited by 2 Related articles",2023/10/12,,,,,,201-205,"Signal processing, Connectivity analysis, AI applied on medical data",Cited by 2,Ahmad Diab,,,Classification of Neurodegenerative Diseases using Gait Analysis,,,,https://scholar.google.com/citations?view_op=view_citation&hl=en&user=0PBhvMUAAAAJ&cstart=20&pagesize=80&citation_for_view=0PBhvMUAAAAJ:NMxIlDl6LWMC,,IEEE,"Ahmad Diab, Sham AL Akkoumi, Lynn Ali","Neurodegenerative diseases such as Parkinson, Huntington and Amyotrophic Lateral Sclerosis are common and widely known worldwide. Their detection beers traditionally on electrophysiological measurements mainly EEG and rarely on gait data. Our approach consists of using gait data collected using Force sensitive resistor data to extract 24 temporal and spectral features. Then feed those features to 10 machine learning models after passing through two preprocessing steps, namely the outlier's removal, and feature selection. The results are highly encouraging since the a classification rate of all the classifiers is above 80% except LDA classifiers with the following five selected features: RMS, WL, AAC, DASDV, WAMP, SSC, MAVSLPK1, MAVSLPK2, MAVSLPK3 MAVSLPK1.",connectivity analysis,0.204
,,"Marmoset brain segmentation from deconvolved magnetic resonance images and estimated label maps
F Bazzi, M Mescam, A Diab, O Falou, H Amoud… - Magnetic resonance in medicine, 2021
Cited by 2 Related articles All 7 versions",2021/11,86.0,https://drive.google.com/file/d/1ZXXcaIUQIXRpkPHvgpCwTrhIx3YLpyEc/view,,,,2766-2779,"Signal processing, Connectivity analysis, AI applied on medical data",Cited by 2,Ahmad Diab,,,Marmoset brain segmentation from deconvolved magnetic resonance images and estimated label maps,,Magnetic resonance in medicine,,https://scholar.google.com/citations?view_op=view_citation&hl=en&user=0PBhvMUAAAAJ&cstart=20&pagesize=80&citation_for_view=0PBhvMUAAAAJ:TFP_iSt0sucC,5,,"Farah Bazzi, Muriel Mescam, Ahmad Diab, Omar Falou, Hassan Amoud, Adrian Basarab, Denis Kouamé","Purpose
The proposed method aims to create label maps that can be used for the segmentation of animal brain MR images without the need of a brain template. This is achieved by performing a joint deconvolution and segmentation of the brain MR images.
Methods
It is based on modeling locally the image statistics using a generalized Gaussian distribution (GGD) and couples the deconvolved image and its corresponding labels map using the GGD‐Potts model. Because of the complexity of the resulting Bayesian estimators of the unknown model parameters, a Gibbs sampler is used to generate samples following the desired posterior probability.
Results
The performance of the proposed algorithm is assessed on simulated and real MR images by the segmentation of enhanced marmoset brain images into its main compartments using the corresponding label maps created. Quantitative assessment showed …",Unclassified,0.0
,2019 Fifth International Conference on Advances in Biomedical Engineering (ICABME),"Identification of motor unit spatial activation by minimum norm estimation
S Berro, A Diab, M Hajj-Hassan, M Khalil, H Amoud… - 2019 Fifth International Conference on Advances in …, 2019
Cited by 2 Related articles All 3 versions",2019/10/17,,,,,,1-4,"Signal processing, Connectivity analysis, AI applied on medical data",Cited by 2,Ahmad Diab,,,Identification of motor unit spatial activation by minimum norm estimation,,,,https://scholar.google.com/citations?view_op=view_citation&hl=en&user=0PBhvMUAAAAJ&cstart=20&pagesize=80&citation_for_view=0PBhvMUAAAAJ:mB3voiENLucC,,IEEE,"Soumaya Berro, Ahmad Diab, Mohamad Hajj-Hassan, Mohamad Khalil, Hassan Amoud, Sofiane Boudaoud","In the context of exploring the internal muscle activity, information such as the location of the muscle electrical sources play a vital role in the diagnosis of neuromuscular diseases, biomechanics, medical robotics research, and better prosthetic control. In this paper the inverse problem of surface electromyography (sEMG) source estimation, tested on simulated data only, was solved by two approaches; the regularized minimum norm estimation (MNE) and the weighted minimum norm (wMNE) estimation. Using a single layer volume conductor, we compared simulated sEMG signals to reconstructed signals after the application of the inverse problem by the two methods. The novelty in the work is that those two methods are compared on a sEMG adapted lead field. Results showed the effectiveness of the MNE and wMNE approaches according to mean square error (MSE) when comparing the original signal and the …",ai applied on medical data,0.413
,2018 International Arab Conference on Information Technology (ACIT),"Pregnancy/Labor Discrimination and Monitoring: An Investigation Using Nonlinear Methods
M Mourad, A Diab, M Khalil, C Marque - 2018 International Arab Conference on Information …, 2018
Cited by 2 Related articles All 2 versions",2018/11/28,,,,,,1-4,"Signal processing, Connectivity analysis, AI applied on medical data",Cited by 2,Ahmad Diab,,,Pregnancy/Labor Discrimination and Monitoring: An Investigation Using Nonlinear Methods,,,,https://scholar.google.com/citations?view_op=view_citation&hl=en&user=0PBhvMUAAAAJ&cstart=20&pagesize=80&citation_for_view=0PBhvMUAAAAJ:dhFuZR0502QC,,IEEE,"Mohamad Mourad, Ahmad Diab, Mohamad Khalil, Catherine Marque","In the last ten years the ratio of preterm labor mortality increases. Many studies were done about the cause of gestation as well as preterm labor. Nowadays, studies are dealing with the signal detection of uterus contraction which can be used by analysis methods in order to determine its features and its role in labor. In this study, many Non-linear methods are used to extract features from the signal in order to differentiate between pregnancy and labor signals and to monitor pregnancy of women for each week before labor (WBL): Lempel-Ziv complexity (lzc), Fractal Dimension (FD), Hjorth parameter. All data recorded between Lebanon and France from 12 WBL until 1 WBL and labor using a 4×4 matrix of electrodes. Methods were tested first on synthetic signals to test their sensitivity to nonlinearity change then they were applied on real signals. Results show the implementation of the nonlinear analysis methods of …",ai applied on medical data,0.278
,2024 International Conference on Smart Systems and Power Management (IC2SPM),"Epileptic Seizure Detection Using Energy Thresholding
R Mourad, A Diab, Z Merhi, M Khalil, RLB Jeannés - 2024 International Conference on Smart Systems and …, 2024
Cited by 1 Related articles All 2 versions",2024/11/28,,,,,,12-16,"Signal processing, Connectivity analysis, AI applied on medical data",Cited by 1,Ahmad Diab,,,Epileptic Seizure Detection Using Energy Thresholding,,,,https://scholar.google.com/citations?view_op=view_citation&hl=en&user=0PBhvMUAAAAJ&cstart=20&pagesize=80&citation_for_view=0PBhvMUAAAAJ:J_g5lzvAfSwC,,IEEE,"Raja Mourad, Ahmad Diab, Zaher Merhi, Mohammad Khalil, Régine Le Bouquin Jeannés","Epilepsy is a brain disorder characterized by frequent and unpredictable disruptions in the brain causing the known Epileptic Seizures (ES). One method to diagnose these seizures consists in analyzing the ElectroEncephaloGraphic (EEG) signals. However, these signals are complex and quickly-changing. They require extensive clinical experience to avoid diagnostic errors and confirm the presence of seizure onset. In recent years, handcrafted and Artificial Intelligence (AI) methods have been utilized to aid clinicians reduce the efforts needed to diagnose ES. Handcrafted methods are used to extract useful features from raw EEG data that can later on be fed into AI models to perform classification. One common feature to describe ES in the time domain is the energy where it significantly differs during ictal state. Hence, in this paper, a handcrafted method based on time-domain energy to detect ES in EEG …",signal processing,0.2
,2023 Seventh International Conference on Advances in Biomedical Engineering (ICABME),"Duchenne muscular dystrophy detection using EMG analysis and machine learning
E Bitar, F ElSayyadi, A Diab - 2023 Seventh International Conference on Advances …, 2023
Cited by 1 Related articles",2023/10/12,,,,,,147-151,"Signal processing, Connectivity analysis, AI applied on medical data",Cited by 1,Ahmad Diab,,,Duchenne muscular dystrophy detection using EMG analysis and machine learning,,,,https://scholar.google.com/citations?view_op=view_citation&hl=en&user=0PBhvMUAAAAJ&cstart=20&pagesize=80&citation_for_view=0PBhvMUAAAAJ:BqipwSGYUEgC,,IEEE,"Elier Bitar, Farouk ElSayyadi, Ahmad Diab","Muscular disease such as Duchenne Muscular Dystrophy (DMD) are myogenic disorders inherited in a genetic manner are characterized by progressive muscle weakness and wasting that typically begins in early childhood. Their identification has hitherto relied mostly on electrophysiological measures of EMG signals and seldom DMD data. Our approach consists of using healthy and DMD patients' data collected using EMG electrodes to extract 22 temporal and spectral features. Then we feed those features to 10 machine learning models after going through two preprocessing steps, namely the outlier's removal and feature selection using sequential feature selection method (SFS). The results are highly encouraging since the classification rates of all the classifiers are above 80% except Support Vector, Extreme Gradient Boost and LDA classifiers that have classification rate between 70% and 80%. These …",signal processing,0.4
,2023 Seventh International Conference on Advances in Biomedical Engineering (ICABME),"Evaluation of Age and Sex Effects on Force Complexity and Fluctuation during isometric elbow flexion
K Ghiatt, A Diab, K Kinugawa, N Jiang, S Boudaoud - 2023 Seventh International Conference on Advances …, 2023
Cited by 1 Related articles All 4 versions",2023/10/12,,https://hal.science/hal-04453804/document,,,,83-87,"Signal processing, Connectivity analysis, AI applied on medical data",Cited by 1,Ahmad Diab,,,Evaluation of Age and Sex Effects on Force Complexity and Fluctuation during isometric elbow flexion,,,,https://scholar.google.com/citations?view_op=view_citation&hl=en&user=0PBhvMUAAAAJ&cstart=20&pagesize=80&citation_for_view=0PBhvMUAAAAJ:hMod-77fHWUC,,IEEE,"Kawtar Ghiatt, Ahmad Diab, Kiyoka Kinugawa, Ning Jiang, Sofiane Boudaoud","This study attempts to examine the impact of age and gender on fluctuations in force output during voluntary muscle contractions and how this impacts task performance. More precisely, the study investigates how these fluctuations vary during an elbow flexion task at sub-maximal forces. Interestingly, the study found that elderly women exhibit lower steadiness, meaning they exhibit a diminished capacity to maintain a steady force output and lower complexity than young adults when dealing with high levels of contraction. This suggests that women may have a diminished ability to maintain a steady and adaptable force output during the elbow flexion task, which could affect their performance. However, the findings from this study show that the existence of notable differences in force fluctuations among diverse age groups was limited to specific levels of contraction. Thus, it can be deduced that various factors, apart …",Unclassified,0.0
,2019 Fifth International Conference on Advances in Biomedical Engineering (ICABME),"Automatic segmentation of bipolar EHGs’ contractions using wavelet decomposition-Mono & Multi-dimensional Study
A Zaylaa, A Diab, Z Fawal, M Khalil, C Marque - 2019 Fifth International Conference on Advances in …, 2019
Cited by 1 Related articles All 3 versions",2019/10/17,,https://www.researchgate.net/profile/Amer-Zaylaa/publication/338209218_Automatic_segmentation_of_bipolar_EHGs%27_contractions_using_wavelet_decomposition_-Mono_Multi-dimensional_Study/links/5e070ae492851c83649fdaee/Automatic-segmentation-of-bipolar-EHGs-contractions-using-wavelet-decomposition-Mono-Multi-dimensional-Study.pdf,,,,1-4,"Signal processing, Connectivity analysis, AI applied on medical data",Cited by 1,Ahmad Diab,,,Automatic segmentation of bipolar EHGs’ contractions using wavelet decomposition-Mono & Multi-dimensional Study,,,,https://scholar.google.com/citations?view_op=view_citation&hl=en&user=0PBhvMUAAAAJ&cstart=20&pagesize=80&citation_for_view=0PBhvMUAAAAJ:TQgYirikUcIC,,IEEE,"Amer Zaylaa, Ahmad Diab, Ziad Fawal, Mohamad Khalil, Catherine Marque","Automatic segmentation of contractions in multichannel uterine EMG signals is the main issue of interest in many recent studies. Most of them are faced with the problem of the detecting other events than contractions. Wavelets have the great advantage of being able to separate the fine details in a signal. Many studies applied wavelets for sake of detecting and analyzing abrupt changes in non-stationary signals. This study is another step of our project focused on the automatic contractions segmentation of uterine EMG signals. Indeed, we will focus on the application of dynamic cumulative sum method (DCS) with over-segmentation elimination techniques on details after wavelet decomposition of bipolar uterine EMG records. DCS will be applied in mono- and multi-dimensional. Detected events are then compared to contractions identified by expert using Margin validation test. Regarding the obtained sensitivity …",signal processing,0.204
,2019 Fifth International Conference on Advances in Biomedical Engineering (ICABME),"Pregnancy labor characterization and classification using nonlinear methods
M Mourad, A Diab, M Khalil, C Marque - 2019 Fifth International Conference on Advances in …, 2019
Cited by 1 Related articles All 3 versions",2019/10/17,,,,,,1-4,"Signal processing, Connectivity analysis, AI applied on medical data",Cited by 1,Ahmad Diab,,,Pregnancy Labor Characterization and Classification Using Nonlinear Methods,,,,https://scholar.google.com/citations?view_op=view_citation&hl=en&user=0PBhvMUAAAAJ&cstart=20&pagesize=80&citation_for_view=0PBhvMUAAAAJ:HDshCWvjkbEC,,IEEE,"Mouhamad Mourad, Ahmad Diab, Mohammad Khalil, Catherine Marque","Preterm labor is the primary driver of infant mortality. These days, ponders manage the electrical sign of the uterus which can be utilized by investigation strategies so as to concentrate highlights to describe compression and their job in labor. In this investigation, a few non-straight strategies are utilized to concentrate highlights from the sign so as to portray pregnancy and work flag and afterward to arrange them utilizing diverse sort of order apparatuses.All information was recorded in France and Iceland during pregnancy and labor by utilizing of 4x4 matrix of electrodes. Highlights of this sign was extricated utilizing nonlinear techniques, LZC (Lempel-Ziv Complexity), FD (Fractal Dimension), Hjorth parameter (mobility, complexity). At that point these highlights were nourished into classifiers, for example, support vector machine, artificial neural network (single layer perceptron and multilayer perceptron (MLP)); MLP …",signal processing,0.2
,,"High integrity personal tracking using fault tolerant multi-sensor data fusion
M Daher - 2017
Cited by 1 Related articles All 5 versions",2017/12/13,,https://hal.science/tel-01740905/file/Thesis%20Manuscript%20MhD.pdf,,,,,"Signal processing, Connectivity analysis, AI applied on medical data",Cited by 1,Ahmad Diab,,,High Integrity Personal Tracking Using Fault Tolerant Multi-Sensor Data Fusion,"Université de Lille 1, Sciences et Technologies; CRIStAL UMR 9189",,,https://scholar.google.com/citations?view_op=view_citation&hl=en&user=0PBhvMUAAAAJ&cstart=20&pagesize=80&citation_for_view=0PBhvMUAAAAJ:9ZlFYXVOiuMC,,,Mohamad Daher,"About one third of home-dwelling older people suffer a fall each year. The most painful falls occur when the person is alone and unable to get up, resulting in huge number of elders which are associated with institutionalization and high morbidity-mortality rate. The PAL (Personally Assisted Living) system appears to be one of the solutions of this problem. This ambient intelligence system allows elderly people to live in an intelligent and pro-active environment. It is charged with the supervision and control of the entrusted space, monitoring events and detecting falls, recognizing human activities through a network sensors, and finally providing support through robotic actuators. Such services have the potential of increasing autonomy of elders while minimizing the risks of living alone. Therefore, they have been an active research topic due to the fact that health care industry has a big demand for their products and technology. This thesis describes the ongoing work of in-home elder tracking, activities daily living recognition, and automatic fall detection system using a set of non-intrusive sensors that grants privacy and comfort to the elders. In addition, a fault-tolerant fusion method is proposed using a purely informational formalism: information filter on the one hand, and information theory tools on the other hand. Residues based on the Kullback-Leibler divergence are used. Using an appropriate thresholding, these residues lead to the detection and the exclusion of sensors faults. The proposed algorithms were validated with many different scenarios containing the different activities: walking, sitting, standing, lying down, and falling. The …",ai applied on medical data,0.138
,2024 International Conference on Smart Systems and Power Management (IC2SPM),"Deep Learning Based Spatial Source Localization Using High-Density Surface EMG Signals
Z Safa, R Khanafer, S Berro, A Diab, M Hajj-Hassan… - 2024 International Conference on Smart Systems and …, 2024
Related articles",2024/11/28,,,,,,133-137,"Signal processing, Connectivity analysis, AI applied on medical data",,Ahmad Diab,,,Deep Learning Based Spatial Source Localization Using High-Density Surface EMG Signals,,,,https://scholar.google.com/citations?view_op=view_citation&hl=en&user=0PBhvMUAAAAJ&cstart=20&pagesize=80&citation_for_view=0PBhvMUAAAAJ:lSLTfruPkqcC,,IEEE,"Zeina Safa, Rawad Khanafer, Soumaya Berro, Ahmad Diab, Mohamad Hajj-Hassan, Ali Cherry, Sofiane Boudaoud","The identification of the spatial position of activated motor units (MUs) in real-time is crucial in understanding and optimizing muscle function during various activities, which contributes to advancements in various fields such as sports science, biomechanics, and neurological rehabilitation. In this study, we attempt to improve upon an existing ‘Curve Fitting Based Minimum Norm Estimation’ (CFB-MNE) approach, which uses signal processing techniques to localize MUs, with attempts to enhance its efficiency and overall capability by employing Deep Learning (DL) to solve the localization problem. The performance adequacy of several DL Convolutional Neural Network (CNN) models was explored, with their performances regarding spatial localization compared and analyzed. A dataset of high-density surface electromyography (HD-sEMG) signals, closely resembling those acquired from Biceps Brachii (BB) muscles …",signal processing,0.607
,2024 International Conference on Smart Systems and Power Management (IC2SPM),"Early Detection of Alzheimer's Disease Using Artificial Intelligence Based on CSF Biomarkers & MRI Images
A Chahal, K Almir, A Diab, F Zakaria, L Hamawy - 2024 International Conference on Smart Systems and …, 2024
Related articles",2024/11/28,,,,,,6-11,"Signal processing, Connectivity analysis, AI applied on medical data",,Ahmad Diab,,,Early Detection of Alzheimer's Disease Using Artificial Intelligence Based on CSF Biomarkers & MRI Images,,,,https://scholar.google.com/citations?view_op=view_citation&hl=en&user=0PBhvMUAAAAJ&cstart=20&pagesize=80&citation_for_view=0PBhvMUAAAAJ:RYcK_YlVTxYC,,IEEE,"Aya Chahal, Khaled Almir, Ahmad Diab, Firas Zakaria, Lara Hamawy","Alzheimer is a degenerative disease. It affects the memory of the person and his cognitive ability, which becomes worse over time, depriving him completely of leading a normal life while being entirely dependent on others. There is still no cure for Alzheimer's disease, however, its rate of decline can be slowed with proper medication and therapy, especially if it was detected at an early stage. Moreover, the clinical examination alone is incapable of providing definite early diagnosis due to the confusion with normal aging symptoms. Therefore, it's important to find a way to improve the early detection of the disease allowing a considerable delay in the disease's progression and preserving the patient's cognitive ability for longer with the adequate treatment. In this study, we propose 2 methods to enhance the early detection of Alzheimer's disease: the use of cerebrospinal fluid (CSF) biomarkers and MRI images. The …",ai applied on medical data,0.137
,2024 International Conference on Smart Systems and Power Management (IC2SPM),"Personalized Game Design for Balance Rehabilitation in Multiple Sclerosis: Insights from Neuroimaging and Neurophysiological Test
H Ibrahim, A Diab, M Khalil, E Guardiola - 2024 International Conference on Smart Systems and …, 2024
Related articles",2024/11/28,,,,,,17-22,"Signal processing, Connectivity analysis, AI applied on medical data",,Ahmad Diab,,,Personalized Game Design for Balance Rehabilitation in Multiple Sclerosis: Insights from Neuroimaging and Neurophysiological Test,,,,https://scholar.google.com/citations?view_op=view_citation&hl=en&user=0PBhvMUAAAAJ&cstart=20&pagesize=80&citation_for_view=0PBhvMUAAAAJ:NaGl4SEjCO4C,,IEEE,"Hiyam Ibrahim, Ahmad Diab, Mohamad Khalil, Emmanuel Guardiola","The application of exergames as tools for balance rehabilitation in patients with multiple sclerosis (PwMS) has demonstrated promising results. However, despite these findings, the efficacy of these games remains inconclusive, largely due to the reliance on commercially available games. This highlights the necessity for the design of personalized games that better address patients' needs. The development of such games requires an understanding of the mechanisms underlying balance dysfunction in PwMS. Previous research has identified impairments in sensory integration and reweighting process among the key contributors to this issue. These observations were based on correlations between balance measures and both neuroimaging and neurophysiological test findings from various regions of the central nervous system (CNS). Consequently, this study aimed to develop a personalized game that …",signal processing,0.2
,2024 Second Jordanian International Biomedical Engineering Conference (JIBEC),"Physiological Age Detection Using ECG: A Machine Learning-Based Framework
NS Al Kassem, J Al Kassar, M Hawwat, L Hamawy… - 2024 Second Jordanian International Biomedical …, 2024
Related articles",2024/11/27,,,,,,72-77,"Signal processing, Connectivity analysis, AI applied on medical data",,Ahmad Diab,,,Physiological Age Detection Using ECG: A Machine Learning-Based Framework,,,,https://scholar.google.com/citations?view_op=view_citation&hl=en&user=0PBhvMUAAAAJ&cstart=20&pagesize=80&citation_for_view=0PBhvMUAAAAJ:70eg2SAEIzsC,,IEEE,"Nivine Sultan Al Kassem, Jana Al Kassar, Marwan Hawwat, Lara Hamawy, Firas Zakaria, Ahmad Diab","This study uses ECG data to introduce a machinelearning framework to detect physiological age. Ten classifiers were evaluated on unaltered and balanced data, with further analysis of the balanced data with and without additional preprocessing steps. The Random Forest classifier achieved the best accuracy of 80%, even without extensive preprocessing, highlighting the critical role of proper data balancing techniques. These findings demonstrate the potential of machine learning to support early lifestyle interventions, helping to improve overall health and well-being. The study underscores the significance of data preparation techniques in maximizing the performance and accuracy of machine learning models in healthcare applications.",ai applied on medical data,0.277
,2024 Second Jordanian International Biomedical Engineering Conference (JIBEC),"Biological age estimation from ECG using Artificial Intelligence approaches
J Sleiman, M Daher, M Khalil, A Diab, A Kassem - 2024 Second Jordanian International Biomedical …, 2024
Related articles",2024/11/27,,,,,,78-83,"Signal processing, Connectivity analysis, AI applied on medical data",,Ahmad Diab,,,Biological age estimation from ECG using Artificial Intelligence approaches,,,,https://scholar.google.com/citations?view_op=view_citation&hl=en&user=0PBhvMUAAAAJ&cstart=20&pagesize=80&citation_for_view=0PBhvMUAAAAJ:35N4QoGY0k4C,,IEEE,"Jana Sleiman, Mohamad Daher, Mohamad Khalil, Ahmad Diab, Abdallah Kassem","This paper explores the application of Artificial Intelligence (AI) techniques in healthcare, specifically focusing on electrocardiogram (ECG) data analysis and biological age estimation. The study begins with an overview of ECG as a diagnostic tool and discusses the integration of Deep Learning (DL) models, particularly Convolutional Neural Networks (CNNs), in healthcare for various applications. Previous studies reviewed in this context consistently identify CNNs as the superior model for ECG analysis and prediction tasks. The primary research investigates the use of Machine Learning (ML) algorithms to estimate biological age from ECG data, employing metrics such as Mean Absolute Error (MAE) and variance to evaluate model performance. Subsequently, DL models are implemented and compared, demonstrating superior accuracy in estimating the biological age of new patients. While both ML and DL …",ai applied on medical data,0.28
,2024 Second Jordanian International Biomedical Engineering Conference (JIBEC),"Detection of the source of Parkinson treatment inefficiency using machine learning based on tremor signals
V Barakat, S Antonios, A Diab, L Hamawy, F Zakaria… - 2024 Second Jordanian International Biomedical …, 2024
Related articles",2024/11/27,,,,,,66-71,"Signal processing, Connectivity analysis, AI applied on medical data",,Ahmad Diab,,,Detection of the source of Parkinson treatment inefficiency using machine learning based on tremor signals,,,,https://scholar.google.com/citations?view_op=view_citation&hl=en&user=0PBhvMUAAAAJ&cstart=20&pagesize=80&citation_for_view=0PBhvMUAAAAJ:vV6vV6tmYwMC,,IEEE,"Vanessa Barakat, Simona Antonios, Ahmad Diab, Lara Hamawy, Firas Zakaria, Marwan AlHawat","Parkinson’s disease (PD) is a progressive neurological illness that primarily impairs movement. Deep brain stimulation (DBS) therapy and medication are frequently used in conjunction for the treatment of PD. However, achieving the best therapeutic results is difficult due to patient variability in treatment response and the complex interaction between medication and DBS efficacy. In order, to clarify the variables affecting treatment response, this study thoroughly examines the ON/OFF states of DBS, medication, and their combined effects in PD patients. 16 patients were concerned under 70 years with PD. In this paper, we use eight features derived from tremor signals, and ten classification models to analyze the treatment effects. The classification is between three classes: DBS OFF, medication OFF, and medication & DBS OFF. After applying the classifier on the extracted features without augmentation, we got the …",signal processing,0.2
,2024 32nd European Signal Processing Conference (EUSIPCO),"Spectral Selective Canonical Correlation Analysis to Remove the Power Line Interference from HD-sEMG Signals
C Nasrallah, K Ghiatt, A Diab, J Laforet… - 2024 32nd European Signal Processing Conference …, 2024
Related articles All 3 versions",2024/8/26,,https://eurasip.org/Proceedings/Eusipco/Eusipco2024/pdfs/0001711.pdf,,,,1711-1715,"Signal processing, Connectivity analysis, AI applied on medical data",,Ahmad Diab,,,Spectral Selective Canonical Correlation Analysis to Remove the Power Line Interference from HD-sEMG Signals,,,,https://scholar.google.com/citations?view_op=view_citation&hl=en&user=0PBhvMUAAAAJ&cstart=20&pagesize=80&citation_for_view=0PBhvMUAAAAJ:ns9cj8rnVeAC,,IEEE,"Chawki Nasrallah, Kawtar Ghiatt, Ahmad Diab, Jeremy Laforet, Sidi Mohamed Sid’El Moctar, Imad Rida, Kiyoka Kinugawa, Sofiane Boudaoud","High density surface electromyography (HD-sEMG) is a technique to measure the spatial electrical distribution of muscle activity, and it is increasingly applied in fundamental neuroscience, biomechanics, and exercise physiology. The HD-sEMG signals encompass a wide frequency domain with both low and high amplitudes, making them more susceptible to various types of noise. One important source of noise is power line interference (PLI) which affects the signal at the frequencies of 50Hz and its harmonics (i.e 50Hz, 100Hz, 150Hz) and can mask the real value of the signal at these frequencies that contain important information about the muscle activity. Several methods have been proposed to remove this PLI. The Canonical Correlation Analysis method has proven its efficiency in HD-sEMG signal denoising compared to other techniques but still maintained residual PLI components. In this study, we propose a …",signal processing,0.204
,ICERI2024 Proceedings,"EFFECT OF MENTAL SUBTRACTION, DOTS AND NUMBER COMPARISON ON A SQUAT VERTICAL JUMP PERFORMANCE
E Rached, J Khayat, M Naim, A Diab, A Pinti, AR Sarraj - ICERI2024 Proceedings, 2024
Related articles",2024,,,,,,5381-5388,"Signal processing, Connectivity analysis, AI applied on medical data",,Ahmad Diab,,,"EFFECT OF MENTAL SUBTRACTION, DOTS AND NUMBER COMPARISON ON A SQUAT VERTICAL JUMP PERFORMANCE",,,,https://scholar.google.com/citations?view_op=view_citation&hl=en&user=0PBhvMUAAAAJ&cstart=20&pagesize=80&citation_for_view=0PBhvMUAAAAJ:RGFaLdJalmkC,,IATED,"E Rached, J Khayat, M Naim, A Diab, A Pinti, A Rifai Sarraj","Background
From an early age, we encounter numbers in various forms, and both numerical cognition and motor movement preparation may share cortical processes, denoting embodied cognition experiences. Mental calculation tasks, which can influence bodily movements, involve either numerical or arithmetic tasks. Numerical tasks, such as magnitude comparison using Arabic digits and sets of dots, are used to assess different aspects of numerical processing and development.
Objective
This study aims to investigate the impact of cognitive tasks, such as mental subtraction or comparing two sets of dots or numbers, on squat vertical jump (SVJ) performance. The hypothesis is that engaging in these cognitive processes may enhance motor performance, potentially leading to an increase in vertical jump height.
Methods
Thirty-eight healthy participants were recruited and randomly assigned to a control group …",signal processing,0.204
,2023 Seventh International Conference on Advances in Biomedical Engineering (ICABME),"Robustness Analysis of the CFB-MNE Approach
S Berro, A Diab, M Hajj-Hassan, M Khalil, S Boudaoud - 2023 Seventh International Conference on Advances …, 2023
Related articles All 3 versions",2023/10/12,,,,,,206-209,"Signal processing, Connectivity analysis, AI applied on medical data",,Ahmad Diab,,,Robustness Analysis of the CFB-MNE Approach,,,,https://scholar.google.com/citations?view_op=view_citation&hl=en&user=0PBhvMUAAAAJ&cstart=20&pagesize=80&citation_for_view=0PBhvMUAAAAJ:O3NaXMp0MMsC,,IEEE,"Soumaya Berro, Ahmad Diab, Mohamad Hajj-Hassan, Mohamad Khalil, Sofiane Boudaoud","The aim of this study is to assess the robustness of a recent Motor Unit (MU) spatial localization method, namely, the Curve Fitting Based Minimum Norm Estimation (CFB-MNE) to several perturbations. This approach is based on using a MU dictionary for spatial localization. In other words, we want to evaluate if a unified dictionary works for any instrumental/physiological configuration or if there is a need for dictionary personalization. Firstly, to do that, we assumed that there was a difference between one of these parameters (Signal to Noise level (SNR), Conduction Velocity (CV), Muscle Fiber length) when constructing the dictionary and between the same parameter in the tested muscle configuration. Results showed that varying Signal to Noise Ratio (SNR) in a specific range, does not affect the performance of the algorithm. However, other parameters, like the CV mean value and the fiber length were influencing …",signal processing,0.204
,2023 Seventh International Conference on Advances in Biomedical Engineering (ICABME),"Study of Muscle Fatigue on the Upper Limbs by Nonlinear Coupling Analysis of HD-EMG Signals
A Diab, A Al Hosari - 2023 Seventh International Conference on Advances …, 2023
Related articles",2023/10/12,,,,,,142-146,"Signal processing, Connectivity analysis, AI applied on medical data",,Ahmad Diab,,,Study of Muscle Fatigue on the Upper Limbs by Nonlinear Coupling Analysis of HD-EMG Signals,,,,https://scholar.google.com/citations?view_op=view_citation&hl=en&user=0PBhvMUAAAAJ&cstart=20&pagesize=80&citation_for_view=0PBhvMUAAAAJ:GnPB-g6toBAC,,IEEE,"Ahmad Diab, Adnan Al Hosari","This research investigates muscle fatigue in the upper limbs using high-density electromyography (HD-EMG) signals and nonlinear coupling analysis techniques. The study encompasses data from 15 healthy subjects and employs multiple coupling methods, including imaginary coherence, Granger causality, nonlinear correlation coefficient, mean phase coherence, and nonlinear indexes which will be compared to the median frequency that is considered the gold standard in fatigue monitoring. Analysis of the data reveals as expected a progressive decrease in the median frequency of the electromyography signal, indicating the presence of muscle fatigue. Among the evaluated methods, Granger causality (GC) demonstrates the highest efficacy in capturing temporal changes associated with muscle fatigue. These findings are consistent with existing literature, endorsing the utility of HD-EMG for muscle fatigue …",signal processing,0.205
,2023 Seventh International Conference on Advances in Biomedical Engineering (ICABME),"Ridge extraction to identify activated motor unit on heatmap generated by source localization of HD-sEMG signals
A Said, A Diab, S Berro, S Boudaoud - 2023 Seventh International Conference on Advances …, 2023
Related articles All 3 versions",2023/10/12,,,,,,59-63,"Signal processing, Connectivity analysis, AI applied on medical data",,Ahmad Diab,,,Ridge extraction to identify activated motor unit on heatmap generated by source localization of HD-sEMG signals,,,,https://scholar.google.com/citations?view_op=view_citation&hl=en&user=0PBhvMUAAAAJ&cstart=20&pagesize=80&citation_for_view=0PBhvMUAAAAJ:YFjsv_pBGBYC,,IEEE,"Aya Said, Ahmad Diab, Soumaya Berro, Sofiane Boudaoud","This research explores the utilization of ridge extraction techniques for the identification of activated motor units from heat map images generated by source localization of high density surface electromyogram (HD-sEMG) signals. The primary objective of this research is to accurately determine the number of activated motor units in these images, facilitating enhanced understanding of neuromuscular activities. The study involves the application of two ridge detection approaches: the first employs Otsu's thresholding in conjunction with the watershed algorithm, while the second utilizes the Hessian matrix. By applying these methods, the aim is to enhance the accuracy of identifying ridges associated with activated motor units in the heat map images. Following ridge extraction, two methods are employed to estimate the number of motor units within the images. The first method employs the K-Nearest Neighbors (KNN …",signal processing,0.2
,International Conference on Intelligent Robotics and Applications,"Nonlinear Methods on HD-sEMG Signals for Aging Effect Evaluation During Isometric Contractions of the Biceps Brachii
K Ghiatt, A Diab, S Boudaoud, K Kinugawa, J McPhee… - International Conference on Intelligent Robotics and …, 2022
Related articles All 2 versions",2022,,,,,,354-362,"Signal processing, Connectivity analysis, AI applied on medical data",,Ahmad Diab,,,Nonlinear Methods on HD-sEMG Signals for Aging Effect Evaluation During Isometric Contractions of the Biceps Brachii,,,,https://scholar.google.com/citations?view_op=view_citation&hl=en&user=0PBhvMUAAAAJ&cstart=20&pagesize=80&citation_for_view=0PBhvMUAAAAJ:JV2RwH3_ST0C,,"Springer, Cham","Kawtar Ghiatt, Ahmad Diab, Sofiane Boudaoud, Kiyoka Kinugawa, John McPhee, Ning Jiang","Muscle aging is associated with a loss of muscle mass and strength. Different factors are responsible, which can possibly lead to a modification of the complexity of the neuromuscular system. This may be reflected in electromyogram signals. In this study, we have tried to analyze the nonlinearity and chaotic characteristics of high-density surface electromyography (HD-sEMG) from Biceps Brachii (BB) during isometric contractions, at low and moderate levels, recorded from young and elderly people. For this purpose, three measures widely employed in nonlinearity detection were used: Time reversibility (Tr), Sample Entropy (SE), and Delay Vector Variance (DVV). For comparison purposes, the Root Mean Square amplitude (RMSA) was also computed. The results indicated that SE and Tr are significantly higher in elderly people. Furthermore, signal complexity decreases with contraction level for all categories.",signal processing,0.204
,2021 Sixth International Conference on Advances in Biomedical Engineering (ICABME),"Texture Analysis of Brain MR Images for Age Detection
F Al-Hazzouri, F Bazzi, A Diab - 2021 Sixth International Conference on Advances in …, 2021
Related articles",2021/10/7,,,,,,99-102,"Signal processing, Connectivity analysis, AI applied on medical data",,Ahmad Diab,,,Texture Analysis of Brain MR Images for Age Detection,,,,https://scholar.google.com/citations?view_op=view_citation&hl=en&user=0PBhvMUAAAAJ&cstart=20&pagesize=80&citation_for_view=0PBhvMUAAAAJ:k_IJM867U9cC,,IEEE,"Freddy Al-Hazzouri, Farah Bazzi, Ahmad Diab","This study investigates the use of textural features and texture maps in building a brain age prediction model using two publicly available datasets (IXI and OASIS), also the usage of texture maps to calculate the brain age delta and use it as a biomarker of dementia and investigate accelerated aging for demented subjects.",connectivity analysis,0.209
,2020 IEEE 5th Middle East and Africa Conference on Biomedical Engineering (MECBME),"Wavelet and Over-Segmentation Elimination Techniques Effect on Automatic Uterine EMG Segmentation Performance/Quality
A Zaylaa, W El Falou, A Diab, M Khalil, C Marque - 2020 IEEE 5th Middle East and Africa Conference on …, 2020
Related articles All 3 versions",2020/10/27,,https://www.researchgate.net/profile/Amer-Zaylaa/publication/347175768_Wavelet_and_Over-Segmentation_Elimination_Techniques_Effect_on_Automatic_Uterine_EMG_Segmentation_Performance_Quality/links/5fdf343592851c13fea3ff58/Wavelet-and-Over-Segmentation-Elimination-Techniques-Effect-on-Automatic-Uterine-EMG-Segmentation-Performance-Quality.pdf,,,,1-4,"Signal processing, Connectivity analysis, AI applied on medical data",,Ahmad Diab,,,Wavelet and Over-Segmentation Elimination Techniques Effect on Automatic Uterine EMG Segmentation Performance/Quality,,,,https://scholar.google.com/citations?view_op=view_citation&hl=en&user=0PBhvMUAAAAJ&cstart=20&pagesize=80&citation_for_view=0PBhvMUAAAAJ:iH-uZ7U-co4C,,IEEE,"Amer Zaylaa, Wassim El Falou, Ahmad Diab, Mohamad Khalil, Catherine Marque","Over-segmentation in non-stationary signals remains a challenge in several automatic segmentation methods. In this context, most of automatic segmentation methods of contractions in multichannel uterine Electromyogram signals (Electrohysterogram signals, EHGs) encounter the problem of detecting other events which are not corresponding to contractions labeled by expert. In addition, the great advantage of using wavelet manifests by its ability to separate the fine details in a signal. Many studies applied wavelets for sake of detecting and analyzing abrupt changes in non-stationary signals. This study is another step of our project focused on the automatic contraction segmentation of EHGs. Indeed, we will focus on the application of dynamic cumulative sum method (DCS) with over-segmentation elimination techniques on bipolar EHGs and details after wavelet decomposition of those signals. Detected events …",signal processing,0.204
,2019 Fifth International Conference on Advances in Biomedical Engineering (ICABME),"Signal Analysis of Brain Computer Interface (BCI)
S Nassim, M Chakouch, A Diab, A Daher - 2019 Fifth International Conference on Advances in …, 2019
Related articles",2019/10/17,,,,,,1-4,"Signal processing, Connectivity analysis, AI applied on medical data",,Ahmad Diab,,,Signal Analysis of Brain Computer Interface (BCI),,,,https://scholar.google.com/citations?view_op=view_citation&hl=en&user=0PBhvMUAAAAJ&cstart=20&pagesize=80&citation_for_view=0PBhvMUAAAAJ:e5wmG9Sq2KIC,,IEEE,"Sabine Nassim, Mashhour Chakouch, Ahmad Diab, Alaa Daher","Electroencephalography (EEG) equipment are becoming more available in the public market, which enables more diverse research in a currently narrow field. The Brain-Computer Interface (BCI) community recognizes the need for systems that make BCI more user-friendly, real-time, manageable and suited for people that are not forced to use them, like clinical patients, and those who are disabled.During this project, we analyzed Electroencephalography signals obtained by Neurosky headset from the brain, acquired by electrode FP1 on the frontal lobe and processed the signals to identify features that subjects were seeing. The signals' features were analyzed for the purpose to link them to what the subject were seeing.",signal processing,0.405
,2019 Fifth International Conference on Advances in Biomedical Engineering (ICABME),"Surface electromyography activity of trunk muscles during conventional and non-conventional wheelchair propulsion
H Khalil, A Diab, T Atallah, A Daher, AR Sarraj - 2019 Fifth International Conference on Advances in …, 2019
Related articles",2019/10/17,,,,,,1-4,"Signal processing, Connectivity analysis, AI applied on medical data",,Ahmad Diab,,,Surface electromyography activity of trunk muscles during conventional and non-conventional wheelchair propulsion,,,,https://scholar.google.com/citations?view_op=view_citation&hl=en&user=0PBhvMUAAAAJ&cstart=20&pagesize=80&citation_for_view=0PBhvMUAAAAJ:R3hNpaxXUhUC,,IEEE,"Hassan Khalil, Ahmad Diab, Tarek Atallah, Alaa Daher, Ahmad Rifai Sarraj","In this experimental comparative study between a prototype lever-propelled wheelchair and conventional hand rim wheelchair, trunk muscles activity in able-bodied subjects was examined using surface electromyography (SEMG). Fifteen healthy males and non-wheelchair users were recruited in Tripoli, Lebanon. Participants successfully performed two propulsion trials on both types of wheelchair: conventional (hand rim; CHr) and non-conventional (lever-propelled prototype; NCLP) at a preselected speed of 0.9 m/s. Variables measured included muscle activity, frequencies, fatigability and the intensity of muscle contractions on two types of propulsion. Results showed that both abdominal and back muscle groups revealed significantly lower activation during NC-LP compared to the C-Hr propulsion. Results showed also muscle activation profile of the trunk musculature at two type of wheelchair propulsion. Our …",Unclassified,0.0
,2018 9th Cairo International Biomedical Engineering Conference (CIBEC),"Multichannel EHG Segmentation for automatically identifying contractions
H El Tillawi, A Diab, M Khalil, C Marque - 2018 9th Cairo International Biomedical Engineering …, 2018
Related articles",2018/12/20,,,,,,162-166,"Signal processing, Connectivity analysis, AI applied on medical data",,Ahmad Diab,,,Multichannel EHG Segmentation for automatically identifying contractions,,,,https://scholar.google.com/citations?view_op=view_citation&hl=en&user=0PBhvMUAAAAJ&cstart=20&pagesize=80&citation_for_view=0PBhvMUAAAAJ:QIV2ME_5wuYC,,IEEE,"Hiba El Tillawi, Ahmad Diab, Mohamad Khalil, Catherine Marque","In a recent past, several techniques have been developed to analyze the events contained in the electrohysterogram signals (EHG). But, the most of them focused on online methods. In this study, we use online methods like Fractal Dimension, Wavelet transform technique, Dynamic Cumulative Sum (DCS). Methods were applied on synthetic signals and real labeled EHG signals database acquiring using electrodes matrix. For this purpose, three parameters affecting the Fractal dimension method, the size of analyzing window, thresholding value and the window overlapping, were first tuned in order to identify the recommended values for ruptures detection of the EHG signals by comparing results to its label. According to the obtained results, these three methods seem to be encouraging methods that could be used for automatic ruptures segmentation.",ai applied on medical data,0.275
,2017 Fourth International Conference on Advances in Biomedical Engineering (ICABME),"Precise assessment of HD-sEMG grid misalignment using nonlinear correlation
R Al Khoury, A Diab, V Carriou, J Laforet, S Boudaoud - 2017 Fourth International Conference on Advances in …, 2017
Related articles All 3 versions",2017/10/19,,https://www.researchgate.net/profile/Sofiane-Boudaoud/publication/321663774_Precise_assessment_of_HD-sEMG_grid_misalignment_using_nonlinear_correlation/links/5a3bbac6a6fdcc52ccdf551b/Precise-assessment-of-HD-sEMG-grid-misalignment-using-nonlinear-correlation.pdf,,,,1-4,"Signal processing, Connectivity analysis, AI applied on medical data",,Ahmad Diab,,,Precise assessment of HD-sEMG grid misalignment using nonlinear correlation,,,,https://scholar.google.com/citations?view_op=view_citation&hl=en&user=0PBhvMUAAAAJ&cstart=20&pagesize=80&citation_for_view=0PBhvMUAAAAJ:_kc_bZDykSQC,,IEEE,"Roger Al Khoury, Ahmad Diab, Vincent Carriou, Jeremy Laforet, Sofiane Boudaoud","The aim of this paper is to perform a precise assessment of the misalignment of high-density surface electromyogram (HD-sEMG) grid according to its rotation with the muscle fibers. For this purpose, a generic and quantitative method was used in this study, namely the nonlinear correlation coefficient (h 2 ) that is widely applied in connectivity and directionality of stochastic and complex signals. This approach is applied on simulated data through an (8×8) simulated electrode matrix placed on the simulated Biceps Brachii using a multilayered cylindrical model (muscle, fat tissue and skin tissue). Simulations with 5 different anatomies and 5 different motor unit recruitment patterns were computed at three constant contractions levels 20%, 40%, and 60% of the maximal voluntary contraction (MVC) for grid rotation from -10° to 10°, with a step of one degree according to muscle fibers. The obtained results show an …",ai applied on medical data,0.279
,,,2016,2.0,,,,,20,"Signal processing, Connectivity analysis, AI applied on medical data",,Ahmad Diab,,,Studying Mental Visual Imagery and Action Observation Using Electro-Oculogram (EOG),,Jacobs Journal of Physical Rehabilitation Medicine,,https://scholar.google.com/citations?view_op=view_citation&hl=en&user=0PBhvMUAAAAJ&cstart=20&pagesize=80&citation_for_view=0PBhvMUAAAAJ:kNdYIx-mwKoC,1,Jacobspublisher,"Foulwa Ezzeddine, Ahmad Diab, Ahmad Rifai Sarraj",,Unclassified,0.0
,,"kabbara A, Sarraj AR (2016) Electroencephalography Measurement to Compare Visual and Kinesthetic Motor Imagery of Squat Vertical Jump
BH Hassan, A Diab - Int J Phys Med Rehabil
Related articles All 3 versions",,4.0,https://www.researchgate.net/profile/Ahmad-Rifai-Sarraj/publication/295075629_Electroencephalography_Measurement_to_Compare_Visual_and_Kinesthetic_Motor_Imagery_of_Squat_Vertical_Jump/links/56e2d53008aee84447bf33e8/Electroencephalography-Measurement-to-Compare-Visual-and-Kinesthetic-Motor-Imagery-of-Squat-Vertical-Jump.pdf,,,,2,"Signal processing, Connectivity analysis, AI applied on medical data",,Ahmad Diab,,,"kabbara A, Sarraj AR (2016) Electroencephalography Measurement to Compare Visual and Kinesthetic Motor Imagery of Squat Vertical Jump",,Int J Phys Med Rehabil,,https://scholar.google.com/citations?view_op=view_citation&hl=en&user=0PBhvMUAAAAJ&cstart=20&pagesize=80&citation_for_view=0PBhvMUAAAAJ:RHpTSmoSYBkC,323,,"BH Hassan, A Diab","Background: Motor imagery is a form of mental representation of action without any apparent movement. It can be performed in two modalities kinesthetic and visual motor imagery. Although there is ample evidence that motor imagery share many features of real action, such as the similar solicited cerebral region, it is still unknown whether visual motor imagery and kinesthetic motor imagery recruit comparable or distinct neural networks.
Objective: The purpose of this study is to compare the relationship between the two imagery modalities: visual (external) and kinesthetic imagery during a complex motor task; squat vertical jump, by means of electroencephalogram brain wave activity, and to determine if these two modalities demonstrated different topographic patterns of brain activation.
Method: The electroencephalography signals were acquired during sequences of MI squat vertical jump in kinesthetic and visual modalities and also in control condition. Twenty healthy subjects (10 males and 10 females) participated in this study. The event-related-potential approach to the electroencephalography data was applied to investigate where the movements-related potential in alpha power were localized.
Electroencephalography alpha rhythms from the occipital and sensorimotor regions of the brain were analyzed. Results: Imagery rehearsal of motor performance result in a change of brain rhythm activity especially in alpha rhythm. Moreover, the focus of activity during kinesthetic imagery was found close to the sensorimotor area (74%), whereas visual–motor imagery produce greater relative occipital, parietal-occipital activation (75%) than …",ai applied on medical data,0.272
