Book,Conference,Scholar articles,Publication date,Volume,PDF Link,Patent office,Report number,Source,Pages,Research Interests,Total citations,Researcher Name,Inventors,Patent number,Title,Institution,Journal,Application number,Scholar Link,Issue,Publisher,Authors,Description,Classified_Topic,Classification_Confidence
,,"Chemical coagulation of combined sewer overflow: heavy metal removal and treatment optimization
AG El Samrani, BS Lartiges, F Villiéras - Water research, 2008
Cited by 433 Related articles All 12 versions",2008/2/1,42.0,https://hal.science/hal-02283488/document,,,,951-960,"Environmental chemistry, solid waste and water treatment, soil pollution, Solid liquid interfaces",Cited by 433,Antoine G. El Samrani,,,Chemical coagulation of combined sewer overflow: heavy metal removal and treatment optimization,,Water research,,https://scholar.google.com/citations?view_op=view_citation&hl=en&user=xw8WYBUAAAAJ&citation_for_view=xw8WYBUAAAAJ:u5HHmVD_uO8C,4-5,Pergamon,"AG El Samrani, BS Lartiges, F Villiéras","The coagulation of combined sewer overflow (CSO) was investigated by jar-testing with two commercial coagulants, a ferric chloride solution (CLARFER) and a polyaluminium chloride (WAC HB). CSO samples were collected as a function of time during various wet-weather events from the inlet of Boudonville retention basin, Nancy, France. Jar-tests showed that an efficient turbidity removal can be achieved with both coagulants, though lower optimum dosages and higher re-stabilization concentrations were obtained with the aluminum-based coagulant. Optimum turbidity removal also yielded effective heavy metal elimination. However, the evolution with coagulant dosage of Cu, Zn, Pb, Cr, soluble and suspended solids contents followed various patterns. The removal behaviors can be explained by a selective aggregation of heavy metal carriers present in CSO and a specific interaction between hydrolyzed …",solid waste and water treatment,0.208
,,"Evolution of size distribution and transfer of mineral particles between flocs in activated sludges: an insight into floc exchange dynamics
V Chaignon, BS Lartiges, A El Samrani, C Mustin - Water Research, 2002
Cited by 189 Related articles All 10 versions",2002/2/1,36.0,,,,,676-684,"Environmental chemistry, solid waste and water treatment, soil pollution, Solid liquid interfaces",Cited by 189,Antoine G. El Samrani,,,Evolution of size distribution and transfer of mineral particles between flocs in activated sludges: an insight into floc exchange dynamics,,Water Research,,https://scholar.google.com/citations?view_op=view_citation&hl=en&user=xw8WYBUAAAAJ&citation_for_view=xw8WYBUAAAAJ:u-x6o8ySG0sC,3,Pergamon,"V Chaignon, BS Lartiges, A El Samrani, C Mustin","The aggregation behavior of activated sludge flocs was investigated by monitoring the size distribution of flocs and transfer of mineral particles between flocs, under various conditions of agitation and dilution. The results showed that (i) the shape of the floc size distribution can be fitted with a gamma function, (ii) a steady-state mean floc size is reached for a given stirring rate, (iii) this stable floc size is shifted towards floc growth as sludge concentration is increased, (iv) under cycled-shear conditions, microbial aggregates break up and re-form in an almost reversible manner, (v) blending of raw sludge and sludge spiked with Aquatal mineral particles results in particle exchange between flocs and (vi) the detailed study of exchange kinetics indicates that some flocs do not participate to the aggregation dynamics. These experimental results suggest that the activated sludge floc size is governed by a flocculation …",Unclassified,0.0
,,"Clarification of municipal sewage with ferric chloride: the nature of coagulant species
AG El Samrani, BS Lartiges, E Montargès-Pelletier… - Water research, 2004
Cited by 108 Related articles All 13 versions",2004/2/1,38.0,https://hal.science/hal-02283479/document,,,,756-768,"Environmental chemistry, solid waste and water treatment, soil pollution, Solid liquid interfaces",Cited by 108,Antoine G. El Samrani,,,Clarification of municipal sewage with ferric chloride: the nature of coagulant species,,Water research,,https://scholar.google.com/citations?view_op=view_citation&hl=en&user=xw8WYBUAAAAJ&citation_for_view=xw8WYBUAAAAJ:d1gkVwhDpl0C,3,Pergamon,"AG El Samrani, BS Lartiges, Emmanuelle Montargès-Pelletier, Veronique Kazpard, Odile Barrès, Jaafar Ghanbaja","The nature of coagulant species formed in the system ferric chloride/municipal sewage was explored with Transmission Electron Microscopy coupled with Energy Dispersive X-ray Spectroscopy (TEM-EDXS) and Fe K-edge X-ray Absorption spectroscopy. Jar-test data combined with chemical analysis of supernatant (dissolved organic carbon, iron, and phosphorus) and Fourier-Transform-Infrared spectroscopy (FTIR) of freeze-dried sediment, provided a detailed description of sewage clarification. The results showed that the nature of coagulant species evolves with Fe concentration. Up to the optimum turbidity removal, mainly iron dimers linked with one phosphate anion are detected. At higher dosages, polymers of hydrolyzed Fe appear even though PO4 still participates in the formation of coagulant species. TEM observation of freeze-dried sediments corroborates such an evolution of Fe speciation. EDXS …",environmental chemistry,0.2
,,"Trace element carriers in combined sewer during dry and wet weather: an electron microscope investigation
AG El Samrani, BS Lartiges, J Ghanbaja, J Yvon… - Water Research, 2004
Cited by 92 Related articles All 11 versions",2004/4/1,38.0,https://hal.science/hal-02283422v1/file/Antoine%202%20HAL.pdf,,,,2063-2076,"Environmental chemistry, solid waste and water treatment, soil pollution, Solid liquid interfaces",Cited by 92,Antoine G. El Samrani,,,Trace element carriers in combined sewer during dry and wet weather: an electron microscope investigation,,Water Research,,https://scholar.google.com/citations?view_op=view_citation&hl=en&user=xw8WYBUAAAAJ&citation_for_view=xw8WYBUAAAAJ:9yKSN-GCB0IC,8,Pergamon,"AG El Samrani, BS Lartiges, J Ghanbaja, J Yvon, A Kohler","The nature of trace element carriers contained in sewage and combined sewer overflow (CSO) was investigated by TEM-EDX-Electron diffraction and SEM-EDX. During dry weather, chalcophile elements were found to accumulate in sewer sediments as early diagenetic sulfide phases. The sulfurization of some metal alloys was also evidenced. Other heavy metal carriers detected in sewage include metal alloys, some iron oxihydroxide phases and neoformed phosphate minerals such as anapaite. During rain events, the detailed characterization of individual mineral species allowed to differentiate the contributions from various specific sources. Metal plating particles, barite from automobile brake, or rare earth oxides from catalytic exhaust pipes, originate from road runoff, whereas PbSn alloys and lead carbonates are attributed to zinc-works from roofs and paint from building siding. Soil contribution can be traced …",soil pollution,0.204
,,"First assessment of triclosan, triclocarban and paraben mass loads at a very large regional scale: Case of Paris conurbation (France)
J Gasperi, D Geara, C Lorgeoux, A Bressy, S Zedek… - Science of the total environment, 2014
Cited by 85 Related articles All 15 versions",2014/9/15,493.0,https://enpc.hal.science/hal-01063311/document,,,,854-861,"Environmental chemistry, solid waste and water treatment, soil pollution, Solid liquid interfaces",Cited by 85,Antoine G. El Samrani,,,"First assessment of triclosan, triclocarban and paraben mass loads at a very large regional scale: Case of Paris conurbation (France)",,Science of the total environment,,https://scholar.google.com/citations?view_op=view_citation&hl=en&user=xw8WYBUAAAAJ&citation_for_view=xw8WYBUAAAAJ:UeHWp8X0CEIC,,Elsevier,"Johnny Gasperi, Darine Geara, Catherine Lorgeoux, Adèle Bressy, Sifax Zedek, Vincent Rocher, Antoine El Samrani, Ghassan Chebbo, Régis Moilleron","The objective of this study was to examine the occurrence of parabens (5 congeners), triclosan (TCS) and triclocarban (TCC) at the scale of the Parisian sewer network and to provide representative knowledge on these compounds in France for a large area. For this purpose and in collaboration with the Parisian public sanitation service (SIAAP) in charge of the collect and treatment of the Parisian wastewater, this study focused on seven main sewer trunks of the Paris conurbation, accounting for 1 900 000 m3 d− 1, i.e., about 8 million inhabitants. Concentrations lying in the 2000–20 000 ng l− 1 ranges were found in wastewater, confirming the ubiquity of parabens, TCS and TCC in our environment and household products. Parabens (> 97%) and to a lesser extent TCS (68% in median) were mainly associated to the dissolved fraction, as demonstrated by low KD and KOC values. For the first time, this study also …",solid waste and water treatment,0.307
,,"MnCl2 and MgCl2 for the removal of reactive dye Levafix Brilliant Blue EBRA from synthetic textile wastewaters: an adsorption/aggregation mechanism
AZ Bouyakoub, BS Lartiges, R Ouhib, S Kacha… - Journal of hazardous materials, 2011
Cited by 85 Related articles All 18 versions",2011/3/15,187.0,https://hal.science/hal-02265624v1/file/TextOuhib_HAL.pdf,,,,264-273,"Environmental chemistry, solid waste and water treatment, soil pollution, Solid liquid interfaces",Cited by 85,Antoine G. El Samrani,,,MnCl2 and MgCl2 for the removal of reactive dye Levafix Brilliant Blue EBRA from synthetic textile wastewaters: an adsorption/aggregation mechanism,,Journal of hazardous materials,,https://scholar.google.com/citations?view_op=view_citation&hl=en&user=xw8WYBUAAAAJ&citation_for_view=xw8WYBUAAAAJ:qjMakFHDy7sC,1-3,Elsevier,"AZ Bouyakoub, BS Lartiges, R Ouhib, S Kacha, AG El Samrani, J Ghanbaja, Odile Barres","Two divalent cation-based coagulants, magnesium chloride and manganese chloride, were used to treat synthetic textile wastewaters containing the azo-dye pigment Levafix Brilliant Blue EBRA. The jar-tests were performed in the presence or absence of auxiliary dyeing chemicals. They proved that (i) both divalent cation-based coagulants were effective in the treatment of those alkaline effluents, (ii) better performances in terms of color removal, residual turbidity, and settled volume, were achieved with manganese chloride, and (iii) the presence of dyeing auxiliaries significantly increases the required coagulant demand for treating the textile effluent. The dye removal mechanisms were investigated by combining observations of freeze-dried sediments with transmission electron microscopy coupled with energy-dispersive X-ray spectroscopy and selected area electron diffraction, Fourier transform infrared …",solid waste and water treatment,0.308
,,"Releases of phosphate fertilizer industry in the surrounding environment: Investigation on heavy metals and polonium-210 in soil
M Aoun, AG El Samrani, BS Lartiges, V Kazpard… - Journal of Environmental Sciences, 2010
Cited by 82 Related articles All 9 versions",2010/9/1,22.0,https://www.academia.edu/download/39692951/Releases_of_phosphate_fertilizer_industr20151104-2122-9rtj1r.pdf,,,,1387-1397,"Environmental chemistry, solid waste and water treatment, soil pollution, Solid liquid interfaces",Cited by 82,Antoine G. El Samrani,,,Releases of phosphate fertilizer industry in the surrounding environment: Investigation on heavy metals and polonium-210 in soil,,Journal of Environmental Sciences,,https://scholar.google.com/citations?view_op=view_citation&hl=en&user=xw8WYBUAAAAJ&citation_for_view=xw8WYBUAAAAJ:2osOgNQ5qMEC,9,Elsevier,"M Aoun, AG El Samrani, BS Lartiges, V Kazpard, Z Saad","Distribution of Cu, Zn, Pb, Cr, Ni, Mn concentrations and the activity of polonium-210 in the surrounding area of a phosphate fertilizer industry located on the eastern coast of the Mediterranean Sea has been determined. Nineteen sampling sites were distributed around the industrial zone on a surface area of about 100,000 m2. Atomic absorption spectroscopy and Alpha spectroscopy were used to quantify the heavy elements and polonium-210, respectively. Investigation on a particle scale was conducted by TEM and SEM coupled to EDX and X-ray cartography to determine the nature of heavy elements carriers and their distribution. Heavy elements were mainly concentrated inside the particle size fraction < 50 μm. Their levels decreased with distance increasing from the industry. According to the reference soil, enrichment factors were about 10, 15, 32 and 100 times for Zn, Pb, Cu, and Cr, respectively inside the …",soil pollution,0.204
,,"Trace metals in phosphate fertilizers used in Eastern Mediterranean countries
V Azzi, V Kazpard, B Lartiges, A Kobeissi, A Kanso… - CLEAN–Soil, Air, Water, 2017
Cited by 69 Related articles All 6 versions",2017/1,45.0,https://hal.science/hal-02151873/document,,,,,"Environmental chemistry, solid waste and water treatment, soil pollution, Solid liquid interfaces",Cited by 69,Antoine G. El Samrani,,,Trace metals in phosphate fertilizers used in Eastern Mediterranean countries,,"CLEAN–Soil, Air, Water",,https://scholar.google.com/citations?view_op=view_citation&hl=en&user=xw8WYBUAAAAJ&citation_for_view=xw8WYBUAAAAJ:hqOjcs7Dif8C,1,,"Valérie Azzi, Véronique Kazpard, Bruno Lartiges, Ahmad Kobeissi, Ali Kanso, Antoine G El Samrani","Phosphate fertilizers represent a major source of trace metal contaminants in agricultural soils. To predict the inputs and the fate of trace metals in soils of the eastern Mediterranean region, a speciation study was conducted using a total of 44 phosphate fertilizers commercialized in the area. The contents in major anions and potentially toxic metals (Zn, Pb, Cd, and Cu) were determined using atomic absorption spectrometry (AAS) and X‐ray fluorescence spectrometry (XRF). The nature of mineral phases in the fertilizer was characterized using X‐ray diffraction and Fourier transform infrared spectrometry. The results show that sulfates are the main Cd‐bearing phases when present in the P‐fertilizer. The contents in Zn and Pb were linearly related, whereas the levels of Sb, Ag, Pd, Nb, Mo, and P2O5 were strongly correlated to each other. The annual average inputs of Zn, Cu, Pb, and Cd were calculated to be 922 …",soil pollution,0.2
,,"Phytochemical and pharmacological properties of essential oils from Cedrus species
AM Saab, R Gambari, G Sacchetti, A Guerrini… - Natural product research, 2018
Cited by 68 Related articles All 12 versions",2018/6/18,32.0,https://www.researchgate.net/profile/Mona-Diab-5/publication/318115450_Phytochemical_and_pharmacological_properties_of_essential_oils_from_Cedrus_species/links/5ae845e445851588dd7fe2de/Phytochemical-and-pharmacological-properties-of-essential-oils-from-Cedrus-species.pdf,,,Natural product research,1415-1427,"Environmental chemistry, solid waste and water treatment, soil pollution, Solid liquid interfaces",Cited by 68,Antoine G. El Samrani,,,Phytochemical and pharmacological properties of essential oils from Cedrus species,,,,https://scholar.google.com/citations?view_op=view_citation&hl=en&user=xw8WYBUAAAAJ&citation_for_view=xw8WYBUAAAAJ:HDshCWvjkbEC,12,Taylor & Francis,"Antoine M Saab, Roberto Gambari, Gianni Sacchetti, Alessandra Guerrini, Ilaria Lampronti, Massimo Tacchini, Antoine El Samrani, Samir Medawar, Hassane Makhlouf, Mona Tannoury, Jihad Abboud, Mona Diab-Assaf, Anake Kijjoa, Rosa Tundis, Jawad Aoun, Thomas Efferth","Natural products frequently exert pharmacological activities. The present review gives an overview of the ethnobotany, phytochemistry and pharmacology of the Cedrus genus, e.g. cytotoxic, spasmolytic immunomodulatory, antiallergic, anti-inflammatory and analgesic activities. Cancer patients frequently seek remedies from traditional medicinal plants that are believed to exert less side effects than conventional therapy with synthetic drugs. A long-lasting goal of anti-cancer and anti-microbial therapy research is to find compounds with reduced side effects compared to currently approved drugs. In this respect, Cedrus species might be of interest. The essential oil isolated from Cedrus libani leaves may bear potential for drug development due to its high concentrations of germacrene D and β-caryophyllene. The essential oils from Cedrus species also show bioactivity against bacteria and viruses. More preclinical …",environmental chemistry,0.2
,,"Physicochemical characteristics of bone substitutes used in oral surgery in comparison to autogenous bone
A Berberi, A Samarani, N Nader, Z Noujeim, M Dagher… - BioMed research international, 2014
Cited by 61 Related articles All 15 versions",2014,2014.0,https://onlinelibrary.wiley.com/doi/pdf/10.1155/2014/320790,,,,,"Environmental chemistry, solid waste and water treatment, soil pollution, Solid liquid interfaces",Cited by 61,Antoine G. El Samrani,,,Physicochemical characteristics of bone substitutes used in oral surgery in comparison to autogenous bone,,BioMed Research International,,https://scholar.google.com/citations?view_op=view_citation&hl=en&user=xw8WYBUAAAAJ&citation_for_view=xw8WYBUAAAAJ:maZDTaKrznsC,,Hindawi publishing corporation,"Bassam Badran Antoine Berberi, Antoine Samarani, Nabih Nader, Ziad Noujeim, Maroun Dagher, Wasfi Kanj, Rita Mearawi, Ziad Salemeh","Bone substitutes used in oral surgery include allografts, xenografts, and synthetic materials that are frequently used to compensate bone loss or to reinforce repaired bone, but little is currently known about their physicochemical characteristics. The aim of this study was to evaluate a number of physical and chemical properties in a variety of granulated mineral‐based biomaterials used in dentistry and to compare them with those of autogenous bone. Autogenous bone and eight commercial biomaterials of human, bovine, and synthetic origins were studied by high‐resolution X‐ray diffraction, atomic absorption spectrometry, and laser diffraction to determine their chemical composition, calcium release concentration, crystallinity, and granulation size. The highest calcium release concentration was 24. 94 mg/g for Puros and the lowest one was 2.83 mg/g for Ingenios β‐TCP compared to 20.15 mg/g for natural bone …",Unclassified,0.0
,,"Lactuca sativa growth in compacted and non-compacted semi-arid alkaline soil under phosphate fertilizer treatment and cadmium contamination
V Azzi, A Kanso, V Kazpard, A Kobeissi, B Lartiges… - Soil and tillage research, 2017
Cited by 60 Related articles All 9 versions",2017/1/1,165.0,https://hal.science/hal-02265691/document,,,,1-10,"Environmental chemistry, solid waste and water treatment, soil pollution, Solid liquid interfaces",Cited by 60,Antoine G. El Samrani,,,Lactuca sativa growth in compacted and non-compacted semi-arid alkaline soil under phosphate fertilizer treatment and cadmium contamination,,Soil and tillage research,,https://scholar.google.com/citations?view_op=view_citation&hl=en&user=xw8WYBUAAAAJ&citation_for_view=xw8WYBUAAAAJ:roLk4NBRz8UC,,Elsevier,"Valérie Azzi, Ali Kanso, Véronique Kazpard, Ahmad Kobeissi, Bruno Lartiges, Antoine El Samrani","Soil compaction is known to drastically modify soil properties and hence to affect both plant growth and metal distribution in the soil. Phosphate amendment is generally used to improve plant production but unfortunately it also gives rise to higher metal contamination in soils and plants. In this work, we aimed to study the effects of soil density, phosphate fertilization and cadmium contamination on the growth of Lactuca sativa. In particular, the migration of cadmium in the soil columns, its accumulation and translocation in lettuce were also examined. Lactuca sativa was selected as a model plant because it is widely cultivated in alkaline clay soils of eastern Mediterranean countries. Two levels of soil compaction (1.2 and 1.4 g cm−3), two rates of P amendment (0 and 109 mg P kg−1), and two levels of Cd contamination (0 and 84 mg Cd kg−1) were used in 24 model columns with a factorial randomized block …",soil pollution,0.204
,,"Pyrolysis of common plastics and their mixtures to produce valuable petroleum-like products
Y Jaafar, L Abdelouahed, R El Hage, A El Samrani… - Polymer Degradation and Stability, 2022
Cited by 54 Related articles All 2 versions",2022/1/1,195.0,https://www.sciencedirect.com/science/article/am/pii/S0141391021002895,,,,109770,"Environmental chemistry, solid waste and water treatment, soil pollution, Solid liquid interfaces",Cited by 54,Antoine G. El Samrani,,,Pyrolysis of common plastics and their mixtures to produce valuable petroleum-like products,,Polymer Degradation and Stability,,https://scholar.google.com/citations?view_op=view_citation&hl=en&user=xw8WYBUAAAAJ&citation_for_view=xw8WYBUAAAAJ:NaGl4SEjCO4C,,Elsevier,"Yehya Jaafar, Lokmane Abdelouahed, Roland El Hage, Antoine El Samrani, Bechara Taouk","In the present study, polystyrene (PS), low-density polyethylene (LDPE), high-density polyethylene (HDPE), polypropylene (PP), and their mixture undergo intermediate isothermal pyrolysis at 450 °C, 500 °C, 550 °C, and 600 °C inside a tubular semi-continuous reactor under an inert nitrogen atmosphere. The liquid pyrolytic oil samples recovered in each case were analyzed through gas chromatography-mass spectrometry (GC–MS) and flame ionization detector (GC-FID) to identify and quantify the different products formed. It was found that polyethylenes (HDPE and LDPE) behave similarly in these pyrolysis conditions. For instance, GC analysis showed consecutive triplet series of linear aliphatic hydrocarbons at each carbon number of the alkane, 1-alkene, 1,(N-1)-alkadiene where N is the carbon number. On the other hand, PP, LDPE, and HDPE pyrolytic oil were rich in olefinic compounds. However, the case …",solid liquid interfaces,0.137
,,"Suivi de la qualité bactériologique des eaux de surface (rivière Nahr Ibrahim, Liban)
HB Saab, N Nassif, AG El Samrani, R Daoud… - Revue des Sciences de l'Eau, 2007
Cited by 49 Related articles All 5 versions",2007,20.0,https://www.erudit.org/en/journals/rseau/2007-v20-n4-rseau1975/016909ar.pdf,,,,341-352,"Environmental chemistry, solid waste and water treatment, soil pollution, Solid liquid interfaces",Cited by 49,Antoine G. El Samrani,,,"Suivi de la qualité bactériologique des eaux de surface (rivière Nahr Ibrahim, Liban)",,Revue des Sciences de l'Eau,,https://scholar.google.com/citations?view_op=view_citation&hl=en&user=xw8WYBUAAAAJ&citation_for_view=xw8WYBUAAAAJ:35N4QoGY0k4C,4,Érudit,"Hamid Bou Saab, Nadine Nassif, Antione G El Samrani, Rosette Daoud, Samir Medawar, Naim Ouaïni","RésuméLe bassin versant du Narh Ibrahim est classé parmi les sites du patrimoine mondial. Les rejets sauvages solides et liquides ont un impact important sur le développement d’une contamination bactériologique tout au long de la rivière. Dans cette étude, des paramètres physico-chimiques et bactériologiques ont été suivis sur neuf sites de prélèvement qui couvrent la rivière Nahr Ibrahim de son amont jusqu’à son estuaire. L’ensemble des paramètres est étudié pendant des périodes de l’année caractérisées par un temps sec ou un temps de crue. Au cours de ces périodes, ces paramètres ont révélé une influence importante du type d’occupation des sols et des phénomènes de lessivage sur la composition bactériologique de la rivière. L’origine et le degré de la contamination bactérienne instantanée ont été également identifiés. Une approche statistique multivariée a montré que l’effet de la localisation du …",solid liquid interfaces,0.267
,,"Chemical and isotopic composition of rain water in coastal and highland regions in Lebanon
K Slim, Z Saad, V Kazpard, A El Samarani - Journal of Environmental Hydrology, 2005
Cited by 36 Related articles",2005,,,,,,1-11,"Environmental chemistry, solid waste and water treatment, soil pollution, Solid liquid interfaces",Cited by 36,Antoine G. El Samrani,,,Chemical and isotopic composition of rain water in coastal and highland regions in Lebanon,,Journal of Environmental Hydrology,,https://scholar.google.com/citations?view_op=view_citation&hl=en&user=xw8WYBUAAAAJ&citation_for_view=xw8WYBUAAAAJ:RGFaLdJalmkC,,,"K SLIM, Z SAAD, V KAZPARD, A El SAMARANI","Rain water samples were collected from six stations at coasted and highland regions in Lebanon and analyzed for the major species Ca{sup 2}+ , K{sup +} , Na{sup +}, Mg{sup 2}+ ,NO{sup {sub 3}}, NH{sup -}{sub 4}, pH , Cl{sup -}, and SO{sup 2}-{sub 4}. Absolute concentration and element-to sodium ratios show clear variation with higher levels found in coastal stations and lower levels found in continental sites for most of the species Levels of major species from coastal areas can be twice as high those of the highland in terms of both absolute concentration and element-to-sodium ratio. The contrast between low and high altitudes can be explained by proximity to the Mediterranean Sea and local agricultural pollution sources. Isotopic composition of rainwater in coastal sites presents high values of {delta}18O and {delta}D, whereas rainwater in continental areas is characterized by low values of {delta}{sup 1}8O and {delta}D. The altitude effect influences the isotopic fractionation in precipitation, including Water Line was defined as {delta}D = 7.13 {delta}{sup 1}8O + 15.98. This relation is close to the Regional Meteoric water Line in the eastern Mediterranean with a lower d-excess indicating a relatively less pronounced secondary evaporation effect in Lebanon. From a series of 3H data of monthly precipitation from six stations within the small country of Lebanon, we concluded that between stations there are significant differences in altitude effect. However , a small continental effect is apparent at the Baalbak station. (author)",soil pollution,0.203
,,"Reservoir sediments: a sink or source of chemicals at the surface water-groundwater interface
R Ammar, V Kazpard, M Wazne, AG El Samrani… - Environmental monitoring and assessment, 2015
Cited by 35 Related articles All 15 versions",2015/9,187.0,https://www.researchgate.net/profile/Rawaa-Ammar/publication/281169129_Reservoir_sediments_a_sink_or_source_of_chemicals_at_the_surface_water-groundwater_interface/links/55e40c9e08aede0b5733d96c/Reservoir-sediments-a-sink-or-source-of-chemicals-at-the-surface-water-groundwater-interface.pdf,,,,1-20,"Environmental chemistry, solid waste and water treatment, soil pollution, Solid liquid interfaces",Cited by 35,Antoine G. El Samrani,,,Reservoir sediments: a sink or source of chemicals at the surface water-groundwater interface,,Environmental monitoring and assessment,,https://scholar.google.com/citations?view_op=view_citation&hl=en&user=xw8WYBUAAAAJ&citation_for_view=xw8WYBUAAAAJ:Y0pCki6q_DkC,,Springer International Publishing,"Rawaa Ammar, Véronique Kazpard, Mahmoud Wazne, Antoine G El Samrani, Nabil Amacha, Zeinab Saad, Lei Chou","This study delineates the physical, chemical, and biological effects resulting from anthropogenic and endogenic activities in a sensitive dammed reservoir situated in a semi-arid region. The reservoir is characterized by two major flow regimes: a wet fill hydrologic regime and a dry spill one. A seasonal sampling campaign was carried out over a period of 2 years (2011–2013) where water samples were collected across the water column and from piezometers just outside the perimeter of the reservoir. Similarly, sediments were collected from the corresponding areas beneath the water column. The water samples were analyzed for environmental isotopic ratios, elemental composition, and physical, biological and chemical parameters, whereas the sediment and algal samples were subjected to physical, mineralogical, spectroscopic, and microscopic analyses. This investigation indicated that the dam had …",environmental chemistry,0.204
,,"Speciation of organic matter and heavy metals in urban wastewaters from an emerging country
R El Khatib, BS Lartiges, A El Samrani, P Faure… - Water, Air, & Soil Pollution, 2012
Cited by 34 Related articles All 12 versions",2012/10,223.0,https://hal.science/hal-02265042/file/Revised_ElKhatib.pdf,,,,4695-4708,"Environmental chemistry, solid waste and water treatment, soil pollution, Solid liquid interfaces",Cited by 34,Antoine G. El Samrani,,,Speciation of organic matter and heavy metals in urban wastewaters from an emerging country,,"Water, Air, & Soil Pollution",,https://scholar.google.com/citations?view_op=view_citation&hl=en&user=xw8WYBUAAAAJ&citation_for_view=xw8WYBUAAAAJ:W7OEmFMy1HYC,,Springer Netherlands,"R El Khatib, BS Lartiges, A El Samrani, P Faure, J Houhou, J Ghanbaja","Analytical scanning and transmission electron microscopy, sequential chemical extraction, and pyrolysis–gas chromatography on solvent-extractable organic matter are used to provide both direct and indirect speciation of heavy metals and organic matter in sewage-suspended solids and in biofilms taken from an urban sewer in an emerging country. Compared to developed countries where the domestic activities represent the main source of heavy metal pollution in wastewater, the combined sewer system of an emerging country also integrates significant contributions originating from the private drinking water supply system (Zn, Cu, Cr, and Ni), industrial discharges (Cu, Mn), and road dust transported by street washing (Pb). The relative importance of those sources changes drastically over time as evidenced by the difference in metal levels recorded between weekday and weekend effluents …",solid waste and water treatment,0.308
,,"Jurassic amber in Lebanon
D Azar, R Gèze, A EL‐SAMRANI, J Maalouly, A Nel - Acta Geologica Sinica‐English Edition, 2010
Cited by 31 Related articles All 4 versions",2010/8,84.0,,,,,977-983,"Environmental chemistry, solid waste and water treatment, soil pollution, Solid liquid interfaces",Cited by 31,Antoine G. El Samrani,,,Jurassic amber in Lebanon,,Acta Geologica Sinica‐English Edition,,https://scholar.google.com/citations?view_op=view_citation&hl=en&user=xw8WYBUAAAAJ&citation_for_view=xw8WYBUAAAAJ:zYLM7Y9cAGgC,4,Blackwell Publishing Ltd,"Dany Azar, Raymond Gèze, Antoine EL‐SAMRANI, Jacqueline Maalouly, André Nel","Reports of amber predating the Lower Cretaceous are unusual and scarce; they mostly refer to amber pieces of millimetric dimension. In the present study, we report the discovery of 10 new outcrops of Jurassic amber in Lebanon. Some of these had large centimetric‐sized pieces of amber. The new localities are described, amber is characterized, and its infrared spectra given. Although the new Jurassic amber yielded to date no more than fungal inclusions, this material is significant and promising. The discovery of several Jurassic outcrops provides crucial information on the prevailing paleoenvironment of that time.",Unclassified,0.0
,,"Culture medium pH influence on Gluconacetobacter physiology: Cellulose production rate and yield enhancement in presence of multiple carbon sources
F Yassine, N Bassil, R Flouty, A Chokr, A El Samrani… - Carbohydrate polymers, 2016
Cited by 29 Related articles All 6 versions",2016/8/1,146.0,,,,,282-291,"Environmental chemistry, solid waste and water treatment, soil pollution, Solid liquid interfaces",Cited by 29,Antoine G. El Samrani,,,Culture medium pH influence on Gluconacetobacter physiology: Cellulose production rate and yield enhancement in presence of multiple carbon sources,,Carbohydrate polymers,,https://scholar.google.com/citations?view_op=view_citation&hl=en&user=xw8WYBUAAAAJ&citation_for_view=xw8WYBUAAAAJ:8k81kl-MbHgC,,Elsevier,"Fatima Yassine, Nathalie Bassil, Roula Flouty, Ali Chokr, Antoine El Samrani, Gisèle Boiteux, Mario El Tahchi","Gluconacetobacter genera are valued for bacterial cellulose (BC) and acetic acid production. BC is produced at optimal yields in classical microbiological media that are expensive for a large scale of production. In addition, BC usage for industrial purposes is limited due to low conversion rate into cellulose and to long incubation duration.
In this paper, Gluconacetobacter isolated from apple vinegar was kinetically studied to evaluate cellulose production in presence of different carbon sources. Acetic and citric acid effect on Gluconacetobacter metabolism is clarified. It was shown that Gluconacetobacter uses glucose as a primary carbon source for cells growth and products formation. Acetic acid employment as a co-carbon source in Hestrin Schramm medium showed an increase of 17% in BC yield with a moderate decrease in the crystallite size of the resulting polymer.",Unclassified,0.0
,,"New Jurassic amber outcrops from Lebanon
Y Nohra, D Azar, R Gèze, S Maksoud, A El-Samrani… - Terrestrial Arthropod Reviews, 2013
Cited by 25 Related articles All 10 versions",2013/1/1,6.0,https://insu.hal.science/insu-00844560/file/PL03148.pdf,,,,27-51,"Environmental chemistry, solid waste and water treatment, soil pollution, Solid liquid interfaces",Cited by 25,Antoine G. El Samrani,,,New Jurassic amber outcrops from Lebanon,,Terrestrial Arthropod Reviews,,https://scholar.google.com/citations?view_op=view_citation&hl=en&user=xw8WYBUAAAAJ&citation_for_view=xw8WYBUAAAAJ:Tyk-4Ss8FVUC,1-2,Brill,"Youssef Nohra, Dany Azar, Raymond Gèze, Sibelle Maksoud, Antoine El-Samrani, Vincent Perrichot","Amber predating the Lower Cretaceous is extremely rare. During the past two decades, records of discoveries of amber sites have increased considerably worldwide. We report herein the discovery of ten new outcrops of amber from the Late Jurassic in Lebanon, in addition to other nine outcrops described by Azar et al. . Some of these outcrops gave large centimetric sized amber pieces. Each of these new amber outcrops is described, and its infrared spectrum is given. Though the Jurassic amber yielded to date no more than some fungal inclusions, this discovery is significant and promising especially in the reconstruction of the paleoenvironment.",Unclassified,0.0
,,"Iron mineralogy as a fingerprint of former steelmaking activities in river sediments
HJ Kanbar, E Montargès-Pelletier, B Losson, I Bihannic… - Science of the Total Environment, 2017
Cited by 21 Related articles All 11 versions",2017/12/1,599.0,https://www.academia.edu/download/87677188/STOTEN2017_accepted_kanbar.pdf,,,,540-553,"Environmental chemistry, solid waste and water treatment, soil pollution, Solid liquid interfaces",Cited by 21,Antoine G. El Samrani,,,Iron mineralogy as a fingerprint of former steelmaking activities in river sediments,,Science of the Total Environment,,https://scholar.google.com/citations?view_op=view_citation&hl=en&user=xw8WYBUAAAAJ&citation_for_view=xw8WYBUAAAAJ:QIV2ME_5wuYC,,Elsevier,"Hussein Jaafar Kanbar, Emmanuelle Montargès-Pelletier, Benoit Losson, Isabelle Bihannic, Renaud Gley, Allan Bauer, Frederic Villieras, Luc Manceau, Antoine G El Samrani, Veronique Kazpard, Laurence Mansuy-Huault","Submerged sediment cores were collected upstream of a dam in the Orne River, northeastern France. This dam was built in the context of steelmaking to constitute a water reservoir for blast furnace cooling and wet cleaning of furnace smokes. The dam also enhanced sediment deposition in the upstream zone. This study was performed to unravel the contamination status of sediments and to evidence possible contribution sources. The sediment layers were analyzed for water content, grain size, chemical composition, crystalline phases at a bulk scale and poorly crystalline and amorphous phases at a sub-micrometer scale. Visual aspect, texture, color, and chemical and mineralogical analyses showed that the settled sediments were mainly composed of fine black matter, certainly comprising steelmaking by-products. Those materials were highly enriched with Fe, Zn, Pb and other trace metals, except for a relatively …",environmental chemistry,0.2
,,"Lead bioaccumulation in Opuntia ficus-indica following foliar or root exposure to lead-bearing apatite
E El Hayek, A El Samrani, B Lartiges, V Kazpard… - Environmental Pollution, 2017
Cited by 21 Related articles All 11 versions",2017/1/1,220.0,https://hal.science/hal-02182876/document,,,,779-787,"Environmental chemistry, solid waste and water treatment, soil pollution, Solid liquid interfaces",Cited by 21,Antoine G. El Samrani,,,Lead bioaccumulation in Opuntia ficus-indica following foliar or root exposure to lead-bearing apatite,,Environmental Pollution,,https://scholar.google.com/citations?view_op=view_citation&hl=en&user=xw8WYBUAAAAJ&cstart=20&pagesize=80&citation_for_view=xw8WYBUAAAAJ:4DMP91E08xMC,,Elsevier,"Eliane El Hayek, Antoine El Samrani, Bruno Lartiges, Veronique Kazpard, Thierry Aigouy","The contamination of edible leafy vegetables by atmospheric heavy metal-bearing particles is a major issue in environmental toxicology. In this study, the uptake of lead by cladodes of Opuntia ficus-indica (Ofi), traditionally used in Mexican cuisine and in livestock fodder, is investigated after a 4-months exposure of either cladodes or roots to synthetic Pb-fluorapatite particles. Atomic Absorption Spectroscopy (AAS) for the quantitative analysis of Pb levels, Scanning Electron Microscopy coupled with Energy Dispersive X-Ray Spectroscopy (SEM-EDX) for the examination of the cladode surface and fate of particles, and Micro-X-ray fluorescence (μXRF) measurements for elemental mapping of Pb in cladodes, were used. The results evidence that foliar contamination may be a major pathway for the transfer of Pb within Ofi cladodes. The stomata, areoles, and cuticle of cladode surface, play an obvious role in the …",environmental chemistry,0.204
,,"Two-step formation mechanism of Acetobacter cellulosic biofilm: Synthesis of sparse and compact cellulose
F Yassine, N Bassil, A Chokr, A El Samrani, A Serghei… - Cellulose, 2016
Cited by 21 Related articles All 7 versions",2016/4,23.0,https://www.academia.edu/download/110412793/s10570-016-0884-320240114-1-5fu09b.pdf,,,,1087-1100,"Environmental chemistry, solid waste and water treatment, soil pollution, Solid liquid interfaces",Cited by 21,Antoine G. El Samrani,,,Two-step formation mechanism of Acetobacter cellulosic biofilm: synthesis of sparse and compact cellulose,,Cellulose,,https://scholar.google.com/citations?view_op=view_citation&hl=en&user=xw8WYBUAAAAJ&cstart=20&pagesize=80&citation_for_view=xw8WYBUAAAAJ:3fE2CSJIrl8C,,Springer Netherlands,"Fatima Yassine, Nathalie Bassil, Ali Chokr, Antoine El Samrani, Anatoli Serghei, Gisèle Boiteux, Mario El Tahchi","Classical studies concerning “Acetobacter xylinum” focus on bacterial cellulose “BC” yield and rate in broth, after a long period of incubation (7–14 days). Such observations do not highlight bacterial physiology in the first incubation hours and its impact on BC production. In this study, the growth of a wild strain of Acetobacter was monitored in the first incubation hours. We showed the presence of two different physiologies; the first extends from the incubation moment till the formation of a sparse BC. Sparse BC modifies surface viscosity, and stabilizes hydrodynamic conditions to initiate compact BC production that marks the second physiology. Two containers, of different shapes, were used to confirm our findings, one of which is a culture tube with high drift currents on the broth-air interface, and the other is a conical flask with more stable hydrodynamic conditions at the culture’s surface. We showed that …",solid liquid interfaces,0.133
,,"Antiproliferative, antimicrobial and antioxidant properties of Cedrus libani and Pinus pinea wood oils and Juniperus excelsa berry oil
A Venditti, F Maggi, AM Saab, M Bramucci, L Quassinti… - Plant Biosystems-An International Journal Dealing with …, 2022
Cited by 20 Related articles All 8 versions",2022/3/4,156.0,,,,,384-395,"Environmental chemistry, solid waste and water treatment, soil pollution, Solid liquid interfaces",Cited by 20,Antoine G. El Samrani,,,"Antiproliferative, antimicrobial and antioxidant properties of Cedrus libani and Pinus pinea wood oils and Juniperus excelsa berry oil",,Plant Biosystems-An International Journal Dealing with all Aspects of Plant Biology,,https://scholar.google.com/citations?view_op=view_citation&hl=en&user=xw8WYBUAAAAJ&cstart=20&pagesize=80&citation_for_view=xw8WYBUAAAAJ:NMxIlDl6LWMC,2,Taylor & Francis,"A Venditti, F Maggi, AM Saab, M Bramucci, L Quassinti, D Petrelli, LA Vitali, G Lupidi, A El Samrani, M Borgatti, F Bernardi, R Gambari, J Abboud, MJ Saab, A Bianco","In this paper we report the analysis of essential oils from the woods of C. libani and P. pinea and from the berries of J. excelsa. Several differences were observed with respect to previous studies. In particular, the wood of C. libani was mainly characterized by sesquiterpenes with himachalenes isomers, (E)- and (Z)-α-atlantones and α-acorenol (7.0%) as most representative compounds; in P. pinea wood oil and J. excelsa berries oil were observed differences mainly among the minor components with different isomers of some specific compounds not previously recognized. The oils were assessed in selected bioactivity tests. C. libani wood oil resulted the most active in both the antioxidant and cytotoxic (against human A375 malignant melanoma, human MDA-MB 231 breast adenocarcinoma and human HCT116 colon carcinoma cell lines) tests; on the other hand in the antimicrobial assay it was observed a different …",Unclassified,0.0
,,"Role of phosphogypsum and NPK amendments on the retention or leaching of metals in different soils
R Ammar, HJ Kanbar, V Kazpard, M Wazne… - Journal of environmental management, 2016
Cited by 20 Related articles All 13 versions",2016/8/1,178.0,https://www.academia.edu/download/98176338/j.jenvman.2016.04.04220230203-1-3knm0u.pdf,,,,20-29,"Environmental chemistry, solid waste and water treatment, soil pollution, Solid liquid interfaces",Cited by 20,Antoine G. El Samrani,,,Role of phosphogypsum and NPK amendments on the retention or leaching of metals in different soils,,Journal of environmental management,,https://scholar.google.com/citations?view_op=view_citation&hl=en&user=xw8WYBUAAAAJ&cstart=20&pagesize=80&citation_for_view=xw8WYBUAAAAJ:UebtZRa9Y70C,,Academic Press,"Rawaa Ammar, Hussein Jaafar Kanbar, Véronique Kazpard, Mahmoud Wazne, Antoine G El Samrani, Nabil Amacha, Zeinab Saad, Lei Chou","Column leaching tests were conducted to investigate the effects of soil physicochemical characteristics on metal mobility in the subsurface. The metals investigated originated from disposed industrial waste byproducts and from agrochemicals spread over the farmlands. Soil column tests can provide insights into leaching of metals to underlying water compartments. The findings of this study can be used for prevention strategies and for setting risk assessment approaches to land-use and management, and soil and water quality and sustainability. Soils collected from an industrial (IS) watershed and an agricultural (AQ) hydrographic basin were used in soil column leaching experiments. The soil samples were characterized for mineralogy, functional groups, grain size, surface charge, soil type, porosity, and cation exchange capacity (CEC) along with elemental composition. Varying concentrations of phosphogypsum …",solid waste and water treatment,0.213
,,"Disruption of biofilms from sewage pipes under physical and chemical conditioning
C Mahfoud, A El Samrani, R Mouawad, W Hleihel… - Journal of Environmental Sciences, 2009
Cited by 18 Related articles All 7 versions",2009/1/1,21.0,https://www.academia.edu/download/49710190/Disruption_of_biofilms_from_sewage_pipes20161019-6565-1aqsjj8.pdf,,,,120-126,"Environmental chemistry, solid waste and water treatment, soil pollution, Solid liquid interfaces",Cited by 18,Antoine G. El Samrani,,,Disruption of biofilms from sewage pipes under physical and chemical conditioning,,Journal of Environmental Sciences,,https://scholar.google.com/citations?view_op=view_citation&hl=en&user=xw8WYBUAAAAJ&cstart=20&pagesize=80&citation_for_view=xw8WYBUAAAAJ:IjCSPb-OGe4C,1,Elsevier,"Charbel Mahfoud, Antoine El Samrani, Rita Mouawad, Walid Hleihel, Rim El Khatib, Bruno S Lartiges, Naïm Ouaïni","Biofilms grown inside two sewage collecting pipes located in industrial and residential areas are studied. Bacterial biomass inside three layers of biofilms was evaluated. Biofilm cohesion under different mixing rate and ionic strength was also investigated. Effects of physical and chemical parameters in the biofilms were evaluated by monitoring turbidity, chemical and biochemical oxygen demands. Extracted organic matter from biofilms was partitioned to polar, aromatic and saturated fractions using activated silica column chromatography. Results revealed that bacterial biomass growth depending on biofilm thickness and stratification. The most loaded stratum in bacterial biomass was the sewage-biofilm interface stratum that represented 51% of the total bacterial biomass. Stirring rate and ionic strength of mono- and bivalent salts showed a major influence in biofilm disruption. The stirring time enhanced the …",solid liquid interfaces,0.133
,,"Hydrodynamic influence on reservoir sustainability in semi-arid climate: A physicochemical and environmental isotopic study
R Ammar, V Kazpard, AG El Samrani, N Amacha… - Journal of environmental management, 2017
Cited by 15 Related articles All 10 versions",2017/7/15,197.0,https://www.academia.edu/download/98176324/j.jenvman.2017.04.03020230203-1-1xiju4y.pdf,,,,571-581,"Environmental chemistry, solid waste and water treatment, soil pollution, Solid liquid interfaces",Cited by 15,Antoine G. El Samrani,,,Hydrodynamic influence on reservoir sustainability in semi-arid climate: A physicochemical and environmental isotopic study,,Journal of environmental management,,https://scholar.google.com/citations?view_op=view_citation&hl=en&user=xw8WYBUAAAAJ&cstart=20&pagesize=80&citation_for_view=xw8WYBUAAAAJ:KlAtU1dfN6UC,,Academic Press,"Rawaa Ammar, Véronique Kazpard, Antoine G El Samrani, Nabil Amacha, Zeinab Saad, Lei Chou",Water scarcity and increasing water demand require the development of water management plans such as establishing artificial lakes and dams. Plans to meet water needs are faced by uprising challenges to improve water quality and to ensure the sustainability of hydro-projects. Environmental isotopes coupled to water physicochemical characteristics were investigated over a biennial cycle to assess both geomorphological and environmental impacts on the water quality of a reservoir situated in an intensively used agricultural watershed under a Mediterranean semi-arid climate. The particularity of the semi-arid climate and the diverse topography generate a continental and orographic rain effect on the isotopic composition of precipitation and the water recharged sources. The studied reservoir responds quickly to land-use activities and climatic changes as reflected by temporal and spatial variations of water …,environmental chemistry,0.204
,,"Effect of cadmium on Lactuca sativa grown in hydroponic culture enriched with phosphate fertilizer
VS Azzi, A Kanso, A Kobeissi, V Kazpard, B Lartiges… - Journal of Environmental Protection, 2015
Cited by 14 Related articles All 8 versions",2015,6.0,https://www.scirp.org/html/1-6702775_61667.htm,,,,1337,"Environmental chemistry, solid waste and water treatment, soil pollution, Solid liquid interfaces",Cited by 14,Antoine G. El Samrani,,,Effect of Cadmium on Lactuca sativa Grown in Hydroponic Culture Enriched with Phosphate Fertilizer,,Journal of Environmental Protection,,https://scholar.google.com/citations?view_op=view_citation&hl=en&user=xw8WYBUAAAAJ&cstart=20&pagesize=80&citation_for_view=xw8WYBUAAAAJ:Se3iqnhoufwC,12,Scientific Research Publishing,"Valérie S Azzi, Ali Kanso, Ahmad Kobeissi, Véronique Kazpard, Bruno Lartiges, Antoine El Samrani","Cadmium (Cd), one of the most toxic heavy metal added to soil after phosphate fertilizer treatment, was investigated. The effects of this metal on morphological and physiological changes of Lactuca sativa were studied in addition to its partitioning in different parts of the crop. In parallel, Lactuca sativa was allowed to grow under hydroponic conditions with modifications of the Hoagland nutrient solution. This solution was submitted to five Cd concentrations, 0, 0.093, 0.186, 0.279 and 0.372 mg Cd/L and three P concentrations, 0, 299 and 1420 mg P/L. The study showed a positive effect of phosphorus on root elongation, surface area while cadmium inhibited plant growth and sometimes the death of the plants. Cadmium was found to be accumulated in roots while zinc was preferably accumulated in the leaves and stems. The increase of performance of Lactuca sativa under hydroponic condition and Hoagland contaminated solution with cadmium was found to be better than the ones grown in Cd amended soil with or without phosphorus.",soil pollution,0.204
,,"The Valanginian Weissert Event on the south Tethyan margin: a dynamic paleoceanographic evolution based on the study of calcareous nannofossils
M Shmeit, F Giraud, E Jaillard, S Reboulet, M Masrour… - Marine Micropaleontology, 2022
Cited by 13 Related articles All 14 versions",2022/8/1,175.0,https://www.sciencedirect.com/science/article/am/pii/S0377839822000500,,,,102134,"Environmental chemistry, solid waste and water treatment, soil pollution, Solid liquid interfaces",Cited by 13,Antoine G. El Samrani,,,The Valanginian Weissert Event on the south Tethyan margin: a dynamic paleoceanographic evolution based on the study of calcareous nannofossils,,Marine Micropaleontology,,https://scholar.google.com/citations?view_op=view_citation&hl=en&user=xw8WYBUAAAAJ&cstart=20&pagesize=80&citation_for_view=xw8WYBUAAAAJ:J_g5lzvAfSwC,,Elsevier,"Majd Shmeit, F Giraud, Etienne Jaillard, S Reboulet, M Masrour, JE Spangenberg, A El-Samrani","Paleoceanographic conditions across the Valanginian Weissert oceanic anoxic event were reconstructed for the first time on the central Moroccan margin from a quantitative-based calcareous nannofossil study. Two onshore successions in the Essaouira-Agadir Basin and one offshore from DSDP Hole 416A were studied, providing a proximal-distal transect on the central Moroccan margin. The paleoceanographic conditions were reconstructed in an accurate chronostratigraphic framework. The sedimentary evolution of the Essaouira-Agadir Basin shows that sea-level variations controlled the paleogeographic context, clastic input, and nutrient availability. A thick photic zone and mesotrophic conditions favored the development of a diverse nannofossil community before the Weissert Event in the early Valanginian. In all studied successions, a collapse of the nannofossil community was recorded during the onset of …",Unclassified,0.0
,,"Optimization of Cu and Pb biosorption by Aphanizomenon ovalisporum using Taguchi approach: kinetics and equilibrium modeling
R Flouty, J El-Khoury, E Maatouk, A El-Samrani - Desalination and Water Treatment, 2019
Cited by 12 Related articles All 8 versions",2019/5/1,155.0,https://www.sciencedirect.com/science/article/pii/S1944398624140295/pdf?md5=dfc526f1e5499457b3bbc51b7edb0524&pid=1-s2.0-S1944398624140295-main.pdf,,,,259-271,"Environmental chemistry, solid waste and water treatment, soil pollution, Solid liquid interfaces",Cited by 12,Antoine G. El Samrani,,,Optimization of Cu and Pb biosorption by Aphanizomenon ovalisporum using Taguchi approach: kinetics and equilibrium modeling,,Desalination and Water Treatment,,https://scholar.google.com/citations?view_op=view_citation&hl=en&user=xw8WYBUAAAAJ&cstart=20&pagesize=80&citation_for_view=xw8WYBUAAAAJ:_Qo2XoVZTnwC,,Elsevier,"Roula Flouty, Jessica El-Khoury, Elias Maatouk, Antoine El-Samrani","In this study, the cyanobacterium Aphanizomenon ovalisporum collected from the Litany River in Lebanon was used as an efficient biosorbent for the removal of copper and lead metal ions from aqueous solutions. Scanning electron microscopy (SEM) revealed the change of the surface morphology due to sorption of lead and copper metal ions on algal surface sites. In addition, the elemental composition of native algal biomass showed mainly the presence of carbon, nitrogen and oxygen as 66.15%, 14.58% and 16.79% respectively. The percentage composition of C decreases while the percentages of N and O increase after biosorption of Cu and Pb, which indicates the interaction of metal ions with nitrogen and oxy functional groups on algal cell surface. Fourier transform infrared spectroscopy (FTIR) has proved the presence of the amine, phosphate, carboxyl and carbonyl groups as binding surface sites for metal …",Unclassified,0.0
,,"Hydrogeochemical processes in a small eastern Mediterranean karst watershed (Nahr Ibrahim, Lebanon)
N Hanna, B Lartiges, V Kazpard, E Maatouk, N Amacha… - Aquatic Geochemistry, 2018
Cited by 12 Related articles All 11 versions",2018/12/1,24.0,https://hal.science/hal-02265626v1/file/Hanna%20HAL.pdf,,,,325-344,"Environmental chemistry, solid waste and water treatment, soil pollution, Solid liquid interfaces",Cited by 12,Antoine G. El Samrani,,,"Hydrogeochemical processes in a small eastern Mediterranean karst watershed (Nahr Ibrahim, Lebanon)",,Aquatic Geochemistry,,https://scholar.google.com/citations?view_op=view_citation&hl=en&user=xw8WYBUAAAAJ&cstart=20&pagesize=80&citation_for_view=xw8WYBUAAAAJ:TQgYirikUcIC,,Springer Netherlands,"N Hanna, B Lartiges, V Kazpard, E Maatouk, N Amacha, S Sassine, A El Samrani","Watersheds located in semiarid areas such as the eastern Mediterranean are particularly sensitive to the impact of climate change. To gain knowledge on the hydrogeochemical processes occurring in the Nahr Ibrahim watershed, a Critical Zone Observatory in Lebanon, we analyze the isotopic composition of the river water as well as the concentrations of the major ions exported (Ca2+, Mg2+, HCO3−, Na+, Cl−, K+, SO42−). Sampling campaigns were conducted from March 2014 to August 2016 to capture contrasting hydrological conditions. The results indicate that the carbonate lithology of the watershed is the predominant source of Ca2+, Mg2+ and HCO3−, whereas the low contents of Na+, Cl−, K+, SO42− mainly originate from sea spray. Except in the headwaters, the Nahr Ibrahim River is oversaturated with respect to calcite and dolomite. During wet seasons, calcite weathering and dolomite …",solid waste and water treatment,0.108
,,"Applying physicochemical approaches to control phosphogypsum heavy metal releases in aquatic environment
R Ammar, AG El Samrani, V Kazpard, J Bassil… - Environmental Science and Pollution Research, 2013
Cited by 12 Related articles All 10 versions",2013/12,20.0,,,,,9014-9025,"Environmental chemistry, solid waste and water treatment, soil pollution, Solid liquid interfaces",Cited by 12,Antoine G. El Samrani,,,Applying physicochemical approaches to control phosphogypsum heavy metal releases in aquatic environment,,Environmental Science and Pollution Research,,https://scholar.google.com/citations?view_op=view_citation&hl=en&user=xw8WYBUAAAAJ&cstart=20&pagesize=80&citation_for_view=xw8WYBUAAAAJ:ufrVoPGSRksC,,Springer Berlin Heidelberg,"Rawaa Ammar, Antoine G El Samrani, Véronique Kazpard, Joseph Bassil, Bruno Lartiges, Zeinab Saad, Lei Chou","One of the most important sources of solid waste in the Mediterranean Basin ecosystem originated from the phosphate fertilizer industries, which discharge phosphogypsum (PG) directly into aquatic environments or are stacked on stockpiles. The present study investigates metal release from PG under the influence of variable pH, increasing PG mass content, and complexing organic matter ligands. Major ions from PG leachates, grain size and charge, main functional groups along with metal leachability (Pb, Cd, Cr, Cu, and Zn) were determined using ion chromatography, laser diffraction, zetameter, Fourier transform infrared spectroscopy, and atomic absorption spectroscopy, respectively. The complete dissolution of PG recorded is at 2 g/L. Saturation and supersaturation with respect to PG may occur at concentrations of 3 and 4 g/L, respectively, revealing a clustering phenomenon leading to heavy metal …",solid waste and water treatment,0.211
,,"Potential of Opuntia ficus-indica for air pollution biomonitoring: a lead isotopic study
E El Hayek, A El Samrani, B Lartiges, V Kazpard… - Environmental Science and Pollution Research, 2015
Cited by 11 Related articles All 12 versions",2015/11,22.0,,,,,17799-17809,"Environmental chemistry, solid waste and water treatment, soil pollution, Solid liquid interfaces",Cited by 11,Antoine G. El Samrani,,,Potential of Opuntia ficus-indica for air pollution biomonitoring: a lead isotopic study,,Environmental Science and Pollution Research,,https://scholar.google.com/citations?view_op=view_citation&hl=en&user=xw8WYBUAAAAJ&cstart=20&pagesize=80&citation_for_view=xw8WYBUAAAAJ:0EnyYjriUFMC,,Springer Berlin Heidelberg,"Eliane El Hayek, Antoine El Samrani, Bruno Lartiges, Veronique Kazpard, Mathieu Benoit, Marguerite Munoz","Opuntia ficus-indica (Ofi) is a long-domesticated cactus that is widespread throughout arid and semiarid regions. Ofi is grown for both its fruits and edible cladodes, which are flattened photosynthetic stems. Young cladodes develop from mother cladodes, thus forming series of cladodes of different ages. Therefore, successive cladodes may hold some potential for biomonitoring over several years the local atmospheric pollution. In this study, cladodes, roots, dust deposited onto the cladodes, and soil samples were collected in the vicinity of three heavily polluted sites, i.e., a fertilizer industry, the road side of a highway, and mine tailings. The lead content was analyzed using atomic absorption spectroscopy (AAS) and inductively coupled plasma-mass spectrometry (ICP-MS). Scanning electron microscopy coupled with energy dispersive X-ray spectroscopy (SEM-EDX) was used to characterize …",soil pollution,0.407
,,"Use of hydrochemistry and environmental isotopes to evaluate water quality, Litani River, Lebanon
Z Saad, V Kazpard - 2006
Cited by 10 Related articles",2006,14.0,,,,,16,"Environmental chemistry, solid waste and water treatment, soil pollution, Solid liquid interfaces",Cited by 10,Antoine G. El Samrani,,,"USE OF HYDROCHEMISTRY AND ENVIRONMENTAL ISOTOPES TO EVALUATE WATER QUALITY, LITANI RIVER, LEBANON",,,,https://scholar.google.com/citations?view_op=view_citation&hl=en&user=xw8WYBUAAAAJ&cstart=20&pagesize=80&citation_for_view=xw8WYBUAAAAJ:ns9cj8rnVeAC,,,"Naïm Ouaini Zeinab Saad, Véronique Kazpard, Antoine G. El Samrani, Kamal Slim",,environmental chemistry,0.429
,,"Co-pyrolysis of plastic polymers and biomass: Effect of beech wood/plastic ratio and temperature on enhanced oil production in a tubular pyrolyzer
Y Jaafar, L Abdelouahed, A El Samrani, R El Hage… - Renewable Energy, 2023
Cited by 9 Related articles All 4 versions",2023/12/1,218.0,https://www.sciencedirect.com/science/article/am/pii/S0960148123011679,,,,119252,"Environmental chemistry, solid waste and water treatment, soil pollution, Solid liquid interfaces",Cited by 9,Antoine G. El Samrani,,,Co-pyrolysis of plastic polymers and biomass: Effect of beech wood/plastic ratio and temperature on enhanced oil production in a tubular pyrolyzer,,Renewable Energy,,https://scholar.google.com/citations?view_op=view_citation&hl=en&user=xw8WYBUAAAAJ&cstart=20&pagesize=80&citation_for_view=xw8WYBUAAAAJ:M05iB0D1s5AC,,Pergamon,"Yehya Jaafar, Lokmane Abdelouahed, Antoine El Samrani, Roland El Hage, Bechara Taouk","This study aimed to investigate the co-pyrolysis of beech wood, with polypropylene, high- and low-density polyethylene, polystyrene, and their mixture as synergic effects on liquid oil production inside a tubular reactor under an inert nitrogen atmosphere. The liquid oil recovered was analyzed using gas chromatography methods. Beech wood to plastic ratio and operating temperature were varied. Results showed that for beech wood polystyrene mix an increase of aromatic compounds compared to the theoretical value. The oil was mainly constituted of aromatics of about 68 wt% for the 50-50 mixture. The liquid oil experiences a great reduction in the oxygen content from 41 wt% (beech wood) to just 8 wt% for the polystyrene-beech wood 50-50 mixture. The oil also exhibited a high heating value of 37 MJ/kg with high aromatic content making the oil suitable to be blended with high mass proportions in the gasoline …",solid liquid interfaces,0.137
,,"Aggregating ability of ferric chloride in the presence of phosphate ligand
B Lartiges, AG El Samrani, E Montargès-Pelletier… - Water Research, 2019
Cited by 9 Related articles All 9 versions",2019/11/1,164.0,https://www.sciencedirect.com/science/article/am/pii/S0043135419307341,,,,114960,"Environmental chemistry, solid waste and water treatment, soil pollution, Solid liquid interfaces",Cited by 9,Antoine G. El Samrani,,,Aggregating ability of ferric chloride in the presence of phosphate ligand,,Water Research,,https://scholar.google.com/citations?view_op=view_citation&hl=en&user=xw8WYBUAAAAJ&cstart=20&pagesize=80&citation_for_view=xw8WYBUAAAAJ:4JMBOYKVnBMC,,Pergamon,"B Lartiges, AG El Samrani, E Montargès-Pelletier, I Bihannic, V Briois, L Michot","Complexing anions such as phosphate or silicate play an ambivalent role in the performance of hydrolyzing metal coagulants: On one hand, they significantly interfere with the hydrolytic pathway of conventional iron or aluminum coagulants, the associated destabilization mechanism remaining rather elusive; on the other hand, they have been shown to be key ingredients in the formulation of innovative coagulant solutions exhibiting improved removal efficiency, their action mechanism at the molecular scale being presently poorly understood. In this paper, we explore the effect of small additions of phosphate ligand on the chemical coagulation of silica nanoparticles with ferric chloride. Transmission Electron Microscopy-Energy Dispersed X-ray Spectroscopy (TEM-EDXS) combined with Extended X-ray absorption Fine Structure Spectroscopy (EXAFS) at the Fe K-edge are used to provide an insight into the nature of …",environmental chemistry,0.2
,,"Metal binding in soil cores and sediments in the vicinity of a dammed agricultural and industrial watershed
HJ Kanbar, N Hanna, AG El Samrani, V Kazpard… - Environmental monitoring and assessment, 2014
Cited by 9 Related articles All 13 versions",2014/12,186.0,https://hal.science/hal-01625286/document,,,,8793-8806,"Environmental chemistry, solid waste and water treatment, soil pollution, Solid liquid interfaces",Cited by 9,Antoine G. El Samrani,,,Metal binding in soil cores and sediments in the vicinity of a dammed agricultural and industrial watershed,,Environmental monitoring and assessment,,https://scholar.google.com/citations?view_op=view_citation&hl=en&user=xw8WYBUAAAAJ&cstart=20&pagesize=80&citation_for_view=xw8WYBUAAAAJ:YsMSGLbcyi4C,,Springer International Publishing,"Hussein Jaafar Kanbar, Nour Hanna, Antoine G El Samrani, Véronique Kazpard, Ahmad Kobaissi, Nafez Harb, Nabil Amacha","The environment is witnessing a downgrade caused by the amelioration of the industrial and agricultural sectors, namely, soil and sediment compartments. For those reasons, a comparative study was done between soil cores and sediments taken from two locations in the Qaraaoun reservoir, Lebanon. The soil cores were partitioned into several layers. Each layer was analyzed for several physicochemical parameters, such as functional groups, particle size distribution, ζ-potential, texture, pH, electric conductivity, total dissolved solids, organic matter, cation exchange capacity, active and total calcareous, available sodium and potassium, and metal content (cadmium, copper, and lead). The metal content of each site was linked to soil composition and characteristics. The two sites showed distinguishable characteristics for features such as organic matter, pH, mineral fraction, calcareous, and metal content …",soil pollution,0.204
,,"Relations entre métaux traces dans le tabac et la nature du sol au Liban
Z Saad, V Kazpard, A El Samrani, K Slim, P Nabhan - Cahiers Agricultures, 2006
Cited by 8 Related articles All 6 versions",2006/3/1,15.0,https://revues.cirad.fr/index.php/cahiers-agricultures/article/download/30579/30339,,,,203-211 (1),"Environmental chemistry, solid waste and water treatment, soil pollution, Solid liquid interfaces",Cited by 8,Antoine G. El Samrani,,,Relations entre métaux traces dans le tabac et la nature du sol au Liban,,Cahiers Agricultures,,https://scholar.google.com/citations?view_op=view_citation&hl=en&user=xw8WYBUAAAAJ&cstart=20&pagesize=80&citation_for_view=xw8WYBUAAAAJ:eQOLeE2rZwMC,2,,"Zeinab Saad, Véronique Kazpard, Antoine El Samrani, Kamal Slim, Philippe Nabhan","La présente étude a pour but de déterminer les concentrations de macroéléments et de microéléments dans plusieurs échantillons de sols et de plants de tabac pris dans différentes régions agricoles pour étudier l'influence de la nature du sol sur la qualité du tabac, le transfert des métaux par le sol, leur accumulation dans les feuilles du tabac et leur source d'émission. Dans la région de Nabatiyeh, les résultats obtenus montrent que les deux champs agricoles ont des impacts anthropiques différents. Le facteur de transfert sol-tabac dans ces champs est calculé pour tous les éléments afin de déterminer leur source. Les macronutriments sont biodisponibles dans le sol pour les plantes de tabac, alors que certains micronutriments sont faiblement absorbés dans un sol alcalin. Une analyse en composantes principales réalisée pour les micronutriments du sol et des feuilles de tabac de la région Nabatiyeh, a permis de déterminer les différents facteurs qui contribuent à la distribution des métaux dans différents compartiments. Une autre analyse chimique du tabac et du sol correspondant est réalisée sur quatre régions agricoles ayant des caractéristiques géologiques et pédologiques différentes. L'ordre de variation des macroéléments est Ca> Mg> Na> K dans toutes les régions étudiées. L'étude du transfert des nutriments du sol au tabac dans ces régions montre que plus la couche est d'âge géologique jeune, plus le transfert sol-plante est élevé. Dans la région d'Akkar, le développement des minéraux argileux provoque une complexation des micronutriments et la diminution de leur biodisponibilité au niveau des plantes de tabac.",Unclassified,0.0
,,"Survey of bacteriological surface water quality (Nahr Ibrahim River, Lebanon)
H Bou Saab, N Nassif, AG El Samrani, R Daoud… - Journal of Water Science, 2007
Cited by 6 Related articles",2007,20.0,,,,,341-352,"Environmental chemistry, solid waste and water treatment, soil pollution, Solid liquid interfaces",Cited by 6,Antoine G. El Samrani,,,"Survey of bacteriological surface water quality (Nahr Ibrahim River, Lebanon)",,Journal of Water Science,,https://scholar.google.com/citations?view_op=view_citation&hl=en&user=xw8WYBUAAAAJ&cstart=20&pagesize=80&citation_for_view=xw8WYBUAAAAJ:mB3voiENLucC,2,,"H Bou Saab, N Nassif, AG El Samrani, R Daoud, S Medawar, N Ouaïni","The Nahr Ibrahim catchment area is classified as an international heritage site. Along the Nahr Ibrahim River, solid and liquid effluents have an important impact on bacterial contamination. Physico-chemical and bacteriological parameters were studied at nine sampling sites located along the Nahr Ibrahim River from its source to its estuary. Total bacteria, total coliforms, fecal coliforms and fecal streptococci were studied during dry and wet weather periods. During these periods, the studied parameters revealed an important influence of the type of soil and leaching on the bacteriological composition of the river. Furthermore, the origin and the degree of temporary bacteriological contamination were identified. A multivariate statistical approach demonstrated that the effect of site location masked the effect of sampling date on the degree of bacteriological contamination. Downstream river sites were characterized by …",solid liquid interfaces,0.276
,,"Behavior of complexing ligands during coagulation flocculation by ferric chloride: A comparative study between sewage water and an engineered colloidal model
AG El Samrani, N Ouaini, BS Lartiges, V Kazpard… - Journal of Environmental Engineering and Science, 2006
Cited by 6 Related articles All 12 versions",2006/9/1,5.0,https://www.researchgate.net/profile/Ouaini-Naim/publication/233882743_Behavior_of_complexing_ligands_during_coagulationflocculation_by_ferric_chloride_A_comparative_study_between_sewage_water_and_an_engineered_colloidal_model/links/02e7e52a6dbf813d60000000/Behavior-of-complexing-ligands-during-coagulationflocculation-by-ferric-chloride-A-comparative-study-between-sewage-water-and-an-engineered-colloidal-model.pdf,,,,397-404,"Environmental chemistry, solid waste and water treatment, soil pollution, Solid liquid interfaces",Cited by 6,Antoine G. El Samrani,,,Behavior of complexing ligands during coagulation flocculation by ferric chloride: A comparative study between sewage water and an engineered colloidal model,,Journal of Environmental Engineering and Science,,https://scholar.google.com/citations?view_op=view_citation&hl=en&user=xw8WYBUAAAAJ&cstart=20&pagesize=80&citation_for_view=xw8WYBUAAAAJ:LkGwnXOMwfcC,5,NRC Research Press,"AG El Samrani, Naïm Ouaini, BS Lartiges, V Kazpard, A Ibrik, Z Saad","Ce travail présente une étude comparative entre un système naturel d'eau usée et un modèle d'eau synthétique colloïdale. Les deux systèmes d'eau sont traités par coagulation-floculation avec du chlorure de fer(III). L'affinité du phosphate et du sulfate utilisés en tant que ligands complexants pour les espèces coagulantes est examinée dans les deux systèmes. La formation des flocs et la dynamique d'agrégation sont suivies par jar test et diffraction laser. Les quantités résiduelles de sulfate et phosphate dans le surnageant après coagulation sont déterminées par chromatographie ionique. La spectrométrie d'absorption atomique et la microscopie électronique à transmission couplée à la spectroscopie des rayons X par dispersion d'énergie sont utilisées pour l'analyse élémentaire du P, du Fe et du S dans le surnageant et les sédiments. L'analyse des ligands a révélé que les espèces de phosphates et de fer(III …",solid waste and water treatment,0.107
,,"Trace element carriers in river sediments (Ibrahim River-Lebanon): investigation on natural and anthropogenic inputs
K SLIM, Z Saad, V Kazpard, N Ouaini, A Elsamarani… - International Journal of Civil and Environmental …, 2005
Cited by 5 Related articles All 2 versions",2005/7/1,,,,,,,"Environmental chemistry, solid waste and water treatment, soil pollution, Solid liquid interfaces",Cited by 5,Antoine G. El Samrani,,,Trace element carriers in river sediments (Ibrahim River-Lebanon): investigation on natural and anthropogenic inputs,,International Journal of Civil and Environmental Engineering (Print),,https://scholar.google.com/citations?view_op=view_citation&hl=en&user=xw8WYBUAAAAJ&cstart=20&pagesize=80&citation_for_view=xw8WYBUAAAAJ:_FxGoFyzp5QC,,,"K SLIM, Z Saad, V Kazpard, N Ouaini, A Elsamarani, BS Lartiges","The mineral composition and the trace element carries of river sediments were investigated during dry and wet seasons. Sediments were portioned into three size fraction (< 45 {mu}m between 45 and 250 {mu}m ,and 250 {mu}m). X-ray diffraction and Fourier Transform Infrared Spectrometry were used to determine the mineralogy of sediment fractions. Trace element carries inside the smaller size particle fraction were studied by Transmission and Scanning Electron Microscope coupled with Energy Dispersive X-ray spectroscopy. Mineral composition is influenced by season variation where clays and weathered geological outcrops are mobilized particularly during wet weather season. Relationship between industrial activities on the border of the valley and nature of some trace element particles has been identified. Alloys, sulfides, iron oxihydroxides and clay minerals were found to be major trace element carriers. (author)",environmental chemistry,0.2
,,"Upgrading Pyrolytic Oil via Catalytic Co-Pyrolysis of Beechwood and Polystyrene
Y Jaafar, GCA Ramirez, L Abdelouahed, A El Samrani… - Molecules, 2023
Cited by 4 Related articles All 9 versions",2023/7/30,28.0,https://www.mdpi.com/1420-3049/28/15/5758,,,,5758,"Environmental chemistry, solid waste and water treatment, soil pollution, Solid liquid interfaces",Cited by 4,Antoine G. El Samrani,,,Upgrading Pyrolytic Oil via Catalytic Co-Pyrolysis of Beechwood and Polystyrene,,Molecules,,https://scholar.google.com/citations?view_op=view_citation&hl=en&user=xw8WYBUAAAAJ&cstart=20&pagesize=80&citation_for_view=xw8WYBUAAAAJ:ldfaerwXgEUC,15,MDPI,"Yehya Jaafar, Gian Carlos Arias Ramirez, Lokmane Abdelouahed, Antoine El Samrani, Roland El Hage, Bechara Taouk","This study aims to investigate the catalytic co-pyrolysis of beech wood with polystyrene as a synergic and catalytic effect on liquid oil production. For this purpose, a tubular semi-continuous reactor under an inert nitrogen atmosphere was used. Several zeolite catalysts were modified via incipient wetness impregnation using iron and/or nickel. The liquid oil recovered was analyzed using GC-MS for the identification of the liquid products, and GC-FID was used for their quantification. The effects of catalyst type, beechwood-to-polystyrene ratio, and operating temperature were investigated. The results showed that the Fe/Ni-ZSM-5 catalyst had the best deoxygenation capability. The derived oil was mainly constituted of aromatics of about 92 wt.% for the 1:1 mixture of beechwood and polystyrene, with a remarkably high heating value of around 39 MJ/kg compared to 18 MJ/kg for beechwood-based bio-oil. The liquid oil experienced a great reduction in oxygen content of about 92% for the polystyrene–beechwood 50-50 mixture in comparison to beechwood alone. The catalytic and synergetic effects were more realized for high beechwood percentages as a 75-25 beechwood–polystyrene mix. Regarding the temperature variation between 450 and 600 °C, the catalyst seemed to deactivate faster at higher temperatures, thus constituting a quality reduction in the pyrolytic oil in high-temperature ranges.",environmental chemistry,0.2
,,"Occurrence of endocrine disruptors in wastewater from combined sewers in Paris and Beirut: what about parabens
D Geara-Matta, C Lorgeoux, V Rocher, A El Samrani… - 12th International Conference on Urban Drainage …, 2011
Cited by 4 Related articles All 3 versions",2011,,https://www.academia.edu/download/45320128/Occurrence_of_endocrine_disruptors_in_wa20160503-21107-1nzikos.pdf,,,,8,"Environmental chemistry, solid waste and water treatment, soil pollution, Solid liquid interfaces",Cited by 4,Antoine G. El Samrani,,,Occurrence of endocrine disruptors in wastewater from combined sewers in Paris and Beirut: what about parabens,,"12th International Conference on Urban Drainage, Porto Alegre (Brazil)",,https://scholar.google.com/citations?view_op=view_citation&hl=en&user=xw8WYBUAAAAJ&cstart=20&pagesize=80&citation_for_view=xw8WYBUAAAAJ:WF5omc3nYNoC,,,"Darine Geara-Matta, Catherine Lorgeoux, Vincent Rocher, A El Samrani, Ghassan Chebbo, Régis Moilleron","Parabens are widely employed as preservative agents in many personal care products (PPCPs). In 2004, a possible link has been reported between breast tumors and the use of cosmetics containing parabens involving a controversy over parabens (Darbre et al. 2004). As a consequence, a new range of PPCPs, free of paraben, appeared on the market. However, about 60,000 PPCPs still contain parabens, mainly methylparaben (MeP). Besides, parabens are known to be endocrine disrupting compounds. They are introduced into the receiving environment mainly via wastewater treatment plant. The aim of this study was to determine their levels in urban areas of two different conurbations, Paris and Beirut, during dry weather. For both cities, parabens followed the same uniform distribution: methylparaben (MeP)> ethylparaben (EtP), propylparaben (PrP)> butylparaben (BuP)> isobutylparaben (IsoBuP). However, their levels in France were higher than those in Lebanon, and they were correlated with PPCP references, containing parabens, available on the market in both countries. To our knowledge, this was the first study allowing the monitoring of these compounds in raw wastewater in France and in Lebanon. Our results will provide reference levels for the contamination of wastewater in both countries for paraben congeners.",solid waste and water treatment,0.306
,,"Chemical and environmental isotope investigation on hydrodynamics of monomictick lake: a case study on Qaraoun, Lebanon
Z Saad, V Kazpard, A El Samrani, M Aoun, N Amacha… - J Environ Hydrol, 2009
Cited by 4 Related articles",2009,17.0,,,,,,"Environmental chemistry, solid waste and water treatment, soil pollution, Solid liquid interfaces",Cited by 4,Antoine G. El Samrani,,,"Chemical and environmental isotope investigation on hydrodynamics of a monomictic lake: a case study on Qaraoun Dam, Lebanon.",,Journal of Environmental Hydrology,,https://scholar.google.com/citations?view_op=view_citation&hl=en&user=xw8WYBUAAAAJ&cstart=20&pagesize=80&citation_for_view=xw8WYBUAAAAJ:L8Ckcad2t8MC,,,"and M. Saadeh Saad, Z., V. Kazpard, A. El Samrani, M. Aoun, N. Amacha",,environmental chemistry,0.224
,,"Decentralized Wetland-Aquaponics Addressing Environmental Degradation and Food Security Challenges in Disadvantaged Rural Areas: A Nature-Based Solution Driven by Mediterranean Living Labs
F Yahya, A El Samrani, M Khalil, AED Abdin… - Sustainability, 2023
Cited by 2 Related articles All 7 versions",2023/10/18,15.0,https://www.mdpi.com/2071-1050/15/20/15024,,,,15024,"Environmental chemistry, solid waste and water treatment, soil pollution, Solid liquid interfaces",Cited by 2,Antoine G. El Samrani,,,Decentralized Wetland-Aquaponics Addressing Environmental Degradation and Food Security Challenges in Disadvantaged Rural Areas: A Nature-Based Solution Driven by Mediterranean …,,Sustainability,,https://scholar.google.com/citations?view_op=view_citation&hl=en&user=xw8WYBUAAAAJ&cstart=20&pagesize=80&citation_for_view=xw8WYBUAAAAJ:g5m5HwL7SMYC,20,MDPI,"Fatima Yahya, Antoine El Samrani, Mohamad Khalil, Alaa El-Din Abdin, Rasha El-Kholy, Mohamed Embaby, Mohab Negm, Dirk De Ketelaere, Anna Spiteri, Eleanna Pana, Vasileios Takavakoglou","The Mediterranean region is highly vulnerable to climate change, soil and water resource degradation, and biodiversity loss. These challenges disproportionately affect disadvantaged rural areas, impacting both natural resources and the livelihoods of local agricultural societies. Urgent transformative measures are essential to address land and water management as well as food security challenges in these disadvantaged areas. Living labs are being called upon to play a key role in addressing these challenges through the development of Nature-based Solutions (NbSs) that are able to provide environmental and socioeconomic benefits towards the achievement of Sustainable Development Goals. The aim of this work is to provide insights on an open innovation ecosystem of Mediterranean Living Labs for the synergetic development and participatory assessment of decentralized wetland-aquaponics, as NbSs are able to address environmental and food security challenges in disadvantaged rural areas. The study addresses the knowledge gap of Living Labs contribution to the development of decentralized wetland-aquaponics and the limited research on small-scale aquaponics systems in rural Mediterranean settings, while revealing the role of public participation in ascertaining the solution and evaluating its feasibility and impacts in light of the local social values and interests in the mountainous area of Akkar al-Atika in Lebanon.",environmental chemistry,0.203
,,"Geochemical and radiogenic isotope records of the Weissert Event in south Tethyan sediments
M Shmeit, C Chauvel, F Giraud, E Jaillard, S Reboulet… - Journal of the Geological Society, 2023
Cited by 2 Related articles All 11 versions",2023/5/5,180.0,https://www.lyellcollection.org/doi/pdf/10.1144/jgs2022-023,,,,jgs2022-023,"Environmental chemistry, solid waste and water treatment, soil pollution, Solid liquid interfaces",Cited by 2,Antoine G. El Samrani,,,Geochemical and radiogenic isotope records of the Weissert Event in south Tethyan sediments,,Journal of the Geological Society,,https://scholar.google.com/citations?view_op=view_citation&hl=en&user=xw8WYBUAAAAJ&cstart=20&pagesize=80&citation_for_view=xw8WYBUAAAAJ:vV6vV6tmYwMC,3,The Geological Society of London,"M Shmeit, C Chauvel, F Giraud, Etienne Jaillard, S Reboulet, M Masrour, JE Spangenberg, A El-Samrani","The Cretaceous marine sedimentary record is characterized by time intervals rich in organic matter correlating with positive carbon isotope excursions, often called oceanic anoxic events. The Weissert Event corresponds to the first such event in the Cretaceous during the Valanginian stage. The associated palaeoenvironmental perturbations, which include increasing marine surface water primary productivity, are hypothesized to have been triggered by volcanic activity from large igneous provinces, and the source of nutrients is not well constrained (continental runoff v. oceanic upwelling). We present isotope ratios of Pb, Sr and Nd, together with concentrations of major and trace elements, for sediments from the central Moroccan margin to test these hypotheses. We demonstrate that the nutrient input was dominated by continental weathering. The source of sedimentary material remained stable during the …",environmental chemistry,0.2
,,"Influence of Metalaxyl and CGA 62828 Adsorption on the Leaching Behavior of Metal‐Contaminated Soils
J Bassil, V Azzi, A Naveau, T Menhem, I Rizk… - CLEAN–Soil, Air, Water, 2021
Cited by 2 Related articles All 5 versions",2021/5,49.0,,,,,2000277,"Environmental chemistry, solid waste and water treatment, soil pollution, Solid liquid interfaces",Cited by 2,Antoine G. El Samrani,,,Influence of Metalaxyl and CGA 62828 Adsorption on the Leaching Behavior of Metal‐Contaminated Soils,,"CLEAN–Soil, Air, Water",,https://scholar.google.com/citations?view_op=view_citation&hl=en&user=xw8WYBUAAAAJ&cstart=20&pagesize=80&citation_for_view=xw8WYBUAAAAJ:YFjsv_pBGBYC,5,,"Joseph Bassil, Valérie Azzi, Aude Naveau, Tony Menhem, Ibtihaj Rizk, Antoine G El Samrani","Pesticides’ degradation in the environment affects their persistence and their environmental impact. In this study, batch experiments are performed to investigate 1) the adsorption of a fungicide, metalaxyl, and its main acid metabolite (CGA 62828) onto the surface of two different soils collected in the metal‐contaminated bay of an industrial area and 2) the influence of these two molecules on the leaching of soluble bases, iron and zinc, from the studied soils. In ultrapure water, adsorption isotherms show that the amount of CGA 62828 adsorbed by the soil particles are higher than the amount of metalaxyl. Furthermore, higher amount of these two molecules are adsorbed at a slower rate by the well‐drained soil in comparison with the more polluted saline anthroposol. In contrary to metalaxyl, CGA 62828 favors the release of the bases K, Na, and Ca by the saline soil in contact with ultrapure water. CGA 62828 also …",soil pollution,0.404
,,"Characterisation of Zinc-bearing sulphate phases formed during the synthesis of phosphoric acid and Zinc removal by the ligands of Opuntia ficus-indica*
R Eid, E Maatouk, AE Samrani, V Azzi, J Bassil - Environmental Technology, 2022
Cited by 2 Related articles All 8 versions",2021,,,,,,1-24,"Environmental chemistry, solid waste and water treatment, soil pollution, Solid liquid interfaces",Cited by 2,Antoine G. El Samrani,,,Characterization of Zinc-bearing sulfate phases formed during phosphoric acid synthesis and Zinc removal by Opuntia ficus indica ligands,,"Environmental Technology, 1-24, 2021",,https://scholar.google.com/citations?view_op=view_citation&hl=en&user=xw8WYBUAAAAJ&cstart=20&pagesize=80&citation_for_view=xw8WYBUAAAAJ:BqipwSGYUEgC,,Taylor and Francis,"Joseph Bassil Roukaya Eid, Elias Maatouk, Antoine El Samrani, Valérie Azzi",,Unclassified,0.0
,,"Tracing sources of pollution in groundwater using hydrochemical and isotopes methods: Beirut and its suburbs
V Kazpard, Z Saad, A El Samarani - J Environ Hydrol, 2008
Cited by 2 Related articles",2008,16.0,,,,,1-7,"Environmental chemistry, solid waste and water treatment, soil pollution, Solid liquid interfaces",Cited by 2,Antoine G. El Samrani,,,Tracing sources of pollution in groundwater using hydrochemical and isotopic methods : Beirut and its suburbs.,,Journal of Environmental hydrology,,https://scholar.google.com/citations?view_op=view_citation&hl=en&user=xw8WYBUAAAAJ&cstart=20&pagesize=80&citation_for_view=xw8WYBUAAAAJ:ZeXyd9-uunAC,,,"Antoine El Samrani Véronique Kazpard, Zeinab Saad",,soil pollution,0.227
,,"Influence des Ligands Phosphatés sur le Mécanisme de Déstabilisation de Particules Colloïdales de Silice par le Chlorure Ferrique
AG El Samrani, N Ouaini, V Kazpard, Z Saad - Lebanese Science Journal, 2006
Cited by 2 Related articles",2006,7.0,,,,,103-112,"Environmental chemistry, solid waste and water treatment, soil pollution, Solid liquid interfaces",Cited by 2,Antoine G. El Samrani,,,Influence des Ligands Phosphatés sur le Mécanisme de Déstabilisation de Particules Collo? dales de Silice par le Chlorure Ferrique,,Lebanese Science Journal,,https://scholar.google.com/citations?view_op=view_citation&hl=en&user=xw8WYBUAAAAJ&cstart=20&pagesize=80&citation_for_view=xw8WYBUAAAAJ:O3NaXMp0MMsC,1,,"AG El Samrani, N Ouaini, V Kazpard, Z Saad",,Unclassified,0.0
,,"Influence of Diverse Urban Pressures on Water Characteristics in a Small Eastern Mediterranean Watershed
E Maatouk, AE Samrani, R Sawan, RBG Salameh… - Aquatic Geochemistry, 2022
Cited by 1 Related articles All 6 versions",2022/6,28.0,,,,,111-133,"Environmental chemistry, solid waste and water treatment, soil pollution, Solid liquid interfaces",Cited by 1,Antoine G. El Samrani,,,Influence of Diverse Urban Pressures on Water Characteristics in a Small Eastern Mediterranean Watershed,,Aquatic Geochemistry,,https://scholar.google.com/citations?view_op=view_citation&hl=en&user=xw8WYBUAAAAJ&cstart=20&pagesize=80&citation_for_view=xw8WYBUAAAAJ:RYcK_YlVTxYC,2,Springer Netherlands,"E Maatouk, A El Samrani, R Sawan, R Bou Ghosn Salameh, V Kazpard, Z Matar","This work focuses on the characterization of a typical coastal karst watershed by addressing its physico-chemical parameters. The concentrations of the main ions clearly indicate the dominance of Ca2+ and HCO3− with a carbonate weathering rate equivalent to 230t/Km2/year; that is a typical weathering of karst watersheds. The spatio-temporal variability of dissolved organic matter (DOM) is also assessed in the watershed. Many samples were collected under different hydrological conditions from three representative sites. The evolution of OM composition along an urbanization gradient from upstream to downstream Kadisha watershed reveals the very strong impact of urban discharges on the receiving waters. Substantial differences in DOC results are highlighted in relation to the urban or natural origin of the DOM. Upstream OM flux is quantified and compared to downstream OM flux showing that, during the low …",solid waste and water treatment,0.108
,,"Ecological And Morpho-Physiological Characteristics Of Corn (Zea Mays L.) Associated With Compost Curing
RF Saad, ST Kraidly, AA Kanso, AG El Samrani… - Int. J. Sci. Tech. Res, 2014
Cited by 1 Related articles All 2 versions",2014,3.0,https://www.researchgate.net/profile/Ramez-Saad/publication/274892052_Ecological_And_Morpho-Physiological_Characteristics_Of_Corn_Zea_Mays_L_Associated_With_Compost_Curing/links/552bbb190cf21acb091e64a5/Ecological-And-Morpho-Physiological-Characteristics-Of-Corn-Zea-Mays-L-Associated-With-Compost-Curing.pdf,,,,2277-8616,"Environmental chemistry, solid waste and water treatment, soil pollution, Solid liquid interfaces",Cited by 1,Antoine G. El Samrani,,,Ecological And Morpho-Physiological Characteristics Of Corn (Zea Mays L.) Associated With Compost Curing,,Int. J. Sci. Tech. Res,,https://scholar.google.com/citations?view_op=view_citation&hl=en&user=xw8WYBUAAAAJ&cstart=20&pagesize=80&citation_for_view=xw8WYBUAAAAJ:9ZlFYXVOiuMC,7,,"Ramez Farajallah Saad, Samar Talaat Kraidly, Ali Ahmad Kanso, Antoine Georges El Samrani, Veronique Antonios Kazpard, Ahmad Najib Kobaissi","Municipal solid waste (MSW) compost is an‗ organic ‘amendment that can act like inorganic fertilizers. This study aimed at evaluating the effect of further cured MSW compost on the growth and development of Zea may L. and characterizing the effect of curing on the soil microbial populations and enzymatic activities. The experimental design was a completely randomized block design with six treatments, the plant‘s morphophysiological characteristics were studied, and the microbial analyses were done for three different soil layers 0-10, 10-20 and 20-30 centimeter as well as for the rhizosphere. Data was submitted to statistical analysis using SPSS 17, where treatments with further cured compost showed a significant (P< 0.05) increase in all the parameters investigated, and the level of 2.5% had the highest values, except for fungal populations, for both the microbial and enzymatic activities.",solid waste and water treatment,0.312
,Journées Information Eau,"Triclosan, triclocarban et parabènes, des perturbateurs endocriniens, dans les eaux usées en France: approches analytiques pour déterminer les niveaux de concentration
D Geara-Matta, C Lorgeoux, M Naah, A El Samrani… - Journées Information Eau, 2010
Cited by 1 Related articles All 2 versions",2010,,,,,,nc,"Environmental chemistry, solid waste and water treatment, soil pollution, Solid liquid interfaces",Cited by 1,Antoine G. El Samrani,,,"Triclosan, triclocarban et parabènes, des perturbateurs endocriniens, dans les eaux usées en France: approches analytiques pour déterminer les niveaux de concentration",,,,https://scholar.google.com/citations?view_op=view_citation&hl=en&user=xw8WYBUAAAAJ&cstart=20&pagesize=80&citation_for_view=xw8WYBUAAAAJ:MXK_kJrjxJIC,,,"D Geara-Matta, C Lorgeoux, M Naah, A El Samrani, G Chebbo, R Moilleron","Triclosan, triclocarban et parabènes, des perturbateurs endocriniens, dans les eaux usées en France : approches analytiques pour déterminer les niveaux de concentration - Archive ouverte HAL Recherche Accéder directement au contenu Pied de page Logo Logo Documentation FR Français (FR) Anglais (EN) Se connecter HAL science ouverte Recherche Loading... Recherche avancée Information de documents Titres Titres Sous-titre Titre de l'ouvrage Titre du volume (Série) Champ de recherche par défaut (multicritères) + texte intégral des PDF Résumé Texte intégral indexé des documents PDF Mots-clés Type de document Sous-type de document Tous les identifiants du document Identifiant HAL du dépôt Langue du document (texte) Pays (Texte) Ville À paraître (true ou false) Ajouter Auteur Auteur (multicritères) Auteur (multicritères) Auteur : Nom complet Auteur : Nom de famille Auteur : Prénom Auteur : …",Unclassified,0.0
,,"Incorporation of hydrophobized mineral particles in activated sludge flocs: a way to assess ballasting efficiency
G Defontaine, J Thormann, BS Lartiges, AGE Samrani… - Water science and technology, 2005
Cited by 1 Related articles All 13 versions",2005/11/1,52.0,https://hal.science/hal-02284244/document,,,,177-184,"Environmental chemistry, solid waste and water treatment, soil pollution, Solid liquid interfaces",Cited by 1,Antoine G. El Samrani,,,Incorporation of hydrophobized mineral particles in activated sludge flocs: a way to assess ballasting efficiency,,Water science and technology,,https://scholar.google.com/citations?view_op=view_citation&hl=en&user=xw8WYBUAAAAJ&cstart=20&pagesize=80&citation_for_view=xw8WYBUAAAAJ:5nxA0vEk-isC,10-11,IWA Publishing,"G Defontaine, J Thormann, BS Lartiges, AG El Samrani, O Barres","The role of mineral surface hydrophobicity in attachment to activated sludge flocs was investigated. Fluorite and quartz particles of similar granulometry were hydrophobized by adsorbing sodium oleate and dodecylamine chloride, respectively. Mineral hydrophobicity was assessed by flotation expriments. The attachment of particles to microbial flocs was determined by optical microscopy. The results indicate that hydrophobized particles are always better incorporated within activated sludge flocs than non-coated particles. A comparison with Aquatal particles used as sludge ballast reveals that hydrophobized minerals are associated with microbial flocs to the same extent.",Unclassified,0.0
,,"Utilisation de la coagulation-floculation pour la dépollution des eaux de surface au Liban
V Kazpard, Z Saad, AG El Samrani, K Slim - Cahiers de l'Association Scientifique Européenne pour …, 2005
Cited by 1 Related articles All 3 versions",2005,10.0,,,,,71-77,"Environmental chemistry, solid waste and water treatment, soil pollution, Solid liquid interfaces",Cited by 1,Antoine G. El Samrani,,,Utilisation de la coagulation-floculation pour la dépollution des eaux de surface au Liban,,Cahiers de l'Association Scientifique Européenne pour l'Eau et la Santé,,https://scholar.google.com/citations?view_op=view_citation&hl=en&user=xw8WYBUAAAAJ&cstart=20&pagesize=80&citation_for_view=xw8WYBUAAAAJ:dhFuZR0502QC,1,Association pharmaceutique française pour l'hydrocologie,"V Kazpard, Z Saad, A-G El Samrani, K Slim","Ibrahim et Ghadir sont deux rivières côtières localisées aux environs de Beyrouth et exposées à des impacts anthropiques différents. L'élimination des Matières en Suspension MES des eaux de ces rivières a été étudiée par simple jar test couplé à des mesures de turbidité au niveau du surnageant, et à une mesure de volumes des sédiments. Les caractéristiques physico-chimiques des eaux avant et après traitement sont déterminées par absorption atomique et chromatographie ionique. Les jars tests montrent que la préhydrolyse des sels d'aluminium avant leur ajout dans l'eau permet l'utilisation de plus faibles quantités en Al pour la coagulation-floculation des eaux qui élimine préférentiellement les Matières en Suspension. Plus la turbidité initiale des eaux à traiter est faible, plus la concentration optimale en aluminium est moindre. L'élimination des MES par coagulation-floculation est plus efficace pour la …",environmental chemistry,0.2
,,"Decentralized Wetland-Aquaponics Addressing Environmental Degradation and Food Security Challenges in Disadvantaged Rural Areas: A Nature-Based Solution Driven by Mediterranean Living Labs. Sustainability 2023, 15, 15024
F Yahya, A El Samrani, M Khalil, AED Abdin… - 2023
Related articles",2023,,https://www.academia.edu/download/117350090/pdf.pdf,,,,,"Environmental chemistry, solid waste and water treatment, soil pollution, Solid liquid interfaces",,Antoine G. El Samrani,,,Decentralized Wetland-Aquaponics Addressing Environmental Degradation and Food Security Challenges in Disadvantaged Rural Areas: A Nature-Based Solution Driven by Mediterranean …,,,,https://scholar.google.com/citations?view_op=view_citation&hl=en&user=xw8WYBUAAAAJ&cstart=20&pagesize=80&citation_for_view=xw8WYBUAAAAJ:HoB7MX3m0LUC,,,"F Yahya, A El Samrani, M Khalil, AED Abdin, R El-Kholy, M Embaby, M Negm, D De Ketelaere, A Spiteri, E Pana","The Mediterranean region is highly vulnerable to climate change, soil and water resource degradation, and biodiversity loss. These challenges disproportionately affect disadvantaged rural areas, impacting both natural resources and the livelihoods of local agricultural societies. Urgent transformative measures are essential to address land and water management as well as food security challenges in these disadvantaged areas. Living labs are being called upon to play a key role in addressing these challenges through the development of Nature-based Solutions (NbSs) that are able to provide environmental and socioeconomic benefits towards the achievement of Sustainable Development Goals. The aim of this work is to provide insights on an open innovation ecosystem of Mediterranean Living Labs for the synergetic development and participatory assessment of decentralized wetland-aquaponics, as NbSs are able to address environmental and food security challenges in disadvantaged rural areas. The study addresses the knowledge gap of Living Labs contribution to the development of decentralized wetland-aquaponics and the limited research on small-scale aquaponics systems in rural Mediterranean settings, while revealing the role of public participation in ascertaining the solution and evaluating its feasibility and impacts in light of the local social values and interests in the mountainous area of Akkar al-Atika in Lebanon.",environmental chemistry,0.203
,,"PHYSICOCHEMICAL CHARACTERIZATION: COMPARATIVE EVALUATION OF ALLOGRAFT BIOMATERIALS AND AUTOGENOUS BONE
A Berberi, MA Amkhadova, A Samarani, G Aoun - Russian Journal of Dentistry, 2017
Related articles All 3 versions",2017/10/15,21.0,https://journals.eco-vector.com/1728-2802/article/download/42129/28147,,,,233-237,"Environmental chemistry, solid waste and water treatment, soil pollution, Solid liquid interfaces",,Antoine G. El Samrani,,,PHYSICOCHEMICAL CHARACTERIZATION: COMPARATIVE EVALUATION OF ALLOGRAFT BIOMATERIALS AND AUTOGENOUS BONE,,Russian Journal of Dentistry,,https://scholar.google.com/citations?view_op=view_citation&hl=en&user=xw8WYBUAAAAJ&cstart=20&pagesize=80&citation_for_view=xw8WYBUAAAAJ:blknAaTinKkC,5,,"Antoine Berberi, Malkan Abdrashidova Amkhadova, Antoine Samarani, Georges Aoun","Objectives
bone substitutes used in oral surgery include allografts, xenografts and synthetic materials that are frequently used to compensate bone loss or to reinforce repaired bone by encouraging new bone ingrowth into the defect site. The aim of this study was to evaluate a number ofphysical and chemical properties in a variety of allografts biomaterials used in oral surgery and to compare them with those of autogenous bone.
Materials and methods
autogenous bone andfive different allograft biomaterials were studied by high-resolution X-ray diffractometry, atomic absorption spectrometry, laser diffraction, and checked for their chemical composition, calcium release concentration, crystallinity and granulation size.
Results
the highest calcium release concentration was 24.94 mg/gforPuros® and the lowest one was 4.05 mg/gfor OsteoSponge® compared to 20.15 mg/g to natural bone. The range ofparticles size, in term of median size D50, varied between 394.24 pm for DIZG Spongiosa® and 902.41 pm for OsteoSponge®, compared to 282.1 pm for natural bone. Bone and Puros® displayed a hexagonal shape as bone except and OsteoSponge® which showed a triclinic shape and all the rest showed monoclinic shape.
Conclusion
a bone substitute of choice depends largely on its clinical application that is associated to its biological and mechanical performance. These morphological differences between biomaterials greatly influence their in-vivo behavior of biomaterials. Significant differences were detected in terms of calcium concentration, particles size, and crystallinity.",Unclassified,0.0
,Séminaire Agromine-Faculté des Sciences Zahlé,"Construction de Technosols à partir de déchets industriels toxiques pour la production de biomasse non alimentaire
C Sirguey, A Kanso, F Watteau, G Séré, JL Morel… - Séminaire Agromine-Faculté des Sciences Zahlé, 2017
Related articles All 3 versions",2017/9/14,,,,,,,"Environmental chemistry, solid waste and water treatment, soil pollution, Solid liquid interfaces",,Antoine G. El Samrani,,,Construction de Technosols à partir de déchets industriels toxiques pour la production de biomasse non alimentaire,,,,https://scholar.google.com/citations?view_op=view_citation&hl=en&user=xw8WYBUAAAAJ&cstart=20&pagesize=80&citation_for_view=xw8WYBUAAAAJ:hMod-77fHWUC,,,"Catherine Sirguey, Ali Kanso, Françoise Watteau, Geoffroy Séré, Jean-Louis Morel, Ahmad Najib Kobaissi, Antoine El-Samrani, Guillaume Echevarria","Construction de Technosols à partir de déchets industriels toxiques pour la production de biomasse non alimentaire - Archive ouverte HAL Recherche Accéder directement au contenu Pied de page Logo Logo Documentation FR Français (FR) Anglais (EN) Se connecter HAL science ouverte Recherche Loading... Recherche avancée Information de documents Titres Titres Sous-titre Titre de l'ouvrage Titre du volume (Série) Champ de recherche par défaut (multicritères) + texte intégral des PDF Résumé Texte intégral indexé des documents PDF Mots-clés Type de document Sous-type de document Tous les identifiants du document Identifiant HAL du dépôt Langue du document (texte) Pays (Texte) Ville À paraître (true ou false) Ajouter Auteur Auteur (multicritères) Auteur (multicritères) Auteur : Nom complet Auteur : Nom de famille Auteur : Prénom Auteur : Complément de nom, deuxième prénom Auteur : Organisme …",Unclassified,0.0
,,"Role of phosphogypsum and NPK amendments on the retention or leaching of metals in different soils
M Wazne, R Ammar, HJ Kanbar, V Kazpard… - 2016
Related articles",2016,,,,,,,"Environmental chemistry, solid waste and water treatment, soil pollution, Solid liquid interfaces",,Antoine G. El Samrani,,,Role of phosphogypsum and NPK amendments on the retention or leaching of metals in different soils,,,,https://scholar.google.com/citations?view_op=view_citation&hl=en&user=xw8WYBUAAAAJ&cstart=20&pagesize=80&citation_for_view=xw8WYBUAAAAJ:r0BpntZqJG4C,,,"Mahmoud Wazne, Rawaa Ammar, Hussein Jaafar Kanbar, Veronique Kazpard, Antoine El Samrani, Nabil Amacha, Zeinab Saad, Lei Chou","Column leaching tests were conducted to investigate the effects of soil physicochemical characteristics on metal mobility in the subsurface. The metals investigated originated from disposed industrial waste byproducts and from agrochemicals spread over the farmlands. Soil column tests can provide insights into leaching of metals to underlying water compartments. The findings of this study can be used for prevention strategies and for setting risk assessment approaches to land-use and management, and soil and water quality and sustainability. Soils collected from an industrial (IS) watershed and an agricultural (AQ) hydrographic basin were used in soil column leaching experiments. The soil samples were characterized for mineralogy, functional groups, grain size, surface charge, soil type, porosity, and cation exchange capacity (CEC) along with elemental composition. Varying concentrations of phosphogypsum industrial waste or agrochemical (NPK fertilizer) was then added to the surface of the packed columns (n = 28). The columns were subjected to artificial rain over a period of 65 days. Leachates were collected and analyzed for dissolved Na+, K+, and Cd2+ throughout the experimental period, whereas residual Cd content in the subsurface soil was measured at the end of the experiment. Physicochemical characterization indicated that the AQ soil has a higher potential for metal retention due to its fine clay texture, calcareous pH, high organic matter content and CEC. Metal release was more prominent in the IS soil indicating potential contamination of the surrounding soil and water compartments. The higher metal release is attributed to …",solid waste and water treatment,0.208
,,"Air pollution biomonitoring using successive cladodes of Opuntia ficus-indica: A lead isotopic study
E El Hayek, A Samrani, B Lartiges, V Kazpard… - Environmental Science and Pollution Research, 2015
Related articles All 2 versions",2015/7/11,,https://hal.science/hal-02182871v1/file/Eliane%20El%20Hayek%201.pdf,,,,,"Environmental chemistry, solid waste and water treatment, soil pollution, Solid liquid interfaces",,Antoine G. El Samrani,,,Air pollution biomonitoring using successive cladodes of Opuntia ficus-indica: A lead isotopic study,,Environmental Science and Pollution Research,,https://scholar.google.com/citations?view_op=view_citation&hl=en&user=xw8WYBUAAAAJ&cstart=20&pagesize=80&citation_for_view=xw8WYBUAAAAJ:TFP_iSt0sucC,,,"Eliane El Hayek, Antoine Samrani, Bruno Lartiges, Veronique Kazpard, Mathieu Benoit, Marguerite Munoz","Opuntia ficus-indica (Ofi) is a long-domesticated cactus that is widespread throughout arid and semiarid regions of the world. Ofi is grown for both its fruits and edible cladodes, which are flattened photosynthetic stems. Young cladodes develop from mother cladodes, thus forming series of cladodes of different ages. Therefore, successive cladodes may hold some potential for biomonitoring over several years the local atmospheric pollution. In this study, cladodes, roots, dust deposited onto the cladodes, and soil samples, were collected in the vicinity of three heavily polluted sites, i.e. Selaata fertilizer industry (Lebanon), the roadside of a highway near Saida (Lebanon), and the tailings of an abandoned lead-zinc mine (Jebel Ressas in Tunisia). The lead content was analyzed by Atomic Absorption Spectroscopy and ICP-MS, Scanning Electron Microscopy coupled with Energy Dispersive X-Ray Spectroscopy (SEM-EDX) was used to characterize the cladode surfaces and the nature of dust deposit, and the lead isotopes were analyzed to identify the origin of Pb. The results show that (i) Ofi readily bioaccumulates Pb, (ii) the lead isotopic composition of cladodes evidences a foliar pathway of lead into Ofi and identifies the relative contributions of local Pb sources, (iii) the evolution of air quality is effectively recorded with successive cladodes, which makes Ofi a promising biomonitor to be used in environmental and health studies.",soil pollution,0.405
,,"Evolution of Metallic Trace Elements in Contaminated River Sediments: Geochemical Variation Along River Linear and Vertical Profile
H Kanbar, E Montarges-Pelletier, L Mansuy-Huault… - EGU General Assembly Conference Abstracts, 2015
Related articles All 3 versions",2015/4,,,,,,11182,"Environmental chemistry, solid waste and water treatment, soil pollution, Solid liquid interfaces",,Antoine G. El Samrani,,,Evolution of Metallic Trace Elements in Contaminated River Sediments: Geochemical Variation Along River Linear and Vertical Profile,,EGU General Assembly Conference Abstracts,,https://scholar.google.com/citations?view_op=view_citation&hl=en&user=xw8WYBUAAAAJ&cstart=20&pagesize=80&citation_for_view=xw8WYBUAAAAJ:M3ejUd6NZC8C,,,"Hussein Kanbar, Emmanuelle Montarges-Pelletier, Laurence Mansuy-Huault, Benoit Losson, Luc Manceau, Allan Bauer, Isabelle Bihannic, Renaud Gley, Antoine El Samrani, Ahmad Kobaissi, Veronique Kazpard, Frédéric Villieras","Metal pollution in riverine systems poses a serious threat that jeopardizes water and sediment quality, and hence river dwelling biota. Since those metallic pollutants can be transported for long distances via river flow, river management has become a great necessity, especially in times where industrial activities and global climate change are causing metal release and spreading (by flooding events). These changes are able to modify river hydrodynamics, and as a consequence natural physico-chemical status of different aquatic system compartments, which in turn alter metal mobility, availability and speciation. Vertical profiles of sediments hold the archive of what has been deposited for several tenths of years, thus they are used as a tool to study what had been deposited in rivers beds. The studied area lies in the Orne river, northeastern France. This river had been strongly modified physically and affected by …",soil pollution,0.203
,,"Reservoir sediments
M Wazne, R Ammar, V Kazpard, A El Samrani… - 2015
Related articles",2015,,,,,,,"Environmental chemistry, solid waste and water treatment, soil pollution, Solid liquid interfaces",,Antoine G. El Samrani,,,Reservoir sediments,,,,https://scholar.google.com/citations?view_op=view_citation&hl=en&user=xw8WYBUAAAAJ&cstart=20&pagesize=80&citation_for_view=xw8WYBUAAAAJ:SeFeTyx0c_EC,,,"Mahmoud Wazne, Rawaa Ammar, Veronique Kazpard, Antoine El Samrani, Nabil Amacha, Zeinab Saad, Lei Chou","This study delineates the physical, chemical, and biological effects resulting from anthropogenic and endogenic activities in a sensitive dammed reservoir situated in a semi-arid region. The reservoir is characterized by two major flow regimes: a wet fill hydrologic regime and a dry spill one. A seasonal sampling campaign was carried out over a period of 2 years (2011–2013) where water samples were collected across the water column and from piezometers just outside the perimeter of the reservoir. Similarly, sediments were collected from the corresponding areas beneath the water column. The water samples were analyzed for environmental isotopic ratios, elemental composition, and physical, biological and chemical parameters, whereas the sediment and algal samples were subjected to physical, mineralogical, spectroscopic, and microscopic analyses. This investigation indicated that the dam had resulted in the alteration of the biogeochemical cycle of nutrients as well as the degradation of the sediment and water quality. The hydrological and biogeochemical processes were found to induce vertical downward transport of chemicals towards the fine grained calcareous sediments during the fill mode, whereas the sediments acted as a source of a chemical flux upward through the water column and downward towards the groundwater during the spill mode. The geomorphological characteristics of the reservoir enhanced the strong hydrological connectivity between the surface water and the groundwater where the reservoir responded quickly to natural and anthropogenic changes in the upper watershed. The water and sediments in the …",environmental chemistry,0.203
,,"Physicochemical characterization: Comparative evaluation of three allograft biomaterials and autogenous bone
A Berberi, A Samarani, N Nader, R Mearawi, W Kanj… - Journal of Dental Research and Reviews, 2014
Related articles All 7 versions",2014/12,1.0,https://journals.sagepub.com/doi/pdf/10.4103/2348-2915.146491,,,,132-136,"Environmental chemistry, solid waste and water treatment, soil pollution, Solid liquid interfaces",,Antoine G. El Samrani,,,Physicochemical characterization: Comparative evaluation of three allograft biomaterials and autogenous bone,,Journal of Dental Research and Reviews,,https://scholar.google.com/citations?view_op=view_citation&hl=en&user=xw8WYBUAAAAJ&cstart=20&pagesize=80&citation_for_view=xw8WYBUAAAAJ:M3NEmzRMIkIC,3,SAGE Publications,"Antoine Berberi, Antoine Samarani, Nabih Nader, Rita Mearawi, Wasfi Kanj, Bassam Badran","Objectives
Bone substitutes (BSs) used in oral surgery include allografts, xenografts, and synthetic materials that are frequently used to compensate bone loss or to reinforce repaired bone by encouraging new bone in growth into the defect site. The aim of this study was to evaluate a number of physical and chemical properties in a variety of allografts biomaterials used in oral surgery and to compare them with those of autogenous bone.
Materials and Methods
Autogenous bone and three different allograft biomaterials were studied by high‑resolution X‑ray diffractometry (XRD), atomic absorption spectrometry, laser diffraction, and checked for their chemical composition, calcium release concentration, crystallinity, and granulation size.
Results
The highest calcium release concentration was 24.94 mg/g for Puros® and the lowest one was 4.05 mg/g for OsteoSponge® compared to 20.15 mg/g to natural bone. The …",Unclassified,0.0
,,"Trace metals in phosphate fertilizers: Cadmium behavior in Lebanese soils
V El Kazzi, B Lartiges, A El Samrani, A Kobeissi… - 2014
Related articles All 3 versions",2014/10/27,,,,,,,"Environmental chemistry, solid waste and water treatment, soil pollution, Solid liquid interfaces",,Antoine G. El Samrani,,,Trace metals in phosphate fertilizers: Cadmium behavior in Lebanese soils,,,,https://scholar.google.com/citations?view_op=view_citation&hl=en&user=xw8WYBUAAAAJ&cstart=20&pagesize=80&citation_for_view=xw8WYBUAAAAJ:k_IJM867U9cC,,"< bound method Organization. get_name_with_acronym of< Organization: INRAE-Institut national de recherche pour l’agriculture, l’alimentation et l’environnement>>","Valérie El Kazzi, Bruno Lartiges, Antoine El Samrani, Ahmad Kobeissi, Veronique Kazpard, Laurence Denaix","ENVIRONNEMENT des Sciences de la Terre 24e Réunion 27-31 octobre 2014 Résumés de la RST2014 1ANDRA, Chatenay Malabry 2Linköping University, Suède 3EDF R&D, Chatou While chlorine is worldwide used as a pillar of the chemical chemis- try for more than 100 years to produce a huge variety of compounds, the biogeochemistry of that element remains puzzling and its ecological role still poorly understood [...] Because of its high solubility, chlorine was usually perceived as a good conservative tracer in hydro- logical studies and by analogy as little reactive in biosphere. [...] However, it is now admitted that chlorine participates in fact in a complex biogeo- chemical cycle, which involve a non-conservative behavior, notably be- cause of natural processes of organic matter (SOM) chlorination (Öberg, 1998) mainly occurring in surface soils and mediated by microbial acti- vities on a large extent (Bastviken …",environmental chemistry,0.2
,,"Biosynthesis and Characterization of Bacterial Cellulose Produced by a Wild Strain of Acetobacter spp.
F Yassine, M Ibrahim, M Bassil, A Chokr, A Serghei… - MRS Online Proceedings Library, 2012
Related articles All 4 versions",2012/12,1498.0,,,,,109-114,"Environmental chemistry, solid waste and water treatment, soil pollution, Solid liquid interfaces",,Antoine G. El Samrani,,,Biosynthesis and Characterization of Bacterial Cellulose Produced by a Wild Strain of Acetobacter spp.,,MRS Online Proceedings Library,,https://scholar.google.com/citations?view_op=view_citation&hl=en&user=xw8WYBUAAAAJ&cstart=20&pagesize=80&citation_for_view=xw8WYBUAAAAJ:aqlVkmm33-oC,1,Springer International Publishing,"Fatima Yassine, Michael Ibrahim, Maria Bassil, Ali Chokr, Anatoli Serghei, Antoine El Samrani, Mario El Tahchi, Gisele Boiteux","Many advances in nanomaterials synthesis have been recorded during the last 30 years. Bacterial cellulose (BC) produced by bacteria belonging to the genera Acetobacter, Rhizobium, Agrobacterium, and Sarcina is acquiring major importance as one of many eco-friendly materials with great potential in the biomedical field. The shape of BC bulk is sensitive to the container shape and incubation conditions such as agitation, carbon source, rate of oxygenation, electromagnetic radiation, temperature, and pH. The challenge is to control the dimension and the final shape of biosynthesized cellulose, by the optimization of culture conditions. The production of 3D structures based on BC is important for many industrial and biomedical applications such as paper and textile industries, biological implants, burn dressing material, and scaffolds for tissue regeneration. In our work, wild strains of Acetobacter spp. were …",Unclassified,0.0
,LAAS 18th International Science Meeting: New Discoveries in Science,"Characterization of wastewater released in Beirut coastal region: Evaluation of pollutant discharges and heavy metal speciation
E Maatouk, A El Samrani, G Chebbo, G Varrault… - LAAS 18th International Science Meeting: New …, 2012
Related articles All 2 versions",2012/3/22,,,,,,,"Environmental chemistry, solid waste and water treatment, soil pollution, Solid liquid interfaces",,Antoine G. El Samrani,,,Characterization of wastewater released in Beirut coastal region: Evaluation of pollutant discharges and heavy metal speciation,,,,https://scholar.google.com/citations?view_op=view_citation&hl=en&user=xw8WYBUAAAAJ&cstart=20&pagesize=80&citation_for_view=xw8WYBUAAAAJ:YOwf2qJgpHMC,,,"E Maatouk, A El Samrani, G Chebbo, G Varrault, R Moilleron","Characterization of wastewater released in Beirut coastal region: Evaluation of pollutant discharges and heavy metal speciation - École des Ponts ParisTech Recherche Accéder directement au contenu Pied de page Logo Logo Documentation FR Français (FR) Anglais (EN) Se connecter Portail HAL ENPC Recherche Loading... Recherche avancée Information de documents Titres Titres Sous-titre Titre de l'ouvrage Titre du volume (Série) Champ de recherche par défaut (multicritères) + texte intégral des PDF Résumé Texte intégral indexé des documents PDF Mots-clés Type de document Sous-type de document Tous les identifiants du document Identifiant HAL du dépôt Langue du document (texte) Pays (Texte) Ville À paraître (true ou false) Ajouter Auteur Auteur (multicritères) Auteur (multicritères) Auteur : Nom complet Auteur : Nom de famille Auteur : Prénom Auteur : Complément de nom, deuxième prénom …",solid waste and water treatment,0.205
,18th International Science Meeting,"Jurassic amber outcrops from Lebanon
Y Nohra, D Azar, R Gèze, A El-Samrani, V Perrichot - 18th International Science Meeting, 2012
Related articles All 2 versions",2012,,,,,,52,"Environmental chemistry, solid waste and water treatment, soil pollution, Solid liquid interfaces",,Antoine G. El Samrani,,,Jurassic amber outcrops from Lebanon,,,,https://scholar.google.com/citations?view_op=view_citation&hl=en&user=xw8WYBUAAAAJ&cstart=20&pagesize=80&citation_for_view=xw8WYBUAAAAJ:Wp0gIr-vW9MC,,,"Y Nohra, Dany Azar, R Gèze, A El-Samrani, Vincent Perrichot","Jurassic amber outcrops from Lebanon - Archive ouverte HAL Recherche Accéder directement au contenu Pied de page Logo Logo Documentation FR Français (FR) Anglais (EN) Se connecter HAL science ouverte Recherche Loading... Recherche avancée Information de documents Titres Titres Sous-titre Titre de l'ouvrage Titre du volume (Série) Champ de recherche par défaut (multicritères) + texte intégral des PDF Résumé Texte intégral indexé des documents PDF Mots-clés Type de document Sous-type de document Tous les identifiants du document Identifiant HAL du dépôt Langue du document (texte) Pays (Texte) Ville À paraître (true ou false) Ajouter Auteur Auteur (multicritères) Auteur (multicritères) Auteur : Nom complet Auteur : Nom de famille Auteur : Prénom Auteur : Complément de nom, deuxième prénom Auteur : Organisme payeur Auteur : IdHal (chaîne de caractères) Auteur : Fonction Auteur : …",Unclassified,0.0
,11th European Meeting on Environmental Chemistry (EMEC),"Simultaneous determination of TCS, TCC and parabens in wastewater samples
D Geara-Matta, C Lorgeoux, V Rocher, G Chebbo… - 11th European Meeting on Environmental Chemistry …, 2010
Related articles All 2 versions",2010,,,,,,,"Environmental chemistry, solid waste and water treatment, soil pollution, Solid liquid interfaces",,Antoine G. El Samrani,,,"Simultaneous determination of TCS, TCC and parabens in wastewater samples",,,,https://scholar.google.com/citations?view_op=view_citation&hl=en&user=xw8WYBUAAAAJ&cstart=20&pagesize=80&citation_for_view=xw8WYBUAAAAJ:ULOm3_A8WrAC,,,"D Geara-Matta, C Lorgeoux, V Rocher, G Chebbo, A El Samrani, R Moilleron","Simultaneous determination of TCS, TCC and parabens in wastewater samples - École des Ponts ParisTech Accéder directement au contenu Documentation FR Français (FR) Anglais (EN) Se connecter Portail HAL ENPC Recherche Loading... Recherche avancée Information de documents Titres Titres Sous-titre Titre de l'ouvrage Titre du volume (Série) Champ de recherche par défaut (multicritères) + texte intégral des PDF Résumé Texte intégral indexé des documents PDF Mots-clés Type de document Sous-type de document Tous les identifiants du document Identifiant HAL du dépôt Langue du document (texte) Pays (Texte) Ville À paraître (true ou false) Ajouter Auteur Auteur (multicritères) Auteur (multicritères) Auteur : Nom complet Auteur : Nom de famille Auteur : Prénom Auteur : Complément de nom, deuxième prénom Auteur : Organisme payeur Auteur : IdHal (chaîne de caractères) Auteur : Fonction Auteur : …",solid waste and water treatment,0.205
,,"Tracing sources of nitrate in groundwater by using hydro-chemical and isotopic methods: Beirut region and its suburbs
V Kazpard, Z Saad, A El Samrani - Advances in Isotope Hydrology and its Role in …, 2007
Related articles All 5 versions",2007/5,21.0,https://citeseerx.ist.psu.edu/document?repid=rep1&type=pdf&doi=d59490196ccce9aa63fd7416e2711450959aab91#page=554,,,,537,"Environmental chemistry, solid waste and water treatment, soil pollution, Solid liquid interfaces",,Antoine G. El Samrani,,,Tracing sources of nitrate in groundwater by using hydro-chemical and isotopic methods: Beirut region and its suburbs,,Advances in Isotope Hydrology and its Role in Sustainable Water Resources Management (IHS—2007),,https://scholar.google.com/citations?view_op=view_citation&hl=en&user=xw8WYBUAAAAJ&cstart=20&pagesize=80&citation_for_view=xw8WYBUAAAAJ:_kc_bZDykSQC,,,"V Kazpard, Z Saad, A El Samrani","Analyses of hydrochemical and stable isotopes of 2H and 18O were conducted on groundwater samples collected in Beirut city and its suburbs and tapped in a limestone aquifer. The analyses were done to document the chemical and isotopic characters of the natural groundwater and to determine its origin. Hydrochemical data are classified on the basis of dominant anions. Mineral groundwater quality was found affected by different pollution sources in the southern suburb of Beirut. Isotopic analyses delineate two major groups of groundwater. The first group is directly inffuenced by direct recharge into the aquifer from precipitation. The second group, showing elevated mineral characteristics, is inffuenced by a secondary evaporation process reffecting an isotopic enrichment in groundwater. δ15N investigation of the isotopically enriched samples determines the origin of nitrate pollution from either infiltration of animal waste or septic systems to groundwater.",solid waste and water treatment,0.208
,,,2007,20.0,,,,,341-352,"Environmental chemistry, solid waste and water treatment, soil pollution, Solid liquid interfaces",,Antoine G. El Samrani,,,Microbiology study of Nahr Ibrahim River during dry and wet weather,,Revue Des Sciences de l’Eau,,https://scholar.google.com/citations?view_op=view_citation&hl=en&user=xw8WYBUAAAAJ&cstart=20&pagesize=80&citation_for_view=xw8WYBUAAAAJ:qUcmZB5y_30C,4,,"El Samrani A. G. Daoud C. Ouaini N Bou Saab H., Nassif N.",,Unclassified,0.0
,,"Relation between tobacco trace metals and soil type in Lebanon.
ZS Zeinab Saad, V Kazpard, A El-Samrani, K Slim… - 2006
Related articles",2006/5/24,15.0,,,,,203-211,"Environmental chemistry, solid waste and water treatment, soil pollution, Solid liquid interfaces",,Antoine G. El Samrani,,,Relation between tobacco trace metals and soil type in Lebanon.,,,,https://scholar.google.com/citations?view_op=view_citation&hl=en&user=xw8WYBUAAAAJ&cstart=20&pagesize=80&citation_for_view=xw8WYBUAAAAJ:pqnbT2bcN3wC,2,,"Zeinab Saad Zeinab Saad, V Kazpard, A El-Samrani, K Slim, P Nabhan","The aim of this study was to determine the concentrations of nutrients in soil and tobacco [Nicotiana spp.] samples from different agricultural regions. We studied the influence of soil type on tobacco quality and the transfer and accumulation of trace metals in tobacco leaves. Results showed that human activities in the Nabatiyeh region, Lebanon, had a more pronounced effect on one agricultural plot than on its neighbour. The transfer factors of elements between soil and tobacco plants showed that major constituents are leached and absorbed from the soil, whereas some trace elements are finely absorbed from the alkaline soil. Statistical analysis of the micronutrients in soil and plants confirmed the existence of two principal factors that control the distribution of elements in different compartments. Four tobacco plots in different regions were also studied as a function of their pedologic and geologic …",soil pollution,0.205
,,,2006,14.0,,,,,1-14,"Environmental chemistry, solid waste and water treatment, soil pollution, Solid liquid interfaces",,Antoine G. El Samrani,,,"Use of hydrochemistry and environmental isotopes to evaluate water quality, Litani River, Lebanon",,Journal of Environmental hydrology,,https://scholar.google.com/citations?view_op=view_citation&hl=en&user=xw8WYBUAAAAJ&cstart=20&pagesize=80&citation_for_view=xw8WYBUAAAAJ:-f6ydRqryjwC,,,"Naïm Ouaini Zeinab Saad, Véronique Kazpard, Antoine G. El Samrani, Kamal Slim",,environmental chemistry,0.429
,,,2006,7.0,,,,,103-112,"Environmental chemistry, solid waste and water treatment, soil pollution, Solid liquid interfaces",,Antoine G. El Samrani,,,Influence des ligands phosphates sur le mécanisme de déstabilisation de particules colloïdales de silice par le chlorure ferrique,,Lebanese Scientific Journal,,https://scholar.google.com/citations?view_op=view_citation&hl=en&user=xw8WYBUAAAAJ&cstart=20&pagesize=80&citation_for_view=xw8WYBUAAAAJ:hC7cP41nSMkC,1,,"Lartiges B.S El Samrani AG., Ouaini N., Kazpard V. Saad Z.",,Unclassified,0.0
,,"Advanced wastewater treatment-Incorporation of hydrophobized mineral particles in activated sludge flocs: A way to assess ballasting efficiency
G Defontaine, J Thormann, BS Lartiges, AGE Samrani… - Water Science and Technology, 2005
Related articles",2005,52.0,,,,,177-184,"Environmental chemistry, solid waste and water treatment, soil pollution, Solid liquid interfaces",,Antoine G. El Samrani,,,Advanced wastewater treatment-Incorporation of hydrophobized mineral particles in activated sludge flocs: A way to assess ballasting efficiency,,Water Science and Technology,,https://scholar.google.com/citations?view_op=view_citation&hl=en&user=xw8WYBUAAAAJ&cstart=20&pagesize=80&citation_for_view=xw8WYBUAAAAJ:isC4tDSrTZIC,10-11,"Oxford; New York: Pergamon Press, 1981-","G Defontaine, J Thormann, BS Lartiges, AG El Samrani, O Barres",,solid waste and water treatment,0.318
,,,2005,13.0,,,,,14-30,"Environmental chemistry, solid waste and water treatment, soil pollution, Solid liquid interfaces",,Antoine G. El Samrani,,,Chemical and isotopic composition of rain water in coastal and highland regions in Lebanon,,Journal of Environemental Hydrology,,https://scholar.google.com/citations?view_op=view_citation&hl=en&user=xw8WYBUAAAAJ&cstart=20&pagesize=80&citation_for_view=xw8WYBUAAAAJ:hFOr9nPyWt4C,,,"and Slim K Saad Z., Kazpard D., El Samrani A. G.",,solid waste and water treatment,0.153
,,"Turn Toxic Wastes into Fertile Constructed Technosol: Myth or Reality?
A KANSO, C Sirguey, F Watteau, G Séré, JL Morel… - Available at SSRN 4489937
Related articles",,,https://papers.ssrn.com/sol3/Delivery.cfm?abstractid=4489937,,,,,"Environmental chemistry, solid waste and water treatment, soil pollution, Solid liquid interfaces",,Antoine G. El Samrani,,,Turn Toxic Wastes into Fertile Constructed Technosol: Myth or Reality?,,Available at SSRN 4489937,,https://scholar.google.com/citations?view_op=view_citation&hl=en&user=xw8WYBUAAAAJ&cstart=20&pagesize=80&citation_for_view=xw8WYBUAAAAJ:2P1L_qKh6hAC,,,"Ali KANSO, Catherine Sirguey, Françoise Watteau, Geoffroy Séré, Jean Louis Morel, Ahmad Kobaissi, Antoine El Samrani, Guillaume Echevarria","Technosol construction is an efficient and environmentally-friendly technology for derelict land reclamation. In this work, toxic wastes are used as parent materials to create different constructed Technosols. The formulations included a bioremediated soil (biopile soil), industrial metal-rich sludges and biochar. The present work aims i) to monitor the physicochemical and mineralogical Technosols properties, ii) to determine the metals speciation, and iii) to assess Technosols fertility. Experimental plots were established by testing three formulations of Technosols: i) biopile soil, ii) biopile soil+ sludges, iii) biopile soil+ sludges+ biochar. If soil physical and chemical fertility were improved with sludge and biochar amendments, soil salinity was strongly increased and remained unsatisfactory. Technosols properties were also strongly influenced by the nature of the parent materials, in particular, the presence and the appearance of substantial amounts of new sorbing phases (iron oxides and allophane) after sludge addition. Consequently, both speciation and chemical availability of trace elements were modified in sludges amended Technosols. The resulting available trace element concentrations, although quite elevated, were assumed to be compatible with plant growth. From these results, the studied Technosols, notably constructed with toxic wastes, are assumed to be able to perform the non-food biomass production function.",soil pollution,0.203
,,"Research Article Physicochemical Characteristics of Bone Substitutes Used in Oral Surgery in Comparison to Autogenous Bone
A Berberi, A Samarani, N Nader, Z Noujeim, M Dagher…
Related articles",,,https://www.academia.edu/download/49881398/Physicochemical_Characteristics_of_Bone_20161026-13085-1kq8adg.pdf,,,,,"Environmental chemistry, solid waste and water treatment, soil pollution, Solid liquid interfaces",,Antoine G. El Samrani,,,Research Article Physicochemical Characteristics of Bone Substitutes Used in Oral Surgery in Comparison to Autogenous Bone,,,,https://scholar.google.com/citations?view_op=view_citation&hl=en&user=xw8WYBUAAAAJ&cstart=20&pagesize=80&citation_for_view=xw8WYBUAAAAJ:70eg2SAEIzsC,,,"Antoine Berberi, Antoine Samarani, Nabih Nader, Ziad Noujeim, Maroun Dagher, Wasfi Kanj, Rita Mearawi, Ziad Salemeh, Bassam Badran","Bone substitutes used in oral surgery include allografts, xenografts, and synthetic materials that are frequently used to compensate bone loss or to reinforce repaired bone, but little is currently known about their physicochemical characteristics. he aim of this study was to evaluate a number of physical and chemical properties in a variety of granulated mineral-based biomaterials used in dentistry and to compare them with those of autogenous bone. Autogenous bone and eight commercial biomaterials of human, bovine, and synthetic origins were studied by high-resolution X-ray diffraction, atomic absorption spectrometry, and laser diffraction to determine their chemical composition, calcium release concentration, crystallinity, and granulation size. he highest calcium release concentration was 2. 9 mg/g for Puros and the lowest one was 2.83 mg/g for Ingenios -TCP compared to 20.15 mg/g for natural bone. he range of particles sizes, in terms of median size D50, varied between 1.32 m for BioOss and 902. 1 m for OsteoSponge, compared to 282.1 m for natural bone. All samples displayed a similar hexagonal shape as bone, except Ingenios -TCP, Macrobone, and OsteoSponge, which showed rhomboid and triclinic shapes, respectively. Commercial bone substitutes significantly differ in terms of calcium concentration, particle size, and crystallinity, which may affect their in vivo performance.",Unclassified,0.0
,,"Co-Pyrolysis of Plastic Polymers and Biomass: Effect of Beech Wood/Plastic Ratio and Temperature on Enhanced Oil Production in a Semi-Continuous Pyrolyzer
Y Jaafar, R El Hage, A El Samrani, L Abdelouahed… - Plastic Ratio and Temperature on Enhanced Oil …
Related articles All 2 versions",,,https://papers.ssrn.com/sol3/Delivery.cfm?abstractid=4195665,,,,,"Environmental chemistry, solid waste and water treatment, soil pollution, Solid liquid interfaces",,Antoine G. El Samrani,,,Co-Pyrolysis of Plastic Polymers and Biomass: Effect of Beech Wood/Plastic Ratio and Temperature on Enhanced Oil Production in a Semi-Continuous Pyrolyzer,,Plastic Ratio and Temperature on Enhanced Oil Production in a Semi-Continuous Pyrolyzer,,https://scholar.google.com/citations?view_op=view_citation&hl=en&user=xw8WYBUAAAAJ&cstart=20&pagesize=80&citation_for_view=xw8WYBUAAAAJ:lSLTfruPkqcC,,,"Yehya Jaafar, Roland El Hage, Antoine El Samrani, Lokmane Abdelouahed, Bechara TAOUK","This study aimed to investigate the co-pyrolysis of beech wood, with polypropylene, high-and low-density polyethylene, polystyrene, and their mixture as synergic effects on liquid oil production inside a tubular semi-continuous reactor under an inert nitrogen atmosphere. The liquid oil recovered was analyzed using gas chromatography methods. Beech wood to plastic ratio and operating temperature were varied. Results showed that for beech wood polystyrene mix an increase of aromatic compounds compared to the theoretical value. The oil was mainly constituted of aromatics of about 68 wt.% for the 50-50 mixture. The liquid oil experiences a great reduction in the oxygen content from 41 wt.%(beech wood) to just 8 wt.% for the polystyrene-beech wood 50-50 mixture. The oil also exhibited a high heating value of 37 MJ/kg with high aromatic content making the oil suitable to be blended with high mass proportions in the gasoline pool. In contrast, a negative synergy was observed between beech wood and polyolefins leading to an increase in acids and carbohydrates of 7 wt.% to 10 wt.% for polyethylene and polypropylene respectively compared with the theoretical value. Regarding the temperature variation between 450-600 C, no remarkable change in oxygenated compounds was observed.",solid liquid interfaces,0.137
,,"The role of continental runoff versus upwelling in triggering the Weissert Oceanic Anoxic Event (mid-Valanginian): Micropalaeontological and isotopic data
MH Shmeit, F Giraud, E Jaillard, S Reboulet…
Related articles All 2 versions",,,http://ina.tmsoc.org/meetings/INA17Santos/abstracts/Shmeit%20et%20al%202019%20INA17%20Abstract.pdf,,,,,"Environmental chemistry, solid waste and water treatment, soil pollution, Solid liquid interfaces",,Antoine G. El Samrani,,,The role of continental runoff versus upwelling in triggering the Weissert Oceanic Anoxic Event (mid-Valanginian): Micropalaeontological and isotopic data,,,,https://scholar.google.com/citations?view_op=view_citation&hl=en&user=xw8WYBUAAAAJ&cstart=20&pagesize=80&citation_for_view=xw8WYBUAAAAJ:iH-uZ7U-co4C,,,"Majd Homaidan Shmeit, Fabienne Giraud, Etienne Jaillard, Stephane Reboulet, Jorge Spangenberg, Jean-Francois Deconinck, Moussa Masrour, Catherine Chauvel, Antoine El-Samrani","The role of continental runoff versus upwelling in triggering the Weissert Oceanic Anoxic Event (mid-Valanginian): Micropalaeont Page 1 The role of continental runoff versus upwelling in triggering the Weissert Oceanic Anoxic Event (mid-Valanginian): Micropalaeontological and isotopic data Majd Homaidan Shmeit Lebanese University, Doctoral School of Science and Technology, Beirut, Lebanon; mshmeit@outlook.com; majd.homaidan-shmeit@univgrenoble-alpes.fr Fabienne Giraud, Etienne Jaillard University of Grenoble-Alpes, ISTerre, UMR 5275, IRD, BP 53, 38041 Grenoble, France; Fabienne.Giraud-Guillot@univ-grenoble-alpes.fr, etienne.jaillard@univ-grenoble-alpes.fr Stephane Reboulet University of Lyon, UCBL, ENSL, CNRS, LGL-TPE, F-69622 Villeurbanne, France; stephane.reboulet@univ-lyon1.fr Jorge Spangenberg University of Lausanne, Institute of Earth Surface Dynamics (IDYST), CH-1015 …",Unclassified,0.0
,,"Akiyoshi, Kazunari, 3 Araújo, Ana Paula V., 9
F Aydin, S Bashir, M Bassil, RJ Behm, R Beighley…
Related articles All 2 versions",,,,,,,,"Environmental chemistry, solid waste and water treatment, soil pollution, Solid liquid interfaces",,Antoine G. El Samrani,,,"Akiyoshi, Kazunari, 3 Araújo, Ana Paula V., 9",,,,https://scholar.google.com/citations?view_op=view_citation&hl=en&user=xw8WYBUAAAAJ&cstart=20&pagesize=80&citation_for_view=xw8WYBUAAAAJ:7PzlFSSx8tAC,,,"Fikret Aydin, Sajid Bashir, Maria Bassil, RJ Behm, Ross Beighley, Satish Bhat, Sujata K Bhatia, Ryan Bloomquist, Gisele Boiteux, Josef Borovicka, Meghan E Casey, Nathan J Castro, Christopher Chen, Ashutosh Chilkoti, Ruth Choa, Ali Chokr, Wojciech Chrzanowski, David J Cooke, Fernando H Cristovan, Michael Culler, Colleen T Curley, David C da Silva, Deborah A Day, Fariba Dehghani, James Dinn, George W Dombi, Amanda Doyle, X Duan, N Gozde Durmus, Meenakshi Dutt, Antoine El Samrani, Mario El Tahchi, AK Engstfeld, JW Evans","OPL volume 1498 Author and Subject Indexes | MRS Online Proceedings Library (OPL) | Cambridge Core Our systems are now restored following recent technical disruption, and we’re working hard to catch up on publishing. We apologise for the inconvenience caused. Find out more: https://www.cambridge.org/universitypress/about-us/news-and-blogs/cambridge-university-press-publishing-update-following-technical-disruption Skip to main content Accessibility help We use cookies to distinguish you from other users and to provide you with a better experience on our websites. Close this message to accept cookies or find out how to manage your cookie settings. Close cookie message Login Alert Cancel Log in × Products and Services Register Log In (0) Cart Search Browse Services Open research Institution Login Search Home Journals MRS Online Proceedings Library (OPL) Volume 1498: Symposium L – …",Unclassified,0.0
,,"Compaction du Sol en Présence des Fertilisants Phosphatés: Effets sur la Migration des Eléments Traces Métalliques et la Croissance des Laitues
A Kanso, V Azzi, A Kobaissi, A El Samrani, V Kazpard
Related articles",,,,,,,,"Environmental chemistry, solid waste and water treatment, soil pollution, Solid liquid interfaces",,Antoine G. El Samrani,,,Compaction du Sol en Présence des Fertilisants Phosphatés: Effets sur la Migration des Eléments Traces Métalliques et la Croissance des Laitues,,,,https://scholar.google.com/citations?view_op=view_citation&hl=en&user=xw8WYBUAAAAJ&cstart=20&pagesize=80&citation_for_view=xw8WYBUAAAAJ:mVmsd5A6BfQC,,,"A Kanso, V Azzi, A Kobaissi, A El Samrani, V Kazpard","L’évolution des pratiques agricoles amène à l’augmentation du compaction et de l’utilisation des engrais. Les interactions entre la compaction, le superphosphate et le cadmium sur la croissance de laitue, la mobilité du Cd dans les colonnes du sol ont été étudiées dans ce travail. Chez les laitues, l’application de superphosphate et la compaction ont améliorées la croissance des plantes, contrairement au cadmium. Au niveau du sol, le phosphate participe à la rétention du Cd. la compaction augmente le lessivage de NO3 2-, alors qu’il réduit celle de Cl-et de SO4 2-.",Unclassified,0.0
,,"COAGULATION OF COMBINED SEWER OVERFLOW WITH FERRIC CHLORIDE AND WAC-HB: HEA VY METAL· REMO V AL AND TREATMENT OPTIMIZA TION
AG El Samrani, BS Lartiges - Ce document est le fruit d'un long travail approuvé par …
Related articles",,,http://docnum.univ-lorraine.fr/public/INPL_T_2003_ELSAMRANI_A.pdf#page=127,,,,119,"Environmental chemistry, solid waste and water treatment, soil pollution, Solid liquid interfaces",,Antoine G. El Samrani,,,COAGULATION OF COMBINED SEWER OVERFLOW WITH FERRIC CHLORIDE AND WAC-HB: HEA VY METAL· REMO V AL AND TREATMENT OPTIMIZA TION,,Ce document est le fruit d'un long travail approuvé par le jury de soutenance et mis à disposition de l'ensemble de la communauté universitaire élargie. Il est soumis à la propriété intellectuelle de l'auteur. Ceci implique une obligation de citation et de référencement lors de,,https://scholar.google.com/citations?view_op=view_citation&hl=en&user=xw8WYBUAAAAJ&cstart=20&pagesize=80&citation_for_view=xw8WYBUAAAAJ:qxL8FJ1GzNcC,,,"AG El Samrani, BS Lartiges","Two commercial coagulants, a pre-hydroly"" zed aluminum (W AC-HB) and an unhydrolyzed iron (FeCl3) solutions were used to remove suspended solids and~ eavy metals from combined sewer overflows. Aluminum always yields lower optimum coagulation concentration and higher destabilization concentrations than fenic chloride. Electrophoretic mobility of aggregates indicates the participation of charge neutralization mechanism. The most appropriate coagulant concentrations for removing heavy metals dissolved and retained in suspended solids were within a narrow interval that includes optimal coagulant concentration. A linear correlation between initial effluent conductivity and optimal coagulant concentration was found. It allowed the determination of optimal dosage to attain better physicochemical treatment results.",solid waste and water treatment,0.208
,,"AGGREGATION OF COLLOIDAL SILICA WITH FERRIC CHLORIDE IN PRESENCE OF PHOSPHATE ANIONS. I-THE NATURE OF COAGULANT SPECIES
AG El Samrani, E Montargès-Pelletier, BS Lartiges… - Ce document est le fruit d'un long travail approuvé par …
Related articles",,,http://docnum.univ-lorraine.fr/public/INPL_T_2003_ELSAMRANI_A.pdf#page=196,,,,187,"Environmental chemistry, solid waste and water treatment, soil pollution, Solid liquid interfaces",,Antoine G. El Samrani,,,AGGREGATION OF COLLOIDAL SILICA WITH FERRIC CHLORIDE IN PRESENCE OF PHOSPHATE ANIONS. I-THE NATURE OF COAGULANT SPECIES,,Ce document est le fruit d'un long travail approuvé par le jury de soutenance et mis à disposition de l'ensemble de la communauté universitaire élargie. Il est soumis à la propriété intellectuelle de l'auteur. Ceci implique une obligation de citation et de référencement lors de,,https://scholar.google.com/citations?view_op=view_citation&hl=en&user=xw8WYBUAAAAJ&cstart=20&pagesize=80&citation_for_view=xw8WYBUAAAAJ:4TOpqqG69KYC,,,"AG El Samrani, E Montargès-Pelletier, BS Lartiges, V Briois","The influence of phosphate anions on the coagulation of colloïdal silica by fenic chlmide is evaluated by studying aggregation dynamics and the formation coagulant species. Aggregation dynamics were followed with jar-tests, laser diffraction, and coagulant species were determined using ICP-AES, Transmission Electron Microscopy-Energy Dispersive X-ray spectrometry and Fe K-edge Extended X-ray Absorption Fine Strücture Spectroscopy (EXAFS). Computation of experimental data revealed that optimal iron concentration,[Fe] opt'increases linearly with phosphate addition. Turbidity removal and aggregation velocity were enhanced at an optimal phosphate concentration around 0.05 mmol! L (Fe/P between 7 and 8). For further addition of phosphate ([P]> 0.05 mmol/L), there is th us a decrease of coagulation efficiency with a subsequent turbidity rise. The analysis of coagulant species showed up inhibition of iron hydrolysis with phosphate addition and the formation of weak coagulant species with high phosphate loadings (Fe/P< 7).",environmental chemistry,0.2
,,"Trace metals in phosphate fertilizers: Investigation on their inputs in Lebanese soils
V EL KAZZI, A EL SAMRANI, B LARTIGES…
Related articles",,,,,,,,"Environmental chemistry, solid waste and water treatment, soil pollution, Solid liquid interfaces",,Antoine G. El Samrani,,,Trace metals in phosphate fertilizers: Investigation on their inputs in Lebanese soils,,,,https://scholar.google.com/citations?view_op=view_citation&hl=en&user=xw8WYBUAAAAJ&cstart=20&pagesize=80&citation_for_view=xw8WYBUAAAAJ:Zph67rFs4hoC,,,"Valérie EL KAZZI, Antoine EL SAMRANI, Bruno LARTIGES, Véronique KAZPARD, Ahmad KOBEISSI","In Lebanon, agricultural practices occur under different climatic conditions in the coastal zone as well as in the Bekaa Valley. In these regions, phosphate fertilizers are extensively used. Phosphorus can be found in the market as simple, triple, super phosphate, mono and diammonium phosphate (SSP, TSP, MAP, DAP…). A survey of phosphate fertilizers was undertaken to quantify trace metals input via fertilizers to Lebanese soils. A total of 50 chemical phosphate fertilizers were collected from Lebanese market. Crystallography, mineral phases and chemical structure investigations were determined respectively by X-ray diffraction and Fourier Transform infrared spectroscopy. In parallel, elemental compositions were realized by using X-ray fluorescence spectroscopy and atomic absorption spectroscopy. The Principal Component Analysis (PCA) of the different parameters was performed to assess which phosphate …",soil pollution,0.2
,,,,,,,,,,"Environmental chemistry, solid waste and water treatment, soil pollution, Solid liquid interfaces",,Antoine G. El Samrani,,,Valorizing Phosphogypsum as a Set Retarder in Portland Cement: Investigation on its Heavy Metals Release into Buffered Aqueous Media,,,,https://scholar.google.com/citations?view_op=view_citation&hl=en&user=xw8WYBUAAAAJ&cstart=20&pagesize=80&citation_for_view=xw8WYBUAAAAJ:kNdYIx-mwKoC,,,"Ali Kanso, Antoine G El Samrani, Emilio Nehmeh, Véronique Kazpard, Rawaa Ammar, Nafez Harb, Ahmad Kobaissi",,Unclassified,0.0
