Book,Conference,Scholar articles,Publication date,Volume,PDF Link,Patent office,Report number,Source,Pages,Research Interests,Total citations,Researcher Name,Inventors,Patent number,Title,Institution,Journal,Application number,Scholar Link,Issue,Publisher,Authors,Description,Classified_Topic,Classification_Confidence
,"The 2007 International Conference on Next Generation Mobile Applications, Services and Technologies (NGMAST 2007)","A fast and secure elliptic curve based authenticated key agreement protocol for low power mobile communications
PE Abi-Char, A Mhamed, ELH Bachar - The 2007 International Conference on Next Generation …, 2007
Cited by 102 Related articles All 4 versions",2007/9/12,,https://www.academia.edu/download/94206962/2007IEEECNFA_20Fast_20and_20Secure_20Elliptic_20Curve_20Based_20Authenticated_20Key_20Agreement_20Protocol_20For_20Low_20Power_20Mobile_.pdf,,,,235-240,"wireless communications, wireless sensor networks, computer vision",Cited by 102,Bachar ELHASSAN,,,A fast and secure elliptic curve based authenticated key agreement protocol for low power mobile communications,,,,https://scholar.google.com/citations?view_op=view_citation&hl=en&user=rCQuA78AAAAJ&citation_for_view=rCQuA78AAAAJ:9ZlFYXVOiuMC,,IEEE,"Pierre E Abi-Char, Abdallah Mhamed, EL-HASSAN Bachar","The increasing progress in wireless mobile communication has attracted an important amount of attention on the security issue. To provide secure communication for mobile devices, authenticated key agreement protocol is an important primitive for establishing session key. So far, several protocols have been proposed to provide robust mutual authentication and key establishment for wireless local area network (WLAN). In this paper we present a fast and secure authenticated key agreement (EC-SAKA) protocol based on elliptic curve cryptography. Our proposed protocol provides secure mutual authentication, key establishment and key confirmation over an untrusted network. The new protocol achieves many of the required security and performance properties. It can resist dictionary attacks mounted by either passive or active networks intruders. It can resist Man-In-The Middle attack. It also offers perfect forward …",wireless communications,0.409
,,"Unified data model for wireless sensor network
L Nachabe, M Girod-Genet, B El Hassan - IEEE Sensors Journal, 2015
Cited by 59 Related articles All 4 versions",2015/1/19,15.0,,,,,3657-3667,"wireless communications, wireless sensor networks, computer vision",Cited by 59,Bachar ELHASSAN,,,Unified data model for wireless sensor network,,IEEE Sensors Journal,,https://scholar.google.com/citations?view_op=view_citation&hl=en&user=rCQuA78AAAAJ&citation_for_view=rCQuA78AAAAJ:0EnyYjriUFMC,7.0,IEEE,"Lina Nachabe, Marc Girod-Genet, Bachar El Hassan","The constant evolution of technology in terms of inexpensive and embedded wireless interfaces and powerful chipsets has led to the massive usage and deployment of wireless sensors networks (WSNs). These networks are made of a growing number of small sensing devices and are used in multiple use cases, such as home automation (e.g., smart buildings), energy management and smart grids, crisis management and security, e-Health, entertainment, and so forth. Sensor devices, generally self-organized in clusters and domain dedicated, are provided by an increasing number of manufacturers, which leads to interoperability problems (e.g., heterogeneous interfaces and/or grounding, heterogeneous descriptions, profiles, models, and so forth). Furthermore, the data provided by these WSNs are very heterogeneous because they are coming from sensing nodes with various abilities (e.g., different sensing …",wireless sensor networks,0.413
,1994 IEEE International Symposium on Circuits and Systems (ISCAS),"The design of fast asynchronous adder structures and their implementation using DCVS logic
M Renaudin, B El Hassan - 1994 IEEE International Symposium on Circuits and …, 1994
Cited by 54 Related articles All 4 versions",1994/5/30,4.0,,,,,291-294,"wireless communications, wireless sensor networks, computer vision",Cited by 54,Bachar ELHASSAN,,,The design of fast asynchronous adder structures and their implementation using DCVS logic,,,,https://scholar.google.com/citations?view_op=view_citation&hl=en&user=rCQuA78AAAAJ&citation_for_view=rCQuA78AAAAJ:vV6vV6tmYwMC,,IEEE,"Marc Renaudin, Bachar El Hassan","New asynchronous adder structures with high performances and low cost have been designed. Previous work has only reported the design of carry-save and carry-ripple asynchronous adders. In this study, we have developed new asynchronous adders, Carry Select Adders, Carry Skip Adders, Carry Look Ahead Adders and we compare their potentialities in terms of speed and complexity. First, the functional properties of the conventional asynchronous carry ripple addition scheme are described so as to introduce the capabilities of asynchronous adders and to show how asynchronous operators can be far more efficient than synchronous ones. Then, starting from the well known architectures previously developed to accelerate the addition operation, we first describe their asynchronous equivalents and then show how they can be optimized to fully exploit the functional and electrical dependencies of the …",wireless sensor networks,0.133
,Third International Symposium on Information Assurance and Security,"A secure authenticated key agreement protocol based on elliptic curve cryptography
PE Abi-Char, A Mhamed, B El-Hassan - … Symposium on Information Assurance and Security, 2007
Cited by 32 Related articles All 3 versions",2007/8/29,,,,,,89-94,"wireless communications, wireless sensor networks, computer vision",Cited by 32,Bachar ELHASSAN,,,A secure authenticated key agreement protocol based on elliptic curve cryptography,,,,https://scholar.google.com/citations?view_op=view_citation&hl=en&user=rCQuA78AAAAJ&citation_for_view=rCQuA78AAAAJ:bEWYMUwI8FkC,,IEEE,"Pierre E Abi-Char, Abdallah Mhamed, Bachar El-Hassan","To provide secure communication for mobile devices, authenticated key agreement protocol is an important primitive for establishing session key. So far, several protocols have been proposed to provide robust mutual authentication and key establishment for wireless local area network (WLAN). In this paper we present a secure authenticated key agreement (EC-SAKA) protocol based on elliptic curve cryptography. Our proposed protocol provides secure mutual authentication, key establishment and key confirmation over an untrusted network. The new protocol achieves many of the required security and performance properties. It can resist dictionary attacks mounted by either passive or active networks intruders. It can resist man-in-the middle attack. It also offers perfect forward secrecy which protects past sessions and passwords against future compromise. In addition, it can resist known-key and resilience to …",wireless communications,0.404
,2009 IEEE/ACS International Conference on Computer Systems and Applications,"A complete and accurate analytical model for 802.11 e EDCA under saturation conditions
NC Taher, YG Doudane, B El Hassan - 2009 IEEE/ACS International Conference on Computer …, 2009
Cited by 31 Related articles",2009/5/10,,,,,,800-807,"wireless communications, wireless sensor networks, computer vision",Cited by 31,Bachar ELHASSAN,,,A complete and accurate analytical model for 802.11 e EDCA under saturation conditions,,,,https://scholar.google.com/citations?view_op=view_citation&hl=en&user=rCQuA78AAAAJ&citation_for_view=rCQuA78AAAAJ:Wp0gIr-vW9MC,,IEEE,"Nada Chendeb Taher, Yacine Ghamri Doudane, Bachar El Hassan","Extensive research addressing IEEE 802.11 Distributed Coordination Function (DCF) and 802.11e Enhanced Distributed Channel Access (EDCA) performance analysis, by means of analytical models, exists in the literature. It started mainly with the famous Bianchi's model and still continues today as several aspects have not been yet covered. Indeed, the ultimate goal is to obtain the model that provides the most accurate prediction of the performance metrics such as throughputs and delays. Unfortunately, the currently proposed models, even if there are numerous, do not reach this accuracy and are still not sufficiently complete, in the sense that they omit some important EDCA features. In this paper, we propose a complete analytical model for EDCA under saturation conditions. Based on the proposed model, saturated throughput and access delay of each EDCA Access category are given. Simulation is also …",Unclassified,0.0
,2015 International Conference on Advances in Biomedical Engineering (ICABME),"M-health application for neonatal incubator signals monitoring through a CoAP-based multi-agent system
L Nachabe, M Girod-Genet, B ElHassan, J Jammas - 2015 International Conference on Advances in …, 2015
Cited by 30 Related articles All 2 versions",2015/9/16,,https://www.researchgate.net/profile/Lina-Nachabe-2/publication/282098879_M-health_application_for_Neonatal_Incubator_signals_monitoring_through_a_CoAP-based_multi-agent_system/links/5634730708ae758841129cce/M-health-application-for-Neonatal-Incubator-signals-monitoring-through-a-CoAP-based-multi-agent-system.pdf,,,,170-173,"wireless communications, wireless sensor networks, computer vision",Cited by 30,Bachar ELHASSAN,,,M-health application for neonatal incubator signals monitoring through a CoAP-based multi-agent system,,,,https://scholar.google.com/citations?view_op=view_citation&hl=en&user=rCQuA78AAAAJ&citation_for_view=rCQuA78AAAAJ:u-x6o8ySG0sC,,IEEE,"Lina Nachabe, M Girod-Genet, B ElHassan, J Jammas","The number of premature babies is increasing in the world. With Internet connection accessibility and the development of smart phones, m-health application is playing an essential role for monitoring biomedical data. In that context, we are proposing a distributed neonatal incubator monitoring system (NIMS) dedicated for premature babies' dynamic control. Our system is made up of distributed software agents (within incubator's data hubs, medical servers and mobile terminals of medical staff and parents) based on Constraint Application Protocol (CoAP). The use of CoAP based agents, as well as URIs for data IDs, enables the integration of our proposed NIMS system and its collected data into an Internet of Things (IoT) wide scenario. The proposed system was successfully carried out and tested in a hospital North Lebanon.",Unclassified,0.0
,2018 IEEE international multidisciplinary conference on engineering technology (IMCET),"Fft radix-2 and radix-4 fpga acceleration techniques using hls and hdl for digital communication systems
G Akkad, A Mansour, B ElHassan, F Le Roy, M Najem - 2018 IEEE international multidisciplinary conference …, 2018
Cited by 26 Related articles All 4 versions",2018/11/14,,,,,,1-5,"wireless communications, wireless sensor networks, computer vision",Cited by 26,Bachar ELHASSAN,,,Fft radix-2 and radix-4 fpga acceleration techniques using hls and hdl for digital communication systems,,,,https://scholar.google.com/citations?view_op=view_citation&hl=en&user=rCQuA78AAAAJ&citation_for_view=rCQuA78AAAAJ:_xSYboBqXhAC,,IEEE,"Ghattas Akkad, Ali Mansour, Bachar ElHassan, Frederic Le Roy, Mohamad Najem","Fast Fourier Transform (FFT) is generally implemented on reconfigurable hardware in several signal processing or digital communication applications. It can be considered the most time and resource consuming operations due to the need of complex operations. The main of this manuscript is to investigate the contribution of High Level Synthesis (HLS) techniques on the implementation of real time FFT algorithms using field programmable gate arrays (FPGAs). In particular, this study focuses on communication systems incorporating filter-based-multicarrier modulations (FBMC), a promising candidate for the 5G technology. In order to evaluate the contribution of HLS, we implemented and tested various combinations such as: 8 and 16 points radix-2 and radix-4 FFT using finite precision, HLS tools and HDL while prompting parallelization, pipelining and hardware reuse architectures.",wireless communications,0.2
,2018 IEEE Middle East and North Africa Communications Conference (MENACOMM),"Study the estimated distance error in indoor localization using UHF-RFID
E Hatem, B El-Hassan, JM Laheurte, S Abou-Chakra… - 2018 IEEE Middle East and North Africa …, 2018
Cited by 25 Related articles All 3 versions",2018/4/18,,https://www.researchgate.net/profile/Elias-Hatem-2/publication/325560312_Study_the_estimated_distance_error_in_indoor_localization_using_UHF-RFID/links/5de555cc92851c83645ce4b2/Study-the-estimated-distance-error-in-indoor-localization-using-UHF-RFID.pdf,,,,1-5,"wireless communications, wireless sensor networks, computer vision",Cited by 25,Bachar ELHASSAN,,,Study the estimated distance error in indoor localization using UHF-RFID,,,,https://scholar.google.com/citations?view_op=view_citation&hl=en&user=rCQuA78AAAAJ&citation_for_view=rCQuA78AAAAJ:ldfaerwXgEUC,,IEEE,"Elias Hatem, Bachar El-Hassan, Jean-Marc Laheurte, Sara Abou-Chakra, Elizabeth Colin, Catherine Marechal","Distance estimation is the fundamental step in indoor localization. In RSS (Received Signal Strength)-based localization, the radio propagation model of a RFID (Radio Frequency IDentification) tag based on the RSSI (Received Signal Strength Indicator) measurements is used to convert the signal strength into distance. However, the propagation model for a single tag in one direction is not too accurate due to large deviations in the measured RSSI values. In this paper, an approach using a single RFID tag is presented. Performances of a single active UHF-RFID tag operating at 433 MHz are examined. Distance estimations are determined using the One-Slope Model (OSM). Improvements in distance estimations for different angles are based on an averaging algorithm which allows detecting the attenuation of the signal in a series of positions of the reader antenna. In addition, the Path Loss Exponent 'n' is also …",Unclassified,0.0
,,"Multi-user angle-domain MIMO-NOMA system for mmWave communications
I Khaled, C Langlais, A El Falou, BA Elhassan… - IEEE Access, 2021
Cited by 21 Related articles All 22 versions",2021/9/13,9.0,https://ieeexplore.ieee.org/iel7/6287639/6514899/09536704.pdf,,,,129443-129459,"wireless communications, wireless sensor networks, computer vision",Cited by 21,Bachar ELHASSAN,,,Multi-user angle-domain MIMO-NOMA system for mmWave communications,,IEEE Access,,https://scholar.google.com/citations?view_op=view_citation&hl=en&user=rCQuA78AAAAJ&citation_for_view=rCQuA78AAAAJ:tS2w5q8j5-wC,,IEEE,"Israa Khaled, Charlotte Langlais, Ammar El Falou, Bachar A Elhassan, Michel Jezequel","Thanks to the high directionality of millimeter-wave (mmWave) channels, angle-domain beamforming is an appealing technique for multi-user multiple-input multiple-output (MU-MIMO) in terms of sum-throughput performance and limited feedback. By utilizing only the angular information of users at the transmitter, we propose an angle-domain non-orthogonal multiple access (NOMA) scheme to enhance the sum-throughput of the mmWave MU-MIMO system, especially in congested cells. We first derive a set of angular-based performance metrics, such as the inter-user spatial interference, the user channel quality, and the sum-throughput, by exploiting the specific features of the mmWave propagation. Then, a multi-user clustering algorithm is developed based on the spatial interference metric, and a new user ordering strategy is proposed using the angular-based channel quality metric. Additionally, we design a …",wireless communications,0.205
,2019 27th European Signal Processing Conference (EUSIPCO),"Low complexity robust adaptive beamformer based on parallel RLMS and Kalman RLMS
G Akkad, A Mansour, BA ElHassan, J Srar, M Najem… - 2019 27th European Signal Processing Conference …, 2019
Cited by 21 Related articles All 7 versions",2019/9/2,,https://hal.science/hal-02434614/document,,,,1-5,"wireless communications, wireless sensor networks, computer vision",Cited by 21,Bachar ELHASSAN,,,Low complexity robust adaptive beamformer based on parallel RLMS and Kalman RLMS,,,,https://scholar.google.com/citations?view_op=view_citation&hl=en&user=rCQuA78AAAAJ&citation_for_view=rCQuA78AAAAJ:xtRiw3GOFMkC,,IEEE,"Ghattas Akkad, Ali Mansour, Bachar A ElHassan, Jalal Srar, Mohamad Najem, Frédéric Le Roy","To ease spectral congestion and enhance frequency reuse, researchers are targeting smart antenna systems using spatial multiplexing and adaptive signal processing techniques. Moreover, the accuracy and efficiency of such systems is highly dependent on the adaptive algorithms they employ. A popular, adaptive beamforming algorithm, widely used in smart antennas, is the Recursive Least Square (RLS) algorithm. While, the classical RLS implementation achieves high convergence, it still suffers from its inability to track the target of interest. Recently, a new adaptive algorithm called Recursive Least Square - Least Mean Square (RLMS) which employs a RLS stage followed by a Least Mean Square (LMS) algorithm stage and separated by an estimate of the array image vector, i.e. steering vector, has been proposed. RLMS outperforms previous RLS and LMS variants, with superior convergence and tracking …",Unclassified,0.0
,2013 2nd International Conference on Advances in Biomedical Engineering,"A novel identification/verification model using smartphone's sensors and user behavior
G Dandachi, B El Hassan, A El Husseini - 2013 2nd International Conference on Advances in …, 2013
Cited by 21 Related articles All 7 versions",2013/9/11,,https://hal.science/hal-00860898/file/article-ICAMB13-corrected-2.pdf,,,,235-238,"wireless communications, wireless sensor networks, computer vision",Cited by 21,Bachar ELHASSAN,,,A novel identification/verification model using smartphone's sensors and user behavior,,,,https://scholar.google.com/citations?view_op=view_citation&hl=en&user=rCQuA78AAAAJ&citation_for_view=rCQuA78AAAAJ:-f6ydRqryjwC,,IEEE,"Ghina Dandachi, Bachar El Hassan, Anas El Husseini","Smartphones are increasingly entering people's life; every person in the house carry one or two smartphones (Android, iPhone, Tab…). They use explicit authentication, which is inefficient; once the smartphone is stolen, a thief can steal personal information stored on the phone and can access all services that might have the password stored. In addition, elderly and physically impaired users need to have their medical profile secured and easily accessed without password limitation. For this reason, smartphone sensors are good candidates for providing an implicit authentication. This work introduces a new perspective of context-based user authentication: users can be authenticated implicitly using data captured by sensors of the smartphone and user behavior; these data are used in the creation of a unique profile for each user. The proposed model is supposed to be as secure as traditional authentication methods.",wireless sensor networks,0.267
,"2013 11th international symposium and workshops on modeling and optimization in mobile, Ad Hoc and wireless networks (WiOpt)","Planning of Mobile TV service in standalone and cooperative DVB-NGH and LTE networks
AA Razzac, SE Elayoubi, T Chahed, B El Hassan - 2013 11th international symposium and workshops on …, 2013
Cited by 21 Related articles All 11 versions",2013/5/13,,https://dl.ifip.org/index.html/db/conf/wiopt/wiopt2013/RazzacECH13.pdf,,,,609-614,"wireless communications, wireless sensor networks, computer vision",Cited by 21,Bachar ELHASSAN,,,Planning of Mobile TV service in standalone and cooperative DVB-NGH and LTE networks,,,,https://scholar.google.com/citations?view_op=view_citation&hl=en&user=rCQuA78AAAAJ&citation_for_view=rCQuA78AAAAJ:roLk4NBRz8UC,,IEEE,"Amal Abdel Razzac, Salah Eddine Elayoubi, Tijani Chahed, Bachar El Hassan","We study in this paper the planning of DVB-NGH and LTE, both separately and in cooperation, for the offering of mobile TV service. For the case of standalone DVB-NGH, we show the trade-off between coverage and capacity. In the case of standalone LTE, we evaluate the need for expensive infrastructure deployment. In the DVB-NGH/LTE cooperative case, we investigate two scenarios: coverage extension and service extension and show how both DVB-NGH and LTE benefit from the two cooperation schemes: DVB-NGH can extend its coverage and offered services and LTE is able to decrease its infrastructure and hence cost.",wireless sensor networks,0.14
,,"An Accurate Analytical Model for 802.11 e EDCA under Different Traffic Conditions with Contention‐Free Bursting
N Chendeb Taher, Y Ghamri-Doudane, B El Hassan… - Journal of computer Networks and Communications, 2011
Cited by 20 Related articles All 10 versions",2011,2011.0,https://onlinelibrary.wiley.com/doi/pdf/10.1155/2011/136585,,,,136585,"wireless communications, wireless sensor networks, computer vision",Cited by 20,Bachar ELHASSAN,,,An Accurate Analytical Model for 802.11 e EDCA under Different Traffic Conditions with Contention‐Free Bursting,,Journal of computer Networks and Communications,,https://scholar.google.com/citations?view_op=view_citation&hl=en&user=rCQuA78AAAAJ&citation_for_view=rCQuA78AAAAJ:k_IJM867U9cC,1.0,Hindawi Publishing Corporation,"Nada Chendeb Taher, Yacine Ghamri-Doudane, Bachar El Hassan, Nazim Agoulmine","Extensive research addressing IEEE 802.11e enhanced distributed channel access (EDCA) performance analysis, by means of analytical models, exist in the literature. Unfortunately, the currently proposed models, even though numerous, do not reach this accuracy due to the great number of simplifications that have been done. Particularly, none of these models considers the 802.11e contention free burst (CFB) mode which allows a given station to transmit a burst of frames without contention during a given transmission opportunity limit (TXOPLimit) time interval. Despite its influence on the global performance, TXOPLimit is ignored in almost all existing models. To fill in this gap, we develop in this paper a new and complete analytical model that (i) reflects the correct functioning of EDCA, (ii) includes all the 802.11e EDCA differentiation parameters, (iii) takes into account all the features of the protocol, and (iv) can …",Unclassified,0.0
,2019 IEEE 9th Annual Computing and Communication Workshop and Conference (CCWC),"WiFi dimensioning to offload LTE in 5G networks
D Saliba, R Imad, S Houcke, B El Hassan - 2019 IEEE 9th Annual Computing and Communication …, 2019
Cited by 19 Related articles All 4 versions",2019/1/7,,https://hal.science/hal-02279869v1/file/08666585.pdf,,,,0521-0526,"wireless communications, wireless sensor networks, computer vision",Cited by 19,Bachar ELHASSAN,,,WiFi dimensioning to offload LTE in 5G networks,,,,https://scholar.google.com/citations?view_op=view_citation&hl=en&user=rCQuA78AAAAJ&citation_for_view=rCQuA78AAAAJ:pqnbT2bcN3wC,,IEEE,"Danielle Saliba, Rodrigue Imad, Sebastien Houcke, Bachar El Hassan","On the road towards 5G, a proliferation of Heterogeneous Networks (HetNets) is expected. Long Term Evolution (LTE) and Wireless Fidelity (WiFi) cooperation is needed in order to ensure a balanced traffic load based on different criteria so that the end user will benefit from the maximum throughput with no disturbance or deterioration in the service quality. Thus, alternative plans for exploiting already existing under-utilized WiFi infrastructure become more attractive than expanding the LTE spectrum or increasing the capacity by deployment of additional LTE Base Stations (BSs). To find a more effective spectrum utilization method, alleviate the spectrum scarcity problem of cellular networks and ensure additional capacity, we propose in this paper a solution to calculate the minimum needed number of WiFi Access Points (APs) that will be able to handle the transferred heavy users from LTE advanced (LTE-A) to WiFi …",wireless sensor networks,0.275
,,"Towards voice/video application support in 802.11 e WLANs: A model-based admission control algorithm
NC Taher, YG Doudane, B El Hassan, N Agoulmine - Computer Communications, 2014
Cited by 18 Related articles All 4 versions",2014/2/15,39.0,,,,,41-53,"wireless communications, wireless sensor networks, computer vision",Cited by 18,Bachar ELHASSAN,,,Towards voice/video application support in 802.11 e WLANs: A model-based admission control algorithm,,Computer Communications,,https://scholar.google.com/citations?view_op=view_citation&hl=en&user=rCQuA78AAAAJ&citation_for_view=rCQuA78AAAAJ:M3NEmzRMIkIC,,Elsevier,"Nada Chendeb Taher, Yacine Ghamri Doudane, Bachar El Hassan, Nazim Agoulmine","Supporting emergent voice/video applications in all wireless technologies is a requirement in the Next Generation Network (NGN) where Wireless Local Area Networks (WLANs) is a main component. For this type of applications, QoS needs to be fully maintained in order to assure user satisfaction. Actually, QoS control in 802.11e WLANs to support real time voice/video services remains an open problem. All the solutions that only aim to enhance the performance of the Enhanced Distributed Channel Access (EDCA) mechanism cannot resolve the performance degradation problem once the channel becomes saturated. Hence, an efficient admission control scheme in EDCA is the key to guarantee the QoS required by voice/video services in WLANs. In this paper, we propose a model-based admission control algorithm that is located within the QoS Access Point (QAP). An accurate analytical model is used to predict …",wireless sensor networks,0.275
,,"Dimensioning and profit sharing in hybrid LTE/DVB systems to offer mobile TV services
AA Razzac, SE Elayoubi, T Chahed, B Elhassan - IEEE transactions on wireless communications, 2013
Cited by 18 Related articles All 6 versions",2013/11/11,12.0,,,,,6314-6327,"wireless communications, wireless sensor networks, computer vision",Cited by 18,Bachar ELHASSAN,,,Dimensioning and profit sharing in hybrid LTE/DVB systems to offer mobile TV services,,IEEE transactions on wireless communications,,https://scholar.google.com/citations?view_op=view_citation&hl=en&user=rCQuA78AAAAJ&citation_for_view=rCQuA78AAAAJ:3fE2CSJIrl8C,12.0,IEEE,"Amal Abdel Razzac, Salah Eddine Elayoubi, Tijani Chahed, Bachar Elhassan","Our aim in this work is to develop profit sharing strategies for coooperative 4G Long Term Evolution (LTE) and Digital Video Broadcasting - Next Generation Handheld (DVB-NGH) systems offering mobile TV service. We first study the capacity of the hybrid system for offering such a service and derive the associated cost for each network. We then focus on the sharing of profit between LTE and DVB operators as well as TV channels providers, taking into account the subscription revenues as well as the infrastructure and operation costs. We consider two cases: one in which both LTE and DVB networks are managed by a single operator and one in which the operators are separate. In both cases, we derive closed-form expressions for each player profit share using coalition game concept Shapley value. We further obtain the players optimal strategies, at the Nash equilibrium, where each player tries to maximize its …",wireless sensor networks,0.137
,,"Performance, accuracy and generalization capability of RFID tags’ constellation for indoor localization
E Hatem, S Abou-Chakra, E Colin, JM Laheurte… - Sensors, 2020
Cited by 17 Related articles All 12 versions",2020/7/23,20.0,https://www.mdpi.com/1424-8220/20/15/4100,,,,4100,"wireless communications, wireless sensor networks, computer vision",Cited by 17,Bachar ELHASSAN,,,"Performance, accuracy and generalization capability of RFID tags’ constellation for indoor localization",,Sensors,,https://scholar.google.com/citations?view_op=view_citation&hl=en&user=rCQuA78AAAAJ&citation_for_view=rCQuA78AAAAJ:KxtntwgDAa4C,15.0,MDPI,"Elias Hatem, Sara Abou-Chakra, Elizabeth Colin, Jean-Marc Laheurte, Bachar El-Hassan","Indoor localization has recently witnessed an increase in interest due to its wide range of potential services. Further, the location information is very important in many applications, such as the Internet of Things, logistics, library management and so on. Hence, different technologies and techniques have been proposed in the literature for indoor localization systems. Most of these systems present the disadvantages of a poor performance, low accuracy and high cost. However, thanks to its low cost, high accuracy and non-line-of-sight detection, radio frequency identification (RFID)-based localization has increasingly become the most used technology for indoor localization. In this paper, we propose an innovative approach based on the multiple input single output (MISO) protocol to improve the accuracy of a low-cost RFID localization system. Whereas most traditional systems use a single tag for localization, the proposed architecture encourages the use of a group of RFID tags named as a constellation. According to experimental results and based on the signals’ diversity, the location accuracy is improved to get an estimated position error of 81 cm at the cumulative distribution function of 90%.",Unclassified,0.0
,"2012 Sixth International Conference on Next Generation Mobile Applications, Services and Technologies","SMART service for fault diagnosis in wireless sensor networks
D Hamdan, I Parissis, A Hijazi, M Sarkis, B El Hassan - 2012 Sixth International Conference on Next …, 2012
Cited by 16 Related articles All 6 versions",2012/9/12,,,,,,211-216,"wireless communications, wireless sensor networks, computer vision",Cited by 16,Bachar ELHASSAN,,,SMART service for fault diagnosis in wireless sensor networks,,,,https://scholar.google.com/citations?view_op=view_citation&hl=en&user=rCQuA78AAAAJ&citation_for_view=rCQuA78AAAAJ:isC4tDSrTZIC,,IEEE,"Dima Hamdan, Ioannis Parissis, Abbas Hijazi, Mira Sarkis, Bachar El Hassan","In Wireless Sensor Networks (WSNs), performance and reliability depend on the fault tolerance scheme used in the system. Fault diagnosis is an important part of fault tolerance. An effective diagnosis tool helps network administrators clearly monitor, manage, and troubleshoot the performance of the network. However, the design of online fault diagnosis is crucial in WSNs since many faults can easily happen and propagate. Besides, fault diagnosis put extra burden on the sensor node and it will also consume extra resources of the sensor nodes. Thus, in order to guarantee the network quality of service, it is essential for WSNs to be able to diagnosis faults efficiently. In this paper, we propose an adaptive and efficient approach for fault diagnosis in WSN called (SMART). SMART is a layer independent fault diagnosis service for WSNs. The presented service focuses on diagnosis two types of failures that are likely to …",wireless sensor networks,0.614
,2015 Fifth International Conference on Digital Information and Communication Technology and its Applications (DICTAP),"Machine learning schemes in augmented reality for features detection
G Dandachi, A Assoum, B Elhassan, F Dornaika - 2015 Fifth International Conference on Digital …, 2015
Cited by 15 Related articles All 2 versions",2015/4/29,,https://www.researchgate.net/profile/Bachar-Elhassan/publication/282374362_Machine_learning_schemes_in_augmented_reality_for_features_detection/links/596dd479aca2728ade774907/Machine-learning-schemes-in-augmented-reality-for-features-detection.pdf,,,,101-105,"wireless communications, wireless sensor networks, computer vision",Cited by 15,Bachar ELHASSAN,,,Machine learning schemes in augmented reality for features detection,,,,https://scholar.google.com/citations?view_op=view_citation&hl=en&user=rCQuA78AAAAJ&citation_for_view=rCQuA78AAAAJ:r0BpntZqJG4C,,IEEE,"Ghina Dandachi, Ammar Assoum, Bachar Elhassan, Fadi Dornaika","Augmented Reality (AR) is a relatively old concept technology, which reached the large public very recently. We can use it to enhance our environments, by augmenting the image, the voice and delivering details and annotations about the surrounding space. Augmented reality (AR) is a growing field, with many diverse applications ranging from TV and film production, to industrial maintenance, medicine, education, entertainment and games. This paper presents an improved approach for image augmented-reality, by acting on two axes in the augmented reality process. First, a machine learning step is added to the detection part. Second, the registration of augmented image is processed by using the following techniques: statistical appearance models, and covariance matrices of dense image descriptors. A tuning of the used techniques and algorithms will be done in order to obtain a reliable and real-time image …",Unclassified,0.0
,"2013 IEEE 24th International Symposium on Personal, Indoor and Mobile Radio Communications (PIMRC Workshops)","Comparison of LTE eMBMS and DVB-NGH mobile TV solutions from an energy consumption perspective
AA Razzac, SE Elayoubi, T Chahed, B El-Hassan - 2013 IEEE 24th International Symposium on Personal …, 2013
Cited by 15 Related articles All 5 versions",2013/9/8,,,,,,16-20,"wireless communications, wireless sensor networks, computer vision",Cited by 15,Bachar ELHASSAN,,,Comparison of LTE eMBMS and DVB-NGH mobile TV solutions from an energy consumption perspective,,,,https://scholar.google.com/citations?view_op=view_citation&hl=en&user=rCQuA78AAAAJ&citation_for_view=rCQuA78AAAAJ:9yKSN-GCB0IC,,IEEE,"Amal Abdel Razzac, Salah Eddine Elayoubi, Tijani Chahed, Bachar El-Hassan","The power demand of future wireless networks is predicted to dramatically increase. This energy consumption issue, if unaddressed, will restrict the roll-out of many new services. Based on this fact, we try in this paper to study and compare the energy consumption of the most popular mobile TV delivery solutions: LTE eMBMS and DVB-NGH. We study the energy consumption in a region where Mobile TV is delivered by a standalone LTE network and a standalone DVB-NGH transmitter or by a cooperative LTE/DVB network. By cooperation we mean that the mobile TV coverage is ensured by DVB in the region surrounding a broadcasting tower and by LTE otherwise. Our work is a simulation one and can be used as an offline study that enables the operators to configure their networks towards a Green Mobile TV delivery. Results shows that the cooperation will decrease the power consumption of at least one of the …",wireless sensor networks,0.276
,,"Virtual 3D city model as a priori information source for vehicle localization system
M Dawood, C Cappelle, ME El Najjar, M Khalil… - Transportation Research Part C: Emerging …, 2016
Cited by 14 Related articles All 5 versions",2016/2/1,63.0,,,,,1-22,"wireless communications, wireless sensor networks, computer vision",Cited by 14,Bachar ELHASSAN,,,Virtual 3D city model as a priori information source for vehicle localization system,,Transportation Research Part C: Emerging Technologies,,https://scholar.google.com/citations?view_op=view_citation&hl=en&user=rCQuA78AAAAJ&cstart=20&pagesize=80&citation_for_view=rCQuA78AAAAJ:ULOm3_A8WrAC,,Pergamon,"Maya Dawood, Cindy Cappelle, Maan E El Najjar, Mohamad Khalil, Bachar El Hassan, Denis Pomorski, Jing Peng","This paper aims at demonstrating the usefulness of integrating virtual 3D models in vehicle localization systems. Usually, vehicle localization algorithms are based on multi-sensor data fusion. Global Navigation Satellite Systems GNSS, as Global Positioning System GPS, are used to provide measurements of the geographic location. Nevertheless, GNSS solutions suffer from signal attenuation and masking, multipath phenomena and lack of visibility, especially in urban areas. That leads to degradation or even a total loss of the positioning information and then unsatisfactory performances. Dead-reckoning and inertial sensors are then often added to back up GPS in case of inaccurate or unavailable measurements or if high frequency location estimation is required. However, the dead-reckoning localization may drift in the long term due to error accumulation. To back up GPS and compensate the drift of the dead …",wireless sensor networks,0.137
,WSA 2020; 24th International ITG Workshop on Smart Antennas,"Multi-user digital beamforming based on path angle information for mm-wave MIMO systems
I Khaled, A El Falou, C Langlais, B El Hassan… - WSA 2020; 24th International ITG Workshop on Smart …, 2020
Cited by 13 Related articles All 4 versions",2020/2/18,,https://hal.science/hal-02474863/document,,,,1-6,"wireless communications, wireless sensor networks, computer vision",Cited by 13,Bachar ELHASSAN,,,Multi-user digital beamforming based on path angle information for mm-wave MIMO systems,,,,https://scholar.google.com/citations?view_op=view_citation&hl=en&user=rCQuA78AAAAJ&cstart=20&pagesize=80&citation_for_view=rCQuA78AAAAJ:nb7KW1ujOQ8C,,VDE,"Israa Khaled, Ammar El Falou, Charlotte Langlais, Bachar El Hassan, Michel Jezequel","In millimeter-wave wireless communications, beamforming, also known as beamsteering is a promising technique that enables the base station, with a large number of antennas, to mitigate the tremendous path loss. This paper aims to assess the performance of two digital beamformers, namely, conjugate beamforming (CB) and digital beamsteering (DBS) in a millimeter-wave environment based on geometric aspects, such as the antenna array topology or the location of the user in the cell. The realistic channel model NYUSIM, from New York University, reproduces a mono- and multi-path urban scenario. We show that DBS, with only line-of-sight path angle information at the transmitter, outperforms CB, with full channel state information at the transmitter, in mono-path environment. However, in multipath scenario, DBS is not able to exploit the diversity of nonline-of-sight paths and CB outperforms DBS.",wireless communications,0.609
,"Inclusive Society: Health and Wellbeing in the Community, and Care at Home: 11th International Conference on Smart Homes and Health Telematics, ICOST 2013, Singapore, June 19-21, 2013. Proceedings 11","Towards a context aware modeling of trust and access control based on the user behavior and capabilities
A Mhamed, M Zerkouk, A El Husseini, B Messabih… - Inclusive Society: Health and Wellbeing in the …, 2013
Cited by 12 Related articles All 6 versions",2013,,https://hal.science/hal-00840462/document,,,,69-76,"wireless communications, wireless sensor networks, computer vision",Cited by 12,Bachar ELHASSAN,,,Towards a context aware modeling of trust and access control based on the user behavior and capabilities,,,,https://scholar.google.com/citations?view_op=view_citation&hl=en&user=rCQuA78AAAAJ&cstart=20&pagesize=80&citation_for_view=rCQuA78AAAAJ:_kc_bZDykSQC,,Springer Berlin Heidelberg,"Abdallah Mhamed, Meriem Zerkouk, Anas El Husseini, Belhadri Messabih, Bachar El Hassan","During the last decade, several context based security models has been proposed to take into account the user behavior aspect. However the studied context is mainly related to device and spatio-temporal features, which may led to a weak and inappropriate contextual modeling. By using the huge and various contextual data issued from the sensors deployed in smart environments, our objective is to provide a security framework suitable for dependant people. This paper shows our approach to model both trust and access control based on the deduced user behavior and capabilities.",wireless sensor networks,0.133
,2009 Global Information Infrastructure Symposium,"An efficient model-based admission control algorithm to support voice and video services in 802.11 e WLANs
NC Taher, Y Ghamri-Doudane, B El Hassan… - 2009 Global Information Infrastructure Symposium, 2009
Cited by 12 Related articles All 3 versions",2009/6/23,,,,,,1-8,"wireless communications, wireless sensor networks, computer vision",Cited by 12,Bachar ELHASSAN,,,An efficient model-based admission control algorithm to support voice and video services in 802.11 e WLANs,,,,https://scholar.google.com/citations?view_op=view_citation&hl=en&user=rCQuA78AAAAJ&cstart=20&pagesize=80&citation_for_view=rCQuA78AAAAJ:TFP_iSt0sucC,,IEEE,"Nada Chendeb Taher, Yacine Ghamri-Doudane, Bachar El Hassan, Nazim Agoulmine","QoS control and resource management in 802.11e WLANs to support real time and multimedia services remains an open problem. All the solutions that only aim to enhance the performance of the enhanced distributed channel access (EDCA) mechanism cannot resolve the performance degradation problem once the channel becomes saturated. Hence, an efficient admission control scheme in EDCA is a key to guarantee the QoS required by real-time and multimedia services. In this paper, we propose a model-based admission control algorithm that is located within the QoS access point (QAP). An accurate analytical model is used to predict the QoS metrics that can be achieved once a new flow is introduced in the WLAN. Based on this prediction and on the QoS constraints of already active flows as well as the new flow, the QAP takes its decision of admitting or rejecting the new flow. The proposed admission …",Unclassified,0.0
Proceedings of the 9th International Conference on Body Area Networks,,"Applying ontology to WBAN for mobile application in the context of sport exercises
L Nachabe, M Girod-Genet, B El Hassan, F Aro - Proceedings of the 9th International Conference on …, 2014
Cited by 11 Related articles All 5 versions
Applying ontology to WBAN for mobile application in the context of sport exercises
LN Ismail, M Girod-Genet, B El-Hassan, F Aro - BODYNETS 2014: 9th International Conference on …, 2014
Cited by 2 Related articles",2014/9/29,,https://dl.acm.org/doi/pdf/10.4108/icst.bodynets.2014.258224,,,,204-209,"wireless communications, wireless sensor networks, computer vision",Cited by 11,Bachar ELHASSAN,,,Applying ontology to WBAN for mobile application in the context of sport exercises,,,,https://scholar.google.com/citations?view_op=view_citation&hl=en&user=rCQuA78AAAAJ&cstart=20&pagesize=80&citation_for_view=rCQuA78AAAAJ:RHpTSmoSYBkC,,,"Lina Nachabe, Marc Girod-Genet, Bachar El Hassan, Fadi Aro","The increasing use of wireless networks and the constant miniaturization of electrical devices have empowered the development of Wireless Body Area Networks (WBANs). In these networks various sensors are attached on clothing or on the body or even implanted inside the body. The wireless nature of the network and the wide variety of sensors lead to the birth of practical and innovative applications to improve health care and the quality of life. While exercising is becoming primordial in our daily life, various mobile applications were developed for runners capturing vital signals from sensors in order to calculate the number of burned calories. However, these applications still lack of compatibility and interoperability with other systems. This paper proposes an Android mobile application for calories burned during running exercise. This mobile application is fully relying on a dedicated and simplified WSN generic …",wireless sensor networks,0.408
International Workshop on IP Operations and Management,,"Effect of transmission opportunity limit on transmission time modeling in 802.11 e
N Chendeb, Y Ghamri-Doudane, B El Hassan - International Workshop on IP Operations and …, 2007
Cited by 11 Related articles All 8 versions",2007/10/31,,,,,,156-167,"wireless communications, wireless sensor networks, computer vision",Cited by 11,Bachar ELHASSAN,,,Effect of transmission opportunity limit on transmission time modeling in 802.11 e,,,,https://scholar.google.com/citations?view_op=view_citation&hl=en&user=rCQuA78AAAAJ&cstart=20&pagesize=80&citation_for_view=rCQuA78AAAAJ:NMxIlDl6LWMC,,Springer Berlin Heidelberg,"Nada Chendeb, Yacine Ghamri-Doudane, Bachar El Hassan","Several analytical models have been developed for both 802.11 Distributed Coordinated Function (DCF) and 802.11e Enhanced Distributed Channel Access (EDCA). However, none of these models considers the 802.11e Contention Free Burst (CFB) mode which allows a given station to transmit more than one frame for each access to the channel. In order to develop a new and complete analytical model including all the differentiation parameters and able to be applied to all network conditions, we first need to know the time occupied by the transmission of a flow belonging to a given AC. The main objective of the current work is to analyze the TXOP bursting procedure and to propose a simple model allowing us to calculate the transmission time occupied by a particular AC when using the CFB mode. CFB performance analysis as well as the proposed model are discussed, demonstrated and validated by …",wireless sensor networks,0.133
,1995 IEEE International Symposium on Circuits and Systems (ISCAS),"A fine-grain asynchronous VLSI cellular array processor architecture
G Privat, F Robin, M Renaudin, B El Hassan - 1995 IEEE International Symposium on Circuits and …, 1995
Cited by 11 Related articles All 4 versions",1995/4/30,2.0,,,,,1041-1044,"wireless communications, wireless sensor networks, computer vision",Cited by 11,Bachar ELHASSAN,,,A fine-grain asynchronous VLSI cellular array processor architecture,,,,https://scholar.google.com/citations?view_op=view_citation&hl=en&user=rCQuA78AAAAJ&cstart=20&pagesize=80&citation_for_view=rCQuA78AAAAJ:RYcK_YlVTxYC,,IEEE,"Gilles Privat, Frédéric Robin, Marc Renaudin, Bachar El Hassan","The cellular iterative computation model bears upon three broad-ranging application domains: pixel-level image processing, finite-difference approximation of continuum problems (boundary value PDEs) in computational physics, and cellular automata as discrete models of complex locally-interacting systems, aimed at probing their emergent collective properties. The common underlying idea is to compute the global dynamics of a lattice-structured state-space through the iterative propagation of purely local computational dependencies between state-components. A past generation of mesh-connected SIMD array-processors, among which the MPP [Bat 80], CLIP [Pre 84] and CAM [Tof 87] machines, were canonical architectural mappings of this fruitful concept. All were fine-grain synchronous solutions. The new generation of MIMD RISC-based parallel computers that superseded them are essentially coarse-grain …",computer vision,0.2
,,"Accurate and low-complexity auto-fingerprinting for enhanced reliability of indoor localization systems
E Hatem, S Fortes, E Colin, S Abou-Chakra… - Sensors, 2021
Cited by 10 Related articles All 11 versions",2021/8/8,21.0,https://www.mdpi.com/1424-8220/21/16/5346,,,,5346,"wireless communications, wireless sensor networks, computer vision",Cited by 10,Bachar ELHASSAN,,,Accurate and low-complexity auto-fingerprinting for enhanced reliability of indoor localization systems,,Sensors,,https://scholar.google.com/citations?view_op=view_citation&hl=en&user=rCQuA78AAAAJ&cstart=20&pagesize=80&citation_for_view=rCQuA78AAAAJ:vRqMK49ujn8C,16.0,MDPI,"Elias Hatem, Sergio Fortes, Elizabeth Colin, Sara Abou-Chakra, Jean-Marc Laheurte, Bachar El-Hassan","Indoor localization is one of the most important topics in wireless navigation systems. The large number of applications that rely on indoor positioning makes advancements in this field important. Fingerprinting is a popular technique that is widely adopted and induces many important localization approaches. Recently, fingerprinting based on mobile robots has received increasing attention. This work focuses on presenting a simple, cost-effective and accurate auto-fingerprinting method for an indoor localization system based on Radio Frequency Identification (RFID) technology and using a two-wheeled robot. With this objective, an assessment of the robot’s navigation is performed in order to investigate its displacement errors and elaborate the required corrections. The latter are integrated in our proposed localization system, which is divided into two stages. From there, the auto-fingerprinting method is implemented while modeling the tag-reader link by the Dual One Slope with Second Order propagation Model (DOSSOM) for environmental calibration, within the offline stage. During the online stage, the robot’s position is estimated by applying DOSSOM followed by multilateration. Experimental localization results show that the proposed method provides a positioning error of 1.22 m at the cumulative distribution function of 90%, while operating with only four RFID active tags and an architecture with reduced complexity.",wireless sensor networks,0.27
,2018 IEEE International Conference on RFID Technology & Application (RFID-TA),"New empirical indoor path loss model using active uhf-rfid tags for localization purposes
E Hatem, E Colin, S Abou-Chakra, B El-Hassan… - 2018 IEEE International Conference on RFID …, 2018
Cited by 10 Related articles All 3 versions",2018/9/26,,https://www.researchgate.net/profile/Elizabeth-Colin-2/publication/329399821_New_Empirical_Indoor_Path_Loss_Model_using_Active_UHF-RFID_Tags_for_Localization_Purposes/links/5efc485a92851c52d60ca7db/New-Empirical-Indoor-Path-Loss-Model-using-Active-UHF-RFID-Tags-for-Localization-Purposes.pdf,,,,1-6,"wireless communications, wireless sensor networks, computer vision",Cited by 10,Bachar ELHASSAN,,,New empirical indoor path loss model using active uhf-rfid tags for localization purposes,,,,https://scholar.google.com/citations?view_op=view_citation&hl=en&user=rCQuA78AAAAJ&cstart=20&pagesize=80&citation_for_view=rCQuA78AAAAJ:HoB7MX3m0LUC,,IEEE,"Elias Hatem, Elizabeth Colin, Sara Abou-Chakra, Bachar El-Hassan, Jean-Marc Laheurte","Indoor is one of the most complicated propagation environments depending on the specific type of buildings structure. In this paper, we present a combination of 2 models using active UHF-RFID tags at 433 MHz: The Dual One Slope Model (DOSM) and the Dual One Slope with Second Order Polynomial Model (DOSSOM). Further, a comparison with different propagation models have been proposed. Our work aims to study, analyze and improve the accuracy of the two new path loss models. Distance errors are determined based on all different propagation models. According to experimental validations, the mean distance error had a value 56 cm using the DOSM, whereas, it had a value of 51 cm using the DOSSOM. In short, distance errors derived from the two new empirical path loss models (DOSM and DOSSOM) closely match real measurements. Thus, referring to the mean distance errors already reached, the …",wireless sensor networks,0.133
,,"Trust-based authentication scheme with user rating for low-resource devices in smart environments
A El Husseini, A M'hamed, B El Hassan, M Mokhtari - Personal and ubiquitous computing, 2013
Cited by 10 Related articles All 13 versions",2013/6,17.0,https://hal.science/hal-00695615v1/file/article1-3.pdf,,,,1013-1023,"wireless communications, wireless sensor networks, computer vision",Cited by 10,Bachar ELHASSAN,,,Trust-based authentication scheme with user rating for low-resource devices in smart environments,,Personal and ubiquitous computing,,https://scholar.google.com/citations?view_op=view_citation&hl=en&user=rCQuA78AAAAJ&cstart=20&pagesize=80&citation_for_view=rCQuA78AAAAJ:GnPB-g6toBAC,,Springer London,"Anas El Husseini, Abdallah M’hamed, Bachar El Hassan, Mounir Mokhtari","In smart environments, pervasive computing contributes in improving daily life activities for dependent people by providing personalized services. Nevertheless, those environments do not guarantee a satisfactory level for protecting the user privacy and ensuring the trust between communicating entities. In this study, we propose a trust evaluation model based on user past and present behavior. This model is associated with a lightweight authentication key agreement protocol (Elliptic Curve-based Simple Authentication Key Agreement). The aim is to enable the communicating entities to establish a level of trust and then succeed in a mutual authentication using a scheme suitable for low-resource devices in smart environments. An innovation in our trust model is that it uses an accurate approach to calculate trust in different situations and includes a human-based feature for trust feedback, which is user …",wireless communications,0.2
,Third International Symposium on Information Assurance and Security,"A secure authenticated key agreement protocol for wireless security
PE Abi-Char, A Mhamed, B El-Hassan - … Symposium on Information Assurance and Security, 2007
Cited by 10 Related articles All 3 versions",2007/8/29,,,,,,33-38,"wireless communications, wireless sensor networks, computer vision",Cited by 10,Bachar ELHASSAN,,,A secure authenticated key agreement protocol for wireless security,,,,https://scholar.google.com/citations?view_op=view_citation&hl=en&user=rCQuA78AAAAJ&cstart=20&pagesize=80&citation_for_view=rCQuA78AAAAJ:UeHWp8X0CEIC,,IEEE,"Pierre E Abi-Char, Abdallah Mhamed, Bachar El-Hassan","Several protocols have been proposed to provide robust mutual authentication and key establishment for wireless local area network (WLAN). In this paper we present a new secure authenticated key agreement (SAKA) protocol that provides secure mutual authentication, key establishment and key confirmation over an untrusted network. The new protocol achieves many of the required security and performance properties. It can resist dictionary attacks mounted by either passive or active networks intruders. It can resist Man-In-The Middle attack, and Impersonate attack. It also offers perfect forward secrecy which protects past sessions and passwords against future compromise. In addition, it can resist known-key and resilience to server attack. Our proposed protocol combines techniques of challenge- response protocols with symmetric key agreement protocols and offers significantly improved performance in …",wireless sensor networks,0.276
,,"Angle-domain hybrid beamforming-based mmwave massive MIMO-NOMA systems
I Khaled, A El Falou, C Langlais, M Jezequel… - IEEE Open Journal of the Communications Society, 2023
Cited by 9 Related articles All 17 versions",2023/3/8,4.0,https://ieeexplore.ieee.org/iel7/8782661/8901158/10064118.pdf,,,,684-699,"wireless communications, wireless sensor networks, computer vision",Cited by 9,Bachar ELHASSAN,,,Angle-domain hybrid beamforming-based mmwave massive MIMO-NOMA systems,,IEEE Open Journal of the Communications Society,,https://scholar.google.com/citations?view_op=view_citation&hl=en&user=rCQuA78AAAAJ&cstart=20&pagesize=80&citation_for_view=rCQuA78AAAAJ:BrmTIyaxlBUC,,IEEE,"Israa Khaled, Ammar El Falou, Charlotte Langlais, Michel Jezequel, Bachar Elhassan","The millimeter-wave (mmWave) large-scale antenna arrays (LSAAs) systems play a vital role in increasing the beamforming (BF) gain and acquiring highly directional propagation. Recently, non-orthogonal multiple access (NOMA) has been integrated into these systems to manage massive connectivity and achieve spectral-efficient communications. This paper focuses on angle-domain (AD) hybrid beamforming (BF) for mmWave LSAAs and NOMA systems, thanks to the low complexity, power consumption, and channel estimation overhead. However, with limited radio-frequency chains, the hybrid BF-based single-beam (SB)-NOMA scheme generating a single beam to serve the NOMA users fails to exploit the multi-user diversity due to narrow beams with LSAAs. To tackle this limitation, we design schemes offering additional degrees of freedom. More importantly, they require only the knowledge of angular …",wireless communications,0.204
"International Conference on Applications in Electronics Pervading Industry, Environment and Society",,"Twiddle factor generation using chebyshev polynomials and hdl for frequency domain beamforming
G Akkad, A Mansour, B ElHassan, F Le Roy, M Najem - International Conference on Applications in Electronics …, 2018
Cited by 9 Related articles All 7 versions",2018/9/26,,https://www.researchgate.net/profile/Ghattas-Akkad/publication/333006920_Twiddle_Factor_Generation_Using_Chebyshev_Polynomials_and_HDL_for_Frequency_Domain_Beamforming/links/5f21b3b5458515b729f2cd5d/Twiddle-Factor-Generation-Using-Chebyshev-Polynomials-and-HDL-for-Frequency-Domain-Beamforming.pdf,,,,153-165,"wireless communications, wireless sensor networks, computer vision",Cited by 9,Bachar ELHASSAN,,,Twiddle factor generation using chebyshev polynomials and hdl for frequency domain beamforming,,,,https://scholar.google.com/citations?view_op=view_citation&hl=en&user=rCQuA78AAAAJ&cstart=20&pagesize=80&citation_for_view=rCQuA78AAAAJ:EUQCXRtRnyEC,,Springer International Publishing,"Ghattas Akkad, Ali Mansour, Bachar ElHassan, Frederic Le Roy, Mohamad Najem","Twiddle factor generation is considered a computationally intensive task in generic length, high resolution, FFT operations. In order to accelerate twiddle factor generation, we propose a reconfigurable hardware architecture based on Chebyshev polynomial expansion for computing the cosine and sine trigonometric functions under finite precision arithmetic. We show that our approach presents a flexible 3 decimal digits precision output for variable length FFT operations, since the same design space can be used for any power of 2 FFT length. In particular, this study focuses on communication systems incorporating frequency domain beamforming algorithms for single and multi-beams. The proposed architecture is competitive with classical designs i.e. Coordinate Rotation Digital Computer, CORDIC and Taylor Series by providing low latency, high precision twiddle factors for variable length FFT.",computer vision,0.204
,,"Semantic techniques for IoT data and service management: ONTOSMART system
L Nachabe, M Girod-Genet, B ElHassan - International Journal of Wireless & Mobile Networks …, 2016
Cited by 9 Related articles All 5 versions",2016/7/13,8.0,https://papers.ssrn.com/sol3/Delivery.cfm?abstractid=3885439,,,,,"wireless communications, wireless sensor networks, computer vision",Cited by 9,Bachar ELHASSAN,,,Semantic techniques for IoT data and service management: ONTOSMART system,,International Journal of Wireless & Mobile Networks (IJWMN) Vol,,https://scholar.google.com/citations?view_op=view_citation&hl=en&user=rCQuA78AAAAJ&cstart=20&pagesize=80&citation_for_view=rCQuA78AAAAJ:ZeXyd9-uunAC,,,"Lina Nachabe, Marc Girod-Genet, Bachar ElHassan","In 2020 more than50 billions devices will be connected over the Internet. Every device will be connected to anything, anyone, anytime and anywhere in the world of Internet of Thing or IoT. This network will generate tremendous unstructured or semi structured data that should be shared between different devices/machines for advanced and automated service delivery in the benefits of the user’s daily life. Thus, mechanisms for data interoperability and automatic service discovery and delivery should be offered. Although many approaches have been suggested in the state of art, none of these researches provide a fully interoperable, light, flexible and modular Sensing/Actuating as service architecture. Therefore, this paper introduces a new Semantic Multi Agent architecture named OntoSmart for IoT data and service management through service oriented paradigm. It proposes sensors/actuators and scenarios independent flexible context aware and distributed architecture for IoT systems, in particular smart home systems.",wireless sensor networks,0.267
,2012 2nd International Conference on Advances in Computational Tools for Engineering Applications (ACTEA),"Online data fault detection in wireless sensor networks
M Sarkis, D Hamdan, B El Hassan, OE Aktouf… - 2012 2nd International Conference on Advances in …, 2012
Cited by 9 Related articles All 5 versions",2012/12/12,,https://www.researchgate.net/profile/Oum-El-Kheir-Aktouf/publication/261019300_Online_data_fault_detection_in_wireless_sensor_networks/links/624e0330ef013420665c84ee/Online-data-fault-detection-in-wireless-sensor-networks.pdf,,,,61-65,"wireless communications, wireless sensor networks, computer vision",Cited by 9,Bachar ELHASSAN,,,Online data fault detection in wireless sensor networks,,,,https://scholar.google.com/citations?view_op=view_citation&hl=en&user=rCQuA78AAAAJ&cstart=20&pagesize=80&citation_for_view=rCQuA78AAAAJ:BqipwSGYUEgC,,IEEE,"Mira Sarkis, Dima Hamdan, Bachar El Hassan, Oum El-kheir Aktouf, Ioannis Parississ","The critical applications of wireless sensor networks, the increased data faults and their impact on decision making reveal the importance of adopting online techniques for data fault detection and diagnosis. Keeping in mind the hardware limitations of sensors, this work focuses on complementary signal processing techniques (temporal, spatial correlation and self organizing map) in order to cover several types of data faults, reduce the misdetection rate and also isolate faults when possible by specifying the defaulting sensors. The methods applied to a real database show that 31.6% of data are faulty by applying SOM3D in conjunction with the spatial correlation. The combination of the above technique in addition to the temporal correlation reduces the misdetection by increasing the detection percentage by 17.6%. SOM3D model also helped identifying the least trustful sensors among the network sensors, this can …",wireless sensor networks,0.613
,"2008 4th International Conference on Wireless Communications, Networking and Mobile Computing","Mobile wireless sensor networks using MDSAP, Model for a Hospital Application
S El-Haddad, MG Genet, B El-Hassan - 2008 4th International Conference on Wireless …, 2008
Cited by 9 Related articles All 4 versions",2008/10/12,,,,,,1-6,"wireless communications, wireless sensor networks, computer vision",Cited by 9,Bachar ELHASSAN,,,"Mobile wireless sensor networks using MDSAP, Model for a Hospital Application",,,,https://scholar.google.com/citations?view_op=view_citation&hl=en&user=rCQuA78AAAAJ&cstart=20&pagesize=80&citation_for_view=rCQuA78AAAAJ:IjCSPb-OGe4C,,IEEE,"Samir El-Haddad, Marc Girod Genet, Bachar El-Hassan","This paper covers sensor networks, their different applications and problems encountered and in particular the routing problem which constitutes a major constraint in sensor networks today. The modified directional source aware routing protocol (DSAP) is presented. The goals intended were to build on the work already started on the modified DSAP algorithm for routing in a WSN network, try to find the right structure for each component in the model based on its properties, then combining all of the elements in one complete structure that serves fixed and mobile users. The ideas were inspired by the GSM and TCP/IP technologies, and tend to apply some of their concepts in the model of the hospital.",wireless sensor networks,0.615
,ESSCIRC'95: Twenty-first European Solid-State Circuits Conference,"New self-timed rings and their application to division and square root extraction
B El Hassan, A Guyot, M Renaudin, V Levering - ESSCIRC'95: Twenty-first European Solid-State …, 1995
Cited by 9 Related articles All 7 versions",1995/9/19,,https://www.researchgate.net/profile/Bachar-Elhassan/publication/2687870_New_self-timed_Rings_and_their_Application_to_Division_and_Square_Root_Extraction/links/0f31752e7a5940c7cb000000/New-self-timed-Rings-and-their-Application-to-Division-and-Square-Root-Extraction.pdf,,,,226-229,"wireless communications, wireless sensor networks, computer vision",Cited by 9,Bachar ELHASSAN,,,New self-timed rings and their application to division and square root extraction,,,,https://scholar.google.com/citations?view_op=view_citation&hl=en&user=rCQuA78AAAAJ&cstart=20&pagesize=80&citation_for_view=rCQuA78AAAAJ:4DMP91E08xMC,,IEEE,"B El Hassan, A Guyot, Marc Renaudin, V Levering","This paper compares two realisations of a self-timed ring arithmetic operator for division and square-root extraction. The operator receives its inputs and delivers its outputs in conventional binary notations. The first circuit design uses Differential Cascode Voltage Switch Logic. The second adds True Single Phase Clock latches in the ring. It is shown that this addition both reduces the minimum number of stages demanded by self-timed rings and decreases the ""cycle time"", which has an influence on the optimal number of stages and on the speed of the ring. The two chips have been generated at the CNET-CNS using a proprietary self-timed standard cell library in three-metal 0.5μm CMOS technology.",computer vision,0.2
,,"A minimum power, 100 MHz, 12x18+ 30-b Multiplier-Accumulator operating in asynchronous and synchronous mode
M Renaudin, B El Hassan - Proceedings of the European Solid-State CIRcuits …, 1994
Cited by 9 Related articles",1994/9,,,,,,,"wireless communications, wireless sensor networks, computer vision",Cited by 9,Bachar ELHASSAN,,,"A minimum power, 100 MHz, 12x18+ 30-b Multiplier-Accumulator operating in asynchronous and synchronous mode",,"Proceedings of the European Solid-State CIRcuits Conference, Ulm, Germany",,https://scholar.google.com/citations?view_op=view_citation&hl=en&user=rCQuA78AAAAJ&cstart=20&pagesize=80&citation_for_view=rCQuA78AAAAJ:zYLM7Y9cAGgC,,,"M Renaudin, B El Hassan",,Unclassified,0.0
,2020 28th European Signal Processing Conference (EUSIPCO),"A multi-stage parallel LMS structure and its stability analysis using transfer function approximation
G Akkad, A Mansour, B Elhassan, E Inaty - 2020 28th European Signal Processing Conference …, 2021
Cited by 8 Related articles All 8 versions",2021/1/18,,https://www.eurasip.org/Proceedings/Eusipco/Eusipco2020/pdfs/0001851.pdf,,,,1851-1855,"wireless communications, wireless sensor networks, computer vision",Cited by 8,Bachar ELHASSAN,,,A multi-stage parallel LMS structure and its stability analysis using transfer function approximation,,,,https://scholar.google.com/citations?view_op=view_citation&hl=en&user=rCQuA78AAAAJ&cstart=20&pagesize=80&citation_for_view=rCQuA78AAAAJ:UxriW0iASnsC,,IEEE,"Ghattas Akkad, Ali Mansour, Bachar Elhassan, Elie Inaty","Generally, the least mean square (LMS) adaptive algorithm is widely used in antenna array beamforming given its target tracking capability and its low computational requirements. However, the classical LMS implementation still suffers from a trade-off between convergence speed and residual error floor. Numerous variants to the classical LMS have been suggested as a solution for the previous problem at the cost of a considerable increase in the computational complexity and degraded performance in low signal to noise ratio (SNR). Thus, in this paper, we propose a multi-stage parallel LMS structure with an error feedback for accelerating the LMS convergence while maintaining a minimal steady state error and a computational complexity of order O(N), where N represents the number of antenna elements. In parallel LMS (pLMS), the second LMS stage (LMS2) error is delayed by one sample and fed-back to …",computer vision,0.2
,"2018 Sixth International Conference on Digital Information, Networking, and Wireless Communications (DINWC)","Dependability overview for autonomous vehicles and reliability analysis for basic safety messages
A Dabboussi, R Kouta, J Gaber, M Wack, B El Hassan… - 2018 Sixth International Conference on Digital …, 2018
Cited by 8 Related articles All 2 versions",2018/4/25,,https://www.researchgate.net/profile/Abdallah-Dabboussi/publication/325079822_Dependability_overview_for_autonomous_vehicles_and_reliability_analysis_for_basic_safety_messages/links/5cdbf806299bf14d9598a7b7/Dependability-overview-for-autonomous-vehicles-and-reliability-analysis-for-basic-safety-messages.pdf,,,,86-91,"wireless communications, wireless sensor networks, computer vision",Cited by 8,Bachar ELHASSAN,,,Dependability overview for autonomous vehicles and reliability analysis for basic safety messages,,,,https://scholar.google.com/citations?view_op=view_citation&hl=en&user=rCQuA78AAAAJ&cstart=20&pagesize=80&citation_for_view=rCQuA78AAAAJ:70eg2SAEIzsC,,IEEE,"Abdallah Dabboussi, Raed Kouta, Jaafar Gaber, Maxime Wack, Bachar El Hassan, Lina Nachabeh","Autonomous Vehicles (AV) communications promise to increase roadway safety by providing each vehicle with 360-degree situational awareness of other vehicles in proximity, and by complementing On Board Unit (OBU) and sensors such as radar or camera in detecting imminent crash scenarios. These vehicles provide communication services among one another (V2V) or with Road Side Infrastructure (V2I). Vehicular Ad Hoc Networks (VANETs) employ multichannel to provide a variety of safety and non-safety applications. Safety applications necessitate appropriate and reliable transmissions, while non-safety applications require performance and high speed. Broadcasting of Basic Safety Messages (BSM) is one of the fundamental services in today's autonomous vehicles. With the excitement related to the revolution in technology comes the challenge to make these systems dependable to ensure the safety of …",wireless sensor networks,0.271
,,"An enhanced authenticated key agreement protocol with a neural network-based model for joining-phase in mobile environments
PE Abi-Char, B El-Hassan, A Mhamed - International Journal of Engineering and Industries, 2011
Cited by 8 Related articles All 2 versions",2011,2.0,https://www.researchgate.net/profile/Bachar-Elhassan/publication/228732551_An_Enhanced_Authenticated_Key_Agreement_Protocol_with_a_Neural_Network-based_Model_for_Joining-Phase_in_Mobile_Environments/links/0f31752e7a592e325e000000/An-Enhanced-Authenticated-Key-Agreement-Protocol-with-a-Neural-Network-based-Model-for-Joining-Phase-in-Mobile-Environments.pdf,,,,,"wireless communications, wireless sensor networks, computer vision",Cited by 8,Bachar ELHASSAN,,,An enhanced authenticated key agreement protocol with a neural network-based model for joining-phase in mobile environments,,International Journal of Engineering and Industries,,https://scholar.google.com/citations?view_op=view_citation&hl=en&user=rCQuA78AAAAJ&cstart=20&pagesize=80&citation_for_view=rCQuA78AAAAJ:MXK_kJrjxJIC,2.0,,"Pierre E Abi-Char, Bachar El-Hassan, Abdallah Mhamed","Providing secure communication for mobile environment is very important. In such environments, it is envisaged that users (through one of their mobile devices and via some network access technologies) should be able to seamlessly discover, select, and access a rich offering of services from a range of service providers. Password-based and ID-based authentication schemes are widely used but they still have potential threats that the passwords and verification table may be read, or altered by intruder. Moreover, the user’s privacy is not achieved especially if a principal’s privacy is to be protected. On the other side, Neural Network has been attracting more and more researchers since the past decades. The properties such as parameter sensitivity, random similarity, learning ability, etc., make it very suitable for information protection and privacy preserving. In this paper we present a Neural based secure joining phase with a biometric based Authenticated Key Agreement (NB-EC-SAKA). Our proposed protocol provides privacy, biometric-based secure mutual authentication, key establishment and key confirmation over an untrusted network. Our protocol is a based on EC-SAKA protocol [16], on Elliptic Curve Cryptography, and on EC-digital signature. The new proposal relies on [16] to achieve many of the required security and performance properties including dictionary attacks, Man-In-The middle attack, perfect forward secrecy which protects past sessions and passwords against future compromise, etc. This paper presents a review on the biometric authentication and neural networks techniques and presents a new scheme where user’s …",wireless communications,0.2
International Conference on Smart Homes and Health Telematics,,"A flexible privacy and trust based context-aware secure framework
PE Abi-Char, A Mhamed, B El-Hassan, M Mokhtari - International Conference on Smart Homes and Health …, 2010
Cited by 8 Related articles All 7 versions",2010/6/22,,,,,,17-23,"wireless communications, wireless sensor networks, computer vision",Cited by 8,Bachar ELHASSAN,,,A flexible privacy and trust based context-aware secure framework,,,,https://scholar.google.com/citations?view_op=view_citation&hl=en&user=rCQuA78AAAAJ&cstart=20&pagesize=80&citation_for_view=rCQuA78AAAAJ:KlAtU1dfN6UC,,Springer Berlin Heidelberg,"Pierre E Abi-Char, Abdallah Mhamed, Bachar El-Hassan, Mounir Mokhtari","Ubiquitous and pervasive technologies contribute significantly to the quality of life of dependent people by providing personalized services in context aware environments. The deployment of these services within indoor and outdoor environments still require security, privacy and trust issues for dependent persons. Considering the strong links between these three issues, our challenging task was to integrate them in a common and flexible framework using contextual information. In this paper, we propose a security framework that integrates context awareness to perform authentication and access control in a very flexible and scalable model while ensuring both privacy and trust. The framework focuses on the authentication of users who request access to the resources of smart environment system through static devices (i.e. smart card, RFID, etc.), or dynamic devices (i.e. PDA, mobile phones, etc.).",Unclassified,0.0
,,"A dynamic trust-based context-aware authentication framework with privacy preserving
P Abi-Char, M Mokhtari, A Mhamed, B El-Hassan - Int J Comput Sci Netw Secur, 2010
Cited by 8 Related articles All 2 versions",2010,2.0,https://www.researchgate.net/profile/Abdallah-Mhamed/publication/49584462_A_Dynamic_Trust-Based_Context-Aware_Authentication_Framework_with_Privacy_Preserving/links/5444eeef0cf2a76a3ccdc41c/A-Dynamic-Trust-Based-Context-Aware-Authentication-Framework-with-Privacy-Preserving.pdf,,,,,"wireless communications, wireless sensor networks, computer vision",Cited by 8,Bachar ELHASSAN,,,A dynamic trust-based context-aware authentication framework with privacy preserving,,Int J Comput Sci Netw Secur,,https://scholar.google.com/citations?view_op=view_citation&hl=en&user=rCQuA78AAAAJ&cstart=20&pagesize=80&citation_for_view=rCQuA78AAAAJ:blknAaTinKkC,2.0,,"P Abi-Char, M Mokhtari, A Mhamed, B El-Hassan","As ubiquitous technologies ingrain themselves further into our lives, rapid progress has been made in contextaware computing. Context-aware environments are set to become a reality. However, major challenges remain to be addressed including privacy, authentication, access control, and trust. These security challenges have to be non-intrusive, intelligent, and able to adapt to the rapidly changing contexts of users. Context-aware environments are expected to make these challenges more accurate and to consider them in place from the start, so that a mutual trust relationship can be formed between entities. It is therefore, a key challenge in a ubiquitous network society to design an effective privacy preserving authentication and access control framework that adequately meet security requirements posed by the context-aware service paradigm in pervasive computing environment. In this paper, we propose a security framework that integrates context-awareness to perform authentication and access control approach in a very exible and scalable model that is both context-aware and privacy preserving. Moreover, we show how our framework can be integrated with trust management. In this paper, we focus on introducing an anonymous authentication and access control scheme to secure interactions between users and services in ubiquitous environments. The architecture focuses on the authentication of users who request access to the resources of smart environment system through static devices (ie smart card, RFID, etc.), or dynamic devices (ie PDA, mobile phones, etc.).",computer vision,0.2
,2020 IEEE 5th Middle East and Africa Conference on Biomedical Engineering (MECBME),"Diabetes Mobile Application as a Part of Semantic Multi-Agent System for E-Health
L Nachabe, R Raiyee, O Falou, M Girod-Genet… - 2020 IEEE 5th Middle East and Africa Conference on …, 2020
Cited by 7 Related articles",2020/10/27,,,,,,1-5,"wireless communications, wireless sensor networks, computer vision",Cited by 7,Bachar ELHASSAN,,,Diabetes Mobile Application as a Part of Semantic Multi-Agent System for E-Health,,,,https://scholar.google.com/citations?view_op=view_citation&hl=en&user=rCQuA78AAAAJ&cstart=20&pagesize=80&citation_for_view=rCQuA78AAAAJ:uWQEDVKXjbEC,,IEEE,"Lina Nachabe, Roula Raiyee, Omar Falou, Marc Girod-Genet, Bachar ElHassan","With time, diabetes is topping the list of the most serious chronic diseases in the world. People with diabetes have an increased risk of developing many serious health issues such as cardiovascular diseases, blindness, kidney failure, and lower limb amputation. Self-monitoring, in addition to fast and remote assistance may significantly reduce this risk. People with diabetes can regularly monitor their blood glucose levels, blood pressure, cholesterol, diet, daily activities, medicine intake, and others, thanks to the evolution of sensors technology and built-in smartphone features such as barcode scanners, reminders, etc. Although many diabetes mobile applications are available in the market nowadays, they lack interoperability with other sensors/actuators technology, scalability and efficient intelligence. In this work, we propose a diabetes mobile application as part of a semantic multi-agent system for e-health. This …",wireless sensor networks,0.267
,2018 IEEE Middle East and North Africa Communications Conference (MENACOMM),"Fault tree analysis for the intelligent vehicular networks
A Dabboussi, R Kouta, J Gaber, M Wack, B El Hassan… - 2018 IEEE Middle East and North Africa …, 2018
Cited by 7 Related articles All 2 versions",2018/4/18,,,,,,1-6,"wireless communications, wireless sensor networks, computer vision",Cited by 7,Bachar ELHASSAN,,,Fault tree analysis for the intelligent vehicular networks,,,,https://scholar.google.com/citations?view_op=view_citation&hl=en&user=rCQuA78AAAAJ&cstart=20&pagesize=80&citation_for_view=rCQuA78AAAAJ:2P1L_qKh6hAC,,IEEE,"Abdallah Dabboussi, Raed Kouta, Jaafar Gaber, Maxime Wack, Bachar El Hassan, Lina Nachabeh","Intelligent Vehicular Networks (IVN) or vehicular ad hoc networks (VANET), a subset of Mobile Ad hoc Networks (MANETs), is a wireless communication technology applied to transportation, referring to a set of smart vehicles used on the road. These vehicles provide communication services among one another (V2V) or with Road Side Infrastructure (V2I). The main benefits of VANET are enhancing road safety, reducing energy use and emissions, and giving information services. Reliability is one of the most critical issues related to VANET since the information transmitted is distributed in an open access environment. We focused in this paper on the reliability of VANET as a function of reliable hardware and their functionality while taking into consideration the needed security equipment. Reliability block diagrams (RBD) and fault tree (FT) were used to analyze the reliability of the vehicles and the road side …",wireless communications,0.404
,CoNeCo 2016: 8th International Conference on Computer Networks & Communications,"Ontology based Tele-health Smart Home Care System: ontosmart to monitor elderly*
L Nachabe, M Girod-Genet, B ElHassan, J Khawaja - Computer Science & Information Technology (CS & IT), 2016
Cited by 7 Related articles All 5 versions",2016/6/25,,,,,,43-59,"wireless communications, wireless sensor networks, computer vision",Cited by 7,Bachar ELHASSAN,,,Ontology based Tele-health Smart Home Care System: ontosmart to monitor elderly,,,,https://scholar.google.com/citations?view_op=view_citation&hl=en&user=rCQuA78AAAAJ&cstart=20&pagesize=80&citation_for_view=rCQuA78AAAAJ:ns9cj8rnVeAC,,AIRCC Publishing Corporation,"Lina Nachabe Ismail, Marc Girod-Genet, Bachar El Hassan, Johnny Khawaja",,Unclassified,0.0
,,"Semantic smart home system: Ontosmart to monitor and assist habitant
L Nachabe, B Elhassan, J Khawaja, H Salloum - Int. J. Comput. Commun, 2016
Cited by 7 Related articles All 2 versions",2016,10.0,https://www.researchgate.net/profile/Lina-Nachabe-2/publication/303697774_Semantic_Smart_Home_System_OntoSmart_to_monitor_and_Assist_habitant/links/5757f79c08ae5c654907317e/Semantic-Smart-Home-System-OntoSmart-to-monitor-and-Assist-habitant.pdf,,,,78-86,"wireless communications, wireless sensor networks, computer vision",Cited by 7,Bachar ELHASSAN,,,Semantic smart home system: Ontosmart to monitor and assist habitant,,Int. J. Comput. Commun,,https://scholar.google.com/citations?view_op=view_citation&hl=en&user=rCQuA78AAAAJ&cstart=20&pagesize=80&citation_for_view=rCQuA78AAAAJ:JV2RwH3_ST0C,,,"L Nachabe, B Elhassan, J Khawaja, H Salloum","The increasing number of older persons living independently, in parallel with the considerable number of individuals with chronic diseases or disabilities, in addition to the evolution in sensors/actuators technologies, wireless communication and cloud storage have empowered the idea of new smart home systems (SHS). These systems help to keep individuals safe, to assist them in controlling home appliances, and to inform their relatives and the medical staff about their status. Although various types of SHS already exist, they are environment dependent and scenario specific. Therefore, the aim of this paper is to propose sensors/actuators and scenarios independent flexible context aware and distributed SHSs based on standardized WSN and service ontologies as well as multi-agent architecture.",wireless communications,0.404
,"2013 1st International Conference on Artificial Intelligence, Modelling and Simulation","A new technique to multiplex stereo images: LSB watermarking and Hamming code
B El Kerek, H El Baba, M El Hassan, B El Hassan - 2013 1st International Conference on Artificial …, 2013
Cited by 7 Related articles All 5 versions",2013/12/3,,https://ijssst.info/Vol-15/No-2/data/3251a232.pdf,,,,267-271,"wireless communications, wireless sensor networks, computer vision",Cited by 7,Bachar ELHASSAN,,,A new technique to multiplex stereo images: LSB watermarking and Hamming code,,,,https://scholar.google.com/citations?view_op=view_citation&hl=en&user=rCQuA78AAAAJ&cstart=20&pagesize=80&citation_for_view=rCQuA78AAAAJ:kNdYIx-mwKoC,,IEEE,"Bilal El Kerek, Hani El Baba, Moustapha El Hassan, Bachar El Hassan","The vision is seeing an image using two different perspectives using human eyes. Any image has a size in the memory of the system, this image could be compressed or decompressed through several methods. In this paper, the disparity using block matching is used as a method of stereo image compression. It gives a high compression rate. On the other hand, more compression can be done by watermarking. Since block matching produced very small information, a simple method such as the Least Significant Bit is used along with two levels of Hamming code in order to increase the robustness. The compression and the watermarking results are demonstrated, and the system is analyzed.",computer vision,0.205
,2013 IEEE International Conference on Communications (ICC),"Impact of LTE and DVB-NGH cooperation on QoS of Mobile TV users
AA Razzac, SE Elayoubi, T Chahed, B El-Hassan - 2013 IEEE International Conference on …, 2013
Cited by 7 Related articles",2013/6/9,,,,,,3672-3677,"wireless communications, wireless sensor networks, computer vision",Cited by 7,Bachar ELHASSAN,,,Impact of LTE and DVB-NGH cooperation on QoS of Mobile TV users,,,,https://scholar.google.com/citations?view_op=view_citation&hl=en&user=rCQuA78AAAAJ&cstart=20&pagesize=80&citation_for_view=rCQuA78AAAAJ:ufrVoPGSRksC,,IEEE,"Amal Abdel Razzac, Salah Eddine Elayoubi, Tijani Chahed, Bachar El-Hassan","The LTE/DVB convergence to offer users a seamless Mobile TV service is at the heart of the emerging DVB-NGH standard. Most of the works addressing this issue focused solely on the impact of such convergence in terms of capacity gains brought by LTE and coverage gains brought by DVB. To the best of our knowledge, the impact of such convergence on the Mobile TV users' QoS has not been addressed yet and is the focus of our present work. We specifically evaluate the users' QoS in terms of quantifiable metrics, notably the probability of service degradation due to non availability of LTE bearers, its frequency and duration, and show how these metrics evolve with varying traffic load and in different network configurations.",wireless sensor networks,0.133
,2019 2nd IEEE Middle East and North Africa COMMunications Conference (MENACOMM),"Performance evaluation of linear precoding mmWave multi-user MIMO systems with NYUSIM channel simulator
I Khaled, AEL Falou, C Langlais, B ELHassan… - 2019 2nd IEEE Middle East and North Africa …, 2019
Cited by 6 Related articles All 6 versions",2019/11/19,,https://hal.science/hal-02470155v1/file/paper_menacomm2019.pdf,,,,1-6,"wireless communications, wireless sensor networks, computer vision",Cited by 6,Bachar ELHASSAN,,,Performance evaluation of linear precoding mmWave multi-user MIMO systems with NYUSIM channel simulator,,,,https://scholar.google.com/citations?view_op=view_citation&hl=en&user=rCQuA78AAAAJ&cstart=20&pagesize=80&citation_for_view=rCQuA78AAAAJ:bFI3QPDXJZMC,,IEEE,"Israa Khaled, Ammar EL Falou, Charlotte Langlais, Bachar ELHassan, Michel Jezequel","In this paper, we evaluate the performance of the digital beamsteering (DBS) precoder in multi-user multiple-input multiple-output (MIMO) systems operating at mmWave frequencies. This evaluation is done using a 3-D mmWave statistical channel model developed based on outdoor extensive measurement in New York city. The NYUSIM channel simulator generates 3-D realistic statistical temporal and spatial parameters. The DBS performance is evaluated in terms of capacity achieved as a function of the number of users and compared with two classical precoders, namely, zero forcing (ZF) and conjugate beamforming (CB). The base station is equipped with three different antenna array configurations: uniform linear array, uniform square array and uniform rectangular array. Simulation results show that DBS can be realistically considered as an attractive precoder for mmWave multi-user MIMO system with tens of …",Unclassified,0.0
,"Intelligent Decision Technologies 2019: Proceedings of the 11th KES International Conference on Intelligent Decision Technologies (KES-IDT 2019), Volume 2","An efficient non-blind steering vector estimation technique for robust adaptive beamforming with multistage error feedback
G Akkad, A Mansour, B Elhassan, J Srar, M Najem… - Intelligent Decision Technologies 2019: Proceedings of …, 2019
Cited by 6 Related articles All 3 versions",2019,,,,,,13-23,"wireless communications, wireless sensor networks, computer vision",Cited by 6,Bachar ELHASSAN,,,An efficient non-blind steering vector estimation technique for robust adaptive beamforming with multistage error feedback,,,,https://scholar.google.com/citations?view_op=view_citation&hl=en&user=rCQuA78AAAAJ&cstart=20&pagesize=80&citation_for_view=rCQuA78AAAAJ:b0M2c_1WBrUC,,Springer Singapore,"Ghattas Akkad, Ali Mansour, Bachar Elhassan, Jalal Srar, Mohamad Najem, Frederic Leroy","Adaptive beamforming methods, when applied to practical problems, are known to suffer severe performance degradation if a mismatch occurs between the presumed and actual steering vectors. Such mismatch results in the suppression of the desired signal component, i.e., signal self-nulling phenomenon. Hence, robust approaches to adaptive beamforming and efficient steering vector estimation techniques are required. In this paper, a non-blind steering vector estimation technique is developed as a solution to the signal mismatch problem. The proposed technique extends the least mean square (LMS) and recursive least square (RLS) algorithms to estimate the array steering vector from the desired signal and array weights for robustness against possible mismatch. The resulting array vector is tested using the Kalman filter-based minimum variance distortionless response algorithm (KMVDR) by …",Unclassified,0.0
,2012 19th International Conference on Telecommunications (ICT),"Integrated fault tolerance framework for wireless sensor networks
D Hamdan, I Parissis, B El Hassan, A Hijazi - 2012 19th International Conference on …, 2012
Cited by 6 Related articles All 5 versions",2012/4/23,,https://www.researchgate.net/profile/Oum-El-Kheir-Aktouf/publication/254039243_Integrated_Fault_Tolerance_Framework_for_Wireless_Sensor_Networks/links/5e2cb683299bf152167e1d3b/Integrated-Fault-Tolerance-Framework-for-Wireless-Sensor-Networks.pdf,,,,1-6,"wireless communications, wireless sensor networks, computer vision",Cited by 6,Bachar ELHASSAN,,,Integrated fault tolerance framework for wireless sensor networks,,,,https://scholar.google.com/citations?view_op=view_citation&hl=en&user=rCQuA78AAAAJ&cstart=20&pagesize=80&citation_for_view=rCQuA78AAAAJ:Y0pCki6q_DkC,,IEEE,"Dima Hamdan, Ioannis Parissis, Bachar El Hassan, Abbas Hijazi","Safety critical applications, such as fire detection or burglar alarm systems, require continuous and reliable operation of Wireless sensor networks (WSNs). However, validating that a WSN system will function correctly at run time is a hard problem. This is due to the numerous faults one may encounter in the resource-constrained nature of sensor platforms together with the unreliability of the wireless links networks. A holistic fault tolerance approach that addresses all fault issues does not exist. Existing fault tolerance work most likely misses some potential causes of system failures. In this paper, we propose an integrated fault tolerance framework (IFTF) that provides a complete picture of the system health with possibility to zoom in on the fault reasons of abnormal phenomena. IFTF diagnoses network failures, detects application level failures, identifies affected areas of the network and may determine the root causes …",wireless sensor networks,0.612
,2009 Second International Conference on the Applications of Digital Information and Web Technologies,"Localization and Guidance in RAMPE/INFOMOVILLE-an interactive system of assistance for Blind travelers
J Sayah, G Baudoin, O Venard, B El Hassan - 2009 Second International Conference on the …, 2009
Cited by 6 Related articles All 2 versions",2009/8/4,,,,,,243-249,"wireless communications, wireless sensor networks, computer vision",Cited by 6,Bachar ELHASSAN,,,Localization and Guidance in RAMPE/INFOMOVILLE-an interactive system of assistance for Blind travelers,,,,https://scholar.google.com/citations?view_op=view_citation&hl=en&user=rCQuA78AAAAJ&cstart=20&pagesize=80&citation_for_view=rCQuA78AAAAJ:WF5omc3nYNoC,,IEEE,"Jinane Sayah, Genevieve Baudoin, Olivier Venard, Bachar El Hassan","We present in this paper the RAMPE/INFOMOVILLE system-an interactive man-machine-interface for the assistance, information, orientation and security of persons having visual or/and auditive handicap in public transports. We desrcibe this system, its components and operation. The current version doesn't include a localization solution to guide the visually impaired person and assist him/her to reach the public transport station. A solution is proposed to address the needs of this application in terms of guidance and localization. We do base on the Wifi positioning system currently very wide spread and easy to use in localizing assets and people but that presents, however, some disadvantages highlighted in the body of this paper. Some modifications were brought to remedy these drawbacks in order to have a proprietary and adequate solution for our application. This solution is tested, an experiment is done and …",Unclassified,0.0
,2006 2nd International Conference on Information & Communication Technologies,"Simulation and refinement of Directional Source Aware routing Protocol for wireless sensor networks
S El Haddad, M Girod-Genet, B El Hassan - 2006 2nd International Conference on Information & …, 2006
Cited by 6 Related articles",2006/4/24,2.0,,,,,2689-2694,"wireless communications, wireless sensor networks, computer vision",Cited by 6,Bachar ELHASSAN,,,Simulation and refinement of Directional Source Aware routing Protocol for wireless sensor networks,,,,https://scholar.google.com/citations?view_op=view_citation&hl=en&user=rCQuA78AAAAJ&cstart=20&pagesize=80&citation_for_view=rCQuA78AAAAJ:hC7cP41nSMkC,,IEEE,"Samir El Haddad, Marc Girod-Genet, Bachar El Hassan","This paper presents the different problems encountered in sensor networks today, precisely the problem of routing. The directional source aware routing protocol (DSAP) is described along with its principle and is simulated using the network simulator OMNET++ useful for debugging, illustration purposes or performance evaluation, and providing a collection of tools that help modifying or implementing new features in an easy fashion. The results of the simulation are commented, the limitations of the current version of DSAP are analyzed along with possible enhancements",wireless sensor networks,0.618
,"Proceedings. 2004 International Conference on Information and Communication Technologies: From Theory to Applications, 2004.","Performance evaluation of the security in wireless local area networks (WiFi)
N Chendeb, B El Hassan, H Afifi - … . 2004 International Conference on Information and …, 2004
Cited by 6 Related articles",2004/4/23,,,,,,215-216,"wireless communications, wireless sensor networks, computer vision",Cited by 6,Bachar ELHASSAN,,,Performance evaluation of the security in wireless local area networks (WiFi),,,,https://scholar.google.com/citations?view_op=view_citation&hl=en&user=rCQuA78AAAAJ&cstart=20&pagesize=80&citation_for_view=rCQuA78AAAAJ:L8Ckcad2t8MC,,IEEE,"Nada Chendeb, Bachar El Hassan, Hossam Afifi","We evaluate the security performance of wireless local area network (WIFI). The performance of wireless LAN is evaluated by considering access control, vulnerabilities, data integration and confidentiality, protocol and bandwidth degradation.",wireless sensor networks,0.293
,2020 28th European Signal Processing Conference (EUSIPCO),"Two Stages Parallel LMS Structure: A Pipelined Hardware Architecture
G Akkad, A Mansour, B Elhassan, E Inaty, R Ayoubi - 2020 28th European Signal Processing Conference …, 2021
Cited by 5 Related articles All 7 versions",2021/1/18,,https://www.eurasip.org/Proceedings/Eusipco/Eusipco2020/pdfs/0002363.pdf,,,,2363-2367,"wireless communications, wireless sensor networks, computer vision",Cited by 5,Bachar ELHASSAN,,,Two Stages Parallel LMS Structure: A Pipelined Hardware Architecture,,,,https://scholar.google.com/citations?view_op=view_citation&hl=en&user=rCQuA78AAAAJ&cstart=20&pagesize=80&citation_for_view=rCQuA78AAAAJ:dshw04ExmUIC,,IEEE,"Ghattas Akkad, Ali Mansour, Bachar Elhassan, Elie Inaty, Rafic Ayoubi","Modern wireless communication systems have tighten the requirements of adaptive beamformers when implemented on Field Programmable Gate Array (FPGA). The set requirements imposed additional constraints such as designing a high throughput, low complexity system with fast convergence and low steady state error. Recently, a parallel multi-stage least mean square (pLMS) structure is proposed to mitigate the listed constraints. pLMS is a two stages least mean square (LMS) operating in parallel and connected by an error feedback. To form the total pLMS error, the second LMS stage (LMS2) error is delayed by one sample and fed-back to combine with that of the first LMS stage (LMS1). pLMS provides accelerated convergence while maintaining minimal steady state error and a computational complexity of order O(N), where N represent the number of antenna elements. However, pipelining the pLMS …",wireless communications,0.404
,2017 Fourth International Conference on Advances in Biomedical Engineering (ICABME),"Intelligent system for diabetes patients monitoring and assistance
L Nachabe, B ElHassan, D AlMouhammad, MG Genet - 2017 Fourth International Conference on Advances in …, 2017
Cited by 5 Related articles All 2 versions",2017/10/19,,,,,,1-4,"wireless communications, wireless sensor networks, computer vision",Cited by 5,Bachar ELHASSAN,,,Intelligent system for diabetes patients monitoring and assistance,,,,https://scholar.google.com/citations?view_op=view_citation&hl=en&user=rCQuA78AAAAJ&cstart=20&pagesize=80&citation_for_view=rCQuA78AAAAJ:NaGl4SEjCO4C,,IEEE,"Lina Nachabe, Bachar ElHassan, Dima AlMouhammad, Marc Girod Genet","The number of diabetes patients is increasing dramatically. Diabetes has many reasons and can lead to severe complications. It has been proven that early diagnosis and effective monitoring and assistance can decrease the effect of this disease. Thus, this paper presents general diabetes system for patient's pre-diagnosis, monitoring and assistance. Client java graphical interfaces, in addition to a remote server, have been conceived for effective controlling and monitoring. The communication is based on encrypted JSON queries.",wireless communications,0.2
,International Conference on Communications 2013 (ICC 2013),"Impact of lte and dvb-ngh cooperation on qos of mobile tv users
A Abdel-Razzac, S Elayoubi, T Chahed, B El Hassan - … Conference on Communications 2013 (ICC 2013), 2013
Cited by 5 Related articles All 4 versions",2013/6/9,,,,,,2265-2270,"wireless communications, wireless sensor networks, computer vision",Cited by 5,Bachar ELHASSAN,,,Impact of lte and dvb-ngh cooperation on qos of mobile tv users,,,,https://scholar.google.com/citations?view_op=view_citation&hl=en&user=rCQuA78AAAAJ&cstart=20&pagesize=80&citation_for_view=rCQuA78AAAAJ:8k81kl-MbHgC,,,"Amal Abdel-Razzac, Salaheddine Elayoubi, Tijani Chahed, Bachar El Hassan","Impact of LTE and DVB-NGH cooperation on QoS of Mobile TV users - Inria - Institut national de recherche en sciences et technologies du numérique Recherche Accéder directement au contenu Pied de page Logo Logo Documentation FR Français (FR) Anglais (EN) Se connecter Portail HAL Inria Recherche Loading... Recherche avancée Information de documents Titres Titres Sous-titre Titre de l'ouvrage Titre du volume (Série) Champ de recherche par défaut (multicritères) + texte intégral des PDF Résumé Texte intégral indexé des documents PDF Mots-clés Type de document Sous-type de document Tous les identifiants du document Identifiant HAL du dépôt Langue du document (texte) Pays (Texte) Ville À paraître (true ou false) Ajouter Auteur Auteur (multicritères) Auteur (multicritères) Auteur : Nom complet Auteur : Nom de famille Auteur : Prénom Auteur : Complément de nom, deuxième prénom Auteur : …",Unclassified,0.0
,2012 International Conference on Wireless Communications in Underground and Confined Areas,"Online data fault detection for wireless sensor networks-case study
D Hamdan, I Parissis, B El Hassan, A Hijazi - … on Wireless Communications in Underground and …, 2012
Cited by 5 Related articles All 4 versions",2012/8/28,,,,,,1-6,"wireless communications, wireless sensor networks, computer vision",Cited by 5,Bachar ELHASSAN,,,Online data fault detection for wireless sensor networks-case study,,,,https://scholar.google.com/citations?view_op=view_citation&hl=en&user=rCQuA78AAAAJ&cstart=20&pagesize=80&citation_for_view=rCQuA78AAAAJ:qxL8FJ1GzNcC,,IEEE,"Dima Hamdan, Ioannis Parissis, Bachar El Hassan, Abbas Hijazi","Sensor faults are the rule and not the exception in every WSN deployment. Sensors themselves may get stuck at a particular value or get partially disconnected and report noisy measurements. Sensor nodes may reboot unexpectedly or stop transmitting data. Software running on the sensor nodes may have bugs and may cause data loss. In this paper, we present an efficient approach for online data fault detection and its application to a case study from a real world dataset. Our approach exposes four types of data faults as they occur by locally applying five simple heuristic rules. By locally applying these rules, node will not need to exchange messages with neighboring ones and consequently to consume energy. Simulation results showed that around 19% of the total collected readings from a real world dataset were faulty.",wireless sensor networks,0.612
,,"DSAP for Wireless Sensor Networks–Modified Algorithm and Simulation using OMNeT++
SE Haddad, BE Hassan, MG Genet - 2007
Cited by 5 Related articles",2007,,,,,,,"wireless communications, wireless sensor networks, computer vision",Cited by 5,Bachar ELHASSAN,,,DSAP for Wireless Sensor Networks–Modified Algorithm and Simulation using OMNeT++,,,,https://scholar.google.com/citations?view_op=view_citation&hl=en&user=rCQuA78AAAAJ&cstart=20&pagesize=80&citation_for_view=rCQuA78AAAAJ:u_35RYKgDlwC,,,"Samir El Haddad, Bachar El Hassan, Marc Girod Genet","This paper presents the Directional Source Aware Routing Protocol (DSAP) applied in Sensor Networks. As Routing constitutes a major constraint in sensor networks today, protocols have been developed to remedy to this problem. The current version of DSAP presents multiple disadvantages. In this paper, we highlight these weaknesses; we propose some solutions and some enhancements to the current algorithm based on the type of messages exchanged between the sensor nodes: the message can have a low, a medium or a high priority. This new algorithm is simulated using OMNET++ and compared to the standard DSAP protocol. The obtained validation and performance evaluation results are presented in the paper.",wireless sensor networks,0.616
,,"Scene understanding by apparent contour extraction
N DANDACHY, D PLEMENOS, B EL HASSAN - International Conference 3IA, 2007
Cited by 5 Related articles All 3 versions",2007,,http://www.gametools.org/archives/publications/XLIM_3IA2007DandPle1.pdf,,,,30-31,"wireless communications, wireless sensor networks, computer vision",Cited by 5,Bachar ELHASSAN,,,Scene understanding by apparent contour extraction,,International Conference 3IA,,https://scholar.google.com/citations?view_op=view_citation&hl=en&user=rCQuA78AAAAJ&cstart=20&pagesize=80&citation_for_view=rCQuA78AAAAJ:W7OEmFMy1HYC,,,"Nancy DANDACHY, Dimitri PLEMENOS, Bachar EL HASSAN","In this paper, we present techniques allowing visual understanding of scenes which are difficult to understand from a realistic rendering due to reflection and refraction effects. To do this, an apparent contour extraction technique is used, based on scene knowledge and using a ray casting algorithm together with a selective refinement approach. With this technique the real objects of the scene are delimited by their apparent contours and may be overlaid on the realistic rendering of the scene, making the user able to distinguish reality from reflection and refraction effects.",Unclassified,0.0
,2018 IEEE Middle East and North Africa Communications Conference (MENACOMM),"General semantic system for monitoring & assisting diabetes patient"" MySmart diabetes OntoREFerence"" ontology
L Nachabe, M Girod-Genet, B El Hassan… - 2018 IEEE Middle East and North Africa …, 2018
Cited by 4 Related articles All 2 versions",2018/4/18,,,,,,1-6,"wireless communications, wireless sensor networks, computer vision",Cited by 4,Bachar ELHASSAN,,,"General semantic system for monitoring & assisting diabetes patient"" MySmart diabetes OntoREFerence"" ontology",,,,https://scholar.google.com/citations?view_op=view_citation&hl=en&user=rCQuA78AAAAJ&cstart=20&pagesize=80&citation_for_view=rCQuA78AAAAJ:35N4QoGY0k4C,,IEEE,"Lina Nachabe, Marc Girod-Genet, Bachar El Hassan, Dima Al Mouhammad","Diabetes is becoming a major health problem all over the world. Diabetes is a long-life disease that leads to many complications such as kidney failure, high blood pressure, high cholesterol, heart diseases, blindness, stroke, and even death. Diabetic patients need to manage their disease to stay healthy by eating healthier, taking medicine as directed, taking care of their body, reducing stress, being active, and checking the blood sugar daily by using on body and/or home monitoring devices. Thus, to avoid diabetes complications, diabetic patients need to be early diagnosed, monitored, and assisted. This can be achieved by building a general, user friendly, smart, and reliable system. This paper presents a general semantic system relying on a modular ontology annotating the daily activities, food, symptoms, and diabetes patients in order to monitor the parameters related to diabetes patients and assist him/her to …",Unclassified,0.0
,2016 IEEE International Multidisciplinary Conference on Engineering Technology (IMCET),"Augmented Reality application: A new implementation chain
S Nazir, A Assoum, B El Hassan, F Dornaika - 2016 IEEE International Multidisciplinary Conference …, 2016
Cited by 4 Related articles All 3 versions",2016/11/2,,https://www.researchgate.net/profile/Ammar-Assoum-2/publication/311530510_Augmented_Reality_application_A_new_implementation_chain/links/5faed797299bf10c36791838/Augmented-Reality-application-A-new-implementation-chain.pdf,,,,69-74,"wireless communications, wireless sensor networks, computer vision",Cited by 4,Bachar ELHASSAN,,,Augmented Reality application: A new implementation chain,,,,https://scholar.google.com/citations?view_op=view_citation&hl=en&user=rCQuA78AAAAJ&cstart=20&pagesize=80&citation_for_view=rCQuA78AAAAJ:sSrBHYA8nusC,,IEEE,"Souha Nazir, Ammar Assoum, Bachar El Hassan, Fadi Dornaika","Augmented Reality (AR) is a live view of a real-world environment. With advanced AR technology, artificial information about the environment and its objects can be overlaid on the real world. This paper presents a complete augmented reality process for a video sequence captured by a moving camera. The main goal is to construct a full chain composed of 4 blocks that correspond to the main steps of augmented reality process: feature detection, feature extraction, feature matching and image registration. Our work proposes an improved technique for image augmentation, starting from feature detection and ending by image registration. We used the well-known techniques (e.g. SIFT, SURF, etc.) for features detection and extraction in order to compare their performance. Furthermore, we added a features learning step (using SVM, KNN and SRC) to improve the image registration process. The final full chain uses the …",wireless sensor networks,0.133
,2013 World Congress on Computer and Information Technology (WCCIT),"Test and diagnosis of wireless sensor networks applications
D Hamdan, I Parissis, A Hijazi, B El Hassan - 2013 World Congress on Computer and Information …, 2013
Cited by 4 Related articles All 2 versions",2013/6/22,,https://www.researchgate.net/profile/Oum-El-Kheir-Aktouf/publication/261478490_Test_and_diagnosis_of_wireless_sensor_networks_applications/links/5e2cb621a6fdcc70a14bd0b9/Test-and-diagnosis-of-wireless-sensor-networks-applications.pdf,,,,1-7,"wireless communications, wireless sensor networks, computer vision",Cited by 4,Bachar ELHASSAN,,,Test and diagnosis of wireless sensor networks applications,,,,https://scholar.google.com/citations?view_op=view_citation&hl=en&user=rCQuA78AAAAJ&cstart=20&pagesize=80&citation_for_view=rCQuA78AAAAJ:mVmsd5A6BfQC,,IEEE,"Dima Hamdan, Ioannis Parissis, Abbas Hijazi, Bachar El Hassan","Safety critical applications, such as explosion prediction, require continuous and reliable operation of Wireless sensor networks (WSNs). However, validating that a WSN system will function correctly at run time is a hard problem. This is due to the numerous faults one may encounter in the resource-constrained nature of sensor platforms together with the unreliability of the wireless links networks. A holistic fault tolerance approach that addresses all fault issues does not exist. Existing fault tolerance work most likely misses some potential causes of system failures. In this paper, we propose an integrated fault tolerance framework (IFTF) that reduces the false negative by combining a network diagnosis service (component/element level monitoring) with an application testing service (system level monitoring). Thanks to these two complementary services, the maintenance operations will be more efficient leading to a …",wireless sensor networks,0.612
,2012 IEEE Vehicular Technology Conference (VTC Fall),"Performance evaluation of dual carrier feature in the uplink of hspa+ systems
AA Razzac, SE Elayoubi, A El Falou, B El Hassan - 2012 IEEE Vehicular Technology Conference (VTC …, 2012
Cited by 4 Related articles All 2 versions",2012/9/3,,https://www.researchgate.net/profile/Ammar-El-Falou/publication/256615592_Performance_Evaluation_of_Dual_Carrier_Feature_in_the_Uplink_of_HSPA_Systems/links/561e1e1608aef097132b3049/Performance-Evaluation-of-Dual-Carrier-Feature-in-the-Uplink-of-HSPA-Systems.pdf,,,,1-5,"wireless communications, wireless sensor networks, computer vision",Cited by 4,Bachar ELHASSAN,,,Performance evaluation of dual carrier feature in the uplink of hspa+ systems,,,,https://scholar.google.com/citations?view_op=view_citation&hl=en&user=rCQuA78AAAAJ&cstart=20&pagesize=80&citation_for_view=rCQuA78AAAAJ:mB3voiENLucC,,IEEE,"A Abdel Razzac, Salah-Eddine Elayoubi, Ammar El Falou, Bachar El Hassan","Dual carrier is a feature introduced in HSPA+ that allows scheduling a user on two carriers simultaneously. While this feature has been largely studied, and deployed, in the downlink and it has been proved that it provides significant capacity gains, its performance in the uplink is still to be investigated. This paper fills this gap by estimating the radio capacity improvement provided by dual-carrier feature in the uplink. The proposed method combines link budget simulations to assess the throughputs for a fixed number of users in the cell, and a queuing theory-based statistical capacity model, thereby providing a reliable estimate of the network radio capacity. Simulation results show that dual carrier significantly increases uplink radio capacity.",wireless sensor networks,0.133
,2009 IFIP/IEEE International Symposium on Integrated Network Management-Workshops,"First step towards an efficient admission control: A complete analytical model for 802.11 e EDCA for throughput and delay prediction
NC Taher, YG Doudane, B El Hassan, N Agoulmine - 2009 IFIP/IEEE International Symposium on Integrated …, 2009
Cited by 4 Related articles",2009/6/1,,,,,,217-224,"wireless communications, wireless sensor networks, computer vision",Cited by 4,Bachar ELHASSAN,,,First step towards an efficient admission control: A complete analytical model for 802.11 e EDCA for throughput and delay prediction,,,,https://scholar.google.com/citations?view_op=view_citation&hl=en&user=rCQuA78AAAAJ&cstart=20&pagesize=80&citation_for_view=rCQuA78AAAAJ:7PzlFSSx8tAC,,IEEE,"Nada Chendeb Taher, Yacine Ghamri Doudane, Bachar El Hassan, Nazim Agoulmine","Extensive research addressing IEEE 802.11e enhanced distributed channel access (EDCA) performance analysis, by means of analytical models, exist in the literature. It started mainly with the famous Bianchi's model and still continues today as several aspects have not been covered yet. Unfortunately, the currently proposed models, even though numerous, do not reach the required accuracy due to the great number of simplifications that have been done. Particularly, none of these models considers the 802.11e Contention Free Burst (CFB) mode which allows a given station to transmit a burst of frames without contention during a given Transmission Opportunity Limit (TXOPLimit) time interval. To fill in this gap, we develop in this paper a new and complete analytical model that: (i) reflects the correct functioning of EDCA, (ii) includes all the 802.11e EDCA differentiation parameters, (iii) takes into account all the …",Unclassified,0.0
,2008 3rd International Conference on Information and Communication Technologies: From Theory to Applications,"Tracking System using GPS, vision and 3D virtual Model
M Dawoud, M Khalil, ME El Najjar, B El Hassan… - 2008 3rd International Conference on Information and …, 2008
Cited by 4 Related articles All 2 versions",2008/4/7,,https://www.researchgate.net/profile/Wassim-El-Falou-2/publication/238510702_Tracking_System_using_GPS_vision_and_3D_virtual_Model/links/54de02570cf23bf20439767d/Tracking-System-using-GPS-vision-and-3D-virtual-Model.pdf,,,,1-6,"wireless communications, wireless sensor networks, computer vision",Cited by 4,Bachar ELHASSAN,,,"Tracking System using GPS, vision and 3D virtual Model",,,,https://scholar.google.com/citations?view_op=view_citation&hl=en&user=rCQuA78AAAAJ&cstart=20&pagesize=80&citation_for_view=rCQuA78AAAAJ:maZDTaKrznsC,,IEEE,"Maya Dawoud, Mohamad Khalil, Maan E El Najjar, Bachar El Hassan, Haissam Ziade, Wassim El Falou","In order to improve the vehicle tracking quality in the cities and especially in urban area, the following article handles the correspondence between real and virtual images to find the closest virtual image to the real one. Real image are extracted from cameras equipped by a GPS system, together installed in the vehicle. Virtual images are extracted using a GPS from a database managed by 3D Geographical Information System (3D-GIS). It is known that GPS cannot give accurately the coordinates of a vehicle so it is necessary to use other kind of information using embedded sensors like camera. A way to compute a position using vision is to find the closest image in a 3D cartographical database which corresponds to the real one seen by the camera. Two methods are developed and tested with real data : the first method uses the Hough transform where each line corresponds to a point in the polar coordinate then …",computer vision,0.404
,2006 2nd International Conference on Information & Communication Technologies,"Architecture and Protocols of the RAMPE system-An Interactive Auditive Machine Helping Blinds in Public Transport
J El Sayah, G Baudoin, O Venard, B El Hassan - 2006 2nd International Conference on Information & …, 2006
Cited by 4 Related articles All 8 versions",2006/4/24,1.0,https://www.academia.edu/download/70975256/sayah2006-ictta.pdf,,,,843-848,"wireless communications, wireless sensor networks, computer vision",Cited by 4,Bachar ELHASSAN,,,Architecture and Protocols of the RAMPE system-An Interactive Auditive Machine Helping Blinds in Public Transport,,,,https://scholar.google.com/citations?view_op=view_citation&hl=en&user=rCQuA78AAAAJ&cstart=20&pagesize=80&citation_for_view=rCQuA78AAAAJ:J_g5lzvAfSwC,,IEEE,"Jinane El Sayah, Genevieve Baudoin, O Venard, B El Hassan","This paper presents the RAMPE system intended to assist and help blinds and visual-impaired people in public transportation. This system relies on a network which must provide open connection and access protocol for the user. The network architecture of this system is described along with the different protocols in use, their limitations and the possible enhancements. The simulation of the RAMPE application level with OMNET++ is also presented.",wireless sensor networks,0.133
,Proceedings ED&TC European Design and Test Conference,"Asynchronous SRT dividers: the real cost
H Boutamine, A Guyot, B Elhassan, M Renaudin - Proceedings ED&TC European Design and Test …, 1996
Cited by 4 Related articles All 12 versions",1996/3/11,,https://www.academia.edu/download/116825902/04d_1.pdf,,,,195-199,"wireless communications, wireless sensor networks, computer vision",Cited by 4,Bachar ELHASSAN,,,Asynchronous SRT dividers: the real cost,,,,https://scholar.google.com/citations?view_op=view_citation&hl=en&user=rCQuA78AAAAJ&cstart=20&pagesize=80&citation_for_view=rCQuA78AAAAJ:R3hNpaxXUhUC,,IEEE,"Hicham Boutamine, Alain Guyot, Bachar Elhassan, Marc Renaudin","Synchronous systems represent the majority of digital circuits built, essentially because they are easier to design and test. However, asynchronous approaches are becoming more attractive to designers because of the potential advantages brought in terms of power consumption and delay, and also favoured by the increased sophistication of today's CAD tools. An important topic in asynchronous research is the SRT (Sweeny, Robertson, Tocher) self-timed divider. In this paper we compare two versions of a 32-bit SRT divider, synchronous and asynchronous. Our results show that the asynchronous circuit is faster, but consumes more power over an increased area.",Unclassified,0.0
,2019 2nd IEEE Middle East and North Africa COMMunications Conference (MENACOMM),"3D Modeling for Propagation of UHF-RFID Tags’ Signals in an Indoor Environment
E Hatem, S Abou-Chakra, E Colin, B El-Hassan… - 2019 2nd IEEE Middle East and North Africa …, 2019
Cited by 3 Related articles All 3 versions",2019/11/19,,https://www.researchgate.net/profile/Elias-Hatem-2/publication/337679614_3D_Modeling_for_Propagation_of_UHF-RFID_Tags%27_Signals_in_an_Indoor_Environment/links/5de51f0d4585159aa45c956b/3D-Modeling-for-Propagation-of-UHF-RFID-Tags-Signals-in-an-Indoor-Environment.pdf,,,,1-6,"wireless communications, wireless sensor networks, computer vision",Cited by 3,Bachar ELHASSAN,,,3D Modeling for Propagation of UHF-RFID Tags’ Signals in an Indoor Environment,,,,https://scholar.google.com/citations?view_op=view_citation&hl=en&user=rCQuA78AAAAJ&cstart=20&pagesize=80&citation_for_view=rCQuA78AAAAJ:pyW8ca7W8N0C,,IEEE,"Elias Hatem, Sara Abou-Chakra, Elizabeth Colin, Bachar El-Hassan, Jean-Marc Laheurte","Indoor positioning systems are used to locate people or objects inside buildings. Several technologies are used for this purpose like Infrared, Global Navigation Satellite System (GNSS), Inertial Measurement Unit (IMU), Radio Frequencies, etc. Radio Frequency IDentification (RFID) is one of these technologies. Further, interference, multipath, obstacles lead to a complex spatial propagation of the signal. This paper aims to examine the coverage of RFID tags operating at 433 MHz in two different scenarios. The first one includes a single UHF RFID tag. The second introduces a constellation of tags which is a group of tags placed over a circle. The improvement in (tag-reader) distance error while using constellation is presented. Moreover, the measurement's procedure characterized the propagation of signals in a complex indoor environment. According to experimental validations, performance of simulations based …",Unclassified,0.0
,,"Planning and profit sharing in overlay WiFi and LTE systems toward 5G networks
D Saliba, R Imad, S Houcke, B El Hassan - Journal of Software Engineering and Applications, 2019
Cited by 3 Related articles All 8 versions",2019,12.0,https://hal.science/hal-02501291/document,,,,491-508,"wireless communications, wireless sensor networks, computer vision",Cited by 3,Bachar ELHASSAN,,,Planning and profit sharing in overlay WiFi and LTE systems toward 5G networks,,Journal of Software Engineering and Applications,,https://scholar.google.com/citations?view_op=view_citation&hl=en&user=rCQuA78AAAAJ&cstart=20&pagesize=80&citation_for_view=rCQuA78AAAAJ:4OULZ7Gr8RgC,,,"Danielle Saliba, Rodrigue Imad, Sebastien Houcke, Bachar El Hassan","With the increasing demand for data traffic and with the massive foreseen deployment of the Internet of Things (IoT), higher data rates and capacity are required in mobile networks. While Heterogeneous Networks (HetNets) are under study toward 5G technology, Wireless Fidelity (WiFi) Access Points (APs) are considered a potential layer within those multiple Radio Access Technologies (RATs). For this purpose, we have proposed in this paper a novel WiFi dimensioning method, to offload data traffic from Long Term Evolution (LTE) to WiFi, by transferring the LTE energy consuming heavy users, to the WiFi network. First, we have calculated the remaining available capacity of the WiFi network based on the estimated load of each WiFi physical channel using the overlapping characteristic of the channels. Then, we were able through this dimensioning method, to calculate the minimum needed number of WiFi APs that ensure the same or better throughput for the LTE transferred users. By this method, we have ensured additional capacity in the LTE network with minimum investment cost in the WiFi network. Finally, we have estimated the profit sharing between LTE and WiFi by considering data bundles subscription revenues and the infrastructure capital and operational costs. We have calculated for each network the profit share using a coalition game theory Shapley value that pinpoints the benefit of the cooperation using the proposed dimensioning method.",wireless sensor networks,0.273
,Ninth International Conference on Indoor Positioning and Indoor Navigation (IPIN),"Constellations of active UHF-RFID tags for indoor positioning
E Hatem, S Abou-Chakra, B El-Hassan, JM Laheurte… - Ninth International Conference on Indoor Positioning …, 2018
Cited by 3 Related articles All 2 versions",2018/9/24,,https://hal.science/hal-03822744/document,,,,,"wireless communications, wireless sensor networks, computer vision",Cited by 3,Bachar ELHASSAN,,,Constellations of active UHF-RFID tags for indoor positioning,,,,https://scholar.google.com/citations?view_op=view_citation&hl=en&user=rCQuA78AAAAJ&cstart=20&pagesize=80&citation_for_view=rCQuA78AAAAJ:VOx2b1Wkg3QC,,,"Elias Hatem, Sara Abou-Chakra, Bachar El-Hassan, Jean-Marc Laheurte, Elizabeth Colin","Distance Estimation is a fundamental step in Indoor Localization using the Received Signal Strength Indication (RSSI). In our work, active UHF-RFID (UHF-Radio Frequency Identification) tag operating at 433 MHz are used. RSSI measurements are used to determine (tag-reader) distance. Two approaches have been studied. The first one includes a single tag. The second one introduces a constellation of four tags in the same environment. In this paper, several constellation of tags are proposed; their radii vary between 𝜆/8 to 2𝜆. After studying the distance estimation error of the constellation of tags, a comparative analysis of constellation schemes is presented. Furthermore, a comparison of distance error obtained by a single or a constellation of tags scenarios was studied in depth. According to experimental validations, the performance improvements while using constellations for distance estimation is obviously illustrated. In addition, for the best constellation, the mean distance error is lower than 0.4 m.",wireless sensor networks,0.133
,2012 International Conference on Cyber-Enabled Distributed Computing and Knowledge Discovery,"A Self-Monitoring, Adaptive and Resource Efficient Approach for Improving QoS in Wireless Sensor Networks
D Hamdan, I Parissis, B El Hassan, A Hijazi, B Moslem - 2012 International Conference on Cyber-Enabled …, 2012
Cited by 3 Related articles All 7 versions",2012/10/10,,https://www.researchgate.net/profile/Oum-El-Kheir-Aktouf/publication/261071663_A_Self-Monitoring_Adaptive_and_Resource_Efficient_Approach_for_Improving_QoS_in_Wireless_Sensor_Networks/links/5e2cb44d299bf152167e1d12/A-Self-Monitoring-Adaptive-and-Resource-Efficient-Approach-for-Improving-QoS-in-Wireless-Sensor-Networks.pdf,,,,393-400,"wireless communications, wireless sensor networks, computer vision",Cited by 3,Bachar ELHASSAN,,,"A Self-Monitoring, Adaptive and Resource Efficient Approach for Improving QoS in Wireless Sensor Networks",,,,https://scholar.google.com/citations?view_op=view_citation&hl=en&user=rCQuA78AAAAJ&cstart=20&pagesize=80&citation_for_view=rCQuA78AAAAJ:hMod-77fHWUC,,IEEE,"Dima Hamdan, Ioannis Parissis, Bachar El Hassan, Abbas Hijazi, Bassam Moslem","In Wireless Sensor Networks (WSNs), performance and reliability depend on the fault tolerance scheme used in the system. Fault diagnosis is an important part of fault tolerance. An effective diagnosis tool helps network administrators clearly monitor, manage, and troubleshoot the performance of the network. However, the design of online fault diagnosis is crucial in WSNs since many faults can easily happen and propagate. Besides, fault diagnosis put extra burden on the sensor node and it will also consume extra resources of the sensor nodes. Thus, in order to guarantee the network quality of service, it is essential for WSNs to be able to diagnosis faults efficiently. In this paper, we propose an adaptive and efficient approach for fault diagnosis in WSN called (SMART). SMART is a layer independent fault diagnosis service for WSNs. The presented service focuses on diagnosis two types of failures that are likely to …",wireless sensor networks,0.613
,2012 16th IEEE Mediterranean Electrotechnical Conference,"Implementation of wireless network using location fingerprinting technique for indoor positioning
M El Hassan, B El Hassan, L Nachabe - 2012 16th IEEE Mediterranean Electrotechnical …, 2012
Cited by 3 Related articles All 2 versions",2012/3/25,,,,,,216-219,"wireless communications, wireless sensor networks, computer vision",Cited by 3,Bachar ELHASSAN,,,Implementation of wireless network using location fingerprinting technique for indoor positioning,,,,https://scholar.google.com/citations?view_op=view_citation&hl=en&user=rCQuA78AAAAJ&cstart=20&pagesize=80&citation_for_view=rCQuA78AAAAJ:iH-uZ7U-co4C,,IEEE,"Moustapha El Hassan, Bachar El Hassan, Lina Nachabe","The goal of this paper is to implement a wireless positioning system based on the RF wave, which can be used in an internal environment. First, localization in a wireless sensor network is simulated using Matlab. Then, a ZigBee network has been implemented using a technique known as location fingerprinting, which is based on signal strength to estimate the position of a moving object. Finally, the results are analyzed to conclude on the performance of the method used.",wireless sensor networks,0.414
,,"RAMPE/INFOMOVILLE Application Protocol-Protocole Point à Multipoint adapté au système RAMPE/INFOMOVILLE-Assistance aux Personnes à Handicap Sensoriel pour leur Mobilité dans les Transports Publics et en Ville
J Sayah, G Baudoin, O Venard, B El Hassan - 5th International Conference on Sciences of Electronic …, 2009
Cited by 3 Related articles",2009,,,,,,,"wireless communications, wireless sensor networks, computer vision",Cited by 3,Bachar ELHASSAN,,,RAMPE/INFOMOVILLE Application Protocol-Protocole Point à Multipoint adapté au système RAMPE/INFOMOVILLE-Assistance aux Personnes à Handicap Sensoriel pour leur Mobilité dans …,,"5th International Conference on Sciences of Electronic, Technologies of Information and Telecommunications, SETIT 2009",,https://scholar.google.com/citations?view_op=view_citation&hl=en&user=rCQuA78AAAAJ&cstart=20&pagesize=80&citation_for_view=rCQuA78AAAAJ:HDshCWvjkbEC,,,"Jinane Sayah, Geneviève Baudoin, Olivier Venard, B El Hassan","On présente dans ce papier un protocole approprié à certains genres de trafic de données, notamment le trafic rencontré dans le système RAMPE/INFOMOVILLE–Système interactif pour l’information, l’orientation et la sécurité des voyageurs à handicap sensoriel (visuel ou auditif) dans les transports collectifs. Le système RAMPE/INFOMOVILLE est décrit avec son principe et ses fonctionnalités, puis les limitations de la version actuelle de ce système sont présentées. On parlera spécifiquement de l’aspect Réseau et de l’utilisation d’un protocole de communication en mode Broadcast qui doit être fiable et sûr et apporter un indicateur de confiance à la couche applicative. Le protocole proposé (RAP RAMPE/INFOMOVILLE Application Protocol) est présenté puis simulé avec le simulateur OMNeT++, évalué et comparé avec d’autres protocoles.",wireless communications,0.2
,,"Secure authenticated and key agreement protocols with access control for mobile environments
P Abi-Char, A Mhamed, B El-Hassan, M Mokhtari - Proceeding of International Journal of Computer …, 2009
Cited by 3 Related articles All 2 versions",2009,6.0,https://www.researchgate.net/profile/Bachar-Elhassan/publication/40507770_Secure_Authenticated_and_Key_Agreement_Protocols_With_Access_Control_for_Mobile_Environments/links/0a85e52eeabea22150000000/Secure-Authenticated-and-Key-Agreement-Protocols-With-Access-Control-for-Mobile-Environments.pdf,,,,170-183,"wireless communications, wireless sensor networks, computer vision",Cited by 3,Bachar ELHASSAN,,,Secure authenticated and key agreement protocols with access control for mobile environments,,"Proceeding of International Journal of Computer Science and Information Security, IJCSIS",,https://scholar.google.com/citations?view_op=view_citation&hl=en&user=rCQuA78AAAAJ&cstart=20&pagesize=80&citation_for_view=rCQuA78AAAAJ:IWHjjKOFINEC,2.0,,"Pierre Abi-Char, Abdallah Mhamed, Bachar El-Hassan, Mounir Mokhtari","The increasing development and progress in wireless mobile communications has attracted an important amount of attention on the security, anonymity and privacy issues. To provide secure communications over un-trusted network, authenticated key agreement protocols are crucial primitive by establishing secure session keys. Achieving secure communications between communicating entities is an important issue for mobile environment. Anonymous authentication is a means of authorizing a user without revealing his/her identi cation. Mobile technologies such PDAs and mobile phone systems are increasingly being deployed in pervasive computing. These mobile devices have raised public concern regarding violation of privacy, anonymity and information con dentiality. Considering these concerns, there is a growing need to discover and develop techniques and methods to overcome the threats described above. In this paper we propose several protocols which enhance the authentication, security and access control in mobile computing and yet preserves the security requirements of the system. Our proposed protocols are based on different cryptographic techniques including Elliptic Curve techniques, Map-to-Curve function, Weil/bilinear pairing techniques and elliptic curve based Identity Schemes. Our proposed protocols achieves many of desirable security requirements including man-in-the-middle attack, dictionary attack, perfect forward secrecy, etc. Moreover, another comparative study of our proposed protocols is to provide privacy and Anonymity for mobile users and to signi cantly offer improved performance in computational and …",wireless communications,0.406
,2008 First International Conference on the Applications of Digital Information and Web Technologies (ICADIWT),"MDSAP simulation using TinyOs and Hospital Application modeling
S El-Haddad, MG Genet, B El-Hassan, D El-Nabbouch - 2008 First International Conference on the Applications …, 2008
Cited by 3 Related articles All 4 versions",2008/8/4,,,,,,133-138,"wireless communications, wireless sensor networks, computer vision",Cited by 3,Bachar ELHASSAN,,,MDSAP simulation using TinyOs and Hospital Application modeling,,,,https://scholar.google.com/citations?view_op=view_citation&hl=en&user=rCQuA78AAAAJ&cstart=20&pagesize=80&citation_for_view=rCQuA78AAAAJ:5nxA0vEk-isC,,IEEE,"Samir El-Haddad, Marc Girod Genet, Bachar El-Hassan, Dima El-Nabbouch","This paper focuses on sensor networks and specifically the routing part. Some enhancements were introduced to the Directional Source Aware routing Protocol (DSAP). This new algorithm, called MDSAP (Modified DSAP), is simulated using TinyOs and compared to the standard DSAP protocol. MDSAP is used for building one complete structure that handles both fixed and mobile users. Some of the resulting concepts can be applied to the model of the hospital.",wireless sensor networks,0.281
,Proceedings of 9th International Conference on VLSI Design,"Self timed division and square-root extraction
A Guyot, M Renaudin, B El Hassan, V Levering - Proceedings of 9th International Conference on VLSI …, 1996
Cited by 3 Related articles All 8 versions",1996/1/3,,https://www.researchgate.net/profile/Bachar-Elhassan/publication/3624474_Self_timed_division_and_square-root_extraction/links/0f31752e7a593e3862000000/Self-timed-division-and-square-root-extraction.pdf,,,,376-381,"wireless communications, wireless sensor networks, computer vision",Cited by 3,Bachar ELHASSAN,,,Self timed division and square-root extraction,,,,https://scholar.google.com/citations?view_op=view_citation&hl=en&user=rCQuA78AAAAJ&cstart=20&pagesize=80&citation_for_view=rCQuA78AAAAJ:YOwf2qJgpHMC,,IEEE,"Alain Guyot, Marc Renaudin, Bachar El Hassan, Volker Levering","This paper describes a self-timed integrated circuit for division and square-root extraction. First it concentrates on the development and the proof of a new mathematical algorithm. Then the design methodology and the architecture of a self-timed circuit implementing a simplified version of the algorithm is presented. The algorithm relies on two functional blocks, each simple enough to be fully detailed at the logic level in this paper. Besides its simplicity, the novelty of the algorithm lies in the fact that it delivers the quotient or the square root in conventional binary notation. The final remainder only has to be eventually converted.",computer vision,0.2
,2022 4th IEEE Middle East and North Africa COMMunications Conference (MENACOMM),"A Reliable Propagation Channel Model for a Better RFID-Based Indoor Localization System
E Hatem, S Abou-Chakra, E Colin, JM Laheurte… - 2022 4th IEEE Middle East and North Africa …, 2022
Cited by 2 Related articles All 2 versions",2022/12/6,,,,,,18-23,"wireless communications, wireless sensor networks, computer vision",Cited by 2,Bachar ELHASSAN,,,A Reliable Propagation Channel Model for a Better RFID-Based Indoor Localization System,,,,https://scholar.google.com/citations?view_op=view_citation&hl=en&user=rCQuA78AAAAJ&cstart=20&pagesize=80&citation_for_view=rCQuA78AAAAJ:eJXPG6dFmWUC,,IEEE,"Elias Hatem, Sara Abou-Chakra, Elizabeth Colin, Jean-Marc Laheurte, Bachar El-Hassan","Fingerprinting has been extensively researched for localization solutions in complex environments. The fingerprint is a dataset of the Received Signal Strength Indicators (RSSIs) coming from the emitting antennas associated with different wireless technologies. Indoor, RSSIs are affected by multipath. To overcome these variations impact, we propose an advanced calibration approach applied on a set of RSSs collected at several positions distributed in a classroom. The first step of this method consists in determining the propagation channel attenuation coefficients. Then, the accuracy of the environment modelling is enhanced by the Weighted Average Attenuation Factors (WAAF) procedure. It is validated within the offline stage of an RFID-based indoor localization system. In fact, it improves both the reliability of the built radio map by covering the whole environment, as well as the location accuracy obtained by the …",wireless communications,0.204
,,"A New Approach for The Reliability of Vehicular Ad hoc Networks
A Dabboussi, R Kouta, J Gaber, B EL Hassan, M Wack… - Smart Application and Data Analysis for Smart Cities …, 2018
Cited by 2 Related articles All 3 versions",2018/5/16,,https://papers.ssrn.com/sol3/Delivery.cfm?abstractid=3179428,,,,,"wireless communications, wireless sensor networks, computer vision",Cited by 2,Bachar ELHASSAN,,,A New Approach for The Reliability of Vehicular Ad hoc Networks,,Smart Application and Data Analysis for Smart Cities (SADASC'18),,https://scholar.google.com/citations?view_op=view_citation&hl=en&user=rCQuA78AAAAJ&cstart=20&pagesize=80&citation_for_view=rCQuA78AAAAJ:M05iB0D1s5AC,,,"Abdallah Dabboussi, Raed Kouta, Jaafar Gaber, Bachar EL Hassan, Maxime Wack, Lina Nachabeh","Vehicular ad hoc networks (VANET), a subset of Mobile Ad hoc Networks (MANETs), is a wireless communication technology applied to transportation, referring to a set of smart vehicles used on the road. These vehicles provide communication services among one another (V2V) or with Road Side Infrastructure (V2I). The main benefits of VANET are enhancing road safety, reducing energy use and emissions, and giving information services. Reliability is one of the most critical issues related to VANET since the information transmitted is distributed in an open access environment. We focused in this paper, on the reliability of VANET as a function of reliable hardware and their functionality taking into consideration the needed security equipment. We use reliability block diagrams (RBD) and fault tree (FT) to elaborate the reliability of the vehicles and the road side equipment (RSU). In order to proof our result, a simulation was occurred using the RBD and FT probability and it has been conducted to validate the proposed approach. The data (Failure ratio) used are from professional database concerning the type of components presented in the system. Our scientific approach is structured with methods that combine qualitative approaches (such as functional analysis, FMEA,...) and quantitative methods (Fault tree, probabilistic models of degradation, etc.) for the VANET. From this data an exponential model of reliability was proposed. The probability calculation was performed in relation to a reference time of use. Thereafter a sensitivity analysis was suggested concerning the reliability parameters and redesign proposals are developed for the components.",wireless communications,0.403
,,"Impact of playout buffering on mobile TV performance
AA Razzac, SE Elayoubi, T Chahed, B Elhassan - IEEE Transactions on Mobile Computing, 2015
Cited by 2 Related articles All 5 versions",2016/2/1,15.0,https://www.academia.edu/download/91532569/TMC.2015.241923020220925-1-1jnpy4b.pdf,,,,377-391,"wireless communications, wireless sensor networks, computer vision",Cited by 2,Bachar ELHASSAN,,,Impact of playout buffering on mobile TV performance,,IEEE Transactions on Mobile Computing,,https://scholar.google.com/citations?view_op=view_citation&hl=en&user=rCQuA78AAAAJ&cstart=20&pagesize=80&citation_for_view=rCQuA78AAAAJ:UebtZRa9Y70C,2.0,IEEE,"Amal Abdel Razzac, Salah Eddine Elayoubi, Tijani Chahed, Bachar Elhassan","We study in this work the quality of experience of live mobile TV users in the presence of a playout buffer at the receiver side. We specifically consider an LTE network delivering both unicast and broadcast services, and study two cases: i. lossless channels where interruptions in mobile TV delivery are due to the absence of resources at the base station because they are totally consumed by higher priority real-time voice services, and ii. lossy channels, where we propose to exploit the existence of feedback channels to request, if possible, retransmission of the lost video frame. We derive in both cases several QoS metrics pertaining to mobile TV performance, such as interruption frequency and duration as well as video frame loss probability. Our results show the trends of these metrics as a function of several system parameters and yield design rules for network planning as well as for the playout buffer so as to …",wireless sensor networks,0.133
,BLACKSEACOM 2015: 3rd International Black Sea Conference on Communications and Networking,"Clustering energy based routing protocol for Wireless Sensor Networks
S El-Haddad, M Girod-Genet, B El-Hassan, LN Ismail - BLACKSEACOM 2015: 3rd International Black Sea …, 2015
Cited by 2 Related articles All 2 versions",2015/5/18,,,,,,.,"wireless communications, wireless sensor networks, computer vision",Cited by 2,Bachar ELHASSAN,,,Clustering energy based routing protocol for Wireless Sensor Networks,,,,https://scholar.google.com/citations?view_op=view_citation&hl=en&user=rCQuA78AAAAJ&cstart=20&pagesize=80&citation_for_view=rCQuA78AAAAJ:dhFuZR0502QC,,,"Samir El-Haddad, Marc Girod-Genet, Bachar El-Hassan, Lina Nachabe Ismail","In this paper, we present, specify, formalize, validate and qualified a new energy based routing protocol for Wireless Sensors Networks (WSNs). This protocol, called Clustering Energy Based Protocol (CEBP), is based on a new energy model of meshed WSNs and an original clustering technique",wireless sensor networks,0.636
,"European Safety and Reliability Conference, ESREL 2015","Reliability assessment of wireless sensor networks for environmental detection
R Kassan, E Chatelet, B El Hassan, A Sardouk - European Safety and Reliability Conference, ESREL …, 2015
Cited by 2 Related articles All 2 versions",2015,,,,,,,"wireless communications, wireless sensor networks, computer vision",Cited by 2,Bachar ELHASSAN,,,Reliability assessment of wireless sensor networks for environmental detection,,,,https://scholar.google.com/citations?view_op=view_citation&hl=en&user=rCQuA78AAAAJ&cstart=20&pagesize=80&citation_for_view=rCQuA78AAAAJ:OU6Ihb5iCvQC,,,"Rabih Kassan, Eric Chatelet, Bachar El Hassan, Ahmad Sardouk","Reliability Assessment of Wireless Sensor Networks for Environmental Detection - Université de technologie de Troyes Recherche Accéder directement au contenu Pied de page Logo Logo Documentation FR Français (FR) Anglais (EN) Se connecter Portail HAL UTT Recherche Loading... Recherche avancée Information de documents Titres Titres Sous-titre Titre de l'ouvrage Titre du volume (Série) Champ de recherche par défaut (multicritères) + texte intégral des PDF Résumé Texte intégral indexé des documents PDF Mots-clés Type de document Sous-type de document Tous les identifiants du document Identifiant HAL du dépôt Langue du document (texte) Pays (Texte) Ville À paraître (true ou false) Ajouter Auteur Auteur (multicritères) Auteur (multicritères) Auteur : Nom complet Auteur : Nom de famille Auteur : Prénom Auteur : Complément de nom, deuxième prénom Auteur : Organisme payeur Auteur : IdHal (…",wireless sensor networks,0.615
,"2014 12th International Symposium on Modeling and Optimization in Mobile, Ad Hoc, and Wireless Networks (WiOpt)","Practical implementation of Mobile TV delivery in cooperative LTE/DVB networks
AA Razzac, SE Elayoubi, T Chahed, B El Hassan - 2014 12th International Symposium on Modeling and …, 2014
Cited by 2 Related articles All 8 versions",2014/5/12,,https://opendl.ifip-tc6.org/db/conf/wiopt/wiopt2014/RazzacECH14.pdf,,,,662-666,"wireless communications, wireless sensor networks, computer vision",Cited by 2,Bachar ELHASSAN,,,Practical implementation of Mobile TV delivery in cooperative LTE/DVB networks,,,,https://scholar.google.com/citations?view_op=view_citation&hl=en&user=rCQuA78AAAAJ&cstart=20&pagesize=80&citation_for_view=rCQuA78AAAAJ:YsMSGLbcyi4C,,IEEE,"Amal Abdel Razzac, Salah Eddine Elayoubi, Tijani Chahed, Bachar El Hassan","We propose in this paper, some practical algorithms to deliver Mobile TV in a hybrid network where coexist both LTE and DVB-NGH technologies and two types of demanded video qualities: a basic single definition and another high definition. Those algorithms aim to manage the continuous reception of Mobile TV by using both infrastructures and taking decisions of TV scheduling on those operators. Two decisions policies are explored: one based on instantaneous actions and a second based on predictive actions. Results shows that the latter, which uses the Kalman filter, decreases the ping-pong between the HD reception delivered by LTE and the SD one offered by DVB-NGH, if compared to the former policy.",wireless sensor networks,0.138
Trust Modeling and Management in Digital Environments: From Social Concept to System Development,,"Privacy and trust issues in context-aware pervasive computing: State-of-the-art and future directions
PE Abi-Char, B El-Hassan, M Mokhtari - Trust Modeling and Management in Digital …, 2010
Cited by 2 Related articles All 3 versions",2010,,,,,,352-377,"wireless communications, wireless sensor networks, computer vision",Cited by 2,Bachar ELHASSAN,,,Privacy and trust issues in context-aware pervasive computing: State-of-the-art and future directions,,,,https://scholar.google.com/citations?view_op=view_citation&hl=en&user=rCQuA78AAAAJ&cstart=20&pagesize=80&citation_for_view=rCQuA78AAAAJ:Zph67rFs4hoC,,IGI Global,"Pierre E Abi-Char, Bachar El-Hassan, Mounir Mokhtari","The growing evolution of information and communication technology (ICT) systems towards more pervasive and ubiquitous infrastructures contribute significantly to the deployment of services anywhere, at anytime and for anyone. To provide personalized services in such infrastructures, we should consider both user’s privacy and security requirements and context-awareness environment. This can be really achieved owing to context awareness systems which allow us to benefit from sensing and mobile technologies to derive more accurate data about the user and his/her location. While the availability of contextual information may introduce new threats against security and privacy, it can also be used to improve dynamic, adaptive and autonomic aspects of security, and user privacy. Moreover, context-aware information offers new opportunities for the establishment of trust relationship among involved entities (eg …",wireless communications,0.2
,2008 Third International Conference on Risks and Security of Internet and Systems,"Towards a robust privacy and anonymity preserving architecture for ubiquitous computing
PE Abi-Char, M Moukhtari, A Mhamed, B El-Hassan - 2008 Third International Conference on Risks and …, 2008
Cited by 2 Related articles All 2 versions",2008/10/28,,,,,,125-132,"wireless communications, wireless sensor networks, computer vision",Cited by 2,Bachar ELHASSAN,,,Towards a robust privacy and anonymity preserving architecture for ubiquitous computing,,,,https://scholar.google.com/citations?view_op=view_citation&hl=en&user=rCQuA78AAAAJ&cstart=20&pagesize=80&citation_for_view=rCQuA78AAAAJ:2osOgNQ5qMEC,,IEEE,"Pierre E Abi-Char, Mounir Moukhtari, Abdallah Mhamed, Bachar El-Hassan","Anonymous authentication is a means of authorizing a user without revealing his/her identification. Mobile technologies such as Radio Frequency Identification (RFID) Tags, PDAs and mobile phone systems are increasingly being deployed in pervasive computing. These mobile devices have raised public concern regarding violation of privacy, anonymity and information confidentiality. Considering these concerns, there is a growing need to discover and develop techniques and methods to overcome the threats described above. In this paper we propose an architecture which enhances the privacy and anonymity of users in ubiquitous computing and yet preserves the security requirements of the system. Our proposed architecture is based on Elliptic Curve techniques, on MaptoCurve or MapToPoint function, on Weil Pairing techniques and finally on elliptic curve based Okamoto Identification Scheme. In addition …",computer vision,0.2
,,"Invertible Physics-Based Hyperspectral Signature Models: A review
M Al Hayek, C Baskiotis, J Aval, M Elbouz, B El Hassan - IEEE Geoscience and Remote Sensing Magazine, 2023
Cited by 1 Related articles All 3 versions",2023/10/11,11.0,,,,IEEE Geoscience and Remote Sensing Magazine,45-62,"wireless communications, wireless sensor networks, computer vision",Cited by 1,Bachar ELHASSAN,,,Invertible Physics-Based Hyperspectral Signature Models: A review,,,,https://scholar.google.com/citations?view_op=view_citation&hl=en&user=rCQuA78AAAAJ&cstart=20&pagesize=80&citation_for_view=rCQuA78AAAAJ:kRWSkSYxWN8C,4.0,IEEE,"Marianne Al Hayek, Catherine Baskiotis, Josselin Aval, Marwa Elbouz, Bachar El Hassan","The richness of hyperspectral imaging (HSI)-collected signals makes possible quantitative inference by the inverse problem-solving of the chemical and biophysical parameters of the imaged object. In this article, we first propose a classification of the large variety of literature on invertible physics-based hyperspectral signature models by analyzing their founding hypotheses and methodologies. All the models found in the literature are based on the radiative transfer theory (RTT), but they are divided into three main branches. In the first one, the models rely on the Beer-Lambert law. In the second and the third ones, the models are based on Lommel’s radiative transfer equation (RTE), which they simplify into a diffusion approximation equation or into a single- and multiple-scattering approximation equation, respectively. Thereafter, we present the most recent models available for each branch for applications in …",Unclassified,0.0
,Journées Imagerie Optique Non-Conventionnelles. 2022 (JiONC 2022),"Vers une modélisation optique générique des signatures spectrales d'objets
M Al Hayek, J Aval, M Elbouz, B Elhassan - … Imagerie Optique Non-Conventionnelles. 2022 (JiONC …, 2022
Cited by 1 Related articles",2022/3/17,,,,,,,"wireless communications, wireless sensor networks, computer vision",Cited by 1,Bachar ELHASSAN,,,Vers une modélisation optique générique des signatures spectrales d'objets,,,,https://scholar.google.com/citations?view_op=view_citation&hl=en&user=rCQuA78AAAAJ&cstart=20&pagesize=80&citation_for_view=rCQuA78AAAAJ:t6usbXjVLHcC,,,"Marianne Al Hayek, Josselin Aval, Marwa Elbouz, Bachar Elhassan","Conclusions
▪ La carotène est indispensable pour l'ajustement des spectres▪ PROSPECT est plus efficace que Farrell▪ La pomme entière n'est pas correctement modélisée, notamment dans le NIR.",Unclassified,0.0
,,"Mathematical Model with Energy and Clustering Energy Based Routing Protocols as Remediation to the Directional Source Aware Routing Protocol in Wireless Sensor Networks
S Haddad, J Sayah, B El-Hassan, C Kallab… - Wireless Sensor Network, 2022
Cited by 1 Related articles All 6 versions",2022,14.0,https://hal.science/hal-03784326/document,,,,23-39,"wireless communications, wireless sensor networks, computer vision",Cited by 1,Bachar ELHASSAN,,,Mathematical Model with Energy and Clustering Energy Based Routing Protocols as Remediation to the Directional Source Aware Routing Protocol in Wireless Sensor Networks,,Wireless Sensor Network,,https://scholar.google.com/citations?view_op=view_citation&hl=en&user=rCQuA78AAAAJ&cstart=20&pagesize=80&citation_for_view=rCQuA78AAAAJ:fQNAKQ3IYiAC,2.0,,"Samir Haddad, Jinane Sayah, Bachar El-Hassan, Chadi Kallab, Mohamad Chakroun, Nisrine Turkey, Jinan Charafeddine, Hani Hamdan","In this paper, a routing protocol for wireless sensor network, baptized energy based protocol (EBP) is proposed. Wireless sensor network presents many challenges and constraints, and one of the major constraints is the routing problem. Due to the limited energy of sensor nodes, routing in this type of network shall perform efficiently to maximize the network lifetime. One of the proposed algorithms is the directional source aware routing protocol (DSAP) which, after simulation, showed a lot of limitations and drawbacks. The modified directional source aware routing protocol (MDSAP) was proposed by the authors of this paper to address some of the DSAP’s limitations but remains limited to a fixed topology, fixed source and stationary nodes. So EBP is proposed and operated under different scenarios and showed, after its simulation using TinyOS, many advantages in terms of load balancing, free looping, minimizing packet error rate and maximizing network lifetime.",wireless sensor networks,0.614
,"ICASSP 2021-2021 IEEE International Conference on Acoustics, Speech and Signal Processing (ICASSP)","Stability Analysis of the RC-PLMS Adaptive Beamformer Using a Simple Transfer Function Approximation
G Akkad, A Mansour, B El Hassan, E Inaty - ICASSP 2021-2021 IEEE International Conference on …, 2021
Cited by 1 Related articles All 4 versions",2021/6/6,,,,,,4645-4649,"wireless communications, wireless sensor networks, computer vision",Cited by 1,Bachar ELHASSAN,,,Stability Analysis of the RC-PLMS Adaptive Beamformer Using a Simple Transfer Function Approximation,,,,https://scholar.google.com/citations?view_op=view_citation&hl=en&user=rCQuA78AAAAJ&cstart=20&pagesize=80&citation_for_view=rCQuA78AAAAJ:B3FOqHPlNUQC,,IEEE,"Ghattas Akkad, Ali Mansour, Bachar El Hassan, Elie Inaty","In this paper, we propose a discrete time transfer function approximation for the reduced complexity parallel least mean square (RC-pLMS) adaptive beamforming algorithm. The RC-pLMS is built using a single least mean square (LMS) stage whose inputs are obtained as a linear combination of the present and past sample. Thus, in order to numerically assess the RC-pLMS stability and to determine the approximate maximum parametric value of the step size for which it remains stable, we derive its discrete time transfer function approximate. In this approximation, the input uniform linear antenna array is remodeled as a finite impulse response (FIR) fractional delay Farrow filter. Computer simulations, presented by the mean square error and beam radiation pattern, demonstrates the validity of the transfer function approximate. Additionally, the RC-pLMS stability is evaluated, with respect to the pole-zero plot, for …",computer vision,0.204
,"Applications in Electronics Pervading Industry, Environment and Society: APPLEPIES 2019 7","Hardware architecture for a bit-serial odd-even transposition sort network with on-the-fly compare and swap
G Akkad, R Ayoubi, A Mansour, B ElHassan - … in Electronics Pervading Industry, Environment and …, 2020
Cited by 1 Related articles All 5 versions",2020,,,,,,145-154,"wireless communications, wireless sensor networks, computer vision",Cited by 1,Bachar ELHASSAN,,,Hardware architecture for a bit-serial odd-even transposition sort network with on-the-fly compare and swap,,,,https://scholar.google.com/citations?view_op=view_citation&hl=en&user=rCQuA78AAAAJ&cstart=20&pagesize=80&citation_for_view=rCQuA78AAAAJ:abG-DnoFyZgC,,Springer International Publishing,"Ghattas Akkad, Rafic Ayoubi, Ali Mansour, Bachar ElHassan","Sorting algorithms are computationally expensive routines frequently executed on modern computers and embedded systems. Implementing sorting algorithms on dedicated hardware can contribute significantly to the overall execution time of the processes and applications embodying them. However, such algorithms are known to suffer from a trade off between convergence time and computational complexity. Consequently, this causes performance degradation i.e. bottleneck, when implemented on dedicated hardware with limited resources. In this respect, this paper proposes a novel sequential hardware architecture for a bit-serial Odd-Even transposition sorting network with on-the-fly compare and swap, on field programmable gate array (FPGA). In contrast to the classical parallel-data architecture, which operates on N data bits, this implementation significantly minimizes resource utilization while …",computer vision,0.2
,"Advances in Internet, Data and Web Technologies: The 7th International Conference on Emerging Internet, Data and Web Technologies (EIDWT-2019)","Semantic multi agent architecture for chronic disease monitoring and management
L Nachabe, B El Hassan, J Taleb - Advances in Internet, Data and Web Technologies: The …, 2019
Cited by 1 Related articles All 3 versions",2019,,https://www.researchgate.net/profile/Lina-Nachabe-2/publication/330878599_Semantic_Multi_Agent_Architecture_for_Chronic_Disease_Monitoring_and_Management/links/64b940118de7ed28baaf5458/Semantic-Multi-Agent-Architecture-for-Chronic-Disease-Monitoring-and-Management.pdf,,,,284-294,"wireless communications, wireless sensor networks, computer vision",Cited by 1,Bachar ELHASSAN,,,Semantic multi agent architecture for chronic disease monitoring and management,,,,https://scholar.google.com/citations?view_op=view_citation&hl=en&user=rCQuA78AAAAJ&cstart=20&pagesize=80&citation_for_view=rCQuA78AAAAJ:g5m5HwL7SMYC,,Springer International Publishing,"Lina Nachabe, Bachar El Hassan, Jean Taleb","Population all over the world is experiencing an epidemic of chronic disease (such as diabetes, heart disease, etc.) which is considered as the leading cause of morbidity and mortality. These diseases are complex and require the intervention and interaction between different stakeholders (doctors, nurses, experts, dietitians). Moreover, patient self-monitoring and management can contribute in the diagnosis and treatment. With the evolution of medical sensors and m-health applications, vital signs monitoring is becoming easier. However, a new approach for chronic disease health care monitoring and management is needed in order to insure intelligence decision making, interoperability between existing systems, and interaction across stakeholders, as well as early diagnosis and self-monitoring. In this paper, we present a semantic multi agent architecture based on predefined ontology and using JADE …",wireless sensor networks,0.133
,,"Multi-source energy based routing protocol in sensor networks
SE Haddad, J Sayah, M Girod-Genet, BE Hassan - 2017
Cited by 1 Related articles",2017,,,,,,,"wireless communications, wireless sensor networks, computer vision",Cited by 1,Bachar ELHASSAN,,,Multi-source energy based routing protocol in sensor networks,,,,https://scholar.google.com/citations?view_op=view_citation&hl=en&user=rCQuA78AAAAJ&cstart=20&pagesize=80&citation_for_view=rCQuA78AAAAJ:p2g8aNsByqUC,,,"Samir El Haddad, Jinane Sayah, Marc Girod-Genet, Bachar El Hassan",,wireless sensor networks,0.347
,The 2nd International Conference on Engineering Sciences and Technologies,"Reliability assessment of wireless sensor networks equipped with photovoltaic cells for the detection of changing environmental conditions
R Kassan, E Chatelet, B El Hassan, J Soukieh - The 2nd International Conference on Engineering …, 2016
Cited by 1 Related articles All 2 versions",2016/6/29,,,,,,324-324,"wireless communications, wireless sensor networks, computer vision",Cited by 1,Bachar ELHASSAN,,,Reliability assessment of wireless sensor networks equipped with photovoltaic cells for the detection of changing environmental conditions,,,,https://scholar.google.com/citations?view_op=view_citation&hl=en&user=rCQuA78AAAAJ&cstart=20&pagesize=80&citation_for_view=rCQuA78AAAAJ:P5F9QuxV20EC,,CRC Press,"Rabih Kassan, Eric Chatelet, Bachar El Hassan, J Soukieh","Reliability assessment of wireless sensor networks equipped with photovoltaic cells for the detection of changing environmental conditions - Université de technologie de Troyes Recherche Accéder directement au contenu Pied de page Logo Logo Documentation FR Français (FR) Anglais (EN) Se connecter Portail HAL UTT Recherche Loading... Recherche avancée Information de documents Titres Titres Sous-titre Titre de l'ouvrage Titre du volume (Série) Champ de recherche par défaut (multicritères) + texte intégral des PDF Résumé Texte intégral indexé des documents PDF Mots-clés Type de document Sous-type de document Tous les identifiants du document Identifiant HAL du dépôt Langue du document (texte) Pays (Texte) Ville À paraître (true ou false) Ajouter Auteur Auteur (multicritères) Auteur (multicritères) Auteur : Nom complet Auteur : Nom de famille Auteur : Prénom Auteur : Complément de nom, …",wireless sensor networks,0.614
,ICABME 2015: 3rd International Conference on Advances in Biomedical Engineering,"M-health application for neonatal incubator signals monitoring through a CoAP-based multi-agent system
LN Ismail, M Girod-Genet, B El Hassan, J Jammas - ICABME 2015: 3rd International Conference on …, 2015
Cited by 1 Related articles",2015/9/16,,,,,,.,"wireless communications, wireless sensor networks, computer vision",Cited by 1,Bachar ELHASSAN,,,M-health application for neonatal incubator signals monitoring through a CoAP-based multi-agent system,,,,https://scholar.google.com/citations?view_op=view_citation&hl=en&user=rCQuA78AAAAJ&cstart=20&pagesize=80&citation_for_view=rCQuA78AAAAJ:O3NaXMp0MMsC,,,"Lina Nachabe Ismail, Marc Girod-Genet, Bachar El Hassan, Jamil Jammas","the number of premature babies is increasing in the world. With Internet connection accessibility and the development of smart phones, m-health application is playing an essential role for monitoring biomedical data. In that context, we are proposing a distributed neonatal incubator monitoring system (NIMS) dedicated for premature babies' dynamic control. Our system is made up of distributed software agents (within incubator's data hubs, medical servers and mobile terminals of medical staff and parents) based on Constraint Application Protocol (CoAP). The use of CoAP based agents, as well as URIs for data IDs, enables the integration of our proposed NIMS system and its collected data into an Internet of Things (IoT) wide scenario. The proposed system was successfully carried out and tested in a hospital North Lebanon.",Unclassified,0.0
,,"ETSI TS 103 378: Smart Body Area Network (SmartBAN): unified data representation formats, semantic and open data model
M Girod-Genet, LN Ismail, B El Hassan - 2015
Cited by 1 Related articles",2015,,,,,,63,"wireless communications, wireless sensor networks, computer vision",Cited by 1,Bachar ELHASSAN,,,"ETSI TS 103 378: Smart Body Area Network (SmartBAN): unified data representation formats, semantic and open data model","Dépt. Réseaux et Service Multimédia Mobiles (Institut Mines-Télécom-Télécom SudParis); Services répartis, Architectures, MOdélisation, Validation, Administration des Réseaux (Institut Mines-Télécom-Télécom SudParis-CNRS); Faculté de Génie/Faculty of Engineering (Université Libanaise)",,,https://scholar.google.com/citations?view_op=view_citation&hl=en&user=rCQuA78AAAAJ&cstart=20&pagesize=80&citation_for_view=rCQuA78AAAAJ:TQgYirikUcIC,,,"Marc Girod-Genet, Lina Nachabe Ismail, Bachar El Hassan","The present document specifies and formalizes SmartBAN unified data representation formats (including in particular sensor/actuator/relay/coordinator/Hub descriptions and sensed/measured data), semantic open data model and corresponding ontology. The present document is applicable to a BAN and/or a Smart BAN comprising wearable sensors/actuators devices, a relay/coordinator device and a Hub. The relay/Coordinator and the Hub functionalities may be handled by a single device or by two distinct devices. The present document does not yet address the specification and the formalization of the SmartBAN service ontology and associated enablers. This will be addressed in later dedicated Work Item of TC SmartBAN.the future release of the present document",wireless sensor networks,0.272
,MELECON 2014-2014 17th IEEE Mediterranean Electrotechnical Conference,"The use of watermarking to multiplex stereo images
B El Kerek, H El Baba, M El Hassan, B El Hassan - MELECON 2014-2014 17th IEEE Mediterranean …, 2014
Cited by 1 Related articles All 2 versions",2014/4/13,,,,,,484-487,"wireless communications, wireless sensor networks, computer vision",Cited by 1,Bachar ELHASSAN,,,The use of watermarking to multiplex stereo images,,,,https://scholar.google.com/citations?view_op=view_citation&hl=en&user=rCQuA78AAAAJ&cstart=20&pagesize=80&citation_for_view=rCQuA78AAAAJ:_Qo2XoVZTnwC,,IEEE,"Bilal El Kerek, Hani El Baba, Moustapha El Hassan, Bachar El Hassan","Vision is the sum of images seen by the eyes in three dimensional ways. Any image has a specific size in the memory of the system; the latter could be compressed or decompressed using several methods. This paper starts with a modern technique for compression called block matching. This technique leads to a high compression rate. Through the block matching technique, the information amount rested is too small, which can be hidden into other image using a technique called watermarking. In the second part of this paper, the watermarking of images will be presented. The Code Division Multiple Access (CDMA) is the watermarking technique applied. The results of the compression and the watermarking technique are demonstrated and the system is thoroughly analyzed.",computer vision,0.205
Intelligent Computer Graphics 2010,,"A cutaway visualization technique for understanding scenes with embedded objects
N Dandachy, D Plemenos, S Chendeb, B El Hassan - Intelligent Computer Graphics 2010, 2010
Cited by 1 Related articles All 5 versions",2010/9/30,,,,,,25-46,"wireless communications, wireless sensor networks, computer vision",Cited by 1,Bachar ELHASSAN,,,A cutaway visualization technique for understanding scenes with embedded objects,,,,https://scholar.google.com/citations?view_op=view_citation&hl=en&user=rCQuA78AAAAJ&cstart=20&pagesize=80&citation_for_view=rCQuA78AAAAJ:Tyk-4Ss8FVUC,,Springer Berlin Heidelberg,"Nancy Dandachy, Dimitri Plemenos, Safwan Chendeb, Bachar El Hassan","This paper is dedicated to virtual world an understanding technique that helps humans to understand a 3D scene. The paper presents a new technique that creates an alternative new mode of visualization in order to make it possible to have at the same time a total idea of the scene as well as a possibility of exploring objects which are inside, while saving time and memory. The algorithm is applied for any type of scenes modeled on a polygonal mesh. It extends the ray tracing algorithm by removing, from including objects, facets which hide inside ones.",Unclassified,0.0
,2009 First International Communication Systems and Networks and Workshops,"A complete and accurate analytical model for 802.11 e EDCA under different traffic conditions
NC Taher, YG Doudane, B El Hassan - 2009 First International Communication Systems and …, 2009
Cited by 1 Related articles All 2 versions",2009/1/5,,,,,,1-2,"wireless communications, wireless sensor networks, computer vision",Cited by 1,Bachar ELHASSAN,,,A complete and accurate analytical model for 802.11 e EDCA under different traffic conditions,,,,https://scholar.google.com/citations?view_op=view_citation&hl=en&user=rCQuA78AAAAJ&cstart=20&pagesize=80&citation_for_view=rCQuA78AAAAJ:qjMakFHDy7sC,,IEEE,"Nada Chendeb Taher, Yacine Ghamri Doudane, Bachar El Hassan","In this paper, we propose a complete analytical model for the 802.11e enhanced distributed channel access (EDCA) under different traffic conditions; it outperforms almost all existing models. Based on the proposed model, the achievable throughput and access delay of each EDCA access category are given. Simulation is performed to demonstrate that our model provides a high degree of accuracy.",Unclassified,0.0
,2007 First International Global Information Infrastructure Symposium,"Transmission Time Analysis and Modeling in 802.11 e Contention Free Burst Mode
NC Taher, Y Ghamri-Doudane, B El Hassan - 2007 First International Global Information …, 2007
Cited by 1 Related articles All 5 versions",2007/7/2,,https://www.academia.edu/download/79789023/ref-11e-taher-giis-2007.pdf,,,,191-194,"wireless communications, wireless sensor networks, computer vision",Cited by 1,Bachar ELHASSAN,,,Transmission Time Analysis and Modeling in 802.11 e Contention Free Burst Mode,,,,https://scholar.google.com/citations?view_op=view_citation&hl=en&user=rCQuA78AAAAJ&cstart=20&pagesize=80&citation_for_view=rCQuA78AAAAJ:hqOjcs7Dif8C,,IEEE,"Nada Chendeb Taher, Yacine Ghamri-Doudane, Bachar El Hassan","Several analytical models have been developed for both 802.11 distributed coordinated function (DCF) and 802.11e enhanced distributed channel access (EDCA). However, none of these models considers the 802.11e Contention Free Burst (CFB) mode which allows a given station to transmit more than one frame for each access to the channel. In spite of its influence on the global performance and its role as a main differentiation parameter in 802.11e, transmission opportunity (TXOP) bursting is ignored in all already existing models. These latter consider, for the sake of simplicity, that a particular station transmits a unique frame when having data to be transmitted. The main objective of the current work is to analyze the TXOP bursting procedure and to propose a simple model allowing us to calculate the transmission time occupied by a particular AC when using the CFB mode. It will be shown that this …",wireless sensor networks,0.133
,"Proceedings. 2004 International Conference on Information and Communication Technologies: From Theory to Applications, 2004.","Evaluation of handover time in different network technologies
R Rahim, B El Hassan, H Afifi - … . 2004 International Conference on Information and …, 2004
Cited by 1 Related articles",2004/4/23,,,,,,217-218,"wireless communications, wireless sensor networks, computer vision",Cited by 1,Bachar ELHASSAN,,,Evaluation of handover time in different network technologies,,,,https://scholar.google.com/citations?view_op=view_citation&hl=en&user=rCQuA78AAAAJ&cstart=100&pagesize=100&citation_for_view=rCQuA78AAAAJ:ZHo1McVdvXMC,,IEEE,"R Rahim, B El Hassan, H Afifi","This work describes the evaluation of handover time in different network technologies. Vertical handover becomes a need as well as a potential, which opens the door with much application. In this work, we define a scenario, which allows handover between a WIFI network and a Bluetooth network. The simulation of handover is simulated on NS, and gave satisfactory results. We are connected to the hardware establishment of the scenario on a mobile PC, which moves between a WIFI network and a Bluetooth network.",wireless sensor networks,0.133
,2025 5th IEEE Middle East and North Africa Communications Conference (MENACOMM),"An UHF RFID Indoor Localization System based on the Maximum Likelihood Estimator with an Effective Tags Deployment Density and a Sub-Metric Accuracy
S Abou Chakra, E Colin, E Hatem, B El Hassan… - 2025 5th IEEE Middle East and North Africa …, 2025
Related articles",2025/2/20,,,,,,1-6,"wireless communications, wireless sensor networks, computer vision",,Bachar ELHASSAN,,,An UHF RFID Indoor Localization System based on the Maximum Likelihood Estimator with an Effective Tags Deployment Density and a Sub-Metric Accuracy,,,,https://scholar.google.com/citations?view_op=view_citation&hl=en&user=rCQuA78AAAAJ&cstart=100&pagesize=100&citation_for_view=rCQuA78AAAAJ:WA5NYHcadZ8C,,IEEE,"Sara Abou Chakra, Elizabeth Colin, Elias Hatem, Bachar El Hassan, Jean-Marc Laheurte","RFID-based indoor localization has received extensive attention from both industry and academia. Most of those systems use the Received Signal Strength (RSS) as positioning metric, thanks to its readability on the majority of user devices. RSS values are easily affected by the surrounding environment, that induces signals fluctuation due to multipath and to the propagation channel non-stationarity. To overcome the impact of these variations, we propose an original combining technique for the RSS samples, using the Maximum Likelihood Estimator (MLE). This approach improves both the fingerprinting reliability and the localization accuracy. Following on measurements in a classroom, our architecture features better results than conventional UHF RFID positioning systems relying on RSSIs averaging; it achieves a position error of 90 centimeters, with an RFID tag deployment density reduced to 0.062 tag per …",Unclassified,0.0
,2021 IEEE 3rd International Multidisciplinary Conference on Engineering Technology (IMCET),"A Modified RC-pLMS Adaptive Beamformer for Secure Digital Communication
G Akkad, A Mansour, B ElHassan, E Inaty - … IEEE 3rd International Multidisciplinary Conference on …, 2021
Related articles All 5 versions",2021/12/8,,https://drive.google.com/file/d/1dTkjl2dI1LU8fD4yjzqdknE7Z3r2LbDf/view,,,,1-5,"wireless communications, wireless sensor networks, computer vision",,Bachar ELHASSAN,,,A Modified RC-pLMS Adaptive Beamformer for Secure Digital Communication,,,,https://scholar.google.com/citations?view_op=view_citation&hl=en&user=rCQuA78AAAAJ&cstart=100&pagesize=100&citation_for_view=rCQuA78AAAAJ:4fKUyHm3Qg0C,,IEEE,"Ghattas Akkad, Ali Mansour, Bachar ElHassan, Elie Inaty","A modified reduced complexity parallel least mean square (mRC-pLMS) adaptive beamforming algorithm for high precision directivity and secure data communication is proposed in this paper. A high performance RC-pLMS algorithm has been proposed, recently, to eliminate the tradeoff between the LMS steady state error and its convergence speed while maintaining a low computational complexity structure. RC-pLMS is obtained by simplifying the two stages parallel LMS (pLMS) and adding a filter to the inputs, thus eliminating the need of an additional LMS filter. To further improve the RC-pLMS convergence speed and accuracy for fast and secure data communication we propose a modified RC-pLMS algorithm. mRC-pLMS is obtained by updating the RC-pLMS weight update equation to make use of the filtered input signal rather than the original input. Numerical simulations reflected by the mean square error …",wireless communications,0.2
"International Conference on Applications in Electronics Pervading Industry, Environment and Society",,"A Self Referencing Technique for the RC-pLMS Adaptive Beamformer and Its Hardware Implementation
G Akkad, A Mansour, B ElHassan, E Inaty, R Ayoubi - International Conference on Applications in Electronics …, 2021
Related articles All 3 versions",2021/9/21,,,,,,76-85,"wireless communications, wireless sensor networks, computer vision",,Bachar ELHASSAN,,,A Self Referencing Technique for the RC-pLMS Adaptive Beamformer and Its Hardware Implementation,,,,https://scholar.google.com/citations?view_op=view_citation&hl=en&user=rCQuA78AAAAJ&cstart=100&pagesize=100&citation_for_view=rCQuA78AAAAJ:5Ul4iDaHHb8C,,Springer International Publishing,"Ghattas Akkad, Ali Mansour, Bachar ElHassan, Elie Inaty, Rafic Ayoubi","In this paper, we propose a self referencing scheme for the reduced complexity parallel least mean square (RC-pLMS) adaptive beamforming algorithm as means of robustness against possible interruptions in the reference signal and its hardware implementation. The RC-pLMS is a single stage, non-blind, least mean square (LMS) algorithm with modified input vectors formed as a linear combination of the current and the previous input sample. In this context, its convergence and its stability are critically dependent on the availability of its reference signal and are known to severally degrade when discontinued. Thus, for robustness against the pre-mentioned and with respect to the RC-pLMS accelerated convergence and low residual error profile, we propose the use of it’s filtered output, as an alternative learning sequence, whenever the original reference signal is discontinued, i.e. self-referencing. The proposed …",Unclassified,0.0
,Journées Imagerie Optique Non-Conventionnelles (JiONC 2021),"Vers une modélisation optique des signatures spectrales et polarimétriques d'objets
M Al Hayek, J Aval, M Elbouz, B Elhassan - … Imagerie Optique Non-Conventionnelles (JiONC 2021 …, 2021
Related articles",2021/3/31,,,,,,,"wireless communications, wireless sensor networks, computer vision",,Bachar ELHASSAN,,,Vers une modélisation optique des signatures spectrales et polarimétriques d'objets,,,,https://scholar.google.com/citations?view_op=view_citation&hl=en&user=rCQuA78AAAAJ&cstart=100&pagesize=100&citation_for_view=rCQuA78AAAAJ:HE397vMXCloC,,,"Marianne Al Hayek, Josselin Aval, Marwa Elbouz, Bachar Elhassan","En exploitant seulement les formes et les couleurs des objets, le domaine de la vision par ordinateur a montré ses limites pour les reconnaître dans une scène. On peut citer par exemple la détection des cibles sous-marines [1], ou la détection précoce du mélanome (cancer de la peau). Ainsi, pour améliorer les performances de ces systèmes, nous proposons d’inclure des modalités d’imagerie non-conventionnelle: l’imagerie hyperspectrale et polarimétrique. Au-delà des formes et des couleurs, ces images renseignent sur les paramètres physiques et chimiques des objets. Derrière cette richesse réside une difficulté du traitement et de l’analyse des données, limitant leur exploitation. Ceci est dû à leur volume, à la complexité et la diversité des phénomènes physiques en jeu. C’est dans ce contexte que se situe ce présent travail: réaliser une étude approfondie et comparative des modèles permettra d’expliquer les signatures optiques d’objets et ainsi estimer les paramètres physico-chimiques.",computer vision,0.204
,,"Low-Complexity Angle-Domain MIMO NOMA System with partial channel state information for MmWave Communications
I Khaled, C Langlais, A Falou, B Elhassan, M Jezequel - arXiv preprint arXiv:2011.10473, 2020
Related articles All 7 versions",2020/11/20,,https://arxiv.org/pdf/2011.10473,,,,,"wireless communications, wireless sensor networks, computer vision",,Bachar ELHASSAN,,,Low-Complexity Angle-Domain MIMO NOMA System with partial channel state information for MmWave Communications,,arXiv preprint arXiv:2011.10473,,https://scholar.google.com/citations?view_op=view_citation&hl=en&user=rCQuA78AAAAJ&cstart=100&pagesize=100&citation_for_view=rCQuA78AAAAJ:SP6oXDckpogC,,,"Israa Khaled, Charlotte Langlais, Ammar Falou, Bachar Elhassan, Michel Jezequel","In millimeter-wave communication, digital beamsteering (DBS), only based on the user direction, is a promising angle-domain multi-antenna technique to mitigate the severe path loss and multiuser interference, with low-complexity and partial channel state information (CSI). In this paper, we design a power-domain non-orthogonal multiple access (NOMA) scheme that enhances the DBS performance trading-off complexity , energy-consumption and capacity performance. In particular, we propose a user-clustering algorithm to pair users, based on a geometric-interference metric, so that the inter-user interference is reduced. Afterward, based on a fixed inter-cluster power allocation, we derive analytically a sub-optimal intra-cluster power allocation optimization problem to maximize the network throughput. To address the issue of partial CSI, we rewrite the aforementioned optimization problem, by relying only on the user direction. Performance evaluation of the proposed schemes is developed in rural environment, based on the New York University millimeter-wave simulator. The obtained results demonstrate that the proposed low-complexity NOMA-DBS schemes with either full-or partial-CSI achieve significant performance improvement over the classical DBS, in terms of spectral-and energy-efficiencies (up to 26.8% bps/Hz rate gain for 45 users using the proposed scheme with partial CSI).",wireless communications,0.203
,,"Odd-Even Transposition Sort Network with On-The-Fly Compare and Swap
G Akkad, R Ayoubi, A Mansour, B ElHassan - … in Electronics Pervading Industry, Environment and …, 2020
Related articles",2020/3/20,627.0,,,,,145,"wireless communications, wireless sensor networks, computer vision",,Bachar ELHASSAN,,,Odd-Even Transposition Sort Network with On-The-Fly Compare and Swap,,"Applications in Electronics Pervading Industry, Environment and Society: APPLEPIES 2019",,https://scholar.google.com/citations?view_op=view_citation&hl=en&user=rCQuA78AAAAJ&cstart=100&pagesize=100&citation_for_view=rCQuA78AAAAJ:1sJd4Hv_s6UC,,Springer Nature,"Ghattas Akkad, Rafic Ayoubi, Ali Mansour, Bachar ElHassan","Sorting algorithms are computationally expensive routines frequently executed on modern computers and embedded systems. Implementing sorting algo-rithms on dedicated hardware can contribute significantly to the overall execution time of the processes and applications embodying them. However, such algorithms are known to suffer from a trade off between convergence time and computational complexity. Consequently, this causes performance degradation ie bottleneck, when implemented on dedicated hardware with limited resources. In this respect, this paper proposes a novel sequential hardware architecture for a bit-serial Odd-Even transposition sorting network with on-the-fly compare and swap, on field programmable gate array (FPGA). In contrast to the classical parallel-data architecture, which oper-ates on N data bits, this implementation significantly minimizes resource utilization while offering higher clock frequency, on the fly compare and swap and preserving O (N) performance complexity. Simulation and synthesis results demonstrates that the proposed architecture is parallel, minimal in size, can operate on much larger arrays for a reference area size, can be easily expanded, and can achieve higher operating frequency.",computer vision,0.2
,2019 2nd IEEE Middle East and North Africa COMMunications Conference (MENACOMM),"Superposition Coding for URLLC Services in a 4G/5G Cooperative System
S Attal, AA Razzac, A El Falou, SE Elayoubi… - 2019 2nd IEEE Middle East and North Africa …, 2019
Related articles All 2 versions",2019/11/19,,,,,,1-6,"wireless communications, wireless sensor networks, computer vision",,Bachar ELHASSAN,,,Superposition Coding for URLLC Services in a 4G/5G Cooperative System,,,,https://scholar.google.com/citations?view_op=view_citation&hl=en&user=rCQuA78AAAAJ&cstart=100&pagesize=100&citation_for_view=rCQuA78AAAAJ:f2IySw72cVMC,,IEEE,"Sarah Attal, Amal Abdel Razzac, Ammar El Falou, Salah Eddine Elayoubi, Bachar Elhassan","URLLC services are very demanding in terms of quality of service (QoS). We study in this paper dual-connectivity as an enabler for ultra reliability and specifically consider combining 4G and 5G spectrum for delivering URLLC packets. We compare different dual connectivity schemes, including a best link selection scheme and a maximum ratio combining scheme. We consider first an outdoor scenario with users served by macro base stations, where 4G and 5G transmitters are co-localized, and show that ultra-reliability is difficult to achieve everywhere unless the network is densified, or packets are replicated. We then study an industry 4.0 scenario where UEs are localized within a factory and served by indoor 5G small cells, in addition to coverage from outdoor 4G base stations, and show that URLLC requirements are achievable in this scenario.",wireless sensor networks,0.133
,Journées Nationales des Micro-ondes,"Caractérisation de la propagation d’un signal UHF-RFID à 433MHz pour la localisation indoor
E Colin, E Hatem, S Abou Chakra, B El Hassan… - Journées Nationales des Micro-ondes, 2019
Related articles All 2 versions",2019/5/14,,https://hal.science/hal-04500048/document,,,,,"wireless communications, wireless sensor networks, computer vision",,Bachar ELHASSAN,,,Caractérisation de la propagation d’un signal UHF-RFID à 433MHz pour la localisation indoor,,,,https://scholar.google.com/citations?view_op=view_citation&hl=en&user=rCQuA78AAAAJ&cstart=100&pagesize=100&citation_for_view=rCQuA78AAAAJ:XiVPGOgt02cC,,,"Elizabeth Colin, E Hatem, S Abou Chakra, B El Hassan, Jean-Marc Laheurte","Les systèmes de positionnement indoor sont utilisés pour localiser des personnes ou des objets à l’intérieur des bâtiments. Les technologies utilisées sont très variées, vision, GNSS, Inertial Measurement Unit (IMU), Radiofréquences, etc. L’une d’entre elles c’est Radio Frequency Identification (RFID) est l’une de ces technologies. Cet article vise à caractériser la propagation de balises ou tags UHF-RFID à 433MHz dans un environnement indoor pour des applications de localisation. Mesures et simulations sont effectués dans une salle de classe. Un accord a été observé entre les paramètres mesurés et simulés.",computer vision,0.206
,,"Smart Body Area Networks (SmartBAN): service and application standardized enablers and interfaces, APIs and infrastructure for interoperability management
M Girod-Genet, H Kharboutly, LN Ismail, B El Hassan - 2019
Related articles",2019,,,,,,56,"wireless communications, wireless sensor networks, computer vision",,Bachar ELHASSAN,,,"Smart Body Area Networks (SmartBAN): service and application standardized enablers and interfaces, APIs and infrastructure for interoperability management","Dépt. Réseaux et Service Multimédia Mobiles (Institut Mines-Télécom-Télécom SudParis); Services répartis, Architectures, MOdélisation, Validation, Administration des Réseaux (Institut Mines-Télécom-Télécom SudParis-CNRS); American University of Culture & Education (.); Faculté de Génie/Faculty of Engineering (Université Libanaise/Lebanese University (UL))",,,https://scholar.google.com/citations?view_op=view_citation&hl=en&user=rCQuA78AAAAJ&cstart=100&pagesize=100&citation_for_view=rCQuA78AAAAJ:zA6iFVUQeVQC,,,"Marc Girod-Genet, Haissam Kharboutly, Lina Nachabe Ismail, Bachar El Hassan","ETSI TS 103 327 V1.1.1. The present document describes and specifies the high level infrastructure, its building blocks and associated APIs providing interoperability management solutions for SmartBAN. The architecture described in the present document also enables generic interaction and access to BAN data and entities, and thus paves the way to interoperability (networks and syntactic interoperability). Since the SmartBAN reference architecture specified and formatized in the present document fully relies on SmartBAN open semantic data model and corresponding ontologies as already standardized in [1], it therefore also addresses data and semantic interoperability. The present document is applicable to a BAN and/or a SmartBAN comprising wearable sensors/actuators devices, a relay/coordinator device and a Hub. The relay/Coordinator and the Hub functionalities may be handled by a single device or by two distinct devices. The present document is also addressing syntactic interoperability by defining unified data transfer and message formats",wireless sensor networks,0.271
,"2016 Third International Conference on Digital Information Processing, Data Mining, and Wireless Communications (DIPDMWC)","Optimized energy distribution in Wireless Sensor Networks
S Haddad, J Sayah, MG Genet, B El-Hassan - 2016 Third International Conference on Digital …, 2016
Related articles All 4 versions",2016/7/6,,,,,,284-291,"wireless communications, wireless sensor networks, computer vision",,Bachar ELHASSAN,,,Optimized energy distribution in Wireless Sensor Networks,,,,https://scholar.google.com/citations?view_op=view_citation&hl=en&user=rCQuA78AAAAJ&cstart=100&pagesize=100&citation_for_view=rCQuA78AAAAJ:Se3iqnhoufwC,,IEEE,"Samir Haddad, Jinane Sayah, Marc Girod Genet, Bachar El-Hassan","In this paper, we talk about the optimization of Energy in Wireless Sensor Networks and proposed routing protocol for Wireless Sensor Networks, baptized Energy Based Protocol (EBP) and Clustering EBP that operate under different scenarios and showed, many advantages in terms of load balancing, free looping, minimizing packet error rate and maximizing network lifetime.",wireless sensor networks,0.627
,,"Clustering energy based routing protocol for Wireless Sensor Networks
SE Haddad, M Girod-Genet, BE Hassan, L Nachabe - 2015
Related articles",2015,,,,,,,"wireless communications, wireless sensor networks, computer vision",,Bachar ELHASSAN,,,Clustering energy based routing protocol for Wireless Sensor Networks,,,,https://scholar.google.com/citations?view_op=view_citation&hl=en&user=rCQuA78AAAAJ&cstart=100&pagesize=100&citation_for_view=rCQuA78AAAAJ:08ZZubdj9fEC,,,"Samir El Haddad, Marc Girod-Genet, Bachar El Hassan, Lina Nachabe","In this paper, we present, specify, formalize, validate and qualified a new energy based routing protocol for Wireless Sensors Networks (WSNs). This protocol, called Clustering Energy Based Protocol (CEBP), is based on a new energy model of meshed WSNs and an original clustering technique.",wireless sensor networks,0.636
,2012 2nd International Conference on Advances in Computational Tools for Engineering Applications (ACTEA),"Multiplexing stereo signals using digital watermarking
C El Moucary, B El Hassan, A Kassem, S Mitri… - 2012 2nd International Conference on Advances in …, 2012
Related articles",2012/12/12,,,,,,24-28,"wireless communications, wireless sensor networks, computer vision",,Bachar ELHASSAN,,,Multiplexing stereo signals using digital watermarking,,,,https://scholar.google.com/citations?view_op=view_citation&hl=en&user=rCQuA78AAAAJ&cstart=100&pagesize=100&citation_for_view=rCQuA78AAAAJ:YFjsv_pBGBYC,,IEEE,"C El Moucary, B El Hassan, A Kassem, S Mitri, J Rehban, Y Nemer","3D-images' depth and aspects are reconstructed by the human eye-brain system by appropriately combining the Left and Right components of such images.. The method for multiplexing Left and Right images in stereoscopic images requires double quantity of information and more bandwidth: with Right (Q amount of information) and Left (Q amount of information), 3D image will require 2*Q amount of information. Our objective is to reduce this amount of information, and send the 3D image over one communication channel instead of two which will save bandwidth. In this paper, we tried different methods for reducing the amount of information from reducing the size of the right image, to compressing one image but they did not give 100% accuracy, and resulted in blurred images. Our proposed solution is to encode Right image based on the Left. Hence, the amount of information will become Q * (1 + α) instead of 2*Q …",wireless communications,0.2
,Proc IEEE Vehicular Technology Conference VTC-Fall 2012,"Performance evaluation of dual carrier feature in the uplink of HSPA+ systems
A Abdel-Razzac, S Elayoubi, A El Falou, B El Hassan - Proc IEEE Vehicular Technology Conference VTC-Fall …, 2012
Related articles All 3 versions",2012/9/3,,,,,,,"wireless communications, wireless sensor networks, computer vision",,Bachar ELHASSAN,,,Performance evaluation of dual carrier feature in the uplink of HSPA+ systems,,,,https://scholar.google.com/citations?view_op=view_citation&hl=en&user=rCQuA78AAAAJ&cstart=100&pagesize=100&citation_for_view=rCQuA78AAAAJ:hFOr9nPyWt4C,,,"Amal Abdel-Razzac, Salaheddine Elayoubi, Ammar El Falou, Bachar El Hassan","Performance evaluation of dual carrier feature in the uplink of HSPA+ systems - Université de Bretagne Occidentale Recherche Accéder directement au contenu Pied de page Logo Logo Documentation FR Français (FR) Anglais (EN) Se connecter Portail HAL UBO Recherche Loading... Recherche avancée Information de documents Titres Titres Sous-titre Titre de l'ouvrage Titre du volume (Série) Champ de recherche par défaut (multicritères) + texte intégral des PDF Résumé Texte intégral indexé des documents PDF Mots-clés Type de document Sous-type de document Tous les identifiants du document Identifiant HAL du dépôt Langue du document (texte) Pays (Texte) Ville À paraître (true ou false) Ajouter Auteur Auteur (multicritères) Auteur (multicritères) Auteur : Nom complet Auteur : Nom de famille Auteur : Prénom Auteur : Complément de nom, deuxième prénom Auteur : Organisme payeur Auteur : IdHal (…",Unclassified,0.0
"Innovations and Advances in Computer, Information, Systems Sciences, and Engineering",,"Watermark Singular-Values Encryption and Embedding in the Frequency Domain
CE Moucary, BE Hassan - Innovations and Advances in Computer, Information …, 2012
Related articles All 2 versions",2012/8/28,,,,,,989-999,"wireless communications, wireless sensor networks, computer vision",,Bachar ELHASSAN,,,Watermark Singular-Values Encryption and Embedding in the Frequency Domain,,,,https://scholar.google.com/citations?view_op=view_citation&hl=en&user=rCQuA78AAAAJ&cstart=100&pagesize=100&citation_for_view=rCQuA78AAAAJ:LkGwnXOMwfcC,,Springer New York,"Chady El Moucary, Bachar El Hassan","Protecting digital assets has become not only a taken-for-granted practice in most electronic applications for content and ownership authentication, but robustness and efficiency are becoming decisive attributes when exercising watermarking. A highly efficient approach is suggested and which integrates encryption to a hybrid watermarking algorithm based on the mathematical tools of the well-known singular vector decomposition (SVD) and the discrete wavelet transform (DWT). The innovative attribute of this approach stems from the fact that the suggested method achieves the encryption of the data prior to watermarking in the frequency domain. The encryption algorithm is based on a random key source which entitles the user to have a selected key-length and guarantee a significantly advanced level of intruders’ unawareness. The encryption program is applied to the singular values of the watermark. The …",Unclassified,0.0
,ICSNA 2011,"ADAPTIVE USER PROFILING-BASED CONTEXT-AWARE TRUST MODEL FOR DEPENDENT PEOPLE
A El Husseini, A M'Hamed, B El Hassan - ICSNA 2011, 2011
Related articles All 3 versions",2011/10/24,,https://hal.science/hal-00840885/file/ICSNA-Paper-2011-revised-2.pdf,,,,,"wireless communications, wireless sensor networks, computer vision",,Bachar ELHASSAN,,,ADAPTIVE USER PROFILING-BASED CONTEXT-AWARE TRUST MODEL FOR DEPENDENT PEOPLE,,,,https://scholar.google.com/citations?view_op=view_citation&hl=en&user=rCQuA78AAAAJ&cstart=100&pagesize=100&citation_for_view=rCQuA78AAAAJ:aqlVkmm33-oC,,,"Anas El Husseini, Abdallah M'Hamed, Bachar El Hassan","In smart environments, pervasive computing contributes significantly in improving daily life activities for users by providing personalized services to dependent people. Nevertheless, those environments do not guarantee a satisfactory level for protecting the user privacy and ensuring the trust between communicating entities. Context-based security is an emerging approach to cope with the new security problems introduced by the high level of dynamicity and heterogeneity that characterize pervasive environments. Although the fact that pervasive environments rise the security challenges, they also bring new opportunities due to the ubiquitous technologies and ambient intelligence which provide valuable contextual information about the user and its environment: user's identity, interaction history with services, location, preferences, type of requested services, time/date of service request.",wireless communications,0.2
,"2011 7th International Conference on Wireless Communications, Networking and Mobile Computing","Wireless sensor networks energy based protocol in medical application
S El-Haddad, MG Genet, B El-Hassan - 2011 7th International Conference on Wireless …, 2011
Related articles All 3 versions",2011/9/23,,,,,,1-6,"wireless communications, wireless sensor networks, computer vision",,Bachar ELHASSAN,,,Wireless sensor networks energy based protocol in medical application,,,,https://scholar.google.com/citations?view_op=view_citation&hl=en&user=rCQuA78AAAAJ&cstart=100&pagesize=100&citation_for_view=rCQuA78AAAAJ:_FxGoFyzp5QC,,IEEE,"Samir El-Haddad, Marc Girod Genet, Bachar El-Hassan","In this paper, we talk about Sensor Networks,their different applications and problems encountered, precisely the routing problem which constitutes a major constraint in this type of networks. To address some of the limitations, a new protocol,called Energy Based Protocol (EBP), was proposed. EBP operates under different scenarios and showed, after its simulation using TinyOS, many advantages in terms of load balancing, free looping, minimizing packet error rate and maximizing network lifetime. EBP could be implemented in different applications: hospital surveillance, forest monitoring, etc.",wireless sensor networks,0.617
,,"An Alternative Ray Tracing Algorithm for Understanding Scenes with Embedded Objects
N Dandachy, D Plemenos, S Chendeb, BE Hassan - Journal of Computer Science, 2010
Related articles",2010,6.0,,,,,625,"wireless communications, wireless sensor networks, computer vision",,Bachar ELHASSAN,,,An Alternative Ray Tracing Algorithm for Understanding Scenes with Embedded Objects,,Journal of Computer Science,,https://scholar.google.com/citations?view_op=view_citation&hl=en&user=rCQuA78AAAAJ&cstart=100&pagesize=100&citation_for_view=rCQuA78AAAAJ:4JMBOYKVnBMC,6.0,,"Nancy Dandachy, Dimitri Plemenos, Safwan Chendeb, Bachar E Hassan",,Unclassified,0.0
,,"A novel approach for extended insertion-capacity and encrypted-robust blind watermarking for still images in the DCT domain
C El Moucary, B El Hassan - 2009
Related articles All 2 versions",2009/9/3,,https://citeseerx.ist.psu.edu/document?repid=rep1&type=pdf&doi=4f1964f3a40c13474471baa9cff6f35a092315c9,,,WSEAS International Conference. Proceedings. Recent Advances in Computer Engineering,,"wireless communications, wireless sensor networks, computer vision",,Bachar ELHASSAN,,,A novel approach for extended insertion-capacity and encrypted-robust blind watermarking for still images in the DCT domain,,,,https://scholar.google.com/citations?view_op=view_citation&hl=en&user=rCQuA78AAAAJ&cstart=100&pagesize=100&citation_for_view=rCQuA78AAAAJ:e5wmG9Sq2KIC,9.0,WSEAS,"Chady El Moucary, Bachar El Hassan","This paper presents a novel algorithm for blind watermarking still images in the DCT domain with advanced features. Nine AC values will be modulated to implant an encrypted watermark. Eight of them represent one byte of the useful data to be hidden and the ninth bit represents a key that will be used to scramble the message. Hence, the capacity of insertion is increased by 60% while preserving the imperceptibility criterion. The watermark cannot be hacked because it is scrambled using an individualized key of almost random length and type, hence high level of security. The simulation results reveal satisfactory performance of the algorithm and an acceptable PSNR and limited blocking artifacts.",Unclassified,0.0
,2009 IFIP International Conference on Wireless and Optical Communications Networks,"A Cross-layer study: Impact of terminal categories on adaptability in HSDPA network
R Naja, B El Hassan, S Tohme - 2009 IFIP International Conference on Wireless and …, 2009
Related articles All 2 versions",2009/4/28,,,,,,1-5,"wireless communications, wireless sensor networks, computer vision",,Bachar ELHASSAN,,,A Cross-layer study: Impact of terminal categories on adaptability in HSDPA network,,,,https://scholar.google.com/citations?view_op=view_citation&hl=en&user=rCQuA78AAAAJ&cstart=100&pagesize=100&citation_for_view=rCQuA78AAAAJ:M3ejUd6NZC8C,,IEEE,"Rola Naja, Bachar El Hassan, Samir Tohme","Next generation mobile networks are expected to provide service to intelligent terminals with different categories. To fully optimize wireless networks, we argue that applications demands should be taken into account given the current channel and network conditions. Knowledge has to be shared between layers to obtain the highest possible adaptivity. In this context, we propose and evaluate an adaptive proportional fair algorithm with user multiplexing. Performance results show that the proposed algorithm is effective in reducing sojourn delays and in enhancing fairness among terminal users. The study investigates as well the impact of terminal categories with different levels of performance on our scheduling algorithm.",wireless sensor networks,0.276
,,"Routing in Sensor Networks-DSAP Adjustment and simulation
SE Haddad, MG Genet, BE Hassan - 2008
Related articles",2008,,,,,,,"wireless communications, wireless sensor networks, computer vision",,Bachar ELHASSAN,,,Routing in Sensor Networks-DSAP Adjustment and simulation,,,,https://scholar.google.com/citations?view_op=view_citation&hl=en&user=rCQuA78AAAAJ&cstart=100&pagesize=100&citation_for_view=rCQuA78AAAAJ:J-pR_7NvFogC,,,"Samir El Haddad, Marc Girod Genet, Bachar El Hassan",,wireless sensor networks,0.356
,,"A New Authenticated Key Agreement Protocol
PE ABI-CHAR, A MHAMED, B EL-HASSAN - New Technologies, Mobility and Security, 2007
Related articles All 3 versions",2007,,,,,,629-629,"wireless communications, wireless sensor networks, computer vision",,Bachar ELHASSAN,,,A New Authenticated Key Agreement Protocol,,"New Technologies, Mobility and Security",,https://scholar.google.com/citations?view_op=view_citation&hl=en&user=rCQuA78AAAAJ&cstart=100&pagesize=100&citation_for_view=rCQuA78AAAAJ:4TOpqqG69KYC,,Springer Netherlands,"Pierre E ABI-CHAR, Abdallah MHAMED, Bachar EL-HASSAN","Several protocols have been proposed to provide robust mutual authentication and key establishment for wireless local area network (WLAN). In this paper we present a New Authenticated Key Agreement (NAKA) protocol that provides secure mutual authentication, key establishment and key confirmation over an untrusted network. The main comparative study of our proposed protocol concerns the performance capabilities, including computational and communication load. In addition, the new protocol achieves many of the required security properties. It can resist dictionary attacks mounted by either passive or active networks intruders, allowing even the use of a weak password to be used. It can resist Impersonate attack. It also offers perfect forward secrecy which protects past sessions and passwords against future compromise. Finally, it can resist known-key and resilience to server attack. Our proposed protocol …",wireless communications,0.404
,,"Simulation and refinement of directional source aware routing protocol for wireless sensor networks
SE Haddad, M Girod-Genet, B El Hassan - 2006
Related articles",2006/1/1,,,,,,,"wireless communications, wireless sensor networks, computer vision",,Bachar ELHASSAN,,,Simulation and refinement of directional source aware routing protocol for wireless sensor networks,,,,https://scholar.google.com/citations?view_op=view_citation&hl=en&user=rCQuA78AAAAJ&cstart=100&pagesize=100&citation_for_view=rCQuA78AAAAJ:bnK-pcrLprsC,,,"Samir El Haddad, Marc Girod-Genet, Bachar El Hassan","This paper presents the different problems encountered in sensor networks today, precisely the problem of Routing. The Directional Source Aware routing Protocol (DSAP) is described along with its principle and is simulated using the network simulator OMNET++ useful for debugging, illustration purposes or performance evaluation, and providing a collection of tools that help modifying or implementing new features in an easy fashion. The results of the simulation are commented, the limitations of the current version of DSAP are analyzed along with possible enhancements.",wireless sensor networks,0.618
,,"Tuesday, December 6
AM Naser, YS Faouri, A Jabbar, M Ur-Rehman, Y Assaf…
Related articles",,,https://ieeexplore.ieee.org/iel7/9998177/9998091/09998265.pdf,,,,,"wireless communications, wireless sensor networks, computer vision",,Bachar ELHASSAN,,,"Tuesday, December 6",,,,https://scholar.google.com/citations?view_op=view_citation&hl=en&user=rCQuA78AAAAJ&cstart=100&pagesize=100&citation_for_view=rCQuA78AAAAJ:D_sINldO8mEC,,,"Amro M Naser, Yanal S Faouri, Abdul Jabbar, Masood Ur-Rehman, Yazan Assaf, Malek Al Mahseri, Mohammed Aziz Al Kabir, Wael M El-Medany, Elias Hatem, Sara Abou Chakra, Elizabeth Colin, Jean-Marc Laheurte, Bachar ElHassan, Ghassan Helou, Marc Ibrahim, Rami Tawil, Yasser Mohanna, Mahmood Farhan Mosleh, Hussein Mohammed Naser, Oras Ahmed Al-Ani, Karrar Shakir Muttair, Sarmad Ozan, Alex Pitt, Manish Nair, Mark Beach, Tommaso Cappello, Yaoyao Wang, Rong Zhang, Bin Lu, Xiaoguang Chen",Presents the conference program.,Unclassified,0.0
,,"Représentation et compression à haut niveau sémantique d’images 3D
JC BURIE, V Ricordel, L Morin, B El Hassan, W Falou…
Related articles",,,,,,,,"wireless communications, wireless sensor networks, computer vision",,Bachar ELHASSAN,,,Représentation et compression à haut niveau sémantique d’images 3D,,,,https://scholar.google.com/citations?view_op=view_citation&hl=en&user=rCQuA78AAAAJ&cstart=100&pagesize=100&citation_for_view=rCQuA78AAAAJ:geHnlv5EZngC,,,"Jean-Christophe BURIE, Vincent Ricordel, Luce Morin, Bachar El Hassan, Wassim Falou, Mohamad Khalil, Olivier Deforges",3750<< 37024525244= 27834 08= 50752 179 0> 340? 92824 427087@ 275> 24 04324 A> 920 9252 8740? 92 9? 770@ 40B> 7 0C2D3792> 129> 12527> 1= 87752> 257@ 227> 27527087@ 27927 2524> 34 52870425292> 129> 12 9? 75E4780F32DG3H2395I1305342527 2> 14242@ 0270442C74 274271437 879F374 275747> 272> 23927 7747523 24217777@ 2A34717@ 2JKD37 2> 14242@ 02JK27 479@ 2824 3 0407= 25747427528704275250C29 0772824 55I087@ 29028= 50> 7425524I= 53> 7 0242 8L8214379=> 28824 574742724F3L 27> 9080424427D M42N07 250<<= 924 278740? 927529219= 724 294I04< 2987 024JKD3I34252714379= 1745327> 24707 2 A7772> 029A342087@ 2> 47770F3250 252 2N 3925342087@ 252192< 24523952> 17817DO2 292 (19= 724 7 024> 24H204 212982 70470342P244292> 247 93> 024JK5? 74297F32427523N087@ 27 724 P024> 299= 4= 2752 1437179 0> 340? 92824 739427Q242752> 24 2397524I087@ 252192< 245239D R4> 28179707247C2> 527087@ 27$ K> 47770F327547> 244707774> 25247192< 24523952> 17817 1239427087@ 27JK71129 2524> 34204< 2987 0247= 874 0F3208129 74 2F374 A47> 281270 (02452477>? 42D K747> 2 2 1? 725423719212724770470347> 1= 8752> 257@ 27> 747P425I087@ 27JK52 E12 $ K1437192< 2452397C2> 527< 24> 0244740= 77C74>= 275F3019= 729C2 23 2477= 874 0F3219=(724 25747427087@ 275 23 24@ 7974 07774 34227> 0= 52> 257@ 270@ 40B> 7 0C2D3742 02452 19= 729C7 02452477= 874 0F32123 L 92 97530 224 2982752< 24> 0244740= 7 24427F324I2N 97>(02473 287 …,Unclassified,0.0
,,"FFT Acceleration Techniques Using HLS and HDL for Digital Communication Systems
G Akkad, F Le Roy, A Mansour, B ElHassan, M Najem
Related articles All 2 versions",,,https://www.researchgate.net/profile/Ali-Mansour-4/publication/333006920_Twiddle_Factor_Generation_Using_Chebyshev_Polynomials_and_HDL_for_Frequency_Domain_Beamforming/links/5cdd6880299bf14d959db953/Twiddle-Factor-Generation-Using-Chebyshev-Polynomials-and-HDL-for-Frequency-Domain-Beamforming.pdf,,,,,"wireless communications, wireless sensor networks, computer vision",,Bachar ELHASSAN,,,FFT Acceleration Techniques Using HLS and HDL for Digital Communication Systems,,,,https://scholar.google.com/citations?view_op=view_citation&hl=en&user=rCQuA78AAAAJ&cstart=100&pagesize=100&citation_for_view=rCQuA78AAAAJ:CHSYGLWDkRkC,,,"Ghattas Akkad, Frederic Le Roy, Ali Mansour, Bachar ElHassan, Mohamad Najem","FFT computation is a frequently executed task on reconfigurable hardware targeting signal processing and digital communication applications. It is considered the most time and resource consuming operation since it involves complex operations ie addition and multiplication. This research objective is to explore different FFT acceleration techniques using High Level Synthesis HLS development tools and HDL on field programmable, limited resources devices such as FPGAs. In particular this study focuses on communication systems incorporating filter-based-multicarrier modulations (FBMC), a promising candidate for the 5G technology. This paper presents implementation results and techniques for the 8 and 16 points radix-2 and radix-4 FFT using finite precision, HLS tools and HDL while prompting parallelization, pipelining and hardware reuse architectures.",wireless communications,0.2
,,,,,,,,,170-183,"wireless communications, wireless sensor networks, computer vision",,Bachar ELHASSAN,,,Secure Authenticated and Key Agreement Protocols With Access Control for Mobile Environments,,,,https://scholar.google.com/citations?view_op=view_citation&hl=en&user=rCQuA78AAAAJ&cstart=100&pagesize=100&citation_for_view=rCQuA78AAAAJ:SeFeTyx0c_EC,,,"Mounir MOKHTARI, EL-HASSAN Bachar, Abdallah M'HAMED, E Pierre",,Unclassified,0.0
,,"Contention Free Burst Mode
NC Taher, Y Ghamri-Doudane, B El Hassan
Related articles",,,,,,,,"wireless communications, wireless sensor networks, computer vision",,Bachar ELHASSAN,,,Contention Free Burst Mode,,,,https://scholar.google.com/citations?view_op=view_citation&hl=en&user=rCQuA78AAAAJ&cstart=100&pagesize=100&citation_for_view=rCQuA78AAAAJ:lSLTfruPkqcC,,,"Nada Chendeb Taher, Yacine Ghamri-Doudane, Bachar El Hassan","Several analytical models have been developed for both 802.11 Distributed Coordinated Function(DCF) and 802.11 e Enhanced Distributed Channel Access (EDCA). However, none of these models considers the 802.11 e Contention Free Burst (CFB) mode which allows a given station to transmit more than one frame for each access to the channel. In spite of its influence on the global performance and its role as a main differentiation parameter in 802.1 le, Transmission Opportunity (TXOP) bursting is ignored in all already existing models. These latter consider, for the sake of simplicity, that a particular station transmits a unique frame when having data to be transmitted. The main objective of the current work is to analyze the TXOP bursting procedure and to propose a simple model allowing us to calculate the transmission time occupied by a particular AC when using the CFB mode. It will be shown that this …",wireless sensor networks,0.133
,,"From Images to Augmented Reality
G Dandachi, A Assoum, B ElHassan, F Dornaika
Related articles",,,,,,,,"wireless communications, wireless sensor networks, computer vision",,Bachar ELHASSAN,,,From Images to Augmented Reality,,,,https://scholar.google.com/citations?view_op=view_citation&hl=en&user=rCQuA78AAAAJ&cstart=100&pagesize=100&citation_for_view=rCQuA78AAAAJ:RGFaLdJalmkC,,,"Ghina Dandachi, Ammar Assoum, Bachar ElHassan, Fadi Dornaika","Augmented Reality (AR) is a relatively old concept technology, which became a growing field, with diverse applications ranging from TV and film production, to industrial maintenance, education, commerce, entertainment and games. In this paper, we present an improved approach for AR with commercial purposes, by acting on two phases in the augmented reality process: features extraction and detection, and image registration. At the end, detailed description is given with a performance comparison.",Unclassified,0.0
,,"Etude de la sécurité dans la technologie Bluetooth
N Chendeb, B El Hassan
Related articles",,,https://www.researchgate.net/profile/Bachar-Elhassan/publication/228550653_Etude_de_la_securite_dans_la_technologie_Bluetooth/links/53fb4cf40cf20a4549706aac/Etude-de-la-securite-dans-la-technologie-Bluetooth.pdf,,,,,"wireless communications, wireless sensor networks, computer vision",,Bachar ELHASSAN,,,Etude de la sécurité dans la technologie Bluetooth,,,,https://scholar.google.com/citations?view_op=view_citation&hl=en&user=rCQuA78AAAAJ&cstart=100&pagesize=100&citation_for_view=rCQuA78AAAAJ:QIV2ME_5wuYC,,,"Nada Chendeb, Bachar El Hassan","Le but de cet article est de présenter une vue d’ensemble de l’architecture de sécurité de la technologie Bluetooth, comme elle est appliquée à sa pile protocolaire. Nous commençons tout d’abord par une étude rapide de cette technologie, puis nous détaillons les mécanismes de sécurité mises en place et examiner également vers la fin de l’article certaines des failles de l’architecture de sécurité proposée.",Unclassified,0.0
,,"Alternative visualization techniques for understanding scenes with embedded objects
N DANDACHY, D PLEMENOS, S CHENDEB…
Related articles",,,,,,,,"wireless communications, wireless sensor networks, computer vision",,Bachar ELHASSAN,,,Alternative visualization techniques for understanding scenes with embedded objects,,,,https://scholar.google.com/citations?view_op=view_citation&hl=en&user=rCQuA78AAAAJ&cstart=100&pagesize=100&citation_for_view=rCQuA78AAAAJ:u5HHmVD_uO8C,,,"Nancy DANDACHY, Dimitri PLEMENOS, Safwan CHENDEB, Bachar El HASSAN","This paper is dedicated to virtual world understanding techniques, that helps humans to understand a 3D scene. The paper presents a new technique that creates an alternative new mode of visualization in order to make it possible to have at the same time a total idea of the scene as well as a possibility of exploring objects which are inside, while saving time and memory. The algorithm is applied for any type of scenes modeled on a polygonal mesh. It extends the ray tracing algorithm by removing, from including objects, facets which hide inside ones.",Unclassified,0.0
