Book,Conference,Scholar articles,Publication date,Volume,PDF Link,Patent office,Report number,Source,Pages,Research Interests,Total citations,Researcher Name,Inventors,Patent number,Title,Institution,Journal,Application number,Scholar Link,Issue,Publisher,Authors,Description,Classified_Topic,Classification_Confidence
,,"Phase change materials (PCM) for cooling applications in buildings: A review
F Souayfane, F Fardoun, PH Biwole - Energy and buildings, 2016
Cited by 853 Related articles All 4 versions",2016/10/1,129.0,,,,Energy and buildings,396-431,"energy, heat pumps, energy efficiency in buildings, fatigue, composite materials",Cited by 853,Farouk Fardoun,,,Phase change materials (PCM) for cooling applications in buildings: A review,,,,https://scholar.google.com/citations?view_op=view_citation&hl=en&user=vxvrZiEAAAAJ&citation_for_view=vxvrZiEAAAAJ:SnGPuo6Feq8C,,Elsevier,"Farah Souayfane, Farouk Fardoun, Pascal-Henry Biwole","Cooling demand in the building sector is growing rapidly; thermal energy storage systems using phase change materials (PCM) can be a very useful way to improve the building thermal performance. The right use of PCM in the envelope can minimize peak cooling loads, allow the use of smaller HVAC technical equipment for cooling, and has the capability to keep the indoor temperature within the comfort range due to smaller indoor temperature fluctuations. This article presents an overview of different PCM applications in buildings for reducing cooling loads under different climate conditions, and the factors affecting the successful and the effective use of the PCM. Many drawbacks have been found in PCM applications, mainly the intense impact of summer weather conditions over the PCM performance, which prohibits its complete solidification during night, and thus, limiting its effectiveness during the day …",energy,0.604
,,"Review of tri-generation technologies: Design evaluation, optimization, decision-making, and selection approach
H Al Moussawi, F Fardoun, H Louahlia-Gualous - Energy Conversion and Management, 2016
Cited by 283 Related articles All 5 versions",2016/7/15,120.0,,,,Energy Conversion and Management,157-196,"energy, heat pumps, energy efficiency in buildings, fatigue, composite materials",Cited by 283,Farouk Fardoun,,,"Review of tri-generation technologies: Design evaluation, optimization, decision-making, and selection approach",,,,https://scholar.google.com/citations?view_op=view_citation&hl=en&user=vxvrZiEAAAAJ&citation_for_view=vxvrZiEAAAAJ:TlpoogIpr_IC,,Pergamon,"Houssein Al Moussawi, Farouk Fardoun, Hasna Louahlia-Gualous","Electricity, heating, and cooling are the three main components constituting the tripod of energy consumption in residential, commercial, and public buildings all around the world. Their separate generation causes higher fuel consumption, at a time where energy demands and fuel costs are continuously rising. Combined cooling, heating, and power (CCHP) or trigeneration could be a solution for such challenge yielding an efficient, reliable, flexible, competitive, and less pollutant alternative. A variety of trigeneration technologies are available and their proper choice is influenced by the employed energy system conditions and preferences. In this paper, different types of trigeneration systems are classified according to the prime mover, size and energy sequence usage. A leveled selection procedure is subsequently listed in the consecutive sections. The first level contains the applied prime mover technologies which …",energy,0.604
,,"Passive design optimization of low energy buildings in different climates
F Harkouss, F Fardoun, PH Biwole - Energy, 2018
Cited by 262 Related articles All 9 versions",2018/12/15,165.0,https://www.academia.edu/download/95394533/j.energy.2018.09.01920221207-1-ki7y1e.pdf,,,,591-613,"energy, heat pumps, energy efficiency in buildings, fatigue, composite materials",Cited by 262,Farouk Fardoun,,,Passive design optimization of low energy buildings in different climates,,Energy,,https://scholar.google.com/citations?view_op=view_citation&hl=en&user=vxvrZiEAAAAJ&citation_for_view=vxvrZiEAAAAJ:qwy9JoKyICEC,,Pergamon,"Fatima Harkouss, Farouk Fardoun, Pascal Henry Biwole","Worldwide, the residential buildings are consuming a considerable amount of energy. The high potential of buildings towards energy efficiency has drawn special attention to the passive design parameters. A comprehensive study on optimal passive design for residential buildings is presented in this paper. Twenty-five different climates are simulated with the aim to produce best practices to reduce building energy demands (for cooling and heating) in addition to the life-cycle cost (LCC). The occupants' adaptive thermal comfort is also improved by implementing the appropriate passive cooling strategies such as blinds and natural ventilation. In this respect, the implemented methodology is composed of four phases: building energy simulation, optimization, Multi-criteria Decision Making (MCDM), sensitivity study, and finally an adaptive comfort analysis. An optimal passive solution of the studied building indicates …",energy,0.604
,,"Multi-objective optimization methodology for net zero energy buildings
F Harkouss, F Fardoun, PH Biwole - Journal of Building Engineering, 2018
Cited by 243 Related articles All 5 versions",2018/3/1,16.0,https://www.academia.edu/download/114480901/144341.pdf,,,,57-71,"energy, heat pumps, energy efficiency in buildings, fatigue, composite materials",Cited by 243,Farouk Fardoun,,,Multi-objective optimization methodology for net zero energy buildings,,Journal of Building Engineering,,https://scholar.google.com/citations?view_op=view_citation&hl=en&user=vxvrZiEAAAAJ&citation_for_view=vxvrZiEAAAAJ:QsaTk4IG4EwC,,Elsevier,"Fatima Harkouss, Farouk Fardoun, Pascal Henry Biwole","The challenge in Net Zero Energy Building (NZEB) design is to find the best combination of design strategies that will face the energy performance problems of a particular building. This paper presents a methodology for the simulation-based multi-criteria optimization of NZEBs. Its main features include four steps: building simulation, optimization process, multi-criteria decision making (MCDM) and testing solution's robustness. The methodology is applied to investigate the cost-effectiveness potential for optimizing the design of NZEBs in different case studies taken as diverse climatic zones in Lebanon and France. The investigated design parameters include: external walls and roof insulation thickness, windows glazing type, cooling and heating set points, and window to wall ratio. Furthermore, the inspected RE systems include: solar domestic hot water (SDHW) and photovoltaic (PV) array. The proposed …",energy,0.604
,,"Comparative review study on elastic properties modeling for unidirectional composite materials
R Younes, A Hallal, F Fardoun, FH Chehade - Composites and their properties, 2012
Cited by 209 Related articles All 6 versions",2012/8/22,17.0,https://www.intechopen.com/chapters/38411,,,Composites and their properties,391-408,"energy, heat pumps, energy efficiency in buildings, fatigue, composite materials",Cited by 209,Farouk Fardoun,,,Comparative review study on elastic properties modeling for unidirectional composite materials,,,,https://scholar.google.com/citations?view_op=view_citation&hl=en&user=vxvrZiEAAAAJ&citation_for_view=vxvrZiEAAAAJ:0EnyYjriUFMC,,intech,"Rafic Younes, Ali Hallal, Farouk Fardoun, Fadi Hajj Chehade","Due to the outstanding properties of 2D and 3D textile composites, the use of 3D fiber reinforced in high-tech industrial domains (spatial, aeronautic, automotive, naval, etc...) has been expanded in recent years. Thus, the evaluation of their elastic properties is crucial for the use of such types of composites in advanced industries. The analytical or numerical modeling of textile composites in order to evaluate their elastic properties depend on the prediction of the elastic properties of unidirectional composite materials with long fibers composites"" UD”. UD composites represent the basic element in modeling all laminates or 2D or 3D fabrics. They are considered as transversely isotropic materials composed of two phases: the reinforcement phase and the matrix phase. Isotropic fibers (eg glass fibers) or anisotropic fibers (eg carbon fibers) represent the reinforcement phase while, in general, isotropic materials (eg epoxy, ceramics, etc...) represent the matrix phase (Figure 1).
The effective stiffness and compliance matrices of a transversely isotropic material are defined in the elastic regime by five independent engineering constants: longitudinal and transversal Young's moduli E11 and E22, longitudinal and transversal shear moduli G12 and G23, and major Poisson's ratio v12 (Noting that direction 1 is along the fiber). The minor Poisson's ratio v23 is related to E22 and G12. The effective elastic properties are evaluated in terms of mechanical properties of fibers and matrix (Young's and shear moduli, Poisson's ratios and the fiber volume fraction Vf). The compliance matrix [S] of a transversely isotropic material is given as follow:",composite materials,0.606
,,"Supercooling of phase change materials: A review
I Shamseddine, F Pennec, P Biwole, F Fardoun - Renewable and Sustainable Energy Reviews, 2022
Cited by 203 Related articles All 10 versions",2022/4/1,158.0,https://www.sciencedirect.com/science/article/am/pii/S1364032122000995,,,Renewable and Sustainable Energy Reviews,112172,"energy, heat pumps, energy efficiency in buildings, fatigue, composite materials",Cited by 203,Farouk Fardoun,,,Supercooling of phase change materials: A review,,,,https://scholar.google.com/citations?view_op=view_citation&hl=en&user=vxvrZiEAAAAJ&citation_for_view=vxvrZiEAAAAJ:0aBXIfxlw9sC,,Pergamon,"I Shamseddine, F Pennec, P Biwole, F Fardoun","Supercooling is a natural phenomenon that keeps a phase change material (PCM) in its liquid state at a temperature lower than its solidification temperature. In the field of thermal energy storage systems, entering in supercooled state is generally considered as a drawback, since it prevents the release of the latent heat. Conversely, when dealing with plants, animals or preservation processes, supercooling protects organs, tissues or blood from solidification that leads to damage or to death. This paper first reviews the most important applications and cases in which supercooling can take place and dramatically change the performance. Second, the paper discusses the factors affecting the occurrence and the degree of supercooling, such as cooling rate, PCM container characteristics, PCM thermal history, use of additives, etc. The paper includes a supercooling modeling section, which presents the main …",energy,0.604
,,"Review of water-heating systems: General selection approach based on energy and environmental aspects
O Ibrahim, F Fardoun, R Younes, H Louahlia-Gualous - Building and Environment, 2014
Cited by 191 Related articles All 7 versions",2014/2/1,72.0,https://www.academia.edu/download/40122541/Review_of_Water_Heating_Systems_General_20151117-725-rii5v7.pdf,,,Building and Environment,259-286,"energy, heat pumps, energy efficiency in buildings, fatigue, composite materials",Cited by 191,Farouk Fardoun,,,Review of water-heating systems: General selection approach based on energy and environmental aspects,,,,https://scholar.google.com/citations?view_op=view_citation&hl=en&user=vxvrZiEAAAAJ&citation_for_view=vxvrZiEAAAAJ:5nxA0vEk-isC,,Pergamon,"Oussama Ibrahim, Farouk Fardoun, Rafic Younes, Hasna Louahlia-Gualous","Water heating contributes an important proportion of residential energy consumption all around the world. Different kinds of domestic hot-water production systems exist. The operational cost, environmental effect and performance of these systems differ according to various energy sources, climates, system types and system designs. Hence, the proper choice of a domestic hot-water system could save energy, protect nature and reduce operational costs, significantly. This paper illustrates, to the best of the author's knowledge, the existing water-heating systems all along with the principle, advantages, disadvantages and state-of-the-art for each. Six different categories were presented, namely wood, oil/gas, electric, heat pump, solar and instantaneous systems. The heat-pump systems were further classified into several groups, namely air source, ground source, solar assisted, ground source-solar assisted …",energy,0.604
,,"Review and comparative study of analytical modeling for the elastic properties of textile composites
A Hallal, R Younes, F Fardoun - Composites Part B: Engineering, 2013
Cited by 176 Related articles All 3 versions",2013/7/1,50.0,https://www.sciencedirect.com/science/article/pii/S1359836813000309,,,,22-31,"energy, heat pumps, energy efficiency in buildings, fatigue, composite materials",Cited by 176,Farouk Fardoun,,,Review and comparative study of analytical modeling for the elastic properties of textile composites,,Composites Part B: Engineering,,https://scholar.google.com/citations?view_op=view_citation&hl=en&user=vxvrZiEAAAAJ&citation_for_view=vxvrZiEAAAAJ:LkGwnXOMwfcC,,Elsevier,"Ali Hallal, Rafic Younes, Farouk Fardoun","In this study, a review of the progress made in analytical modeling of 2D and 3D textile composites is presented. The review covers the most known analytical models developed in the last 30years to evaluate the elastic properties of textile composites. A discussion of these models is presented, where the corresponding advantages and disadvantages are revealed. In addition, a comparative study of some selected analytical models is presented. Results obtained from previous analytical, numerical and experimental studies are presented in order to show the potential of investigated analytical models. It is shown that recently developed analytical models, applied on different kinds of textile composites, could yield good results, while maintaining more flexibility, easy to apply and the less time consuming in comparing with numerical FE (Finite Element) models.",composite materials,0.2
,,"Improved analytical model to predict the effective elastic properties of 2.5 D interlock woven fabrics composite
A Hallal, R Younes, F Fardoun, S Nehme - Composite Structures, 2012
Cited by 138 Related articles All 2 versions",2012/10/1,94.0,,,,,3009-3028,"energy, heat pumps, energy efficiency in buildings, fatigue, composite materials",Cited by 138,Farouk Fardoun,,,Improved analytical model to predict the effective elastic properties of 2.5 D interlock woven fabrics composite,,Composite Structures,,https://scholar.google.com/citations?view_op=view_citation&hl=en&user=vxvrZiEAAAAJ&citation_for_view=vxvrZiEAAAAJ:Y0pCki6q_DkC,10,Elsevier,"Ali Hallal, Rafic Younes, Farouk Fardoun, Samer Nehme","An improved analytical modeling, three stages homogenization method “3SHM”, of a 2.5D interlock woven composite is proposed. The development of the analytical model based on mixed iso-strain and iso-stress assembling models (the stiffness and the compliance averaging models) is presented. A finite element (FE) modeling is carried out in order to use its results in the development of the analytical model. It is proved that a model based only on an iso-strain condition could not give accurate results, while a mixed iso-strain and iso-stress model yields more accurate estimations. the developed homogenization method as well as the geometrical modeling, that takes into account the real geometry of undulated yarns, proposed by the analytical model leads to very good agreement in comparing with results obtained from FE models and available experimental data from the literature.",composite materials,0.204
,,"Optimal design of renewable energy solution sets for net zero energy buildings
F Harkouss, F Fardoun, PH Biwole - Energy, 2019
Cited by 125 Related articles All 11 versions",2019/7/15,179.0,https://www.academia.edu/download/95394534/j.energy.2019.05.01320221207-1-6aab0n.pdf,,,,1155-1175,"energy, heat pumps, energy efficiency in buildings, fatigue, composite materials",Cited by 125,Farouk Fardoun,,,Optimal design of renewable energy solution sets for net zero energy buildings,,Energy,,https://scholar.google.com/citations?view_op=view_citation&hl=en&user=vxvrZiEAAAAJ&citation_for_view=vxvrZiEAAAAJ:X9ykpCP0fEIC,,Pergamon,"Fatima Harkouss, Farouk Fardoun, Pascal Henry Biwole","Net-zero energy buildings (NZEBs) have been considered as an efficient solution to limit the growing energy consumption and pollution emissions from buildings. The configurations and the capacities of the implemented renewable energy systems in NZEBs should be wisely selected to ensure the intended performance objective. This study aims to optimize, investigate and compare six renewable energy solution sets for designing NZEBs in three different climates: Indore (cooling dominant), Tromso (heating dominant), and Beijing (mixed climate). The optimization is carried out using a multi-criteria decision-making methodology. The implemented methodology is composed of two phases. In the first phase, the optimal sizes of solution sets in each climate are derived and analyzed. The effectiveness of optimal solution sets is evaluated with respect to economy, environment, energy and grid stress. In the second …",energy,0.604
,,"Energy performance and economic analysis of a TIM-PCM wall under different climates
F Souayfane, PH Biwole, F Fardoun, P Achard - Energy, 2019
Cited by 117 Related articles All 13 versions",2019/2/15,169.0,https://www.sciencedirect.com/science/article/am/pii/S0360544218324885,,,,1274-1291,"energy, heat pumps, energy efficiency in buildings, fatigue, composite materials",Cited by 117,Farouk Fardoun,,,Energy performance and economic analysis of a TIM-PCM wall under different climates,,Energy,,https://scholar.google.com/citations?view_op=view_citation&hl=en&user=vxvrZiEAAAAJ&citation_for_view=vxvrZiEAAAAJ:-DxkuPiZhfEC,,Pergamon,"Farah Souayfane, Pascal Henry Biwole, Farouk Fardoun, Patrick Achard","The application of an innovative translucent superinsulated latent heat storage wall, combining transparent insulation material and phase change materials (TIM-PCM wall), on the envelope of a typical office under different climates is evaluated. Energy and economic analysis related to this application are presented. The simulation process is carried out using an experimentally validated numerical model. The results show that the incorporation of the TIM-PCM wall, on the south orientation, is more efficient than the use of a double-glazed in all considered climates. The optimum TIM-PCM wall area is evaluated economically through life-cycle cost and payback period analysis. The purpose is to ensure effective performance of the wall in each climate and at the same time to ensure economic viability. The results show that, in polar and subarctic climates, the application of the TIM-PCM wall has a high economic value …",energy,0.605
,,"Air source heat pump water heater: Dynamic modeling, optimal energy management and mini-tubes condensers
O Ibrahim, F Fardoun, R Younes, H Louahlia-Gualous - Energy, 2014
Cited by 116 Related articles All 10 versions",2014/1/1,64.0,https://www.academia.edu/download/40122504/Air_source_heat_pump_water_heater_Dynami20151117-18390-1sgz7m.pdf,,,,1102-1116,"energy, heat pumps, energy efficiency in buildings, fatigue, composite materials",Cited by 116,Farouk Fardoun,,,"Air source heat pump water heater: Dynamic modeling, optimal energy management and mini-tubes condensers",,Energy,,https://scholar.google.com/citations?view_op=view_citation&hl=en&user=vxvrZiEAAAAJ&citation_for_view=vxvrZiEAAAAJ:rTD5ala9j4wC,,Pergamon,"Oussama Ibrahim, Farouk Fardoun, Rafic Younes, Hasna Louahlia-Gualous","This paper presents a dynamic simulation model to predict the performance of an ASHPWH (air source heat pump water heater). The developed model is used to assess its performance in the Lebanese context. It is shown that for the four Lebanese climatic zones, the expected monthly values of the average COP (coefficient of performance) varies from 2.9 to 5, leading to high efficiencies compared with conventional electric water heaters. The energy savings and GHG (greenhouse gas) emissions reduction are investigated for each zone. Furthermore, it is recommended to use the ASHPWH during the period of highest daily ambient temperatures (noon or afternoon), assuming that the electricity tariff and hot water loads are constant. In addition, an optimal management model for the ASHPWH is developed and applied for a typical winter day of Beirut. Moreover, the developed dynamic model of ASHPWH is used to …",energy,0.604
,,"Selection based on differences between cogeneration and trigeneration in various prime mover technologies
H Al Moussawi, F Fardoun, H Louahlia - Renewable and Sustainable Energy Reviews, 2017
Cited by 115 Related articles All 6 versions",2017/7/1,74.0,https://www.researchgate.net/profile/Houssein-Al-Moussawi-2/publication/314025040_Selection_based_on_differences_between_cogeneration_and_trigeneration_in_various_prime_mover_technologies/links/59d3f6390f7e9b4fd7ffc5f3/Selection-based-on-differences-between-cogeneration-and-trigeneration-in-various-prime-mover-technologies.pdf,,,Renewable and Sustainable Energy Reviews,491-511,"energy, heat pumps, energy efficiency in buildings, fatigue, composite materials",Cited by 115,Farouk Fardoun,,,Selection based on differences between cogeneration and trigeneration in various prime mover technologies,,,,https://scholar.google.com/citations?view_op=view_citation&hl=en&user=vxvrZiEAAAAJ&citation_for_view=vxvrZiEAAAAJ:rbm3iO8VlycC,,Pergamon,"Houssein Al Moussawi, Farouk Fardoun, Hasna Louahlia","Energy demands and fuel costs are continuously increasing which necessitates either finding new energy resources or improving current energy systems. Multi-generation systems as cogeneration (CHP) and trigeneration (CCHP) are interesting solutions that can enhance energy generation performance and fix some interrelated reliability, safety, and flexibility issues. In this regard, many prime mover technologies are available in which the choice between each is greatly dependent on end-user conditions and preferences. Yet, it is prior to choose whether cogeneration or trigeneration is more suitable. Thus, this paper reviews the main differences between CHP and CCHP systems in most available prime mover technologies, after which a selection table is proposed in order to make appropriate multi-generation system installation choices, depending on specific case study parameters. In general, CHP and CCHP …",energy,0.604
,,"Electricity of Lebanon: Problems and recommendations
F Fardoun, O Ibrahim, R Younes, H Louahlia-Gualous - Energy Procedia, 2012
Cited by 86 Related articles All 11 versions",2012/1/1,19.0,https://www.sciencedirect.com/science/article/pii/S1876610212009812/pdf?md5=4bc02593b9ab075e3a44c2581894f5a1&pid=1-s2.0-S1876610212009812-main.pdf,,,,310-320,"energy, heat pumps, energy efficiency in buildings, fatigue, composite materials",Cited by 86,Farouk Fardoun,,,Electricity of Lebanon: Problems and recommendations,,Energy Procedia,,https://scholar.google.com/citations?view_op=view_citation&hl=en&user=vxvrZiEAAAAJ&citation_for_view=vxvrZiEAAAAJ:eQOLeE2rZwMC,,Elsevier,"Farouk Fardoun, Oussama Ibrahim, Rafic Younes, Hasna Louahlia-Gualous","This paper presents a detailed review of EDL (Electricité du Liban). It displays the institution's technical problems at the level of electricity generation, transmission and distribution as well as the administrative and financial states and suggests several recommendations. It is obvious that EDL suffers a great shortage in its generating capacity and human resources and would not be effective without conducting a national strategy that includes radical solutions.",Unclassified,0.0
,,"Optimization approaches and climates investigations in NZEB—A review
F Harkouss, F Fardoun, PH Biwole - Building Simulation, 2018
Cited by 84 Related articles All 4 versions",2018/5/8,,,,,Building Simulation,1-30,"energy, heat pumps, energy efficiency in buildings, fatigue, composite materials",Cited by 84,Farouk Fardoun,,,Optimization approaches and climates investigations in NZEB—A review,,,,https://scholar.google.com/citations?view_op=view_citation&hl=en&user=vxvrZiEAAAAJ&citation_for_view=vxvrZiEAAAAJ:2v_ZtQDX9iAC,,Tsinghua University Press,"Fatima Harkouss, Farouk Fardoun, Pascal Henry Biwole","The conception of net zero energy buildings (NZEB) has been introduced to limit energy consumption and pollution emissions in buildings. Classification of NZEB is based on renewable energy (RE) supply options, energy measurement process, RE-sources location, and balances whether are energetic or exergetic. In general, it is traditionally agreed that there are three main steps to reach the NZEB performance, starting through the use of passive strategies, energy efficient technologies, and then RE generation systems. Then, these three steps could be accompanied with the smart integration of advanced efficient energy technologies. A state of the art shows that the main ZEB studies are related to: energy savings, reduce electric bills, energy independence, pollution reduction, and occupants comfort, in addition, others are more interested in the aesthetic aspect by combining modern technologies with …",energy,0.604
,,"4-E based optimal management of a SOFC-CCHP system model for residential applications
H Al Moussawi, F Fardoun, H Louahlia - Energy Conversion and Management, 2017
Cited by 83 Related articles All 5 versions",2017/11/1,151.0,https://www.researchgate.net/profile/Houssein-Al-Moussawi-2/publication/320767550_4-E_based_optimal_management_of_a_SOFC-CCHP_system_model_for_residential_applications/links/59fa0a42458515d20c7c90cb/4-E-based-optimal-management-of-a-SOFC-CCHP-system-model-for-residential-applications.pdf,,,,607-629,"energy, heat pumps, energy efficiency in buildings, fatigue, composite materials",Cited by 83,Farouk Fardoun,,,4-E based optimal management of a SOFC-CCHP system model for residential applications,,Energy Conversion and Management,,https://scholar.google.com/citations?view_op=view_citation&hl=en&user=vxvrZiEAAAAJ&citation_for_view=vxvrZiEAAAAJ:IsPWOBWtZBwC,,Pergamon,"Houssein Al Moussawi, Farouk Fardoun, Hasna Louahlia","Enhancing efficiency, meeting environmental standards, and preserving fuel resources are highly important objectives in power generation systems, at a time where world is endangered by several energetic, environmental, and health crises. Thus, better designs are constantly sought to increase the performance of such systems. In this study, an environment friendly trigeneration system based on solid oxide fuel cell (SOFC) is selected and designed for domestic applications. Negligible emissions are thus recorded as the SOFC is fueled solely by hydrogen. The system is modeled following three steps: the energy simulation of residential building to determine its demands, the system’s prime mover–SOFC, and the trigeneration recovery system ensuring the maximum coverage of heating, cooling, and domestic hot water loads respectively. The system is then evaluated under the 4-E assessment criteria: energy …",energy,0.604
,,"Energy status in Lebanon and electricity generation reform plan based on cost and pollution optimization
O Ibrahim, F Fardoun, R Younes, H Louahlia-Gualous - Renewable and Sustainable energy reviews, 2013
Cited by 80 Related articles All 8 versions",2013/4/1,20.0,https://www.academia.edu/download/40122514/Energy_status_in_Lebanon_and_electricity20151117-15026-1799r7u.pdf,,,Renewable and Sustainable energy reviews,255-278,"energy, heat pumps, energy efficiency in buildings, fatigue, composite materials",Cited by 80,Farouk Fardoun,,,Energy status in Lebanon and electricity generation reform plan based on cost and pollution optimization,,,,https://scholar.google.com/citations?view_op=view_citation&hl=en&user=vxvrZiEAAAAJ&citation_for_view=vxvrZiEAAAAJ:roLk4NBRz8UC,,Pergamon,"Oussama Ibrahim, Farouk Fardoun, Rafic Younes, Hasna Louahlia-Gualous","This paper presents a review of the energy status, conventional and renewable, in Lebanon and illustrates their problems with the suggested recommendations. In addition, a detailed review of the principal directorates of the electricity of Lebanon Company (EDL) is also presented all along with the existing problems and recommended solutions. An economic, environmental optimization of different power sources is studied, where three scenarios are introduced based on the fuel source of different CCGT power plants. The results emphasized on the maximum possible use of wind energy and natural gas in electricity generation. Based on the optimization study, a five-year master plan for electricity generation is modeled. The suggested plan has an investment capital cost of 5553 M$ with the savings and additional incomes being 5900 M$ compared to EDL financial status in the adopted base year, 2009. In addition …",energy,0.604
,,"A review on energy piles design, evaluation, and optimization
Z Mohamad, F Fardoun, F Meftah - Journal of Cleaner Production, 2021
Cited by 79 Related articles All 6 versions",2021/4/10,292.0,https://hal.science/hal-03159204v1/file/Mohamad%20et%20al.%20-%202021%20-%20A%20Review%20on%20Energy%20Piles%20Design%2C%20Evaluation%2C%20and%20O.pdf,,,Journal of Cleaner Production,125802,"energy, heat pumps, energy efficiency in buildings, fatigue, composite materials",Cited by 79,Farouk Fardoun,,,"A review on energy piles design, evaluation, and optimization",,,,https://scholar.google.com/citations?view_op=view_citation&hl=en&user=vxvrZiEAAAAJ&citation_for_view=vxvrZiEAAAAJ:ghEM2AJqZyQC,,Elsevier,"Zahraa Mohamad, Farouk Fardoun, Fekri Meftah","Integrating heat exchanger pipes with structural foundations in one system has created a new renewable solution for buildings’ thermal loads. However, the interaction between thermal and geotechnical loads makes their design more complex and challenging. This review-study represents the current state of knowledge about the thermal and thermo-mechanical behaviors of energy piles. It also investigates the key parameters that affect their design concerning the piles’ dimensions, the arrangement of pipes, concrete admixture, and fluid characteristics. It is found that the thermal efficiency improves significantly by increasing the number of pipes inside the piles and by adding thermally conductive materials to the concrete within acceptable limits. Besides, this paper reviews most of the studies conducted on optimizing vertical ground heat exchangers coupled with heat pumps. Objective functions, decision variables …",heat pumps,0.608
,,"Hybrid cooling systems: A review and an optimized selection scheme
F Kojok, F Fardoun, R Younes, R Outbib - Renewable and Sustainable Energy Reviews, 2016
Cited by 79 Related articles All 5 versions",2016/11/1,65.0,,,,Renewable and Sustainable Energy Reviews,57-80,"energy, heat pumps, energy efficiency in buildings, fatigue, composite materials",Cited by 79,Farouk Fardoun,,,Hybrid cooling systems: A review and an optimized selection scheme,,,,https://scholar.google.com/citations?view_op=view_citation&hl=en&user=vxvrZiEAAAAJ&citation_for_view=vxvrZiEAAAAJ:DrR-2ekChdkC,,Pergamon,"Farah Kojok, Farouk Fardoun, Rafic Younes, Rachid Outbib","The hybrid cooling system has proved to be an energy saving technology for building air conditioning. Numerous systems combining different cooling processes or cooling machines have been proposed and investigated in the literature. A properly selected hybrid cooling system offers a great reduction in energy consumption and a coefficient of performance improvement varying according to different climates and system designs. This paper provides a detailed review of existing hybrid cooling systems with their corresponding individual cooling machines. A brief state of the art of the most common individual cooling systems in hybrid cooling for building use is firstly presented. Then, the hybrid cooling systems are classified into five main categories according to the combination of cooling processes or machines: Vapor compression based cooling, absorption based cooling, adsorption based cooling, desiccant …",energy,0.605
,,"Recent advances in thermophysical properties enhancement of phase change materials for thermal energy storage
K Kant, PH Biwole, I Shamseddine, G Tlaiji, F Pennec… - Solar Energy Materials and Solar Cells, 2021
Cited by 75 Related articles All 11 versions",2021/10/1,231.0,https://www.sciencedirect.com/science/article/am/pii/S0927024821003512,,,Solar Energy Materials and Solar Cells,111309,"energy, heat pumps, energy efficiency in buildings, fatigue, composite materials",Cited by 75,Farouk Fardoun,,,Recent advances in thermophysical properties enhancement of phase change materials for thermal energy storage,,,,https://scholar.google.com/citations?view_op=view_citation&hl=en&user=vxvrZiEAAAAJ&citation_for_view=vxvrZiEAAAAJ:eGYfIraVYiQC,,North-Holland,"Karunesh Kant, Pascal Henry Biwole, I Shamseddine, G Tlaiji, F Pennec, F Fardoun","Phase change materials (PCM) are promising technology to store thermal energy at a constant temperature. A large amount of energy can be stored or released in latent heat form during the transition of material from one phase to another. Despite the great benefits, most PCMs have their own limitations i.e., low phase change enthalpy, poor specific heat and thermal conductivity, supercooling, volume change, phase segregation, etc. Consequently, efficient thermal energy storage requires improving the thermophysical properties of PCMs. The present study is a comprehensive review of existing techniques for PCMs thermophysical properties enhancement. The research progresses on adding zero, one, two, and three-dimensionally structured additives to PCM is assessed to improve the thermal transport by enhancing the PCM effective thermal conductivity. The enhancement of latent heat of fusion and specific …",energy,0.604
,,"Thermal behavior of a translucent superinsulated latent heat energy storage wall in summertime
F Souayfane, PH Biwole, F Fardoun - Applied Energy, 2018
Cited by 68 Related articles All 12 versions",2018/5/1,217.0,https://www.academia.edu/download/102196715/j.apenergy.2018.02.11920230514-1-s9p8pp.pdf,,,,390-408,"energy, heat pumps, energy efficiency in buildings, fatigue, composite materials",Cited by 68,Farouk Fardoun,,,Thermal behavior of a translucent superinsulated latent heat energy storage wall in summertime,,Applied Energy,,https://scholar.google.com/citations?view_op=view_citation&hl=en&user=vxvrZiEAAAAJ&cstart=20&pagesize=80&citation_for_view=vxvrZiEAAAAJ:Xz60mAmATU4C,,Elsevier,"Farah Souayfane, Pascal Henry Biwole, Farouk Fardoun","This paper investigates the thermal performance of a translucent solar wall providing, concurrently, storage and restitution of heat, super thermal-acoustic insulation and daylighting to the interior environment. The wall is composed of glazing, silica aerogel used as a transparent insulation material (TIM) and glass bricks filled with fatty acid, an eutectic phase change material (PCM). To assess the TIM–PCM wall thermal behavior, experimentations were conducted in-situ in a full-sized test cell located in Sophia Antipolis, southern France. Experimental data shows that the tested wall is more effective in winter and might cause overheating during the summer mainly due to solar gains and un-cycling behavior of PCM which remains in liquid state. To enhance the energy performance of the wall in summertime, a numerical model describing the heat transfer mechanisms occurring in the PCM layer in combination with the …",energy,0.604
,,"Boiling local heat transfer enhancement in minichannels using nanofluids
AA Chehade, HL Gualous, S Le Masson, F Fardoun… - Nanoscale Research Letters, 2013
Cited by 66 Related articles All 15 versions",2013/12,8.0,https://link.springer.com/article/10.1186/1556-276X-8-130,,,,1-20,"energy, heat pumps, energy efficiency in buildings, fatigue, composite materials",Cited by 66,Farouk Fardoun,,,Boiling local heat transfer enhancement in minichannels using nanofluids,,Nanoscale Research Letters,,https://scholar.google.com/citations?view_op=view_citation&hl=en&user=vxvrZiEAAAAJ&cstart=20&pagesize=80&citation_for_view=vxvrZiEAAAAJ:Se3iqnhoufwC,,Springer New York,"Ali Ahmad Chehade, Hasna Louahlia Gualous, Stephane Le Masson, Farouk Fardoun, Anthony Besq","This paper reports an experimental study on nanofluid convective boiling heat transfer in parallel rectangular minichannels of 800 μm hydraulic diameter. Experiments are conducted with pure water and silver nanoparticles suspended in water base fluid. Two small volume fractions of silver nanoparticles suspended in water are tested: 0.000237% and 0.000475%. The experimental results show that the local heat transfer coefficient, local heat flux, and local wall temperature are affected by silver nanoparticle concentration in water base fluid. In addition, different correlations established for boiling flow heat transfer in minichannels or macrochannels are evaluated. It is found that the correlation of Kandlikar and Balasubramanian is the closest to the water boiling heat transfer results. The boiling local heat transfer enhancement by adding silver nanoparticles in base fluid is not uniform along the channel flow …",heat pumps,0.205
,,"Analysis of the hysteresis loop in stainless steels I. Austenitic and ferritic steels
J Polák, F Fardoun, S Degallaix - Materials Science and Engineering: A, 2001
Cited by 61 Related articles All 5 versions",2001/1/15,297.0,https://www.academia.edu/download/51554300/Pol-Far-Deg-I-01.pdf,,,,144-153,"energy, heat pumps, energy efficiency in buildings, fatigue, composite materials",Cited by 61,Farouk Fardoun,,,Analysis of the hysteresis loop in stainless steels I. Austenitic and ferritic steels,,Materials Science and Engineering: A,,https://scholar.google.com/citations?view_op=view_citation&hl=en&user=vxvrZiEAAAAJ&cstart=20&pagesize=80&citation_for_view=vxvrZiEAAAAJ:u5HHmVD_uO8C,1-2,Elsevier,"Jaroslav Polák, Farouk Fardoun, Suzanne Degallaix",In constant amplitude cyclic straining the hysteresis loops of an austenitic and a ferritic steel were recorded and their shape was analysed. The generalised statistical theory of the hysteresis loop based on the Masing hypothesis that considers the effective stress and the distribution of the critical internal stresses of the elementary volumes was employed. The second derivative of the hysteresis half-loop yields information on the effective stress and the probability density function of the critical internal stresses and its evolution in cyclic straining and in dependence on the strain amplitude. The changes of the effective modulus are also reported. The total cyclic stress can be separated into the effective and internal stress components. The high effective stress in ferritic steel is connected with the difficult motion of screw dislocations in the b.c.c. structure. The evolution of the probability density function of the austenitic and …,Unclassified,0.0
,,"Melting of a phase change material in presence of natural convection and radiation: A simplified model
F Souayfane, PH Biwole, F Fardoun - Applied Thermal Engineering, 2018
Cited by 57 Related articles All 7 versions",2018/2/5,130.0,https://www.academia.edu/download/102196640/j.applthermaleng.2017.11.02620230514-1-g2udn3.pdf,,,,660-671,"energy, heat pumps, energy efficiency in buildings, fatigue, composite materials",Cited by 57,Farouk Fardoun,,,Melting of a phase change material in presence of natural convection and radiation: A simplified model,,Applied Thermal Engineering,,https://scholar.google.com/citations?view_op=view_citation&hl=en&user=vxvrZiEAAAAJ&cstart=20&pagesize=80&citation_for_view=vxvrZiEAAAAJ:UuEBAcK4md4C,,Pergamon,"Farah Souayfane, Pascal Henry Biwole, Farouk Fardoun","In this article, a simplified model for melting of a phase change material (PCM) in presence of natural convection and radiation is presented. A modified enthalpy method is adopted to solve the phase change problem, the natural convection occurring in the liquid PCM is accounted for using the enhanced thermal conductivity approach coupled with the scaling theory, and the absorbed shortwave radiation flux is added into the energy equation as a source term using a simplified solution algorithm. Two dimensional implicit finite volume method is used to solve the energy equation. First, the simplified model for melting with natural convection is validated using a CFD model, in addition to experimental and numerical benchmark solutions for a test case. Then, the simplified model for melting with combined natural convection and radiation is applied to the melting of a fatty acid eutectic filled in glass bricks, which will be …",energy,0.605
,,"Fatigue crack initiation life prediction in high strength structural steel welded joints
A Tricoteaux, F Fardoun, S Degallaix, F Sauvage - Fatigue & Fracture of Engineering Materials & …, 1995
Cited by 45 Related articles All 5 versions",1995/2,18.0,,,,,189-200,"energy, heat pumps, energy efficiency in buildings, fatigue, composite materials",Cited by 45,Farouk Fardoun,,,Fatigue crack initiation life prediction in high strength structural steel welded joints,,Fatigue & Fracture of Engineering Materials & Structures,,https://scholar.google.com/citations?view_op=view_citation&hl=en&user=vxvrZiEAAAAJ&cstart=20&pagesize=80&citation_for_view=vxvrZiEAAAAJ:u-x6o8ySG0sC,2,Blackwell Publishing Ltd,"A Tricoteaux, F Fardoun, S Degallaix, F Sauvage","The local approach method is used to calculate the fatigue crack initiation/early crack growth lives (Ni) in high strength structural steel weldments. Weld‐toe geometries, welding residual stresses and HAZ (heat affected zone) cyclic mechanical properties are taken into account in the Ni estimation procedure. Fatigue crack initiation lives are calculated from either a Basquin type or a Manson‐Collin type equation. The local (HAZ) stress and strain amplitudes and the local mean stress are determined from an analysis based on the Neuber rule and the Molski‐Glinka energy approach. The accuracy of the different methods is evaluated and discussed. Finally the previous methods are used with HAZ cyclic mechanical properties estimated from hardness measurements.",energy,0.605
,,"Quasi-steady state modeling of an air source heat pump water heater
F Fardoun, O Ibrahim, A Zoughaib - Energy Procedia, 2011
Cited by 43 Related articles All 8 versions",2011/1/1,6.0,https://www.sciencedirect.com/science/article/pii/S1876610211014482/pdf?md5=fe7e9ffc18e6cbaf3f914d986452d75a&pid=1-s2.0-S1876610211014482-main.pdf&_valck=1,,,,325-330,"energy, heat pumps, energy efficiency in buildings, fatigue, composite materials",Cited by 43,Farouk Fardoun,,,Quasi-steady state modeling of an air source heat pump water heater,,Energy Procedia,,https://scholar.google.com/citations?view_op=view_citation&hl=en&user=vxvrZiEAAAAJ&cstart=20&pagesize=80&citation_for_view=vxvrZiEAAAAJ:WF5omc3nYNoC,,Elsevier,"Farouk Fardoun, Oussama Ibrahim, Assaad Zoughaib","Heat pump systems can be found in high number of applications. One of these is the production of domestic hot water. This paper presents a quasi-steady state simulation model to predict the performance of a simple air source heat pump water heater (ASHPWH). The mathematical model consists of submodels of the basic system components, namely, evaporator, condenser, compressor, and expansion valve. These submodels were built based on fundamental principles of heat transfer and thermodynamics. The model was coded into MATLAB software and used to predict system parameters of interest such as hot water temperature, evaporating and condensing pressures, heat rejected in the condenser, electric power input, heating seasonal performance factor, and coefficient of performance.",heat pumps,0.405
,,"Numerical/analytical methods to evaluate the mechanical behavior of interlock composites
S Nehme, A Hallal, F Fardoun, R Younes, B Hagege… - Journal of composite materials, 2011
Cited by 42 Related articles All 10 versions",2011/8,45.0,https://citeseerx.ist.psu.edu/document?repid=rep1&type=pdf&doi=048390d0e59015a6a713c923f2031da81e514e79,,,,1699-1716,"energy, heat pumps, energy efficiency in buildings, fatigue, composite materials",Cited by 42,Farouk Fardoun,,,Numerical/analytical methods to evaluate the mechanical behavior of interlock composites,,Journal of composite materials,,https://scholar.google.com/citations?view_op=view_citation&hl=en&user=vxvrZiEAAAAJ&cstart=20&pagesize=80&citation_for_view=vxvrZiEAAAAJ:W7OEmFMy1HYC,16,Sage Publications,"Samer Nehme, Ali Hallal, Farouk Fardoun, Rafic Younes, Benjamin Hagege, Zoheir Aboura, Malk Benzeggagh, Fadi Hage Chehade","It is seen that 2.5D interlocks are particular reinforcements for high advanced applications (i.e., spatial and aeronautics fields) that are believed to have a high structural potential. This kind of reinforcement entails to consider the composite as a structure because interlocks are built by crossing the warp yarns with the weft (or fill) yarns in the three directions. In this article, a new numerical and analytical model is proposed. To evaluate the mechanical behavior, one may obtain numerically, the anisotropic elastic engineering constants from a finite element model (FEM). This technique of virtual testing consists of modeling the composite at the meso-scale to obtain a macro-scale response with a stress—strain analysis. At the moment, numerical simulations of such materials mainly involve geometrical models and automated tetrahedral meshes that make it difficult to cope with the orthotropic behavior of yarns materials …",composite materials,0.408
,,"Effective and internal stresses in cyclic straining of 316 stainless steel
J Polák, F Fardoun, S Degallaix - Materials Science and Engineering: A, 1996
Cited by 38 Related articles All 5 versions",1996/9/15,215.0,,,,,104-112,"energy, heat pumps, energy efficiency in buildings, fatigue, composite materials",Cited by 38,Farouk Fardoun,,,Effective and internal stresses in cyclic straining of 316 stainless steel,,Materials Science and Engineering: A,,https://scholar.google.com/citations?view_op=view_citation&hl=en&user=vxvrZiEAAAAJ&cstart=20&pagesize=80&citation_for_view=vxvrZiEAAAAJ:9yKSN-GCB0IC,1-2,Elsevier,"Jaroslav Polák, Farouk Fardoun, Suzanne Degallaix","The hysteresis loop of a 316 austenitic stainless steel was recorded and analysed in order to separate the contributions of the effective and internal stresses. The difficulties of application of the Kuhlmann-Wilsdorf-Laird method are discussed and a new method based on the statistical approach to analysis of the hysteresis loop (SAP method) is proposed. In contrast to the Kuhlmann-Wilsdorf-Laird method, this method allows evaluation of the effective elastic moduli and the effective stresses in tension and in compression without ambiguity. The SAP method was applied to cyclic loading of 316 austenitic stainless steel and the effective elastic moduli and effective and internal stress components of the cyclic stress in cyclic loading and their dependence on the number of cycles and on the applied strain amplitude was studied. The effective elastic moduli decrease appreciably with the strain amplitude. The effective …",Unclassified,0.0
,,"Analysis of the hysteresis loop in stainless steels II. Austenitic–ferritic duplex steel and the effect of nitrogen
J Polák, F Fardoun, S Degallaix - Materials Science and Engineering: A, 2001
Cited by 37 Related articles All 4 versions",2001/1/15,297.0,,,,,154-161,"energy, heat pumps, energy efficiency in buildings, fatigue, composite materials",Cited by 37,Farouk Fardoun,,,Analysis of the hysteresis loop in stainless steels II. Austenitic–ferritic duplex steel and the effect of nitrogen,,Materials Science and Engineering: A,,https://scholar.google.com/citations?view_op=view_citation&hl=en&user=vxvrZiEAAAAJ&cstart=20&pagesize=80&citation_for_view=vxvrZiEAAAAJ:d1gkVwhDpl0C,1-2,Elsevier,"Jaroslav Polák, Farouk Fardoun, Suzanne Degallaix","The hysteresis loop of austenitic and austenitic–ferritic duplex stainless steels, both with different levels of nitrogen, was analyzed using a generalised statistical theory. The plot of the second derivative yields information on the average effective stress and the probability density function of the critical internal stresses, its evolution in cyclic straining and its dependence on the strain amplitude. The probability density function in duplex steels has two peaks, which correspond to the two-phase structure. The position of these peaks plotted versus the fictive stress corresponds very well to the position of the peaks in the individual phases. The changes of the effective moduli and the evolution of the effective and internal components of the cyclic stress are reported. Nitrogen takes a strong effect on the probability density function of the critical internal stresses in austenitic steel. The suppression of the second peak formed in …",Unclassified,0.0
,,"Optimal management proposal for hybrid water heating system
O Ibrahim, F Fardoun, R Younes, H Louahlia-Gualous - Energy and buildings, 2014
Cited by 29 Related articles All 6 versions",2014/6/1,75.0,https://www.academia.edu/download/40122520/Optimal_Management_Proposal_for_Hybrid_W20151117-18390-1ijc9hq.pdf,,,,342-357,"energy, heat pumps, energy efficiency in buildings, fatigue, composite materials",Cited by 29,Farouk Fardoun,,,Optimal management proposal for hybrid water heating system,,Energy and buildings,,https://scholar.google.com/citations?view_op=view_citation&hl=en&user=vxvrZiEAAAAJ&cstart=20&pagesize=80&citation_for_view=vxvrZiEAAAAJ:QUX0mv85b1cC,,Elsevier,"Oussama Ibrahim, Farouk Fardoun, Rafic Younes, Hasna Louahlia-Gualous","This paper presents the dynamic modeling of a domestic hybrid water heating system. The system is composed of a solar collector, a heat pump water heater, a wind turbine, a battery and a hot water storage tank. Both air-source and geothermal-heat pumps are investigated. Detailed mathematical dynamic models of the individual components are presented and validated. Simulations for typical days in summer and winter for Beirut and Cedars, two Lebanese locations with different meteorological and demographic conditions, are conducted using Matlab software. A renewable coverage factor (RCF) is defined, representing the renewable energy share with respect to the total delivered energy. Results reveal that the proposed hybrid system is capable of securing all hot water needs in all case studies and RCF is always above 63%. Furthermore, an energetic, economic optimal management model is developed for …",heat pumps,0.608
,,"Multi-variable optimization for future electricity-plan scenarios in Lebanon
O Ibrahim, F Fardoun, R Younes, H Louahlia-Gualous… - Energy policy, 2013
Cited by 28 Related articles All 11 versions",2013/7/1,58.0,https://www.academia.edu/download/42495240/Multi-variable_optimization_for_future_e20160209-16814-1iz7mnd.pdf,,,,49-56,"energy, heat pumps, energy efficiency in buildings, fatigue, composite materials",Cited by 28,Farouk Fardoun,,,Multi-variable optimization for future electricity-plan scenarios in Lebanon,,Energy policy,,https://scholar.google.com/citations?view_op=view_citation&hl=en&user=vxvrZiEAAAAJ&cstart=20&pagesize=80&citation_for_view=vxvrZiEAAAAJ:UebtZRa9Y70C,,Elsevier,"Oussama Ibrahim, Farouk Fardoun, Rafic Younes, Hasna Louahlia-Gualous, Mazen Ghandour","This paper presents a brief review of the conventional and renewable energy statuses, in Lebanon, as well as of the principal problems facing the electricity of Lebanon Company (EDL). In addition, an analytical-critical review of the latest three official Lebanese electricity plans is presented. Furthermore, two future electricity generation plan-scenarios for Lebanon are investigated, where multi variables are examined, namely: cost, environment and tariff. First, an economical-environmental optimization is carried out, where two reasonable scenarios are introduced based on the fuel source of CCGT power plants. Results revealed that the investment in wind energy and natural gas for power production should be a main concern in the future. Second, an optimization of the average electricity tariff for each of the two investigated generation scenarios is studied, where three different approaches are illustrated. Results …",energy,0.605
,,"Building retrofitting towards net zero energy: A review
M Ibrahim, F Harkouss, P Biwole, F Fardoun… - Energy and Buildings, 2024
Cited by 22 Related articles All 2 versions",2024/11/1,322.0,,,,Energy and Buildings,114707,"energy, heat pumps, energy efficiency in buildings, fatigue, composite materials",Cited by 22,Farouk Fardoun,,,Building retrofitting towards net zero energy: A review,,,,https://scholar.google.com/citations?view_op=view_citation&hl=en&user=vxvrZiEAAAAJ&cstart=20&pagesize=80&citation_for_view=vxvrZiEAAAAJ:C33y2ycGS3YC,,Elsevier,"Mahdi Ibrahim, Fatima Harkouss, Pascal Biwole, Farouk Fardoun, Salah Ouldboukhitine","High energy consumption is a critical problem that governments are trying to overcome. The concept of Net Zero Energy Building (NZEB) has recently emerged as one of the solutions that can help address this problem, reduce pollution impacts, and mitigate the effects of global warming. The present paper discusses the current research on building energy retrofitting through a comprehensive review of more than fifty case studies, highlighting the ones that aimed to reach a NZEB. The passive, active, and renewable retrofit measures used are discussed. The assessment methodology for choosing the retrofit measures are classified into multi-criteria and optimization approaches and the available simulation tools and algorithms are detailed. The review also indicates that photovoltaic panels are used in retrofitting in all case studies to achieve NZEB, with the tilt angles of photovoltaic panels and solar collectors …",energy,0.604
,,"A corrective function for the estimation of the longitudinal Young’s modulus in a developed analytical model for 2.5 D woven composites
A Hallal, R Younes, S Nehme, F Fardoun - Journal of composite materials, 2011
Cited by 22 Related articles All 5 versions",2011/8,45.0,https://www.researchgate.net/profile/Rafic-Younes/publication/235926257_A_corrective_function_for_the_estimation_of_the_longitudinal_Young%27s_modulus_in_a_developed_analytical_model_for_25D_woven_composites/links/02e7e528a6d74386cc000000/A-corrective-function-for-the-estimation-of-the-longitudinal-Youngs-modulus-in-a-developed-analytical-model-for-25D-woven-composites.pdf,,,,1793-1804,"energy, heat pumps, energy efficiency in buildings, fatigue, composite materials",Cited by 22,Farouk Fardoun,,,A corrective function for the estimation of the longitudinal Young’s modulus in a developed analytical model for 2.5 D woven composites,,Journal of composite materials,,https://scholar.google.com/citations?view_op=view_citation&hl=en&user=vxvrZiEAAAAJ&cstart=20&pagesize=80&citation_for_view=vxvrZiEAAAAJ:ufrVoPGSRksC,17,Sage Publications,"Ali Hallal, Rafic Younes, Samer Nehme, Farouk Fardoun","In this article, the problem that is faced when the developed analytical model is applied to 2.5D interlocks of the ‘yarn—yarn’ type is discussed. The difficulty encountered is taking into account the influence of the number of weft yarns covered by the warp yarn. Different architectures of these interlocks will have the same stiffness matrix when modeled with the developed analytical model that uses the volume proportion of the three phases: warp, weft, and matrix. The influence of the number of weft yarns on the longitudinal Young’s modulus is studied. A corrective function has been evaluated using a finite element numerical modeling of four fictive woven composites created with ‘ANSYS’ software. These woven composite have the same undulated warp and linear weft yarns, while they differ in the number of weft yarns covered by a warp yarn. The longitudinal Young’s modulus is evaluated for each composite using a …",composite materials,0.205
,2016 3rd International Conference on Renewable Energies for Developing Countries (REDEC),"Optimization of design parameters of a net zero energy home
F Harkouss, F Fardoun, PH Biwole - 2016 3rd International Conference on Renewable …, 2016
Cited by 21 Related articles All 5 versions",2016/7/13,,https://www.researchgate.net/profile/Fatima-Harkouss-2/publication/308846103_Optimization_of_design_parameters_of_a_net_zero_energy_home/links/5a2d44eda6fdccfbbf897f5b/Optimization-of-design-parameters-of-a-net-zero-energy-home.pdf,,,,1-6,"energy, heat pumps, energy efficiency in buildings, fatigue, composite materials",Cited by 21,Farouk Fardoun,,,Optimization of design parameters of a net zero energy home,,,,https://scholar.google.com/citations?view_op=view_citation&hl=en&user=vxvrZiEAAAAJ&cstart=20&pagesize=80&citation_for_view=vxvrZiEAAAAJ:JTqpx9DYBaYC,,IEEE,"Fatima Harkouss, Farouk Fardoun, Pascal-Henry Biwole","A simple model for a detached house in Beirut is optimized using a building energy simulation program to minimize two objective functions: the annual thermal demand; and the difference between the total electrical load and the on-site electricity generated from the renewable energy system. The optimization variables are: insulation thickness of external walls and roof, thickness of roof reinforced concrete, size of windows on each façade, number of solar collectors of the domestic hot water system (SDHW), SDHW circulating pump flow rate, and number of panels of the Photovoltaic system (PV). The main optimization constraint adopted is the thermal comfort criterion. Results of the optimization shows that the exclusion of cost parameter may lead to unfeasible solutions even if the net zero balance is theoretically achieved.",energy,0.604
,,"Internal and effective stress analysis in stainless steels using the statistical approach method
F Fardoun, J Polák, S Degallaix - Materials Science and Engineering: A, 1997
Cited by 17 Related articles All 5 versions",1997/8/30,234.0,,,,,456-458,"energy, heat pumps, energy efficiency in buildings, fatigue, composite materials",Cited by 17,Farouk Fardoun,,,Internal and effective stress analysis in stainless steels using the statistical approach method,,Materials Science and Engineering: A,,https://scholar.google.com/citations?view_op=view_citation&hl=en&user=vxvrZiEAAAAJ&cstart=20&pagesize=80&citation_for_view=vxvrZiEAAAAJ:2osOgNQ5qMEC,,Elsevier,"Farouk Fardoun, Jaroslav Polák, Suzanne Degallaix","The statistical approach method was applied to the analysis of the hysteresis loops in low-cycle fatigue of stainless steels with different crystalline structures. This method, based on Masing hypotheses, allows to determine the effective stress, the effective elastic modulus and the ‘probability density function’ of the internal critical stresses. The dependence of these quantities on the applied strain amplitude was investigated in austenitic, ferritic and duplex stainless steels. The ‘probability density function’ in austenitic stainless steel exhibits a single peak. It changes appreciably with strain amplitude. This dependence on the strain amplitude was less important in the ferritic stainless steel. A double peak form was found on the ‘probability density function’ in duplex stainless steel, which is believed to correspond to the plastic deformations of the two phases, γ and α, respectively.",fatigue,0.605
,2017 Sensors Networks Smart and Emerging Technologies (SENSET),"Multi-objective decision making optimization of a residential net zero energy building in cold climate
F Harkouss, F Fardoun, PH Biwole - 2017 Sensors Networks Smart and Emerging …, 2017
Cited by 14 Related articles All 11 versions",2017/9/12,,https://minesparis-psl.hal.science/hal-01660981/file/Senset%202017-paper.pdf,,,,1-4,"energy, heat pumps, energy efficiency in buildings, fatigue, composite materials",Cited by 14,Farouk Fardoun,,,Multi-objective decision making optimization of a residential net zero energy building in cold climate,,,,https://scholar.google.com/citations?view_op=view_citation&hl=en&user=vxvrZiEAAAAJ&cstart=20&pagesize=80&citation_for_view=vxvrZiEAAAAJ:k_7cPK9k7w8C,,IEEE,"Fatima Harkouss, Farouk Fardoun, Pascal-Henry Biwole","The challenge in Zero energy building (ZEB) design is to find the best combination of design strategies that would face the energy performance problems of a particular building. This paper outlines the methodology and the cost-effectiveness potential for optimizing the design of net-zero energy building (NZEB) in a cold climate region in Lebanon; Cedars. Specifically, the non-sorting genetic algorithm (NSGA-II) is chosen in order to minimize thermal, electrical demands and life cycle cost (LCC) while reaching the net zero energy balance; and thus getting the Pareto-front. A ranking decision making technique (ELECTRE III) is applied to the Pareto-front so as to obtain one optimal solution. A wide range of energy efficiency measures are investigated, besides solar energy systems are employed to produce required electricity and hot water for domestic purposes. The results clearly indicate that, for designing a …",energy,0.604
,,"Evaluation of longitudinal and transversal Young’s moduli for unidirectional composite material with long fibers
A Hallal, F Fardoun, R Younes, F Hage Chehade - Advanced Materials Research, 2011
Cited by 14 Related articles All 7 versions",2011/10/1,324.0,https://www.academia.edu/download/68863821/Evaluation_of_Longitudinal_and_Transvers20210824-6639-dq6dju.pdf,,,,189-192,"energy, heat pumps, energy efficiency in buildings, fatigue, composite materials",Cited by 14,Farouk Fardoun,,,Evaluation of longitudinal and transversal Young’s moduli for unidirectional composite material with long fibers,,Advanced Materials Research,,https://scholar.google.com/citations?view_op=view_citation&hl=en&user=vxvrZiEAAAAJ&cstart=20&pagesize=80&citation_for_view=vxvrZiEAAAAJ:hqOjcs7Dif8C,,Trans Tech Publications Ltd,"Ali Hallal, Farouk Fardoun, Rafic Younes, Fadi Hage Chehade","This work represents a comparative study of available analytical micromechanical models used to evaluate the elastic properties of unidirectional (UD) composite material with long fibers (where the ratio Length/Diameter of the fibers is considered to be infinite). The objective of this work is to find the appropriate model, to be used with different volume fractions of fibers, to determine the micromechanical elastic properties. This study is carried out due to the importance of using the suitable micromechanical model, when modeling bi-dimensional and tridimensional composite materials. The models are divided into two different categories: rheological, and inclusion models. The UD composite material represents a transversely isotropic material composed of two phases: the reinforcement phase and the matrix phase. Isotropic fibers (e.g. glass fibers) or anisotropic fibers (e.g. carbon fibers) represent the reinforcement …",composite materials,0.61
,,"Recovery storage tank size: An optimization approach for tri-generation systems on diesel power generators
H Al Moussawi, M Mahdi, F Fardoun… - Energy Procedia, 2015
Cited by 12 Related articles All 7 versions",2015/8/1,74.0,https://www.sciencedirect.com/science/article/pii/S1876610215015829/pdf?md5=1e62d91035ace70a165189993d62eac4&pid=1-s2.0-S1876610215015829-main.pdf,,,,788-798,"energy, heat pumps, energy efficiency in buildings, fatigue, composite materials",Cited by 12,Farouk Fardoun,,,Recovery storage tank size: An optimization approach for tri-generation systems on diesel power generators,,Energy Procedia,,https://scholar.google.com/citations?view_op=view_citation&hl=en&user=vxvrZiEAAAAJ&cstart=20&pagesize=80&citation_for_view=vxvrZiEAAAAJ:mWEH9CqjF64C,,Elsevier,"Houssein Al Moussawi, Mohammad Mahdi, Farouk Fardoun, Hasna Louahlia-Gualous","Electrical energy demand is continuously increasing due to the global population growth and improved living standards. This proposes a growth in the potential for the use of tri-generation systems in residential sector, due to their ability to produce both useful thermal energy and electrical power from a single source. In Lebanon, the electrical capacity shortage has created an informal back-up self-generation systems, mostly are diesel power generators, estimated to represent about 30% of all electricity generated. This paper presents a simulation study, using TRNSYS software, of tri-generation systems working on diesel engines to supply the different residential energy demands. The recovered percentage of the exhaust gas wasted energy is determined and an optimizing study is carried out to find the optimum storage tanks sizes of the recovered thermal energy. Results show that tri-generation systems are found …",energy,0.604
,10th International Energy Agency Heat Pump Conference 2011-HPC 2011,"Dynamic modeling of an air source heat pump water heater
F Fardoun, O Ibrahim, A Zoughaib - 10th International Energy Agency Heat Pump …, 2011
Cited by 8 Related articles All 6 versions",2011/5/16,,https://minesparis-psl.hal.science/hal-00770143/document,,,,12 p.,"energy, heat pumps, energy efficiency in buildings, fatigue, composite materials",Cited by 8,Farouk Fardoun,,,Dynamic modeling of an air source heat pump water heater,,,,https://scholar.google.com/citations?view_op=view_citation&hl=en&user=vxvrZiEAAAAJ&cstart=20&pagesize=80&citation_for_view=vxvrZiEAAAAJ:_FxGoFyzp5QC,,,"Farouk Fardoun, Oussama Ibrahim, Assaad Zoughaib","This paper presents a dynamic simulation model to predict the performance of an air source heat pump water heater (ASHPWH). The mathematical model consists of submodels of the basic system components i.e. evaporator, condenser, compressor, and expansion valve. These submodels were built based on fundamental principles of heat transfer, thermodynamics, fluid mechanics, empirical relationships and manufacturer's data as necessary. The model simulation was carried out using MATLAB software. Refrigerant R134a with two different reservoir volumes 150L & 200L are investigated. Additionally, different ambient air temperatures are considered. Results show that the rate of hot water production increases as the water reservoir volume decreases and the integrated COP increases as the ambient temperature increases.",heat pumps,0.405
,,"Improved model for calculating instantaneous efficiency of flat-plate solar thermal collector
O Ibrahim, F Fardoun, R Younes, M Ibrahim - Journal of Heat Transfer, 2018
Cited by 7 Related articles All 2 versions",2018/6/1,140.0,,,,,062801,"energy, heat pumps, energy efficiency in buildings, fatigue, composite materials",Cited by 7,Farouk Fardoun,,,Improved model for calculating instantaneous efficiency of flat-plate solar thermal collector,,Journal of Heat Transfer,,https://scholar.google.com/citations?view_op=view_citation&hl=en&user=vxvrZiEAAAAJ&cstart=20&pagesize=80&citation_for_view=vxvrZiEAAAAJ:SIv7DqKytYAC,6,American Society of Mechanical Engineers,"Oussama Ibrahim, Farouk Fardoun, Rafic Younes, Mohamad Ibrahim","The performance of a flat-plate solar collector is usually assessed by its efficiency. This efficiency is normally defined on a steady-state basis, which makes it difficult to correctly track the instantaneous performance of the collector in various case-studies. Accordingly, this paper proposes an improved definition of instantaneous efficiency of a flat-plate solar collector used as a part of a solar water heating system. Using a predeveloped model by the authors for such a system, the proposed efficiency-definition is examined and compared with the conventional one for specific case studies. The results show that the improved definition of efficiency records reasonable values, i.e., no over-range values are observed contrast to the case of conventional efficiency-definition. Furthermore, this suggested efficiency approximately coincides with the conventional one at a wide range of time, as long as the system is operating in …",heat pumps,0.2
,,"Numerical and experimental investigation of supercooling and natural convection in octadecane phase change material
I Shamseddine, P Biwole, F Fardoun, F Pennec - Energy Reports, 2022
Cited by 6 Related articles All 4 versions",2022/11/1,8.0,https://www.sciencedirect.com/science/article/pii/S2352484722012306,,,,351-361,"energy, heat pumps, energy efficiency in buildings, fatigue, composite materials",Cited by 6,Farouk Fardoun,,,Numerical and experimental investigation of supercooling and natural convection in octadecane phase change material,,Energy Reports,,https://scholar.google.com/citations?view_op=view_citation&hl=en&user=vxvrZiEAAAAJ&cstart=20&pagesize=80&citation_for_view=vxvrZiEAAAAJ:RJOyoaXV5v8C,,Elsevier,"Ibrahim Shamseddine, Pascal Biwole, Farouk Fardoun, Fabienne Pennec","With the increasing global interest in energy savings, latent heat thermal energy storage (LTES) systems are used for energy harvesting and preservation, thus reducing the demand for traditional energy sources. The main concept of solid–liquid LTES systems is to absorb and release the latent heat of a material through consecutive melting/solidification cycles. Supercooling is a phenomenon that prevents the solidification of a liquid having a temperature lower than its melting temperature. Considering this phenomenon in designing the numerical models gives a better prediction of the system’s energy performance. This work is the first attempt to include supercooling in a two-dimensional COMSOL model. The model accommodates natural convection during the melting process and supercooling during the cooling process of the phase change material (PCM). A set of experiments using octadecane PCM are …",energy,0.605
,2016 3rd International Conference on Renewable Energies for Developing Countries (REDEC),"Different mathematical models of convection during phase change
F Souayfane, F Fardoun, PH Biwole - 2016 3rd International Conference on Renewable …, 2016
Cited by 6 Related articles All 2 versions",2016/7/13,,https://www.researchgate.net/profile/Farah-Souayfane/publication/305790625_Different_Mathematical_Models_of_Convection_during_Phase_Change/links/5a02c5d30f7e9b68874e3026/Different-Mathematical-Models-of-Convection-during-Phase-Change.pdf,,,,1-8,"energy, heat pumps, energy efficiency in buildings, fatigue, composite materials",Cited by 6,Farouk Fardoun,,,Different mathematical models of convection during phase change,,,,https://scholar.google.com/citations?view_op=view_citation&hl=en&user=vxvrZiEAAAAJ&cstart=20&pagesize=80&citation_for_view=vxvrZiEAAAAJ:wvYxNZNCP7wC,,IEEE,"Farah Souayfane, Farouk Fardoun, Pascal Henry Biwole","The aim of this paper is to comprehensively study the mathematical modeling applied for phase change taking into consideration the convection in liquid state during melting. Different methods used to model the phase change with convective motion of liquid phase are discussed. First, models based on CFD (computational fluid dynamics) are presented; the solution of Navier-Stokes equations determines the effect of convection in a Newtonian fluid. Secondly, simplified methods are presented, where the convection in the liquid phase change material (PCM) is modeled without the need of the full solution of Navier-Stokes equations. It is clear that the methods based on CFD models are more accurate and express the realistic behavior of the convection effect; however their computational time is very long compared to simplified one.",composite materials,0.2
,,"Experimental study of solid-liquid phase change in the presence of supercooling and natural convection
I Shamseddine, PH Biwole, F Pennec, F Fardoun - International Journal of Thermal Sciences, 2023
Cited by 4 Related articles All 4 versions",2023/8/1,190.0,https://www.sciencedirect.com/science/article/am/pii/S1290072923001266,,,,108265,"energy, heat pumps, energy efficiency in buildings, fatigue, composite materials",Cited by 4,Farouk Fardoun,,,Experimental study of solid-liquid phase change in the presence of supercooling and natural convection,,International Journal of Thermal Sciences,,https://scholar.google.com/citations?view_op=view_citation&hl=en&user=vxvrZiEAAAAJ&cstart=20&pagesize=80&citation_for_view=vxvrZiEAAAAJ:eAlLMO4JVmQC,,Elsevier Masson,"Ibrahim Shamseddine, Pascal Henry Biwole, Fabienne Pennec, Farouk Fardoun","This study experimentally investigates the supercooling and natural convection behavior in three PCM, namely pure octadecane (organic), a eutectic PCM, and sodium acetate trihydrate (inorganic). The aim is to explore the effect of different factors on the degree of supercooling and on the natural convection, and to provide data for numerical simulation models. Results show that the type of PCM, the temperature of the cooling fluid, and mechanical shocks have a direct effect on the degree of supercooling. The supercooled PCM shows a high sensitivity to any changes in the applied conditions. The thermal insulation of the unheated PCM boundaries has a major effect on the solidification and melting dynamics and topology, particularly regarding the solid-liquid interface. The cross-sectional temperature profiles, the inclination of the solid-liquid interface, and the melting rate show that regardless of the PCM, natural …",heat pumps,0.2
,2017 Sensors Networks Smart and Emerging Technologies (SENSET),"Energy performance evaluation of geothermal boreholes
Z Mohamad, F Fardoun - 2017 Sensors Networks Smart and Emerging …, 2017
Cited by 4 Related articles",2017/9/12,,,,,,1-4,"energy, heat pumps, energy efficiency in buildings, fatigue, composite materials",Cited by 4,Farouk Fardoun,,,Energy performance evaluation of geothermal boreholes,,,,https://scholar.google.com/citations?view_op=view_citation&hl=en&user=vxvrZiEAAAAJ&cstart=20&pagesize=80&citation_for_view=vxvrZiEAAAAJ:DyXnQzXoVgIC,,IEEE,"Zahraa Mohamad, Farouk Fardoun","This paper presents the modeling of a geothermal heat pump system (GHP) with vertical borehole heat exchangers (BHE). It has been developed to study the feasibility of applying this system to cooling and heating buildings in Beirut using 3E evaluation criteria: energy, economy, and environment using TRNSYS simulation software. All model components are designed, two sizing methods are used for the pre-design of borehole heat exchangers, in which five cases are studied to select the proper BHE design, based on the evaluation of coefficient of performance, energy consumption, and the change in ground temperature. Simulation results achieve high efficiency of the modeled system; however, they point to a significant increase in the ground temperature. The feasibility analysis demonstrates that GHP system is economically and environmentally feasible compared to conventional air cooled heat pump system …",energy,0.604
,XIIIème Colloque Interuniversitaire Franco-Québécois sur la Thermique des Systèmes,"Modèle simplifié pour la prise en compte de la convection naturelle dans la modélisation du changement de phase solide-liquide
F Souayfane, F Fardoun, PH Biwole - … Colloque Interuniversitaire Franco-Québécois sur la …, 2017
Cited by 4 Related articles All 6 versions",2017/5/22,,https://minesparis-psl.hal.science/hal-01661034/document,,,,,"energy, heat pumps, energy efficiency in buildings, fatigue, composite materials",Cited by 4,Farouk Fardoun,,,Modèle simplifié pour la prise en compte de la convection naturelle dans la modélisation du changement de phase solide-liquide,,,,https://scholar.google.com/citations?view_op=view_citation&hl=en&user=vxvrZiEAAAAJ&cstart=20&pagesize=80&citation_for_view=vxvrZiEAAAAJ:LXmCCkuhhTsC,,,"Farah Souayfane, Farouk Fardoun, Pascal Henry Biwole","Un modèle simplifié basé sur l'approche de la conductivité efficace ainsi que sur la théorie d'échelle est présenté dans ce travail pour modéliser la convection naturelle pendant le processus de fusion d'un matériau à changement de phase. Le modèle mathématique est codé sous MATLAB en utilisant la méthode des volumes finis en deux dimensions. Les résultats du modèle simplifié sont ensuite comparés à ceux d'un modèle CFD complet créé dans COMSOL, et aux résultats numériques des benchmarks trouvés dans la littérature. En particulier, une corrélation du nombre de Nusselt correspondant à notre cas d'étude est trouvée, sur la base du modèle CFD, et est ensuite implémentée dans le modèle simplifié. Les résultats montrent que, pour un temps de calcul largement plus court que celui de la CFD, les valeurs de fraction liquide moyenne et de la position du front de fusion sont acceptables. De plus, Les résultats du modèle de conductivité efficace proposé ont montré un très bon accord avec les résultats numériques des benchmarks.",Unclassified,0.0
,2009 International Conference on Advances in Computational Tools for Engineering Applications,"Heat pump designing and optimization tool
F Fardoun, M Hajjar, H Fardoun - 2009 International Conference on Advances in …, 2009
Cited by 4 Related articles",2009/7/15,,,,,,315-319,"energy, heat pumps, energy efficiency in buildings, fatigue, composite materials",Cited by 4,Farouk Fardoun,,,Heat pump designing and optimization tool,,,,https://scholar.google.com/citations?view_op=view_citation&hl=en&user=vxvrZiEAAAAJ&cstart=20&pagesize=80&citation_for_view=vxvrZiEAAAAJ:YsMSGLbcyi4C,,IEEE,"Farouk Fardoun, Mohammad Hajjar, Habib Fardoun","Heat pump systems can be found in high number of applications. These systems utilization include food preservation, heat removal from industrial processes such as chemical production, and numerous other special applications in the construction and manufacturing industries. Heat pump systems typically consist of many different components; each component may be produced by a different manufacturer. The operational data provided by the different manufacturers for each component is used by system designers to specify installation and operational procedures of the system. Often times, the optimum control of an individual piece of equipment results in sub-optimal system performance due to unforeseen interactions between the different system components. It is important to identify and monitor key parameters of the system, such as power consumption and refrigeration effect, in order to optimize the performance.",heat pumps,0.404
,,"Passive designs and renewable energy systems optimization of a net zero energy building in Embrun/France
F Harkouss, PH Biwole, F Fardoun - IOP conference series: earth and environmental …, 2018
Cited by 3 Related articles All 7 versions",2018/5/1,154.0,https://iopscience.iop.org/article/10.1088/1755-1315/154/1/012009/pdf,,,,012009,"energy, heat pumps, energy efficiency in buildings, fatigue, composite materials",Cited by 3,Farouk Fardoun,,,Passive designs and renewable energy systems optimization of a net zero energy building in Embrun/France,,IOP conference series: earth and environmental science,,https://scholar.google.com/citations?view_op=view_citation&hl=en&user=vxvrZiEAAAAJ&cstart=20&pagesize=80&citation_for_view=vxvrZiEAAAAJ:g5Ck-dwhA_QC,1,IOP Publishing,"Fatima Harkouss, Pascal Henry Biwole, Farouk Fardoun","Buildings' optimization is a smart method to inspect the available design choices starting from passive strategies, to energy efficient systems and finally towards the adequate renewable energy system to be implemented. This paper outlines the methodology and the cost-effectiveness potential for optimizing the design of net-zero energy building in a French city; Embrun. The non-dominated sorting genetic algorithm is chosen in order to minimize thermal, electrical demands and life cycle cost while reaching the net zero energy balance; and thus getting the Pareto-front. Elimination and Choice Expressing the Reality decision making method is applied to the Pareto-front so as to obtain one optimal solution. A wide range of energy efficiency measures are investigated, besides solar energy systems are employed to produce required electricity and hot water for domestic purposes. The results indicate that the …",energy,0.604
,,"Building retrofitting towards net zero energy under climate change
M Ibrahim, F Harkouss, P Biwole, F Fardoun… - Journal of Physics: Conference Series, 2024
Cited by 2 Related articles All 4 versions",2024/10/1,2857.0,https://iopscience.iop.org/article/10.1088/1742-6596/2857/1/012026/pdf,,,,012026,"energy, heat pumps, energy efficiency in buildings, fatigue, composite materials",Cited by 2,Farouk Fardoun,,,Building retrofitting towards net zero energy under climate change,,Journal of Physics: Conference Series,,https://scholar.google.com/citations?view_op=view_citation&hl=en&user=vxvrZiEAAAAJ&cstart=20&pagesize=80&citation_for_view=vxvrZiEAAAAJ:qE4H1tSSYIIC,1,IOP Publishing,"M Ibrahim, F Harkouss, Pascal Biwole, F Fardoun, S Oultboukhtine","The challenge in Net-Zero Energy Building (NZEB) retrofitting is to identify the most effective measures to address energy performance issues. This paper presents a machine learning model for optimizing retrofit measures to achieve NZEB under the influence of climate change. Specifically, the non-dominated sorting genetic algorithm (NSGA-III) minimizes energy consumption and the predicted percentage of dissatisfaction (PPD) while achieving a NZE balance, thereby obtaining the Pareto front. The Order of Preference by Similarity to Ideal Solution (TOPSIS) ranking technique is then applied to the Pareto front to obtain an optimal solution. Various passive energy retrofit measures are investigated, and renewable retrofit measures are employed to cover the required energy. This process is repeated for different time frames to consider the impact of climate change on selecting retrofit measures. The results clearly …",energy,0.604
,Conférence IBPSA France 2024 & Ecole thématique SIMUREX,"Hyperparameter optimization of artificial neural network in building energy simulation
M Ibrahim, P Biwole, SE Ouldboukhitine, F Harkouss… - Conférence IBPSA France 2024 & Ecole thématique …, 2024
Cited by 1 Related articles All 6 versions",2024/5/13,,https://hal.science/hal-04680354/document,,,,,"energy, heat pumps, energy efficiency in buildings, fatigue, composite materials",Cited by 1,Farouk Fardoun,,,Hyperparameter optimization of artificial neural network in building energy simulation,,,,https://scholar.google.com/citations?view_op=view_citation&hl=en&user=vxvrZiEAAAAJ&cstart=20&pagesize=80&citation_for_view=vxvrZiEAAAAJ:Wq2b2clWBLsC,,,"Mahdi Ibrahim, Pascal Biwole, Salah Eddine Ouldboukhitine, Fatima Harkouss, Farouk Fardoun","Artificial Neural Networks (ANNs) play a significant role in emulating Building Energy Simulation (BES), forecasting building energy consumption, and optimizing energy retrofit measures. The determination of the appropriate ANN's architecture is a complex issue. Hyperparameter optimization (HPO) involves aligning ANN prediction results with data to achieve optimal performance by tuning the ANN's hyperparameters. This method is applied to retrofit an existing low-energy building. To construct the ANN for retrofit measures, data obtained through Latin Hypercube sampling are utilized. The ANN is used to predict the hourly energy consumption, the hourly energy generation, and thermal comfort in the retrofit scenario. The results underscore the importance of HPO in achieving predictions with an ANN, demonstrating an R² error exceeding 0.9.",energy,0.605
,,"Plus energy buildings: A numerical case study
A Hawila, H Alsalloum, A Merabtine, F Fardoun… - Fluid Dynamic and Material Process, 2023
Cited by 1 Related articles All 5 versions",2022/6/23,,https://www.researchgate.net/profile/Abed-Hawila/publication/361491564_Plus_Energy_Buildings_A_Numerical_Case_Study/links/62b483eb1010dc02cc563762/Plus-Energy-Buildings-A-Numerical-Case-Study.pdf,,,,1-18,"energy, heat pumps, energy efficiency in buildings, fatigue, composite materials",Cited by 1,Farouk Fardoun,,,Plus Energy Buildings: A Numerical Case Study,,Fluid Dynamics & Materials Processing,,https://scholar.google.com/citations?view_op=view_citation&hl=en&user=vxvrZiEAAAAJ&cstart=20&pagesize=80&citation_for_view=vxvrZiEAAAAJ:2ywjKiB__4kC,,Tech Science Press,"Abed Hawila, Hala Alsalloum, Abdelatif Merabtine, Farouk Fardoun, Rachid Bennacer","The feasibility of Plus Energy Building for a sample relevant case is investigated. After a literature review aimed to identify key aspects of this type of buildings, a preliminary evaluation of the thermal performance of a building constructed using conventional material is presented together with a parametric analysis of the influence of typical influential parameters. Solar domestic hot water (SDHW) and photovoltaic systems (PV) are considered in the study. Numerical simulations indicate that for the examined sample case (Beirut in Lebanon) the total annual energy need of conventional building is 87.1 kWh/(ym 2). About 49% of energy savings can be achieved by improving the building envelope and installing energy efficient technologies. Moreover, about 90% of energy savings in domestic hot water production can be achieved by installing a SDHW system composed of two solar collectors connected in series. Finally, the addition of a grid connected PV array system can significantly mitigate the energy needs of the building leading to an annual excess of energy.",energy,0.604
Towards Sustainable Chemical Processes,,"Optimization and decision-making methods in realization of tri-generation systems
H Al Moussawi, F Fardoun, H Louahlia - Towards Sustainable Chemical Processes, 2020
Cited by 1 Related articles All 2 versions",2020/1/1,,,,,,43-67,"energy, heat pumps, energy efficiency in buildings, fatigue, composite materials",Cited by 1,Farouk Fardoun,,,Optimization and decision-making methods in realization of tri-generation systems,,,,https://scholar.google.com/citations?view_op=view_citation&hl=en&user=vxvrZiEAAAAJ&cstart=20&pagesize=80&citation_for_view=vxvrZiEAAAAJ:zdjWy_NXXwUC,,Elsevier,"Houssein Al Moussawi, Farouk Fardoun, Hasna Louahlia","Two vital factors in energy production are constantly sought at a time where global environmental awareness has potentially increased: energy efficiency and economy. In the absence of renewable or green energy, multigeneration systems are a necessity, delivering multiple forms of usable energy in one system package. For such systems to be realized, it is important that they are optimally designed and selected according to end-user preferences but also meeting the energy, economy, and environment conditions or obligations. Proper design should take into consideration such evaluation criteria, and be optimized correspondently, after which a decision should be made regarding the most appropriate system to be employed. This chapter will go through the different aforementioned design, optimization, and decision-making methods and their application as referred in literature.",energy,0.604
,,"Fatigue Behavior of α/β Brass
F Fardoun, S Iyengar, S Melin - Advanced Materials Research, 2011
Cited by 1 Related articles All 5 versions",2011/10/1,324.0,,,,,185-188,"energy, heat pumps, energy efficiency in buildings, fatigue, composite materials",Cited by 1,Farouk Fardoun,,,Fatigue Behavior of α/β Brass,,Advanced Materials Research,,https://scholar.google.com/citations?view_op=view_citation&hl=en&user=vxvrZiEAAAAJ&cstart=20&pagesize=80&citation_for_view=vxvrZiEAAAAJ:UeHWp8X0CEIC,,Trans Tech Publications Ltd,"Farouk Fardoun, Srinivasan Iyengar, Solveig Melin","Brass is a popular engineering material used in a variety of applications requiring good strength, ductility, corrosion resistance and machinability. This work focuses on the analysis of Stress – Strain Hysteresis Loops obtained in low cycle fatigue experiments in order to determine the internal and effective components of the stress amplitude which provide valuable information about damage mechanisms. Cyclic plastic straining has been studied using the SAP method (Statistical Approach of Plastic deformation). This approach allows the evaluation of the effective and internal stresses, effective elastic modulus and the probability density function, f(σic), which reflects the microstructure of the plastically deformed material. f(σic) obtained from each reversal exhibits two peaks in α/β brass, corresponding to the plastic deformation of each component phase of this material. At low strain amplitudes and during the initial …",fatigue,0.604
,,"Multi-objective hyperparameter optimization of artificial neural network in emulating building energy simulation
M Ibrahim, F Harkouss, P Biwole, F Fardoun… - Energy and Buildings, 2025
Related articles",2025/6/15,337.0,https://www.sciencedirect.com/science/article/pii/S0378778825003731,,,,115643,"energy, heat pumps, energy efficiency in buildings, fatigue, composite materials",,Farouk Fardoun,,,Multi-objective hyperparameter optimization of artificial neural network in emulating building energy simulation,,Energy and Buildings,,https://scholar.google.com/citations?view_op=view_citation&hl=en&user=vxvrZiEAAAAJ&cstart=20&pagesize=80&citation_for_view=vxvrZiEAAAAJ:AYInfyleIOsC,,Elsevier,"Mahdi Ibrahim, Fatima Harkouss, Pascal Biwole, Farouk Fardoun, Salah-Eddine Ouldboukhitine","Artificial Neural Networks (ANNs) play a significant role in emulating Building Energy Simulation (BES), forecasting building energy consumption, and optimizing energy retrofit measures. Determining the appropriate architecture for an ANN that can manage multiple predictions simultaneously is a complex task that requires extensive experimentation and validation to achieve optimal performance. To address this challenge, a novel methodology referred to as Multi-Objective Hyperparameter Optimization of ANN (MOHO-ANN) is introduced. This approach involves aligning ANN prediction results with data to achieve optimal performance by tuning the ANN’s hyperparameters. The methodology consists of calibrating the BES model, creating data using a model sampling step for ANN training, and formulating multi-objective optimization using hyperparameter tuning to obtain the set of optimal ANN architectures. Lastly …",energy,0.605
Latent Heat-Based Thermal Energy Storage Systems,,"Application of PCMs for Enhancing Energy Efficiency and Indoor Comfort in Buildings
F Souayfane, PH Biwolé, F Fardoun - Latent Heat-Based Thermal Energy Storage Systems, 2020
Related articles All 3 versions",2020,6.0,,,,,129–55,"energy, heat pumps, energy efficiency in buildings, fatigue, composite materials",,Farouk Fardoun,,,Application of PCMs for Enhancing Energy Efficiency and Indoor Comfort in Buildings,,,,https://scholar.google.com/citations?view_op=view_citation&hl=en&user=vxvrZiEAAAAJ&cstart=20&pagesize=80&citation_for_view=vxvrZiEAAAAJ:1tZ8xJnm2c8C,,Taylor & Francis,"Farah Souayfane, Pascal Henry Biwole, Farouk Fardoun","In recent years, applying phase change materials (PCMB) has attracted growing attention due to its potential to enhance energy efficiency and to provide thermal comfort in buildings. The proper use of PCMs can reduce the energy demand significantly, keeping the indoor temperature within the comfort range. This chapter provides an update on recent developments in PCMs used to optimize building envelope and equipment. First, a review of PCMs applications to improve building envelope is presented. This is followed by reviewing articles on building equipment optimized with PCMs to reduce regular energy consumption. Finally, conclusions and existing gaps related to the research works on energy performance improvement with PCMs are identified.",energy,0.605
,,"Investigation of exhaust gas heat recovery unit for diesel power generator
I Alhajjar, H Al Moussawi, F Fardoun - MATEC Web of Conferences, 2019
Related articles All 2 versions",2019,281.0,https://www.matec-conferences.org/articles/matecconf/pdf/2019/30/matecconf_incer2019_03008.pdf,,,,03008,"energy, heat pumps, energy efficiency in buildings, fatigue, composite materials",,Farouk Fardoun,,,Investigation of exhaust gas heat recovery unit for diesel power generator,,MATEC Web of Conferences,,https://scholar.google.com/citations?view_op=view_citation&hl=en&user=vxvrZiEAAAAJ&cstart=20&pagesize=80&citation_for_view=vxvrZiEAAAAJ:YlPif8NxrbYC,,EDP Sciences,"Ibrahim Alhajjar, Houssein Al Moussawi, Farouk Fardoun","The aim of this paper is to find a proper heat recovery unit that recovers lost energy from a diesel power generator exhaust. This process is performed by inserting the exhaust gas of a 20 kVA power generator into a specifically configured shell & tube exchanger, and transferring its energy into circulating water. The carried energy is then stored in a thermal storage tank so that it would be used for a selected residential energy demand. This method is called “cogeneration”. Different configurations of heat exchanger and tank volumes are considered and flow simulations are performed in order to select a suitable recovery unit for the given design conditions.",energy,0.605
,3rd Thermal and fluid engineering conference (TFEC),"Melting of a phase change material in presence of natural convection and radiation: A simplified model for engineering applications
F Souayfane, PH Biwole, F Fardoun - 3rd Thermal and fluid engineering conference (TFEC), 2018
Related articles All 2 versions",2018/3/4,,,,,,,"energy, heat pumps, energy efficiency in buildings, fatigue, composite materials",,Farouk Fardoun,,,Melting of a phase change material in presence of natural convection and radiation: A simplified model for engineering applications,,,,https://scholar.google.com/citations?view_op=view_citation&hl=en&user=vxvrZiEAAAAJ&cstart=20&pagesize=80&citation_for_view=vxvrZiEAAAAJ:v6i8RKmR8ToC,,,"Farah Souayfane, Pascal Henry Biwole, Farouk Fardoun","Melting of a phase change material in presence of natural convection and radiation: A simplified model for engineering applications - Archive ouverte HAL Accéder directement au contenu Documentation FR Français (FR) Anglais (EN) Se connecter HAL science ouverte Recherche Loading... Recherche avancée Information de documents Titres Titres Sous-titre Titre de l'ouvrage Titre du volume (Série) Champ de recherche par défaut (multicritères) + texte intégral des PDF Résumé Texte intégral indexé des documents PDF Mots-clés Type de document Sous-type de document Tous les identifiants du document Identifiant HAL du dépôt Langue du document (texte) Pays (Texte) Ville À paraître (true ou false) Ajouter Auteur Auteur (multicritères) Auteur (multicritères) Auteur : Nom complet Auteur : Nom de famille Auteur : Prénom Auteur : Complément de nom, deuxième prénom Auteur : Organisme payeur Auteur : IdHal (…",composite materials,0.2
,ASTFE Digital Library,"MELTING OF A PHASE CHANGE MATERIAL WITH NATURAL CONVECTION AND RADIATION: A SIMPLIFIED MODEL FOR ENGINEERING APPLICATIONS
F Souayfane, PH Biwole, F Fardoun - ASTFE Digital Library, 2018
Related articles All 4 versions",2018,,https://www.dl.astfe.org/download/article/0224c10f7938a02f/TFEC-2018-20822-2_N.pdf,,,,,"energy, heat pumps, energy efficiency in buildings, fatigue, composite materials",,Farouk Fardoun,,,MELTING OF A PHASE CHANGE MATERIAL WITH NATURAL CONVECTION AND RADIATION: A SIMPLIFIED MODEL FOR ENGINEERING APPLICATIONS,,,,https://scholar.google.com/citations?view_op=view_citation&hl=en&user=vxvrZiEAAAAJ&cstart=20&pagesize=80&citation_for_view=vxvrZiEAAAAJ:hSRAE-fF4OAC,,Begel House Inc.,"Farah Souayfane, Pascal Henry Biwole, Farouk Fardoun","A simplified model for combined natural convection and radiation during melting process of a phase change material (PCM) is presented. Enthalpy method is adopted to solve the phase change problem, the natural convection occurring in the liquid PCM is accounted for using the enhanced thermal conductivity approach coupled with the scaling theory, and the absorbed shortwave radiation is added into the energy equation as a source term using a simplified solution algorithm. First, the simplified model for natural convection during melting is validated using a CFD model, in addition to experimental and numerical benchmark solutions for a test case. Then, the simplified model for both natural convection and radiation is applied to the melting of a fatty acid eutectic filled in glass bricks and validated against lattice Boltzmann-discrete ordinate method (LBM-DOM). Finally, the complete model is applied to study the …",energy,0.605
,Forum Doctoral 2017-Ecole doctorale science et technologie,"Convection and Radiation During Melting of a Phase Change Material: A Simplified Model for Engineering Applications
F Souayfane, F Fardoun, PH Biwole - Forum Doctoral 2017-Ecole doctorale science et …, 2017
Related articles All 3 versions",2017/9/27,,,,,,,"energy, heat pumps, energy efficiency in buildings, fatigue, composite materials",,Farouk Fardoun,,,Convection and Radiation During Melting of a Phase Change Material: A Simplified Model for Engineering Applications,,,,https://scholar.google.com/citations?view_op=view_citation&hl=en&user=vxvrZiEAAAAJ&cstart=20&pagesize=80&citation_for_view=vxvrZiEAAAAJ:aIdbFUkbNIkC,,,"Farah Souayfane, Farouk Fardoun, Pascal Henry Biwole","A simplified model for combined natural convection and radiation during melting process of a phase change material (PCM) is presented. First, the simplified model for natural convection during melting is validated using a CFD model, in addition to experimental and numerical benchmark solutions for a test case. Then, the simplified model for both natural convection and radiation is applied to the melting of a fatty acid eutectic filled in glass bricks and validated against lattice Boltzmann-discrete ordinate method (LBM-DOM). Finally, the complete model is applied to study the thermal behavior of a translucent wall; then validated experimentally using a full-scale building located in southern France.",composite materials,0.2
,Séminaire des doctorants GTE,"Matériaux à changements de phase (MCP) pour le confort d'été
F Souayfane, PH Biwole, F Fardoun - Séminaire des doctorants GTE, 2017
Related articles All 2 versions",2017/9/21,,,,,,,"energy, heat pumps, energy efficiency in buildings, fatigue, composite materials",,Farouk Fardoun,,,Matériaux à changements de phase (MCP) pour le confort d'été,,,,https://scholar.google.com/citations?view_op=view_citation&hl=en&user=vxvrZiEAAAAJ&cstart=20&pagesize=80&citation_for_view=vxvrZiEAAAAJ:silx2ntsSuwC,,,"Farah Souayfane, Pascal Henry Biwole, Farouk Fardoun","Matériaux à changements de phase (MCP) pour le confort d’été Page 1 Matériaux à changements de phase (MCP) pour le confort d’été Farah Souayfane, Pascal Henry Biwole, Farouk Fardoun Séminaire des doctorants GTE 21 Septembre 2017 1 Page 2 • Contexte • Problématiques et Objectifs • Méthodes et Résultats principaux • Travaux futurs 2 Page 3 Contexte 3 Mur semi transparent MCP Contenu dans des briques de verre Cellule expérimentale à Sophia Antipolis (centre PERSEE ) Page 4 Problématique et Objectifs 4 - MCP reste liquide: n’arrive plus à déstocker la chaleur emmagasinée - Surchauffe estivale - Verrou technologique Chercher à obtenir le cyclage du MCP l’été - Eviter la situation de surchauffe Verrou scientifique Obtenir un modèle simplifié de fusion avec convection Page 5 Méthodes et Résultats principaux Phénomènes mis en jeu Changement de phase • Méthode « enthalpique » Convection …",Unclassified,0.0
,Colloque des doctorants,"Concept and Modeling of Net Zero Energy Buildings
F Harkouss, PH Biwole, F Fardoun - Colloque des doctorants, 2017
Related articles All 6 versions",2017/9/21,,,,,,,"energy, heat pumps, energy efficiency in buildings, fatigue, composite materials",,Farouk Fardoun,,,Concept and Modeling of Net Zero Energy Buildings,,,,https://scholar.google.com/citations?view_op=view_citation&hl=en&user=vxvrZiEAAAAJ&cstart=20&pagesize=80&citation_for_view=vxvrZiEAAAAJ:Xl6nMSl579sC,,,"Fatima Harkouss, Pascal Henry Biwole, Farouk Fardoun",What is Net Zero Energy Building (NZEB) - Why NZEB - Steps to NZEB - Challenge in NZEB design - Our Objectives - Multi-Objective Optimization (MOO) - Multi-Objective Optimization - MOO Results - Multi-Criteria Decision making (MCDM) - Sensitivity Analysis – Application.,energy,0.613
,Colloque des doctorants Laboratoire Jean-Alexandre Dieudonné (LJAD),"Simplified Model Taking into Account the Natural Convection during Melting of PCM
F Souayfane, PH Biwole, F Fardoun - Colloque des doctorants Laboratoire Jean-Alexandre …, 2017
Related articles All 4 versions",2017/5/13,,https://minesparis-psl.hal.science/hal-01661776/file/colloque-LJAD.pdf,,,,,"energy, heat pumps, energy efficiency in buildings, fatigue, composite materials",,Farouk Fardoun,,,Simplified Model Taking into Account the Natural Convection during Melting of PCM,,,,https://scholar.google.com/citations?view_op=view_citation&hl=en&user=vxvrZiEAAAAJ&cstart=20&pagesize=80&citation_for_view=vxvrZiEAAAAJ:sA9dB-pw3HoC,,,"Farah Souayfane, Pascal Henry Biwole, Farouk Fardoun","Different mathematical models of phase change including convection effect Page 1 fsouayfane@unice.fr Colloque des doctorants LJAD 2017 Barcelonnette - May 2017 Farah SOUAYFANE, Pascal-Henry BIWOLE, Farouk FARDOUN Page 2 Outline I. Introduction II. Objectives III. Physical phenomena IV. Case study V. Numerical procedure VI. Results VII.Conclusion and perspective 2 Page 3 I. Introduction  In thermal engineering applications, phase change problem is simplified  Building models with integrated PCM ignore the convection effect in the liquid region  Only conduction in the energy equation is considered  Complexity of CFD models and high computational time 3 Page 4 Why should we take the convection effect into consideration ? 4 Hasan,1994 • Model considering only conduction heat transfer does not describe the melting process correctly • The convection has a significant role Lacroix et al, …",energy,0.604
,International Design Engineering Technical Conferences and Computers and Information in Engineering Conference,"Estimation of the Total Fatigue Life of Metallic Structures
P Abdo, F Fardoun, P Huynh - … Conferences and Computers and Information in …, 2016
Related articles All 3 versions",2016/8/21,50145.0,,,,,V004T05A008,"energy, heat pumps, energy efficiency in buildings, fatigue, composite materials",,Farouk Fardoun,,,Estimation of the Total Fatigue Life of Metallic Structures,,,,https://scholar.google.com/citations?view_op=view_citation&hl=en&user=vxvrZiEAAAAJ&cstart=20&pagesize=80&citation_for_view=vxvrZiEAAAAJ:PkcyUWeTMh0C,,American Society of Mechanical Engineers,"Peter Abdo, Farouk Fardoun, Phuoc Huynh","The fatigue life of a component is defined as the total number of cycles or time to induce fatigue damage and to initiate a dominant fatigue flaw which is propagated to final failure.(Shigley & Mischke 2002)
The aim of this project is to calculate the total fatigue life of metallic structures under cyclic loading by applying equations found by Basquin and Manson-Coffin. The local stresses and strains necessary for the calculation are determined by the finite element method. Former studies concerning this subject have used analytical methods to find the local conditions at the critical section. The analytical methods, based on Neuber and Molski-Glinka’s approaches, permit the calculation of the local stresses and strains at the critical section of the structure’s geometry as a function of the nominal stress (forces) applied.
For the finite elements method, ABAQUS is used to determine the local conditions at the critical …",fatigue,0.605
,,"Energy and environmental evaluation of solid oxide fuel cell system for tri-generation in residential applications
H Al Moussawi, F Fardoun, H Louahlia-Gualous - AIP Conference Proceedings, 2016
Related articles All 4 versions",2016,20009.0,https://www.researchgate.net/profile/Houssein-Al-Moussawi-2/publication/305650169_Energy_and_environmental_evaluation_of_solid_oxide_fuel_cell_system_for_tri-generation_in_residential_applications/links/59e0f55e458515393d5155c5/Energy-and-environmental-evaluation-of-solid-oxide-fuel-cell-system-for-tri-generation-in-residential-applications.pdf,,,,,"energy, heat pumps, energy efficiency in buildings, fatigue, composite materials",,Farouk Fardoun,,,Energy and environmental evaluation of solid oxide fuel cell system for tri-generation in residential applications,,AIP Conference Proceedings,,https://scholar.google.com/citations?view_op=view_citation&hl=en&user=vxvrZiEAAAAJ&cstart=20&pagesize=80&citation_for_view=vxvrZiEAAAAJ:HJSXoJQnj-YC,1758,,"Houssein Al Moussawi, Farouk Fardoun, Hasna Louahlia-Gualous","This study presents an evaluation of a solid oxide fuel system modeled with its energy balance of plant components in order to recover its exhaust waste heat and develop a combined cooling, heating, and power system. A hydrogen-fueled SOFC is modeled in MATLAB and a 3D drawn building are imported into TRNSYS where system performances are assessed. An optimization approach is employed to find the best system sizing. Energetic and environmental assessments shows better performance as the system size increases which suggests the necessity of an economic study application.",energy,0.605
,,,2012,,,,,,,"energy, heat pumps, energy efficiency in buildings, fatigue, composite materials",,Farouk Fardoun,,,Modeling of solar Collector,"Faculty of Engineering, Lebanese University",,,https://scholar.google.com/citations?view_op=view_citation&hl=en&user=vxvrZiEAAAAJ&cstart=20&pagesize=80&citation_for_view=vxvrZiEAAAAJ:pS0ncopqnHgC,,,"Rafic Younes, Farouk Fardoun",,Unclassified,0.0
,,"Asokan, K. 105
DK Avasthi, FJ Belzunce, SC Bergsma, JJ Blandin… - Materials Science and Engineering, 2001
Related articles",2001,297.0,,,,,290,"energy, heat pumps, energy efficiency in buildings, fatigue, composite materials",,Farouk Fardoun,,,"Asokan, K. 105",,Materials Science and Engineering,,https://scholar.google.com/citations?view_op=view_citation&hl=en&user=vxvrZiEAAAAJ&cstart=20&pagesize=80&citation_for_view=vxvrZiEAAAAJ:IjCSPb-OGe4C,,,"DK Avasthi, FJ Belzunce, SC Bergsma, JJ Blandin, R Bonnet, J C&adek, L Cai, MC Chaturvedi, N Chawla, TJ Davies, S Degallaix, Y Duyi, F Fardoun, M Fnaiech, M Furukawa, D Gan, CY Gao, S Giorgio",,Unclassified,0.0
,,"Etude de la déformation plastique cyclique des aciers inoxydables austénitique, ferritique et duplex, par analyse des boucles d'hystérésis; contraintes internes et effectives
F Fardoun, S Degallaix - 1997
Related articles All 2 versions",1997/1/1,,,,,,,"energy, heat pumps, energy efficiency in buildings, fatigue, composite materials",,Farouk Fardoun,,,"Etude de la déformation plastique cyclique des aciers inoxydables austénitique, ferritique et duplex, par analyse des boucles d'hystérésis; contraintes internes et effectives",,,,https://scholar.google.com/citations?view_op=view_citation&hl=en&user=vxvrZiEAAAAJ&cstart=20&pagesize=80&citation_for_view=vxvrZiEAAAAJ:zYLM7Y9cAGgC,,,"Farouk Fardoun, Suzanne Degallaix","Etude de la déformation plastique cyclique des aciers inoxydables austénitique, ferritique et duplex, par analyse des boucles d'hystérésis ; contraintes internes et effectives CNRS Inist Pascal-Francis CNRS Pascal and Francis Bibliographic Databases Simple search Advanced search Search by classification Search by vocabulary My Account Home > Search results Help Export Export Selection : Selected items (1) Format : Permanent link CopyPermanent link Copy http://pascal-francis.inist.fr/vibad/index.php?action=getRecordDetail&idt=184794 Etude de la déformation plastique cyclique des aciers inoxydables austénitique, ferritique et duplex, par analyse des boucles d'hystérésis ; contraintes internes et effectives Other title Study of cyclic plastic deformation in austenitic, ferritic and duplex stainless steels, by hysteresis loop analysis ; internal and effective stresses (en) Author Fardoun, Farouk; Degallaix, Suzanne (…",Unclassified,0.0
,,"Distribution of the internal critical stresses in the two-phase structure of a fatigued duplex stainless steel
J Polak, F Fardoun, S Degallaix - Fatigue'96. Sixth International Fatigue Congress., 1996
Related articles",1996/5,1.0,,,,,93-98,"energy, heat pumps, energy efficiency in buildings, fatigue, composite materials",,Farouk Fardoun,,,Distribution of the internal critical stresses in the two-phase structure of a fatigued duplex stainless steel,,Fatigue'96. Sixth International Fatigue Congress.,,https://scholar.google.com/citations?view_op=view_citation&hl=en&user=vxvrZiEAAAAJ&cstart=20&pagesize=80&citation_for_view=vxvrZiEAAAAJ:Tyk-4Ss8FVUC,,,"J Polak, F Fardoun, S Degallaix","An austenitic-ferritic stainless steel was cyclically strained with constant strain rate and different strain amplitudes. The hysteresis loops were digitally recorded and analysed in terms of the first and second derivatives. Statistical theory of the hysteresis loop was applied in order to obtain probability density distribution of the internal critical stresses. The probability density function has two peaks, which correspond to the cyclic deformation of both phases. The position of these peaks characterises the internal critical stresses in both phases and depends very slightly on the strain amplitude. Steel studied: 2205.",fatigue,0.4
,,"Forum doctoral 2017
F SOUAYFANE, F FARDOUN, PH BIWOLE
Related articles All 2 versions",,,,,,,,"energy, heat pumps, energy efficiency in buildings, fatigue, composite materials",,Farouk Fardoun,,,Forum doctoral 2017,,,,https://scholar.google.com/citations?view_op=view_citation&hl=en&user=vxvrZiEAAAAJ&cstart=20&pagesize=80&citation_for_view=vxvrZiEAAAAJ:isU91gLudPYC,,,"Farah SOUAYFANE, Farouk FARDOUN, Pascal Henry BIWOLE","A simplified model for combined natural convection and radiation during melting process of a phase change material (PCM) is presented. First, the simplified model for natural convection during melting is validated using a CFD model, in addition to experimental and numerical benchmark solutions for a test case. Then, the simplified model for both natural convection and radiation is applied to the melting of a fatty acid eutectic filled in glass bricks and validated against lattice Boltzmann-discrete ordinate method (LBM-DOM). Finally, the complete model is applied to study the thermal behavior of a translucent wall; then validated experimentally using a full-scale building located in southern France.",composite materials,0.2
,,"Simulation of a Tri-generation System based on a Solid Oxide Fuel Cell for Residential Applications
H Al Moussawi, F Fardoun, H Louahlia-Gualous
Related articles All 2 versions",,,,,,,,"energy, heat pumps, energy efficiency in buildings, fatigue, composite materials",,Farouk Fardoun,,,Simulation of a Tri-generation System based on a Solid Oxide Fuel Cell for Residential Applications,,,,https://scholar.google.com/citations?view_op=view_citation&hl=en&user=vxvrZiEAAAAJ&cstart=20&pagesize=80&citation_for_view=vxvrZiEAAAAJ:qe6vwMD2xtsC,,,"Houssein Al Moussawi, Farouk Fardoun, Hasna Louahlia-Gualous","Power, heat, and cold are the three major types of energy needed for production at domestic levels. However, several worldwide problems (economical, environmental…) are rising as time lapses due to the increasing standards of life. Cost and pollution are two main concerns for every energy generation application. Thus, efficient production ways or systems are being pursued in order to reduce such undesirable effects. Consequently, different tri-generation systems have been studied for their ability to produce electricity, heating, and cooling simultaneously using convenient heat recovery equipment and a single prime mover. Accordingly, different types of prime movers yield different tri-generation technologies, which can be listed as: steam turbines, gas turbines, internal combustion engines, stirling engines, and fuel cells. The latter are considered as an emerging technologies which have attracted attention due to their great advantages with respect to energy-efficiency and pollution measures.
Generally, fuel cells represent an entirely different approach to the production of electricity when compared to traditional prime mover technologies. Systems based on fuel cell technology resemble batteries by producing DC voltage through an electrochemical process without directly combusting fuel. Inverters are then used in the purpose of converting the DC to AC power. In fact, high energy conversion efficiency, design modularity, size flexibility, low environmental impact, quick response to load changes, and heat rejection are all advantages for multigeneration applications. Nevertheless, many types of fuel cells can be distinguished in the present time …",energy,0.603
