Book,Conference,Scholar articles,Publication date,Volume,PDF Link,Patent office,Report number,Source,Pages,Research Interests,Total citations,Researcher Name,Inventors,Patent number,Title,Institution,Journal,Application number,Scholar Link,Issue,Publisher,Authors,Description,Classified_Topic,Classification_Confidence
,,"Full potential linearized augmented plane wave calculations of structuraland electronic properties of BN, BP, BAs and BSb
A Zaoui, FEH Hassan - Journal of Physics: Condensed Matter, 2001
Cited by 231 Related articles All 5 versions",2001/1/15,13.0,,,,,253,"Condensed matter, Computational physics, Semicondactors",Cited by 231,Fouad El Haj Hassan,,,"Full potential linearized augmented plane wave calculations of structuraland electronic properties of BN, BP, BAs and BSb",,Journal of Physics: Condensed Matter,,https://scholar.google.com/citations?view_op=view_citation&hl=en&user=ubgOmIAAAAAJ&citation_for_view=ubgOmIAAAAAJ:u5HHmVD_uO8C,2,IOP Publishing,"A Zaoui, F El Haj Hassan","A theoretical study of structural and electronic properties of boron compounds BN, BP, BAs and BSb is presented, using the full potential linearized augmented plane wave method. In this approach, the generalized gradient approximation was used for the exchange-correlation potential. Ground state properties such as lattice parameter, bulk modulus and its pressure derivative are calculated as well as structural transition pressure. The band structure is obtained for both zincblende and rocksalt structures. We also give the valence charge density at equilibrium lattice constant and at transition pressure. We show from the latter quantity the inverse role between cation and anion for BP, BAs and BSb. Results are discussed and compared with experimental and other theoretical data with reasonable agreement.",Unclassified,0.0
,,"High pressure study of structural and electronic properties of calcium chalcogenides
Z Charifi, H Baaziz, FEH Hassan, N Bouarissa - Journal of Physics: Condensed Matter, 2005
Cited by 183 Related articles All 9 versions",2005/6/17,17.0,https://www.academia.edu/download/89243699/0953-8984_2F17_2F26_2F00820220803-1-1gmg8qe.pdf,,,,4083,"Condensed matter, Computational physics, Semicondactors",Cited by 183,Fouad El Haj Hassan,,,High pressure study of structural and electronic properties of calcium chalcogenides,,Journal of Physics: Condensed Matter,,https://scholar.google.com/citations?view_op=view_citation&hl=en&user=ubgOmIAAAAAJ&citation_for_view=ubgOmIAAAAAJ:u-x6o8ySG0sC,26,IOP Publishing,"Z Charifi, H Baaziz, F El Haj Hassan, N Bouarissa","The structural and electronic properties of calcium chalcogenides CaX (X= S, Se, Te) under high pressure have been investigated using the full potential linearized augmented plane wave method within density functional theory. We used both the local density approximation and the generalized gradient approximation (GGA) that is based on exchange–correlation energy optimization for calculating the total energy. Moreover, the Engel–Vosko GGA formalism is applied so as to optimize the corresponding potential for band structure calculations. The equilibrium lattice constant for CaX compounds agrees well with the experimental results. The pressures at which these compounds undergo a structural phase transition from NaCl-type to CsCl-type were calculated. A numerical first-principles calculation of the elastic constants was used to calculate C 11, C 12 and C 44. The energy band gaps at ambient conditions in …",Unclassified,0.0
,,"First-principles investigation of BNxP1− x, BNxAs1− x and BPxAs1− x ternary alloys
FEH Hassan, H Akbarzadeh - Materials Science and Engineering: B, 2005
Cited by 139 Related articles All 3 versions",2005/7/25,121.0,,,,,170-177,"Condensed matter, Computational physics, Semicondactors",Cited by 139,Fouad El Haj Hassan,,,"First-principles investigation of BNxP1− x, BNxAs1− x and BPxAs1− x ternary alloys",,Materials Science and Engineering: B,,https://scholar.google.com/citations?view_op=view_citation&hl=en&user=ubgOmIAAAAAJ&citation_for_view=ubgOmIAAAAAJ:d1gkVwhDpl0C,1-2,Elsevier,"F El Haj Hassan, H Akbarzadeh","First-principles calculations have been used to investigate the structural and electronic properties of boron ternary alloys (BNxP1−x, BNxAs1−x and BPxAs1−x) using full potential-linearized augmented plane wave (FP-LAPW) method within density functional theory (DFT). We investigated the effect of composition on lattice constants, bulk modulus and band gap. A strong deviation of the lattice constants from Vegard's law and the bulk modulus from linear concentration dependence (LCD) were observed for BNxP1−x and BNxAs1−x alloys, while in the case of BPxAs1−x alloy only a marginal deviation were found for both properties. This is mainly due to the large mismatch of the lattice parameter and bulk modulus of BN with the corresponding values at the other two binary semiconductors. In addition, the microscopic origins of compositional disorder were explained by using the approach of Zunger and co-workers …",Unclassified,0.0
,,"Theoretical study of structural, electronic, and thermal properties of CdS, CdSe and CdTe compounds
S Ouendadji, S Ghemid, H Meradji, FEH Hassan - Computational Materials Science, 2011
Cited by 116 Related articles All 4 versions",2011/2/1,50.0,,,,,1460-1466,"Condensed matter, Computational physics, Semicondactors",Cited by 116,Fouad El Haj Hassan,,,"Theoretical study of structural, electronic, and thermal properties of CdS, CdSe and CdTe compounds",,Computational Materials Science,,https://scholar.google.com/citations?view_op=view_citation&hl=en&user=ubgOmIAAAAAJ&citation_for_view=ubgOmIAAAAAJ:zYLM7Y9cAGgC,4,Elsevier,"S Ouendadji, S Ghemid, H Meradji, F El Haj Hassan","A theoretical study of structural, electronic and thermal properties of CdS, CdSe and CdTe compounds is presented; using the full potential linearized augmented plane wave (FP-LAPW) method within density functional theory (DFT). In this approach, both the local density approximation (LDA) and the generalized gradient approximation (GGA) were used for the exchange-correlation potential calculation. The ground-state properties are determined for the bulk materials (CdS, CdSe and CdTe) in cubic phase. Quantities such as the lattice constants and bulk modulus of interest are calculated. Detailed comparisons are made with published experimental and theoretical data and show generally good agreement. Besides this, a numerical first-principles calculation of the elastic constants was used to calculate C11, C12 and C44. The pressure dependence of band gaps for these systems was investigated. We also …",Unclassified,0.0
,,"Ground state properties and structural phase transition of beryllium chalcogenides
FEH Hassan, H Akbarzadeh - Computational materials science, 2006
Cited by 92 Related articles All 3 versions",2006/4/1,35.0,,,,,423-431,"Condensed matter, Computational physics, Semicondactors",Cited by 92,Fouad El Haj Hassan,,,Ground state properties and structural phase transition of beryllium chalcogenides,,Computational materials science,,https://scholar.google.com/citations?view_op=view_citation&hl=en&user=ubgOmIAAAAAJ&citation_for_view=ubgOmIAAAAAJ:ZeXyd9-uunAC,4,Elsevier,"F El Haj Hassan, H Akbarzadeh","The ground state properties and the structural phase transformation of beryllium chalcogenides (BeS, BeSe, and BeTe) have been investigated using first principle full potential-linearized augmented plane wave method (FP-LAPW) within density functional theory. We used local density approximation with and without generalized gradient correction as well as the Engel Vosko’s GGA formalism to find band gap. From the obtained band structures, the electron (hole) valence and conduction effective masses are deduced. We have determined the full set of first-order elastic constant, which have not been established experimentally. We have also calculated the energy–volume relations for these compounds in the zinc-blende (B3) and the NiAs (B8) phases. Hence we have obtained the lattice parameters, bulk modulus, pressure derivative of bulk modulus and cohesive energy as well as structural transition pressure …",Unclassified,0.0
,,"Structural and electronic properties of the wide-gapZn1− xMgxS, Zn1− xMgxSe and Zn1− xMgxTe ternary alloys
Z Charifi, FEH Hassan, H Baaziz, S Khosravizadeh… - Journal of Physics: Condensed Matter, 2005
Cited by 76 Related articles All 10 versions",2005/10/17,17.0,https://www.researchgate.net/profile/H-Baaziz/publication/230958774_Structural_and_electronic_properties_of_the_wide-gap_Zn1-xMgxS_Zn1-xMgxSe_and_Zn1-xMgxTe_ternary_alloys/links/02bfe50d1e7751c892000000/Structural-and-electronic-properties-of-the-wide-gap-Zn1-xMgxS-Zn1-xMgxSe-and-Zn1-xMgxTe-ternary-alloys.pdf,,,,7077,"Condensed matter, Computational physics, Semicondactors",Cited by 76,Fouad El Haj Hassan,,,"Structural and electronic properties of the wide-gapZn1− xMgxS, Zn1− xMgxSe and Zn1− xMgxTe ternary alloys",,Journal of Physics: Condensed Matter,,https://scholar.google.com/citations?view_op=view_citation&hl=en&user=ubgOmIAAAAAJ&citation_for_view=ubgOmIAAAAAJ:2osOgNQ5qMEC,44,IOP Publishing,"Z Charifi, F El Haj Hassan, H Baaziz, Sh Khosravizadeh, SJ Hashemifar, H Akbarzadeh","Zn 1− x Mg x S, Zn 1− x Mg x Se and Zn 1− x Mg x Te ternary wide-gap semiconductor alloys were investigated using the full potential–linearized augmented plane wave (FP-LAPW) method. We have studied the effect of composition on structural properties such as lattice constants, bulk modulus and bond ionicity. The bandgap and the microscopic origins of compositional disorder have also been explained in detail. In addition, from the obtained band structures, the electron (hole) conduction and valence effective masses are deduced. These parameters were found to depend non-linearly on alloy composition x, except the lattice parameter for Zn 1− x Mg x S, which follows Vegard's law. The calculated band structures for all three alloys show a direct bandgap in the whole range of x composition. We have paid special attention to the disorder parameter (gap bowing). Using the approach of Zunger and co-workers …",Unclassified,0.0
,,"Structural and electronic properties of matlockite MFX (MSr, Ba, Pb; XCl, Br, I) compounds
F El haj Hassan, H Akbarzadeh, SJ Hashemifar… - Journal of Physics and Chemistry of Solids, 2004
Cited by 75 Related articles All 4 versions",2004/11/1,65.0,,,,,1871-1878,"Condensed matter, Computational physics, Semicondactors",Cited by 75,Fouad El Haj Hassan,,,"Structural and electronic properties of matlockite MFX (MSr, Ba, Pb; XCl, Br, I) compounds",,Journal of Physics and Chemistry of Solids,,https://scholar.google.com/citations?view_op=view_citation&hl=en&user=ubgOmIAAAAAJ&citation_for_view=ubgOmIAAAAAJ:UeHWp8X0CEIC,11,Pergamon,"F El haj Hassan, H Akbarzadeh, SJ Hashemifar, A Mokhtari","First-principles calculations have been used to study the structural and electronic properties of technologically important matlockite compounds MFX (MBa, Sr, Pb; XCl, Br, I) using a full potential linearized augmented plane-wave method within density functional theory. We used the local density approximation and the generalized gradient approximation, as well as the Engel–Vosko's GGA formalism to find the band gap and the partial density of states at equilibrium volume. We also optimized internal parameters by relaxing the atomic positions in the force directions. The calculated total energy allowed us to investigate several structural properties in particular the equilibrium lattice constants a and c, c/a ratio, bulk modulus, pressure derivative of the bulk modulus, cohesive energy, interatomic distances, interlayer distances along c axis and the angles between different atomic bonds. We calculated the valence …",Unclassified,0.0
,,"Structural properties of copper halides
FEH Hassan, A Zaoui, W Sekkal - Materials Science and Engineering: B, 2001
Cited by 75 Related articles All 3 versions",2001/10/24,87.0,,,,,40-47,"Condensed matter, Computational physics, Semicondactors",Cited by 75,Fouad El Haj Hassan,,,Structural properties of copper halides,,Materials Science and Engineering: B,,https://scholar.google.com/citations?view_op=view_citation&hl=en&user=ubgOmIAAAAAJ&citation_for_view=ubgOmIAAAAAJ:7PzlFSSx8tAC,1,Elsevier,"F El Haj Hassan, A Zaoui, W Sekkal","Full potential linearized augmented plane wave method (FP-LAPW) is applied to study the elastic and the bonding properties of CuCl, CuBr, and CuI. A numerical first principles calculation of the elastic constants is used to calculate C11, C12, and C44 for these compounds. The equilibrium lattice constant and the modulus are also given. Our FP-LAPW calculations were performed to evaluate the total energy as a function of strain, after which the data were fitted to a polynomial function of strain to determine the modulus. The experimental results of elastic constants are available only for CuCl. For CuBr and CuI, the results are compared with the available theoretical works with good agreement. In addition, we discuss the bonding character in terms of charge density, which show the strong localisation of charge around the anion side. The calculated ionicity parameter agrees with the expected estimation from the …",Unclassified,0.0
,,"Structural properties of boron compounds at high pressure
FEH Hassan, H Akbarzadeh, M Zoaeter - Journal of Physics: Condensed Matter, 2004
Cited by 74 Related articles All 8 versions",2004/1/9,16.0,https://www.academia.edu/download/45869117/Structural_properties_of_boron_compounds20160522-12977-1bn9czg.pdf,,,,293,"Condensed matter, Computational physics, Semicondactors",Cited by 74,Fouad El Haj Hassan,,,Structural properties of boron compounds at high pressure,,Journal of Physics: Condensed Matter,,https://scholar.google.com/citations?view_op=view_citation&hl=en&user=ubgOmIAAAAAJ&citation_for_view=ubgOmIAAAAAJ:9yKSN-GCB0IC,3,IOP Publishing,"F El Haj Hassan, H Akbarzadeh, M Zoaeter","The present work employs the full potential linearized augmented plane wave (FP-LAPW) method to calculate the elastic and the bonding properties of the boron compounds BN, BP, BAs and BSb at high pressures. A numerical first principles calculation of the elastic constants is used to obtain C 11, C 12 and C 44 for these compounds. The equilibrium lattice constant and the bulk modulus are also calculated. Our FP-LAPW calculations were performed to evaluate the total energy as a function of strain, after which the data were fitted to a polynomial function of strain to determine the elastic modulus. The experimental elastic constants are only available for BN and BP. Hence for BAs, the results are only compared with the available theoretical works. To our knowledge the elastic constants of BSb have not yet been measured or calculated, hence our results serve as a prediction for future study. In addition, we discuss …",Unclassified,0.0
,,"Structural, electronic and thermodynamic properties of wide band gap MgxZn1− xO alloy
B Amrani, R Ahmed, FEH Hassan - Computational Materials Science, 2007
Cited by 72 Related articles All 4 versions",2007/7/1,40.0,,,,,66-72,"Condensed matter, Computational physics, Semicondactors",Cited by 72,Fouad El Haj Hassan,,,"Structural, electronic and thermodynamic properties of wide band gap MgxZn1− xO alloy",,Computational Materials Science,,https://scholar.google.com/citations?view_op=view_citation&hl=en&user=ubgOmIAAAAAJ&citation_for_view=ubgOmIAAAAAJ:qUcmZB5y_30C,1,Elsevier,"B Amrani, Rashid Ahmed, F El Haj Hassan","Structural, electronic and thermodynamic properties of a wide band gap semiconductor alloy MgxZn1−xO have been studied using ab initio method. Calculations have been made using full potential linearized augmented plane wave (FP-LAPW) method within the framework of density functional theory (DFT). For exchange-correlation energy and corresponding potential, generalized gradient approximation (GGA) by Perdew–Burke–Ernzerhof (PBE) and Engel–Vosko (EV) have been used. We analyze composition effect on lattice constants, bulk modulus, band gap and effective mass of the electron. It is observed that bulk modulus and band gap depend non-linearly on alloy composition x, whereas lattice constants and cohesive energy follow Vegard’s law. Using the approach of Bernard and Zunger [J.E. Bernard, A. Zunger, Phys. Rev. B 34 (1986) 5992.], the microscopic origin of the gap bowing is also elucidated. It …",computational physics,0.2
,,"First-principles elastic and bonding properties of barium chalcogenides
FEH Hassan, H Akbarzadeh - Computational materials science, 2006
Cited by 70 Related articles All 4 versions",2006/12/1,38.0,,,,,362-368,"Condensed matter, Computational physics, Semicondactors",Cited by 70,Fouad El Haj Hassan,,,First-principles elastic and bonding properties of barium chalcogenides,,Computational materials science,,https://scholar.google.com/citations?view_op=view_citation&hl=en&user=ubgOmIAAAAAJ&citation_for_view=ubgOmIAAAAAJ:hFOr9nPyWt4C,2,Elsevier,"F El Haj Hassan, H Akbarzadeh","First-principles calculations have been used to investigate the elastic and the bonding properties of barium chalcogenides BaS, BaSe, and BaTe at equilibrium as well as high pressures using full potential-linearized augmented plane wave (FP-LAPW) method within density functional theory (DFT). We used local density approximation (LDA) with and without generalized gradient approximation (GGA), which is based on exchange-correlation energy optimization to calculate the total energy. A numerical first-principles calculation of the elastic constants was used to calculate C11, C12, and C44 for these compounds. As the experimental elastic constants are not available; hence our results were only compared with the available theoretical values obtained at equilibrium volume. Additionally, the nature of the chemical bond in these compounds was analyzed. We investigated the bonding character of BaS, BaSe, and …",Unclassified,0.0
,,"FP‐LAPW investigations of Zn1–x Bex S, Zn1–x Bex Se and Zn1–x Bex Te ternary alloys
H Baaziz, Z Charifi, F El Haj Hassan, SJ Hashemifar… - physica status solidi (b), 2006
Cited by 70 Related articles All 10 versions",2006/5,243.0,https://onlinelibrary.wiley.com/doi/pdf/10.1002/pssb.200541481,,,,1296-1305,"Condensed matter, Computational physics, Semicondactors",Cited by 70,Fouad El Haj Hassan,,,"FP‐LAPW investigations of Zn1–x Bex S, Zn1–x Bex Se and Zn1–x Bex Te ternary alloys",,physica status solidi (b),,https://scholar.google.com/citations?view_op=view_citation&hl=en&user=ubgOmIAAAAAJ&citation_for_view=ubgOmIAAAAAJ:IWHjjKOFINEC,6,WILEY‐VCH Verlag,"H Baaziz, Z Charifi, F El Haj Hassan, SJ Hashemifar, H Akbarzadeh","The ab initio full potential linearized augmented plane wave (FP‐LAPW) method within density functional theory was applied to study the effect of composition on the structural and electronic properties of Zn1–x Bex S, Zn1–x Bex Se and Zn1–x Bex Te ternary alloys. The effect of composition on lattice parameter, bulk modulus, band gap and effective mass was investigated. Deviations of the lattice constant from Vegard's law and the bulk modulus from linear concentration dependence were observed for all three alloys. It was deduced that increasing the Be composition in the alloys increases the hardness of the materials. In addition, the calculated band structures showed that the band gap undergoes a direct‐to‐indirect transition at a given concentration. Using the approach of Zunger and co‐workers, the microscopic origins of band gap bowing have been explained. The electron (hole) effective masses were also …",Unclassified,0.0
,,"First‐principles calculations on the origins of the gap bowing in BeSxSe1–x, BeSxTe1–x and BeSexTe1–x alloys
F El Haj Hassan - Physica status solidi (b), 2005
Cited by 70 Related articles All 5 versions",2005/3,242.0,https://onlinelibrary.wiley.com/doi/pdf/10.1002/pssb.200402110,,,,909-915,"Condensed matter, Computational physics, Semicondactors",Cited by 70,Fouad El Haj Hassan,,,"First‐principles calculations on the origins of the gap bowing in BeSxSe1–x, BeSxTe1–x and BeSexTe1–x alloys",,Physica status solidi (b),,https://scholar.google.com/citations?view_op=view_citation&hl=en&user=ubgOmIAAAAAJ&citation_for_view=ubgOmIAAAAAJ:L8Ckcad2t8MC,4,WILEY‐VCH Verlag,F El Haj Hassan,"First‐principles calculations have been used to investigate the electronic structure and disorder effects in beryllium chalcogenides alloys (BeSxSe1–x, BeSxTe1–x and BeSexTe1–x) using the full potential‐linearized augmented‐plane wave method (FP‐LAPW) within density‐functional theory. We used the local‐density approximation within the generalized gradient correction as well as the Engel–Vosko GGA formalism to calculate the electronic structure at equilibrium volume. The ground‐state properties are determined for the bulk materials (BeS, BeSe, and BeTe) as well as for the average concentration (x = 0.5) of the alloys. Using the approach of Zunger and coworkers, the microscopic origins of compositional disorder have been detailed and explained. The disorder parameter (gap bowing) is found to be mainly caused by the chemical charge‐transfer effect, while the volume deformation and the structural …",Unclassified,0.0
,,"First-principles study of the ternary semiconductor alloys (Ga, Al)(As, Sb)
FEH Hassan, A Breidi, S Ghemid, B Amrani, H Meradji… - Journal of Alloys and Compounds, 2010
Cited by 68 Related articles All 6 versions",2010/6/4,499.0,https://www.osti.gov/etdeweb/biblio/21437434,,,,80-89,"Condensed matter, Computational physics, Semicondactors",Cited by 68,Fouad El Haj Hassan,,,"First-principles study of the ternary semiconductor alloys (Ga, Al)(As, Sb)",,Journal of Alloys and Compounds,,https://scholar.google.com/citations?view_op=view_citation&hl=en&user=ubgOmIAAAAAJ&citation_for_view=ubgOmIAAAAAJ:e5wmG9Sq2KIC,1,Elsevier,"F El Haj Hassan, A Breidi, S Ghemid, B Amrani, H Meradji, O Pagès","First-principles calculations are performed to study the structural, electronic, optical and thermodynamic properties of technologically important AlxGa1−xAs, AlxGa1−xSb, GaAsxSb1−x and AlAsxSb1−x ternary alloys using the full potential-linearized augmented plane wave plus local orbitals method within the density functional theory. We use both Wu–Cohen and Engel–Vosko generalized gradient approximations of the exchange-correlation energy that are based on the optimization of total energy and corresponding potential, respectively. Our investigation on the effect of composition on lattice constant, bulk modulus, ionicity, band gap, effective mass and refractive index for ternary alloys shows almost non-linear dependence on the composition. The bowing of the fundamental gap versus composition predicted by our calculations is in good agreement with available experiment data. The different roles of structural …",Unclassified,0.0
,,"First principle calculations of structural, electronic, thermodynamic and optical properties ofPb1− xCaxS, Pb1− xCaxSe andPb1− xCaxTe ternary alloys
C Sifi, H Meradji, M Slimani, S Labidi, S Ghemid… - Journal of Physics: Condensed Matter, 2009
Cited by 62 Related articles All 7 versions",2009/4/7,21.0,,,,,195401,"Condensed matter, Computational physics, Semicondactors",Cited by 62,Fouad El Haj Hassan,,,"First principle calculations of structural, electronic, thermodynamic and optical properties ofPb1− xCaxS, Pb1− xCaxSe andPb1− xCaxTe ternary alloys",,Journal of Physics: Condensed Matter,,https://scholar.google.com/citations?view_op=view_citation&hl=en&user=ubgOmIAAAAAJ&citation_for_view=ubgOmIAAAAAJ:MXK_kJrjxJIC,19,IOP Publishing,"C Sifi, H Meradji, M Slimani, S Labidi, S Ghemid, EB Hanneche, F El Haj Hassan","Using first principles total energy calculations within the full potential linearized augmented plane wave (FP-LAPW) method, we have investigated the structural, electronic, thermodynamic and optical properties of Pb 1− x Ca x S, Pb 1− x Ca x Se and Pb 1− x Ca x Te ternary alloys. The effect of composition on lattice parameter, bulk modulus, band gap, refractive index and dielectric function was investigated. Deviations of the lattice constants from Vegard's law and the bulk modulus from linear concentration dependence were observed for the three alloys. Using the approach of Zunger and co-workers, the microscopic origins of band gap bowing have been detailed and explained. The disorder parameter (gap bowing) was found to be mainly caused by the chemical charge transfer effect. On the other hand, the thermodynamic stability of these alloys was investigated by calculating the excess enthalpy of mixing, ΔH …",Unclassified,0.0
,,"Computational study of AgCl and AgBr semiconductors
T Benmessabih, B Amrani, FEH Hassan, F Hamdache… - Physica B: Condensed Matter, 2007
Cited by 62 Related articles All 8 versions",2007/4/15,392.0,,,,,309-317,"Condensed matter, Computational physics, Semicondactors",Cited by 62,Fouad El Haj Hassan,,,Computational study of AgCl and AgBr semiconductors,,Physica B: Condensed Matter,,https://scholar.google.com/citations?view_op=view_citation&hl=en&user=ubgOmIAAAAAJ&citation_for_view=ubgOmIAAAAAJ:hC7cP41nSMkC,1-2,North-Holland,"T Benmessabih, B Amrani, F El Haj Hassan, F Hamdache, M Zoaeter","We present the results of a theoretical study of the structural and optoelectronic properties of silver halides AgCl and AgBr, using the full-potential linearized augmented plane wave (FP-LAPW). In this approach, the local density approximation (LDA) and generalized gradient approximation (GGA) are used for the exchange correlation potential. Moreover, the alternative form of GGA proposed by Engel and Vosko [Phys. Rev. B 47 (1993) 13164] (EVGGA) is also used for the optoelectronic properties. The calculated total energy allowed us to investigate several structural properties in particular the lattice constant, bulk modulus, pressure derivative of bulk modulus and cohesive energy. A numerical first-principles calculation of the elastic constants was used to calculate C11, C12 and C44. Band structure, density of states, band gap pressure coefficients, charge density and effective masses are also given. On the other …",computational physics,0.404
,,"Comparative study of structural and electronic properties of GaSe and InSe polytypes
J Srour, M Badawi, F El Haj Hassan, A Postnikov - The Journal of chemical physics, 2018
Cited by 57 Related articles All 9 versions",2018/8/7,149.0,https://arxiv.org/pdf/1803.08158,,,,,"Condensed matter, Computational physics, Semicondactors",Cited by 57,Fouad El Haj Hassan,,,Comparative study of structural and electronic properties of GaSe and InSe polytypes,,The Journal of chemical physics,,https://scholar.google.com/citations?view_op=view_citation&hl=en&user=ubgOmIAAAAAJ&citation_for_view=ubgOmIAAAAAJ:D_sINldO8mEC,5,AIP Publishing,"Juliana Srour, Michael Badawi, Fouad El Haj Hassan, Andrei Postnikov","Equilibrium crystal structures, electron band dispersions, and bandgap values of layered GaSe and InSe semiconductors, each being represented by four polytypes, are studied via first-principles calculations within the density functional theory. A number of practical algorithms to take into account dispersion interactions are tested, from empirical Grimme corrections to many-body dispersion schemes. Due to the utmost technical accuracy achieved in the calculations, nearly degenerate energy-volume curves of different polytypes are resolved, and the conclusions concerning the relative stability of competing polytypes drawn. The predictions are done as for how the equilibrium between different polytypes will be shifted under the effect of hydrostatic pressure. The band structures are inspected under the angle of identifying features specific for different polytypes and with respect to modifications of the band dispersions …",Unclassified,0.0
,,"First principle investigation of AlAs and AlP compounds and ordered AlAs1− xPx alloys
F Annane, H Meradji, S Ghemid, FEH Hassan - Computational Materials Science, 2010
Cited by 57 Related articles All 4 versions",2010/12/1,50.0,https://www.researchgate.net/profile/F-El-Haj-Hassan/publication/258325112_First_principle_investigation_of_AlAs_and_AlP_compounds_and_ordered_AlAs_1Ax_P_x_alloys/links/00463527cdbab1eb10000000/First-principle-investigation-of-AlAs-and-AlP-compounds-and-ordered-AlAs-1Ax-P-x-alloys.pdf,,,,274-278,"Condensed matter, Computational physics, Semicondactors",Cited by 57,Fouad El Haj Hassan,,,First principle investigation of AlAs and AlP compounds and ordered AlAs1− xPx alloys,,Computational Materials Science,,https://scholar.google.com/citations?view_op=view_citation&hl=en&user=ubgOmIAAAAAJ&citation_for_view=ubgOmIAAAAAJ:4JMBOYKVnBMC,2,Elsevier,"F Annane, H Meradji, S Ghemid, F El Haj Hassan","We have investigated the structural and electronic properties of AlAs and AlP compounds and of ordered AlAs1−xPx alloys using the full potential linearized augmented plane wave plus local orbitals (FP-LAPW+lo) method based on density functional theory. The total energies and structural quantities of those compounds have been calculated for different approximations of exchange–correlation energy. The electronic quantities have been found to be in good agreement with the corresponding measured ones when the compounds were defined by the lattice constants of Perdew–Wang-generalized gradient approximation (PW-GGA) scheme. The PW-GGA approach was also applied on ordered AlAs1−xPx alloys to study the effect of composition on lattice constant, band gap, and refractive index of AlAs1−xPx ternary alloys. The calculated lattice constants scale linearly with composition (Vegard’s law). The …",Unclassified,0.0
,,"Density functional study of Zn 1− x Mg x Se y Te 1− y quaternary semiconductor alloys
F El Haj Hassan, SJ Hashemifar, H Akbarzadeh - Physical Review B—Condensed Matter and Materials …, 2006
Cited by 57 Related articles All 3 versions",2006/5/15,73.0,,,,,195202,"Condensed matter, Computational physics, Semicondactors",Cited by 57,Fouad El Haj Hassan,,,Density functional study of quaternary semiconductor alloys,,Physical Review B—Condensed Matter and Materials Physics,,https://scholar.google.com/citations?view_op=view_citation&hl=en&user=ubgOmIAAAAAJ&citation_for_view=ubgOmIAAAAAJ:qjMakFHDy7sC,19,American Physical Society,"Fouad El Haj Hassan, S Javad Hashemifar, Hadi Akbarzadeh","Density functional calculations are performed to study the structural and electronic properties of technologically important quaternary alloys using the full potential-linearized augmented plane wave method. We use both Perdew-Burke-Ernzerhof and Engel-Vosko generalized gradient approximations of the exchange-correlation energy that are based on the optimization of total energy and corresponding potential, respectively. Our investigation on the effect of composition on lattice constant, bulk modulus, and band gap for pseudobinary as well as for quaternary alloys shows nonlinear dependence on the composition. The bowing of the fundamental gap versus composition predicted by our calculations is in good agreement with experimental data available for pseudobinary alloys. The presented contour maps of energy band gap and lattice constants versus concentrations could be very useful for …",Unclassified,0.0
,,"Study of wurtzite and zincblende GaN/InN based solar cells alloys: First-principles investigation within the improved modified Becke–Johnson potential
BU Haq, R Ahmed, A Shaari, FEH Hassan, MB Kanoun… - solar Energy, 2014
Cited by 53 Related articles All 8 versions",2014/9/1,107.0,https://www.academia.edu/download/35569298/solar_energy_2014_2.pdf,,,,543-552,"Condensed matter, Computational physics, Semicondactors",Cited by 53,Fouad El Haj Hassan,,,Study of wurtzite and zincblende GaN/InN based solar cells alloys: First-principles investigation within the improved modified Becke–Johnson potential,,solar Energy,,https://scholar.google.com/citations?view_op=view_citation&hl=en&user=ubgOmIAAAAAJ&citation_for_view=ubgOmIAAAAAJ:zA6iFVUQeVQC,,Pergamon,"Bakhtiar Ul Haq, Rashid Ahmed, Amiruddin Shaari, F El Haj Hassan, Mohammed Benali Kanoun, Souraya Goumri-Said","Wurtzite GaInN alloys with flexible energy gaps are pronounced for their potential applications in optoelectronics and solar cell technology. Recently the unwanted built-in fields caused by spontaneous polarization and piezoelectric effects in wurtzite (WZ) GaInN, has turned the focus towards zinc-blende (ZB) GaInN alloys. To comprehend merits and demerits of GaInN alloys in WZ and ZB structures, we performed a comparative study of the structural, electronic and optical properties of Ga1−xInxN alloys with different In concentration using first-principles methodology with density function theory with generalized gradient approximations (GGA) and modified Becke–Johnson (mBJ) potential. Investigations pertaining to total energy of GaInN for the both phases, demonstrate a marginal difference, reflecting nearly equivalent stability of the ZB–GaInN to WZ–GaInN. The larger ionic radii of indium (In), result in larger …",Unclassified,0.0
,,"Theoretical calculations of the high-pressure phases of SnO2
FEH Hassan, S Moussawi, W Noun, C Salameh… - Computational materials science, 2013
Cited by 50 Related articles All 5 versions",2013/5/1,72.0,https://www.researchgate.net/profile/F-El-Haj-Hassan/publication/258033419_Theoretical_calculations_of_the_high-pressure_phases_of_SnO_2/links/0deec526b018da79dd000000/Theoretical-calculations-of-the-high-pressure-phases-of-SnO-2.pdf,,,,86-92,"Condensed matter, Computational physics, Semicondactors",Cited by 50,Fouad El Haj Hassan,,,Theoretical calculations of the high-pressure phases of SnO2,,Computational materials science,,https://scholar.google.com/citations?view_op=view_citation&hl=en&user=ubgOmIAAAAAJ&cstart=20&pagesize=80&citation_for_view=ubgOmIAAAAAJ:NaGl4SEjCO4C,,Elsevier,"F El Haj Hassan, S Moussawi, W Noun, C Salameh, AV Postnikov","Total-energy calculations of tin dioxide, done at seven different phases under conditions of hydrostatic pressure in the rutile, CaCl2-type, α-PbO2, pyrite, ZrO2 orthorhombic, fluorite, and cotunnite structures using first principle full potential-linearized augmented plane wave (FP-LAPW) plus local orbitals method within the density functional theory (DFT). The structural properties at equilibrium as at high pressure are investigated by using generalized gradient approximations (GGAs) that are based on the optimization of total energy. For band structure calculations, both GGA and modified Becke–Johnson (mBJ) of the exchange–correlation energy and potential, respectively, are used. Pressure–temperature dependent thermodynamic properties including the bulk modulus, thermal expansion, Debye temperature, heat capacity and Grüneisen parameter, are calculated using model based on the quasi-harmonic …",Unclassified,0.0
,,"Structural, electronic and thermodynamic properties of magnesium chalcogenide ternaryalloys
FEH Hassan, B Amrani - Journal of Physics: Condensed Matter, 2007
Cited by 50 Related articles All 7 versions",2007/9/4,19.0,,,,,386234,"Condensed matter, Computational physics, Semicondactors",Cited by 50,Fouad El Haj Hassan,,,"Structural, electronic and thermodynamic properties of magnesium chalcogenide ternaryalloys",,Journal of Physics: Condensed Matter,,https://scholar.google.com/citations?view_op=view_citation&hl=en&user=ubgOmIAAAAAJ&cstart=20&pagesize=80&citation_for_view=ubgOmIAAAAAJ:YsMSGLbcyi4C,38,IOP Publishing,"F El Haj Hassan, B Amrani","The full potential–linearized augmented plane wave (FP-LAPW) method within the density functional theory (DFT) was applied to study the structural, electronic and thermodynamic properties of MgS x Se 1− x, MgS x Te 1− x and MgSe x Te 1− x ternary alloys. The calculated lattice parameters at different compositions of MgS x Se 1− x and MgSe x Te 1− x alloys were found to vary almost linearly, while a significant deviation of the lattice parameter from Vegard's law for MgS x Te 1− x alloy was observed. This is mainly due to the large mismatch of the lattice parameters of the binary compounds MgS and MgTe. A large deviation of the bulk modulus from linear concentration dependence (LCD) was observed for all three alloys. The calculated optical bowing was found to be mainly caused by the structural relaxation. Moreover, a significant charge exchange contribution was observed in the case of MgS x Te 1− x alloy …",Unclassified,0.0
,,"First principles calculations of structural, electronic and thermodynamic properties of SrS, SrSe, SrTe compounds and SrS1− xSex alloy
S Labidi, H Meradji, M Labidi, S Ghemid, S Drablia… - Physics Procedia, 2009
Cited by 49 Related articles All 4 versions",2009/11/1,2.0,https://www.sciencedirect.com/science/article/pii/S1875389209001667/pdf?md5=ff62a134b05010924b2786b00e8f9317&pid=1-s2.0-S1875389209001667-main.pdf,,,,1205-1212,"Condensed matter, Computational physics, Semicondactors",Cited by 49,Fouad El Haj Hassan,,,"First principles calculations of structural, electronic and thermodynamic properties of SrS, SrSe, SrTe compounds and SrS1− xSex alloy",,Physics Procedia,,https://scholar.google.com/citations?view_op=view_citation&hl=en&user=ubgOmIAAAAAJ&cstart=20&pagesize=80&citation_for_view=ubgOmIAAAAAJ:TQgYirikUcIC,3,Elsevier,"S Labidi, H Meradji, M Labidi, S Ghemid, S Drablia, F El Haj Hassan","The ab initio full potential linearized augmented plane wave (FP-LAPW) method within density functional theory was applied to study the structural and electronic properties of the compounds SrS, SrSe, SrTe and their alloy SrS1−xSex in the NaCl structure. Results are obtained using both the local density approximation (LDA) and the generalized gradient approximation (GGA) for the exchange-correlation potentials. The ground-state properties, like lattice constant and bulk modulus obtained from our calculations agree very well with experimental and other theoretical calculations. We present the main features of electronic properties, where the electronic band structure shows that the fundamental energy gap is indirect (Γ→X). Moreover the alternative form of GGA proposed by Engel and Vosko (GGA-EV) is also used for band structure calculations. Results obtained with this approximation show that significant …",Unclassified,0.0
,,"First-principles investigations of the ground-state and excited-state properties of BeOpolymorphs
B Amrani, FEH Hassan, H Akbarzadeh - Journal of Physics: Condensed Matter, 2007
Cited by 46 Related articles All 6 versions",2007/10/1,19.0,,,,,436216,"Condensed matter, Computational physics, Semicondactors",Cited by 46,Fouad El Haj Hassan,,,First-principles investigations of the ground-state and excited-state properties of BeOpolymorphs,,Journal of Physics: Condensed Matter,,https://scholar.google.com/citations?view_op=view_citation&hl=en&user=ubgOmIAAAAAJ&cstart=20&pagesize=80&citation_for_view=ubgOmIAAAAAJ:Y0pCki6q_DkC,43,IOP Publishing,"Bouhalouane Amrani, Fouad El Haj Hassan, Hadi Akbarzadeh","An investigation into the structural stabilities and the optoelectronic properties of BeO polymorphs was conducted using first-principles calculations based on density-functional theory. In agreement with experimental and earlier ab initio calculations, we found that the B4 phase is slightly lower in energy than the B3 phase, and that it transforms to the B1 structure at 107 GPa, while the B3–B1 transition occurs at 110 GPa. In addition, we found that BeO has a indirect gap in the B3 structure with a band gap of 9.01 eV and a direct band gap in the B4 and B1 phases with band gaps of 8.58 and 8.12 eV, respectively. Also, we have presented the results of the effective masses. To complete the fundamental characteristics of this compound we have analyzed their linear optical properties such as the dynamic dielectric function and energy-loss function for a wide range of energies 0–35 eV.",Unclassified,0.0
,,"Theoretical study of III–V yttrium compounds
B Amrani, FEH Hassan - Computational materials science, 2007
Cited by 45 Related articles All 4 versions",2007/5/1,39.0,,,,,563-568,"Condensed matter, Computational physics, Semicondactors",Cited by 45,Fouad El Haj Hassan,,,Theoretical study of III–V yttrium compounds,,Computational materials science,,https://scholar.google.com/citations?view_op=view_citation&hl=en&user=ubgOmIAAAAAJ&cstart=20&pagesize=80&citation_for_view=ubgOmIAAAAAJ:-f6ydRqryjwC,3,Elsevier,"B Amrani, F El Haj Hassan","We have performed ab initio self-consistent calculations based on the full potential linear augmented plane wave method with the generalized gradient approximation to investigate the structural and the electronic properties of the less known yttrium III–V compounds: YN, YP, YAs and YSb in the rock-salt and cesium chloride structures. Ground state properties such as lattice constant, bulk modulus, pressure derivative of the bulk modulus and cohesive energy are reported in both NaCl (B1) and CsCl (B2) structures as well as structural transition pressure. We also give the band structure at equilibrium lattice constant and at transition pressure. Our results are in good agreement with numerous experimental and theoretical data where available, and provide predictions where they are not.",Unclassified,0.0
,,"Mutual alloying of XAs (X= Ga, In, Al) materials: Tuning the optoelectronic and thermodynamic properties for solar energy applications
BU Haq, R Ahmed, FEH Hassan, R Khenata… - Solar Energy, 2014
Cited by 44 Related articles All 8 versions",2014/2/1,100.0,https://www.researchgate.net/profile/F-El-Haj-Hassan/publication/259452476_Mutual_alloying_of_XAs_X_Ga_In_Al_materials_Tuning_the_optoelectronic_and_thermodynamic_properties_for_solar_energy_applications/data/00b4952bb1cf67df52000000/se-ulhaq-100-2014-1.pdf,,,,1-8,"Condensed matter, Computational physics, Semicondactors",Cited by 44,Fouad El Haj Hassan,,,"Mutual alloying of XAs (X= Ga, In, Al) materials: Tuning the optoelectronic and thermodynamic properties for solar energy applications",,Solar Energy,,https://scholar.google.com/citations?view_op=view_citation&hl=en&user=ubgOmIAAAAAJ&cstart=20&pagesize=80&citation_for_view=ubgOmIAAAAAJ:2P1L_qKh6hAC,,Pergamon,"Bakhtiar Ul Haq, Rashid Ahmed, F El Haj Hassan, Rabah Khenata, Mohd Khalid Kasmin, Souraya Goumri-Said","In the present work we did mutual alloying of the versatile XAs (X = Ga, In, Al) materials in order to improve their efficiency and enhance their range of technological applications using state of the art first principles method. We investigate the structural, electronic and thermodynamic properties of Ga1−xAlxAs, Ga1−xInxAs and In1−xAlxAs for x = 0.25, 0.50, and 0.75. Calculations have been performed using the density functional theory (DFT) as implemented within the full potential linearized augmented plane wave plus local orbital (FP-LAPW + lo) method. For exchange and correlation energy treatment, we employed the local density approximations (LDA) as proposed by Wang and Perdew and the generalized gradient approximation (GGA) from Perdew et al. proposed. To calculate the accurate band structure, recently modified Becke Johnson (mBJ) potential was suggested as an alternative. Our calculations show …",Unclassified,0.0
,,"Ab initio study of the structural, electronic and thermodynamic properties of PbSe1− xSx, PbSe1− xTex and PbS1− xTex ternary alloys
N Boukhris, H Meradji, S Ghemid, S Drablia… - Physica Scripta, 2011
Cited by 41 Related articles All 5 versions",2011/5/12,83.0,https://www.researchgate.net/profile/F-El-Haj-Hassan/publication/258324758_Ab_initio_study_of_the_structural_electronic_and_thermodynamic_properties_of_PbSe_1-x_S_x_PbSe_1-x_Te_x_and_PbS_1-x_Te_x_ternary_alloys/links/00463527cd5fa9de02000000/Ab-initio-study-of-the-structural-electronic-and-thermodynamic-properties-of-PbSe-1-x-S-x-PbSe-1-x-Te-x-and-PbS-1-x-Te-x-ternary-alloys.pdf,,,,065701,"Condensed matter, Computational physics, Semicondactors",Cited by 41,Fouad El Haj Hassan,,,"Ab initio study of the structural, electronic and thermodynamic properties of PbSe1− xSx, PbSe1− xTex and PbS1− xTex ternary alloys",,Physica Scripta,,https://scholar.google.com/citations?view_op=view_citation&hl=en&user=ubgOmIAAAAAJ&cstart=20&pagesize=80&citation_for_view=ubgOmIAAAAAJ:LkGwnXOMwfcC,6,IOP Publishing,"N Boukhris, H Meradji, S Ghemid, S Drablia, F El Haj Hassan","The structural, electronic and thermodynamic properties of PbSe 1− x S x, PbSe 1− x Te x and PbS 1− x Te x ternary alloys have been calculated using the full-potential linearized-augmented plane wave method. The exchange and correlation potential is treated by the generalized gradient approximation (GGA) using the Perdew–Burke–Ernzerhof parameterization. Moreover, the Engel–Vosko GGA formalism is also applied to optimize the corresponding potential for band structure calculations. A nonlinear dependence of the effect of the concentration (x) on the lattice constants, bulk modulus and band gaps is found. The microscopic origins of the band gap bowing parameter have been discussed. Moreover, the thermodynamic stability of the studied alloys is investigated by means of the miscibility critical temperature.",Unclassified,0.0
,,"First principles investigation of barium chalcogenide ternary alloys
S Drablia, H Meradji, S Ghemid, G Nouet, FEH Hassan - Computational Materials Science, 2009
Cited by 41 Related articles All 2 versions",2009/8/1,46.0,,,,,376-382,"Condensed matter, Computational physics, Semicondactors",Cited by 41,Fouad El Haj Hassan,,,First principles investigation of barium chalcogenide ternary alloys,,Computational Materials Science,,https://scholar.google.com/citations?view_op=view_citation&hl=en&user=ubgOmIAAAAAJ&cstart=20&pagesize=80&citation_for_view=ubgOmIAAAAAJ:isC4tDSrTZIC,2,Elsevier,"S Drablia, H Meradji, S Ghemid, G Nouet, F El Haj Hassan","The ab initio full potential linearized augmented plane wave (FP-LAPW) method within density functional theory was applied to study the effect of composition on the structural, electronic, thermodynamic and optical properties of BaS1−xOx, BaS1−xSex and BaS1−xTex ternary alloys. The effect of composition on lattice parameter, bulk modulus, band gap, refractive index and dielectric function was investigated. The microscopic origins of the gap bowing were explained by using the approach of Zunger and co-workers. The thermodynamic stability of these alloys was investigated by calculating the excess enthalpy of mixing ΔHm as well as the phase diagram. In addition to FP-LAPW method, the composition dependence of the refractive index and the dielectric constant was studied by different models.",Unclassified,0.0
,,"First-principles study on the structural, electronic, magnetic and thermodynamic properties of full Heusler alloys Co 2 VZ (Z= Al, Ga)
A Bentouaf, FH Hassan, AH Reshak, B Aïssa - Journal of Electronic Materials, 2017
Cited by 40 Related articles All 8 versions",2017/1,46.0,http://faculty.uobasrah.edu.iq/uploads/publications/1588570454.pdf,,,,130-142,"Condensed matter, Computational physics, Semicondactors",Cited by 40,Fouad El Haj Hassan,,,"First-Principles Study on the Structural, Electronic, Magnetic and Thermodynamic Properties of Full Heusler Alloys Co2VZ (Z = Al, Ga)",,Journal of Electronic Materials,,https://scholar.google.com/citations?view_op=view_citation&hl=en&user=ubgOmIAAAAAJ&cstart=20&pagesize=80&citation_for_view=ubgOmIAAAAAJ:eq2jaN3J8jMC,,Springer US,"Ali Bentouaf, Fouad H Hassan, Ali H Reshak, Brahim Aïssa","We report on the investigation of the structural and physical properties of the Co2VZ (Z = Al, Ga) Heusler alloys, with L21 structure, through first-principles calculations involving the full potential linearized augmented plane-wave method within density functional theory. These physical properties mainly revolve around the electronic, magnetic and thermodynamic properties. By using the Perdew–Burke–Ernzerhof generalized gradient approximation, the calculated lattice constants and spin magnetic moments were found to be in good agreement with the experimental data. Furthermore, the thermal effects using the quasi-harmonic Debye model have been investigated in depth while taking into account the lattice vibrations, the temperature and the pressure effects on the structural parameters. The heat capacities, the thermal expansion coefficient and the Debye temperatures have also been determined from the non …",computational physics,0.2
,,"Ab initio study of the fundamental properties of HgSe, HgTe and their HgSexTe1− x alloys
FEH Hassan, B Al Shafaay, H Meradji, S Ghemid… - Physica Scripta, 2011
Cited by 40 Related articles All 6 versions",2011/11/10,84.0,https://www.academia.edu/download/53916391/Ab_initio_study_of_the_fundamental_prope20170719-2862-kwgvmu.pdf,,,,065601,"Condensed matter, Computational physics, Semicondactors",Cited by 40,Fouad El Haj Hassan,,,"Ab initio study of the fundamental properties of HgSe, HgTe and their HgSexTe1− x alloys",,Physica Scripta,,https://scholar.google.com/citations?view_op=view_citation&hl=en&user=ubgOmIAAAAAJ&cstart=20&pagesize=80&citation_for_view=ubgOmIAAAAAJ:3fE2CSJIrl8C,6,IOP Publishing,"F El Haj Hassan, B Al Shafaay, H Meradji, S Ghemid, H Belkhir, M Korek","First-principles calculations were performed to study the structural, electronic and thermodynamic properties of HgSe, HgTe and HgSe x Te 1− x ternary alloys using the full potential-linearized augmented plane wave plus local orbitals method within the density functional theory. We use both the Wu–Cohen and Engel–Vosko generalized gradient approximations of the exchange-correlation energy that are based on the optimization of total energy and corresponding potential, respectively. Our investigation of the effect of composition on the lattice constant, bulk modulus and iconicity for ternary alloys shows almost nonlinear dependence on the composition. Besides, a regular-solution model is used to investigate the thermodynamic stability of the alloys, which mainly indicates a phase miscibility gap. In addition, the quasi-harmonic Debye model is used to determine the thermal properties of alloys up to 700 K.",Unclassified,0.0
,,"Density functional study of CdS1–xSex and CdS1–xTex alloys
S Ouendadji, S Ghemid, H Meradji, FEH Hassan - Computational Materials Science, 2010
Cited by 40 Related articles All 4 versions",2010/3/1,48.0,https://www.researchgate.net/profile/F-El-Haj-Hassan/publication/258325278_Density_functional_study_of_CdS_1-x_Se_x_and_CdS_1-x_Te_x_alloys/links/00b7d527cddfebb267000000/Density-functional-study-of-CdS-1-x-Se-x-and-CdS-1-x-Te-x-alloys.pdf,,,,206-211,"Condensed matter, Computational physics, Semicondactors",Cited by 40,Fouad El Haj Hassan,,,Density functional study of CdS1–xSex and CdS1–xTex alloys,,Computational Materials Science,,https://scholar.google.com/citations?view_op=view_citation&hl=en&user=ubgOmIAAAAAJ&cstart=20&pagesize=80&citation_for_view=ubgOmIAAAAAJ:Se3iqnhoufwC,1,Elsevier,"S Ouendadji, S Ghemid, H Meradji, F El Haj Hassan","The present work performs self-consistent ab initio full potential-linearized augmented plane wave method to study the structural, electronic, optical and thermodynamic properties of CdS1–xSex and CdS1–xTex semiconductor alloys using generalized gradient approximation (GGA) by Perdew–Burke–Ernzerhof (PBE) and Engel–Vosko (EV). The ground-state properties were determined for the bulk materials CdS, CdSe, CdTe and their alloys. A small deviation of the lattice parameter from Vegard’s law was observed for CdS1–xSex and CdS1–xTex alloys. A large deviation of the bulk modulus from linear concentration dependence (LCD) was observed for two alloys. We have also investigated the effect of composition on bonding properties and correlated it to the charge-exchange effect in the optical bowing. Using the approach of Zunger et al. the microscopic origins of the gap bowing were also explained. The …",Unclassified,0.0
,,"Structural, electronic, thermodynamic and optical properties of alkaline earth oxides MgO, SrO and their alloys
M Labidi, S Labidi, S Ghemid, H Meradji, FEH Hassan - Physica Scripta, 2010
Cited by 38 Related articles All 4 versions",2010/9/29,82.0,,,,,045605,"Condensed matter, Computational physics, Semicondactors",Cited by 38,Fouad El Haj Hassan,,,"Structural, electronic, thermodynamic and optical properties of alkaline earth oxides MgO, SrO and their alloys",,Physica Scripta,,https://scholar.google.com/citations?view_op=view_citation&hl=en&user=ubgOmIAAAAAJ&cstart=20&pagesize=80&citation_for_view=ubgOmIAAAAAJ:hqOjcs7Dif8C,4,IOP Publishing,"M Labidi, S Labidi, S Ghemid, H Meradji, F El Haj Hassan","The structural, electronic, optical and thermodynamic properties of Mg 1− x Sr x O ternary alloys in NaCl structures at various Sr concentrations are presented. The calculations were performed using the full potential linearized augmented plane wave (FP-LAPW) method within the density functional theory (DFT) in the local density approximation (LDA) and two developed refinements, namely the generalized gradient approximation (GGA) of Perdew et al (1996 Phys. Rev. Lett. 77 3865) for the structural properties and Engel and Vosko (1993 Phys. Rev. B 47 13164) for the band structure calculations. Deviation of the lattice constants from Vegard's law and the bulk modulus from the linear concentration dependence (LCD) were observed for the alloys. The microscopic origins of the gap bowing were explained by using the approach of Bernard and Zunger (1986 Phys. Rev. Lett. 34 5982). The refractive index and …",computational physics,0.2
,,"Electronic, magnetic and thermal properties of Co2CrxFe1− xX (X= Al, Si) Heusler alloys: first-principles calculations
M Guezlane, H Baaziz, FEH Hassan, Z Charifi… - Journal of Magnetism and Magnetic Materials, 2016
Cited by 37 Related articles All 3 versions",2016/9/15,414.0,,,,,219-226,"Condensed matter, Computational physics, Semicondactors",Cited by 37,Fouad El Haj Hassan,,,"Electronic, magnetic and thermal properties of Co2CrxFe1− xX (X= Al, Si) Heusler alloys: first-principles calculations",,Journal of Magnetism and Magnetic Materials,,https://scholar.google.com/citations?view_op=view_citation&hl=en&user=ubgOmIAAAAAJ&cstart=20&pagesize=80&citation_for_view=ubgOmIAAAAAJ:p2g8aNsByqUC,,North-Holland,"M Guezlane, H Baaziz, F El Haj Hassan, Z Charifi, Y Djaballah","Density functional theory (DFT) based on the full-potential linearized augmented plane wave (FP-LAPW) method is used to investigate the structural, electronic, magnetic and thermal properties of Co2CrxFe1−xX (X=Al, Si) full Heusler alloys, with L21 structure. The structural properties and spin magnetic moments are investigated by the generalized gradient approximations (GGA) minimizing the total energy. For band structure calculations, GGA, the Engel–Vosko generalized gradient approximation (EVGGA) and modified Becke–Johnson (mBJ) schemes are used. Results of density of states (DOS) and band structures show that these alloys are half-metallic ferromagnets (HMFS). A regular-solution model has been used to investigate the thermodynamic stability of the compounds Co2CrxFe1−xX that indicates a phase miscibility gap. The thermal effects using the quasi-harmonic Debye model are investigated within …",Unclassified,0.0
,,"First principles study of structural and electronic properties of Bex Zn1–x S and Bex Zn1–x Te alloys
M Ameri, D Rached, M Rabah, F El Haj Hassan… - physica status solidi (b), 2008
Cited by 37 Related articles All 4 versions",2008/1,245.0,https://onlinelibrary.wiley.com/doi/pdf/10.1002/pssb.200743128,,,,106-113,"Condensed matter, Computational physics, Semicondactors",Cited by 37,Fouad El Haj Hassan,,,First principles study of structural and electronic properties of Bex Zn1–x S and Bex Zn1–x Te alloys,,physica status solidi (b),,https://scholar.google.com/citations?view_op=view_citation&hl=en&user=ubgOmIAAAAAJ&cstart=20&pagesize=80&citation_for_view=ubgOmIAAAAAJ:bEWYMUwI8FkC,1,WILEY‐VCH Verlag,"M Ameri, D Rached, M Rabah, F El Haj Hassan, R Khenata, M Doui‐Aici","We present the results of first‐principles study of the structural and electronic properties of Bex Zn1–x S and Bex Zn1–x Te alloys for different concentrations x. The computational method is based on the full‐potential muffin‐tin orbitals method (FP‐LMTO) in the framework of density‐functional theory (DFT). The exchange and correlation energy is described in the local density approximation (LDA) using Perdew–Wang parameterization. We have investigated the effect of composition on the ground‐state properties, band gap and effective mass. We report the results concerning the variation of the gaps and crossover of the direct, indirect bandgap and the bowing. Using the approach of Zunger and coworkers, the microscopic origins of bandgap bowing have been detailed and explained. A reasonable agreement is found from the comparison of our results with other theoretical calculations. (© 2008 WILEY‐VCH …",computational physics,0.204
,,"Theoretical study of structural and electronic properties of CaFI
FEH Hassan, H Akbarzadeh, SJ Hashemifar - Journal of Physics: Condensed Matter, 2004
Cited by 37 Related articles All 6 versions",2004/5/7,16.0,,,,,3329,"Condensed matter, Computational physics, Semicondactors",Cited by 37,Fouad El Haj Hassan,,,Theoretical study of structural and electronic properties of CaFI,,Journal of Physics: Condensed Matter,,https://scholar.google.com/citations?view_op=view_citation&hl=en&user=ubgOmIAAAAAJ&cstart=20&pagesize=80&citation_for_view=ubgOmIAAAAAJ:IjCSPb-OGe4C,20,IOP Publishing,"F El Haj Hassan, H Akbarzadeh, SJ Hashemifar","The full potential linearized augmented plane wave (FP-LAPW) method within density functional theory is applied to study, for the first time, the structural and electronic properties of CaFI and to compare them with CaFCl and CaFBr, all compounds belonging to the tetragonal PbFCl structure group with space group P4/nmm. We used the generalized gradient approximation (GGA) based on exchange–correlation energy optimization to calculate the total energy and also the Engel–Vosko GGA formalism, which optimizes the corresponding potential for band structure calculations. Ground state properties such as the lattice parameters, c/a ratio, bulk modulus, pressure derivative of the bulk modulus and cohesive energy are calculated as well as the optimized internal parameters, by relaxing the atomic position in the force directions. The variations of the calculated interatomic distances and angles between different …",Unclassified,0.0
,,"Phase stability and electronic behavior of MgS, MgSe and MgTe compounds
L Tairi, S Touam, A Boumaza, M Boukhtouta, H Meradji… - Phase Transitions, 2017
Cited by 36 Related articles All 2 versions",2017/10/3,90.0,,,,,929-941,"Condensed matter, Computational physics, Semicondactors",Cited by 36,Fouad El Haj Hassan,,,"Phase stability and electronic behavior of MgS, MgSe and MgTe compounds",,Phase Transitions,,https://scholar.google.com/citations?view_op=view_citation&hl=en&user=ubgOmIAAAAAJ&cstart=20&pagesize=80&citation_for_view=ubgOmIAAAAAJ:l7t_Zn2s7bgC,10,Taylor & Francis,"L Tairi, S Touam, A Boumaza, M Boukhtouta, H Meradji, S Ghemid, S Bin Omran, F El Haj Hassan, R Khenata","Ab initio calculations based on density functional theory using the full-potential linearized augmented plane wave method have been carried out to find the structural stability of different crystallographic phases, the pressure-induced phase transition and the electronic properties of the magnesium chalcogenides MgS, MgSe and MgTe. The zinc blende (B3), wurtzite (B4), rock salt (B1), CsCl (B2), NiAs (B8), β-BeO, 5-5 and TiP crystal structures are considered and the exchange and correlation potential is treated by the generalized-gradient approximation using the Perdew–Burke–Ernzerhof parameterization. Moreover, the modified Becke-Johnson (mBJ) scheme is also applied to optimize the corresponding potential for the band structure calculations. Results show that the wurtzite phase is the stable structure in the ground state adopted by MgSe and MgTe compounds while MgS adopts the rock-salt one. Moreover …",Unclassified,0.0
,,"Structural, electronic, magnetic and thermodynamic properties of full-Heusler compound Co2VSi: Ab initio study
A Bentouaf, FEH Hassan - Journal of Magnetism and Magnetic Materials, 2015
Cited by 36 Related articles All 4 versions",2015/5/1,381.0,,,,,65-69,"Condensed matter, Computational physics, Semicondactors",Cited by 36,Fouad El Haj Hassan,,,"Structural, electronic, magnetic and thermodynamic properties of full-Heusler compound Co2VSi: Ab initio study",,Journal of Magnetism and Magnetic Materials,,https://scholar.google.com/citations?view_op=view_citation&hl=en&user=ubgOmIAAAAAJ&cstart=20&pagesize=80&citation_for_view=ubgOmIAAAAAJ:yD5IFk8b50cC,,North-Holland,"Ali Bentouaf, Fouad El Haj Hassan","Density functional theory based on full-potential linearized augmented plane wave (FP LAPW) method is used to investigate the structural, electronic and magnetic properties of Co2VSi Heusler alloys, with L21 structure. It is shown that calculated lattice constants and spin magnetic moments using the general gradient approximation method are in good agreement with experimental values. We also presented the thermal effects using the quasi-harmonic Debye model, in which the lattice vibrations are taken into account. Temperature and pressure effects on the structural parameters, heat capacities, thermal expansion coefficient, and Debye temperatures are determined from the non-equilibrium Gibbs functions.",Unclassified,0.0
,,"Atomistic description of phenol, CO and H2O adsorption over crystalline and amorphous silica surfaces for hydrodeoxygenation applications
Y Berro, S Gueddida, S Lebègue, A Pasc, N Canilho… - Applied Surface Science, 2019
Cited by 33 Related articles All 6 versions",2019/11/15,494.0,https://www.sciencedirect.com/science/article/am/pii/S0169433219322524,,,,721-730,"Condensed matter, Computational physics, Semicondactors",Cited by 33,Fouad El Haj Hassan,,,"Atomistic description of phenol, CO and H2O adsorption over crystalline and amorphous silica surfaces for hydrodeoxygenation applications",,Applied Surface Science,,https://scholar.google.com/citations?view_op=view_citation&hl=en&user=ubgOmIAAAAAJ&cstart=20&pagesize=80&citation_for_view=ubgOmIAAAAAJ:1yQoGdGgb4wC,,North-Holland,"Youssef Berro, Saber Gueddida, Sébastien Lebègue, Andreea Pasc, Nadia Canilho, Mounir Kassir, Fouad El Haj Hassan, Michael Badawi","The upgrading of lignin-derived bio-oils involves a HydroDeOxygenation (HDO) reaction through either the Hydrogenation (Hyd) or the Direct DeOxygenation (DDO) route, the latter limiting hydrogen consumption. Herein, dispersion-corrected DFT has been used to evaluate the adsorption behavior of phenol (as a representative model of bio-oils) and two by-products (water and CO) over various crystalline and amorphous silica surfaces to evaluate their potential selectivity (DDO/Hyd) and efficiency (low inhibiting effect) for HDO processing. Phenol can adsorb through three modes, flat π-interaction, flat O-interaction or perpendicular O-interaction. All crystalline surfaces show a preference for the flat π-interaction, which is expected to promote the Hyd route. Over amorphous surfaces the flat O-interaction dominates, and a very specific and strong interaction (around −120 kJ/mol) was found on SiO2-3.3 and SiO2-2.0 …",Unclassified,0.0
,,"Study of the Gap Bowing in BNxSb1-x, BPxSb1-x and BAxSb1-x Ternary Alloys
FEH Hassan - Physica Status Solidi (B), 2005
Cited by 27 Related articles
First‐principles study of BNxSb1–x, BPxSb1–x and BAsxSb1–x alloys*
F El Haj Hassan - physica status solidi (b), 2005
Cited by 7 Related articles All 5 versions",2005,242.0,,,,,3129-3137,"Condensed matter, Computational physics, Semicondactors",Cited by 32,Fouad El Haj Hassan,,,"Study of the Gap Bowing in BNxSb1-x, BPxSb1-x and BAxSb1-x Ternary Alloys",,Physica Status Solidi (B),,https://scholar.google.com/citations?view_op=view_citation&hl=en&user=ubgOmIAAAAAJ&cstart=20&pagesize=80&citation_for_view=ubgOmIAAAAAJ:Tyk-4Ss8FVUC,15,,F El Haj Hassan,,Unclassified,0.0
,,"First principles calculations of structural, electronic and thermal properties of lead chalcogenides PbS, PbSe and PbTe compounds
N Boukhris, H Meradji, SA Korba, S Drablia, S Ghemid… - Bulletin of Materials Science, 2014
Cited by 30 Related articles All 8 versions",2014/8,37.0,https://www.ias.ac.in/public/Volumes/boms/037/05/1159-1166.pdf,,,,1159-1166,"Condensed matter, Computational physics, Semicondactors",Cited by 30,Fouad El Haj Hassan,,,"First principles calculations of structural, electronic and thermal properties of lead chalcogenides PbS, PbSe and PbTe compounds",,Bulletin of Materials Science,,https://scholar.google.com/citations?view_op=view_citation&hl=en&user=ubgOmIAAAAAJ&cstart=20&pagesize=80&citation_for_view=ubgOmIAAAAAJ:u_35RYKgDlwC,,Springer India,"N Boukhris, H Meradji, S Amara Korba, S Drablia, S Ghemid, F el Haj Hassan","The structural, electronic and thermal properties of lead chalcogenides PbS, PbSe and BeTe using full-potential linear augmented plane wave (FP-LAPW) method are investigated. The exchange-correlation energy within the local density approximation (LDA) and the generalized gradient approximation (GGA) are described. The calculated structural parameters are in reasonable agreement with the available experimental and theoretical data. The electronic band structure shows that the fundamental energy gap is direct (L-L) for all the compounds. Thermal effects on some macroscopic properties of these compounds are predicted using the quasi-harmonic Debye model, in which the lattice vibrations are taken into account. The variations of the lattice constant, bulk modulus, heat capacity, volume expansion coefficient and Debye temperature with temperature and pressure are obtained successfully. The …",Unclassified,0.0
,,"Ab initio investigations of zinc chalcogenides semiconductor alloys
FEH Hassan, B Amrani, F Bahsoun - Physica B: Condensed Matter, 2007
Cited by 30 Related articles All 2 versions",2007/4/1,391.0,,,,,363-370,"Condensed matter, Computational physics, Semicondactors",Cited by 30,Fouad El Haj Hassan,,,Ab initio investigations of zinc chalcogenides semiconductor alloys,,Physica B: Condensed Matter,,https://scholar.google.com/citations?view_op=view_citation&hl=en&user=ubgOmIAAAAAJ&cstart=20&pagesize=80&citation_for_view=ubgOmIAAAAAJ:GnPB-g6toBAC,2,North-Holland,"F El Haj Hassan, B Amrani, F Bahsoun","The present work performs self-consistent ab initio full potential-linearized augmented plane wave method to study the structural, electronic and thermodynamic properties of ZnSxSe1−x, ZnSxTe1−x and ZnSexTe1−x semiconductor alloys. The ground-state properties were determined for the bulk materials (ZnS, ZnSe, and ZnTe) and for their alloys in cubic phase at various concentrations (x=0.25, 0.5 and 0.75). A marginal deviation of the lattice parameter from Vegard's law was observed for ZnSxSe1−x and ZnSexTe1−x alloys, while the lattice bowing of ZnSxTe1−x alloy was found to be significant. This is mainly because of the large mismatch of the lattice parameters of the binary compounds ZnS and ZnTe. A large deviation of the bulk modulus from linear concentration dependence was observed for all the three alloys. We have also investigated the effect of composition on bonding properties and correlated it to …",Unclassified,0.0
,,"First-principle calculations of structural, electronic, optical, elastic and thermal properties of MgXAs _ 2 MgXAs 2 (X= Si, Ge X= Si, Ge) compounds
S Cheddadi, K Boubendira, H Meradji, S Ghemid… - Pramana, 2017
Cited by 29 Related articles All 7 versions",2017/12,89.0,https://www.ias.ac.in/public/Volumes/pram/089/06/0089.pdf,,,,1-10,"Condensed matter, Computational physics, Semicondactors",Cited by 29,Fouad El Haj Hassan,,,"First-principle calculations of structural, electronic, optical, elastic and thermal properties of () compounds",,Pramana,,https://scholar.google.com/citations?view_op=view_citation&hl=en&user=ubgOmIAAAAAJ&cstart=20&pagesize=80&citation_for_view=ubgOmIAAAAAJ:sSrBHYA8nusC,,Springer India,"S Cheddadi, K Boubendira, H Meradji, S Ghemid, F El Haj Hassan, S Lakel, R Khenata","First-principle calculations on the structural, electronic, optical, elastic and thermal properties of the chalcopyrite () have been performed within the density functional theory (DFT) using the full-potential linearized augmented plane wave (FP-LAPW) method. The obtained equilibrium structural parameters are in good agreement with the available experimental data and theoretical results. The calculated band structures reveal a direct energy band gap for the interested compounds. The predicted band gaps using the modified Becke–Johnson (mBJ) exchange approximation are in fairly good agreement with the experimental data. The optical constants such as the dielectric function, refractive index, and the extinction coefficient are calculated and analysed. The independent elastic parameters namely, , , , , and are evaluated. The effects of temperature and pressure on some …",Unclassified,0.0
,,"First principle investigation of mercury chalcogenides and their HgSxSe1− x and HgSxTe1− x ternary alloys
B Al Shafaay, FEH Hassan, M Korek - Computational materials science, 2014
Cited by 29 Related articles All 6 versions",2014/2/15,83.0,https://www.researchgate.net/profile/Burhan-Al-Shafaay-2/publication/259136452_First_principle_investigation_of_mercury_chalcogenides_and_their_HgSxSe1-x_and_HgSxTe1-x_ternary_alloys/links/56a1e48908ae24f62702dbc2/First-principle-investigation-of-mercury-chalcogenides-and-their-HgSxSe1-x-and-HgSxTe1-x-ternary-alloys.pdf,,,,107-113,"Condensed matter, Computational physics, Semicondactors",Cited by 29,Fouad El Haj Hassan,,,First principle investigation of mercury chalcogenides and their HgSxSe1− x and HgSxTe1− x ternary alloys,,Computational materials science,,https://scholar.google.com/citations?view_op=view_citation&hl=en&user=ubgOmIAAAAAJ&cstart=20&pagesize=80&citation_for_view=ubgOmIAAAAAJ:RYcK_YlVTxYC,,Elsevier,"B Al Shafaay, F El Haj Hassan, M Korek","Total-energy calculations of HgS, HgSe, HgTe and their HgSxSe1−x and HgSxTe1−x ternary alloys using first principle full potential-linearized augmented plane wave (FP-LAPW) plus local orbital method within the density functional theory (DFT). The structural properties at equilibrium are investigated by using the new form of generalized gradient approximations (GGA_PBEsol) that are based on the optimization of total energy. For band structure calculations, both GGA and modified Becke–Johnson (mBJ) of the exchange–correlation energy and potential, respectively, are used. HgS is found to be a semiconductor while HgSe and HgTe semi-metallic. The lattice parameters and mechanical properties of binary compounds have been determined. Our investigation on the effect of composition on lattice constant, bulk modulus and gap energy shows almost nonlinear dependence on the composition. The HgSxSe1−x …",semicondactors,0.4
,,"Structural, electronic, optical and thermal properties of AlxGa1− xAsySb1− y quaternary alloys: First-principles study
FEH Hassan, AV Postnikov, O Pagès - Journal of Alloys and Compounds, 2010
Cited by 29 Related articles All 7 versions",2010/8/20,504.0,https://www.academia.edu/download/101130917/j.jallcom.2010.05.16120230416-1-4lvt67.pdf,,,,559-565,"Condensed matter, Computational physics, Semicondactors",Cited by 29,Fouad El Haj Hassan,,,"Structural, electronic, optical and thermal properties of AlxGa1− xAsySb1− y quaternary alloys: First-principles study",,Journal of Alloys and Compounds,,https://scholar.google.com/citations?view_op=view_citation&hl=en&user=ubgOmIAAAAAJ&cstart=20&pagesize=80&citation_for_view=ubgOmIAAAAAJ:5nxA0vEk-isC,2,Elsevier,"F El Haj Hassan, AV Postnikov, O Pagès","First-principles calculations are performed to study the structural, electronic, optical and thermodynamic properties of technologically important AlxGa1−xAsySb1−y quaternary alloys using the full potential-linearized augmented plane wave plus local orbitals method within the density functional theory. We use both Wu–Cohen and Engel–Vosko generalized gradient approximations of the exchange-correlation energy that are based on the optimization of total energy and corresponding potential, respectively. Our investigation on the effect of composition on lattice constant, bulk modulus and band gap for pseudobinary as well as for quaternary alloys shows nonlinear dependence on the composition. The bowing of the fundamental gap versus composition predicted by our calculations is in very good agreement with experiments available for pseudobinary alloys. The presented contour maps of energy band gap and …",Unclassified,0.0
,,"FP-LAPW investigations of SrS1− xSex, SrS1− xTex and SrSe1− xTex ternary alloys
S Labidi, H Meradji, S Ghemid, M Labidi, FEH Hassan - Journal of Physics: Condensed Matter, 2008
Cited by 29 Related articles All 6 versions",2008/10/10,20.0,https://www.researchgate.net/profile/Salima-Labidi/publication/231033191_FP-LAPW_investigations_of_SrS1-xSex_SrS1-xTex_and_SrSe1-xTex_ternary_alloys/links/5c9cf8e6a6fdccd4603f952f/FP-LAPW-investigations-of-SrS1-xSex-SrS1-xTex-and-SrSe1-xTex-ternary-alloys.pdf,,,,445213,"Condensed matter, Computational physics, Semicondactors",Cited by 29,Fouad El Haj Hassan,,,"FP-LAPW investigations of SrS1− xSex, SrS1− xTex and SrSe1− xTex ternary alloys",,Journal of Physics: Condensed Matter,,https://scholar.google.com/citations?view_op=view_citation&hl=en&user=ubgOmIAAAAAJ&cstart=20&pagesize=80&citation_for_view=ubgOmIAAAAAJ:_FxGoFyzp5QC,44,IOP Publishing,"S Labidi, H Meradji, S Ghemid, M Labidi, F El Haj Hassan","The ab initio full potential linearized augmented plane wave (FP-LAPW) method within density functional theory (DFT) was applied to study the effect of composition on the structural, electronic, optical and thermodynamic properties of SrS 1− x Se x, SrS 1− x Te x and SrSe 1− x Te x ternary alloys. For exchange–correlation energy and corresponding potential, the generalized gradient approximation (GGA) by Perdew–Burke–Ernzerhof (PBE) and Engel–Vosko (EVGGA) have been used. Deviation of the lattice constants from Vegard's law and the bulk modulus from linear concentration dependence (LCD) were observed for the three alloys. The microscopic origins of the gap bowing were explained by using the approach of Zunger and co-workers. The refractive index and optical dielectric constant for the alloys of interest are calculated by using different models. In addition the thermodynamic stability of the alloys was …",Unclassified,0.0
,,"Imprinting isolated single iron atoms onto mesoporous silica by templating with metallosurfactants
Y Berro, S Gueddida, Y Bouizi, C Bellouard… - Journal of Colloid and Interface Science, 2020
Cited by 27 Related articles All 10 versions",2020/8/1,573.0,https://www.sciencedirect.com/science/article/am/pii/S0021979720303969,,,,193-203,"Condensed matter, Computational physics, Semicondactors",Cited by 27,Fouad El Haj Hassan,,,Imprinting isolated single iron atoms onto mesoporous silica by templating with metallosurfactants,,Journal of Colloid and Interface Science,,https://scholar.google.com/citations?view_op=view_citation&hl=en&user=ubgOmIAAAAAJ&cstart=20&pagesize=80&citation_for_view=ubgOmIAAAAAJ:tKAzc9rXhukC,,Academic Press,"Y Berro, S Gueddida, Y Bouizi, C Bellouard, El-E Bendeif, A Gansmuller, A Celzard, V Fierro, D Ihiawakrim, O Ersen, M Kassir, F El Haj Hassan, S Lebegue, M Badawi, N Canilho, A Pasc","Hypothesis
One of the main drawbacks of metal-supported materials, traditionally prepared by the impregnation of metal salts onto pre-synthesized porous supports, is the formation of large and unevenly dispersed particles. Generally, the larger are the particles, the lower is the number of catalytic sites. Maximum atom exposure can be reached within single-atom materials, which appear therefore as the next generation of porous catalysts.
Experiments
Herein, we designed single iron atom-supported silica materials through sol-gel hydrothermal treatment using mixtures of a non-ionic surfactant (Pluronic P123) and a metallosurfactant (cetyltrimethylammoniumtrichloromonobromoferrate, CTAF) as porogens. The ratio between the Pluronic P123 and the CTAF enables to control the silica structural and textural properties. More importantly, CTAF acts as an iron source, which amount could be simply tuned by varying the …",Unclassified,0.0
,,"Structural, Electronic, Optical and Thermodynamic Properties of PbS, PbSe and Their Ternary Alloy PbS 1-x Se x
M Labidi, H Meradji, S Ghemid, S Labidi… - Modern Physics Letters B, 2011
Cited by 27 Related articles All 4 versions",2011/3/20,25.0,https://www.researchgate.net/profile/F-El-Haj-Hassan/publication/258325147_Structural_electronic_optical_and_thermodynamic_properties_of_PbS_PbSe_and_their_ternary_alloys_PbS1-xSex/links/0deec527cda5ad6426000000/Structural-electronic-optical-and-thermodynamic-properties-of-PbS-PbSe-and-their-ternary-alloys-PbS1-xSex.pdf,,,,473-486,"Condensed matter, Computational physics, Semicondactors",Cited by 27,Fouad El Haj Hassan,,,"STRUCTURAL, ELECTRONIC, OPTICAL AND THERMODYNAMIC PROPERTIES OF PbS, PbSe AND THEIR TERNARY ALLOY PbS1-xSex",,Modern Physics Letters B,,https://scholar.google.com/citations?view_op=view_citation&hl=en&user=ubgOmIAAAAAJ&cstart=20&pagesize=80&citation_for_view=ubgOmIAAAAAJ:TFP_iSt0sucC,07,World Scientific Publishing Company,"M Labidi, H Meradji, S Ghemid, S Labidi, F El Haj Hassan","On the basis of ab initio calculations employing density functional theory (DFT), we investigate the structural, electronic, optical and thermodynamic properties of two binaries: PbS and PbSe in rock-salt structures. In addition, several compositions with various ordered structures of PbS1-xSex alloys were studied. The calculations were performed using the full potential linearized augmented plane wave (FP-LAPW) method within the generalized gradient approximation (GGA). Various quantities, such as equilibrium lattice constants, bulk modulus, band structures and refractive index for all Se-concentrations are presented. The microscopic origins of the gap bowing were explained by using the approach of Zunger and coworkers. On the other hand, the thermodynamic stability of these alloys was investigated by calculating the excess enthalpy of mixing ΔHm as well as the phase diagram.",Unclassified,0.0
,,"Ab initio investigations of calcium chalcogenide alloys
M Slimani, H Meradji, C Sifi, S Labidi, S Ghemid… - Journal of alloys and compounds, 2009
Cited by 27 Related articles All 8 versions",2009/10/19,485.0,https://www.academia.edu/download/115303230/j.jallcom.2009.06.10420240525-1-7227ko.pdf,,,,642-647,"Condensed matter, Computational physics, Semicondactors",Cited by 27,Fouad El Haj Hassan,,,Ab initio investigations of calcium chalcogenide alloys,,Journal of alloys and compounds,,https://scholar.google.com/citations?view_op=view_citation&hl=en&user=ubgOmIAAAAAJ&cstart=20&pagesize=80&citation_for_view=ubgOmIAAAAAJ:iH-uZ7U-co4C,1-2,Elsevier,"M Slimani, H Meradji, C Sifi, S Labidi, S Ghemid, EB Hannech, F El Haj Hassan","Full potential-linearized augmented plane wave (FP-LAPW) method within density functional theory (DFT) was applied to study the structural, electronic, optical and thermodynamic properties of CaS1−xTex, CaSe1−xTex and CaS1−xSex ternary alloys. In this approach the generalized gradient approximation (GGA) was used for the exchange-correlation potential. Moreover, the alternative form of GGA proposed by Engel and Vosko (EVGGA) was also used for band structure calculations. The effect of composition on lattice constant, bulk modulus, band gap, refractive index, and dielectric function was investigated. The microscopic origins of the gap bowing were explained by using the approach of Zunger and co-workers. In order to investigate the thermodynamic stability of the alloys we first calculated the excess enthalpy of mixing ΔHm as a function of concentration (x). Then by using a regular model solution the x …",Unclassified,0.0
,,"Structural, Electronic, Thermodynamic and Thermal Properties of Zinc-Blende InP, InAs and Their InAs x P 1-x Ternary Alloys via First Principles Calculations
O Nemiri, S Ghemid, Z Chouahda, H Meradji… - International Journal of Modern Physics B, 2013
Cited by 25 Related articles All 3 versions",2013/10/30,27.0,,,,,1350166,"Condensed matter, Computational physics, Semicondactors",Cited by 25,Fouad El Haj Hassan,,,"STRUCTURAL, ELECTRONIC, THERMODYNAMIC AND THERMAL PROPERTIES OF ZINC-BLENDE InP, InAs AND THEIR InAsx P1-x TERNARY ALLOYS VIA …",,International Journal of Modern Physics B,,https://scholar.google.com/citations?view_op=view_citation&hl=en&user=ubgOmIAAAAAJ&cstart=20&pagesize=80&citation_for_view=ubgOmIAAAAAJ:BqipwSGYUEgC,27,World Scientific Publishing Company,"O Nemiri, S Ghemid, Z Chouahda, H Meradji, F El Haj Hassan","First-principles calculations are performed to study the structural, electronic, thermodynamic and thermal properties of the InP and InAs bulk materials and InAsxP1-x ternary alloys using the full potential-linearized augmented plane wave method (FP-LAPW) within the density functional theory (DFT). The dependence of the lattice constant, bulk modulus, band gap, Debye temperature, heat capacity and mixing entropy on the composition x was analyzed. The lattice constant for InAsxP1-x alloys exhibits a marginal deviation from the Vegard's law. A large deviation of the bulk modulus from linear concentration dependence (LCD) was observed for our alloys. We found that the composition dependence of the energy band gap is almost linear by using the mBJ and EV-GGA approximations. The microscopic origins of the gap bowing were explained and detailed by using the approach of Zunger and co-workers …",Unclassified,0.0
,,"Structural, electronic and optical properties of AgI under pressure
B Amrani, R Ahmed, FEH Hassan, AH Reshak - Physics Letters A, 2008
Cited by 25 Related articles All 5 versions",2008/3/31,372.0,,,,,2502-2508,"Condensed matter, Computational physics, Semicondactors",Cited by 25,Fouad El Haj Hassan,,,"Structural, electronic and optical properties of AgI under pressure",,Physics Letters A,,https://scholar.google.com/citations?view_op=view_citation&hl=en&user=ubgOmIAAAAAJ&cstart=20&pagesize=80&citation_for_view=ubgOmIAAAAAJ:j3f4tGmQtD8C,14,North-Holland,"B Amrani, Rashid Ahmed, F El Haj Hassan, Ali H Reshak","We report results of first-principles total-energy calculations for structural properties of the group I–VII silver iodide (AgI) semiconductor compound under pressure for B1 (rocksalt), B2 (cesium chloride), B3 (zinc-blende) and B4 (wurtzite) structures. Calculations have been performed using all-electron full-potential linearized augmented plane wave plus local orbitals FP-LAPW+lo method based on density-functional theory (DFT) and using generalised gradient approximation (GGA) for the purpose of exchange correlation energy functional. In agreement with experimental and earlier ab initio calculations, we find that the B3 phase is slightly lower in energy than the B4 phase, and it transforms to B1 structure at 4.19 GPa. Moreover, we found AgI has direct gap in B3 structure with a band gap of 1.378 eV and indirect band gap in B1 phase with a bandgap around 0.710 eV. We also present results of the effective masses …",Unclassified,0.0
,,"First-principles investigation of SnO 2 at high pressure
F El Haj Hassan, A Alaeddine, M Zoaeter, I Rachidi - International Journal of Modern Physics B, 2005
Cited by 25 Related articles All 7 versions",2005/10/30,19.0,https://www.academia.edu/download/50810146/First-principles_investigation_of_SnO2_a20161209-10218-pfyrnm.pdf,,,,4081-4092,"Condensed matter, Computational physics, Semicondactors",Cited by 25,Fouad El Haj Hassan,,,First-principles investigation of SnO 2 at high pressure,,International Journal of Modern Physics B,,https://scholar.google.com/citations?view_op=view_citation&hl=en&user=ubgOmIAAAAAJ&cstart=20&pagesize=80&citation_for_view=ubgOmIAAAAAJ:eQOLeE2rZwMC,27,World Scientific Publishing Company,"F El Haj Hassan, A Alaeddine, M Zoaeter, I Rachidi","The ground state properties and the structural phase transformation of tin dioxide (SnO2) have been investigated using first principle full potential-linearized augmented plane wave (FP-LAPW) method within density functional theory (DFT). We used local density approximation (LDA) and the generalized gradient approximation (GGA), which are based on exchange-correlation energy optimization, to optimize the internal parameters by relaxing the atomic positions in the force directions and to calculate the total energy. For band structure calculations, we utilized both the Engel-Vosko's generalized gradient approximation (EVGGA), which optimizes the exchange-correlation potential, and also GGA. From the obtained band structures, the electron (hole) valance and conduction effective masses are deduced. For compressed volumes SnO2 is shown to undergo two structural phase transitions with increasing pressure …",Unclassified,0.0
,,"Application of the full-potential linear augmented-plane-wave method to the study of electronic properties in semiconductors with d valence electrons
A Zaoui, FEH Hassan - Philosophical Magazine B, 2002
Cited by 25 Related articles All 4 versions",2002/5/1,82.0,,,,,791-800,"Condensed matter, Computational physics, Semicondactors",Cited by 25,Fouad El Haj Hassan,,,Application of the full-potential linear augmented-plane-wave method to the study of electronic properties in semiconductors with d valence electrons,,Philosophical Magazine B,,https://scholar.google.com/citations?view_op=view_citation&hl=en&user=ubgOmIAAAAAJ&cstart=20&pagesize=80&citation_for_view=ubgOmIAAAAAJ:W7OEmFMy1HYC,7,Taylor & Francis Group,"Ali Zaoui, Fouad El Haj Hassan","The present paper aims to study the electronic structure of semiconductors with d valence electrons such as CuX (X = Cl, Br or I). The full-potential linearized augmented-plane-wave method has been employed within the generalized gradient approximation for the exchange-correlation potential. The structural parameters have been obtained for the fundamental state of each CuX. Also, the role of d electrons and the contribution of every atomic orbital to the electronic structure are detailed and explained. From the obtained band structures, the electron (hole) valence and conduction effective masses are deduced. Our findings are compared with experimental and previous theoretical studies.",Unclassified,0.0
,,"Electronic structure of CuClxBr1− x, CuClxI1− xand CuBrxI1− xalloys
FEH Hassan, A Zaoui - Superlattices and microstructures, 2001
Cited by 23 Related articles All 5 versions",2001/8/1,30.0,https://www.academia.edu/download/83642632/spmi.2001.099520220409-5105-obric5.pdf,,,,75-80,"Condensed matter, Computational physics, Semicondactors",Cited by 23,Fouad El Haj Hassan,,,"Electronic structure of CuClxBr1− x, CuClxI1− xand CuBrxI1− xalloys",,Superlattices and microstructures,,https://scholar.google.com/citations?view_op=view_citation&hl=en&user=ubgOmIAAAAAJ&cstart=20&pagesize=80&citation_for_view=ubgOmIAAAAAJ:R3hNpaxXUhUC,2,Academic Press,"F El Haj Hassan, A Zaoui","In this work, the electronic structure and disorder effects in copper halides alloys are studied by means of the full potential linearized augmented plane wave (FLAPW) method. The calculated bowing parameter shows that the main contribution is due to the relaxation effects, though the charge transfer remains relatively significant, while the volume deformation contribution is negligible. The total bowing is found to be small in the three studied alloys. Results agree well with experimental and available theoretical works.",Unclassified,0.0
,,"Crystal structure and energy bands of (Ga/In) Se and Cu (In, Ga) Se2 semiconductors in comparison
J Srour, M Badawi, F El Haj Hassan, AV Postnikov - physica status solidi (b), 2016
Cited by 22 Related articles All 5 versions",2016/8,253.0,https://onlinelibrary.wiley.com/doi/pdf/10.1002/pssb.201552776,,,,1472-1475,"Condensed matter, Computational physics, Semicondactors",Cited by 22,Fouad El Haj Hassan,,,"Crystal structure and energy bands of (Ga/In)Se and Cu(In,Ga)Se2 semiconductors in comparison",,physica status solidi (b),,https://scholar.google.com/citations?view_op=view_citation&hl=en&user=ubgOmIAAAAAJ&cstart=20&pagesize=80&citation_for_view=ubgOmIAAAAAJ:UxriW0iASnsC,8,,"J Srour, M Badawi, F El Haj Hassan, AV Postnikov","Crystallographic and electronic structures of binary compounds GaSe and InSe, known to exist in several polytype modifications, are discussed in comparison with those of chalcopyrite‐type CuInSe2, CuGaSe2, and their solid solutions. The results are obtained within the density‐functional theory (DFT), using two calculation codes, WIEN2k and VASP. The van der Waals interaction, important in stabilizing the structure of the layer compounds GaSe and InSe, was taken into account in the VASP calculation along the scheme of Grimme. For obtaining more realistic electronic band structures than is possible with the conventional generalized gradient approximation (GGA), the modified Becke–Johnson (mBJ) exchange–correlation (XC) potential was used, as implemented in the WIEN2k code. The results of two computer codes were compared in what concerns the optimization of the ground‐state structures …",computational physics,0.2
,,"First-principle calculations of the structural, electronic, thermodynamic and thermal properties of ZnS x Se 1− x ternary alloys
S Bendaif, A Boumaza, O Nemiri, K Boubendira… - Bulletin of Materials Science, 2015
Cited by 22 Related articles All 9 versions",2015/4,38.0,https://www.ias.ac.in/article/fulltext/boms/038/02/0365-0372,,,,365-372,"Condensed matter, Computational physics, Semicondactors",Cited by 22,Fouad El Haj Hassan,,,"First-principle calculations of the structural, electronic, thermodynamic and thermal properties of ZnS x Se1−x ternary alloys",,Bulletin of Materials Science,,https://scholar.google.com/citations?view_op=view_citation&hl=en&user=ubgOmIAAAAAJ&cstart=20&pagesize=80&citation_for_view=ubgOmIAAAAAJ:EUQCXRtRnyEC,,Indian Academy of Sciences,"S Bendaif, A Boumaza, O Nemiri, K Boubendira, H Meradji, S Ghemid, F EL HAJ HASSAN","First-principle calculations were performed to study the structural, electronic, thermodynamic and thermal properties of ZnS x Se1−x ternary alloys using the full potential-linearized augmented plane wave method (FP-LAPW) within the density functional theory (DFT). In this approach the Wu–Cohen generalized gradient approximation (WC-GGA) and Perdew–Wang local density approximation (LDA) were used for the exchange–correlation potential. For band structure calculations, in addition to WC-GGA approximation, both Engel–Vosko (EV-GGA) generalized gradient approximation and recently proposed modified Becke–Johnson (mBJ) potential approximation have been used. Our investigation on the effect of composition on lattice constant, bulk modulus and band gap for ternary alloys shows a linear dependence on alloy composition with a small deviation. The …",Unclassified,0.0
,,"First principles calculations of structural, electronic, optical and thermodynamic properties of PbS, SrS and their ternary alloys Pb1− xSrxS
S Labidi, M Labidi, H Meradji, S Ghemid, FEH Hassan - Computational Materials Science, 2011
Cited by 22 Related articles All 2 versions",2011/1/1,50.0,,,,,1077-1082,"Condensed matter, Computational physics, Semicondactors",Cited by 22,Fouad El Haj Hassan,,,"First principles calculations of structural, electronic, optical and thermodynamic properties of PbS, SrS and their ternary alloys Pb1− xSrxS",,Computational Materials Science,,https://scholar.google.com/citations?view_op=view_citation&hl=en&user=ubgOmIAAAAAJ&cstart=20&pagesize=80&citation_for_view=ubgOmIAAAAAJ:hMod-77fHWUC,3,Elsevier,"S Labidi, M Labidi, H Meradji, S Ghemid, F El Haj Hassan","Using first-principle method, we investigate the structural, electronic, optical and thermodynamic properties of the strontium semiconductors Pb1−xSrxS with 25%, 50% and 75% of Sr. The calculations are performed by using the full-potential linearized augmented plane wave (FP-LAPW) method. As exchange–correlation potential we used the generalized gradient approximation (GGA) of Perdew et al. The variation of the calculated equilibrium lattice constant versus concentration shows that a small deviation from Vegard’s law is clearly visible with downward bowing parameter equal to 0.009Å. The bulk modulus as a function of x for Pb1−xSrxS alloy shows a significant deviation from the linear concentration dependence (LCD) with downward bowing equal to 6.62GPa. The different roles of structural and chemical effects on the gap bowing and its variation with composition are identified and discussed. In addition …",Unclassified,0.0
,,"Theoretical prediction of structural, electronic and optical properties of quaternary alloy Zn1− xBexSySe1− y
K Hacini, H Meradji, S Ghemid, FEH Hassan - Chinese Physics B, 2012
Cited by 21 Related articles All 3 versions
CONDENSED MATTER: STRUCTURAL, MECHANICAL, AND THERMAL PROPERTIES: Theoretical prediction of structural, electronic and optical properties of quaternary alloy Zn1xBexSySe1y*
K Hacini, H Meradji, S Ghemid, F El Haj Hassan - Chinese Physics B, 2012
Related articles",2012/3/1,21.0,,,,,036102,"Condensed matter, Computational physics, Semicondactors",Cited by 21,Fouad El Haj Hassan,,,"Theoretical prediction of structural, electronic and optical properties of quaternary alloy Zn1− xBexSySe1− y",,Chinese Physics B,,https://scholar.google.com/citations?view_op=view_citation&hl=en&user=ubgOmIAAAAAJ&cstart=20&pagesize=80&citation_for_view=ubgOmIAAAAAJ:O3NaXMp0MMsC,3,IOP Publishing,"K Hacini, H Meradji, S Ghemid, F El Haj Hassan","Within density functional theory based on the full potential-linearized augmented plane wave method, we carry out the first-principles calculation of the structural, electronic, and optical properties of the zinc blende quaternary alloy Zn 1− x Be x S y Se 1− y. The Perdew—Burke—Ernzerhof generalized gradient approximation based on the optimization of total energy and the Engel—Vosko generalized gradient approximation based on the optimization of the corresponding potential are used. Our investigation on the effect of the composition on lattice constants, bulk modulus, band gap, optical dielectric constant, and refractive index shows a non-linear dependence. The energy gap E g (x, y) has been determined over the entire compositions x and y. In addition, the energy band gap of the technologically important quaternary alloy Zn 1− x Be x S y Se 1− y in conditions of being lattice matched to ZnS substrate has …",Unclassified,0.0
,,"Ab initio study of structural, electronic, phase diagram, and optical properties of CdSe x Te 1− x semiconducting alloys
S Ouendadji, S Ghemid, N Bouarissa, H Meradji… - Journal of materials science, 2011
Cited by 21 Related articles All 10 versions",2011/6,46.0,https://www.researchgate.net/profile/F-El-Haj-Hassan/publication/258324781_Ab_initio_study_of_structural_electronic_phase_diagram_and_optical_properties_of_CdSe_x_Te_12x_semiconducting_alloys/links/02e7e527cd6a7202b0000000/Ab-initio-study-of-structural-electronic-phase-diagram-and-optical-properties-of-CdSe-x-Te-12x-semiconducting-alloys.pdf,,,,3855-3861,"Condensed matter, Computational physics, Semicondactors",Cited by 21,Fouad El Haj Hassan,,,"Ab initio study of structural, electronic, phase diagram, and optical properties of CdSe x Te 1−x semiconducting alloys",,Journal of materials science,,https://scholar.google.com/citations?view_op=view_citation&hl=en&user=ubgOmIAAAAAJ&cstart=20&pagesize=80&citation_for_view=ubgOmIAAAAAJ:UebtZRa9Y70C,,Springer US,"S Ouendadji, S Ghemid, N Bouarissa, H Meradji, F El Haj Hassan","Based on the self-consistent ab initio full potential-linearized augmented plane wave method, the structural, electronic, optical, and thermodynamic properties of CdSe x Te1−x ternary semiconductor alloys have been investigated. The exchange–correlation potential was calculated using both the generalized gradient approximation (GGA) by Perdew–Burke–Ernzerhof (PBE) and the GGA by Engel–Vosko (EV-GGA). The ground-state properties are determined for the cubic bulk materials CdSe, CdTe, and their mixed crystals at various concentrations (x = 0.25, 0.5, and 0.75). Deviation of the lattice parameter from Vegard’s law and the bulk modulus from linear concentration dependence has been examined. The microscopic origins of the band-gap bowing parameter have been discussed. Moreover, the refractive index and the optical dielectric constant for CdSe x …",Unclassified,0.0
,,"Pressure-induced phonon freezing in the Zn 1− x Be x Se alloy: A study via the percolation model
GK Pradhan, C Narayana, O Pagès, A Breidi… - Physical Review B—Condensed Matter and Materials …, 2010
Cited by 21 Related articles All 10 versions",2010/3/15,81.0,,,,,115207,"Condensed matter, Computational physics, Semicondactors",Cited by 21,Fouad El Haj Hassan,,,Pressure-induced phonon freezing in the alloy: A study via the percolation model,,Physical Review B—Condensed Matter and Materials Physics,,https://scholar.google.com/citations?view_op=view_citation&hl=en&user=ubgOmIAAAAAJ&cstart=20&pagesize=80&citation_for_view=ubgOmIAAAAAJ:0EnyYjriUFMC,11,American Physical Society,"Gopal K Pradhan, Chandrabhas Narayana, O Pagès, A Breidi, J Souhabi, AV Postnikov, SK Deb, F Firszt, W Paszkowicz, A Shukla, F El Haj Hassan","We use the percolation doublet of zinc-blende alloys as a “mesoscope” for an unusual insight into their phonon mode behavior under pressure. We focus on (Zn,Be)Se and show by Raman scattering that the application of pressure disables an anharmonic coupling between the nominal Zn-Se zone-center TO mode and disorder-activated two-phonon zone-edge continua. This reveals an unexpectedly clear percolation-type fine structure of the Zn-Se TO mode, the latter fine structure being unaffected by pressure. In contrast, the original Be-Se doublet at ambient pressure, of the stretching-bending type, turns into a pure-bending singlet at the approach of the high-pressure ZnSe-like rocksalt phase, an unnatural one for the Be-Se bonds. The “freezing” of the Be-Se stretching mode is discussed within the scope of the percolation model (mesoscopic scale), supported by ab initio insight into the …",Unclassified,0.0
,,"Skyrmion based random bit generator
I Medlej, A Hamadeh, FEH Hassan - Physica B: Condensed Matter, 2020
Cited by 20 Related articles All 2 versions",2020/2/15,579.0,,,,,411900,"Condensed matter, Computational physics, Semicondactors",Cited by 20,Fouad El Haj Hassan,,,Skyrmion based random bit generator,,Physica B: Condensed Matter,,https://scholar.google.com/citations?view_op=view_citation&hl=en&user=ubgOmIAAAAAJ&cstart=20&pagesize=80&citation_for_view=ubgOmIAAAAAJ:JQOojiI6XY0C,,North-Holland,"Israa Medlej, Abbass Hamadeh, Fouad El Haj Hassan","Magnetic skyrmions are topologically quasi-particles offering a wide range of applications ranging from memory to oscillator and neuromorphic elements such as neurons and synapses. However, their trajectory driven by currents exhibits the so-called skyrmion Hall angle that is a limiting factor for the above-mentioned applications. Here, we study the stochastic dynamics of synthetic antiferromagnetic skyrmions driven by the spin-Hall effect in a racetrack memory with bifurcation. We show the limit of their application in programmable logic and a possible direction to use this design as a skyrmion based random bit generator.",Unclassified,0.0
,,"Influence of Al dopant on the optical and electrical properties of zinc oxide thin films prepared by spray pyrolysis
A Alaeddine, I Rachidi, F Bahsoun, Y Mohanna… - J Appl Sci, 2009
Cited by 20 Related articles All 4 versions",2009/4,9.0,https://www.academia.edu/download/31516930/Influence_of_Al_Dopant_on_the_Optical_and_Electrical_Properties_of_Zinc_Oxide_Thin_Films_Prepared_by_Spray_Pyrolysis.pdf,,,,1588-1592,"Condensed matter, Computational physics, Semicondactors",Cited by 20,Fouad El Haj Hassan,,,Influence of Al dopant on the optical and electrical properties of zinc oxide thin films prepared by spray pyrolysis,,J Appl Sci,,https://scholar.google.com/citations?view_op=view_citation&hl=en&user=ubgOmIAAAAAJ&cstart=20&pagesize=80&citation_for_view=ubgOmIAAAAAJ:roLk4NBRz8UC,8,,"A Alaeddine, I Rachidi, F Bahsoun, Y Mohanna, O Bazzi, F El Haj Hassan, Beyrouth-Lebanon El-Hadath","Pure and aluminum doped ZnO transparent thin films were prepared by spray pyrolysis. ZnO thin films are formed by decomposition of (Zn (CHCO) 2H, O) to ZnO. The aluminum doping, Al/Zn of 4/96, was achieved by the addition of AlCl, 2H O in methanol solution of the chemical complex (Zn (CH, CO,), 2H, O, The films are transparent (> 80% optical transmission) in the near UV, VIS and near IR ranges. X-ray diffraction analysis indicates that the crystallites of both ZnO and ZnO: Al thin films are preferentially oriented along the c-axis,[002] direction of the hexagonal compact structure of type. The electric properties (electrical conductivity and electrical mobility) and the optical property (transmittance) of aluminum doped ZnO films have been measured. The results have been compared to those obtained with undoped ZnO thin films. The doping modifies the structure and the morphology of the obtained films and it …",Unclassified,0.0
,,"First-principles study of rock-salt AgClxBr1− x alloys
B Amrani, FEH Hassan, M Zoaeter - Physica B: Condensed Matter, 2007
Cited by 20 Related articles All 6 versions",2007/6/15,396.0,,,,,192-198,"Condensed matter, Computational physics, Semicondactors",Cited by 20,Fouad El Haj Hassan,,,First-principles study of rock-salt AgClxBr1− x alloys,,Physica B: Condensed Matter,,https://scholar.google.com/citations?view_op=view_citation&hl=en&user=ubgOmIAAAAAJ&cstart=20&pagesize=80&citation_for_view=ubgOmIAAAAAJ:_Qo2XoVZTnwC,1-2,North-Holland,"B Amrani, F El Haj Hassan, M Zoaeter","We present first-principles calculations of the structural, electronic and thermodynamic properties of rock-salt AgClxBr1−x alloys by application of the full potential linearized augmented plane wave (FP-LAPW) method. We use both Perdew–Burke–Ernzerhof and Engel–Vosko generalized gradient approximations of the exchange-correlation energy that are based on the optimization of total energy and corresponding potential, respectively. The effect of composition on lattice constants, bulk modulus, cohesive energy, bond ionicity, band gap and effective mass was investigated. These parameters were found to depend nonlinearly on alloy composition x, except the lattice parameter, which follows Vegard's law. The microscopic origins of the gap bowing were explained by using the approach of Zunger and co-workers; we have concluded that the band gap energy bowing was mainly caused by the chemical charge …",Unclassified,0.0
,,"Structural and electronic properties of Zn1− xMgxSySe1− y alloys
FEH Hassan, A Bleybel, A Hijazi, A Alaeddine… - Materials Letters, 2007
Cited by 19 Related articles All 3 versions",2007/2/1,61.0,,,,,1178-1182,"Condensed matter, Computational physics, Semicondactors",Cited by 19,Fouad El Haj Hassan,,,Structural and electronic properties of Zn1− xMgxSySe1− y alloys,,Materials Letters,,https://scholar.google.com/citations?view_op=view_citation&hl=en&user=ubgOmIAAAAAJ&cstart=20&pagesize=80&citation_for_view=ubgOmIAAAAAJ:JV2RwH3_ST0C,4-5,North-Holland,"F El Haj Hassan, A Bleybel, A Hijazi, A Alaeddine, B Beydoun, M Zoaeter","The structural and electronic properties of Zn1−xMgxSySe1−y quaternary alloys have been investigated using the full potential-linearized augmented plane wave (FP-LAPW) method within density functional theory (DFT). We used the generalized gradient approximation (GGA) that is based on exchange-correlation energy optimization for calculating the total energy. Moreover, the Engel–Vosko GGA formalism is applied so as to optimize the corresponding potential for band-gap structure calculations. We investigated the effect of composition on lattice constant, bulk modulus and band gap. A non-linear dependence on the compositions x and y is observed for all the three properties. The energy gap Eg(x, y) has been determined over the entire compositions x and y. In addition, the energy gap of zinc-blende Zn1−xMgxSySe1−y quaternary alloys in conditions of lattice matched to GaAs substrate has been investigated.",Unclassified,0.0
,,"First-principles study of structural, electronic and optical properties of SrS1− xSex alloys
S Labidi, M Labidi, H Meradji, S Ghemid, FEH Hassan - Chinese Journal of Physics, 2010
Cited by 18 Related articles All 2 versions",2010/2/1,48.0,https://www.researchgate.net/profile/Salima-Labidi/publication/286562370_First-principles_Study_of_Structural_Electronic_and_Optical_Properties_of_SrSi1-xSex_Alloys/links/5c9cf969299bf111694c3b2e/First-principles-Study-of-Structural-Electronic-and-Optical-Properties-of-SrSi1-xSex-Alloys.pdf,,,,126-137,"Condensed matter, Computational physics, Semicondactors",Cited by 18,Fouad El Haj Hassan,,,"First-principles study of structural, electronic and optical properties of SrS1− xSex alloys",,Chinese Journal of Physics,,https://scholar.google.com/citations?view_op=view_citation&hl=en&user=ubgOmIAAAAAJ&cstart=20&pagesize=80&citation_for_view=ubgOmIAAAAAJ:8k81kl-MbHgC,1,PHYSICAL SOC REPUBLIC CHINA,"S Labidi, M Labidi, H Meradji, S Ghemid, F El Haj Hassan","The II–VI compound semiconductors have recently received considerable interest from both experimental and theoretical points of view [1]. This is due to their potential technological applications in light-emitting diodes (LEDs) and laser diodes (LDs). Since the first demonstration of a blue-green-emitting laser using ZnSe by Haase et al.[2], many experimental and theoretical works were reported for II-VI chalcogenides, such as zinc chalcogenides [3-5], calcium chalcogenides [6, 7], and beryllium chalcogenides [8]. Group II-VI semiconductors and their heterostructures are well known to form ternary and quaternary alloys with a direct fundamental band gap over most of the alloy composition range with high absorption coefficients, which can be used as materials for fabricating thin film heterojunction photovoltaic (PV) devices. The principal energy gaps of ternary II-VI semiconductor alloys can cover various light spectra over the entire composition, and lattice parameters can be tailored independently to fabricate photovoltaic devices on suitable lattice matched substrates [9]. Utilization of II-VI semiconductor alloys for device applications requires:(i) better controlling the process conditions and parameters during the material http://PSROC. phys. ntu. edu. tw/cjp 1 c 2010 THE PHYSICAL SOCIETY OF THE REPUBLIC OF CHINA",computational physics,0.2
,,"Study of structural, electronic, and magnetic properties of cubic lanthanide based on oxide perovskite-type NdGaO 3
M El Amine Monir, H Baltach, F El Haj Hassan… - Journal of Superconductivity and Novel Magnetism, 2019
Cited by 16 Related articles All 5 versions",2019/7/15,32.0,https://www.academia.edu/download/99805575/s10948-018-4938-720230313-1-1cznnvf.pdf,,,,2149-2154,"Condensed matter, Computational physics, Semicondactors",Cited by 16,Fouad El Haj Hassan,,,"Study of Structural, Electronic, and Magnetic Properties of Cubic Lanthanide Based on Oxide Perovskite-Type NdGaO3",,Journal of Superconductivity and Novel Magnetism,,https://scholar.google.com/citations?view_op=view_citation&hl=en&user=ubgOmIAAAAAJ&cstart=20&pagesize=80&citation_for_view=ubgOmIAAAAAJ:XiVPGOgt02cC,,Springer US,"Mohammed El Amine Monir, Hadj Baltach, Fouad El Haj Hassan, Aicha Bahnes, Zohra Bahnes","Based on the density functional theory (DFT), the full-potential linearized augmented plane wave with local orbital (FP-L/APW+lo) technique is now employed in this approach to understand the structural, electronic, and magnetic properties of simple cubic oxide perovskite NdGaO3 compound. In all this investigation, the exchange-correlation (XC) energy is selected in the framework of spin-polarized generalized gradient approximation (spin-GGA). The structural analysis unveils that the ferromagnetic (FM) phase is the stable ground state of the cubic NdGaO3 compound, where the equilibrium lattice parameters (lattice constant (a0), bulk modulus (B0), and its first pressure derivative (B′)) are determined in both FM and paramagnetic (PM) phases. The spin-polarized electronic properties (band structure and density of states) of the cubic NdGaO3 oxide perovskite are studied under the platform of equilibrium …",Unclassified,0.0
,,"Theoretical study of structural, electronic and thermal properties of Zn1− xBexS ternary alloy
K Hacini, S Ghemid, H Meradji, FEH Hassan - Computational materials science, 2011
Cited by 16 Related articles All 4 versions",2011/10/1,50.0,https://www.researchgate.net/profile/F-El-Haj-Hassan/publication/258324652_Theoretical_study_of_structural_electronic_and_thermal_properties_of_Zn_1Ax_Be_x_S_ternary_alloy/links/00463527cd56b6bebd000000/Theoretical-study-of-structural-electronic-and-thermal-properties-of-Zn-1Ax-Be-x-S-ternary-alloy.pdf,,,,3080-3084,"Condensed matter, Computational physics, Semicondactors",Cited by 16,Fouad El Haj Hassan,,,"Theoretical study of structural, electronic and thermal properties of Zn1− xBexS ternary alloy",,Computational materials science,,https://scholar.google.com/citations?view_op=view_citation&hl=en&user=ubgOmIAAAAAJ&cstart=20&pagesize=80&citation_for_view=ubgOmIAAAAAJ:lSLTfruPkqcC,11,Elsevier,"Khadidja Hacini, Salim Ghemid, Hacene Meradji, F El Haj Hassan","The structural, the electronic and the thermal properties of Zn1−xBexS ternary alloy have been calculated using the full-potential linearized-augmented plane wave (FP-LAPW) method. The exchange and correlation potential is treated by the generalized-gradient approximation (GGA) using the Perdew–Burke–Ernzerhof (PBE) parameterization. Moreover, the Engel–Vosko GGA formalism is also applied to optimize the corresponding potential for band structure calculations. The ground state properties such as lattice constants and bulk modulus are in good agreement with numerous experimental and theoretical data. The thermodynamic stability of this alloy was explained by calculating the phase diagram. The quasi harmonic Debye model, using a set of total energy versus volume calculations obtained with FP-LAPW method is applied to study the thermal and vibrational affects. Temperature effect on the lattice …",Unclassified,0.0
,,"Electronic and optical properties of borophene and graphene with an adsorbed ionic liquid: A density functional theory study
K Zhour, JM Otero-Mato, FEH Hassan, H Fahs… - Journal of Molecular Liquids, 2020
Cited by 15 Related articles All 2 versions",2020/10/10,316.0,https://www.academia.edu/download/98744580/j.molliq.2020.11380320230216-1-18v87ez.pdf,,,,113803,"Condensed matter, Computational physics, Semicondactors",Cited by 15,Fouad El Haj Hassan,,,Electronic and optical properties of borophene and graphene with an adsorbed ionic liquid: A density functional theory study,,Journal of Molecular Liquids,,https://scholar.google.com/citations?view_op=view_citation&hl=en&user=ubgOmIAAAAAJ&cstart=20&pagesize=80&citation_for_view=ubgOmIAAAAAJ:_Re3VWB3Y0AC,,Elsevier,"Kazem Zhour, Jose M Otero-Mato, Fouad El Haj Hassan, Hussein Fahs, Majid Vaezzadeh, E López-Lago, Luis J Gallego, Luis M Varela","We present a comparative density functional theory study of the electronic and optical properties of graphene and borophene with an adsorbed ionic liquid. The Dirac cones of these two-dimensional nanostructures are not affected by the presence of the ionic liquid close to these sheets, not even in the borophene one in which a very small charge transfer to the ionic liquid anion is detected. However, Bader analysis and charge density calculations showed that the polarization of the ionic liquid induces a redistribution of the electric charge in both sheets as a consequence of the electromagnetic interaction between the anion and cation of the ionic liquid and the electrons on the two-dimensional materials, the effect being notably stronger in graphene than in borophene. Our calculations reveal that several changes take place in the dielectric constant and electron energy loss spectra, including shifts and damping of …",Unclassified,0.0
,,"First-principles investigation of the structural, elastic, electronic, and optical properties of semiconducting AgBr1–x I x (0≤ x≤ 1) ternary alloys in rock-salt and zinc blende structures
H Rekab-Djabri, M Drief, MM Abdus Salam, S Daoud… - Canadian Journal of Physics, 2020
Cited by 15 Related articles All 7 versions",2020,98.0,https://www.researchgate.net/profile/Hamza-Rekab-Djabri/publication/336762006_First-principles_investigation_of_the_structural_elastic_electronic_and_optical_properties_of_semiconducting_AgBr1-xIx_0_x_1_ternary_alloys_in_rock-salt_and_zinc_blende_structures/links/5f35582892851cd302f1f941/First-principles-investigation-of-the-structural-elastic-electronic-and-optical-properties-of-semiconducting-AgBr1-xIx-0-x-1-ternary-alloys-in-rock-salt-and-zinc-blende-structures.pdf,,,,834-848,"Condensed matter, Computational physics, Semicondactors",Cited by 15,Fouad El Haj Hassan,,,"First-principles investigation of the structural, elastic, electronic, and optical properties of semiconducting AgBr1–xIx (0 ≤ x ≤ 1) ternary alloys in rock-salt and …",,Canadian Journal of Physics,,https://scholar.google.com/citations?view_op=view_citation&hl=en&user=ubgOmIAAAAAJ&cstart=20&pagesize=80&citation_for_view=ubgOmIAAAAAJ:dQ2og3OwTAUC,9,NRC Research Press,"H Rekab-Djabri, Mohamed Drief, Manal M Abdus Salam, Salah Daoud, F El Haj Hassan, S Louhibi-Fasla","In this work, first principle calculations of the structural, electronic, elastic, and optical properties of novel AgBr1–xIx ternary alloys in rock-salt (B1) and zinc-blende (B3) structures are presented. The calculations were performed using the full-potential linear muffin-tin orbital (FP-LMTO) method within the framework of the density functional theory (DFT). The exchange and correlation potentials were treated according to the local density approximation (LDA). The lattice constants for the B1 and B3 phases versus iodide concentration (x) were found to deviate slightly from the linear relationship of Vegard’s law. The calculated electronic properties showed that AgBr1–xIx alloys in the B3 structure have a direct band gap (Γ – Γ) for all concentrations of x, which means that they can be used in long-wavelength optoelectronic applications, while in the B1 structure they have an indirect (Γ – R) band gap. The elastic constants …",Unclassified,0.0
,,"Cinnabar and SC16 high-pressure phases of ZnSe: An ab initio study
A Breidi, AV Postnikov, F El Haj Hassan - Physical Review B—Condensed Matter and Materials …, 2010
Cited by 15 Related articles All 6 versions",2010/5/15,81.0,,,,,205213,"Condensed matter, Computational physics, Semicondactors",Cited by 15,Fouad El Haj Hassan,,,Cinnabar and SC16 high-pressure phases of ZnSe: An ab initio study,,Physical Review B—Condensed Matter and Materials Physics,,https://scholar.google.com/citations?view_op=view_citation&hl=en&user=ubgOmIAAAAAJ&cstart=20&pagesize=80&citation_for_view=ubgOmIAAAAAJ:ufrVoPGSRksC,20,American Physical Society,"A Breidi, AV Postnikov, F El Haj Hassan","Total-energy calculations of zinc selenide, done at four different phases under conditions of hydrostatic pressure using the all-electron augmented plane-waves method, reveal the stability interval of two intermediate phases, cinnabar and SC16, between the ambient-pressure zinc-blende and high-pressure rocksalt ones. The results of previous calculations are critically discussed and the importance of the full relaxation of all structure parameters demonstrated. Our simulation sheds light on the fact that the cinnabar phase, apparently of higher enthalpy than the (not yet detected) SC16 one, seems to have been definitely identified in high-pressure experiments in the downstroke only.",Unclassified,0.0
,,"Ab initio calculations of the structural, electronic, thermodynamic and thermal properties of BaSe1− xTex alloys
S Drablia, N Boukhris, R Boulechfar, H Meradji… - Physica Scripta, 2017
Cited by 14 Related articles All 3 versions",2017/9/13,92.0,,,,,105701,"Condensed matter, Computational physics, Semicondactors",Cited by 14,Fouad El Haj Hassan,,,"Ab initio calculations of the structural, electronic, thermodynamic and thermal properties of BaSe1− xTex alloys",,Physica Scripta,,https://scholar.google.com/citations?view_op=view_citation&hl=en&user=ubgOmIAAAAAJ&cstart=20&pagesize=80&citation_for_view=ubgOmIAAAAAJ:08ZZubdj9fEC,10,IOP Publishing,"S Drablia, N Boukhris, R Boulechfar, H Meradji, S Ghemid, R Ahmed, S Bin Omran, F El Haj Hassan, R Khenata","The alkaline earth metal chalcogenides are being intensively investigated because of their advanced technological applications, for example in photoluminescent devices. In this study, the structural, electronic, thermodynamic and thermal properties of the BaSe 1− x Te x alloys at alloying composition x= 0, 0.25, 0.50, 0.75 and 1 are investigated. The full potential linearized augmented plane wave plus local orbital method designed within the density functional theory was used to perform the total energy calculations. In this research work the effect of the composition on the results of the parameters and bulk modulus as well as on the band gap energy is analyzed. From our results, we found a deviation of the obtained results for the lattice constants from Vegard's law as well as a deviation of the value of the bulk modulus from the linear concentration dependence. We also carried out a microscopic analysis of the …",Unclassified,0.0
,,"First-principles calculations on the origins of the gap bowing in InAs1–xPx alloys
A Breidi, B Amrani, FEH Hassan - Physica B: Condensed Matter, 2009
Cited by 14 Related articles All 6 versions",2009/11/1,404.0,,,,,3435-3439,"Condensed matter, Computational physics, Semicondactors",Cited by 14,Fouad El Haj Hassan,,,First-principles calculations on the origins of the gap bowing in InAs1–xPx alloys,,Physica B: Condensed Matter,,https://scholar.google.com/citations?view_op=view_citation&hl=en&user=ubgOmIAAAAAJ&cstart=20&pagesize=80&citation_for_view=ubgOmIAAAAAJ:r0BpntZqJG4C,20,North-Holland,"A Breidi, B Amrani, F El Haj Hassan","We perform self-consistent ab-initio calculations to study the structural, electronic and thermodynamic properties of InAs1–xPx alloy. The full potential-linearized augmented plane wave (FP-LAPW) method was employed within density functional theory (DFT). The ground-state properties are determined for the bulk materials (InAs and InP) as well as for the different concentration of their alloys. Deviations of the lattice constants from Vegard's law and the bulk modulus from linear concentration dependence (LCD) were observed. The microscopic origins of the gap bowing were explained by using the approach of Zunger and co-workers. The gap bowing for the alloy of interest was found to be mainly caused by the charge-exchange contributions. In addition, the thermodynamic stability of InAs1–xPx alloy was investigated by calculating the excess enthalpy of mixing ΔHm and the calculated phase diagram showed a …",Unclassified,0.0
,,"First-principles investigation of wide-gap quaternary alloys Zn1− xMgxSyTe1− y
FEH Hassan, H Akbarzadeh - Journal of alloys and compounds, 2007
Cited by 14 Related articles All 5 versions",2007/5/16,433.0,,,,,306-312,"Condensed matter, Computational physics, Semicondactors",Cited by 14,Fouad El Haj Hassan,,,First-principles investigation of wide-gap quaternary alloys Zn1− xMgxSyTe1− y,,Journal of alloys and compounds,,https://scholar.google.com/citations?view_op=view_citation&hl=en&user=ubgOmIAAAAAJ&cstart=20&pagesize=80&citation_for_view=ubgOmIAAAAAJ:WF5omc3nYNoC,1-2,Elsevier,"F El Haj Hassan, H Akbarzadeh","We investigate the structural and electronic properties of (Zn, Mg) (S, Te) solid solutions using the full potential-linearized augmented plane wave method within density functional theory. We use the generalized gradient approximation that is based on exchange–correlation energy optimization for calculating the total energy. Moreover, the Engel–Vosko GGA formalism is applied so as to optimize the corresponding potential for band gap calculations. We study the effect of composition on lattice constant, bulk modulus and band gap for pseudobinary as well as for quaternary alloys which showed nonlinear dependence on the composition. The bowing of the fundamental gap versus composition predicted by our calculations is in very good agreement with experiments available for pseudobinary alloys. In addition, the energy band gap of zinc-blende Zn1−xMgxSyTe1−y quaternary alloys lattice matched to GaAs …",Unclassified,0.0
,,"Comparative study of the fundamental properties of Ga2O3 polymorphs
F Safieddine, FEH Hassan, M Kazan - Journal of Solid State Chemistry, 2022
Cited by 13 Related articles All 3 versions",2022/8/1,312.0,https://scholarworks.aub.edu.lb/bitstream/handle/10938/26298/2022-1660.pdf?sequence=1,,,,123272,"Condensed matter, Computational physics, Semicondactors",Cited by 13,Fouad El Haj Hassan,,,Comparative study of the fundamental properties of Ga2O3 polymorphs,,Journal of Solid State Chemistry,,https://scholar.google.com/citations?view_op=view_citation&hl=en&user=ubgOmIAAAAAJ&cstart=20&pagesize=80&citation_for_view=ubgOmIAAAAAJ:zLWjf1WUPmwC,,Academic Press,"Fatima Safieddine, Fouad El Haj Hassan, Michel Kazan","Full potential linearized augmented plane wave method plus local orbitals (FP-LAPW + lo) on the basis of Density Functional Theory (DFT) is called to study the structural, electronic, elastic, optical, thermodynamic and transport properties of four different phases of Ga2O3 denoted by α, β, δ, and ε. The calculated gap energy Eg for the stable polymorph β-Ga2O3 using the modified Becke-Johnson (mBJ) exchange potential is 4.6 eV which lies in the deep ultraviolet range making Ga2O3 promising for optoelectronics. Thermal effects on some macroscopic properties such as heat capacity, thermal expansion coefficient, Grüneisen parameter and Debye temperature are predicted using the quasi-harmonic Debye model. The analysis of transport properties for β-Ga2O3 using semi-classical Boltzmann transport theory in temperature range between 300 and 1000 K showed high Seebeck coefficient S = −348.4 …",semicondactors,0.4
,,"Ab-initio study of ordered III–V antimony-based semiconductor alloys GaP _ 1-x Sb _ x and AlP _ 1-x Sb _ x GaP 1-x Sb x and A l P 1-x Sb x
F Annane, H Meradji, S Ghemid, H Bendjeddou… - Pramana, 2020
Cited by 13 Related articles All 6 versions",2020/12,94.0,https://www.ias.ac.in/public/Volumes/pram/094/00/0107.pdf,,,,1-16,"Condensed matter, Computational physics, Semicondactors",Cited by 13,Fouad El Haj Hassan,,,Ab-initio study of ordered III–V antimony-based semiconductor alloys,,Pramana,,https://scholar.google.com/citations?view_op=view_citation&hl=en&user=ubgOmIAAAAAJ&cstart=20&pagesize=80&citation_for_view=ubgOmIAAAAAJ:ZfRJV9d4-WMC,,Springer India,"F Annane, H Meradji, S Ghemid, H Bendjeddou, F El Haj Hassan, Vipul Srivastava, R Khenata","In this work, we have investigated the structural, electronic and thermodynamic properties of GaPSb and AlPSb ternary alloys for a number of ordered structures and compositions in a series of first-principles calculations within the density functional theory, using full potential-linearised augmented plane-wave (FP-LAPW) method, as implemented in the WIEN2k code. The exchange-correlation effect was treated within the generalised gradient approximation (GGA) in the form of GGA-PBEsol to optimise the structure and to compute the ground-state properties. In addition to the GGA, the modified Becke–Johnson (mBJ) potential coupled with the spin-orbit interaction (SOI) was also applied to obtain reliable results for the electronic properties. Our investigation on the effect of composition on lattice constant, bulk modulus and band gap showed almost nonlinear dependence on the composition. The GaPSb …",computational physics,0.2
,,"Ab initio study of structural, mechanical, thermal and electronic properties of perovskites Sr (Li, Pd) H3
S Benlamari, S Amara Korba, S Lakel, H Meradji… - International Journal of Modern Physics B, 2016
Cited by 13 Related articles All 3 versions",2016/2/10,30.0,,,,,1650003,"Condensed matter, Computational physics, Semicondactors",Cited by 13,Fouad El Haj Hassan,,,"Ab initio study of structural, mechanical, thermal and electronic properties of perovskites Sr (Li, Pd) H3",,International Journal of Modern Physics B,,https://scholar.google.com/citations?view_op=view_citation&hl=en&user=ubgOmIAAAAAJ&cstart=20&pagesize=80&citation_for_view=ubgOmIAAAAAJ:SP6oXDckpogC,4,World Scientific Publishing Company,"S Benlamari, S Amara Korba, S Lakel, H Meradji, S Ghemid, F El Haj Hassan","The structural, elastic, thermal and electronic properties of perovskite hydrides SrLiH3 and SrPdH3 have been investigated using the all-electron full-potential linear augmented plane wave (FP-LAPW) method based on the density functional theory (DFT). For the exchange-correlation potential, local-density approximation (LDA) and generalized gradient approximation (GGA) have been used to calculate theoretical lattice parameters, bulk modulus, and its pressure derivative. The present results are in good agreement with available theoretical and experimental data. The three independent elastic constants , and are also reported. From electronic band structure and density of states (DOSs), it is found that SrLiH3 is an insulator characterized by an indirect gap of 3.48 eV, while SrPdH3 is metallic with a calculated DOSs at Fermi energy of 0.745 states/eV-unit cell. Poisson’s ratio , Young’s modulus (E), shear …",Unclassified,0.0
,,"Structural, electronic, thermodynamic and optical properties of SrS1− xOx mixed crystals
S Labidi, M Labidi, H Meradji, S Ghemid, FEH Hassan - Physica B: Condensed Matter, 2009
Cited by 13 Related articles All 6 versions",2009/11/15,404.0,,,,,4100-4105,"Condensed matter, Computational physics, Semicondactors",Cited by 13,Fouad El Haj Hassan,,,"Structural, electronic, thermodynamic and optical properties of SrS1− xOx mixed crystals",,Physica B: Condensed Matter,,https://scholar.google.com/citations?view_op=view_citation&hl=en&user=ubgOmIAAAAAJ&cstart=20&pagesize=80&citation_for_view=ubgOmIAAAAAJ:M3NEmzRMIkIC,21,North-Holland,"S Labidi, M Labidi, H Meradji, S Ghemid, F El Haj Hassan","The structural, electronic and thermodynamic properties of the SrS1–xOx ternary mixed crystals have been studied using the ab initio full potential linearized augmented plane wave (FP-LAPW) method within density functional theory. The effect of composition on lattice parameter, bulk modulus and band gap was investigated. The lattice constants from Vegard's law and the bulk modulus from linear concentration dependence were observed for the alloys. The microscopic origins of the gap bowing were explained by using the approach of Zunger and co-workers. The thermodynamic stability of these alloys was investigated by calculating the excess enthalpy of mixing ΔHm as well as the phase diagram. In addition to FP-LAPW method, the composition dependence of the refractive index and the dielectric constant was studied by different models.",Unclassified,0.0
,,"Theoretical study of CuxAg1− xI alloys
B Amrani, FEH Hassan, R Khenata, H Akbarzadeh - Journal of Physics and Chemistry of Solids, 2009
Cited by 13 Related articles All 3 versions",2009/7/1,70.0,,,,,1055-1061,"Condensed matter, Computational physics, Semicondactors",Cited by 13,Fouad El Haj Hassan,,,Theoretical study of CuxAg1− xI alloys,,Journal of Physics and Chemistry of Solids,,https://scholar.google.com/citations?view_op=view_citation&hl=en&user=ubgOmIAAAAAJ&cstart=20&pagesize=80&citation_for_view=ubgOmIAAAAAJ:k_IJM867U9cC,7,Pergamon,"B Amrani, F El Haj Hassan, R Khenata, H Akbarzadeh","We have performed first-principles calculations using full potential linearized augmented plane wave (FP-LAPW) method within density functional theory (DFT) to investigate the fundamental properties of CuxAg1−xI alloys. We used both GGA96 [J.P. Perdew, K. Burke, M. Ernzerhof, Phys. Rev. Lett. 77 (1996) 3865.] and EVGGA [E. Engel, S.H. Vosko, Phys. Rev. B. 47 (1993) 13164.] generalized gradient approximations of the exchange-correlation energy that are based on the optimization of total energy and corresponding potential. Quantities such as lattice constants, bulk modulus, band gap, density of occupied states and effective mass were calculated as a function of copper molar fraction x. These parameters were found to depend non-linearly on alloy composition x, except the lattice parameter, which follows Vegard's law. The microscopic origins of the gap bowing were explained using the approach of Zunger …",computational physics,0.2
,,"Water-silanol interactions on the amorphous silica surface: A dispersion-corrected DFT investigation
Y Berro, M Badawi, FEH Hassan, M Kassir, F Tielens - Journal of Molecular Liquids, 2020
Cited by 12 Related articles All 3 versions",2020/12/15,320.0,https://www.sciencedirect.com/science/article/am/pii/S0167732220347048,,,,114496,"Condensed matter, Computational physics, Semicondactors",Cited by 12,Fouad El Haj Hassan,,,Water-silanol interactions on the amorphous silica surface: A dispersion-corrected DFT investigation,,Journal of Molecular Liquids,,https://scholar.google.com/citations?view_op=view_citation&hl=en&user=ubgOmIAAAAAJ&cstart=20&pagesize=80&citation_for_view=ubgOmIAAAAAJ:2KloaMYe4IUC,,Elsevier,"Youssef Berro, Michael Badawi, Fouad El Haj Hassan, Mounir Kassir, Frederik Tielens","Interpreting the interaction between the amorphous silica surface and water is a key step to understand its physicochemical properties. However, due to the flexibility of the structure and the distribution of types and geometries of the silanols one can obtain a broad range of interaction energies, as was already shown in former studies. This time we were able to investigate the distribution of silanols in relation with the calculated interaction energies, and thus designate those different silanols sites. Different dispersion-correction PBE-D (PBE + D2, D3, D3-BJ, TS, TS-HI, MBD, and FI-MBD) and meta-GGA SCAN methods has been used to quantify the interactions between water and defined silanols sites of the surface. All the methods give similar interaction energies, showing equivalent performances of SCAN and PBE-D methods to describe week interactions in our system. Following various routes, we identified a …",computational physics,0.2
,,"Ab initio study of the adsorption of Potassium on B, N, and BN-doped graphene heterostructure
K Zhour, FEH Hassan, H Fahs, M Vaezzadeh - Materials Today Communications, 2019
Cited by 12 Related articles All 2 versions",2019/12/1,21.0,https://www.academia.edu/download/89211734/j.mtcomm.2019.10067620220802-1-cz24t4.pdf,,,,100676,"Condensed matter, Computational physics, Semicondactors",Cited by 12,Fouad El Haj Hassan,,,"Ab initio study of the adsorption of Potassium on B, N, and BN-doped graphene heterostructure",,Materials Today Communications,,https://scholar.google.com/citations?view_op=view_citation&hl=en&user=ubgOmIAAAAAJ&cstart=20&pagesize=80&citation_for_view=ubgOmIAAAAAJ:hkOj_22Ku90C,,Elsevier,"Kazem Zhour, Fouad El Haj Hassan, Hussein Fahs, Majid Vaezzadeh","The adsorption of Potassium atom on graphene doped with Nitride, Boron, and Boron nitride hexagons is studied using DFT with LDA and GGA for both spin and non-spin polarization calculations. The distortion in graphene resulting from Boron nitride doping is unnoticeable; alternatively, pure Boron and Nitrogen hexagons introduce high level of distortion in the layer. Adsorption energy, structural geometry, density of state, band structure, charge density, charge transfer, dipole moment and work function are calculated. For Boron and Nitrogen hexagons-doped graphene, the adsorption energy of Potassium increases dramatically compared to pristine graphene, but in the case of Boron nitride hexagons, calculations show weak adsorption energy of Potassium on the doped sheet. The doping of graphene with Boron nitride opens a small band gap, and the adsorption of Potassium rises the Fermi level above the …",Unclassified,0.0
,,"Theoretical prediction of the structural, electronic, and thermal properties of Al1− xBxAs ternary alloys
K Boubendira, H Meradji, S Ghemid, FEH Hassan - Materials science in semiconductor processing, 2013
Cited by 12 Related articles All 6 versions",2013/12/1,16.0,,,,,2063-2069,"Condensed matter, Computational physics, Semicondactors",Cited by 12,Fouad El Haj Hassan,,,"Theoretical prediction of the structural, electronic, and thermal properties of Al1− xBxAs ternary alloys",,Materials science in semiconductor processing,,https://scholar.google.com/citations?view_op=view_citation&hl=en&user=ubgOmIAAAAAJ&cstart=20&pagesize=80&citation_for_view=ubgOmIAAAAAJ:35N4QoGY0k4C,6,Pergamon,"Khaled Boubendira, Hocine Meradji, Sebti Ghemid, Fouad El Haj Hassan","First-principles calculations are performed to study the structural, electronic, and thermal properties of the AlAs and BAs bulk materials and Al1−xBxAs ternary alloys using the full potential-linearized augmented plane wave method within the density functional theory. The structural properties are investigated using the Wu–Cohen generalized gradient approximation that is based on the optimization of total energy. For band structure calculations, both Wu–Cohen generalized gradient approximation and modified Becke-Johnson of the exchange-correlation energy and potential, respectively, are used. The dependence of the lattice constant, bulk modulus, and band gap on the composition x was analyzed. The lattice constant for Al1−xBxAs alloys exhibits a marginal deviation from the Vegard's law. A small deviation of the bulk modulus from linear concentration dependence was observed for these alloys. The …",Unclassified,0.0
,,"Theoretical study of InAs, InSb and their alloys InAsxSb1-x
K Hachelafi, B Amrani, FEH Hassan, S Hiadsi - ACM Physics, 2009
Cited by 12 Related articles All 2 versions",2009,,https://www.researchgate.net/profile/F-El-Haj-Hassan/publication/268445010_acmp-hachelafi-2009/data/546b56380cf2397f7831bbdb/acmp-hachelafi-2009.pdf,,,,,"Condensed matter, Computational physics, Semicondactors",Cited by 12,Fouad El Haj Hassan,,,"Theoretical study of InAs, InSb and their alloys InAsxSb1-x",,ACM Physics,,https://scholar.google.com/citations?view_op=view_citation&hl=en&user=ubgOmIAAAAAJ&cstart=20&pagesize=80&citation_for_view=ubgOmIAAAAAJ:qxL8FJ1GzNcC,,,"K Hachelafi, B Amrani, F El Haj Hassan, S Hiadsi","We have performed first-principles calculations using full potential linearized augmented plane wave (FP-LAPW) method within density functional theory (DFT) to investigate the fundamental properties of the InAs, InSb and their alloys. The ground state properties such as lattice constant, bulk modulus, pressure derivative of the bulk modulus and elastic constants are in good agreement with numerous experimental and theoretical data. Through the quasi-harmonic Debye model, in which the phononic effects are considered, we have obtained successfully",Unclassified,0.0
,,"Ab initio investigations of zinc chalcogenides semiconductor alloys
F El Haj Hassan, B Amrani, F Bahsoun - Physica B Condensed Matter, 2007
Cited by 12 Related articles All 5 versions",2007/4,391.0,,,,,363-370,"Condensed matter, Computational physics, Semicondactors",Cited by 12,Fouad El Haj Hassan,,,Ab initio investigations of zinc chalcogenides semiconductor alloys,,Physica B Condensed Matter,,https://scholar.google.com/citations?view_op=view_citation&hl=en&user=ubgOmIAAAAAJ&cstart=20&pagesize=80&citation_for_view=ubgOmIAAAAAJ:L7CI7m0gUJcC,2,,"F El Haj Hassan, B Amrani, F Bahsoun","The present work performs self-consistent ab initio full potential-linearized augmented plane wave method to study the structural, electronic and thermodynamic properties of ZnS x Se 1-x, ZnS x Te 1-x and ZnSe x Te 1-x semiconductor alloys. The ground-state properties were determined for the bulk materials (ZnS, ZnSe, and ZnTe) and for their alloys in cubic phase at various concentrations (x= 0.25, 0.5 and 0.75). A marginal deviation of the lattice parameter from Vegard's law was observed for ZnS x Se 1-x and ZnSe x Te 1-x alloys, while the lattice bowing of ZnS x Te 1-x alloy was found to be significant. This is mainly because of the large mismatch of the lattice parameters of the binary compounds ZnS and ZnTe. A large deviation of the bulk modulus from linear concentration dependence was observed for all the three alloys. We have also investigated the effect of composition on bonding properties and …",Unclassified,0.0
,,"First-principles study of BNxSb 1-x, BPxSb 1-x and BAsxSb 1-x alloys
F Hassan - Physica Status Solidi(b), 2005
Cited by 12 Related articles",2005/12,242.0,,,,,3129-3137,"Condensed matter, Computational physics, Semicondactors",Cited by 12,Fouad El Haj Hassan,,,"First-principles study of BNxSb 1-x, BPxSb 1-x and BAsxSb 1-x alloys",,Physica Status Solidi(b),,https://scholar.google.com/citations?view_op=view_citation&hl=en&user=ubgOmIAAAAAJ&cstart=20&pagesize=80&citation_for_view=ubgOmIAAAAAJ:uc_IGeMz5qoC,15,,F Hassan,"The first ab initio calculations were carried out for the electronic, structural and thermodynamic properties of BNxSb1-x, BPxSb1-x and BAsxSb1-x boron ternary alloys. The full potential linearized augmented plane wave (FP-LAPW) method was employed within density functional theory (DFT). The local density approximation was used with generalized gradient correction (GGA) as well as the Engel-Vosko GGA formalism to calculate the band gap. The effect of composition on lattice constants, bulk modulus and band gap was investigated. Deviations of the lattice constants from Vegard's law and the bulk modulus from linear concentration dependence (LCD) were observed for the three alloys. The microscopic origins of the gap bowing were explained by using the approach of Zunger and co-workers. In addition, the thermodynamic stability of these alloys was investigated by calculating the excess enthalpy of mixing …",Unclassified,0.0
,,"Theoretical investigation of the structural stabilities, optoelectronic properties and thermodynamic characteristics of GaP x Sb 1− x ternary alloys
F Oumelaz, O Nemiri, A Boumaza, S Ghemid… - Indian Journal of Physics, 2018
Cited by 11 Related articles All 6 versions",2018/6,92.0,https://www.researchgate.net/profile/Akila-Boumaza/publication/322023928_Theoretical_investigation_of_the_structural_stabilities_optoelectronic_properties_and_thermodynamic_characteristics_of_GaPxSb1-x_ternary_alloys/links/5a441020458515f6b052dc33/Theoretical-investigation-of-the-structural-stabilities-optoelectronic-properties-and-thermodynamic-characteristics-of-GaPxSb1-x-ternary-alloys.pdf,,,,705-714,"Condensed matter, Computational physics, Semicondactors",Cited by 11,Fouad El Haj Hassan,,,"Theoretical investigation of the structural stabilities, optoelectronic properties and thermodynamic characteristics of GaPxSb1−x ternary alloys",,Indian Journal of Physics,,https://scholar.google.com/citations?view_op=view_citation&hl=en&user=ubgOmIAAAAAJ&cstart=20&pagesize=80&citation_for_view=ubgOmIAAAAAJ:geHnlv5EZngC,,Springer India,"F Oumelaz, O Nemiri, A Boumaza, S Ghemid, H Meradji, S Bin Omran, F El Haj Hassan, DP Rai, R Khenata","In this theoretical study, we have investigated the structural, phase transition, electronic, thermodynamic and optical properties of GaPxSb1−x ternary alloys. Our calculations are performed with the WIEN2k code based on density functional theory using the full-potential linearized augmented plane wave method. For the electron exchange-correlation potential, a generalized gradient approximation within Wu–Cohen scheme is considered. The recently developed Tran–Blaha modified Becke–Johnson potential has also been used to improve the underestimated band gap. The structural properties, including the lattice constants, the bulk moduli and their pressure derivatives are in very good agreement with the available experimental data and theoretical results. Several structural phase transitions were studied here to establish the stable structure and to predict the phase transition under hydrostatic pressure …",Unclassified,0.0
,,"Density functional calculations of Pb1− xCaxSySe1− y alloys lattice matched to different substrates
M Labidi, S Ghemid, H Meradji, S Labidi, FEH Hassan - Journal of Physics and Chemistry of Solids, 2012
Cited by 10 Related articles All 2 versions",2012/4/1,73.0,,,,Journal of Physics and Chemistry of Solids,608-613,"Condensed matter, Computational physics, Semicondactors",Cited by 10,Fouad El Haj Hassan,,,Density functional calculations of Pb1− xCaxSySe1− y alloys lattice matched to different substrates,,,,https://scholar.google.com/citations?view_op=view_citation&hl=en&user=ubgOmIAAAAAJ&cstart=20&pagesize=80&citation_for_view=ubgOmIAAAAAJ:RGFaLdJalmkC,4,Pergamon,"M Labidi, S Ghemid, H Meradji, S Labidi, F El Haj Hassan","Density functional calculations are performed to study the structural and electronic properties of technologically important Pb1−xCaxSySe1−y quaternary alloys. The calculations are based on the total-energy calculations within the full-potential augmented plane-wave (FP-LAPW) method. For exchange-correlation energy and corresponding potential, the generalized gradient approximation (GGA) by Perdew–Burke–Ernzerhof (PBE) and Engel–Vosko (EVGGA) have been used. We investigated the effect of composition on lattice constant, bulk modulus and band gap for pseudobinary as well as for quaternary alloys, which showed non-linear dependence on the composition x and y. The presented contour maps of energy band gap and lattice constants versus concentrations could be useful for designing new structures with the desired optical properties. In addition, the energy band gap and natural band offset of …",Unclassified,0.0
,,"Tuning the hybrid borophene−/graphene-ionic liquid interface: Effect of metal cations on the electronic and photonic properties
K Zhour, JM Otero-Mato, FEH Hassan, H Fahs… - Journal of Molecular Liquids, 2021
Cited by 9 Related articles",2021/1/1,321.0,,,,,114759,"Condensed matter, Computational physics, Semicondactors",Cited by 9,Fouad El Haj Hassan,,,Tuning the hybrid borophene−/graphene-ionic liquid interface: Effect of metal cations on the electronic and photonic properties,,Journal of Molecular Liquids,,https://scholar.google.com/citations?view_op=view_citation&hl=en&user=ubgOmIAAAAAJ&cstart=20&pagesize=80&citation_for_view=ubgOmIAAAAAJ:evX43VCCuoAC,,Elsevier,"Kazem Zhour, Jose M Otero-Mato, Fouad El Haj Hassan, Hussein Fahs, Majid Vaezzadeh, E López-Lago, Luis J Gallego, Luis M Varela","A density functional theory study of the effect of the adsorption of a mixture of potassium salt and an imidazolium-based ionic liquid on the electronic and optical properties of graphene and borophene is performed. This addition leads to a downward shift of the Dirac cone for both structures due to the electron transferred from potassium to the graphene and borophene sheets. The transferred charge to the wall and the binding energy of potassium are bigger than in the case of the adsorption of potassium on pristine graphene. The Bader analysis shows that the presence of potassium makes the charge distributions in graphene and the layers of boron atoms in borophene more homogenous and the electronic distribution in the sheets is consequently less affected by the electromagnetic interaction with the ions in the mixture. Moreover, the results show that the optical properties are altered by the metallic cation …",Unclassified,0.0
,,"Structural, electronic, optical and thermal properties of CuXTe2 (X= Al, Ga, In) compounds: An ab-initio study
R Mahdjoubi, Y Megdoud, L Tairi, H Meradji… - International Journal of Modern Physics B, 2019
Cited by 9 Related articles All 5 versions",2019/3/20,33.0,https://www.researchgate.net/profile/F-El-Haj-Hassan/publication/331659355_Structural_electronic_optical_and_thermal_properties_of_CuXTe2_XAl_Ga_In_compounds_An_ab-initio_study/links/5c908280a6fdcc38175cc69d/Structural-electronic-optical-and-thermal-properties-of-CuXTe2-XAl-Ga-In-compounds-An-ab-initio-study.pdf,,,,1950045,"Condensed matter, Computational physics, Semicondactors",Cited by 9,Fouad El Haj Hassan,,,"Structural, electronic, optical and thermal properties of CuXTe2 (X=Al, Ga, In) compounds: An ab-initio study",,International Journal of Modern Physics B,,https://scholar.google.com/citations?view_op=view_citation&hl=en&user=ubgOmIAAAAAJ&cstart=20&pagesize=80&citation_for_view=ubgOmIAAAAAJ:5awf1xo2G04C,07,World Scientific Publishing Company,"R Mahdjoubi, Y Megdoud, L Tairi, H Meradji, Z Chouahda, S Ghemid, F El Haj Hassan","First-principles calculations of the structural, electronic, optical and thermal properties of chalcopyrite CuXTe2 (X=Al, Ga, In) have been performed within density functional theory using the full-potential linearized augmented plane wave (FP-LAPW) method, by employing for the exchange and correlation potential the approximations WC-GGA and mBJ-GGA. The effect of X cations replacement on the structural, electronic band structure, density of states and optical properties were highlighted and explained. Our results are in good agreement with the previous theoretical and experimental data. As far as we know, for the first time we find the effects of temperature and pressure on thermal parameters of CuAlTe2 and CuGaTe2 compounds. Thermal properties are very useful for optimizing crystal growth, and predict photovoltaic applications on extreme thermodynamic conditions.",Unclassified,0.0
,,"Competing structures in (In, Ga) Se and (In, Ga) 2Se3 semiconductors
J Srour, A Postnikov, M Badawi, F El Haj Hassan - physica status solidi (b), 2017
Cited by 9 Related articles All 7 versions",2017/6,254.0,https://onlinelibrary.wiley.com/doi/full/10.1002/pssb.201700120,,,,1700120,"Condensed matter, Computational physics, Semicondactors",Cited by 9,Fouad El Haj Hassan,,,"Competing structures in (In,Ga)Se and (In,Ga)2Se3 semiconductors",,physica status solidi (b),,https://scholar.google.com/citations?view_op=view_citation&hl=en&user=ubgOmIAAAAAJ&cstart=20&pagesize=80&citation_for_view=ubgOmIAAAAAJ:WbkHhVStYXYC,6,,"J Srour, A Postnikov, M Badawi, F El Haj Hassan","The electronic structure of four polytypes (, , , and ) of hexagonal GaSe and InSe is calculated from first principles, using the WIEN2k and VASP codes and PBEsol prescription for the exchange–correlation potential, aiming specifically at elucidating the crystallographic parameters and comparing the energy placement of corresponding competing structures. Further on, the compounds with different composition of the same constituents, namely the ordered‐vacancies systems GaSe and InSe were subject to a similar study, of which the relaxed crystal structure data for three different phases is reported. Comparison is done with the nominal wurtzite structure over which the cation vacancies are introduced, and the relaxation pattern discussed.",Unclassified,0.0
,,"First-principles calculations of the structural, electronic, optical and thermal properties of the BN x As1–x alloys
L Hamioud, A Boumaza, S Touam, H Meradji… - Philosophical Magazine, 2016
Cited by 9 Related articles All 4 versions",2016/6/2,96.0,https://www.researchgate.net/profile/Akila-Boumaza/publication/301797812_First-principles_calculations_of_the_structural_electronic_optical_and_thermal_properties_of_the_BN_x_As_1-_x_alloys/links/5ccc8ae3299bf14d9575faa8/First-principles-calculations-of-the-structural-electronic-optical-and-thermal-properties-of-the-BN-x-As-1-x-alloys.pdf,,,,1694-1711,"Condensed matter, Computational physics, Semicondactors",Cited by 9,Fouad El Haj Hassan,,,"First-principles calculations of the structural, electronic, optical and thermal properties of the BNxAs1–x alloys",,Philosophical Magazine,,https://scholar.google.com/citations?view_op=view_citation&hl=en&user=ubgOmIAAAAAJ&cstart=20&pagesize=80&citation_for_view=ubgOmIAAAAAJ:u9iWguZQMMsC,16,Taylor & Francis,"L Hamioud, A Boumaza, S Touam, H Meradji, S Ghemid, F El Haj Hassan, R Khenata, S Bin Omran","The present paper aims to study the structural, electronic, optical and thermal properties of the boron nitride (BN) and BAs bulk materials as well as the BNxAs1–x ternary alloys by employing the full-potential-linearised augmented plane wave method within the density functional theory. The structural properties are determined using the Wu–Cohen generalised gradient approximation that is based on the optimisation of the total energy. For band structure calculations, both the Wu–Cohen generalised gradient approximation and the modified Becke–Johnson of the exchange-correlation energy and potential, respectively, are used. We investigated the effect of composition on the lattice constants, bulk modulus and band gap. Deviations of the lattice constants and the bulk modulus from the Vegard’s law and the linear concentration dependence, respectively, were observed for the alloys where this result allows us to …",Unclassified,0.0
,,"Fundamental properties of zinc-blende AlSb, BSb and their Al1-xBxSb ternary alloys
K Boubendira, S Bendaif, O Nemiri, A Boumaza… - Chinese journal of physics, 2017
Cited by 8 Related articles All 3 versions",2017/8/1,55.0,,,,,1092-1102,"Condensed matter, Computational physics, Semicondactors",Cited by 8,Fouad El Haj Hassan,,,"Fundamental properties of zinc-blende AlSb, BSb and their Al1-xBxSb ternary alloys",,Chinese journal of physics,,https://scholar.google.com/citations?view_op=view_citation&hl=en&user=ubgOmIAAAAAJ&cstart=20&pagesize=80&citation_for_view=ubgOmIAAAAAJ:tOudhMTPpwUC,4,Elsevier,"K Boubendira, S Bendaif, O Nemiri, A Boumaza, H Meradji, S Ghemid, F El Haj Hassan","The structural and electronic properties of the AlSb and BSb compounds and of the Al1-xBxSb ternary alloys are investigated using the full potential-linearized augmented plane wave method (FP-LAPW) based on density functional theory (DFT). The lattice constant of the Al1-xBxSb alloys exhibits a marginal deviation from Vegard's law and a small deviation of the bulk modulus from linear concentration dependence (LCD) is found. The composition dependence of the energy band gap is non-linear. The approach of Zunge and co-workers is used to explain the microscopic origins of the gap bowing. In order to investigate the thermodynamic stability of the alloys, the excess enthalpy of mixing ΔHm is calculated as a function of the concentration x and the phase diagram is deduced. The quasi-harmonic Debye model is applied to determine the thermal properties of the alloys up to 500 K.",Unclassified,0.0
,,"Structural, electronic and thermodynamic properties of SrxCd1− xO: A first-principles study
M Labidi, S Labidi, FEH Hassan, M Boudjendlia… - Materials science in semiconductor processing, 2013
Cited by 8 Related articles All 4 versions",2013/12/1,16.0,https://www.researchgate.net/profile/Salima-Labidi/publication/259007603_Structural_electronic_and_thermodynamic_properties_of_Sr_xCd1-xO_A_first-principles_study/links/5c9cf50c92851cf0ae9cd9dd/Structural-electronic-and-thermodynamic-properties-of-Sr-xCd1-xO-A-first-principles-study.pdf,,,,1853-1858,"Condensed matter, Computational physics, Semicondactors",Cited by 8,Fouad El Haj Hassan,,,"Structural, electronic and thermodynamic properties of SrxCd1− xO: A first-principles study",,Materials science in semiconductor processing,,https://scholar.google.com/citations?view_op=view_citation&hl=en&user=ubgOmIAAAAAJ&cstart=20&pagesize=80&citation_for_view=ubgOmIAAAAAJ:J_g5lzvAfSwC,6,Pergamon,"M Labidi, S Labidi, F El Haj Hassan, M Boudjendlia, R Bensalem","First principles calculations have been performed within the framework of density functional theory to investigate the structural, electronic and thermodynamic properties of SrxCd1−xO ternary alloys. The exchange-correlation potential for structural properties was calculated by the standard local density approximation (LDA) and GGA (PBE), a more accurate nonempirical density functional generalized gradient approximation (GGA), as proposed by Wu and Cohen [Physical Review B 73 (2006) 235116], while for electronic properties, the Engel and Vosko GGA (EVGGA) and the modified Becke–Johnson (MBJ) of the exchange-correlation energy and potential, respectively, are used. Deviation of the lattice constants from Vegard's law and bulk modulus from linear concentration dependence (LCD) were observed for the ternary alloys. The MBJ band gaps values agree well with the available experimental results. In …",computational physics,0.2
,,"First-principles analysis of Cx (BN) 1− x ordered alloy
A Zaoui, FEH Hassan - Superlattices and microstructures, 2002
Cited by 8 Related articles All 6 versions",2002/8/1,32.0,https://www.academia.edu/download/83643551/s0749-6036_2802_2900119-220220409-11877-rkiier.pdf,,,,91-97,"Condensed matter, Computational physics, Semicondactors",Cited by 8,Fouad El Haj Hassan,,,First-principles analysis of Cx (BN) 1− x ordered alloy,,Superlattices and microstructures,,https://scholar.google.com/citations?view_op=view_citation&hl=en&user=ubgOmIAAAAAJ&cstart=20&pagesize=80&citation_for_view=ubgOmIAAAAAJ:RHpTSmoSYBkC,2-3,Academic Press,"A Zaoui, F El Haj Hassan","We present full potential linearized augmented plane wave calculations for the ordered alloy Cx(BN)1−x. The generalized gradient approximation is used for the exchange–correlation potential. The ground state properties are determined for the bulk materials (C and BN) as well as for the average concentration (x=0.5) of the alloy. Results have been compared to available experimental and theoretical works with favorable agreement. To model the alloy, we have followed the method developed by Zunger and co-workers where the alloy is studied in an ordered structure designed to reproduce the most important pair correlation functions of a random alloy and where the chemical and structural effects are well described. Detailed analysis is given especially for the band-gap bowing. The main contribution to the disorder is due to the chemical effect, while structural and relaxation contributions are negligible. This …",Unclassified,0.0
,,"Size and thickness effect on magnetic structures of maghemite hollow magnetic nanoparticles
F Sayed, Y Labaye, R Sayed Hassan, F El Haj Hassan… - Journal of Nanoparticle Research, 2016
Cited by 7 Related articles All 6 versions",2016/9,18.0,,,,,1-11,"Condensed matter, Computational physics, Semicondactors",Cited by 7,Fouad El Haj Hassan,,,Size and thickness effect on magnetic structures of maghemite hollow magnetic nanoparticles,,Journal of Nanoparticle Research,,https://scholar.google.com/citations?view_op=view_citation&hl=en&user=ubgOmIAAAAAJ&cstart=20&pagesize=80&citation_for_view=ubgOmIAAAAAJ:738O_yMBCRsC,,Springer Netherlands,"Fatima Sayed, Yvan Labaye, Rodaina Sayed Hassan, Fouad El Haj Hassan, Nader Yaacoub, Jean-Marc Greneche","The effect of surface anisotropy on the magnetic ground state of hollow maghemite nanoparticles is investigated using atomistic Monte Carlo simulation. The computer modeling is carried on hollow nanostructures as a function of size and shell thickness. It is found that the large contribution of the surface anisotropy imposes a “throttled” spin structure where the moments located at the outer surface tend to orient normal to the surface while those located at the inner surface appear to be more aligned. For increasing values of surface anisotropy in the frame of a radial model, the magnetic moments become radially oriented either inward or outward giving rise to a “hedgehog” configuration with nearly zero net magnetization. We also show the effect of the size of hollow nanoparticle on the spin behavior where the spin non-collinearity increases (for fixed value of surface anisotropy) as the diameter of the hollow …",computational physics,0.2
,,"Ab initio study of the structural, electronic, phase diagram, and thermal properties of cadium beryllium selenide mixed crystals
K Hacini, Z Chouahda, A Djedid, H Meradji, S Ghemid… - Materials science in semiconductor processing, 2014
Cited by 7 Related articles All 2 versions",2014/10/1,26.0,,,,,642-648,"Condensed matter, Computational physics, Semicondactors",Cited by 7,Fouad El Haj Hassan,,,"Ab initio study of the structural, electronic, phase diagram, and thermal properties of cadium beryllium selenide mixed crystals",,Materials science in semiconductor processing,,https://scholar.google.com/citations?view_op=view_citation&hl=en&user=ubgOmIAAAAAJ&cstart=20&pagesize=80&citation_for_view=ubgOmIAAAAAJ:rO6llkc54NcC,,Pergamon,"K Hacini, Z Chouahda, A Djedid, H Meradji, S Ghemid, F El Haj Hassan, R Khenata","First-principles calculations are performed to study the structural, electronic and thermodynamic properties of technologically important Cd1−xBexSe ternary alloys using the full potential-linearized augmented plane wave method within the density functional theory. We use both PBE and Engel–Vosko generalized gradient approximations of the exchange-correlation energy that are based on the optimization of total energy and corresponding potential, respectively. The ground-state properties are determined for CdSe, BeSe and their mixed crystals at various concentrations (x=0.25, 0.5, and 0.75). Deviation of the lattice parameter from Vegard׳s law and the bulk modulus from the linear concentration dependence was observed. Using the approach of Zunger and co-workers, the microscopic origins of the band-gap bowing parameter have been explained. Through the quasi-harmonic Debye model, in which the …",Unclassified,0.0
,,"Theoretical study of LuH molecule: Potential energy curves, spectroscopic constants and spin-orbit couplings
J Assaf, FEH Hassan, ÉCM Nascimento, A Haydar - Computational and Theoretical Chemistry, 2018
Cited by 6 Related articles",2018/3/15,1128.0,,,,,31-41,"Condensed matter, Computational physics, Semicondactors",Cited by 6,Fouad El Haj Hassan,,,"Theoretical study of LuH molecule: Potential energy curves, spectroscopic constants and spin-orbit couplings",,Computational and Theoretical Chemistry,,https://scholar.google.com/citations?view_op=view_citation&hl=en&user=ubgOmIAAAAAJ&cstart=20&pagesize=80&citation_for_view=ubgOmIAAAAAJ:VOx2b1Wkg3QC,,Elsevier,"Joumana Assaf, F El Haj Hassan, É CM Nascimento, Amine Haydar","Abstract SA-CASSCF and ic-MRCI methods have been performed to calculate 26 low-lying (2s+ 1) Λ (±) electronic states located below 40,250 cm− 1 for 175 Lu 1 H molecule. The potential energy curves (PECs) for these states are displayed in the range of 1.00–3.50 Å. The spectroscopic constants such as R e, T e, ω e and ω e χ e are reported for the first time. Moreover, the permanent and transition electric dipole moments are plotted versus internuclear distance (R). Subsequently, for the first 13 (2S+ 1) Λ (±) states located below 30,000 cm− 1, the spin-orbit couplings (SOC) of 30 Ω (±) states are calculated with their spectroscopic constants.",Unclassified,0.0
,,"Near‐forward/high‐pressure‐backward Raman study of Zn1− xBexSe (x~ 0.5)–evidence for percolation behavior of the long (Zn―Se) bond
H Dicko, O Pagès, R Hajj Hussein, GK Pradhan… - Journal of Raman Spectroscopy, 2016
Cited by 6 Related articles All 10 versions",2016,47.0,,,,,357,"Condensed matter, Computational physics, Semicondactors",Cited by 6,Fouad El Haj Hassan,,,Near-forward/high-pressure-backward Raman study of Zn1-xBexSe (x~0.5) – evidence for percolation behavior of the long (Zn―Se) bond,,J. Raman Spectrosc.,,https://scholar.google.com/citations?view_op=view_citation&hl=en&user=ubgOmIAAAAAJ&cstart=20&pagesize=80&citation_for_view=ubgOmIAAAAAJ:SdhP9T11ey4C,,,"L. Brocha and F. El Haj Hassan H. Dicko, O. Pagès, R. Hajj Hussein, G. K. Pradhan, C. Narayana, F. Firszt, A. Marasek, W. Paszkowicz, A. Maillard, C. Jobard","The apparently universal 1‐bond → 2‐mode percolation behavior in the Raman spectra of zincblende semiconductor alloys is generally observed for the short bond only, and not for the long one. In this work we perform a combined high‐pressure‐backward/near‐forward Raman study of the leading percolation‐type (Zn,Be)Se alloy (~50 at.% Be), which exhibits a distinct percolation doublet in the spectral range of its short Be―Se bond, in search of a Zn―Se analogue. The high‐pressure‐backward insight is not conclusive per se, but clarifies the perspective behind the near‐forward Raman study. The latter reveals an unique Zn―Se phonon–polariton. Its fair contour modeling depending on the scattering angle is achieved within the linear dielectric approach, based on ellipsometry measurement of the ZnBeSe refractive index. Somewhat surprisingly this reveals that the phonon–polariton in question is a …",Unclassified,0.0
,,"First-principles calculations of the structural, electronic and optical properties of In1− xBxAsyP1− y quaternary alloys lattice matched to InP and BeS
O Nemiri, A Boumaza, K Boubendira, S Ghemid… - Materials Science in Semiconductor Processing, 2015
Cited by 6 Related articles All 4 versions",2015/8/1,36.0,,,,,27-35,"Condensed matter, Computational physics, Semicondactors",Cited by 6,Fouad El Haj Hassan,,,"First-principles calculations of the structural, electronic and optical properties of In1− xBxAsyP1− y quaternary alloys lattice matched to InP and BeS",,Materials Science in Semiconductor Processing,,https://scholar.google.com/citations?view_op=view_citation&hl=en&user=ubgOmIAAAAAJ&cstart=20&pagesize=80&citation_for_view=ubgOmIAAAAAJ:_xSYboBqXhAC,,Pergamon,"O Nemiri, A Boumaza, K Boubendira, S Ghemid, H Meradji, F El Haj Hassan","The structural, electronic, and optical properties of the cubic In1−xBxAsyP1−y quaternary alloys lattice matched to InP and BeS have been investigated by using the full-potential linearized augmented plane wave (FP-LAPW) method within the density functional theory (DFT). The generalized gradient approximation (GGA) of Wu and Cohen was used as the exchange correlation potential to calculate the structural and electronic properties. In addition, the alternative GGA proposed by Engel and Vosko and the modified Becke–Johnson potential are utilized to calculate the electronic properties. The computed structural and electronic properties of the binary compounds are in good agreement with the available experimental and theoretical data. For the alloys, non-linear variations of composition x and y with the lattice constant, bulk modulus, direct, indirect band gap, dielectric constant and refractive index are found. All …",computational physics,0.2
,,"Ab initio calculations of fundamental properties of SrTe 1− x O x alloys
J Zeroual, S Labidi, H Meradji, M Labidi… - Bulletin of Materials Science, 2016
Cited by 5 Related articles All 8 versions",2016/6,39.0,https://www.ias.ac.in/public/Volumes/boms/039/03/0827-0835.pdf,,,,827-835,"Condensed matter, Computational physics, Semicondactors",Cited by 5,Fouad El Haj Hassan,,,Ab initio calculations of fundamental properties of SrTe1−x O x alloys,,Bulletin of Materials Science,,https://scholar.google.com/citations?view_op=view_citation&hl=en&user=ubgOmIAAAAAJ&cstart=20&pagesize=80&citation_for_view=ubgOmIAAAAAJ:XiSMed-E-HIC,,Indian Academy of Sciences,"J Zeroual, S Labidi, H Meradji, M Labidi, F EL HAJ HASSAN","Structural, electronic, optical and thermodynamic properties of the SrTe1−x O x alloys (0 ≤ x ≤ 1) in rock-salt phase are calculated using the full potential-linearized augmented plane wave (FP-LAPW) method within density functional theory. The exchange-correlation potential for structural properties was calculated by the standard local density approximation (LDA) and GGA (PBE) and the new form of GGA (WC) which is an improved form of the most popular Perdew–Burke–Ernzerhof (PBE), while for electronic properties, in addition to LDA, GGA corrections; Engel–Vosko GGA (EV-GGA) and modified Becke–Johnson (mBJ) schemes were also applied. The results show that the use of GGA (WC) in our calculations is more appropriate than GGA and LDA and gives a good description of structural properties such as lattice parameters and bulk modulus. Our investigation on …",Unclassified,0.0
,,"Phase stability and electronic properties of silver halides
M Boukhtouta, S Lamraoui, S Touam, H Meradji… - Phase Transitions, 2015
Cited by 5 Related articles All 3 versions",2015/4/3,88.0,,,,,357-367,"Condensed matter, Computational physics, Semicondactors",Cited by 5,Fouad El Haj Hassan,,,Phase stability and electronic properties of silver halides,,Phase Transitions,,https://scholar.google.com/citations?view_op=view_citation&hl=en&user=ubgOmIAAAAAJ&cstart=20&pagesize=80&citation_for_view=ubgOmIAAAAAJ:4OULZ7Gr8RgC,4,Taylor & Francis,"M Boukhtouta, S Lamraoui, S Touam, H Meradji, S Ghemid, F El Haj Hassan","In this work, we study the phase stability and electronic properties of silver halides ( AgBr, AgCl and AgI) using the full-potential linearized augmented plane wave method within the density functional theory. In this approach, the Wu–Cohen generalized gradient approximation was used for the exchange–correlation potential. Moreover, the modified Becke–Johnson approximation was also used for band-structure calculations. Various structural phase transitions were considered here in order to confirm the most stable structure and to predict the phase transition under hydrostatic pressure. In addition, we have studied the band structures of the stable phases of these compounds which reveal that the three compounds exhibit semiconducting behavior. The results obtained are compared with other calculations and experimental measurements.",Unclassified,0.0
,,"First-principles calculations of the structural, electronic, elastic, phase diagram and thermal properties of Zn1− xBexTe ternary alloy
A Boumaza, S Ghemid, Z Chouahda, H Meradji… - Physica Scripta, 2012
Cited by 5 Related articles All 5 versions",2012/8/16,86.0,https://www.researchgate.net/profile/F-El-Haj-Hassan/publication/258324265_First-principles_calculations_of_the_structural_electronic_elastic_phase_diagram_and_thermal_properties_of_Zn1-xBexTe_ternary_alloy/links/00b49527cd328c0c50000000/First-principles-calculations-of-the-structural-electronic-elastic-phase-diagram-and-thermal-properties-of-Zn1-xBexTe-ternary-alloy.pdf,,,,035703,"Condensed matter, Computational physics, Semicondactors",Cited by 5,Fouad El Haj Hassan,,,"First-principles calculations of the structural, electronic, elastic, phase diagram and thermal properties of Zn1− xBexTe ternary alloy",,Physica Scripta,,https://scholar.google.com/citations?view_op=view_citation&hl=en&user=ubgOmIAAAAAJ&cstart=20&pagesize=80&citation_for_view=ubgOmIAAAAAJ:4TOpqqG69KYC,3,IOP Publishing,"A Boumaza, S Ghemid, Z Chouahda, H Meradji, F El Haj Hassan","The structural, electronic, elastic, thermal and thermodynamic properties of Zn 1− x Be x Te semiconductor alloys have been investigated using the full-potential linearized augmented plane wave method within density functional theory. We use both the Wu–Cohen and the Engel–Vosko generalized gradient approximations of the exchange-correlation energy that are based on the optimization of the total energy and the corresponding potential, respectively. The ground state properties such as lattice constants, bulk modulus and elastic constants are in good agreement with numerous experimental and theoretical data. The calculated band structures show that the band gap undergoes a direct to indirect transition at a given concentration. A regular-solution model is used to investigate the thermodynamic stability of the alloy that mainly indicates a phase miscibility gap. In addition, the quasi-harmonic Debye model is …",Unclassified,0.0
,,"Structural and electronic properties of bcc selenium under high pressure
F Hassan, M Zoaeter, A Hijazi - Fizika A: a journal of experimental and theoretical …, 2005
Cited by 3 Related articles All 10 versions
Structural and electronic properties of BCC tellurium under high pressure
FEH Hassan, A Hijazi, M Zoaeter, F Bahsoun - Physica B: Condensed Matter, 2005
Cited by 2 Related articles All 6 versions",2005/7/3,14.0,https://hrcak.srce.hr/file/435618,,,,245-254,"Condensed matter, Computational physics, Semicondactors",Cited by 5,Fouad El Haj Hassan,,,Structural and electronic properties of bcc selenium under high pressure,,Fizika A: a journal of experimental and theoretical physics,,https://scholar.google.com/citations?view_op=view_citation&hl=en&user=ubgOmIAAAAAJ&cstart=100&pagesize=100&citation_for_view=ubgOmIAAAAAJ:blknAaTinKkC,3,Hrvatsko fizikalno društvo,"F Hassan, MOUHAMED Zoaeter, ABBAS Hijazi","Full-potential linearized augmented plane-wave method (FP-LAPW) within the density functional theory is applied to study the structural and electronic properties of selenium in the bcc phase at high pressures. We used local density approximation with and without generalized gradient correction based on exchange-correlation energy optimization. We have determined the full set of first-order elastic constants, which have not been established earlier experimentally or theoretically. The elastic moduli show linear dependence on pressure. The calculated energy allowed us to investigate several structural properties such as lattice parameter, bulk modulus and its pressure derivative. Our calculated lattice parameter is found to be in reasonable agreement with experimental result. The electronic band structure and the density of states at various pressures are also calculated to show that there is a possibility for these compounds to become metallic at high pressures. Further, we have calculated the electronic specific heat coefficient, which decreases with the increase of pressure.",Unclassified,0.0
,,"Fundamental properties of scandium chalcogenides and their alloys: DFT study
AA Ahmad, S Mahmoud, B Alshafaay, R Halabi… - Indian Journal of Physics, 2019
Cited by 4 Related articles All 4 versions",2019/9/5,93.0,,,,,1129-1135,"Condensed matter, Computational physics, Semicondactors",Cited by 4,Fouad El Haj Hassan,,,Fundamental properties of scandium chalcogenides and their alloys: DFT study,,Indian Journal of Physics,,https://scholar.google.com/citations?view_op=view_citation&hl=en&user=ubgOmIAAAAAJ&cstart=100&pagesize=100&citation_for_view=ubgOmIAAAAAJ:eMMeJKvmdy0C,,Springer India,"AA Ahmad, S Mahmoud, B Alshafaay, R Halabi, F El Haj Hassan","The full-potential linearized-augmented plane wave calculations based on density functional theory are performed to study the structural, electronic, optical and thermodynamic properties of scandium chalcogenides ScX (X = S, Se, Te) and their ternary alloys at equilibrium as well as under pressure. The revised Perdew–Burke–Ernzerhof generalized gradient approximation (GGA) is used to calculate the structural properties. The electronic and optical properties are calculated employing the GGA and the modified Becke–Johnson (mBJ) approaches. Moreover, the calculated lattice parameters agree well with the experiment results. The structure NaCl-type (B1) of the scandium chalcogenides undergoes under pressure a structural phase transition to CsCl-type (B2) and ZnS-type (B3). The binary and ternary alloys indicate a metallic behavior using GGA and mBJ scheme. The interband contribution to the …",Unclassified,0.0
,,"Contribution à l'étude des propriétés électroniques et structurales des composés à base de bore et de cuivre
FEH Hassan - 2000
Cited by 4 Related articles All 4 versions
Contribution à l'étude des propriétés électroniques et structurales des composés à base de Bore et de cuivre*
F El Haj Hassan, M Certier
Related articles All 2 versions",2000/7/7,,,,,,,"Condensed matter, Computational physics, Semicondactors",Cited by 4,Fouad El Haj Hassan,,,Contribution à l'étude des propriétés électroniques et structurales des composés à base de bore et de cuivre,Université Paul Verlaine-Metz,,,https://scholar.google.com/citations?view_op=view_citation&hl=en&user=ubgOmIAAAAAJ&cstart=100&pagesize=100&citation_for_view=ubgOmIAAAAAJ:HE397vMXCloC,,,Fouad El Haj Hassan,"Cette thèse a pour but de contribuer à la détermination des propriétés structurales (pas du réseau, module de rigidité et pression de transition) et électroniques (structure de bandes, densité de charges et densité d'états) de matériaux à base de bore et de cuivre à liaisons tétraédriques en utilisant la méthode des ondes planes augmentées linearisées (FLAPW). Nous avons étudié, en particulier, les nitrure, phosphure, arseniure et antimoniure de bore, BN, BP, BAs et BSb de la famille des semi-conducteurs III-V, ainsi que les propriétés structurales et l'effet du désordre dans l'alliage Cx(BN)1-x. Nous avons confirmé que ces composés, initialement qui cristallisent dans la structures zinc blende dans les conditions normales, évoluent, sous l'effet de pression hydrostatique élevée, vers la structures NaCl. En ce qui concerne la structure électronique, nous avons montré l'existence présence d'un gap fondamental …",semicondactors,0.4
,,"First-principle calculations of the fundamental properties of CuBr x I1− x ternary alloy
S Touam, M Boukhtouta, L Hamioud, S Ghemid… - Molecular Physics, 2015
Cited by 3 Related articles All 3 versions",2015/11/17,113.0,,,,,3637-3644,"Condensed matter, Computational physics, Semicondactors",Cited by 3,Fouad El Haj Hassan,,,First-principle calculations of the fundamental properties of CuBr x I1− x ternary alloy,,Molecular Physics,,https://scholar.google.com/citations?view_op=view_citation&hl=en&user=ubgOmIAAAAAJ&cstart=100&pagesize=100&citation_for_view=ubgOmIAAAAAJ:b0M2c_1WBrUC,22,Taylor & Francis,"S Touam, M Boukhtouta, L Hamioud, S Ghemid, H Meradji, F El Haj Hassan","Ab initio full-potential linearised augmented plane wave (FP-LAPW) method within density functional theory is applied to study the effect of composition on the structural, electronic and thermodynamic properties of CuBrxI1−x ternary alloy. The structural properties at equilibrium are investigated by using the new form of generalised gradient approximations that are based on the optimisation of total energy. For band structure calculations, both Engel–Vosko and modified Becke–Johnson of the exchange-correlation energy and potential, respectively, are used. Deviation of the lattice constants from Vegard's law and the bulk modulus from linear concentration dependence are observed. The microscopic origins of the gap bowing were explained by using the approach of Zunger and co-workers. On the other hand, the thermodynamic stability of this alloy was investigated by calculating the excess enthalpy of mixing ∆Hm …",Unclassified,0.0
,,"First-principles calculations of structural, electronic and thermal properties of Zn 1− x Mg x S ternary alloys
S Lamraoui, R Bensalem, K Hacini, H Meradji… - Central European Journal of Physics, 2014
Cited by 3 Related articles All 7 versions",2014/1,12.0,https://www.degruyter.com/document/doi/10.2478/s11534-013-0322-1/pdf,,,,70-79,"Condensed matter, Computational physics, Semicondactors",Cited by 3,Fouad El Haj Hassan,,,"First-principles calculations of structural, electronic and thermal properties of Zn1−x Mg x S ternary alloys",,Central European Journal of Physics,,https://scholar.google.com/citations?view_op=view_citation&hl=en&user=ubgOmIAAAAAJ&cstart=100&pagesize=100&citation_for_view=ubgOmIAAAAAJ:70eg2SAEIzsC,,Springer Vienna,"Samia Lamraoui, Rachid Bensalem, Khadidja Hacini, Hocine Meradji, Sebti Ghemid, Fouad El Haj Hassan","Structural, electronic and thermal properties of Zn1−x Mg x S ternary alloys are studied by using the full potential-linearized augmented plane wave method (FP-LAPW) within the density functional theory (DFT). The Wu-Cohen generalized gradient approximation (WC-GGA) is used in this approach for the exchangecorrelation potential. Moreover, the modified Becke-Johnson approximation (mBJ) is adopted for band structure calculations. The dependence of the lattice constant, bulk modulus and band gap on the composition x showed that the first exhibits a small deviation from the Vegard’s law, whereas, a marginal deviation of the second from linear concentration dependence (LCD). The bowing of the fundamental gap versus composition predicted by our calculations agrees well with the available theoretical data. The microscopic origins of the gap bowing are explained by …",Unclassified,0.0
,,"Theoretical investigation of the thermal conductivity of Ga2O3 polymorphs
F Safieddine, FEH Hassan, M Kazan - Solid State Communications, 2024
Cited by 2 Related articles All 2 versions",2024/12/15,394.0,,,,,115715,"Condensed matter, Computational physics, Semicondactors",Cited by 2,Fouad El Haj Hassan,,,Theoretical investigation of the thermal conductivity of Ga2O3 polymorphs,,Solid State Communications,,https://scholar.google.com/citations?view_op=view_citation&hl=en&user=ubgOmIAAAAAJ&cstart=100&pagesize=100&citation_for_view=ubgOmIAAAAAJ:4MWp96NkSFoC,,Pergamon,"Fatima Safieddine, Fouad El Haj Hassan, Michel Kazan","Gallium oxide (Ga2O3) is a promising thermal preserving and heat-insulating material; understanding the thermal properties is important to improve its performance in technological applications. The thermal conductivities of Ga2O3 polymorphs labeled as α, β, δ, and ε are computed via the Boltzmann phonon transport equation (BTE) employing first-principles techniques. The lattice thermal conductivity tensor k of Ga2O3 for temperatures ranging from 50 K to 1000 K is derived using the second and third-order interatomic force constants (IFCs) for the potential based on a generalized gradient approximation (GGA), as well as the phonon dispersion relation, projected density of states (PDOS), and phonon group velocities. The results agree with the observed experimental values of rhombohedral polymorph β-Ga2O3 and with the previously calculated results of the other phases. At room temperature, the predicted …",computational physics,0.2
,,"Ab-initio study of the electronic structure of LaF including spin–orbit coupling
J Assaf, R Assaf, FEH Hassan - Journal of Molecular Modeling, 2022
Cited by 2 Related articles All 4 versions",2022/6,28.0,,,,,170,"Condensed matter, Computational physics, Semicondactors",Cited by 2,Fouad El Haj Hassan,,,Ab-initio study of the electronic structure of LaF including spin–orbit coupling,,Journal of Molecular Modeling,,https://scholar.google.com/citations?view_op=view_citation&hl=en&user=ubgOmIAAAAAJ&cstart=100&pagesize=100&citation_for_view=ubgOmIAAAAAJ:EkHepimYqZsC,6,Springer Berlin Heidelberg,"Joumana Assaf, Rima Assaf, Fouad El Haj Hassan","Spectroscopic investigation of lanthanum monofluoride molecule LaF is carried out by ab-initio methods and all the observed band systems are predicted through the fine structure of LaH. This structure consisted of 67 Ω(±) states is calculated by taking into account the spin–orbit coupling effect of lanthanum. Therefore, these Ω(±) states are degenerated from 33 low-lying 1,3Λ(±) states below 33,200 cm−1. The potential energy curves (PECs) of 1,3Λ(±) and Ω(±) states are displayed in the range of internuclear distance from 1.40 to 3.00 Å and their spectroscopic constants (,, , ) are reported. Moreover, the permanent and the transition dipole moments are plotted as a function of internuclear distance. Furthermore, the composition of the Ω(±) state-wave functions in terms of Λ-S parent states is calculated at the equilibrium internuclear distance of the ground state. Furthermore, through calculating the splitting …",Unclassified,0.0
,,"First-principles calculations to investigate half-metallic ferromagnetism in Zn0. 50Ti0. 50S alloy by using DFT+ U calculations
A Bahnes, MEA Monir, Y Mouchaal, FEH Hassan… - Philosophical Magazine, 2019
Cited by 2 Related articles All 4 versions",2019/12/2,99.0,https://www.researchgate.net/profile/Mohammed-Monir/publication/334837704_First-Principles_Calculations_to_Investigate_Half-Metallic_Ferromagnetism_in_Zn050Ti050S_Alloy_by_Using_DFTU_Calculations/links/5d4bdd30a6fdcc370a853306/First-Principles-Calculations-to-Investigate-Half-Metallic-Ferromagnetism-in-Zn050Ti050S-Alloy-by-Using-DFT-U-Calculations.pdf,,,,3000-3014,"Condensed matter, Computational physics, Semicondactors",Cited by 2,Fouad El Haj Hassan,,,First-principles calculations to investigate half-metallic ferromagnetism in Zn0.50Ti0.50S alloy by using DFT + U calculations,,Philosophical Magazine,,https://scholar.google.com/citations?view_op=view_citation&hl=en&user=ubgOmIAAAAAJ&cstart=100&pagesize=100&citation_for_view=ubgOmIAAAAAJ:PR6Y55bgFSsC,23,Taylor & Francis,"Aicha Bahnes, Mohammed El Amine Monir, Younes Mouchaal, Fouad El Haj Hassan, Zohra Bahnes, Abdelkarim Bendoukha Reguig","The spin-polarized structural, electronic and magnetic properties of the Ti-doped zincblende ZnS compound at x = 0.50 (Zn0.50Ti0.50S alloy) have been investigated by employing the first-principles full-potential linearised augmented plane wave with local orbitals (FP-L/APW + lo) method within the frame-work of spin-polarized density functional theory (spin-DFT). For the treating of the structural properties, the electronic exchange and correlation (XC) functional was defined by generalised gradient approximation (GGA), whereas both GGA and GGA + U approximations are applied to treat and to compare the electronic and magnetic properties (U is the Coulomb repulsion energy). It has been confirmed that the ferromagnetic (FM) state of this alloy is found the most stable phase; however, all the equilibrium lattice parameters such as; lattice constant (a0), bulk modulus (B0), and its first-pressure derivative (B …",Unclassified,0.0
,,"Ab-initio study of structural, elastic, electronic and thermodynamic properties of BaxSr1− xS ternary alloys
S Chelli, S Touam, L Hamioud, H Meradji, S Ghemid… - Mater Sci Pol, 2015
Cited by 2 Related articles All 5 versions",2015/12/1,33.0,https://intapi.sciendo.com/pdf/10.1515/msp-2015-0108,,,,879-886,"Condensed matter, Computational physics, Semicondactors",Cited by 2,Fouad El Haj Hassan,,,"Ab-initio study of structural, elastic, electronic and thermodynamic properties of BaxSr1− xS ternary alloys",,Mater Sci Pol,,https://scholar.google.com/citations?view_op=view_citation&hl=en&user=ubgOmIAAAAAJ&cstart=100&pagesize=100&citation_for_view=ubgOmIAAAAAJ:dshw04ExmUIC,4,,"S Chelli, S Touam, L Hamioud, H Meradji, S Ghemid, FELHAJ HASSAN","The structural, elastic, electronic and thermodynamic properties of BaxSr1− xS ternary alloys have been investigated using the full-potential (linearized) augmented plane wave method. The ground state properties, such as lattice constant, bulk modulus and elastic constants, are in good agreement with numerous experimental and theoretical data. The dependence of the lattice parameters, bulk modulus and band gap on the composition x was analyzed. Deviation of the lattice constant from Vegard’s law and the bulk modulus from linear concentration dependence (LCD) was observed. The microscopic origins of the gap bowing were explained by using the approach of Zunger et al. The thermodynamic stability of BaxSr1− xS alloy was investigated by calculating the excess enthalpy of mixing, AHm and the calculated phase diagram showed a broad miscibility gap with a critical temperature.",Unclassified,0.0
,,"First principles calculations of structural, electronic and optical properties of Zn1− xBexSeyTe1− y quaternary alloys
A Boumaza, O Nemiri, K Boubendira, S Ghemid… - Computational materials science, 2014
Cited by 2 Related articles All 6 versions",2014/5/1,87.0,,,,,202-208,"Condensed matter, Computational physics, Semicondactors",Cited by 2,Fouad El Haj Hassan,,,"First principles calculations of structural, electronic and optical properties of Zn1− xBexSeyTe1− y quaternary alloys",,Computational materials science,,https://scholar.google.com/citations?view_op=view_citation&hl=en&user=ubgOmIAAAAAJ&cstart=100&pagesize=100&citation_for_view=ubgOmIAAAAAJ:pqnbT2bcN3wC,,Elsevier,"A Boumaza, O Nemiri, K Boubendira, S Ghemid, H Meradji, F El Haj Hassan","The structural, electronic and optical properties of Zn1−xBexSeyTe1−y quaternary alloys are investigated using the full potential-linearized augmented plane wave (FP-LAPW) method within density functional theory (DFT). We used both the Wu–Cohen and the Engel–Vosko generalized gradient approximations of the exchange-correlation energy that are based on the optimization of the total energy and the corresponding potential, respectively. Some basic physical properties, such as lattice constant, bulk modulus, electronic band structures, and optical properties (dielectric constant and refractive index) are calculated, nonlinear dependence on the compositions x and y are found. In addition, the energy band gap of zinc-blende Zn1−xBexSeyTe1−y quaternary alloys lattice matched to GaAs substrate is investigated. To our knowledge this is the first quantitative theoretical investigation on Zn1−xBexSeyTe1−y …",computational physics,0.2
,,"First Principles Calculations of Structural, Electronic, Thermodynamic and Thermal Properties of Ba x Sr 1-x Te Ternary Alloys
S Chelli, H Meradji, S Amara Korba, S Ghemid… - International Journal of Modern Physics B, 2014
Cited by 2 Related articles All 4 versions",2014/2/10,28.0,,,,,1450041,"Condensed matter, Computational physics, Semicondactors",Cited by 2,Fouad El Haj Hassan,,,"FIRST PRINCIPLES CALCULATIONS OF STRUCTURAL, ELECTRONIC, THERMODYNAMIC AND THERMAL PROPERTIES OF BaxSr1-xTe TERNARY ALLOYS",,International Journal of Modern Physics B,,https://scholar.google.com/citations?view_op=view_citation&hl=en&user=ubgOmIAAAAAJ&cstart=100&pagesize=100&citation_for_view=ubgOmIAAAAAJ:ldfaerwXgEUC,04,World Scientific Publishing Company,"S Chelli, H Meradji, S Amara Korba, S Ghemid, F El Haj Hassan","The structural, electronic thermodynamic and thermal properties of BaxSr1-xTe ternary mixed crystals have been studied using the ab initio full-potential linearized augmented plane wave (FP-LAPW) method within density functional theory (DFT). In this approach, the Perdew–Burke–Ernzerhof-generalized gradient approximation (PBE-GGA) was used for the exchange-correlation potential. Moreover, the recently proposed modified Becke Johnson (mBJ) potential approximation, which successfully corrects the band-gap problem was also used for band structure calculations. The ground-state properties are determined for the cubic bulk materials BaTe, SrTe and their mixed crystals at various concentrations (x = 0.25, 0.5 and 0.75). The effect of composition on lattice constant, bulk modulus and band gap was analyzed. Deviation of the lattice constant from Vegard's law and the bulk modulus from linear concentration …",Unclassified,0.0
,,"Theoretical investigations on KClxBr1− x, KClxI1− x and KBrxI1− x: A first-principles study
B Amrani, A Kazempoor, S Khosravizadeh… - Physica B: Condensed Matter, 2008
Cited by 2 Related articles All 5 versions",2008/8/1,403.0,,,,,2773-2779,"Condensed matter, Computational physics, Semicondactors",Cited by 2,Fouad El Haj Hassan,,,"Theoretical investigations on KClxBr1− x, KClxI1− x and KBrxI1− x: A first-principles study",,Physica B: Condensed Matter,,https://scholar.google.com/citations?view_op=view_citation&hl=en&user=ubgOmIAAAAAJ&cstart=100&pagesize=100&citation_for_view=ubgOmIAAAAAJ:vV6vV6tmYwMC,17,North-Holland,"B Amrani, A Kazempoor, Sh Khosravizadeh, F El Haj Hassan, H Akbarzadeh","Using first-principles total energy calculations within the full-potential linearized augmented plane wave (FP-LAPW) method, we have investigated the structural, electronic and thermodynamic properties of potassium halides (KClxBr1−x, KClxI1−x and KBrxI1−x), with x concentrations varying from 0% up to 100%. The effect of composition on lattice constants, bulk modulus, band gap and dielectric function was investigated. Deviations of the lattice constants from Vegard's law and the bulk modulus from linear concentration dependence (LCD) were observed for the three alloys. The microscopic origins of the gap bowing were explained by using the approach of Zunger and coworkers. On the other hand, the thermodynamic stability of these alloys was investigated by calculating the excess enthalpy of mixing ΔHm as well as the phase diagram.",Unclassified,0.0
,,"Thermal properties of In2O3 and α-Ga2S3 compounds
F Safieddine, FEH Hassan, M Kazan - Solid State Communications, 2024
Cited by 1 Related articles All 2 versions",2024/11/1,391.0,,,,,115629,"Condensed matter, Computational physics, Semicondactors",Cited by 1,Fouad El Haj Hassan,,,Thermal properties of In2O3 and α-Ga2S3 compounds,,Solid State Communications,,https://scholar.google.com/citations?view_op=view_citation&hl=en&user=ubgOmIAAAAAJ&cstart=100&pagesize=100&citation_for_view=ubgOmIAAAAAJ:ML0RJ9NH7IQC,,Pergamon,"Fatima Safieddine, Fouad El Haj Hassan, Michel Kazan","We investigate the thermal conductivity of In₂O₃ and α-Ga₂S₃ lattices using simulations based on the Boltzmann phonon transport equation (BTE) and first-principles calculations. The study employs a real-space finite displacement method to determine the second- and third-order interatomic force constants (IFCs), which are critical for solving the BTE iteratively. Our findings indicate that In₂O₃ and α-Ga₂S₃ exhibit relatively low thermal conductivities compared to other wide-bandgap semiconductors. At room temperature (300 K), the calculated isotropic thermal conductivity of cubic In₂O₃ is 16.2 Wm−1K⁻1. For monoclinic α-Ga₂S₃, the three principal components of thermal conductivity are 17.0, 20.7, and 15.2 W m⁻1 K⁻1, depending on the crystallographic direction. This low thermal conductivity is primarily attributed to significant phonon scattering via three-phonon processes. Furthermore, we estimate …",Unclassified,0.0
,,"Ab initio study of the fundamental properties of Zn _ 1-x TM _ x Se Zn 1-x TM x Se (TM== Mn, Co and Fe)
F Soltani, H Baaziz, Z Charifi, FEH Hassan, B Hamad - Pramana, 2019
Cited by 1 Related articles All 5 versions",2019/8,93.0,https://www.ias.ac.in/article/fulltext/pram/093/02/0018,,,,1-15,"Condensed matter, Computational physics, Semicondactors",Cited by 1,Fouad El Haj Hassan,,,"Ab initio study of the fundamental properties of (TMMn, Co and Fe)",,Pramana,,https://scholar.google.com/citations?view_op=view_citation&hl=en&user=ubgOmIAAAAAJ&cstart=100&pagesize=100&citation_for_view=ubgOmIAAAAAJ:LjlpjdlvIbIC,,Springer India,"F Soltani, H Baaziz, Z Charifi, F El Haj Hassan, B Hamad","The structural, electronic, magnetic, thermal and elastic properties of ZnTMSe (TM Mn, Co and Fe) ternary alloys are investigated at x = 0, 0.25, 0.50, 0.75 and 1.00 in the zincblende (B3) phase. The calculations are performed using all-electron full-potential linearised augmented plane-wave (FP-LAPW) method within the framework of the density functional theory (DFT) and the generalised gradient approximation (GGA). The electronic and magnetic properties were performed using the modified Becke–Johnson potential combined with the GGA correlation (mBJ-GGA). The electronic structures are found to exhibit a semiconducting behaviour for ZnMnSe and ZnCoSe and a half-metallic behaviour for ZnFeSe alloys at all concentrations, while CoSe with is found to exhibit a metallic behaviour. The calculated magnetic moment per substituted transition metal (TM) Mn, Co and Fe atoms for …",Unclassified,0.0
,,"General electronic theory
FEH Hassan - Electronic and vibrational theory of crystals, 2015
Cited by 1 Related articles",2015,,https://www.researchgate.net/profile/F-El-Haj-Hassan/publication/269635498_General_electronic_theory/links/5491118e0cf2d1800d87c761/General-electronic-theory.pdf,,,,,"Condensed matter, Computational physics, Semicondactors",Cited by 1,Fouad El Haj Hassan,,,General electronic theory,,Electronic and vibrational theory of crystals,,https://scholar.google.com/citations?view_op=view_citation&hl=en&user=ubgOmIAAAAAJ&cstart=100&pagesize=100&citation_for_view=ubgOmIAAAAAJ:8AbLer7MMksC,,,Fouad El Haj Hassan,"Vnn, Vne, Vee have comparables values, because the distances ne, nn et ee are comparables. It is sure that the attractive term Vne is the biggest one due to the crystalline cohesion, but we are not able to neglect any of the three potential terms.",Unclassified,0.0
,,"Modulating phonon-electron Fano resonance in Si nanoparticles through laser exposure and properties of surrounding nanoparticles
N Barakat, FEH Hassan, M Kazan - Journal of Physics and Chemistry of Solids, 2025
Related articles",2025/7/1,202.0,https://papers.ssrn.com/sol3/Delivery.cfm?abstractid=5095559,,,,112700,"Condensed matter, Computational physics, Semicondactors",,Fouad El Haj Hassan,,,Modulating phonon-electron Fano resonance in Si nanoparticles through laser exposure and properties of surrounding nanoparticles,,Journal of Physics and Chemistry of Solids,,https://scholar.google.com/citations?view_op=view_citation&hl=en&user=ubgOmIAAAAAJ&cstart=100&pagesize=100&citation_for_view=ubgOmIAAAAAJ:EYYDruWGBe4C,,Pergamon,"Nourhan Barakat, Fouad El Haj Hassan, Michel Kazan","This study presents scalable and cost-effective methods for precisely modulating the phonon-electron Fano resonance in silicon (Si) nanoparticles, with potential applications in sensing, quantum technologies, and energy devices. Beyond conventional approaches reliant on laser intensity, we demonstrate that the Fano resonance can be enhanced by prolonged laser exposure, which increases electronic transitions to energy levels induced by band-edge disorder, and by strong electromagnetic field confinement achieved through multiple light scattering by non-absorbing surrounding particles. Conversely, the Fano resonance strength can be attenuated by introducing anharmonic decay channels for Si optical phonons, driven by anharmonic interactions between Si phonons and phonons of surrounding nanoparticles. These interactions disrupt the coherence essential for a strong Fano resonance, providing a …",Unclassified,0.0
,,"Modification of the Acoustic Mismatch Model and Diffuse Mismatch Model for Accurate Prediction of Interface Thermal Conductance at Low Temperatures
N Barakat, FEH Hassan, M Kazan - ASME Journal of Heat and Mass Transfer, 2024
Related articles",2024/4/1,146.0,,,,,,"Condensed matter, Computational physics, Semicondactors",,Fouad El Haj Hassan,,,Modification of the Acoustic Mismatch Model and Diffuse Mismatch Model for Accurate Prediction of Interface Thermal Conductance at Low Temperatures,,ASME Journal of Heat and Mass Transfer,,https://scholar.google.com/citations?view_op=view_citation&hl=en&user=ubgOmIAAAAAJ&cstart=100&pagesize=100&citation_for_view=ubgOmIAAAAAJ:URolC5Kub84C,4,American Society of Mechanical Engineers Digital Collection,"Nourhan Barakat, Fouad El Haj Hassan, Michel Kazan","Houston's method for summing phonon modes in the Brillouin zone is applied to exclude specular transmission of phonon modes of specific symmetries, thus, modifying the Acoustic Mismatch Model when phonon heat flux is incident from a heavier to a lighter medium. The Houston method is also used to impose conservation of the number of phonons in each direction of high-symmetry, thus modifying the detailed balance theorem and the Diffuse Mismatch Model. Based on the assumption that phonons are in equilibrium at the interface and are transmitted specularly or diffusely by two-phonon elastic processes, interpolation between the modified Acoustic Mismatch Model and the modified Diffuse Mismatch Model has led to a general analytical formalism for low-temperature interface thermal conductance. The Debye temperature, the only parameter in the derived formalism, is expressed as a function of …",Unclassified,0.0
,,"Electrical conductivity and impedance calculated beyond τ-approximation
F Maallawi, F El Haj Hassan - Indian Journal of Physics, 2021
Related articles All 3 versions",2021/3,95.0,,,,,433-437,"Condensed matter, Computational physics, Semicondactors",,Fouad El Haj Hassan,,,Electrical conductivity and impedance calculated beyond τ-approximation,,Indian Journal of Physics,,https://scholar.google.com/citations?view_op=view_citation&hl=en&user=ubgOmIAAAAAJ&cstart=100&pagesize=100&citation_for_view=ubgOmIAAAAAJ:kzcrU_BdoSEC,,Springer India,"Farraj Maallawi, Fouad El Haj Hassan","In the present work, we include the electrons that penetrate the skin layer by seeing their effects on electrical conductivity and metal impedance in both cases of normal and anomalous skin effects. The τ-approximation is used in order to derive new formulas for the electrical conductivity and surface impedance of the normal metal based on the new form of Boltzmann’s kinetic equation.",Unclassified,0.0
,,"ab-initio investigations of electronic and magnetic properties of the tetragonal chalcopyrite BeTiTe2 compound: DFT+ U study
MEA Monir, FEH Hassan, A Bahnes, H Baltach… - Philosophical Magazine, 2019
Related articles All 6 versions",2019/9/2,99.0,https://www.researchgate.net/profile/Bendoukha-Abdelkarim-Reguig-2/publication/332407919_ab-initio_investigations_of_electronic_and_magnetic_properties_of_the_tetragonal_chalcopyrite_BeTiTe2_compound_DFTU_study/links/5cbcc94a92851c8d22fc2a2d/ab-initio-investigations-of-electronic-and-magnetic-properties-of-the-tetragonal-chalcopyrite-BeTiTe2-compound-DFT-U-study.pdf,,,,2185-2197,"Condensed matter, Computational physics, Semicondactors",,Fouad El Haj Hassan,,,ab-initio investigations of electronic and magnetic properties of the tetragonal chalcopyrite BeTiTe2 compound: DFT + U study,,Philosophical Magazine,,https://scholar.google.com/citations?view_op=view_citation&hl=en&user=ubgOmIAAAAAJ&cstart=100&pagesize=100&citation_for_view=ubgOmIAAAAAJ:WqliGbK-hY8C,17,Taylor & Francis,"Mohammed El Amine Monir, Fouad El Haj Hassan, Aicha Bahnes, Hadj Baltach, Abdelkarim Bendoukha Reguig","The spin-polarised structural, electronic, and magnetic properties of the chalcopyrite BeTiTe2 compound in tetragonal structure (Be0.50Ti0.50Te) have been studied by employing first-principles full-potential linearised augmented plane wave plus local orbitals (FP-L/APW + lo) method within the density functional theory (DFT) and implemented in WIEN2k code. The exchange and correlation energy are described in two frameworks of GGA (generalised gradient approximation) and GGA + U (U is the Hubbard term). The structural analysis confirms that the ferromagnetic phase of the tetragonal BeTiTe2 compound (Be0.50Ti0.50Te) is energetically more favourable; also different equilibrium lattice parameters, such as lattice constants (a0 and c0), bulk modulus (B0), and its first-pressure derivative (Bʹ) have been evaluated in both paramagnetic and ferromagnetic phases. The electronic results of the tetragonal …",Unclassified,0.0
,,"Structure and Electronic Properties of InSe and GaSe Polytypes
M Badawi, A Postnikov, J Srour, F El Haj Hassan - APS March Meeting Abstracts, 2019
Related articles All 2 versions",2019,2019.0,,,,,A33. 014,"Condensed matter, Computational physics, Semicondactors",,Fouad El Haj Hassan,,,Structure and Electronic Properties of InSe and GaSe Polytypes,,APS March Meeting Abstracts,,https://scholar.google.com/citations?view_op=view_citation&hl=en&user=ubgOmIAAAAAJ&cstart=100&pagesize=100&citation_for_view=ubgOmIAAAAAJ:AXPGKjj_ei8C,,,"Michael Badawi, Andrei Postnikov, Juliana Srour, Fouad El Haj Hassan","Equilibrium crystal structures, electron band dispersions, and bandgap values of layered GaSe and InSe semiconductors, each being represented by four polytypes, have been investigated within the density functional theory. Several dispersion correction methods to the DFT, from empirical Grimme corrections to many-body dispersion schemes, have been assessed in comparison with experimental cell parameters. Due to the high technical accuracy achieved, nearly degenerate energy-volume curves of different polytypes are resolved, and the conclusions concerning the relative stability of competing polytypes drawn. The band structures are inspected using the modified Becke-Johnson (mBJ) scheme and hybrid HSE06 functional. Both methods nicely agree with the experimental results and with state-of-the-art GW calculations. Some discrepancies are identified in cases of close competition between the direct …",Unclassified,0.0
,,"First-Principle Calculations of Fundamental Properties of AgGaTe2, AgInTe2 and Their Mixed Crystals AgIn1–x Ga x Te2
H Bendjeddou, A Gasmi, F Semari, H Meradji… - Journal of Nanoelectronics and Optoelectronics, 2018
Related articles",2018/8/1,13.0,,,,,1214-1221,"Condensed matter, Computational physics, Semicondactors",,Fouad El Haj Hassan,,,"First-Principle Calculations of Fundamental Properties of AgGaTe2, AgInTe2 and Their Mixed Crystals AgIn1–x Ga x Te2",,Journal of Nanoelectronics and Optoelectronics,,https://scholar.google.com/citations?view_op=view_citation&hl=en&user=ubgOmIAAAAAJ&cstart=100&pagesize=100&citation_for_view=ubgOmIAAAAAJ:5ugPr518TE4C,8,American Scientific Publishers,"H Bendjeddou, A Gasmi, F Semari, H Meradji, S Ghemid, F Hassan, XT Wang, R Khenata","In this work, we studied the structural, electronic, elastic and thermodynamic properties of the ternary AgGaTe2 and AgInTe2 chalcopyrite semiconductors and their mixed crystals AgIn1 –x Ga x Te2 using the full-potential linearized augmented plane wave (FP-LAPW) method within density functional theory (DFT). The optimized equilibrium structural parameters (a, c and u) are in good agreement with the experimental and theoretical results obtained by other researchers. The electronic-structure calculations show that the ternary compounds are direct band gap semiconductors. We modeled the AgIn1 –x Ga x Te2 alloys at some selected compositions with ordered structures described in terms of periodically repeated supercells. The effects of the composition (x) on lattice parameters, bulk moduli and band gaps were investigated. Furthermore, the thermodynamic stability of these alloys was investigated by …",Unclassified,0.0
,,"Structural, electronic and thermodynamic properties of SrxCa1‐xS: A first‐principles study
S Labidi, M Boudjendlia, M Labidi, J Zeroual… - physica status solidi (c), 2016
Related articles All 2 versions",2016/7,13.0,https://onlinelibrary.wiley.com/doi/pdf/10.1002/pssc.201510247,,,,629-634,"Condensed matter, Computational physics, Semicondactors",,Fouad El Haj Hassan,,,"Structural, electronic and thermodynamic properties of SrxCa1‐xS: A first‐principles study",,physica status solidi (c),,https://scholar.google.com/citations?view_op=view_citation&hl=en&user=ubgOmIAAAAAJ&cstart=100&pagesize=100&citation_for_view=ubgOmIAAAAAJ:K3LRdlH-MEoC,7‐9,WILEY‐VCH Verlag,"S Labidi, M Boudjendlia, M Labidi, J Zeroual, R Bensalem, F El Haj Hassan","The principal purpose of this work is to further the understanding of the structural, electronic, and thermodynamic properties of the SrxCa1–xS alloys (0≤x ≤1) in Rock‐salt phase using the full potential augmented plane wave (FP‐LAPW) method within density functional theory. The exchange‐correlation potential for structural properties was calculated by the standard local density approximation (LDA) and GGA (PBE) and the new form of GGA (WC) which is an improved form of the most popular Perdew‐Burke‐Ernzerhof (PBE), while for electronic properties, the alternative form of GGA modified by Becke‐Johnson exchange correlation potential (MBJ) was also applied. It is shown that investigation on the effect of composition on lattice constant, bulk modulus, and band gap for ternary alloys shows almost nonlinear dependence on the composition. On the other hand, the thermodynamic stability of these alloys was …",Unclassified,0.0
,,"Magnetic ordering and electronic structure of the ternary iron arsenide BaFe 2 As 2
RZ El-Kelma, L Beldi, F El Haj Hassan, G Murtaza… - International Journal of Modern Physics B, 2015
Related articles All 5 versions",2015/9/20,29.0,https://staff.najah.edu/media/sites/default/files/Magnetic_Ordering_and_Electronic_Structure_of_the_Ternary_Iron_Arsenide_BaFe2As2.pdf,,,,1550182,"Condensed matter, Computational physics, Semicondactors",,Fouad El Haj Hassan,,,Magnetic ordering and electronic structure of the ternary iron arsenide BaFe 2 As 2,,International Journal of Modern Physics B,,https://scholar.google.com/citations?view_op=view_citation&hl=en&user=ubgOmIAAAAAJ&cstart=100&pagesize=100&citation_for_view=ubgOmIAAAAAJ:KxtntwgDAa4C,23,World Scientific Publishing Company,"R Zine El-Kelma, L Beldi, F El Haj Hassan, G Murtaza, R Khenata, MS Abu-Jafar, S Bin Omran, B Bouhafs","In this paper, we report structural parameters, magnetic ordering and the electronic structure of the tetragonal and orthorhombic ternary iron arsenide compound . Ab initio calculations are performed by the means of full-potential linearized augmented plane waves plus local orbitals method for both spin states. The local spin density plus Hubbard potential () and generalized gradient plus Hubbard potential () approximations are used to treat the exchange and correlation potentials. The results mainly show that orthorhombic compound has an antiferromagnetic spin ordering. Both spin-up and spin-down polarizations are considered to investigate the band structure, density of states and electron charge density. High density of states population at the Fermi level reveals metallic character of this material. The magnetism property arises essentially from the orbital of iron atom.",Unclassified,0.0
,,"Vibrations of lattice
FEH Hassan - 2014
Related articles",2014,,https://www.researchgate.net/profile/F-El-Haj-Hassan/publication/269635663_Vibrations_of_lattice/links/549112b10cf2d1800d87c76b/Vibrations-of-lattice.pdf,,,,,"Condensed matter, Computational physics, Semicondactors",,Fouad El Haj Hassan,,,Vibrations of lattice,,,,https://scholar.google.com/citations?view_op=view_citation&hl=en&user=ubgOmIAAAAAJ&cstart=100&pagesize=100&citation_for_view=ubgOmIAAAAAJ:fQNAKQ3IYiAC,,,Fouad El Haj Hassan,"The study of the vibrations of a diatomic linear chain is an interesting study of vibrations in polyatomic dimensional crystal. It allows identifying the essential points: the existence of acoustic branches ( 0→ ω for 0→ k) and optical branches ( 0≠ ω for 0= k), and the shape of the dispersion relations)(k ω for these two types of branches in the first Brillouin zone.
First, we take a purely classical study of the vibrations of the diatomic chain. We introduce the normal coordinate system and the dynamic matrix of the chain, which enable a simple mathematical expression (diagonal) for the kinetic energy and vibrational potential energy. We will see that we can bring the system to a collection of independent oscillators in the harmonic approximation. This is an effective way to do the quantum study and introduce the concept of phonon.",Unclassified,0.0
,,,2014,2.0,,,,,30,"Condensed matter, Computational physics, Semicondactors",,Fouad El Haj Hassan,,,Density functional study of TiN compound: mechanical and thermal properties,,IPASJ Int. J. Information Technol.,,https://scholar.google.com/citations?view_op=view_citation&hl=en&user=ubgOmIAAAAAJ&cstart=100&pagesize=100&citation_for_view=ubgOmIAAAAAJ:cFHS6HbyZ2cC,,,"and F. El Haj Hassan B. Al Shafaay, S. Mahmoud, A. M. Al Saeedi",,Unclassified,0.0
,,"Theoretical prediction of structural, electronic and optical properties of quaternary alloy Zn {sub 1-x} Be {sub x} S {sub y} Se {sub 1-y}
E El Haj Hassan F - Chinese Physics. B, 2012
Related articles",2012/3/15,21.0,,,,,,"Condensed matter, Computational physics, Semicondactors",,Fouad El Haj Hassan,,,"Theoretical prediction of structural, electronic and optical properties of quaternary alloy Zn {sub 1-x} Be {sub x} S {sub y} Se {sub 1-y}",,Chinese Physics. B,,https://scholar.google.com/citations?view_op=view_citation&hl=en&user=ubgOmIAAAAAJ&cstart=100&pagesize=100&citation_for_view=ubgOmIAAAAAJ:z_wVstp3MssC,,,E El Haj Hassan F,"Within density functional theory based on the full potential-linearized augmented plane wave method, we carry out the first-principles calculation of the structural, electronic, and optical properties of the zinc blende quaternary alloy Zn{sub 1-x}Be{sub x}S{sub y}Se{sub 1-y}. The Perdew-Burke-Ernzerhof generalized gradient approximation based on the optimization of total energy and the Engel-Vosko generalized gradient approximation based on the optimization of the corresponding potential are used. Our investigation on the effect of the composition on lattice constants, bulk modulus, band gap, optical dielectric constant, and refractive index shows a non-linear dependence. The energy gap E{sub g}(x, y) has been determined over the entire compositions x and y. In addition, the energy band gap of the technologically important quaternary alloy Zn{sub 1-x}Be{sub x}S{sub y}Se{sub 1-y} in conditions of being lattice matched to ZnS substrate has been investigated. It is noteworthy that the present work is the first theoretical study of the quaternary alloy of interest. (condensed matter: structural, mechanical, and thermal properties)",condensed matter,0.608
,,"Ab initio study of the structural, electronic and thermodynamic properties of PbSe {sub 1-x} S {sub x}, PbSe {sub 1-x} Te {sub x} and PbS {sub 1-x} Te {sub x} ternary alloys
N Boukhris, H Meradji, S Ghemid, S Drablia… - Physica Scripta (Online), 2011
Related articles",2011/6/1,83.0,,,,,,"Condensed matter, Computational physics, Semicondactors",,Fouad El Haj Hassan,,,"Ab initio study of the structural, electronic and thermodynamic properties of PbSe {sub 1-x} S {sub x}, PbSe {sub 1-x} Te {sub x} and PbS {sub 1-x} Te {sub x} ternary alloys",,Physica Scripta (Online),,https://scholar.google.com/citations?view_op=view_citation&hl=en&user=ubgOmIAAAAAJ&cstart=100&pagesize=100&citation_for_view=ubgOmIAAAAAJ:VLnqNzywnoUC,,,"N Boukhris, H Meradji, S Ghemid, S Drablia, F El Haj Hassan","The structural, electronic and thermodynamic properties of PbSe{sub 1-x}S{sub x}, PbSe{sub 1-x}Te{sub x} and PbS{sub 1-x}Te{sub x} ternary alloys have been calculated using the full-potential linearized-augmented plane wave method. The exchange and correlation potential is treated by the generalized gradient approximation (GGA) using the Perdew-Burke-Ernzerhof parameterization. Moreover, the Engel-Vosko GGA formalism is also applied to optimize the corresponding potential for band structure calculations. A nonlinear dependence of the effect of the concentration (x) on the lattice constants, bulk modulus and band gaps is found. The microscopic origins of the band gap bowing parameter have been discussed. Moreover, the thermodynamic stability of the studied alloys is investigated by means of the miscibility critical temperature.",Unclassified,0.0
,,"Pressure-induced phonon-freezing in the ZnBeSe alloy: a study via the percolation mesoscope
GK Pradhan, C Narayana, A Breidi, J Souhabi… - arXiv preprint arXiv:0910.5175, 2009
Related articles All 5 versions",2009/10/27,,https://arxiv.org/pdf/0910.5175,,,,,"Condensed matter, Computational physics, Semicondactors",,Fouad El Haj Hassan,,,Pressure-induced phonon-freezing in the ZnBeSe alloy: a study via the percolation mesoscope,,arXiv preprint arXiv:0910.5175,,https://scholar.google.com/citations?view_op=view_citation&hl=en&user=ubgOmIAAAAAJ&cstart=100&pagesize=100&citation_for_view=ubgOmIAAAAAJ:9vf0nzSNQJEC,,,"Gopal K Pradhan, Chandrabhas Narayana, Abedalhasan Breidi, Jihane Souhabi, Andrei Viktor Postnikov, Fouad El Haj Hassan, Sudip K Deb, Franciszek Firszt, Wojtek Paszkowicz, Abhay Shukla","We use the 1-bond -> 2-phonon percolation doublet of zincblende alloys as a mesoscope for an unusual insight into their phonon behavior under pressure. We focus on (Zn,Be)Se and show by Raman scattering that the original Be-Se doublet at ambient pressure, of the stretching-bending type, turns into a pure-bending singlet at the approach of the high-pressure ZnSe-like rocksalt phase, an unnatural one for the Be-Se bonds. The freezing of the Be-Se stretching mode is discussed within the scope of the percolation model (mesoscopic scale), with ab initio calculations in support (microscopic scale).",Unclassified,0.0
,,"First principle calculations of structural, electronic, thermodynamic and optical properties of Pb {sub 1-x} Ca {sub x} S, Pb {sub 1-x} Ca {sub x} Se and Pb {sub 1-x} Ca {sub x} Te ternary alloys
C Sifi, M Slimani, EB Hanneche, H Meradji, S Labidi… - Journal of Physics. Condensed Matter, 2009
Related articles",2009/5/13,21.0,https://www.osti.gov/etdeweb/biblio/21278215,,,,,"Condensed matter, Computational physics, Semicondactors",,Fouad El Haj Hassan,,,"First principle calculations of structural, electronic, thermodynamic and optical properties of Pb {sub 1-x} Ca {sub x} S, Pb {sub 1-x} Ca {sub x} Se and Pb {sub 1-x} Ca {sub x …",,Journal of Physics. Condensed Matter,,https://scholar.google.com/citations?view_op=view_citation&hl=en&user=ubgOmIAAAAAJ&cstart=100&pagesize=100&citation_for_view=ubgOmIAAAAAJ:uJ-U7cs_P_0C,,,"C Sifi, M Slimani, EB Hanneche, H Meradji, S Labidi, S Ghemid, F El Haj Hassan","Using first principles total energy calculations within the full potential linearized augmented plane wave (FP-LAPW) method, we have investigated the structural, electronic, thermodynamic and optical properties of Pb{sub 1-x}Ca{sub x}S, Pb{sub 1-x}Ca{sub x}Se and Pb{sub 1-x}Ca{sub x}Te ternary alloys. The effect of composition on lattice parameter, bulk modulus, band gap, refractive index and dielectric function was investigated. Deviations of the lattice constants from Vegard's law and the bulk modulus from linear concentration dependence were observed for the three alloys. Using the approach of Zunger and co-workers, the microscopic origins of band gap bowing have been detailed and explained. The disorder parameter (gap bowing) was found to be mainly caused by the chemical charge transfer effect. On the other hand, the thermodynamic stability of these alloys was investigated by calculating the excess enthalpy of mixing, {delta}H{sub m}, as well as the phase diagram. It was shown that all of these alloys are stable at low temperature. The calculated refractive indices and optical dielectric constants were found to vary nonlinearly with Ca composition.",Unclassified,0.0
,,"FP-LAPW investigations of SrS {sub 1-x} Se {sub x}, SrS {sub 1-x} Te {sub x} and SrSe {sub 1-x} Te {sub x} ternary alloys
S Labidi, H Meradji, S Ghemid, M Labidi… - Journal of Physics. Condensed Matter, 2008
Related articles",2008/11/5,20.0,,,,,,"Condensed matter, Computational physics, Semicondactors",,Fouad El Haj Hassan,,,"FP-LAPW investigations of SrS {sub 1-x} Se {sub x}, SrS {sub 1-x} Te {sub x} and SrSe {sub 1-x} Te {sub x} ternary alloys",,Journal of Physics. Condensed Matter,,https://scholar.google.com/citations?view_op=view_citation&hl=en&user=ubgOmIAAAAAJ&cstart=100&pagesize=100&citation_for_view=ubgOmIAAAAAJ:t7zJ5fGR-2UC,,,"S Labidi, H Meradji, S Ghemid, M Labidi, F El Haj Hassan","The ab initio full potential linearized augmented plane wave (FP-LAPW) method within density functional theory (DFT) was applied to study the effect of composition on the structural, electronic, optical and thermodynamic properties of SrS{sub 1-x}Se{sub x}, SrS{sub 1-x}Te{sub x} and SrSe{sub 1-x}Te{sub x} ternary alloys. For exchange-correlation energy and corresponding potential, the generalized gradient approximation (GGA) by Perdew-Burke-Ernzerhof (PBE) and Engel-Vosko (EVGGA) have been used. Deviation of the lattice constants from Vegard's law and the bulk modulus from linear concentration dependence (LCD) were observed for the three alloys. The microscopic origins of the gap bowing were explained by using the approach of Zunger and co-workers. The refractive index and optical dielectric constant for the alloys of interest are calculated by using different models. In addition the thermodynamic stability of the alloys was investigated by calculating the critical temperatures of alloys.",Unclassified,0.0
,,"Theoretical investigations on KCl {sub x} Br {sub 1-x}, KCl {sub x} I {sub 1-x} and KBr {sub x} I {sub 1-x}: A first-principles study
B Amrani, A Kazempoor, S Khosravizadeh… - Physica. B, Condensed Matter, 2008
Related articles",2008/8/1,403.0,,,,,,"Condensed matter, Computational physics, Semicondactors",,Fouad El Haj Hassan,,,"Theoretical investigations on KCl {sub x} Br {sub 1-x}, KCl {sub x} I {sub 1-x} and KBr {sub x} I {sub 1-x}: A first-principles study",,"Physica. B, Condensed Matter",,https://scholar.google.com/citations?view_op=view_citation&hl=en&user=ubgOmIAAAAAJ&cstart=100&pagesize=100&citation_for_view=ubgOmIAAAAAJ:-_dYPAW6P2MC,,,"B Amrani, A Kazempoor, Sh Khosravizadeh, F El Haj Hassan, H Akbarzadeh","Using first-principles total energy calculations within the full-potential linearized augmented plane wave (FP-LAPW) method, we have investigated the structural, electronic and thermodynamic properties of potassium halides (KCl{sub x}Br{sub 1-x}, KCl{sub x}I{sub 1-x} and KBr{sub x}I{sub 1-x}), with x concentrations varying from 0% up to 100%. The effect of composition on lattice constants, bulk modulus, band gap and dielectric function was investigated. Deviations of the lattice constants from Vegard's law and the bulk modulus from linear concentration dependence (LCD) were observed for the three alloys. The microscopic origins of the gap bowing were explained by using the approach of Zunger and coworkers. On the other hand, the thermodynamic stability of these alloys was investigated by calculating the excess enthalpy of mixing {delta}H{sub m} as well as the phase diagram.",Unclassified,0.0
,,"First principles study of structural and electronic properties of Be {sub x} Zn {sub 1-x} S and Be {sub x} Zn {sub 1-x} Te alloys
M Ameri, D Rached, M Rabah, M Doui-Aici… - Physica Status Solidi B (Basic Research), 2008
Related articles",2008/1/15,245.0,,,,,,"Condensed matter, Computational physics, Semicondactors",,Fouad El Haj Hassan,,,First principles study of structural and electronic properties of Be {sub x} Zn {sub 1-x} S and Be {sub x} Zn {sub 1-x} Te alloys,,Physica Status Solidi B (Basic Research),,https://scholar.google.com/citations?view_op=view_citation&hl=en&user=ubgOmIAAAAAJ&cstart=100&pagesize=100&citation_for_view=ubgOmIAAAAAJ:fEOibwPWpKIC,,,"M Ameri, D Rached, M Rabah, M Doui-Aici, F El Haj Hassan, R Khenata","We present the results of first-principles study of the structural and electronic properties of Be{sub x} Zn{sub 1-x}S and Be {sub x} Zn {sub 1-x}Te alloys for different concentrations x. The computational method is based on the full-potential Muffin-Tin orbitals method (FP-LMTO) in the framework of density-functional theory (DFT). The exchange and correlation energy is described in the local density approximation (LDA) using Perdew-Wang parameterization. We have investigated the effect of composition on the ground-state properties, band gap and effective mass. We report the results concerning the variation of the gaps and crossover of the direct, indirect bandgap and the bowing. Using the approach of Zunger and coworkers, the microscopic origins of bandgap bowing have been detailed and explained. A reasonable agreement is found from the comparison of our results with other theoretical calculations. (copyright 2008 WILEY-VCH Verlag GmbH and Co. KGaA, Weinheim) (orig.)",computational physics,0.204
,,"First-principles study of rock-salt AgCl {sub x} Br {sub 1-}{sub x} alloys
B Amrani, F El Haj Hassan, M Zoaeter - Physica. B, Condensed Matter, 2007
Related articles",2007/6/15,396.0,,,,,,"Condensed matter, Computational physics, Semicondactors",,Fouad El Haj Hassan,,,First-principles study of rock-salt AgCl {sub x} Br {sub 1-}{sub x} alloys,,"Physica. B, Condensed Matter",,https://scholar.google.com/citations?view_op=view_citation&hl=en&user=ubgOmIAAAAAJ&cstart=100&pagesize=100&citation_for_view=ubgOmIAAAAAJ:JoZmwDi-zQgC,,,"B Amrani, F El Haj Hassan, M Zoaeter","We present first-principles calculations of the structural, electronic and thermodynamic properties of rock-salt AgCl {sub x} Br{sub 1-} {sub x} alloys by application of the full potential linearized augmented plane wave (FP-LAPW) method. We use both Perdew-Burke-Ernzerhof and Engel-Vosko generalized gradient approximations of the exchange-correlation energy that are based on the optimization of total energy and corresponding potential, respectively. The effect of composition on lattice constants, bulk modulus, cohesive energy, bond ionicity, band gap and effective mass was investigated. These parameters were found to depend nonlinearly on alloy composition x, except the lattice parameter, which follows Vegard's law. The microscopic origins of the gap bowing were explained by using the approach of Zunger and co-workers; we have concluded that the band gap energy bowing was mainly caused by the chemical charge-transfer effect, while the volume deformation and the structural relaxation contribute to the gap bowing parameter at smaller magnitude. On the other hand, the thermodynamic stability of AgCl {sub x} Br{sub 1-} {sub x} was investigated by calculating the excess enthalpy of mixing {delta}H {sub m} as well as the phase diagram.",Unclassified,0.0
,,"First-principles investigation of wide-gap quaternary alloys Zn {sub 1-x} Mg {sub x} S {sub y} Te {sub 1-y}
F El Haj Hassan, H Akbarzadeh - Journal of Alloys and Compounds, 2007
Related articles",2007/5/16,433.0,,,,,,"Condensed matter, Computational physics, Semicondactors",,Fouad El Haj Hassan,,,First-principles investigation of wide-gap quaternary alloys Zn {sub 1-x} Mg {sub x} S {sub y} Te {sub 1-y},,Journal of Alloys and Compounds,,https://scholar.google.com/citations?view_op=view_citation&hl=en&user=ubgOmIAAAAAJ&cstart=100&pagesize=100&citation_for_view=ubgOmIAAAAAJ:_B80troHkn4C,,,"F El Haj Hassan, H Akbarzadeh","We investigate the structural and electronic properties of (Zn, Mg) (S, Te) solid solutions using the full potential-linearized augmented plane wave method within density functional theory. We use the generalized gradient approximation that is based on exchange-correlation energy optimization for calculating the total energy. Moreover, the Engel-Vosko GGA formalism is applied so as to optimize the corresponding potential for band gap calculations. We study the effect of composition on lattice constant, bulk modulus and band gap for pseudobinary as well as for quaternary alloys which showed nonlinear dependence on the composition. The bowing of the fundamental gap versus composition predicted by our calculations is in very good agreement with experiments available for pseudobinary alloys. In addition, the energy band gap of zinc-blende Zn{sub 1-x}Mg {sub x}S {sub y}Te{sub 1-y} quaternary alloys lattice matched to GaAs substrate is investigated. It should be noted that the present work is the first theoretical study of the quaternary alloys of interest.",Unclassified,0.0
,,"FP-LAPW investigations of Zn {sub 1-x} Be {sub x} S, Zn {sub 1-x} Be {sub x} Se and Zn {sub 1-x} Be {sub x} Te ternary alloys
H Baaziz, Z Charifi, F El Haj Hassan, SJ Hashemifar… - Physica Status Solidi B (Basic Research), 2006
Related articles",2006/5/15,243.0,,,,,,"Condensed matter, Computational physics, Semicondactors",,Fouad El Haj Hassan,,,"FP-LAPW investigations of Zn {sub 1-x} Be {sub x} S, Zn {sub 1-x} Be {sub x} Se and Zn {sub 1-x} Be {sub x} Te ternary alloys",,Physica Status Solidi B (Basic Research),,https://scholar.google.com/citations?view_op=view_citation&hl=en&user=ubgOmIAAAAAJ&cstart=100&pagesize=100&citation_for_view=ubgOmIAAAAAJ:V3AGJWp-ZtQC,,,"H Baaziz, Z Charifi, F El Haj Hassan, SJ Hashemifar, H Akbarzadeh","The ab initio full potential linearized augmented plane wave (FP-LAPW) method within density functional theory was applied to study the effect of composition on the structural and electronic properties of Zn{sub 1-x}Be{sub x}S, Zn{sub 1-x}Be{sub x}Se and Zn{sub 1-x}Be{sub x}Te ternary alloys. The effect of composition on lattice parameter, bulk modulus, band gap and effective mass was investigated. Deviations of the lattice constant from Vegard's law and the bulk modulus from linear concentration dependence were observed for all three alloys. It was deduced that increasing the Be composition in the alloys increases the hardness of the materials. In addition, the calculated band structures showed that the band gap undergoes a direct-to-indirect transition at a given concentration. Using the approach of Zunger and co-workers, the microscopic origins of band gap bowing have been explained. The electron (hole) effective masses were also calculated. The band gap and effective mass were found to vary non-linearly with Be composition. (copyright 2006 WILEY-VCH Verlag GmbH and Co. KGaA, Weinheim) (orig.)",Unclassified,0.0
,,"Structural and electronic properties of the wide-gap Zn {sub 1-x} Mg {sub x} S, Zn {sub 1-x} Mg {sub x} Se and Zn {sub 1-x} Mg {sub x} Te ternary alloys
Z Charifi, F Hassan, H Baaziz, S Khosravizadeh… - Journal of Physics. Condensed Matter, 2005
Related articles",2005/11/9,17.0,,,,,,"Condensed matter, Computational physics, Semicondactors",,Fouad El Haj Hassan,,,"Structural and electronic properties of the wide-gap Zn {sub 1-x} Mg {sub x} S, Zn {sub 1-x} Mg {sub x} Se and Zn {sub 1-x} Mg {sub x} Te ternary alloys",,Journal of Physics. Condensed Matter,,https://scholar.google.com/citations?view_op=view_citation&hl=en&user=ubgOmIAAAAAJ&cstart=100&pagesize=100&citation_for_view=ubgOmIAAAAAJ:AvfA0Oy_GE0C,,,"Z Charifi, F Hassan, H Baaziz, Sh Khosravizadeh, SJ Hashemifar, H Akbarzadeh","Zn{sub 1-x}Mg{sub x}S, Zn{sub 1-x}Mg{sub x}Se and Zn{sub 1-x}Mg{sub x}Te ternary wide-gap semiconductor alloys were investigated using the full potential-linearized augmented plane wave (FP-LAPW) method. We have studied the effect of composition on structural properties such as lattice constants, bulk modulus and bond ionicity. The bandgap and the microscopic origins of compositional disorder have also been explained in detail. In addition, from the obtained band structures, the electron (hole) conduction and valence effective masses are deduced. These parameters were found to depend non-linearly on alloy composition x, except the lattice parameter for Zn{sub 1-x}Mg{sub x}S, which follows Vegard's law. The calculated band structures for all three alloys show a direct bandgap in the whole range of x composition. We have paid special attention to the disorder parameter (gap bowing). Using the approach of Zunger and co-workers, we have concluded that the total bandgap energy bowing was mainly caused by the charge exchange effect for the alloys of interest.",Unclassified,0.0
,,"First-principles investigation of BN {sub x} P {sub 1-x}, BN {sub x} As {sub 1-x} and BP {sub x} As {sub 1-x} ternary alloys
F El Haj Hassan, H Akbarzadeh - Materials Science and Engineering. B, Solid-State …, 2005
Related articles",2005/7/25,121.0,,,,,,"Condensed matter, Computational physics, Semicondactors",,Fouad El Haj Hassan,,,"First-principles investigation of BN {sub x} P {sub 1-x}, BN {sub x} As {sub 1-x} and BP {sub x} As {sub 1-x} ternary alloys",,"Materials Science and Engineering. B, Solid-State Materials for Advanced Technology",,https://scholar.google.com/citations?view_op=view_citation&hl=en&user=ubgOmIAAAAAJ&cstart=100&pagesize=100&citation_for_view=ubgOmIAAAAAJ:kRWSkSYxWN8C,,,"F El Haj Hassan, H Akbarzadeh","First-principles calculations have been used to investigate the structural and electronic properties of boron ternary alloys (BN {sub x}P{sub 1-x}, BN {sub x}As{sub 1-x} and BP {sub x}As{sub 1-x}) using full potential-linearized augmented plane wave (FP-LAPW) method within density functional theory (DFT). We investigated the effect of composition on lattice constants, bulk modulus and band gap. A strong deviation of the lattice constants from Vegard's law and the bulk modulus from linear concentration dependence (LCD) were observed for BN {sub x}P{sub 1-x} and BN {sub x}As{sub 1-x} alloys, while in the case of BP {sub x}As{sub 1-x} alloy only a marginal deviation were found for both properties. This is mainly due to the large mismatch of the lattice parameter and bulk modulus of BN with the corresponding values at the other two binary semiconductors. In addition, the microscopic origins of compositional disorder were explained by using the approach of Zunger and co-workers. The disorder parameter (gap bowing) was found to be strong for BN {sub x}P{sub 1-x} and BN {sub x}As{sub 1-x} alloys and was mainly caused by the chemical charge transfer effect. The volume deformation contributions for both alloys were also found to be significant, while the structural relaxation contributions to the gap bowing parameter were relatively ignorable. The gap bowing of BP {sub x}As{sub 1-x} alloy was found to be much smaller than those of the other two alloys. In order to investigate the thermodynamic stability of BN {sub x}P{sub 1-x}, BeN {sub x}As{sub 1-x} and BP {sub x}As{sub 1-x} alloys we first calculated the excess enthalpy of mixing {delta}H {sub …",Unclassified,0.0
,,"Strukturna i elektronska svojstva bbc selena pod visokim tlakom
F Hassan, M Zoaeter, A Hijazi - Fizika A: a journal of experimental and theoretical …, 2005
Related articles",2005/7/3,14.0,,,,,245-254,"Condensed matter, Computational physics, Semicondactors",,Fouad El Haj Hassan,,,Strukturna i elektronska svojstva bbc selena pod visokim tlakom,,Fizika A: a journal of experimental and theoretical physics,,https://scholar.google.com/citations?view_op=view_citation&hl=en&user=ubgOmIAAAAAJ&cstart=100&pagesize=100&citation_for_view=ubgOmIAAAAAJ:vDijr-p_gm4C,3,Hrvatsko fizikalno društvo,"F Hassan, M Zoaeter, A Hijazi","Primjenom metode lineariziranih proširenih ravnih valova s potpunim potencijalom, u okviru teorije funkcionala gustoće, proučavali smo strukturna i elektronska svojstva selena u bcc fazi na visokim tlakovima. Primijenili smo približenje lokalne gustoće sa i bez poopćene gradijentne popravke primjenom optimizacije energije korelacije i izmjene. Odredili smo potpun skup elestičnih konstanti prvog reda koje ranije nisu bile određene ni eksperimentalno ni teorijski. Moduli eleastičnosti pokazuju linearnu ovisnost o tlaku. Na osnovi izračunatih energija mogli smo istražiti više strukturnih svojstava, kao što su parametar rešetke, volumni modul stlačivosti i njegova derivacija po tlaku. Naš izračunat parametar rešetke je u dobrom slaganju s eksperimentalnim rezultatom. Također smo izračunali strukturu elekronskih vrpci i gustoće stanja da bismo ukazali na mogućnost da na visokim tlakovima selen u fazi bcc može postati metal. Nadalje, izračunali smo koeficijent elektronske specifične topline koji se smanjuje s porastom tlaka.",Unclassified,0.0
,,"Theoretical analysis of the structural and electronic properties of bcc tellurium under high pressure
FEH Hassan, M Zoaeter, A Hijazi - Journal de Physique IV (Proceedings), 2005
Related articles All 9 versions",2005/5/1,124.0,https://www.academia.edu/download/45051110/Theoretical_analysis_of_the_structural_a20160424-18672-bg53y1.pdf,,,,221-227,"Condensed matter, Computational physics, Semicondactors",,Fouad El Haj Hassan,,,Theoretical analysis of the structural and electronic properties of bcc tellurium under high pressure,,Journal de Physique IV (Proceedings),,https://scholar.google.com/citations?view_op=view_citation&hl=en&user=ubgOmIAAAAAJ&cstart=100&pagesize=100&citation_for_view=ubgOmIAAAAAJ:YOwf2qJgpHMC,,EDP sciences,"F El Haj Hassan, M Zoaeter, A Hijazi","Using the full potential linearized augmented plane wave (FP-LAPW) method we present the structural and electronic properties of tellurium in the bcc phase high pressures. Apart from the electronic band structure in the bcc phase, the density of states (DOS) and Fermi energies (E ) at various pressures are calculated. The equilibrium lattice constant, the phase transition pressure, the bulk modulus and its pressure derivative were found to be in good agreement with experimental. Further, we have also calculated the electronic specific heat coefficient, which decreases with the increase in pressure.",Unclassified,0.0
,,"First-principles calculations on the origins of the gap bowing in BeS {sub x} Se {sub 1-x}, BeS {sub x} Te {sub 1-x} and BeSe {sub x} Te {sub 1-x} alloys
F El Haj Hassan - Physica Status Solidi B (Basic Research), 2005
Related articles All 2 versions",2005/3/1,242.0,,,,,,"Condensed matter, Computational physics, Semicondactors",,Fouad El Haj Hassan,,,"First-principles calculations on the origins of the gap bowing in BeS {sub x} Se {sub 1-x}, BeS {sub x} Te {sub 1-x} and BeSe {sub x} Te {sub 1-x} alloys",,Physica Status Solidi B (Basic Research),,https://scholar.google.com/citations?view_op=view_citation&hl=en&user=ubgOmIAAAAAJ&cstart=100&pagesize=100&citation_for_view=ubgOmIAAAAAJ:Y5dfb0dijaUC,,,F El Haj Hassan,"First-principles calculations have been used to investigate the electronic structure and disorder effects in beryllium chalcogenides alloys (BeS{sub x}Se{sub 1-x}, BeS{sub x}Te{sub 1-x} and BeSe{sub x}Te{sub 1-x}) using the full potential-linearized augmented-plane wave method (FP-LAPW) within density-functional theory. We used the local-density approximation within the generalized gradient correction as well as the Engel-Vosko GGA formalism to calculate the electronic structure at equilibrium volume. The ground-state properties are determined for the bulk materials (BeS, BeSe, and BeTe) as well as for the average concentration (x = 0.5) of the alloys. Using the approach of Zunger and coworkers, the microscopic origins of compositional disorder have been detailed and explained. The disorder parameter (gap bowing) is found to be mainly caused by the chemical charge-transfer effect, while the volume deformation and the structural relaxation contribute to the gap bowing parameter at smaller magnitude. This should be expected since there is a weak lattice mismatch between the binary compounds and a considerable electronegativity difference between Be and X (X=S,Se,Te) atoms. (copyright 2005 WILEY-VCH Verlag GmbH and Co. KGaA, Weinheim) (orig.)",Unclassified,0.0
,,"Elaboration and characterization of pure tin oxides SnO {sub 2} thin films doped for gas pollutants detection; Elaboration et caracterisation des couches minces d'oxyde d'etain SnO {sub 2} pures et dopees pour la detection des polluants gazeux
A Alaeddine, I Rachidi, F Bahsoun, F El Haj Hassan… - 2004
Related articles",2004/7/1,,,,,,,"Condensed matter, Computational physics, Semicondactors",,Fouad El Haj Hassan,,,Elaboration and characterization of pure tin oxides SnO {sub 2} thin films doped for gas pollutants detection; Elaboration et caracterisation des couches minces d'oxyde d'etain …,,,,https://scholar.google.com/citations?view_op=view_citation&hl=en&user=ubgOmIAAAAAJ&cstart=100&pagesize=100&citation_for_view=ubgOmIAAAAAJ:ye4kPcJQO24C,,,"A Alaeddine, I Rachidi, F Bahsoun, F El Haj Hassan, B Beydoun, M Zoaeter",,Unclassified,0.0
,,"Electronic structure of CuCl x Br, CuCl x I and CuBr x I alloys
FEH Hassan, A Zaoui - Superlattices and Microstructures, 2001
Related articles",2001,30.0,,,,,,"Condensed matter, Computational physics, Semicondactors",,Fouad El Haj Hassan,,,"Electronic structure of CuCl x Br, CuCl x I and CuBr x I alloys",,Superlattices and Microstructures,,https://scholar.google.com/citations?view_op=view_citation&hl=en&user=ubgOmIAAAAAJ&cstart=100&pagesize=100&citation_for_view=ubgOmIAAAAAJ:dTyEYWd-f8wC,2,,"F El Haj Hassan, A Zaoui","In this work, the electronic structure and disorder effects in copper halides alloys are studied by means of the full potential linearized augmented plane wave (FLAPW) method. The calculated bowing parameter shows that the main contribution is due to the relaxation effects, though the charge transfer remains relatively significant, while the volume deformation contribution is negligible. The total bowing is found to be small in the three studied alloys. Results agree well with experimental and available theoretical works. c 2001 Academic Press",Unclassified,0.0
,,"LE GRADE DE DOCTEUR ÈS SCIENCES PHYSIQUES
FELHAJ HASSAN - 2000
Related articles",2000/7/7,,https://www.researchgate.net/profile/F-El-Haj-Hassan/publication/269405625_A_L'UNIVERSITE_DE_METZ_LE_GRADE_DE_DOCTEUR_ES_SCIENCES_PHYSIQUES_Fouad_EL_HAJ_HASSAN_CONTRIBUTION_A_'ETUDE_DES_PROPRIETES_ELECTRONIQUES_ET_STRUCTURALES_DES_COMPOSES_A_BASE_DE_BORE_ET_DE_CUIVRE/links/548ab4f40cf225bf669c9198/A-LUNIVERSITE-DE-METZ-LE-GRADE-DE-DOCTEUR-ES-SCIENCES-PHYSIQUES-Fouad-EL-HAJ-HASSAN-CONTRIBUTION-A-ETUDE-DES-PROPRIETES-ELECTRONIQUES-ET-STRUCTURALES-DES-COMPOSES-A-BASE-DE-BORE-ET-DE-CUIVRE.pdf,,,,,"Condensed matter, Computational physics, Semicondactors",,Fouad El Haj Hassan,,,LE GRADE DE DOCTEUR ÈS SCIENCES PHYSIQUES,"Université de Trieste). i Hugel Examinateur(Professeur, Université de Metz",,,https://scholar.google.com/citations?view_op=view_citation&hl=en&user=ubgOmIAAAAAJ&cstart=100&pagesize=100&citation_for_view=ubgOmIAAAAAJ:Zph67rFs4hoC,,,Fouad EL HAJ HASSAN,"La physique des matériaux joue un rôle de plus en plus important dans les applications technologiques, et ce rôle ne fera que progresser dans beaucoup de domaines.
La compréhension des propriétés électroniques et structurales des métaux, alliages et semiconducteurs repose sur des interprétations cohérentes d'expériences variées. La cohérence de ces interprétations se fonde en dernier ressort sur une représentation correcte de la structure électronique de ces matériaux, dont le cadre général est fourni par la théorie des bandes.",computational physics,0.2
,,"Electronic and structural properties of BN, BP and BAs
F El Haj Hassan, A Zaoui, M Certier, M Zoaeter - 1999
Related articles All 2 versions",1999/7/1,,,,,,,"Condensed matter, Computational physics, Semicondactors",,Fouad El Haj Hassan,,,"Electronic and structural properties of BN, BP and BAs",,,,https://scholar.google.com/citations?view_op=view_citation&hl=en&user=ubgOmIAAAAAJ&cstart=100&pagesize=100&citation_for_view=ubgOmIAAAAAJ:ZHo1McVdvXMC,,,"F El Haj Hassan, A Zaoui, M Certier, M Zoaeter","Full text.We present a full potential linearized augmented plane wave (FPLAPW) study for the structural and electronic properties of zinc-blende BN, BP and BAs. the ground-state properties of these systems such as bulk moduli, lattice constants, cohesive energies and effective mass are established. high pressure structural phase transition to rock salt structure is also determined. Results are in good agreement with experimental and other theoretical works.",Unclassified,0.0
,,"Structural and Electronic Properties of CuInSe
J Srour, FEH Hassan, A Postnikov
Related articles",,,,,,,,"Condensed matter, Computational physics, Semicondactors",,Fouad El Haj Hassan,,,Structural and Electronic Properties of CuInSe,,,,https://scholar.google.com/citations?view_op=view_citation&hl=en&user=ubgOmIAAAAAJ&cstart=100&pagesize=100&citation_for_view=ubgOmIAAAAAJ:LPZeul_q3PIC,,,"J Srour, F El Haj Hassan, A Postnikov","The prototype materials of the family Cu-In/Ga-Se of the chalcopyrite structure are CuInSe2 and CuGaSe2. They are since long under study, by both experimental and theoretical techniques. They are known to possess unique properties in what regards their radiation stability, to the point that the easily created radiation defects do not deteriorate the photovoltaic efficiency. These materials are very prone to build intermediate phases, known as ordered-defect phases, and to create a variety of internal structural defects: vacancies, interstitials, anti-sites. The structural phase diagram in the Cu-In-Se triangle is quite rich. The quality of samples used for experimental studies varies, and the problems of reliable structural identification are common. Through this work we are going to represent the structural and electronic properties of the both crystals using first principle full potential-linearized augmented plane wave (FP-LAPW) plus local orbital method within the density funtional theory (DFT). The structural properties at equilibrium are investegated by using the new form of generalized gradiant approximation (GGA_PBEsol) that are based on the optimization of total energy. For band structure calculations, both GGA and modified Becke-Johnson (mBJ) of the exchange correlation energy and potential, respectively, are used.",Unclassified,0.0
,,"Electronic models
FEH Hassan
Related articles",,,https://www.researchgate.net/profile/F-El-Haj-Hassan/publication/269635604_Electronic_models/links/549112370cf214269f27da12/Electronic-models.pdf,,,,,"Condensed matter, Computational physics, Semicondactors",,Fouad El Haj Hassan,,,Electronic models,,,,https://scholar.google.com/citations?view_op=view_citation&hl=en&user=ubgOmIAAAAAJ&cstart=100&pagesize=100&citation_for_view=ubgOmIAAAAAJ:5Ul4iDaHHb8C,,,Fouad El Haj Hassan,[Electronic and vibrational theory of crystals] Electronic models Page 1 2014 Lebanese University Faculty of sciences I Prof. Fouad El Haj Hassan [Electronic and vibrational theory of crystals] Fascicule 2 Electronic models 1. Free electron model 2. Nearly free electron model 3. Tight-binding model Page 2 1 Electronic models 1. Free electron model............................................................................................................................... 2 1.1. Limit boundary conditions of Sommerfeld ........................................................................................... 2 1.2. Periodic boundary conditions of Born and Van Karman ...................................................................... 4 1.3. Fermi level at zero temperature ............................................................................................................. 5 1.4. Internal energy and specific heat of conduction electrons .................................................................... 8 1.5. Pauli Paramagnetism of conduction electrons..................................................................................... 14 2. …,Unclassified,0.0
,,"Density functional study of TiN compound: mechanical and thermal properties
B Al Shafaay, S Mahmoud, AM Al Saeedi, FEH Hassan
Related articles All 2 versions",,,https://www.researchgate.net/profile/Adnan-Alsaeedi/publication/334710502_Density_functional_study_of_TiN_compound/links/5d3b5d5c92851cd0468a0ab7/Density-functional-study-of-TiN-compound.pdf,,,,,"Condensed matter, Computational physics, Semicondactors",,Fouad El Haj Hassan,,,Density functional study of TiN compound: mechanical and thermal properties,,,,https://scholar.google.com/citations?view_op=view_citation&hl=en&user=ubgOmIAAAAAJ&cstart=100&pagesize=100&citation_for_view=ubgOmIAAAAAJ:fPk4N6BV_jEC,,,"B Al Shafaay, Salman Mahmoud, AM Al Saeedi, F El Haj Hassan","Total-energy calculations of TiN compound using first principle full potential-linearized augmented plane wave (FP-LAPW) plus local orbital method within the density functional theory (DFT). The structural properties at equilibrium are investigated by using the new form of generalized gradient approximations (GGA_PBEsol) that are based on the optimization of total energy. For band structure calculations, both GGA and modified Becke-Johnson (mBJ) of the exchange-correlation energy and potential, respectively, are used. The lattice parameter and mechanical properties of TiN have been determined. We also used a numerical first-principles calculation of the elastic constants to calculate C11, C12 and C44. Besides this, we are presented the thermal effects on some macroscopic properties of this compound using the quasi-harmonic Debye model, in which the lattice vibrations are taken into account. We have obtained successfully the heat capacities, thermal expansion coefficient, Debye temperature and entropy as a function of temperature at equilibrium pressure. The temperature ranges from 0 to 700 K.",Unclassified,0.0
,,"Elaboration and characterization of pure tin oxides SnO 2 thin films doped for gas pollutants detection
A Alaeddine, I Rachidi, F Bahsoun, F El Haj Hassan…
Related articles",,,,,,,,"Condensed matter, Computational physics, Semicondactors",,Fouad El Haj Hassan,,,Elaboration and characterization of pure tin oxides SnO2 thin films doped for gas pollutants detection,,,,https://scholar.google.com/citations?view_op=view_citation&hl=en&user=ubgOmIAAAAAJ&cstart=100&pagesize=100&citation_for_view=ubgOmIAAAAAJ:HoB7MX3m0LUC,,,"A Alaeddine, I Rachidi, F Bahsoun, F El Haj Hassan, B Beydoun, M Zoaeter","Elaboration and characterization of pure tin oxides SnO<sub>2..|INIS IAEA NUCLEUS Sign In Sign In Register Help 50+ years of INIS International Nuclear Information System International Nuclear Information System Home INIS Home Thesaurus Browse Search My Selection Search History Clear All ä Insert Unicode Subscribe Email Search INIS Repository for documents that... Include: Add Another But do not include: Add Another Also Search: العربية 中文 English Français Deutsch 日本語 Русский Español Legend: BT: Broader Term NT: Narrower Term RT: Related Term SF: Seen For SEE: See USE: Use UF: Used For Search the INIS Repository Search Advanced Search Limit to results with full text Select All Expand All Citation Export Print Primary Subject INORGANIC, ORGANIC, PHYSICAL AND ANALYTICAL CHEMISTRY (1) Subject Area Chemistry (1) Record Type Miscellaneous (1) Literature Type …",computational physics,0.2
,,"Theoretical description of the lowest-lying electronic states of LuO
J Assaf, S Magnier, F Taher, FEH Hassan
Related articles",,,,,,,,"Condensed matter, Computational physics, Semicondactors",,Fouad El Haj Hassan,,,Theoretical description of the lowest-lying electronic states of LuO,,,,https://scholar.google.com/citations?view_op=view_citation&hl=en&user=ubgOmIAAAAAJ&cstart=100&pagesize=100&citation_for_view=ubgOmIAAAAAJ:g5m5HwL7SMYC,,,"Joumana Assaf, Sylvie Magnier, Fadia Taher, Fouad El Haj Hassan","Since its detection in the solar spectrum by Den Hartog et al.[1] in 1997 and more recently, in the metal-poor galactic halo stars CS22892-052 [2] and CS31062-050 [3], the spectroscopy of Lutetium diatomic molecules is presently the subject of various experimental and theoretical investigations and the most recent observations concern LuF, LuCL [4] and LuO [5].
Despite its use in the identification of the presence of rare earth oxides in star atmospheres and interstellar medium, spectroscopy of the lutetium monoxide LuO is practically unknown both experimentally and theoretically [6-7]. Rotational spectra of the ground state have been observed for the first time in 2011, through Fourier transform microwave spectroscopy by Cooke et al.[5] and this leads to a precise determination of spectroscopic constants and several hyperfine parameters. In the case of excited states, no data are available in literature and …",Unclassified,0.0
