Book,Conference,Scholar articles,Publication date,Volume,PDF Link,Patent office,Report number,Source,Pages,Research Interests,Total citations,Researcher Name,Inventors,Patent number,Title,Institution,Journal,Application number,Scholar Link,Issue,Publisher,Authors,Description,Classified_Topic,Classification_Confidence
,,"A survey on quadrotors: Configurations, modeling and identification, control, collision avoidance, fault diagnosis and tolerant control
H Shraim, A Awada, R Youness - IEEE Aerospace and Electronic Systems Magazine, 2018
Cited by 194 Related articles All 2 versions",2018/7/9,33.0,,,,IEEE Aerospace and Electronic Systems Magazine,14-33,"Vehicles: Electrical and hybrid vehicles, UAV, UWV",Cited by 194,Hassan Shraim,,,"A survey on quadrotors: Configurations, modeling and identification, control, collision avoidance, fault diagnosis and tolerant control",,,,https://scholar.google.com/citations?view_op=view_citation&hl=en&user=0yU8LsEAAAAJ&citation_for_view=0yU8LsEAAAAJ:vbGhcppDl1QC,7,IEEE,"Hassan Shraim, Ali Awada, Rafic Youness","Unmanned Aerial Vehicles (UAVs) offer a wide range of interesting military and commercial applications at reduced costs. A couple of their more interesting characteristics include: They are capable of hovering and flying at high and low speeds, and they can move in any direction and take off and land vertically. A very promising class of these vehicles comprises small vehicles that can be flown either indoor or outdoor and offer the possibility for near-area surveillance, crop dusting, precision farming [1], microwave autonomous copter systems for geological remote sensing as shown in [2], geographic studies, fire monitoring, security applications, search- and-rescue, and attack and rendezvous [3], [4]. However, challenging requirements in terms of size, weight, and maneuverability for these systems are presented in [5]. A type of aircraft with an important and significant potential is the so-called Quadrotor that is …",vehicles: electrical and hybrid vehicles,0.14
,,"Coordinated control strategies for active steering, differential braking and active suspension for vehicle stability, handling and safety improvement
H Termous, H Shraïm, R Talj, C Francis, A Charara - Vehicle System Dynamics, 2019
Cited by 130 Related articles All 16 versions",2019/10/3,57.0,https://hal.science/hal-01900441/file/VSD-Submitted-Version.pdf,,,,1494-1529,"Vehicles: Electrical and hybrid vehicles, UAV, UWV",Cited by 130,Hassan Shraim,,,"Coordinated control strategies for active steering, differential braking and active suspension for vehicle stability, handling and safety improvement",,Vehicle System Dynamics,,https://scholar.google.com/citations?view_op=view_citation&hl=en&user=0yU8LsEAAAAJ&citation_for_view=0yU8LsEAAAAJ:EYYDruWGBe4C,10,Taylor & Francis,"Hussein Termous, Hassan Shraïm, Reine Talj, Clovis Francis, Ali Charara","In this paper, a coordinated control strategy is proposed to provide an effective improvement in handling stability of the vehicle, safety, and comfortable ride for passengers. This control strategy is based on the coordination among active steering, differential braking, and active suspension systems. Two families of controllers are used for this purpose, which are the high order sliding mode and the backstepping controllers. The control strategy was tested on a full nonlinear vehicle model in the environment of MATLAB/Simulink. Rollover avoidance and yaw stability control constraints have been considered. The control system mainly focuses on yaw stability control. When rollover risk is detected, the proposed strategy controls the roll dynamics to decrease rollover propensity. Simulation results for two different critical driving scenarios, the first one is a double lane change and the other one is a J-turn manoeuvre, show …",vehicles: electrical and hybrid vehicles,0.138
,2015 IEEE international conference on robotics and automation (ICRA),"Fault diagnosis and fault-tolerant control strategy for rotor failure in an octorotor
M Saied, B Lussier, I Fantoni, C Francis, H Shraim… - 2015 IEEE international conference on robotics and …, 2015
Cited by 121 Related articles All 6 versions",2015/5/26,,https://hal.science/hal-01180492/file/ICRA.pdf,,,,5266-5271,"Vehicles: Electrical and hybrid vehicles, UAV, UWV",Cited by 121,Hassan Shraim,,,Fault diagnosis and fault-tolerant control strategy for rotor failure in an octorotor,,,,https://scholar.google.com/citations?view_op=view_citation&hl=en&user=0yU8LsEAAAAJ&citation_for_view=0yU8LsEAAAAJ:nrtMV_XWKgEC,,IEEE,"Majd Saied, Benjamin Lussier, Isabelle Fantoni, Clovis Francis, Hassan Shraim, Guillaume Sanahuja","This paper presents a fault tolerant approach for a coaxial octorotor regarding rotor failures. A complete architecture including error detection, fault isolation and system recovery is presented. The diagnosis system is designed with a nonlinear observer to generate residuals and an inference model to evaluate them and isolate the faulty motor. Once the motor failure is diagnosed, a recovery algorithm is applied. It uses the built-in hardware redundancy of the octorotor and compensates the loss of the failing motor by controlling its dual to keep a stable flight that allows the multirotor to continue its mission. This architecture is validated on real flights.",Unclassified,0.0
,,"Fault diagnosis and fault-tolerant control of an octorotor UAV using motors speeds measurements
M Saied, B Lussier, I Fantoni, H Shraim, C Francis - IFAC-PapersOnLine, 2017
Cited by 77 Related articles All 4 versions",2017/7/1,50.0,https://hal.science/hal-01511825/file/IFAC-WC-2017-Saied.pdf,,,,5263-5268,"Vehicles: Electrical and hybrid vehicles, UAV, UWV",Cited by 77,Hassan Shraim,,,Fault diagnosis and fault-tolerant control of an octorotor UAV using motors speeds measurements,,IFAC-PapersOnLine,,https://scholar.google.com/citations?view_op=view_citation&hl=en&user=0yU8LsEAAAAJ&citation_for_view=0yU8LsEAAAAJ:Z5m8FVwuT1cC,1,Elsevier,"Majd Saied, Benjamin Lussier, Isabelle Fantoni, Hassan Shraim, Clovis Francis","This paper presents an active fault-tolerant control strategy (AFTCS) for an octorotor unmanned aerial vehicle (UAV) regarding several motors failures or rotors damages. A complete AFTC architecture including error detection, fault isolation and system recovery is presented. The diagnosis system is based on the motors speeds and currents measurements. Once the motor failure or the rotor loss is diagnosed, a recovery algorithm is applied. It uses the pseudo-inverse control allocation approach to redistribute the control efforts among the healthy actuators. This architecture is validated in real flights.",uav,0.206
,,"Sliding mode based analysis and identification of vehicle dynamics
H Imine, L Fridman, H Shraim, M Djemai - 2011
Cited by 68 Related articles All 5 versions",2011/7/14,414.0,,,,,,"Vehicles: Electrical and hybrid vehicles, UAV, UWV",Cited by 68,Hassan Shraim,,,Sliding mode based analysis and identification of vehicle dynamics,,,,https://scholar.google.com/citations?view_op=view_citation&hl=en&user=0yU8LsEAAAAJ&citation_for_view=0yU8LsEAAAAJ:IjCSPb-OGe4C,,Springer Science & Business Media,"Hocine Imine, Leonid Fridman, Hassan Shraim, Mohamed Djemai","Vehicles are complex mechanical systems with strong nonlinear characteristics and which can present some uncertainties due to their dynamic parameters such as masses, inertias, suspension springs, tires side slip coefficients, etc. A vehicle is composed of many parts, namely the unsprung mass, the sprung mass, the suspension which makes the link between these two masses and therefore ensures passenger comfort, and also the pneumatic which absorbs the energy coming from the road and ensures contact between the vehicle and the road. In addition to its complexity and the presence of many nonlinearities and uncertainties, the presence of some external perturbations, such as the wind and the road inputs with its own characteristics (radius of curvature, longitudinal and lateral slop, road profile and skid resistance) can cause risks not only to the vehicle but also to passengers and other road users. Many methods have been developed in order to understand the behavior of a vehicle (light and heavy vehicle), control it and assist the driver in order to avoid possible lane departures, rollover or jackknifing risks, to ensure a better passenger comfort by means of a suspension control and/or to estimate a safety speed and trajectory.",vehicles: electrical and hybrid vehicles,0.14
,Proceedings of the 45th IEEE Conference on Decision and Control,"Sliding mode observers for the estimation of vehicle parameters, forces and states of the center of gravity
H Shraim, B Ananou, L Fridman, H Noura, M Ouladsine - Proceedings of the 45th IEEE Conference on Decision …, 2006
Cited by 60 Related articles All 5 versions",2006/12/13,,https://citeseerx.ist.psu.edu/document?repid=rep1&type=pdf&doi=1c917a3aa3fca907c934a473c6d1d95483e1eaae,,,,1635-1640,"Vehicles: Electrical and hybrid vehicles, UAV, UWV",Cited by 60,Hassan Shraim,,,"Sliding mode observers for the estimation of vehicle parameters, forces and states of the center of gravity",,,,https://scholar.google.com/citations?view_op=view_citation&hl=en&user=0yU8LsEAAAAJ&citation_for_view=0yU8LsEAAAAJ:u5HHmVD_uO8C,,IEEE,"Hassan Shraim, Bouchra Ananou, Leonid Fridman, Hassan Noura, Mustapha Ouladsine","In this paper, sliding mode (SM) observers are proposed to replace expensive sensors used for the measurement of tires forces, vehicle side slip angle and vehicle velocity. These estimations are done for two important purposes: The first is for the estimation of the forces and parameters needed for vehicle control, while the second is for the diagnosis preview based on the safety region for each parameter and state. For that purpose, the model of the vehicle is divided in two parts, in the first, the dynamical equations of the wheels are used to estimate their longitudinal forces and angular velocities. The estimations of the longitudinal forces are realized using a second order SM observer based on a super-twisting algorithm. In the second part, the estimated longitudinal forces are injected in the reduced state space equations representing the vehicle, which are the equations of side slip angle, yaw rate and the velocity …",vehicles: electrical and hybrid vehicles,0.138
,,"Oriented review to potential simulator for faults modeling in diesel engine
HM Nahim, R Younes, H Shraim, M Ouladsine - Journal of Marine Science and Technology, 2016
Cited by 42 Related articles All 8 versions",2016/9,21.0,https://www.researchgate.net/profile/Hassan-Moussa-Nahim-2/publication/286934500_Oriented_review_to_potential_simulator_for_faults_modeling_in_diesel_engine/links/57c55a0d08aec585865fe748/Oriented-review-to-potential-simulator-for-faults-modeling-in-diesel-engine.pdf,,,Journal of Marine Science and Technology,533-551,"Vehicles: Electrical and hybrid vehicles, UAV, UWV",Cited by 42,Hassan Shraim,,,Oriented review to potential simulator for faults modeling in diesel engine,,,,https://scholar.google.com/citations?view_op=view_citation&hl=en&user=0yU8LsEAAAAJ&citation_for_view=0yU8LsEAAAAJ:EkHepimYqZsC,,Springer Japan,"Hassan Moussa Nahim, Rafic Younes, Hassan Shraim, Mustapha Ouladsine","This paper presents a literature review on most of the faults and their models that are considered on a diesel engine. Several faults that may be produced on diesel engine have been analyzed, classified, modeled, and their influences on the global system have been shown. Thus, this paper aims to prepare an important data base on diesel engine faults which may help researchers to develop precise strategies on diesel engine fault diagnosis and prognosis, and also it helps in the development of diesel engine simulators aiming to study the behavior of the diesel engine in the presence of faults. Different fault models such as analytical, empirical, degradation models which may be represented as function of time or as function of the number of cycles, data driven models such as neural network models, or simply constant are presented and analyzed. The global overall models for diesel engine integrating …",Unclassified,0.0
,2015 European Control Conference (ECC),"Actuator fault diagnosis in an octorotor UAV using sliding modes technique: Theory and experimentation
M Saied, H Shraim, C Francis, I Fantoni, B Lussier - 2015 European Control Conference (ECC), 2015
Cited by 41 Related articles All 4 versions",2015/7/15,,https://www.academia.edu/download/71923502/Actuator_Fault_Diagnosis_in_an_Octorotor20211008-30959-1qi3fhq.pdf,,,,1639-1644,"Vehicles: Electrical and hybrid vehicles, UAV, UWV",Cited by 41,Hassan Shraim,,,Actuator fault diagnosis in an octorotor UAV using sliding modes technique: Theory and experimentation,,,,https://scholar.google.com/citations?view_op=view_citation&hl=en&user=0yU8LsEAAAAJ&citation_for_view=0yU8LsEAAAAJ:ipzZ9siozwsC,,IEEE,"Majd Saied, Hassan Shraim, Clovis Francis, Isabelle Fantoni, Benjamin Lussier","This paper presents a fault diagnosis strategy for actuators faults in an octorotor unmanned aerial vehicle (UAV) using sliding modes techniques. First, system states are estimated using a second order sliding-mode observer (SOSMO) based on the modified super-twisting algorithm. Second, faults are estimated by considering the system control as an unknown input. After the convergence of the observer, the equivalent output injection is used to estimate the unknown input and thus to identify losses in the actuators. The effectiveness of this approach is illustrated by numerical simulations on Matlab/Simulink, and also a real experimental application on a coaxial octorotor UAV.",uav,0.205
,,"Active versus passive fault-tolerant control of a redundant multirotor UAV
M Saied, B Lussier, I Fantoni, H Shraim, C Francis - The Aeronautical Journal, 2020
Cited by 40 Related articles All 12 versions",2020/3,124.0,https://hal.science/hal-02569240/file/Saied2019-AeronauticalJournal-authorversion.pdf,,,,385-408,"Vehicles: Electrical and hybrid vehicles, UAV, UWV",Cited by 40,Hassan Shraim,,,Active versus passive fault-tolerant control of a redundant multirotor UAV,,The Aeronautical Journal,,https://scholar.google.com/citations?view_op=view_citation&hl=en&user=0yU8LsEAAAAJ&citation_for_view=0yU8LsEAAAAJ:TIZ-Mc8IlK0C,1273,Cambridge University Press,"Majd Saied, Benjamin Lussier, Isabelle Fantoni, Hassan Shraim, Clovis Francis","This paper considers actuator redundancy management for a redundant multirotor Unmanned Aerial Vehicle (UAV) under actuators failures. Different approaches are proposed: using robust control (passive fault tolerance), and reconfigurable control (active fault tolerance). The robust controller is designed using high-order super-twisting sliding mode techniques, and handles the failures without requiring information from a Fault Detection scheme. The Active Fault-Tolerant Control (AFTC) is achieved through redistributing the control signals among the healthy actuators using reconfigurable multiplexing and pseudo-inverse control allocation. The Fault Detection and Isolation problem is also considered by proposing model-based and model-free modules. The proposed techniques are all implemented on a coaxial octorotor UAV. Different experiments with different scenarios were conducted for the validation of the …",uav,0.205
,2015 IEEE/RSJ International Conference on Intelligent Robots and Systems (IROS),"Fault tolerant control for multiple successive failures in an octorotor: Architecture and experiments
M Saied, B Lussier, I Fantoni, C Francis, H Shraim - 2015 IEEE/RSJ International Conference on Intelligent …, 2015
Cited by 39 Related articles All 5 versions",2015/9/28,,https://hal.science/hal-01215427v1/file/IROS.pdf,,,,40-45,"Vehicles: Electrical and hybrid vehicles, UAV, UWV",Cited by 39,Hassan Shraim,,,Fault tolerant control for multiple successive failures in an octorotor: Architecture and experiments,,,,https://scholar.google.com/citations?view_op=view_citation&hl=en&user=0yU8LsEAAAAJ&citation_for_view=0yU8LsEAAAAJ:uc_IGeMz5qoC,,IEEE,"Majd Saied, Benjamin Lussier, Isabelle Fantoni, Clovis Francis, Hassan Shraim","This paper presents a fault tolerant control strategy based on an offline control mixing for an octorotor unmanned aerial vehicle (UAV) regarding several rotor failures. This strategy consists of a set of explicit laws, computed offline, each one dedicated to a fault situation. The corresponding law is selected according to the output of a fault detection and isolation (FDI) module. This module is designed with a non-linear sliding mode observer. The main advantage of this architecture is the deterministic character of the solution, its fast operation and the low computational load. The effectiveness of this approach is illustrated through real experimental application to a coaxial octorotor, where up to four motor failures are considered.",uav,0.205
,,"Vehicle parameter estimation and stability enhancement using sliding modes techniques
H Shraim, M Ouladsine, L Fridman, M Romero - International journal of vehicle design, 2008
Cited by 36 Related articles All 11 versions",2008/1/1,48.0,http://verona.fi-p.unam.mx/~lfridman/publicaciones/papers/ijvd3.pdf,,,,230-254,"Vehicles: Electrical and hybrid vehicles, UAV, UWV",Cited by 36,Hassan Shraim,,,Vehicle parameter estimation and stability enhancement using sliding modes techniques,,International journal of vehicle design,,https://scholar.google.com/citations?view_op=view_citation&hl=en&user=0yU8LsEAAAAJ&citation_for_view=0yU8LsEAAAAJ:9yKSN-GCB0IC,3-4,Inderscience Publishers,"Hassan Shraim, Mustapha Ouladsine, Leonid Fridman, Monica Romero","In this paper, tyres longitudinal forces, vehicle side slip angle and velocity are identified and estimated using sliding modes observers. Longitudinal forces are identified using higher order sliding mode observers. In the estimation of the vehicle side slip angle and vehicle velocity, an observer based on the broken super-twisting algorithm is proposed. Validations with the simulator VE-DYNA pointed out the good performance and the robustness of the proposed observers. After validating these observers, controller design for the braking is accomplished using a reduced state space model representing the movement of the vehicle centre of gravity in the (X, Y) plane. Driver's reactions are taken into account. The performance of the closed loop system is carried out by means of simulation tests.",vehicles: electrical and hybrid vehicles,0.138
,,"Fault-tolerant control of an hexarotor unmanned aerial vehicle applying outdoor tests and experiments
H Mazeh, M Saied, H Shraim, C Francis - IFAC-PapersOnLine, 2018
Cited by 33 Related articles All 3 versions",2018/1/1,51.0,https://www.academia.edu/download/105045429/j.ifacol.2018.11.56020230816-1-yvlbbe.pdf,,,,312-317,"Vehicles: Electrical and hybrid vehicles, UAV, UWV",Cited by 33,Hassan Shraim,,,Fault-tolerant control of an hexarotor unmanned aerial vehicle applying outdoor tests and experiments,,IFAC-PapersOnLine,,https://scholar.google.com/citations?view_op=view_citation&hl=en&user=0yU8LsEAAAAJ&citation_for_view=0yU8LsEAAAAJ:L7CI7m0gUJcC,22,Elsevier,"Hussein Mazeh, Majd Saied, Hassan Shraim, Clovis Francis","This paper presents a fault-tolerant control approach for actuators failures in multirotor Unmanned Aerial Vehicles UAVs. The strategy is applied on an hexarotor UAV. First, the hexarotor model is derived by means of the Newton-Euler formalism. A Controllability study based on the modified Kalman Rank condition is presented in case of one or more failing motors. A control allocation based recovery strategy is applied on the hexarotor when it is controllable. The control allocation problem is stated using a parametric programming formulation and is solved for an explicit solution. Outdoor real-time experimental results demonstrate the effectiveness of the applied strategy.",uav,0.205
,2021 IEEE International Intelligent Transportation Systems Conference (ITSC),"Local trajectory planning for autonomous vehicle with static and dynamic obstacles avoidance
A Said, R Talj, C Francis, H Shraim - 2021 IEEE International Intelligent Transportation …, 2021
Cited by 31 Related articles All 8 versions",2021/9/19,,https://hal.science/hal-03456617/file/ITSC_1904.pdf,,,,410-416,"Vehicles: Electrical and hybrid vehicles, UAV, UWV",Cited by 31,Hassan Shraim,,,Local trajectory planning for autonomous vehicle with static and dynamic obstacles avoidance,,,,https://scholar.google.com/citations?view_op=view_citation&hl=en&user=0yU8LsEAAAAJ&citation_for_view=0yU8LsEAAAAJ:MLfJN-KU85MC,,IEEE,"Abdallah Said, Reine Talj, Clovis Francis, Hassan Shraim","Trajectory planning is one of the most complex tasks that should be accomplished in order to ensure vehicle autonomous driving. Trajectory planning can be classified into local and global planning. The purpose of local trajectory planning is to find the optimal trajectory to follow a global reference trajectory while avoiding obstacles in a smooth and comfortable way, within the constraints of road driving. This paper presents a trajectory planning algorithm that calculates a path according to a set of predefined way-points describing a global map. The predefined way-points provide the basic reference frame of a curvilinear coordinate system to generate candidate paths, which start with a transient phase, followed by a curve parallel to the road. Each candidate path, associated to a desired velocity profile, is evaluated via a cost function against several criteria including passenger's comfort, static and dynamic obstacles …",vehicles: electrical and hybrid vehicles,0.138
,,"Local controllability and attitude stabilization of multirotor UAVs: Validation on a coaxial octorotor
M Saied, H Shraim, B Lussier, I Fantoni, C Francis - Robotics and Autonomous Systems, 2017
Cited by 27 Related articles All 4 versions",2017/5/1,91.0,https://hal.science/hal-01462104/document,,,,128-138,"Vehicles: Electrical and hybrid vehicles, UAV, UWV",Cited by 27,Hassan Shraim,,,Local controllability and attitude stabilization of multirotor UAVs: Validation on a coaxial octorotor,,Robotics and Autonomous Systems,,https://scholar.google.com/citations?view_op=view_citation&hl=en&user=0yU8LsEAAAAJ&citation_for_view=0yU8LsEAAAAJ:BUYA1_V_uYcC,,North-Holland,"Majd Saied, Hassan Shraim, Benjamin Lussier, Isabelle Fantoni, Clovis Francis","This paper addresses the attitude controllability problem for a multirotor unmanned aerial vehicle (UAV) in case of one or several actuators failures. The small time local controllability (STLC) of the system attitude dynamics is analysed using the nonlinear controllability theory with unilateral control inputs. This analysis considers different actuators configurations and compares their fault tolerance capabilities regarding actuators failures. Analytical results are then validated experimentally on a coaxial octorotor. A stabilization control law is applied on the coaxial configuration under one, two, three and four motors failures, when the system is controllable. Real-time experimental results demonstrate the effectiveness of the applied strategy.",uav,0.205
,,"Modeling with fault integration of the cooling and the lubricating systems in marine diesel engine: experimental validation
HM Nahim, R Younes, H Shraim, M Ouladsine - IFAC-PapersOnLine, 2016
Cited by 26 Related articles",2016/1/1,49.0,,,,,570-575,"Vehicles: Electrical and hybrid vehicles, UAV, UWV",Cited by 26,Hassan Shraim,,,Modeling with fault integration of the cooling and the lubricating systems in marine diesel engine: experimental validation,,IFAC-PapersOnLine,,https://scholar.google.com/citations?view_op=view_citation&hl=en&user=0yU8LsEAAAAJ&citation_for_view=0yU8LsEAAAAJ:vDijr-p_gm4C,11,Elsevier,"Hassan Moussa Nahim, Rafic Younes, Hassan Shraim, Mustapha Ouladsine","In this paper, physical models for the cooling and the lubricating systems for marine diesel engine have been developed. The main purpose of this modeling is to integrate some possible faults that may be produced, and then to analyze their effects on the overall marine diesel engine during operation. Faults may appear in the model as the variation of some parameters. The importance of this study is to prepare an important data base for the fault diagnosis and prognosis strategies that may be applied on Diesel engines. Experimentations on Marine Diesel engine test bench have been used for the validation of the proposed model.",Unclassified,0.0
,,"A review on recent development of multirotor UAV fault-tolerant control systems
M Saied, H Shraim, C Francis - IEEE Aerospace and Electronic Systems Magazine, 2023
Cited by 23 Related articles",2023/11/1,39.0,,,,IEEE Aerospace and Electronic Systems Magazine,146-180,"Vehicles: Electrical and hybrid vehicles, UAV, UWV",Cited by 23,Hassan Shraim,,,A review on recent development of multirotor UAV fault-tolerant control systems,,,,https://scholar.google.com/citations?view_op=view_citation&hl=en&user=0yU8LsEAAAAJ&citation_for_view=0yU8LsEAAAAJ:oNZyr7d5Mn4C,9,IEEE,"Majd Saied, Hassan Shraim, Clovis Francis","The past decades have witnessed an increase in the use of multirotor unmanned aerial vehicles (UAVs). This has led the way to the development of fault-tolerant control (FTC) algorithms to service the different applications provided by these UAVs in different situations and circumstances. This tutorial is concerned with theoretical approaches and real practices for fault detection and diagnosis (FDD) and FTC of multirotor UAVs, namely, quadrotors, hexarotors, and octorotors. The topic is addressed by identifying the most significant faults and failures on these vehicles, the different FDD and FTC architectures, as well as the experimental real-time validations available in the published literature. A review of some challenges in the general area of multirotor UAV FTC design is further concluded.",uav,0.205
,,"Direction of arrival estimation for smart antenna in multipath environment using convolutional neural network
Y Harkouss, H Shraim, H Bazzi - International Journal of RF and Microwave Computer …, 2018
Cited by 23 Related articles All 2 versions",2018/8,28.0,,,,,e21282,"Vehicles: Electrical and hybrid vehicles, UAV, UWV",Cited by 23,Hassan Shraim,,,Direction of arrival estimation for smart antenna in multipath environment using convolutional neural network,,International Journal of RF and Microwave Computer‐Aided Engineering,,https://scholar.google.com/citations?view_op=view_citation&hl=en&user=0yU8LsEAAAAJ&citation_for_view=0yU8LsEAAAAJ:4MWp96NkSFoC,6,,"Youssef Harkouss, Hassan Shraim, Hussein Bazzi","This article aims to present a novel direction of arrival (DOA) estimation strategy for smart antenna in multipath environment. The smart antenna is composed of 2 main parts: the DOA estimator and the switched‐beam system. In the first part, a DOA estimation method based on convolutional neural network (CNN) has been implemented. The CNN is capable to select the desired radiation beams of the switched‐beam antenna without knowing the number of source signals coming from different directions, and in the case of noncoherent and coherent signals. Simulation results have been presented to show the effectiveness of the proposed intelligent approach.",Unclassified,0.0
,2007 American Control Conference,"Vehicle parameter estimation and stability enhancement using the principles of sliding mode
M Ouladsine, H Shraim, L Fridman, H Noura - 2007 American Control Conference, 2007
Cited by 21 Related articles All 2 versions",2007/7/9,,,,,,5224-5229,"Vehicles: Electrical and hybrid vehicles, UAV, UWV",Cited by 21,Hassan Shraim,,,Vehicle parameter estimation and stability enhancement using the principles of sliding mode,,,,https://scholar.google.com/citations?view_op=view_citation&hl=en&user=0yU8LsEAAAAJ&citation_for_view=0yU8LsEAAAAJ:u-x6o8ySG0sC,,IEEE,"Mustapha Ouladsine, Hassan Shraim, Leonid Fridman, Hassan Noura","In this paper, tires longitudinal forces, vehicle side slip angle and velocity are identified and estimated using sliding modes (SM) observers. Longitudinal forces are estimated using high order SM observers, while for the estimation of the vehicle side slip angle and vehicle velocity, a SM observer based on the hierarchical super twisting algorithm. Validations with the simulator VE-DYNA pointed out the good performance and the robustness of the proposed observers. After validating these observers, controller design for the braking is accomplished using a reduced state space model representing the movement of the vehicle centre of gravity in the (X, Y) plane. Driver's reactions are taken into account. The performance of the closed loop system is carried out by means of simulation tests.",vehicles: electrical and hybrid vehicles,0.138
,,"Comparative study of self tuning, adaptive and multiplexing FTC strategies for successive failures in an Octorotor UAV
H Hamadi, B Lussier, I Fantoni, C Francis, H Shraim - Robotics and Autonomous Systems, 2020
Cited by 20 Related articles All 8 versions",2020/11/1,133.0,https://www.sciencedirect.com/science/article/am/pii/S0921889020304425,,,,103602,"Vehicles: Electrical and hybrid vehicles, UAV, UWV",Cited by 20,Hassan Shraim,,,"Comparative study of self tuning, adaptive and multiplexing FTC strategies for successive failures in an Octorotor UAV",,Robotics and Autonomous Systems,,https://scholar.google.com/citations?view_op=view_citation&hl=en&user=0yU8LsEAAAAJ&citation_for_view=0yU8LsEAAAAJ:b1wdh0AR-JQC,,North-Holland,"Hussein Hamadi, Benjamin Lussier, Isabelle Fantoni, Clovis Francis, Hassan Shraim","This paper presents three fault-tolerant control (FTC) strategies for a coaxial octorotor unmanned aerial vehicle (UAV) regarding motor failures. The first FTC is based on a control mixing strategy which consists of a set of control laws designed offline, each one dedicated to a specific fault situation. The second FTC, a robust adaptive sliding mode control allocation is presented, where the control gains of the controller are adjusted online in order to redistribute the control signals among the healthy motors in order to stabilize the overall system. The third FTC strategy is a new strategy proposed in this article, which is based on a self-tuning sliding mode control (STSMC) where the control gains are readjusted based on the detected error to maintain the stability of the system. Multiple indoor experiments on an octorotor UAV are conducted to show and compare the effectiveness and the behavior of each FTC scheme …",uav,0.204
,,"BFA fuzzy logic based control allocation for fault-tolerant control of multirotor UAVs
M Saied, M Knaiber, H Mazeh, H Shraim, C Francis - The Aeronautical Journal, 2019
Cited by 20 Related articles All 5 versions",2019/9,123.0,https://www.academia.edu/download/86525409/aer.2019.5820220526-1-dz2znw.pdf,,,,1356-1373,"Vehicles: Electrical and hybrid vehicles, UAV, UWV",Cited by 20,Hassan Shraim,,,BFA fuzzy logic based control allocation for fault-tolerant control of multirotor UAVs,,The Aeronautical Journal,,https://scholar.google.com/citations?view_op=view_citation&hl=en&user=0yU8LsEAAAAJ&citation_for_view=0yU8LsEAAAAJ:hMsQuOkrut0C,1267,Cambridge University Press,"M Saied, M Knaiber, H Mazeh, H Shraim, C Francis","This paper deals with the problem of fault-tolerant control (FTC) for redundant multirotor unmanned aerial vehicles (UAVs) subject to actuators failures. A fuzzy logic approach is used to solve the constrained control allocation problem by adjusting the components of the multiplexing vector once a motor failure is detected. This fuzzy logic allocation problem is tuned using the Bacterial Foraging Algorithm (BFA), a powerful bio-inspired optimisation technique. The effectiveness of this approach is illustrated through real experimental application to a hexarotor UAV, where up to two motors failures are considered.",uav,0.206
,,"Modeling and simulation of the thermodynamic cycle of the Diesel Engine using Neural Networks
A Rida, HM Nahim, R Younes, H Shraim, M Ouladsine - IFAC-PapersOnLine, 2016
Cited by 20 Related articles All 2 versions",2016/1/1,49.0,https://www.researchgate.net/profile/Ali-Rida-2/publication/306012882_Modeling_and_simulation_of_the_thermodynamic_cycle_of_the_Diesel_Engine_using_Neural_Networks/links/5ea81eb8299bf1dcb09ebb58/Modeling-and-simulation-of-the-thermodynamic-cycle-of-the-Diesel-Engine-using-Neural-Networks.pdf,,,,221-226,"Vehicles: Electrical and hybrid vehicles, UAV, UWV",Cited by 20,Hassan Shraim,,,Modeling and simulation of the thermodynamic cycle of the Diesel Engine using Neural Networks,,IFAC-PapersOnLine,,https://scholar.google.com/citations?view_op=view_citation&hl=en&user=0yU8LsEAAAAJ&cstart=20&pagesize=80&citation_for_view=0yU8LsEAAAAJ:epqYDVWIO7EC,3,Elsevier,"Ali Rida, Hassan Moussa Nahim, Rafic Younes, Hassan Shraim, Mustapha Ouladsine","In this paper, a unique single zone combustion model is proposed to predict Diesel engine’s performance, pressure, and temperature based on the conservation of mass and energy. In order to simulate all phases of combustion, the proposed model takes in consideration the dynamics of the intake and exhaust gas through the valves, the ignition delay, the instantaneous change in gas properties, the properties of the burned fuel, and the heat losses by the walls. Validation of this model has been realized by experimental data. Important issue has been recognized that the physical model takes too much time in calculation. For this purpose, a Feed-Forward Neural Network (FFNN) model is developed and validated experimentally to predict the pressure and temperature in the cylinder in nominal and faulty operations. Finally, the influence of some possible faults that may be produced on the diesel engine cycle during …",Unclassified,0.0
,2019 International Conference on Unmanned Aircraft Systems (ICUAS),"Observer-based super twisting controller robust to wind perturbation for multirotor uav
H Hamadi, B Lussier, I Fantoni, C Francis, H Shraim - 2019 International Conference on Unmanned Aircraft …, 2019
Cited by 19 Related articles All 4 versions",2019/6/11,,https://hal.science/hal-02184578/file/ICUAS_Finale.pdf,,,,397-405,"Vehicles: Electrical and hybrid vehicles, UAV, UWV",Cited by 19,Hassan Shraim,,,Observer-based super twisting controller robust to wind perturbation for multirotor uav,,,,https://scholar.google.com/citations?view_op=view_citation&hl=en&user=0yU8LsEAAAAJ&cstart=20&pagesize=80&citation_for_view=0yU8LsEAAAAJ:ILKRHgRFtOwC,,IEEE,"Hussein Hamadi, Benjamin Lussier, Isabelle Fantoni, Clovis Francis, Hassan Shraim","Control design for multi rotors UAV is an important challenge for engineers and scientists, due to the fact that the standard configurations are under-actuated, highly nonlinear, and unstable systems. In this paper, a wind force compensation strategy is proposed for a quadrotor. This strategy relies on a second order sliding mode controller based on the super twisting algorithm (STA) with an observer. Second order sliding mode technique ensures robustness to external disturbances and time varying, parametric and nonlinear uncertainties. Integration of an observer in the closed-loop system is needed for states reconstruction and the estimation of unknown external forces such as the wind effect. This estimation will allow a better monitoring of the system's status than passive robustness, providing the opportunity for recovery tactics such as an emergency landing when the external perturbations become too strong for …",uav,0.204
,2016 IEEE 19th International Conference on Intelligent Transportation Systems (ITSC),"Active suspension control to improve passengers comfort and vehicle's stability
A Chokor, R Talj, A Charara, H Shraim, C Francis - 2016 IEEE 19th International Conference on Intelligent …, 2016
Cited by 19 Related articles All 5 versions",2016/11/1,,https://hal.science/hal-01378707v1/file/ITSC16_0492_FI.pdf,,,,296-301,"Vehicles: Electrical and hybrid vehicles, UAV, UWV",Cited by 19,Hassan Shraim,,,Active suspension control to improve passengers comfort and vehicle's stability,,,,https://scholar.google.com/citations?view_op=view_citation&hl=en&user=0yU8LsEAAAAJ&cstart=20&pagesize=80&citation_for_view=0yU8LsEAAAAJ:URolC5Kub84C,,IEEE,"Abbas Chokor, Reine Talj, Ali Charara, Hassan Shraim, Clovis Francis","This paper aims to control roll, pitch and vertical displacement of the suspended mass in a passenger vehicle during on-road drive by means of controlling the active suspension system. One of the goals of this control is to isolate the suspended mass in the vehicle from any road perturbation to ensure a big amount of comfort to the passengers (less roll, less pitch and less vibrations). Two strategies are used: the first one is based on the adaptive super-twisting second order sliding mode control, while the second one lies on the Lyapunov theory. We validate both strategies on a double lane change test, and a slalom steering test at 100km/h. For this purpose, in addition to the active suspension control, we develop a full-vehicle model that presents reliable results in many situations during maneuver like road-bends, bumps, braking and accelerations.",vehicles: electrical and hybrid vehicles,0.138
,2016 3rd Conference on Control and Fault-Tolerant Systems (SysTol),"Passive fault-tolerant control of an octorotor using super-twisting algorithm: Theory and experiments
M Saied, B Lussier, I Fantoni, H Shraim, C Francis - 2016 3rd Conference on Control and Fault-Tolerant …, 2016
Cited by 17 Related articles All 3 versions",2016/9/7,,https://www.researchgate.net/profile/Francis-Clovis/publication/308522353_Passive_Fault-Tolerant_Control_of_an_Octorotor_using_Super-Twisting_Algorithm_Theory_and_Experiments/links/5e217cc092851cafc38aefe8/Passive-Fault-Tolerant-Control-of-an-Octorotor-using-Super-Twisting-Algorithm-Theory-and-Experiments.pdf,,,,361-366,"Vehicles: Electrical and hybrid vehicles, UAV, UWV",Cited by 17,Hassan Shraim,,,Passive fault-tolerant control of an octorotor using super-twisting algorithm: Theory and experiments,,,,https://scholar.google.com/citations?view_op=view_citation&hl=en&user=0yU8LsEAAAAJ&cstart=20&pagesize=80&citation_for_view=0yU8LsEAAAAJ:AvfA0Oy_GE0C,,IEEE,"Majd Saied, Benjamin Lussier, Isabelle Fantoni, Hassan Shraim, Clovis Francis","This paper presents the design and implementation of a Passive Fault-Tolerant Control (PFTC) strategy for a coaxial counter-rotating octorotor based on the Super-Twisting algorithm. This second-order sliding mode technique ensures robustness with respect to uncertainties and disturbances and is also able to deal directly with faults and failures by compensating the actuators loss in the system without prior knowledge on the fault, its location and its severity. The effectiveness of this PFTC is illustrated through real experimental application to a coaxial octorotor, where two motors failures are considered.",Unclassified,0.0
,"International Workshop on Variable Structure Systems, 2006. VSS'06.","Estimation and analysis of the tire pressure effects on the comportment of the vehicle center of gravity
H Shraim, A Rabhi, M Ouladsine, NK M'Sirdi, L Fridman - International Workshop on Variable Structure Systems …, 2006
Cited by 16 Related articles All 2 versions",2006/6/5,,https://www.researchgate.net/profile/Leonid-Fridman-2/publication/4247021_Estimation_and_Analysis_of_the_Tire_Pressure_Effects_on_the_Comportment_of_the_Vehicle_Center_of_Gravity/links/00463517eaa8c42ec6000000/Estimation-and-Analysis-of-the-Tire-Pressure-Effects-on-the-Comportment-of-the-Vehicle-Center-of-Gravity.pdf,,,,268-273,"Vehicles: Electrical and hybrid vehicles, UAV, UWV",Cited by 16,Hassan Shraim,,,Estimation and analysis of the tire pressure effects on the comportment of the vehicle center of gravity,,,,https://scholar.google.com/citations?view_op=view_citation&hl=en&user=0yU8LsEAAAAJ&cstart=20&pagesize=80&citation_for_view=0yU8LsEAAAAJ:qjMakFHDy7sC,,IEEE,"Hassan Shraim, Abdelhamid Rabhi, Mustapha Ouladsine, Nacer K M'Sirdi, Leonid Fridman","In the presented paper, the tire pressure and its influence on the vehicle centre of gravity are estimated and analysed. For that reason, a relation relating the tire pressure to the vertical force and the tire vertical deflection is proposed and validated by real measures. Basing on this proposed model, the tire pressure estimation is realized by estimating the vertical force and the tire vertical deflection. The vertical force is estimated using data issued from accelerations sensor. The tire vertical deflection is the difference between its initial radius and its radius when it is in contact with the ground and subjected to the vertical load. The initial radius is given by the constructor, and the other one is identified using a second orders sliding mode observer based on the super twisting algorithm (which observes the non measured states and identifies the effective radius). Simulations are made firstly in the absence of faults, results in …",vehicles: electrical and hybrid vehicles,0.138
,,"Differential flatness-based approach for sensors and actuators fault diagnosis of a multirotor UAV
M Saied, T Mahairy, C Francis, H Shraim, H Mazeh… - IFAC-PapersOnLine, 2019
Cited by 15 Related articles All 5 versions",2019/1/1,52.0,https://www.academia.edu/download/107554700/j.ifacol.2019.12.06620231120-1-iq8pwq.pdf,,,,831-836,"Vehicles: Electrical and hybrid vehicles, UAV, UWV",Cited by 15,Hassan Shraim,,,Differential flatness-based approach for sensors and actuators fault diagnosis of a multirotor UAV,,IFAC-PapersOnLine,,https://scholar.google.com/citations?view_op=view_citation&hl=en&user=0yU8LsEAAAAJ&cstart=20&pagesize=80&citation_for_view=0yU8LsEAAAAJ:gsN89kCJA0AC,16,Elsevier,"Majd Saied, Tamim Mahairy, C Francis, H Shraim, H Mazeh, M El Rafei","This paper deals with sensors and actuators fault detection in multirotor unmanned aerial vehicles whose dynamics are modeled as nonlinear systems. The considered approach is based on the differential flatness property of flat systems that provide analytical redundancy where every control input and system state can be expressed as a function of the flat outputs. By comparing the real measurements with their corresponding estimations deduced from the differentially flat equations, residual signals are computed and used for fault diagnosis. For multirotor UAV systems, only one set of flat outputs can be found. In this paper, it is shown that this unique set can be used to detect and isolate both sensors and actuators faults and failures. The effectiveness of this approach is illustrated by numerical simulations on Matlab/Simulink, and also a real experimental application on a hexarotor UAV.",uav,0.204
,2019 4th Conference on Control and Fault Tolerant Systems (SysTol),"Unmanned aerial vehicles fleet control via artificial bee colony algorithm
M Saied, M Slim, H Mazeh, C Francis, H Shraim - 2019 4th Conference on Control and Fault Tolerant …, 2019
Cited by 14 Related articles All 2 versions",2019/9/18,,https://www.researchgate.net/profile/Francis-Clovis/publication/335928763_Unmanned_Aerial_Vehicles_Fleet_Control_via_Artificial_Bee_Colony_Algorithm/links/5e1445014585159aa4b85fac/Unmanned-Aerial-Vehicles-Fleet-Control-via-Artificial-Bee-Colony-Algorithm.pdf,,,,80-85,"Vehicles: Electrical and hybrid vehicles, UAV, UWV",Cited by 14,Hassan Shraim,,,Unmanned aerial vehicles fleet control via artificial bee colony algorithm,,,,https://scholar.google.com/citations?view_op=view_citation&hl=en&user=0yU8LsEAAAAJ&cstart=20&pagesize=80&citation_for_view=0yU8LsEAAAAJ:tYavs44e6CUC,,IEEE,"Majd Saied, Malak Slim, Hussein Mazeh, Clovis Francis, Hassan Shraim","This paper considers a distributed planner method for multiple unmanned aerial vehicles (UAV), based on a leaderless approach, using an Artificial Bee Colony (ABC) optimization algorithm. The ABC algorithm is a metaheuristic optimization method inspired by the intelligent behavior of the honeybee swarm. The proposed ABC, implemented on each UAV independently, is used to compute velocity profiles that avoid obstacles and collisions between the UAVs while ensuring the fleet formation control and the target tracking. The proposed algorithm is demonstrated by simulations on Matlab/Simulink in different scenarios.",uav,0.206
,,"From the standard PID to the CRONE first generation controller: Application to an anti-roll system for Electric Vehicles.
H Termous, X Moreau, C Francis, H Shraim - IFAC-PapersOnLine, 2018
Cited by 14 Related articles All 6 versions",2018/1/1,51.0,https://skoge.folk.ntnu.no/prost/proceedings/PID-2018/0035.PDF,,,,733-738,"Vehicles: Electrical and hybrid vehicles, UAV, UWV",Cited by 14,Hassan Shraim,,,From the standard PID to the CRONE first generation controller: Application to an anti-roll system for Electric Vehicles.,,IFAC-PapersOnLine,,https://scholar.google.com/citations?view_op=view_citation&hl=en&user=0yU8LsEAAAAJ&cstart=20&pagesize=80&citation_for_view=0yU8LsEAAAAJ:BwyfMAYsbu0C,4,Elsevier,"Hussein Termous, Xavier Moreau, Clovis Francis, Hassan Shraim","In this paper, the standard PID controller and the fractional first generation CRONE controller are applied on the anti-roll moment system to improve ride comfort for passengers in the frame of global chassis control of electric vehicles. A comparative study is done showing the performance and the robustness of the two controllers, in frequency and time domain. It is shown that the first generation CRONE control-system is able to provide robust fractional order controller for uncertain perturbed plants.",vehicles: electrical and hybrid vehicles,0.28
,"2015 third international conference on technological advances in electrical, electronics and computer engineering (TAEECE)","Controllability analysis and motors failures symmetry in a coaxial octorotor
M Saied, H Shraim, C Francis, I Fantoni, B Lussier - 2015 third international conference on technological …, 2015
Cited by 14 Related articles All 4 versions",2015/4/29,,https://hal.science/hal-01215432/document,,,,245-250,"Vehicles: Electrical and hybrid vehicles, UAV, UWV",Cited by 14,Hassan Shraim,,,Controllability analysis and motors failures symmetry in a coaxial octorotor,,,,https://scholar.google.com/citations?view_op=view_citation&hl=en&user=0yU8LsEAAAAJ&cstart=20&pagesize=80&citation_for_view=0yU8LsEAAAAJ:yB1At4FlUx8C,,IEEE,"Majd Saied, Hassan Shraim, Clovis Francis, Isabelle Fantoni, Benjamin Lussier","This paper presents a fault tolerant control strategy for a coaxial octorotor regarding one motor failure. A controllability study, based on the construction of the attainable control set method, is presented for a coaxial octorotor with one or more failing motors. The fault is diagnosed using a non linear Super-Twisting sliding mode observer. The octorotor is recovered after a motor failure by controlling its dual motor. The effectiveness of this approach is illustrated by numerical simulations on an octorotor simulator.",Unclassified,0.0
Modern Sliding Mode Control Theory: New Perspectives and Applications,,"Vehicle parameter and states estimation via sliding mode observers
H Shraim, M Ouladsine, L Fridman - Modern Sliding Mode Control Theory: New …, 2008
Cited by 13 Related articles All 6 versions",2008/4/5,,https://www.researchgate.net/profile/Rim-Hendel/post/Sliding_mode_Control_for_nonlinear_system/attachment/5dc9d9dccfe4a777d4efb73d/AS%3A824172896858113%401573509539313/download/Modern+Sliding+Mode+Control.pdf#page=348,,,,345-362,"Vehicles: Electrical and hybrid vehicles, UAV, UWV",Cited by 13,Hassan Shraim,,,Vehicle parameter and states estimation via sliding mode observers,,,,https://scholar.google.com/citations?view_op=view_citation&hl=en&user=0yU8LsEAAAAJ&cstart=20&pagesize=80&citation_for_view=0yU8LsEAAAAJ:zYLM7Y9cAGgC,,Springer Berlin Heidelberg,"Hassan Shraim, Mustapha Ouladsine, Leonid Fridman","Preliminaries and motivations. In the recent years, important research has been undertaken to investigate safe driving conditions in both normal and critical situations. But due to the fact that safe driving requires the driver to react extremely quickly in dangerous situations, which is generally very difficult unless for experts, then this reaction may influence the stability of the system. Consequently, the improvement of the vehicle dynamics by active chassis control is necessary for such catastrophic situations. Increasingly, commercial vehicles are being fitted with micro processor based systems to enhance the safety and to improve driving comfort, increase traffic circulation, and reduce environmental pollution associated with vehicles.",vehicles: electrical and hybrid vehicles,0.142
,2007 European Control Conference (ECC),"A new diagnosis strategy based on the online estimation of the tire pressure
H Shraim, B Ananou, M Ouladsine, L Fridman - 2007 European Control Conference (ECC), 2007
Cited by 12 Related articles",2007/7/2,,,,,,3437-3443,"Vehicles: Electrical and hybrid vehicles, UAV, UWV",Cited by 12,Hassan Shraim,,,A new diagnosis strategy based on the online estimation of the tire pressure,,,,https://scholar.google.com/citations?view_op=view_citation&hl=en&user=0yU8LsEAAAAJ&cstart=20&pagesize=80&citation_for_view=0yU8LsEAAAAJ:KlAtU1dfN6UC,,IEEE,"Hassan Shraim, Bouchra Ananou, Mustapha Ouladsine, Leonid Fridman","In this paper, tire pressure is estimated to help in avoiding critical situations that may occur to the vehicle due to the tire pressure loss. For that purpose, tire effective radius and longitudinal stiffness are estimated using a high order sliding mode (SM) observer. Simulations are made firstly in the absence of faults, results in this case are compared to the real measures, and secondly in the presence of faults, as an escape (sudden puncture) or a total failure in the tire pressure, in this case results are compared to that of a validated model. The analysis is made on the tire pressure and the yaw angle at the vehicle centre of gravity. A diagnosis strategy is proposed based on the online estimation of the tire pressure, this strategy previews, in the case of tire pressure escape, the approximate time remains before arriving to critical and dangerous situations.",vehicles: electrical and hybrid vehicles,0.138
,,"Sliding mode observers to replace vehicles expensive sensors and to preview driving critical situations
H Shraim, M Ouladsine, L Fridman - International journal of vehicle autonomous systems, 2007
Cited by 10 Related articles All 10 versions",2007/1/1,5.0,http://verona.fi-p.unam.mx/~lfridman/publicaciones/papers/ijvas.pdf,,,,345-361,"Vehicles: Electrical and hybrid vehicles, UAV, UWV",Cited by 10,Hassan Shraim,,,Sliding mode observers to replace vehicles expensive sensors and to preview driving critical situations,,International journal of vehicle autonomous systems,,https://scholar.google.com/citations?view_op=view_citation&hl=en&user=0yU8LsEAAAAJ&cstart=20&pagesize=80&citation_for_view=0yU8LsEAAAAJ:UeHWp8X0CEIC,3-4,Inderscience Publishers,"Hassan Shraim, Mustapha Ouladsine, Leonid Fridman","In this paper, tyre longitudinal forces, vehicle side-slip angle and velocity are identified and estimated using a sliding mode observer. For this purpose and in order to insure the observability of the system, the model is decoupled in two parts. In the first part, longitudinal forces are identified using a second order sliding mode observer based on a modified super-twisting algorithm, while in the second part, vehicle velocity and side-slip angle are estimated using a classical sliding mode observer. Validations with the simulator VE-DYNA pointed out the good performance and the robustness of the proposed observers.",vehicles: electrical and hybrid vehicles,0.145
,,"Modeling and simulation of vehicles dynamics in presence of faults
H Shraim, M Ouladsine, M El Adel, H Noura - 16th IFAC World Congress, 2005
Cited by 9 Related articles",2005,,,,,,687-692,"Vehicles: Electrical and hybrid vehicles, UAV, UWV",Cited by 9,Hassan Shraim,,,Modeling and simulation of vehicles dynamics in presence of faults,,16th IFAC World Congress,,https://scholar.google.com/citations?view_op=view_citation&hl=en&user=0yU8LsEAAAAJ&cstart=20&pagesize=80&citation_for_view=0yU8LsEAAAAJ:d1gkVwhDpl0C,,,"H Shraim, M Ouladsine, M El Adel, H Noura",,vehicles: electrical and hybrid vehicles,0.206
,,"Modeling and Deployment of Model‐Based Decentralized Embedded Diagnosis inside Vehicles: Application to Smart Distance Keeping Function
O Nasri, H Shraim, P Dague, O Heron, M Cartron - International journal of vehicular technology, 2012
Cited by 8 Related articles All 14 versions",2012,2012.0,https://onlinelibrary.wiley.com/doi/pdf/10.1155/2012/103530,,,,103530,"Vehicles: Electrical and hybrid vehicles, UAV, UWV",Cited by 8,Hassan Shraim,,,Modeling and Deployment of Model‐Based Decentralized Embedded Diagnosis inside Vehicles: Application to Smart Distance Keeping Function,,International journal of vehicular technology,,https://scholar.google.com/citations?view_op=view_citation&hl=en&user=0yU8LsEAAAAJ&cstart=20&pagesize=80&citation_for_view=0yU8LsEAAAAJ:eQOLeE2rZwMC,1,Hindawi Publishing Corporation,"Othman Nasri, Hassan Shraim, Phillippe Dague, Olivier Heron, Michael Cartron","The deployment of a fault diagnosis strategy in the Smart Distance Keeping (SDK) system with a decentralized architecture is presented. The SDK system is an advanced Adaptive Cruise Control (ACC) system implemented in a Renault‐Volvo Trucks vehicle to increase safety by overcoming some ACC limitations. One of the main differences between this new system and the classical ACC is the choice of the safe distance. This latter is the distance between the vehicle equipped with the ACC or the SDK system and the obstacle‐in‐front (which may be another vehicle). It is supposed fixed in the case of the ACC, while variable in the case of the SDK. The variation of this distance depends essentially on the relative velocity between the vehicle and the obstacle‐in‐front. The main goal of this work is to analyze measurements, issued from the SDK elements, in order to detect, to localize, and to identify some faults that …",vehicles: electrical and hybrid vehicles,0.142
,,"Fault-tolerant control design for multirotor UAVs formation flight
M Slim, M Saied, H Mazeh, H Shraim, C Francis - Gyroscopy and Navigation, 2021
Cited by 6 Related articles All 4 versions",2021/4,12.0,https://www.researchgate.net/profile/Malak-Slim-2/publication/354823515_Fault-Tolerant_Control_Design_for_Multirotor_UAVs_Formation_Flight/links/622b26543c53d31ba4ba75cf/Fault-Tolerant-Control-Design-for-Multirotor-UAVs-Formation-Flight.pdf,,,,166-177,"Vehicles: Electrical and hybrid vehicles, UAV, UWV",Cited by 6,Hassan Shraim,,,Fault-tolerant control design for multirotor UAVs formation flight,,Gyroscopy and Navigation,,https://scholar.google.com/citations?view_op=view_citation&hl=en&user=0yU8LsEAAAAJ&cstart=20&pagesize=80&citation_for_view=0yU8LsEAAAAJ:tuHXwOkdijsC,,Pleiades Publishing,"M Slim, M Saied, H Mazeh, H Shraim, C Francis","—This paper proposes the use of the Gbest-Guided Artificial Bee Colony (GABC) algorithm to solve an online optimization problem for the leaderless distributed formation control of hexarotor Unmanned Aerial Vehicles (UAVs). The GABC is employed to optimize a cost function for each agent while ensuring the convergence of the fleet to the target position and averting both obstacles and collisions with other UAVs. The GABC algorithm has been shown to be competitive with some other conventional biological-inspired algorithms such as the Particle Swarm Optimization (PSO). Fault-Tolerant Control (FTC) methods are presented and tested on several scenarios, particularly we considered the cases of loss of agents and actuator faults in the fleet. Results show the success of the proposed FTC methods to minimize the faults effect on the formation final goal.",vehicles: electrical and hybrid vehicles,0.142
,,"Hierarchical Approach for Driver Disturbance Rejection in an Electric Vehicle: The CRONE Approach
H Termous, X Moreau, C Francis, H Shraim - IEEE Transactions on Vehicular Technology, 2022
Cited by 5 Related articles All 3 versions",2022/4/21,71.0,,,,,7008-7022,"Vehicles: Electrical and hybrid vehicles, UAV, UWV",Cited by 5,Hassan Shraim,,,Hierarchical Approach for Driver Disturbance Rejection in an Electric Vehicle: The CRONE Approach,,IEEE Transactions on Vehicular Technology,,https://scholar.google.com/citations?view_op=view_citation&hl=en&user=0yU8LsEAAAAJ&cstart=20&pagesize=80&citation_for_view=0yU8LsEAAAAJ:lmc2jWPfTJgC,7,IEEE,"Hussein Termous, Xavier Moreau, Clovis Francis, Hassan Shraim","This article deals with the control chassis dynamics of a light electric vehicle. In the frame of Global Chassis Control, it proposes a hierarchical control approach focuses on compensating the chassis dynamics against driver disturbances. It is based on a supervisory structure consists of two main levels, a global controller for regulating chassis variables and a local controller to each suspension system. Both controllers are designed using a fractional-order robust controller, namely CRONE controller, to provide an optimized solution for the performance-robustness tradeoff. The main objective is to improve ride comfort for passengers while respecting road holding and handling criteria. In contrast to other studies, random road disturbances are considered to investigate the limits of the proposed approach. Analysis in frequency and time domain has been done to evaluate the performance and robustness of the designed …",vehicles: electrical and hybrid vehicles,0.271
,,"A novel hybrid back-stepping and fuzzy logic control strategy for a quadcopter
H Shraim, Y Harkouss, H Bazzi - The Aeronautical Journal, 2017
Cited by 5 Related articles All 4 versions",2017/10,121.0,,,,,1444-1463,"Vehicles: Electrical and hybrid vehicles, UAV, UWV",Cited by 5,Hassan Shraim,,,A novel hybrid back-stepping and fuzzy logic control strategy for a quadcopter,,The Aeronautical Journal,,https://scholar.google.com/citations?view_op=view_citation&hl=en&user=0yU8LsEAAAAJ&cstart=20&pagesize=80&citation_for_view=0yU8LsEAAAAJ:ML0RJ9NH7IQC,1244,Cambridge University Press,"H Shraim, Y Harkouss, H Bazzi","This article aims to present a novel control strategy for quadrotor helicopter. It is composed of three main parts constituting the system modelling, the integral back-stepping control, and fuzzy logic compensator. In the first part, a non-linear model is presented taking in consideration some non-linearities and variables that are usually neglected. In the second part, a controller based on the integral back-stepping algorithm has been developed for the system in order to make the system follows a desired path. However, due to complexity of paths and to the presence of unknown disturbances, a fuzzy logic compensator is added in parallel to the integral back-stepping controller to improve trajectory tracking in some critical conditions (high wind speed, mass variation, etc.). Simulation results have been presented to show the effectiveness of the proposed approach.",vehicles: electrical and hybrid vehicles,0.142
,"2015 Workshop on Research, Education and Development of Unmanned Aerial Systems (RED-UAS)","Model identification and validation for translational movements of an octorotor UAV
M Saied, D Al Shamaa, H Shraim, C Francis, B Lussier… - 2015 Workshop on Research, Education and …, 2015
Cited by 5 Related articles All 6 versions",2015/11/23,,https://hal.science/hal-01263761/file/RED-UAS.pdf,,,,102-108,"Vehicles: Electrical and hybrid vehicles, UAV, UWV",Cited by 5,Hassan Shraim,,,Model identification and validation for translational movements of an octorotor UAV,,,,https://scholar.google.com/citations?view_op=view_citation&hl=en&user=0yU8LsEAAAAJ&cstart=20&pagesize=80&citation_for_view=0yU8LsEAAAAJ:zLWjf1WUPmwC,,IEEE,"Majd Saied, Daniel Al Shamaa, Hassan Shraim, Clovis Francis, Benjamin Lussier, Isabelle Fantoni","This paper presents preliminary results on a complete translational system modeling and identification of a coaxial counter-rotating X8 octorotor. The objective is to assess the applicability of the widely-used quadrotor model to the coaxial eight-rotor aircraft. A real and representative model of the UAV is necessary to develop simulation tools for validation and to predict the system behavior. A series of tests were conducted with the X8 in flight when performing movements in the x, y and z directions. The model is simulated and validated offline in a MATLAB environment using real data.",uav,0.206
,"2010 International Conference on Intelligent Systems, Modelling and Simulation","Smart distance keeping: modeling and perspectives for embedded diagnosis
H Shraïm, O Nasri, P Dague, O Héron, M Cartron - 2010 International Conference on Intelligent Systems …, 2010
Cited by 5 Related articles All 10 versions",2010/1/27,,https://inria.hal.science/inria-00540819/file/1569263909.pdf,,,,250-255,"Vehicles: Electrical and hybrid vehicles, UAV, UWV",Cited by 5,Hassan Shraim,,,Smart distance keeping: modeling and perspectives for embedded diagnosis,,,,https://scholar.google.com/citations?view_op=view_citation&hl=en&user=0yU8LsEAAAAJ&cstart=20&pagesize=80&citation_for_view=0yU8LsEAAAAJ:Y0pCki6q_DkC,,IEEE,"Hassan Shraïm, Othman Nasri, Philippe Dague, Olivier Héron, Mickael Cartron","This paper presents a detailed description of an advanced Adaptive Cruise Control (ACC) system implemented on a Renault-Volvo trucks vehicle. One of the main differences between this new system, which is called the Smart Distance Keeping (SDK), and the classical ACC is the choice of the safe distance. This later is the distance between the vehicle (with the ACC or the SDK system) and the front obstacle (which may be a vehicle). It is supposed fixe in the case of the ACC, while variable in the case of the SDK. The variation of this distance (in the case of SDK) depends essentially on the relative velocity between the vehicle and the front obstacle. The main contribution of this work is on the SDK system architecture, the design of its environment model, and the proposition of a detection and isolation strategy for some of the possible faults that may be produced on the system.",vehicles: electrical and hybrid vehicles,0.138
,Proceedings of the 44th IEEE Conference on Decision and Control,"A New Nonlinear Control Strategy for a vehicle trajectory tracking in the presence of faults
H Shraim, M Ouladsine, ME Adel - Proceedings of the 44th IEEE Conference on Decision …, 2005
Cited by 5 Related articles All 8 versions",2005/12/15,,https://www.academia.edu/download/68293526/A_New_Nonlinear_control_strategy_for_a_v20210724-10096-1sws8jh.pdf,,,,1994-1999,"Vehicles: Electrical and hybrid vehicles, UAV, UWV",Cited by 5,Hassan Shraim,,,A New Nonlinear Control Strategy for a vehicle trajectory tracking in the presence of faults,,,,https://scholar.google.com/citations?view_op=view_citation&hl=en&user=0yU8LsEAAAAJ&cstart=20&pagesize=80&citation_for_view=0yU8LsEAAAAJ:2osOgNQ5qMEC,,IEEE,"Hassan Shraim, Mustapha Ouladsine, M El Adel","Starting from the thought that vehicle’s dynamics and its control play an important role in an automated highway system for passenger cars, and continuing the work presented in [1] and [2], that deal with the dynamics of the vehicle, and the study of the influence of faults on the movement of the center of gravity and on the stability of the vehicle. we present in this work two important ideas, in the first one, the trajectory tracking control problem in the simple cases where there are no faults, and in the second one, the response of the proposed controller in the case of faults. In the control design, we will propose a nonlinear predictive controller, in which we will integrate by this approach both the active wheel steering control and the four wheel torques. For testing the validity of our proposed controller, a set of computer simulations, describing different trajectories are made; reasonable results will be demonstrated and shown.",vehicles: electrical and hybrid vehicles,0.138
,"International Conference on Integrated Modeling and Analysis in Applied Control and Automation, IMAACA 2005, Held at the International Mediterranean Modeling Multiconference, I3M 2005","Modeling and validation of ground contact forces and their influence on the movement of center of gravity
H Shraim, M Ouladsine, H Noura, B Ananou - International Conference on Integrated Modeling and …, 2005
Cited by 4 Related articles",2005,,,,,,,"Vehicles: Electrical and hybrid vehicles, UAV, UWV",Cited by 4,Hassan Shraim,,,Modeling and validation of ground contact forces and their influence on the movement of center of gravity,,,,https://scholar.google.com/citations?view_op=view_citation&hl=en&user=0yU8LsEAAAAJ&cstart=20&pagesize=80&citation_for_view=0yU8LsEAAAAJ:VaXvl8Fpj5cC,,,"Hassan Shraim, Mustapha Ouladsine, Hassan Noura, Bochra Ananou","An analytical road vehicle model has been developed to predict the movement of the center of gravity in a plane (X, Y), the model is computationally efficient and it requires only a limited set of easily obtained input parameters, Forces and moments calculations describing the tire and it's contact with ground are based on a certain supposition for the shape of the contact with the ground in the static and dynamical cases. Simulation results describing the forces affecting the center of gravity, its accelerations and velocities in horizontal, lateral and yaw direction as well as its position in (X, Y) plan are successfully validated by the simulator (ve-DYNA), which is a simulator for the Simulation of Vehicle Dynamics.",vehicles: electrical and hybrid vehicles,0.138
,,"Fault tolerance evaluation of model-free controllers with application to unmanned aerial vehicles
M Saied, M Kassem, H Mazeh, H Shraim, C Francis - Drone Systems and Applications, 2023
Cited by 3 Related articles",2023/6/15,11.0,https://cdnsciencepub.com/doi/pdf/10.1139/dsa-2022-0048,,,,1-10,"Vehicles: Electrical and hybrid vehicles, UAV, UWV",Cited by 3,Hassan Shraim,,,Fault tolerance evaluation of model-free controllers with application to unmanned aerial vehicles,,Drone Systems and Applications,,https://scholar.google.com/citations?view_op=view_citation&hl=en&user=0yU8LsEAAAAJ&cstart=20&pagesize=80&citation_for_view=0yU8LsEAAAAJ:M7yex6snE4oC,,Canadian Science Publishing,"Majd Saied, Mohammad Kassem, Hussein Mazeh, Hassan Shraim, Clovis Francis","Although important improvements in the area of robust control of nonlinear systems have been presented in the literature, most of the developed controllers suffer from complexity and large dependency on accurate mathematical formulation of the models. Recently, model-free robust control techniques were introduced and have shown good performance when applied to multi-input–multi-output systems. The model-free approach is characterized by the nonuse of any prior knowledge about the underlying structure and/or associated parameters of the dynamical system. Therefore, the major criteria for assessing the effectiveness of these controllers are related to their ability to handle unknown inputs and disturbances, as well as achieving the desired tracking performance in presence of faults and malfunctions. This work considers the development of robust fault-tolerant controllers based on the model-free approach …",vehicles: electrical and hybrid vehicles,0.141
,,"Supervised learning classification applications in fault detection and diagnosis: an overview of implementations in unmanned aerial systems
M Saied, H Attieh, H Mazeh, H Shraim, C Francis - SAE International Journal of Aerospace, 2022
Cited by 3 Related articles All 2 versions",2022/8/18,16.0,,,,SAE International Journal of Aerospace,57-73,"Vehicles: Electrical and hybrid vehicles, UAV, UWV",Cited by 3,Hassan Shraim,,,Supervised learning classification applications in fault detection and diagnosis: an overview of implementations in unmanned aerial systems,,,,https://scholar.google.com/citations?view_op=view_citation&hl=en&user=0yU8LsEAAAAJ&cstart=20&pagesize=80&citation_for_view=0yU8LsEAAAAJ:LI9QrySNdTsC,01-16-01-0004,,"Majd Saied, Hadi Attieh, Hussein Mazeh, Hassan Shraim, Clovis Francis","Statistical machine learning classification methods have been widely used in the fault detection analysis in several engineering domains. This motivates us to provide in this article an overview on the application of these methods in the fault diagnosis strategies and also their successful use in unmanned aerial vehicles (UAVs) systems. Different existing aspects including the implementation conditions, offline design, and online computation algorithms as well as computation complexity and detection time are discussed in detail. Evaluation and validation of these aspects have been ensured by a simple demonstration of the basic classification methods and neural network techniques in solving the fault detection and diagnosis problem of the propulsion system failure of a multirotor UAV. A testing platform of an Hexarotor UAV is completely realized. Measurements data issued from the onboard sensors are collected …",uav,0.204
,2019 IEEE Intelligent Vehicles Symposium (IV),"Effect of vertical dynamics on vehicle's lateral stability control system
H Termous, X Moreau, C Francis, H Shraim - 2019 IEEE Intelligent Vehicles Symposium (IV), 2019
Cited by 3 Related articles All 4 versions",2019/6/9,,https://www.academia.edu/download/61989305/HTermous_-_IV19_-_Published_Version_IEEE20200204-33892-13wqeiw.pdf,,,,1993-1998,"Vehicles: Electrical and hybrid vehicles, UAV, UWV",Cited by 3,Hassan Shraim,,,Effect of vertical dynamics on vehicle's lateral stability control system,,,,https://scholar.google.com/citations?view_op=view_citation&hl=en&user=0yU8LsEAAAAJ&cstart=20&pagesize=80&citation_for_view=0yU8LsEAAAAJ:g3aElNc5_aQC,,IEEE,"Hussein Termous, Xavier Moreau, Clovis Francis, Hassan Shraim","In this paper, we focused on the yaw motion dynamics for light electric vehicles. The objective is to track the yaw rate reference in order to enhance lateral stability. Two controllers were designed, a simple PID controller and a third generation CRONE controller. The design methodology considers the total mass of the vehicle, the longitudinal speed, and the road adhesion as uncertain parameters. Later, we analyze the effect of vertical dynamics, on a controlled full vehicle system, where the variation of the normal wheel-contact forces was taken into consideration. A double lane change maneuver is simulated, and the results show the robustness of the CRONE controller against the uncertain parameters and its effectiveness to lessens the influence of load transfer variations.",vehicles: electrical and hybrid vehicles,0.276
,,"Observation and identification via HOSM-observers
H Imine, L Fridman, H Shraim, M Djemai, H Imine… - Sliding Mode Based Analysis and Identification of …, 2011
Cited by 3 Related articles All 3 versions",2011,,,,,,5-24,"Vehicles: Electrical and hybrid vehicles, UAV, UWV",Cited by 3,Hassan Shraim,,,Observation and identification via HOSM-observers,,Sliding Mode Based Analysis and Identification of Vehicle Dynamics,,https://scholar.google.com/citations?view_op=view_citation&hl=en&user=0yU8LsEAAAAJ&cstart=20&pagesize=80&citation_for_view=0yU8LsEAAAAJ:3fE2CSJIrl8C,,Springer Berlin Heidelberg,"Hocine Imine, Leonid Fridman, Hassan Shraim, Mohamed Djemai, Hocine Imine, Leonid Fridman, Hassan Shraim, Mohamed Djemai","Motivation
The idea of using a dynamical system to generate estimates of the system states was proposed in 1963 by Luenberger for linear systems [Lue64]. In spite of the extensive development of robust control techniques, sliding mode control (SMC) remains a key choice for handling Boundedness uncertainties/ disturbances and unmodeled dynamics in both control and estimation problems. During the last decade, SMC techniques have been widely used to design observers (sliding mode observers) suitable for robust state estimation even in the presence of unknown inputs.",Unclassified,0.0
,,"Modeling, Estimation and control for vehicle dynamics
H Shraim - PhD Thesis, 2007
Cited by 3 Related articles",2007,,,,,,,"Vehicles: Electrical and hybrid vehicles, UAV, UWV",Cited by 3,Hassan Shraim,,,"Modeling, Estimation and control for vehicle dynamics",,PhD Thesis,,https://scholar.google.com/citations?view_op=view_citation&hl=en&user=0yU8LsEAAAAJ&cstart=20&pagesize=80&citation_for_view=0yU8LsEAAAAJ:ULOm3_A8WrAC,,University Paul Cezanne Aix Marseille III,H Shraim,,vehicles: electrical and hybrid vehicles,0.173
,"IEEE International Conference Mechatronics and Automation, 2005","Longitudinal slip control using Laguerre approach
H Shraim, EM El Adel, M Ouladsine - IEEE International Conference Mechatronics and …, 2005
Cited by 3 Related articles",2005/7/29,1.0,,,,,65-70,"Vehicles: Electrical and hybrid vehicles, UAV, UWV",Cited by 3,Hassan Shraim,,,Longitudinal slip control using Laguerre approach,,,,https://scholar.google.com/citations?view_op=view_citation&hl=en&user=0yU8LsEAAAAJ&cstart=20&pagesize=80&citation_for_view=0yU8LsEAAAAJ:MXK_kJrjxJIC,,IEEE,"Hassan Shraim, EM El Adel, Mustapha Ouladsine","In this paper, and continuing the work presented in H. Shraim et al., (2005) concerning the analytical representation of the vehicle, which is validated by the simulator (ve-DYNA), a relation between the wheel slipping and the torque applied at this wheel in both the braking and acceleration cases is derived, and to make the slipping tends to a certain reference. Due to the nonlinearity of the wheel slipping dynamics, especially in the acceleration case, Laguerre approach is presented and used and how this approach makes the slipping value follows its reference value with an appropriate control in the both cases is also shown. The proposed approach is validated by computer simulations.",vehicles: electrical and hybrid vehicles,0.139
,QUALITA'2015,"Détection et Diagnostic d'une Défaillance d'Actionneur dans un Octorotor
M Saied, I Fantoni, C Francis, B Lussier, H Shraim - QUALITA'2015, 2015
Cited by 2 Related articles All 4 versions",2015/3/17,,https://hal.science/hal-01149778v1/file/Version_finale.pdf,,,,,"Vehicles: Electrical and hybrid vehicles, UAV, UWV",Cited by 2,Hassan Shraim,,,Détection et Diagnostic d'une Défaillance d'Actionneur dans un Octorotor,,,,https://scholar.google.com/citations?view_op=view_citation&hl=en&user=0yU8LsEAAAAJ&cstart=20&pagesize=80&citation_for_view=0yU8LsEAAAAJ:0KyAp5RtaNEC,,,"Majd Saied, Isabelle Fantoni, Clovis Francis, Benjamin Lussier, Hassan Shraim","Dans ce papier, nous présentons un schéma de détection et de diagnostic d'une défaillance d'un actionneur dans un octorotor coaxial. L'octorotor est un système intégrant une redondance matérielle, ce qui permet un rétablissement du système mais complique la tâche de diagnostic. Utilisant l'observateur de Thau, une stratégie est développée en divisant
le problème de diagnostic en trois étapes : d'abord, détection d'une erreur dans le système, puis isolation du moteur en panne, ensuite détermination du taux de défaillance en utilisant un banc d'observateurs. Différentes simulations sur Matlab/Simulink et sur un simulateur de l'octorotor ont été effectuées, l'analyse des résultats montre que le système de diagnostic proposé présente une solution temps réel efficace au problème de diagnostic des défauts dans un multirotor à redondance en actionneurs.",Unclassified,0.0
,2010 Conference on Control and Fault-Tolerant Systems (SysTol),"Model-based decentralized embedded diagnosis inside vehicles: Application to Smart Distance Keeping function
O Nasri, H Shraim, P Dague, O Héron, M Cartron - 2010 Conference on Control and Fault-Tolerant …, 2010
Cited by 2 Related articles All 8 versions",2010/10/6,,https://inria.hal.science/inria-00540829/file/NextConf-diag.pdf,,,,17-23,"Vehicles: Electrical and hybrid vehicles, UAV, UWV",Cited by 2,Hassan Shraim,,,Model-based decentralized embedded diagnosis inside vehicles: Application to Smart Distance Keeping function,,,,https://scholar.google.com/citations?view_op=view_citation&hl=en&user=0yU8LsEAAAAJ&cstart=20&pagesize=80&citation_for_view=0yU8LsEAAAAJ:W7OEmFMy1HYC,,IEEE,"Othman Nasri, Hassan Shraim, Philippe Dague, Olivier Héron, Mickael Cartron","In this paper, the deployment of a fault diagnosis strategy in the Smart Distance Keeping (SDK) system with a decentralized architecture is presented. The SDK system is an advanced version of the Adaptive Cruise Control (ACC) system, implemented in a Renault-Volvo Trucks vehicle. The main goal of this work is to analyze measurements, issued from the SDK elements, in order to detect, to localize and to identify some faults that may be produced. Our main contribution is the proposition of a decentralized approach permitting to carry out an on-line diagnosis without computing the global model and to deploy it on several control units. This paper explains the model-based decentralized solution and its application to the embedded diagnosis of the SDK system inside truck with five control units connected via a CAN-bus using ""Hardware In the Loop"" (HIL) technique. We also discuss the constraints that must be fulfilled.",vehicles: electrical and hybrid vehicles,0.142
,,"Modélisation, estimation et contrôle pour la dynamique du véhicule
H Shraim - 2007
Cited by 2 Related articles",2007/1/1,,,,,,,"Vehicles: Electrical and hybrid vehicles, UAV, UWV",Cited by 2,Hassan Shraim,,,"Modélisation, estimation et contrôle pour la dynamique du véhicule",Aix-Marseille 3,,,https://scholar.google.com/citations?view_op=view_citation&hl=en&user=0yU8LsEAAAAJ&cstart=20&pagesize=80&citation_for_view=0yU8LsEAAAAJ:YsMSGLbcyi4C,,,Hassan Shraim,"L'objectif du travail réalisé est de proposer un modèle analytique du véhicule permettant de faciliter le contrôle et le diagnostic. Cette proposition est basée sur trois parties complémentaires. Modélisation : Dans cette partie, nous proposons un modèle analytique représentant la dynamique du véhicule comportant des défauts. Afin d'évaluer le degré de représentativité de ce modèle, nous le validons avec le simulateur ve-DYNA. Nous développons également un simulateur, basé sur ce modèle, sous Matlab avec GUI. Estimation et stratégie d'aide au conducteur : Dans cette partie, nous construisons un observateur global pour le véhicule permettant d'observer les états et d'identifier les paramètres qui sont inconnus ou incertains. L'identification des paramètres est réalisée en utilisant des algorithmes traitant le système continu. Une nouvelle stratégie d'aide à la conduite est alors proposée en se basant sur les paramètres identifiés. Commande : Après avoir proposé et validé le modèle dynamique du véhicule, ainsi que l'observateur, nous nous intéressons à la commande du châssis. En effet, nous proposons dans cette partie, deux techniques de commande.",Unclassified,0.0
,,"Robust virtual sensors and controller design to improve vehicle stability enhancement in the critical situations
H Shraim, M Ouladsine, B Annanou - SAE Transactions, 2007
Cited by 2 Related articles All 3 versions",2007/1/1,,,,,,228-237,"Vehicles: Electrical and hybrid vehicles, UAV, UWV",Cited by 2,Hassan Shraim,,,Robust virtual sensors and controller design to improve vehicle stability enhancement in the critical situations,,SAE Transactions,,https://scholar.google.com/citations?view_op=view_citation&hl=en&user=0yU8LsEAAAAJ&cstart=20&pagesize=80&citation_for_view=0yU8LsEAAAAJ:Tyk-4Ss8FVUC,,SAE International,"Hassan Shraim, Mustapha Ouladsine, Bouchra Annanou","In this paper, tires longitudinal forces, vehicle side slip angle and velocity are identified and estimated using sliding modes (SM) observers. Longitudinal forces are identified using high order SM observers, which permit, in our case, to identify these forces with a high precision and without filtration. In the estimation of the vehicle side slip angle and vehicle velocity, a SM observer based on the super twisting algorithm is proposed. Validations with the simulator VEDYNA pointed out the good performance and the robustness of the proposed observers. After validating these observers, controller design for the braking is accomplished using a reduced state space model representing the movement of the vehicle centre of gravity in the (X, Y) plane. Driver's reactions are taken into account. The performance of the closed loop system is carried out by means of simulation tests.",vehicles: electrical and hybrid vehicles,0.138
,,"Predicting mechanical heterogeneity in glassy polymer nanocomposites via an inverse computational approach based on atomistic molecular simulations and homogenization methods
M Barakat, H Reda, P Katsamba, H Shraim… - Mechanics of Materials, 2024
Cited by 1 Related articles All 3 versions",2024/10/1,197.0,https://repository.cyi.ac.cy/bitstream/CyI/2371/1/MB-HR-PK-HR-VH_Mech-PNC-Inverse_moms24_preprint.pdf,,,,105082,"Vehicles: Electrical and hybrid vehicles, UAV, UWV",Cited by 1,Hassan Shraim,,,Predicting mechanical heterogeneity in glassy polymer nanocomposites via an inverse computational approach based on atomistic molecular simulations and homogenization methods,,Mechanics of Materials,,https://scholar.google.com/citations?view_op=view_citation&hl=en&user=0yU8LsEAAAAJ&cstart=20&pagesize=80&citation_for_view=0yU8LsEAAAAJ:WZBGuue-350C,,Elsevier,"Malak Barakat, Hilal Reda, Panayiota Katsamba, Hassan Shraim, Vagelis Harmandaris","Probing the mechanical behavior of the region formed between a nanoparticle reinforcement and a polymer matrix in a polymer nanocomposite structure, denoted as the “interphase”, is a main challenge as such regions are difficult to investigate by experimental methods. Here, we accurately characterize the heterogeneous mechanical behavior of polymer nanocomposites, focusing on polymer/nanofiller interphases via a combination of nanomechanical simulations and numerical homogenization techniques. Initially, the global mechanical performance of a glassy poly(ethylene oxide) polymer nanocomposite reinforced with silica nanoparticles is studied using detailed atomistic molecular dynamics simulations for 1.9% and 12.7% silica volume fractions. Next, the polymer/silica interphase thickness is identified by probing the polymer atom-based density distribution profile in the vicinity of the nanofiller at …",Unclassified,0.0
,2022 10th International Conference on Systems and Control (ICSC),"Deep Reinforcement Learning-Based Approach for Fault-Tolerant Control of PV Systems in Smart Grids
T Karaki, M Saied, H Shraim - 2022 10th International Conference on Systems and …, 2022
Cited by 1 Related articles",2022/11/23,,,,,,283-288,"Vehicles: Electrical and hybrid vehicles, UAV, UWV",Cited by 1,Hassan Shraim,,,Deep Reinforcement Learning-Based Approach for Fault-Tolerant Control of PV Systems in Smart Grids,,,,https://scholar.google.com/citations?view_op=view_citation&hl=en&user=0yU8LsEAAAAJ&cstart=20&pagesize=80&citation_for_view=0yU8LsEAAAAJ:kz9GbA2Ns4gC,,IEEE,"Tala Karaki, Majd Saied, Hassan Shraim","Photovoltaic systems are susceptible to a range of component-related failures and environmental disturbances, which have an impact on their regular operation and cause significant energy loss. To solve such issues, fault-tolerant control (FTC) techniques have been applied to control and supervise the PV system state and notify the user when any unexpected change in the systems normal operation occurs. In addition, finding the optimal operating point of a PV system in the presence of challenging environmental circumstances has been made possible through a variety of maximum power point tracking (MPPT) techniques. The goal of this work is to propose an FTC method for setting up the MPPT controller to seek for the sub-optimal point of operation. The deep reinforcement learning approach is the basis of the MMPT controller. The proposed FTC approach has good performance in the presence of diverse …",Unclassified,0.0
,8th International Conference on Vehicle Technology and Intelligent Transport Systems (VEHITS 2022),"Tuning and costs analysis for a trajectory planning algorithm for autonomous vehicles
A Said, R Talj, C Francis, H Shraim - 8th International Conference on Vehicle Technology …, 2022
Cited by 1 Related articles All 7 versions",2022/4/27,,https://hal.science/hal-03872774/document,,,,88-95,"Vehicles: Electrical and hybrid vehicles, UAV, UWV",Cited by 1,Hassan Shraim,,,Tuning and costs analysis for a trajectory planning algorithm for autonomous vehicles,,,,https://scholar.google.com/citations?view_op=view_citation&hl=en&user=0yU8LsEAAAAJ&cstart=20&pagesize=80&citation_for_view=0yU8LsEAAAAJ:k8Z6L05lTy4C,,,"Abdallah Said, Reine Talj, Clovis Francis, Hassan Shraim","Trajectory planning is an essential issue for autonomous vehicles navigation. It represents a decision-making level that considers several constraints to be respected to navigate safely and comfortably in a dynamic environment. This paper presents a reactive trajectory planning, which consists to generates several candidate trajectories. Then, selecting the best trajectory among candidates is based on different criteria, each described by a cost function. Indeed, the algorithm aims to minimize a global cost function, a combination of several costs, to determine the best trajectory. The main objective of this work is to study the algorithm's sensitivity against parameter tuning and to find a generic range of weighting coefficients for the cost function of the planning algorithm to make the algorithm as reliable as possible against various driving conditions.",vehicles: electrical and hybrid vehicles,0.143
,2012 12th International Workshop on Variable Structure Systems,"Identification of heavy vehicle parameters and impact forces estimation: experimental results
H Imine, L Fridman, H Shraim - 2012 12th International Workshop on Variable …, 2012
Cited by 1 Related articles All 4 versions",2012/1/12,,,,,,63-69,"Vehicles: Electrical and hybrid vehicles, UAV, UWV",Cited by 1,Hassan Shraim,,,Identification of heavy vehicle parameters and impact forces estimation: experimental results,,,,https://scholar.google.com/citations?view_op=view_citation&hl=en&user=0yU8LsEAAAAJ&cstart=20&pagesize=80&citation_for_view=0yU8LsEAAAAJ:Se3iqnhoufwC,,IEEE,"Hocine Imine, L Fridman, Hassan Shraim","The aim of the presented work is to estimate the vertical forces of heavy vehicle and identify the unknown dynamic parameters using sliding mode observers approach. The vertical forces are then considered as perturbation to be identified. The observation needs a good knowledge of some dynamic parameters such as damping coefficient, spring stiffness...etc. In this paper, some of these parameters, namely spring stiffness and unsprung masses have been identified. Real time tests have been done on an instrumented vehicle which is equipped with different sensors in order to measure its dynamics. In order to show the quality of the estimation and identification, the estimation and identification results are then compared to the measures and presented in this paper.",vehicles: electrical and hybrid vehicles,0.138
,,"Vehicle Parameter Estimation and Stability Enhancement
H Shraim, M Ouladsine, L Fridman - IFAC Proceedings Volumes, 2008
Cited by 1 Related articles All 4 versions",2008/1/1,41.0,https://folk.ntnu.no/skoge/prost/proceedings/ifac2008/data/papers/3305.pdf,,,,5700-5705,"Vehicles: Electrical and hybrid vehicles, UAV, UWV",Cited by 1,Hassan Shraim,,,Vehicle Parameter Estimation and Stability Enhancement,,IFAC Proceedings Volumes,,https://scholar.google.com/citations?view_op=view_citation&hl=en&user=0yU8LsEAAAAJ&cstart=20&pagesize=80&citation_for_view=0yU8LsEAAAAJ:UebtZRa9Y70C,2,Elsevier,"Hassan Shraim, Mustapha Ouladsine, Leonid Fridman","In this paper, high order sliding mode observers are used to estimate tires longitudinal forces, vehicle side slip angle and velocities. Two types of high order sliding mode observers are used. A third order one is used to estimate the longitudinal forces, while for the estimation of the vehicle side slip and velocities, an observer based on the super twisting algorithm is proposed. Validations with the simulator ve-dyna pointed out the good performance and the robustness of the proposed observers. Controller design for the braking is accomplished using a reduced state space model representing the movement of the vehicle center of gravity in the (X, Y) plane. Driver's reactions are taken into account. The performance of the closed loop system is carried out by means of simulation tests.",vehicles: electrical and hybrid vehicles,0.138
,,"A new analytical model representation for vehicle dynamics in the plan (X, Y)
H Shraim, M Ouladsine, M El Adel, H Noura - IFAC Proceedings Volumes, 2005
Cited by 1 Related articles All 9 versions",2005/1/1,38.0,https://citeseerx.ist.psu.edu/document?repid=rep1&type=pdf&doi=688894f4fcd99165c3a2e8274ad9b658e068173e,,,,230-235,"Vehicles: Electrical and hybrid vehicles, UAV, UWV",Cited by 1,Hassan Shraim,,,"A new analytical model representation for vehicle dynamics in the plan (X, Y)",,IFAC Proceedings Volumes,,https://scholar.google.com/citations?view_op=view_citation&hl=en&user=0yU8LsEAAAAJ&cstart=20&pagesize=80&citation_for_view=0yU8LsEAAAAJ:roLk4NBRz8UC,1,Elsevier,"Hassan Shraim, Mustapha Ouladsine, Mustafa El Adel, Hassan Noura","An analytical investigation of a complete vehicle model dynamics, subjected to road disturbances is performed. In a reference plane (X, Y), the trajectory traced by the center of gravity of the vehicle will be simulated and shown, and how this trajectory varies if incidents (faults) happen such as variation in the inflation pressure, variation in the type of the contact area with the ground… Due to practical limitations, we cannot consider all the types of faults and their effects on the movement of the center of gravity such as vibration caused from the mechanical system. A complete model composed of a set of complex non linear differential equations requiring a limited set of easily obtained parameters will be shown to represent the motion of the center of gravity. In this work a vehicle without driver is considered, so his reactions on the steering angle, on the acceleration or braking will not be taken into account.",vehicles: electrical and hybrid vehicles,0.137
,"2025 International Conference on Control, Automation, and Instrumentation (IC2AI)","Optimal Energy-Efficient Trajectory Planning for Multirotor UAVs
B Chebl, M Saied, H Shraim, C Francis, Z Noun - 2025 International Conference on Control, Automation …, 2025
Related articles",2025/2/11,,,,,,1-6,"Vehicles: Electrical and hybrid vehicles, UAV, UWV",,Hassan Shraim,,,Optimal Energy-Efficient Trajectory Planning for Multirotor UAVs,,,,https://scholar.google.com/citations?view_op=view_citation&hl=en&user=0yU8LsEAAAAJ&cstart=20&pagesize=80&citation_for_view=0yU8LsEAAAAJ:-FonjvnnhkoC,,IEEE,"Bernard Chebl, Majd Saied, Hassan Shraim, Clovis Francis, Ziad Noun","A major limitation of current battery-powered Unmanned Aerial Vehicles (UAVs) is their finite onboard energy, which restricts both flight duration and the range of missions they can effectively complete. To overcome this challenge and extend flight times, reducing the vehicle's energy consumption is crucial. Various strategies have been explored in the literature to achieve this, including advancements in UAV design and materials, the incorporation of energy-capturing systems, and the development of energy-minimizing control approaches. This work focuses on optimizing control strategies to minimize energy consumption. Specifically, the aim is to improve the efficiency of a hexarotor supplied by a Lithium-Polymer (Li-Po) battery as it follows a designated reference position by introducing innovative high-level energy-saving control techniques. To achieve this, three metaheuristic algorithms are developed to …",uav,0.204
,,"Effect of fractional order damping control on braking performance for electric vehicles
H Termous, X Moreau, C Francis, H Shraim - IFAC-PapersOnLine, 2019
Related articles All 4 versions",2019/1/1,52.0,https://www.academia.edu/download/96370859/j.ifacol.2019.09.03720221226-1-4idunk.pdf,,,,231-236,"Vehicles: Electrical and hybrid vehicles, UAV, UWV",,Hassan Shraim,,,Effect of fractional order damping control on braking performance for electric vehicles,,IFAC-PapersOnLine,,https://scholar.google.com/citations?view_op=view_citation&hl=en&user=0yU8LsEAAAAJ&cstart=20&pagesize=80&citation_for_view=0yU8LsEAAAAJ:KUbvn5osdkgC,5,Elsevier,"Hussein Termous, Xavier Moreau, Clovis Francis, Hassan Shraim","Active suspensions are an object of interest nowadays, they have been a topic of research for decades due to their key role in Global Chassis Control (GCC). Indeed, a well-controlled active suspension system may considerably improve not only the passenger comfort by compensating the chassis dynamics but also road handling by minimizing the dynamics of the wheels normal forces. It may enhance vehicle stability by controlling the wheel load distribution, which influences the lateral and longitudinal dynamics to provide better steering performance, and safety by reducing the braking distance. The main contribution of this paper is to study the impact of fractional order (FO) control methods in the context of an active suspension system and in particular fractional order damping control. We derive two optimal damping control strategies: a comfort-oriented and a road holding oriented strategy, based on non-integer …",vehicles: electrical and hybrid vehicles,0.275
,2016 3rd International Conference on Advances in Computational Tools for Engineering Applications (ACTEA),"Towards a fully coordinated vehicle control strategy
H Shraim, A Daher, R Talj, C Francis, A Charara - 2016 3rd International Conference on Advances in …, 2016
Related articles All 3 versions",2016/7/13,,https://www.researchgate.net/profile/Francis-Clovis/publication/305622095_Towards_a_Fully_Coordinated_Vehicle_Control_Strategy/links/579a47b808ae2e0b31b14fc5/Towards-a-Fully-Coordinated-Vehicle-Control-Strategy.pdf,,,,108-113,"Vehicles: Electrical and hybrid vehicles, UAV, UWV",,Hassan Shraim,,,Towards a fully coordinated vehicle control strategy,,,,https://scholar.google.com/citations?view_op=view_citation&hl=en&user=0yU8LsEAAAAJ&cstart=20&pagesize=80&citation_for_view=0yU8LsEAAAAJ:uWiczbcajpAC,,IEEE,"Hassan Shraim, Alaa Daher, Reine Talj, Clovis Francis, Ali Charara","In this paper, models oriented towards a full vehicle control design are proposed and validated. The aim of this work is to prepare all models needed in order to have a fully controlled system. First, a complete full vehicle model including the longitudinal, lateral and vertical dynamics is proposed and validated using several scenarios. This model is used to test offline the response behavior of a vehicle due to different control inputs. Second, a model generating states reference trajectories for control purposes are developed. Then, a synthesis model needed for the controller design is presented. Based on these models, a siding mode controller is proposed to ensure the stability of the system.",vehicles: electrical and hybrid vehicles,0.139
,,"Estimation of Road Profile and External Forces as Unknown Inputs
H Imine, L Fridman, H Shraim, M Djemai, H Imine… - Sliding Mode Based Analysis and Identification of …, 2011
Related articles All 2 versions",2011,,,,,,83-102,"Vehicles: Electrical and hybrid vehicles, UAV, UWV",,Hassan Shraim,,,Estimation of Road Profile and External Forces as Unknown Inputs,,Sliding Mode Based Analysis and Identification of Vehicle Dynamics,,https://scholar.google.com/citations?view_op=view_citation&hl=en&user=0yU8LsEAAAAJ&cstart=20&pagesize=80&citation_for_view=0yU8LsEAAAAJ:hqOjcs7Dif8C,,Springer Berlin Heidelberg,"Hocine Imine, Leonid Fridman, Hassan Shraim, Mohamed Djemai, Hocine Imine, Leonid Fridman, Hassan Shraim, Mohamed Djemai","This chapter is devoted to the application of sliding mode observers to estimate the unknown inputs of the road. Vehicle motion simulation accuracy, such as in accident reconstruction or vehicle controllability analysis on real roads, can be obtained only if valid road profile and tire-road friction models are available. Regarding road profiles, a new method based on Sliding Mode Observers has been developed and is compared to two inertial methods. Experimental results are shown and discussed to evaluate the robustness and the quality of the proposed approach.",vehicles: electrical and hybrid vehicles,0.139
,,"Vehicle Modeling
H Imine, L Fridman, H Shraim, M Djemai, H Imine… - Sliding Mode Based Analysis and Identification of …, 2011
Related articles All 2 versions",2011,,,,,,25-59,"Vehicles: Electrical and hybrid vehicles, UAV, UWV",,Hassan Shraim,,,Vehicle Modeling,,Sliding Mode Based Analysis and Identification of Vehicle Dynamics,,https://scholar.google.com/citations?view_op=view_citation&hl=en&user=0yU8LsEAAAAJ&cstart=20&pagesize=80&citation_for_view=0yU8LsEAAAAJ:LkGwnXOMwfcC,,Springer Berlin Heidelberg,"Hocine Imine, Leonid Fridman, Hassan Shraim, Mohamed Djemai, Hocine Imine, Leonid Fridman, Hassan Shraim, Mohamed Djemai","This chapter is devoted to vehicle modeling. The car is modelized using matlab simulink. Differents parts of the model such as pneumatic, suspension and wheels are developed. Simulation and experimental results are presented to show the validity and the quality of the proposed model.",vehicles: electrical and hybrid vehicles,0.144
,,"States and Parameters Estimation
H Imine, L Fridman, H Shraim, M Djemai, H Imine… - Sliding Mode Based Analysis and Identification of …, 2011
Related articles All 2 versions",2011,,,,,,61-81,"Vehicles: Electrical and hybrid vehicles, UAV, UWV",,Hassan Shraim,,,States and Parameters Estimation,,Sliding Mode Based Analysis and Identification of Vehicle Dynamics,,https://scholar.google.com/citations?view_op=view_citation&hl=en&user=0yU8LsEAAAAJ&cstart=20&pagesize=80&citation_for_view=0yU8LsEAAAAJ:_FxGoFyzp5QC,,Springer Berlin Heidelberg,"Hocine Imine, Leonid Fridman, Hassan Shraim, Mohamed Djemai, Hocine Imine, Leonid Fridman, Hassan Shraim, Mohamed Djemai","In this chapter, a first order SM observer and an observer based on the adaptation of a quality function have been developed in order to estimate the vehicle dynamics such as side slip angle, the unknown forces and identification of parameters of the vehicle. The advantage and the inconvenient of each method is then noticed",vehicles: electrical and hybrid vehicles,0.142
,"18th Mediterranean Conference on Control and Automation, MED'10","High order sliding mode techniques and the applications on automotive
H Shraim, M Ouladsine, H Noura, B Ananou - 18th Mediterranean Conference on Control and …, 2010
Related articles All 2 versions",2010/6/23,,,,,,1503-1508,"Vehicles: Electrical and hybrid vehicles, UAV, UWV",,Hassan Shraim,,,High order sliding mode techniques and the applications on automotive,,,,https://scholar.google.com/citations?view_op=view_citation&hl=en&user=0yU8LsEAAAAJ&cstart=20&pagesize=80&citation_for_view=0yU8LsEAAAAJ:ufrVoPGSRksC,,IEEE,"Hassan Shraim, Mustapha Ouladsine, Hassan Noura, Bouchra Ananou","In this paper, high order sliding mode observers are used to estimate tires longitudinal forces, vehicle side slip angle and velocity. Longitudinal forces are identified using third order SM observers, which permit, in our case, to identify these forces with a high precision and without filtration. For the estimation of the vehicle side slip angle and velocity, a SM observer based on the hierarchical super twisting algorithm is proposed permitting to reduce the error and to increase the precision. Validations with the simulator VE-DYNA pointed out the good performance and the robustness of the proposed observers. After the validation of these observers, a braking controller based on a reduced model for the vehicle centre of gravity in the (X, Y) plane is developed. The design of this controller is based on the sliding mode techniques and it is supposed to work only in the emergency cases (and after the convergence of the …",vehicles: electrical and hybrid vehicles,0.138
,,"2007-01-0779 Robust Virtual Sensors and Controller Design to Improve Vehicle Stability Enhancement in the Critical Situations
H Shraim, M Ouladsine, B Annanou - SAE SP, 2007
Related articles",2007,2130.0,,,,,27,"Vehicles: Electrical and hybrid vehicles, UAV, UWV",,Hassan Shraim,,,2007-01-0779 Robust Virtual Sensors and Controller Design to Improve Vehicle Stability Enhancement in the Critical Situations,,SAE SP,,https://scholar.google.com/citations?view_op=view_citation&hl=en&user=0yU8LsEAAAAJ&cstart=20&pagesize=80&citation_for_view=0yU8LsEAAAAJ:5nxA0vEk-isC,,SOCIETY OF AUTOMOTIVE ENGINEERS INC.,"H Shraim, M Ouladsine, B Annanou",,vehicles: electrical and hybrid vehicles,0.152
,,"A New Non Linear Control Strategy Basing on a Validated Model for a Vehicle Trajectory Tracking in the Presence of Faults
H Shraim, M Ouladsine - 2006
Related articles All 2 versions",2006/10/31,,,,,,,"Vehicles: Electrical and hybrid vehicles, UAV, UWV",,Hassan Shraim,,,A New Non Linear Control Strategy Basing on a Validated Model for a Vehicle Trajectory Tracking in the Presence of Faults,,,,https://scholar.google.com/citations?view_op=view_citation&hl=en&user=0yU8LsEAAAAJ&cstart=20&pagesize=80&citation_for_view=0yU8LsEAAAAJ:Zph67rFs4hoC,2006-01-3527,SAE Technical Paper,"Hassan Shraim, Mustapha Ouladsine","This paper describes the problem of vehicle trajectory tracking control in the plane (X, Y). While following this trajectory, and to test some of the extreme cases, several types of faults are produced. Some of these faults may be described by a decrease in tires inflation pressures. For that reason, an analytical model representing the comportment of the vehicle and integrating these faults is proposed. In order to use this model in the control, several validations are made by the advanced simulator VE-DYNA. As a second step of this work, the controller design is made; this controller acts on the steering angle and on the torques of the wheels. It is based on the principles of the predictive control. The controller is tested in two cases: in the normal case where the task is to follow a predefined trajectory without faults, and in the other case where the task is the same but faults described by tires pressures decrease are …",vehicles: electrical and hybrid vehicles,0.138
,,"A Non Linear Validated Vehicle Model and a New Non Linear Control Strategy for a Vehicle Trajectory Tracking in the Presence of Faults
H Shraim - 2006
Related articles",2006/10,,,,,,,"Vehicles: Electrical and hybrid vehicles, UAV, UWV",,Hassan Shraim,,,A Non Linear Validated Vehicle Model and a New Non Linear Control Strategy for a Vehicle Trajectory Tracking in the Presence of Faults,,,,https://scholar.google.com/citations?view_op=view_citation&hl=en&user=0yU8LsEAAAAJ&cstart=20&pagesize=80&citation_for_view=0yU8LsEAAAAJ:8k81kl-MbHgC,,,Hassan Shraim,"This paper describes the problem of vehicle trajectory tracking control in the plane (X, Y). While following this trajectory, and to test some of the extreme cases, several types of faults are produced. Some of these faults may be described by a decrease in tires inflation pressures. For that reason, an analytical model representing the comportment of the vehicle and integrating these faults is proposed. In order to use this model in the control, several validations are made by the advanced simulator VE-DYNA. As a second step of this work, the controller design is made; this controller acts on the steering angle and on the torques of the wheels. It is based on the principles of the predictive control. The controller is tested in two cases: in the normal case where the task is to follow a predefined trajectory without faults, and in the other case where the task is the same but faults described by tires pressures decrease are …",vehicles: electrical and hybrid vehicles,0.138
,,"BFA Fuzzy Logic Based Control Allocation for Fault-Tolerant Control of Multirotor UAVs
M Knayber, H Mazeh, M Saied, H Shraim, C Francis
Related articles",,,https://www.researchgate.net/profile/Francis-Clovis/publication/334112954_BFA_Fuzzy_Logic_Based_Control_Allocation_for_Fault-Tolerant_Control_of_Multirotor_UAVs/links/5e1444394585159aa4b85f79/BFA-Fuzzy-Logic-Based-Control-Allocation-for-Fault-Tolerant-Control-of-Multirotor-UAVs.pdf,,,,,"Vehicles: Electrical and hybrid vehicles, UAV, UWV",,Hassan Shraim,,,BFA Fuzzy Logic Based Control Allocation for Fault-Tolerant Control of Multirotor UAVs,,,,https://scholar.google.com/citations?view_op=view_citation&hl=en&user=0yU8LsEAAAAJ&cstart=20&pagesize=80&citation_for_view=0yU8LsEAAAAJ:kuK5TVdYjLIC,,,"M Knayber, H Mazeh, M Saied, H Shraim, C Francis","This paper deals with the problem of fault-tolerant control (FTC) for redundant multirotor unmanned aerial vehicles (UAVs) subject to actuators failures. A fuzzy logic approach is used to solve the constrained control allocation problem by adjusting the components of the multiplexing vector once a motor failure is detected. This fuzzy logic allocation problem is tuned using the Bacterial Foraging Algorithm (BFA), a powerful bio-inspired optimization technique. The effectiveness of this approach is illustrated through real experimental application to a hexarotor UAV, where up to two motors failures are considered.",uav,0.206
