Book,Conference,Scholar articles,Publication date,Volume,PDF Link,Patent office,Report number,Source,Pages,Research Interests,Total citations,Researcher Name,Inventors,Patent number,Title,Institution,Journal,Application number,Scholar Link,Issue,Publisher,Authors,Description,Classified_Topic,Classification_Confidence
,,"Oxidative stress and anxiety: relationship and cellular pathways
J Bouayed, H Rammal, R Soulimani - Oxidative medicine and cellular longevity, 2009
Cited by 650 Related articles All 15 versions",2009,2.0,https://onlinelibrary.wiley.com/doi/pdf/10.4161/oxim.2.2.7944,,,Oxidative medicine and cellular longevity,63-67,Medicinal & Aromatic Plants,Cited by 650,Hassan Rammal,,,Oxidative stress and anxiety: relationship and cellular pathways,,,,https://scholar.google.com/citations?view_op=view_citation&hl=en&user=Md-Qez4AAAAJ&citation_for_view=Md-Qez4AAAAJ:MXK_kJrjxJIC,2,Hindawi Publishing Corporation,"Jaouad Bouayed, Hassan Rammal, Rachid Soulimani","High O2 consumption, modest antioxidant defenses and a lipid‐rich constitution make the brain highly vulnerable to redox imbalances. Oxidative damage in the brain causes nervous system impairment. Recently, oxidative stress has also been implicated in depression, anxiety disorders and high anxiety levels. The findings which establish a link between oxidative stress and pathological anxiety have inspired a number of other recent studies focusing on the link between oxidative status and normal anxiety and also on a possible causal relationship between cellular oxidative stress and emotional stress. This review examines the recent discoveries made on the link between oxidative status and normal anxiety levels and the putative role of oxidative stress in genesis of anxiety. We discuss the different opinions and questions that exist in the field and review the methodological approaches that are being used to …",Unclassified,0.0
,,"Chlorogenic acid, a polyphenol from Prunus domestica (Mirabelle), with coupled anxiolytic and antioxidant effects
J Bouayed, H Rammal, A Dicko, C Younos… - Journal of the neurological sciences, 2007
Cited by 384 Related articles All 8 versions",2007/11/15,262.0,,,,,77-84,Medicinal & Aromatic Plants,Cited by 384,Hassan Rammal,,,"Chlorogenic acid, a polyphenol from Prunus domestica (Mirabelle), with coupled anxiolytic and antioxidant effects",,Journal of the neurological sciences,,https://scholar.google.com/citations?view_op=view_citation&hl=en&user=Md-Qez4AAAAJ&citation_for_view=Md-Qez4AAAAJ:KlAtU1dfN6UC,1-2,Elsevier,"Jaouad Bouayed, Hassan Rammal, Amadou Dicko, Chafique Younos, Rachid Soulimani","BACKGROUND
Oxidative stress is linked to neurodegenerative diseases, cancer, cardiovascular diseases and to some behaviors, such as anxiety and depression. In particular, recent research observed a close relationship between oxidative stress and anxiety.
METHODS
We investigated the anxiolytic effect of chlorogenic acid, a dietary antioxidant present in fruits, in mouse models of anxiety including the light/dark test, the elevated plus maze and the free exploratory test. Moreover, the antioxidative effect of chlorogenic acid on peripheral blood granulocytes was investigated.
RESULTS
Chlorogenic acid (20 mg/kg) induced a decrease in anxiety-related behaviors suggesting an anxiolytic-like effect of this polyphenol. The anti-anxiety effect was blocked by flumazenil suggesting that anxiety is reduced by activation of the benzodiazepine receptor. In vitro, chlorogenic acid protected granulocytes from oxidative …",Unclassified,0.0
,,"Evidence that oxidative stress is linked to anxiety-related behaviour in mice
H Rammal, J Bouayed, C Younos, R Soulimani - Brain, behavior, and immunity, 2008
Cited by 240 Related articles All 6 versions",2008/11/1,22.0,,,,,1156-1159,Medicinal & Aromatic Plants,Cited by 240,Hassan Rammal,,,Evidence that oxidative stress is linked to anxiety-related behaviour in mice,,"Brain, behavior, and immunity",,https://scholar.google.com/citations?view_op=view_citation&hl=en&user=Md-Qez4AAAAJ&citation_for_view=Md-Qez4AAAAJ:eQOLeE2rZwMC,8,Academic Press,"Hassan Rammal, Jaouad Bouayed, Chafique Younos, Rachid Soulimani","Oxidative stress in central and peripheral systems is involved in many diseases, including cancer, cardiovascular diseases, neurodegenerative diseases and several psychiatric disorders. In the present study, the brain and peripheral oxidative status of non-anxious and anxious mice was evaluated using 2′,7′-dichlorofluorescin diacetate (DCFH-DA), a sensor of reactive oxygen species (ROS). Here we report that anxiety levels are linked to the oxidative status in both neuronal and glial cells in the cerebellum and hippocampus, in neurons of the cerebral cortex and in peripheral leucocytes (monocytes, granulocytes and lymphocytes), revealing the presence of oxidative stress in the central and peripheral systems of anxious mice. These findings suggest the redox system in anxious mice may play a role in neuroinflammation and neurodegeneration, predisposing them to recurrent infections and chronic inflammation.",Unclassified,0.0
,,"Positive correlation between peripheral blood granulocyte oxidative status and level of anxiety in mice
J Bouayed, H Rammal, C Younos, R Soulimani - European journal of pharmacology, 2007
Cited by 144 Related articles All 6 versions",2007/6/14,564.0,,,,,146-149,Medicinal & Aromatic Plants,Cited by 144,Hassan Rammal,,,Positive correlation between peripheral blood granulocyte oxidative status and level of anxiety in mice,,European journal of pharmacology,,https://scholar.google.com/citations?view_op=view_citation&hl=en&user=Md-Qez4AAAAJ&citation_for_view=Md-Qez4AAAAJ:bEWYMUwI8FkC,1-3,Elsevier,"Jaouad Bouayed, Hassan Rammal, Chafique Younos, Rachid Soulimani","Oxidative stress is involved in many acute and chronic diseases including cancer, cardiovascular disorders and neurodegenerative diseases. We studied the relationship between the level of intracellular reactive oxygen species in peripheral granulocytes and the estimated anxiety level of mice using the behavioral light/dark choice test. Our results indicate a linear and significant relationship between the intracellular redox status of peripheral blood granulocytes and different parameters of anxiety-related behavior including latency time (R2=0.737, P<0.001), cumulative time spent in the lit box (R2=0.612, P<0.01) and number of entries into the lit box (R2=0.661, P<0.01). These results suggest a positive relationship between peripheral oxidative status and level of anxiety in mice.",Unclassified,0.0
,,"Techniques for the extraction of bioactive compounds from Lebanese Urtica Dioica
H Bandar, A Hijazi, H Rammal, A Hachem, Z Saad… - American Journal of Phytomedicine and Clinical …, 2013
Cited by 140 Related articles All 3 versions",2013,1.0,https://www.researchgate.net/profile/Hassan-Rammal/publication/322343078_Techniques_for_the_Extraction_of_Bioactive_Compounds_from_Lebanese_Urtica_dioica/links/6089129d881fa114b431c5eb/Techniques-for-the-Extraction-of-Bioactive-Compounds-from-Lebanese-Urtica-dioica.pdf,,,,507-513,Medicinal & Aromatic Plants,Cited by 140,Hassan Rammal,,,Techniques for the extraction of bioactive compounds from Lebanese Urtica Dioica,,American Journal of Phytomedicine and Clinical Therapeutics,,https://scholar.google.com/citations?view_op=view_citation&hl=en&user=Md-Qez4AAAAJ&citation_for_view=Md-Qez4AAAAJ:8k81kl-MbHgC,6,,"Hanan Bandar, Akram Hijazi, Hassan Rammal, Ali Hachem, Zeinab Saad, Bassam Badran","The use of bioactive compounds in different commercial sectors such as pharmaceutical, food and chemical industries assures the need of the most appropriate and standard method to extract these active components from plant materials. In the present study, conventional methods and numerous new methods (maceration, reflux, soxhlet, hydrodistillation, Ultrasound-Assisted Extraction (UAE) and Microwave-Assisted Extraction (MAE)) using different solvents have been developed for the extraction of bioactive compounds from Urtica dioica grown in Lebanon. Our results revealed that the extraction method, solvent and time had a significant effect on the amount of the extracted compounds. In terms of extraction method applied, microwave-assisted extraction was the more effective technique compared to the other methods. The extraction time was reduced, less solvent was used and the amount of extracted compounds was increased.",aromatic plants,0.2
,,"Comparative evaluation of the antioxidant potential of some Iranian medicinal plants
J Bouayed, K Piri, H Rammal, A Dicko, F Desor… - Food Chemistry, 2007
Cited by 140 Related articles All 6 versions",2007/1/1,104.0,,,,,364-368,Medicinal & Aromatic Plants,Cited by 140,Hassan Rammal,,,Comparative evaluation of the antioxidant potential of some Iranian medicinal plants,,Food Chemistry,,https://scholar.google.com/citations?view_op=view_citation&hl=en&user=Md-Qez4AAAAJ&citation_for_view=Md-Qez4AAAAJ:iH-uZ7U-co4C,1,Elsevier,"Jaouad Bouayed, Khosro Piri, Hassan Rammal, Amadou Dicko, Frédéric Desor, Chafique Younos, Rachid Soulimani","Medicinal plants are a source for a wide variety of natural antioxidants. In the study reported here, we have conducted a comparative study between five medicinal plants having the same geographic origin: the Hamadan region in the west of Iran and growing in the same natural conditions. The amount of total phenolics and total flavonoids for parts of these plants used in Iranian popular medicine were evaluated. Furthermore, antioxidant activities for these parts using vitamin C equivalent antioxidant capacity (VCEAC) test were also evaluated. The results show that the antioxidant activities varied greatly among the different plant parts used in this study and some plants are rich in natural antioxidants especially leaves of Lavandula officinalis and of Melissa officinalis. A positive correlation between total phenolic or flavonoid contents and VCEAC was found with a correlation coefficient of R2=0.961 and R2=0.817 …",medicinal,0.605
,,"In vitro antioxidant activity of ethanolic and aqueous extracts from crude Malva parviflora L. grown in Lebanon
H Farhan, H Rammal, A Hijazi, H Hamad, A Daher… - Asian J Pharm Clin Res, 2012
Cited by 130 Related articles All 2 versions",2012,5.0,https://www.researchgate.net/profile/Hassan-Rammal/publication/288801984_In_vitro_antioxidant_activity_of_ethanolic_and_aqueous_extracts_from_crude_Malva_parviflora_L_grown_in_Lebanon/links/60891228907dcf667bcae091/In-vitro-antioxidant-activity-of-ethanolic-and-aqueous-extracts-from-crude-Malva-parviflora-L-grown-in-Lebanon.pdf,,,,234-238,Medicinal & Aromatic Plants,Cited by 130,Hassan Rammal,,,In vitro antioxidant activity of ethanolic and aqueous extracts from crude Malva parviflora L. grown in Lebanon,,Asian J Pharm Clin Res,,https://scholar.google.com/citations?view_op=view_citation&hl=en&user=Md-Qez4AAAAJ&citation_for_view=Md-Qez4AAAAJ:qxL8FJ1GzNcC,3,,"H Farhan, H Rammal, A Hijazi, H Hamad, A Daher, M Reda, B Badran","In the present work the total phenolic and total flavonoid contents from the extracts of crude leaves and stems of Malva parviflora grown in Lebanon have been determined using the Folin–Ciocalteu reagent and aluminum chloride methods. Also, different classic methods have been used for the determination of total saponins, alkaloids, lipids and ash content in these two parts of this plant. On the other hand the antioxidant ability of these extracts have been estimated using three different methods 1, 1-diphenyl-2-picrylhydrazyl (DPPH), hydrogen peroxide (H2O2) and chelating of ferrous ions tests. The obtained results demonstrated that ethanolic extracts of leaves of M. parviflora showed higher contents in both total phenolic and total flavonoid than found in the aqueous extract. The DPPH and H2O2 methods showed strong antioxidant ability of the different extracts from leaves of M. parviflora. Therefore, the chelating of ferrous ions test indicated strong antioxidant ability only for the aqueous extract. The extract of both crude leaves and stems of M. parviflora presents good antioxidant potential and it will be useful as good source of natural products.",aromatic plants,0.2
,,"Effects of lactational exposure to benzo [α] pyrene (B [α] P) on postnatal neurodevelopment, neuronal receptor gene expression and behaviour in mice
J Bouayed, F Desor, H Rammal, AK Kiemer, E Tybl… - Toxicology, 2009
Cited by 96 Related articles All 13 versions",2009/5/17,259.0,https://www.academia.edu/download/43765533/Effects_of_lactational_exposure_to_benzo20160315-597-1b77t3s.pdf,,,,97-106,Medicinal & Aromatic Plants,Cited by 96,Hassan Rammal,,,"Effects of lactational exposure to benzo [α] pyrene (B [α] P) on postnatal neurodevelopment, neuronal receptor gene expression and behaviour in mice",,Toxicology,,https://scholar.google.com/citations?view_op=view_citation&hl=en&user=Md-Qez4AAAAJ&citation_for_view=Md-Qez4AAAAJ:k_IJM867U9cC,3,Elsevier,"Jaouad Bouayed, Frédéric Desor, Hassan Rammal, Alexandra K Kiemer, Elisabeth Tybl, Henri Schroeder, Guido Rychen, Rachid Soulimani","The harmful effects of exposure to benzo[α]pyrene (B[α]P), which is a neurotoxic pollutant, on mammalian neurodevelopment and/or behaviour as yet remain widely unclear. In the present investigation, we evaluated the impact of the lactational exposure to B[α]P on postnatal development of pups and behaviour of young mice. The neurobiological effects of B[α]P during lactation were also evaluated on pups’ brain. Here, we found that lactational exposure to B[α]P at 2 and 20mg/kg affects the neuromaturation of pups by significantly decreasing their reflex as highlighted in surface righting reflex and negative geotaxis tests. However, we noted a significant increase in muscular strength of lactationally B[α]P mg/kg-exposed pups, which was probably due to the impact of the exposure to this toxic compound on body weight gain. At the pup stage, lactational exposure to B[α]P also provoked a neurobiological change …",Unclassified,0.0
,,"The impact of high anxiety level on the oxidative status of mouse peripheral blood lymphocytes, granulocytes and monocytes
H Rammal, J Bouayed, C Younos, R Soulimani - European journal of pharmacology, 2008
Cited by 81 Related articles All 8 versions",2008/7/28,589.0,https://www.academia.edu/download/70021440/j.ejphar.2008.06.05320210920-570-1b1488m.pdf,,,,173-175,Medicinal & Aromatic Plants,Cited by 81,Hassan Rammal,,,"The impact of high anxiety level on the oxidative status of mouse peripheral blood lymphocytes, granulocytes and monocytes",,European journal of pharmacology,,https://scholar.google.com/citations?view_op=view_citation&hl=en&user=Md-Qez4AAAAJ&citation_for_view=Md-Qez4AAAAJ:qjMakFHDy7sC,1-3,Elsevier,"Hassan Rammal, Jaouad Bouayed, Chafique Younos, Rachid Soulimani","Anxiety has been implicated in a number of psychiatric disorders, such as generalized anxiety disorder, depression, panic attacks, phobias, obsessive–compulsive disorders and posttraumatic stress disorders. In this study, we investigated the impact of high anxiety on the levels of intracellular reactive oxygen species in lymphocytes, granulocytes and monocytes from the peripheral blood of mice by using a 2′,7′-dichlorofluorescein diacetate (DCFH-DA) probe. The behavioural light/dark choice test was used to distinguish highly anxious from less anxious mice. Our results showed that a high anxiety level significantly increased the generation of reactive oxygen species in the peripheral blood lymphocytes, granulocytes and monocytes.",Unclassified,0.0
,,"Preliminary phytochemical screening and extraction of polyphenol from stems and leaves of a Lebanese plant Malva parviflora L
H Farhan, H Rammal, A Hijazi, B Badran - Int J Curr Pharm Res, 2012
Cited by 71 Related articles All 2 versions",2012/1,4.0,https://www.academia.edu/download/53367235/hussein_farhan.pdf,,,,55-59,Medicinal & Aromatic Plants,Cited by 71,Hassan Rammal,,,Preliminary phytochemical screening and extraction of polyphenol from stems and leaves of a Lebanese plant Malva parviflora L,,Int J Curr Pharm Res,,https://scholar.google.com/citations?view_op=view_citation&hl=en&user=Md-Qez4AAAAJ&citation_for_view=Md-Qez4AAAAJ:r0BpntZqJG4C,1,,"Hussein Farhan, HASSAN Rammal, AKRAM Hijazi, BASSAM Badran","In this study, the primary phytochemical screening of the stems and leaves of a Lebanese plant Malva parviflora L. have been done. Also, an extraction and a partial purification of the phenolic compounds of the two parts of this plant have been realized and their antioxidant activity has been evaluated using two different tests, DPPH and the H2O2 test. The obtained results of the phytochemical screening showed the presence of flavonoids, tannins, phenols, saponins, alkaloids and resin in both parts of M. parviflora. Also, our results demonstrated that the total phenolic content (TPC) was found at higher levels in the stems and leaves of this plant and this amount was at 40 mg/ml. The DPPH test demonstrated higher antioxidant potential at 4 mg/ml of M. porviflora. Also, the H2O2 test showed that this maximal antioxidant activity was at 2.5 mg/ml of M. porviflora.",aromatic plants,0.2
,,"A direct relationship between aggressive behavior in the resident/intruder test and cell oxidative status in adult male mice
H Rammal, J Bouayed, R Soulimani - European journal of pharmacology, 2010
Cited by 68 Related articles All 8 versions",2010/2/10,627.0,https://www.academia.edu/download/105093712/j.ejphar.2009.11.00120230818-1-ystysk.pdf,,,,173-176,Medicinal & Aromatic Plants,Cited by 68,Hassan Rammal,,,A direct relationship between aggressive behavior in the resident/intruder test and cell oxidative status in adult male mice,,European journal of pharmacology,,https://scholar.google.com/citations?view_op=view_citation&hl=en&user=Md-Qez4AAAAJ&citation_for_view=Md-Qez4AAAAJ:Zph67rFs4hoC,1-3,Elsevier,"Hassan Rammal, Jaouad Bouayed, Rachid Soulimani","Disturbances in oxidative metabolism are involved in many acute and chronic diseases, as well as in several other conditions. The objective of the present study was to examine the relationship between the level of intracellular reactive oxygen species in the peripheral blood granulocytes of mice, as evaluated by 2′,7′-dichlorofluorescin diacetate (DCFH-DA), a sensor of reactive oxygen species, and the aggressive behavior of these mice, as estimated by the resident/intruder test. Our results showed a significant, linear and positive relationship (P<0.001) between the intracellular redox status of peripheral blood granulocytes and the aggressive behavior levels of adult male mice (correlation coefficients (R2) ranging from 0.75 to 0.77). This suggests that the granulocytes of aggressively behaving mice have high levels of oxidative stress.",Unclassified,0.0
,,"Phytochemical screening and antioxidant activity of Lebanese Eryngium creticum L
H Farhan, F Malli, H Rammal, A Hijazi, A Bassal… - Asian Pacific Journal of Tropical Biomedicine, 2012
Cited by 64 Related articles All 4 versions",2012/1/1,2.0,https://www.academia.edu/download/53367311/hussein_farhan_2.pdf,,,,S1217-S1220,Medicinal & Aromatic Plants,Cited by 64,Hassan Rammal,,,Phytochemical screening and antioxidant activity of Lebanese Eryngium creticum L,,Asian Pacific Journal of Tropical Biomedicine,,https://scholar.google.com/citations?view_op=view_citation&hl=en&user=Md-Qez4AAAAJ&citation_for_view=Md-Qez4AAAAJ:isC4tDSrTZIC,3,No longer published by Elsevier,"Hussein Farhan, Fatima Malli, Hassan Rammal, Akram Hijazi, Ali Bassal, Nawal Ajouz, Bassam Badran","Objective
To determine the phytochemical screening and quantification of total phenolics contents in fresh Eryngium creticum (E. creticum) leaves and stems extract and to evaluate its total antioxidant activity.
Methods
Quantification of total phenolics contents in fresh E. creticum leaves and stems extract and evaluation of its total antioxidant activity, were done using the spectrophotometric analyses.
Results
The consumption of 100 g of fresh E. creticum leaves and stems could provide antioxidants equivalent to (78.50±0.80) mg of vitamin C and (50.42±0.50) mg of vitamin C, respectively.
Conclusions
From this study, it can be concluded that E. creticum can be interesting to prevent diseases directly linked to oxidative stress.",Unclassified,0.0
,,"An insight into the removal of Cu (II) and Pb (II) by aminopropyl-modified mesoporous carbon CMK-3: adsorption capacity and mechanism
H Hamad, Z Ezzeddine, F Lakis, H Rammal, M Srour… - Materials Chemistry and Physics, 2016
Cited by 52 Related articles All 3 versions",2016/8/1,178.0,https://www.academia.edu/download/45771036/An_insight_into_the_removal_of_Cu_II_and_Pb_II_by_aminopropylmodified.pdf,,,,57-64,Medicinal & Aromatic Plants,Cited by 52,Hassan Rammal,,,An insight into the removal of Cu (II) and Pb (II) by aminopropyl-modified mesoporous carbon CMK-3: adsorption capacity and mechanism,,Materials Chemistry and Physics,,https://scholar.google.com/citations?view_op=view_citation&hl=en&user=Md-Qez4AAAAJ&citation_for_view=Md-Qez4AAAAJ:WF5omc3nYNoC,,Elsevier,"Hussein Hamad, Zeinab Ezzeddine, Fatima Lakis, Hassan Rammal, Mortada Srour, Akram Hijazi","In this study, the adsorption of heavy metal ions onto ordered mesoporous carbon CMK-3 was investigated. CMK-3 has been synthesized using SBA-15 as the hard template and then directly amino-functionalized by the treatment with 3-aminopropyltrimethoxysilane (APTMS) without the need of oxidation before. The thus obtained modified mesoporous carbon has been characterized by nitrogen sorption, X-ray diffraction and infrared spectroscopy. Its adsorption efficiency for the removal of Cu2+ and Pb2+ from aqueous solutions was tested. The effects of contact time, pH and initial metal ions concentration were investigated as well. The adsorption capacities were very high (3.5 mmol g−1 and 8.6 mmol g−1 for Pb2+ and Cu2+ respectively). These values depend largely on the speciation of metal ions as a function of pH. The selectivity was also dependent on the nature of metal ions rather than the adsorbent used …",Unclassified,0.0
,,"The impact of high anxiety level on cellular and humoral immunity in mice
H Rammal, J Bouayed, J Falla, N Boujedaini… - Neuroimmunomodulation, 2009
Cited by 50 Related articles All 8 versions",2009/10/5,17.0,https://www.researchgate.net/profile/Jaouad-Bouayed/publication/26882023_The_Impact_of_High_Anxiety_Level_on_Cellular_and_Humoral_Immunity_in_Mice/links/565ed74908ae1ef92983f24d/The-Impact-of-High-Anxiety-Level-on-Cellular-and-Humoral-Immunity-in-Mice.pdf,,,,1-8,Medicinal & Aromatic Plants,Cited by 50,Hassan Rammal,,,The impact of high anxiety level on cellular and humoral immunity in mice,,Neuroimmunomodulation,,https://scholar.google.com/citations?view_op=view_citation&hl=en&user=Md-Qez4AAAAJ&citation_for_view=Md-Qez4AAAAJ:UeHWp8X0CEIC,1,S. Karger AG,"Hassan Rammal, Jaouad Bouayed, Jaïro Falla, Naoual Boujedaini, Rachid Soulimani","Background/Aims: In the present study, we aimed to examine whether a high anxiety level affects various parameters of immunity in mice. Methods: We used the behavioral light/dark choice test to evaluate whether high anxiety has an impact on various parameters of cellular (granulocytes, monocytes, total lymphocytes, TCD4+, TCD8+ and NK numbers) and humoral (IgA, E and G concentrations) immunity. Secondly, we investigated whether the cellular and humoral immune systems of mice with contrasting levels of anxiety responded differently to stressors (such as physical restraint) by monitoring blood markers of the both types of immunity. Results: High levels of anxiety inhibited part of the cellular and humoral immune systems by significantly decreasing total lymphocytes numbers (including TCD4+ and TCD8+) and immunoglobulin (A and E) concentrations. However, no significant changes in the …",Unclassified,0.0
,,"Phytochemical screening and extraction of polyphenol from stems and leaves of a Lebanese Euphorbia macrolada schyzoceras Boiss.
H Farhan, H Rammal, A Hijazi, H Hamad, B Badran - 2012
Cited by 45 Related articles
COPARISON OF THE EFFECT OF CALVATIA CRANIFORMIS MUSHROOM EXTRACT WITH SOME COMMON ANTIBIOTICS USED IN TREATMENT OF BACTERIAL ENDOMETRITIS IN WOMEN OF BAQUBACITY AND IT’S PERIPHERIES*
AA Farhan, GH Jameel, AR Salman - Diyala Agricultural Sciences Journal, 2012
Cited by 2 Related articles All 2 versions",2012/2/29,3.0,,,,,149-156,Medicinal & Aromatic Plants,Cited by 47,Hassan Rammal,,,Phytochemical screening and extraction of polyphenol from stems and leaves of a Lebanese Euphorbia macrolada schyzoceras Boiss.,,,,https://scholar.google.com/citations?view_op=view_citation&hl=en&user=Md-Qez4AAAAJ&citation_for_view=Md-Qez4AAAAJ:ZeXyd9-uunAC,1,,"H Farhan, H Rammal, A Hijazi, H Hamad, B Badran","In our work, the primary phytochemical screening of stems and leaves from Euphorbia macroclada schyzoceras grown in Lebanon has been accomplished. Also, the extraction and the partial purification of the phenolic compounds of the two parts of this plant have been done and their scavenger activity has been evaluated using two different tests, the DPPH and the H2O2 test. The obtained results of the phytochemical screening showed the existence of terpenoids, flavonoids, tannins, phenols, saponins, and alkaloids in the two studied parts of the plant. On the other hand, our results demonstrated that the total phenolic content (TPC) of E. macroclada was found at higher levels at 10.57±0009 mg/ml of leaves. The DPPH test demonstrated a higher antioxidant potential at 2.4 mg/ml of E. macroclada. Moreover, the H2O2 test showed that this maximal antioxidant activity was at 1.6 mg/ml of E. macroclada.",aromatic plants,0.2
,,"Effect of different ethanol concentrations, using different extraction techniques, on the antioxidant capacity of Lebanese Eryngium creticum
A Hijazi, DS Al Masri, H Farhan, M Nasser, H Rammal… - Journal of pharmaceutical, chemical and biological …, 2015
Cited by 46 Related articles All 3 versions",2015/6,3.0,https://www.academia.edu/download/95204178/2015_3_2_15_Hijazi.pdf,,,,262-271,Medicinal & Aromatic Plants,Cited by 46,Hassan Rammal,,,"Effect of different ethanol concentrations, using different extraction techniques, on the antioxidant capacity of Lebanese Eryngium creticum",,"Journal of pharmaceutical, chemical and biological sciences",,https://scholar.google.com/citations?view_op=view_citation&hl=en&user=Md-Qez4AAAAJ&citation_for_view=Md-Qez4AAAAJ:YsMSGLbcyi4C,2,,"Akram Hijazi, Diana S Al Masri, Hussein Farhan, Mohamad Nasser, Hassan Rammal, Hussien Annan","This study aims to investigate the effects of different percentages of ethanol (40%, 80%, and 100%) and extraction times (2h, 4h, 12h for reflux), by using conventional (maceration and reflux) and nonconventional (microwave assisted extraction) extraction techniques, on the bioactive phenolic compounds and the antioxidant activity of the Lebanese Eryngium creticum. The quantification of these extracts showed that this plant is rich in secondary metabolites. Moreover, the nonconventional microwave assisted extraction technique was more effective (1.718 g of extract compared to the other used methods) along with a reduced extraction time and less used solvent. The antioxidant activity was evaluated using the DPPH radical scavenging assay and ferric reducing antioxidant power. Results showed that extracts, using 40% ethanol, possessed the highest iron chelating activity (87.92%). On the other hand, the extracts had the highest DPPH scavenging activity (89.92%) after using 80% ethanol. All these results prove that E. creticum is a good source of different antioxidant and bioactive compounds.",aromatic plants,0.2
,,"The antioxidant effect of plums and polyphenolic compounds against H2O2-induced oxidative stress in mouse blood granulocytes
J Bouayed, H Rammal, A Dicko, C Younos… - Journal of Medicinal Food, 2009
Cited by 36 Related articles All 9 versions",2009/8/1,12.0,,,,,861-868,Medicinal & Aromatic Plants,Cited by 36,Hassan Rammal,,,The Antioxidant Effect of Plums and Polyphenolic Compounds Against H2O2-Induced Oxidative Stress in Mouse Blood Granulocytes,,Journal of Medicinal Food,,https://scholar.google.com/citations?view_op=view_citation&hl=en&user=Md-Qez4AAAAJ&citation_for_view=Md-Qez4AAAAJ:HDshCWvjkbEC,4,"Mary Ann Liebert, Inc.","Jaouad Bouayed, Hassan Rammal, Amadou Dicko, Chafique Younos, Rachid Soulimani","Epidemiological and scientific research has contributed to the identification of the key role of dietary antioxidants in maintaining human health by preventing oxidative damage to cellular components. The antiradical activity of seven varieties of plums and their protective effects against oxidative stress were comparatively evaluated in mouse granulocytes in this study using a 2,2′-azino-bis(3-ethylbenzothiazoline-6-sulfonic acid) (ABTS) test and a cellular test. The class of phytochemical compounds responsible for the main antioxidant capacities observed was also investigated. The ABTS and cellular tests revealed that the total antioxidant capacities, expressed as vitamin C equivalents, ranged from 691.2 to 2,164.64 mg and from 613.98 to 2,137.59 mg per 100 g of fresh weight, respectively, suggesting that plums are rich in natural antioxidants and appreciably protect granulocytes from oxidative stress. Our …",Unclassified,0.0
,,"Antioxidant, cytotoxic properties and phytochemical screening of two Lebanese medicinal plants
H Rammal, H Farhan, H Mohsen, A Hijazi, A Kobeissy… - Int. Res. J. Pharm, 2013
Cited by 33 Related articles",2013/5,4.0,,,,,132-136,Medicinal & Aromatic Plants,Cited by 33,Hassan Rammal,,,"Antioxidant, cytotoxic properties and phytochemical screening of two Lebanese medicinal plants",,Int. Res. J. Pharm,,https://scholar.google.com/citations?view_op=view_citation&hl=en&user=Md-Qez4AAAAJ&citation_for_view=Md-Qez4AAAAJ:qUcmZB5y_30C,5,,"H Rammal, H Farhan, H Mohsen, A Hijazi, A Kobeissy, A Daher, B Badran",,medicinal,0.636
,,"Laurus nobilis leaves and fruits: A review of metabolite composition and interest in human health
F Awada, K Hamade, M Kassir, Z Hammoud… - Applied Sciences, 2023
Cited by 28 Related articles All 5 versions",2023/4/5,13.0,https://www.mdpi.com/2076-3417/13/7/4606,,,Applied Sciences,4606,Medicinal & Aromatic Plants,Cited by 28,Hassan Rammal,,,Laurus nobilis Leaves and Fruits: A Review of Metabolite Composition and Interest in Human Health,,,,https://scholar.google.com/citations?view_op=view_citation&hl=en&user=Md-Qez4AAAAJ&citation_for_view=Md-Qez4AAAAJ:SeFeTyx0c_EC,7,MDPI,"Fatme Awada, Kamar Hamade, Mounir Kassir, Zeinab Hammoud, François Mesnard, Hassan Rammal, Ophelie Fliniaux","Laurus nobilis belongs to the family Lauraceae and is characterized by its evergreen nature. It is well known because of its traditional use in cooking and folk medicine. Many studies have been performed regarding its chemical composition and the pharmacological potential it exhibits. It has been reported to have antioxidant, antibacterial, antifungal, antiviral, biocidal, antidiabetic, antiulcerogenic, neuroprotective, analgesic, anti-inflammatory, and anticholinergic properties, making this plant of great clinical importance. The main chemical compounds that show bioactive properties in L. nobilis are terpenoids, phenolics, and fatty acids. The purpose of this review is to describe the main use of L. nobilis, notably of the leaves and fruits, and to relate their metabolite content with their pharmacological and toxicological properties.",medicinal,0.4
,,"Removal of lead (II) ions from waste water by using Lebanese Cymbopogon citratus (lemon grass) stem as adsorbent
M Sobh, MA Moussawi, W Rammal, A Hijazi… - Am J Phytomed Clin Ther, 2014
Cited by 26 Related articles All 3 versions",2014,2.0,https://www.researchgate.net/profile/Tayssir-Hamieh/publication/320809574_Removal_of_Lead_II_ions_from_waste_water_by_using_Lebanese_Cymbopogon_citratus_Lemon_Grass_stem_as_adsorbent/links/6787893143ffa93f52d535c9/Removal-of-Lead-II-ions-from-waste-water-by-using-Lebanese-Cymbopogon-citratus-Lemon-Grass-stem-as-adsorbent.pdf,,,,1070-1080,Medicinal & Aromatic Plants,Cited by 26,Hassan Rammal,,,Removal of lead (II) ions from waste water by using Lebanese Cymbopogon citratus (lemon grass) stem as adsorbent,,Am J Phytomed Clin Ther,,https://scholar.google.com/citations?view_op=view_citation&hl=en&user=Md-Qez4AAAAJ&citation_for_view=Md-Qez4AAAAJ:maZDTaKrznsC,9,,"Mona Sobh, Mhamad-Aly Moussawi, Wassim Rammal, Akram Hijazi, Hassan Rammal, Mohamad Reda, T Hamieh","The objective of this study was to investigate the possibility of using Lebanese Cymbopogon citratus stems as an alternative adsorbent for the removal of Pb (II) ions from aqueous solutions. The effect of different parameters such as the initial metal ion concentration, pH, adsorbent dose, contact time and temperature were studied. Maximum adsorption capacity (93%) of lead (II) ion was obtained at pH 4 and 25 C after 1 hour for150 mg/L initial concentration. FT-IR analysis pointed out the involvement of amine and carboxyl group in the adsorption process. The adsorption isotherm was better described by Freundlich rather than Langmuir model. Based on these results, it can be concluded that the stem of Cymbopogon citratus is effective as an alternative adsorbent for the removal of toxic Pb (II) from waste water.",Unclassified,0.0
,,"Chemical composition and antioxidant activity of a Lebanese plant Euphorbia macroclada schyzoceras
H Farhan, H Rammal, A Hijazi, A Daher, M Reda… - Asian Pacific Journal of Tropical Biomedicine, 2013
Cited by 25 Related articles All 12 versions",2013/7/1,3.0,https://pmc.ncbi.nlm.nih.gov/articles/PMC3695579/pdf/apjtb-03-07-542.pdf,,,,542-548,Medicinal & Aromatic Plants,Cited by 25,Hassan Rammal,,,Chemical composition and antioxidant activity of a Lebanese plant Euphorbia macroclada schyzoceras,,Asian Pacific Journal of Tropical Biomedicine,,https://scholar.google.com/citations?view_op=view_citation&hl=en&user=Md-Qez4AAAAJ&cstart=20&pagesize=80&citation_for_view=Md-Qez4AAAAJ:9ZlFYXVOiuMC,7,No longer published by Elsevier,"Hussein Farhan, Hassan Rammal, Akram Hijazi, Ahmad Daher, Mohamad Reda, Hussein Annan, Ali Chokr, Ali Bassal, Bassam Badran","Objective
To determine the chemical composition, total phenolic and total flavonoid contents of the crude extracts from leaves and stems of a Lebanese plant Euphorbia macroclada schyzoceras (E. macroclada), and to evaluate their antioxidant potential using DPPH, H2O2, and chelating of ferrous ions tests.
Methods
Quantification of the total phenolic and total flavonoid contents of the crude extracts from leaves and stems and the antioxidant activities were evaluated using spectrophotometric analyses. The chemical composition has been estimated using different techniques such as IR, LC/MS and NMR.
Results
Ethanolic extract from leaves of E. macroclada was better than aqueous extract and showed higher content in total phenolic and total flavonoid than found in the stems. On the other hand, using DPPH and H2O2 tests, this extract from leaves showed higher antioxidant capacity than aqueous extract. However …",aromatic plants,0.2
,,"Techniques for the Extraction of Bioactive Compounds from Lebanese Urtica dioica. Maceration method
B Hanan, H Akram, R Hassan, H Ali, S Zeinab… - American Journal of phytomedicine and clinical …, 2013
Cited by 22 Related articles",2013,1.0,,,,,507-513,Medicinal & Aromatic Plants,Cited by 22,Hassan Rammal,,,Techniques for the Extraction of Bioactive Compounds from Lebanese Urtica dioica. Maceration method,,American Journal of phytomedicine and clinical therapeutics,,https://scholar.google.com/citations?view_op=view_citation&hl=en&user=Md-Qez4AAAAJ&cstart=20&pagesize=80&citation_for_view=Md-Qez4AAAAJ:Se3iqnhoufwC,6,,"B Hanan, H Akram, R Hassan, H Ali, S Zeinab, B Bassam",,Unclassified,0.0
,,"Etude phytochimique de Euphorbiacées: Ricinus comm Evaluation de leur propriét leur action i l’acetylcholine
H Rammal, A Dicko - 2015
Cited by 20 Related articles All 7 versions",2015,,https://theses.fr/api/v1/document/2015LORR0006,,,,,Medicinal & Aromatic Plants,Cited by 20,Hassan Rammal,,,Etude phytochimique de Euphorbiacées: Ricinus comm Evaluation de leur propriét leur action i l’acetylcholine,,,,https://scholar.google.com/citations?view_op=view_citation&hl=en&user=Md-Qez4AAAAJ&cstart=20&pagesize=80&citation_for_view=Md-Qez4AAAAJ:M05iB0D1s5AC,,,"Hassan Rammal, Amadou Dicko","Ce travail de recherche est centré sur la valorisation de deux Euphorbiacées: Ricinus communis et Jatropha curcas. La première est une espèce autochtone connue comme plante dont l’huile des graines est utilisée pour ses vertus cosmétiques quant à la deuxième, c’est une espèce allochtone récemment introduite à titre expérimental en Tunisie et connue comme plante bioénergetique. Pour le ricin huit populations Tunisiennes ont été étudiées: Riadh",aromatic plants,0.2
,,"Scavenger capacity of Momordica charantia for reactive oxygen species
H Rammal, J Bouayed, A Hijazi, M Ezzedine… - J Nat Prod, 2012
Cited by 20 Related articles All 5 versions",2012,5.0,https://www.researchgate.net/profile/Mohamad-Ezzedine/publication/283972037_Scavenger_capacity_of_Momordica_charantia_for_reactive_oxygen_species/links/569a382e08ae6169e556a178/Scavenger-capacity-of-Momordica-charantia-for-reactive-oxygen-species.pdf,,,,54-59,Medicinal & Aromatic Plants,Cited by 20,Hassan Rammal,,,Scavenger capacity of Momordica charantia for reactive oxygen species,,J Nat Prod,,https://scholar.google.com/citations?view_op=view_citation&hl=en&user=Md-Qez4AAAAJ&cstart=20&pagesize=80&citation_for_view=Md-Qez4AAAAJ:QIV2ME_5wuYC,,,"Hassan Rammal, Jaouad Bouayed, Akram Hijazi, Mohamad Ezzedine, Rachid Soulimani","In order to quantify total phenolics and flavonoids contents in Momordica charantia fruit extract and its total antioxidant activity, the spectrophotometric analyses were employed. Furthermore, to confirm the antioxidant activity of M. charantia under biological medium, the cellular test using DCFH, sensor of reactive oxygen species (ROS), was used. This study reports the total antioxidant capacity of M. charantia and highlights its scavenger capacity for ROS. The consumption of 100g of M. charantia fruit can provide antioxidants equivalent to 145±1.16 mg of vitamin C.",Unclassified,0.0
,,"Antibacterial activity of two Lebanese plants: Eryngium creticum and Centranthus longiflorus
R Makki, ZE Dirani, H Rammal, A Sweidan, A Al Bazzal… - Journal of Nanomedicine & Nanotechnology, 2015
Cited by 19 Related articles All 4 versions",2015/9/1,6.0,https://www.researchgate.net/profile/Zeinab-El-Dirani-2/publication/315103710_Antibacterial_Activity_of_Two_Lebanese_Plants_Eryngium_creticum_and_Centranthus_longiflorus/links/598182894585150575c006a4/Antibacterial-Activity-of-Two-Lebanese-Plants-Eryngium-creticum-and-Centranthus-longiflorus.pdf,,,,1,Medicinal & Aromatic Plants,Cited by 19,Hassan Rammal,,,Antibacterial activity of two Lebanese plants: Eryngium creticum and Centranthus longiflorus,,Journal of Nanomedicine & Nanotechnology,,https://scholar.google.com/citations?view_op=view_citation&hl=en&user=Md-Qez4AAAAJ&cstart=20&pagesize=80&citation_for_view=Md-Qez4AAAAJ:ULOm3_A8WrAC,5,OMICS Publishing Group,"R Makki, ZE Dirani, H Rammal, A Sweidan, A Al Bazzal, Ali Chokr","Lebanon is one of many countries that are famous in their natural wealth and wide diversity. And due to the limited research regarding the traditional medicine worldwide, we aimed to conduct a study, for the first time, on two Lebanese plants: Eryngium creticum and Centranthus longiflorus L., in order to evaluate the antibacterial activity of the aqueous and ethanolic extracts of the different plant parts, during two harvesting periods, on five bacterial strains: Gram-positive and Gram-negative. It was observed that the aqueous extract showed a stronger antibacterial activity against S. epidermidis than the ethanolic extract in both plants and during the two harvesting periods. Regarding the Gramnegative bacteria, E. coli was highly resistant where it was not inhibited by E. creticum during the first period, however P. aeruginosa showed an alternating resistance and was stronger in the second period for E. creticum and in both periods for C. longiflorus. Further research studies need to be conducted in order to confirm the antibacterial effects of these two Lebanese plants.",medicinal,0.4
,,"Caractérisation et bioévaluation des polyphénols: nouveaux domaines d’application en santé et nutrition
J Bouayed, H Rammal, C Younos, A Dicko… - Phytothérapie, 2008
Cited by 18 Related articles All 7 versions",2008/4,6.0,https://www.researchgate.net/profile/Hassan-Rammal/publication/226508367_Caracterisation_et_bioevaluation_des_polyphenols_nouveaux_domaines_d'application_en_sante_et_nutrition/links/608910d9881fa114b431c53b/Caracterisation-et-bioevaluation-des-polyphenols-nouveaux-domaines-dapplication-en-sante-et-nutrition.pdf,,,,71-74,Medicinal & Aromatic Plants,Cited by 18,Hassan Rammal,,,Caractérisation et bioévaluation des polyphénols: nouveaux domaines d’application en santé et nutrition,,Phytothérapie,,https://scholar.google.com/citations?view_op=view_citation&hl=en&user=Md-Qez4AAAAJ&cstart=20&pagesize=80&citation_for_view=Md-Qez4AAAAJ:dhFuZR0502QC,2,Springer-Verlag,"J Bouayed, H Rammal, C Younos, A Dicko, Rachid Soulimani","Dans cette étude, nous avons montré que plusieurs variétés de prunes permettent la protection des granulocytes contre le stress oxydant par leur potentiel inhibiteur d’accumulation intracellulaire des espèces réactives de l’oxygène (ERO) qui sont très cytotoxiques et impliquées dans de nombreux troubles. Ainsi, la consommation de 100 g de prunes fraîches correspondrait en effet antioxydant à l’équivalent de 614 et 2 138 mg de vitamine C. Le profil chimique des polyphénols majoritaires des prunes a été établi par nos études grâce à des méthodes analytiques de chromatographie (CLHP) montrant que l’acide néochlorogénique est le polyphénol prédominant. Les prunes se sont également révélées une source de polyphénols ayant un double effet: antioxydant et anxiolytique, tels que l’acide chlorogénique, ce qui donne aux polyphénols de nouveaux champs d’applications dans le domaine de la …",Unclassified,0.0
,,"Chemical composition of Lebanese Eryngium creticum L.
M Dammous, H Farhan, H Rammal, A Hijazi, A Bassal… - International Journal of Sciences, 2014
Cited by 16 Related articles All 3 versions",2014/4/4,3.0,https://papers.ssrn.com/sol3/Delivery.cfm?abstractid=2573642,,,,,Medicinal & Aromatic Plants,Cited by 16,Hassan Rammal,,,Chemical composition of Lebanese Eryngium creticum L.,,International Journal of Sciences,,https://scholar.google.com/citations?view_op=view_citation&hl=en&user=Md-Qez4AAAAJ&cstart=20&pagesize=80&citation_for_view=Md-Qez4AAAAJ:LkGwnXOMwfcC,,,"Mirella Dammous, Hassan Farhan, Hassan Rammal, Akram Hijazi, Ali Bassal, Hussein Fayyad-Kazan, Yolla Makhour, Bassam Badran","This work aimed to purify, identify and quantify some of the bioactive compounds in the aqueous and ethanolic extracts from a Lebanese Eryngium creticum L. in addition to evaluate its metal content, particularly trace elements and thus to estimate its antioxidant activity. The phytochemical screening results indicated the presence of different bioactive compounds in both extracts mainly phenolic compounds, alkaloids, glycosides, terpenoids and flavonoids. On the other hand, XRF showed that this plant contains metals such silver, zirconium, nickel, selenium, niobium and molybdenum, iron, calcium, manganese and copper. The results of three in vitro antioxidant methods, DPPH, Ferrozine and H2O2 showed a significant antioxidant activity in both ethanolic and aqueous extracts revealing that E. creticum is a good source of different antioxidant and bioactive compounds.",aromatic plants,0.2
,,"Effects of long term exposure to RF/MW radiations on the expression of mRNA of stress proteins in Lycopersicon esculentum
M Rammal, F Jebai, H Rammal, WH Joumaa - WSEAS Transactions on Biology and Biomedicine, 2014
Cited by 16 Related articles All 5 versions",2014,11.0,https://www.wseas.com/journals/bab/2014/a045708-113.pdf,,,,10-14,Medicinal & Aromatic Plants,Cited by 16,Hassan Rammal,,,Effects of long term exposure to RF/MW radiations on the expression of mRNA of stress proteins in Lycopersicon esculentum,,WSEAS Transactions on Biology and Biomedicine,,https://scholar.google.com/citations?view_op=view_citation&hl=en&user=Md-Qez4AAAAJ&cstart=20&pagesize=80&citation_for_view=Md-Qez4AAAAJ:hFOr9nPyWt4C,,WSEAS,"Marwa Rammal, FATIMA Jebai, Hassan Rammal, Wissam H Joumaa","Low levels of RF radiation exposure can modify the protein’s activity by stimulating or inhibiting their expression in cells. The proteinase inhibitor (Pin II) and Lycospersicon esculentum basic leucine Zipper1 (lebZIP1) are two wound-plants genes. The aim of this work is to study the rate of accumulation of pin II and lebZIP1 at the level of messenger RNA after 10 days of electromagnetic waves exposure. Using RT-PCR and RT-qPCR, the results show that Pin II and lebZIP1synthesis change at the level of cDNA. PinII and lebZIP1 surexpression influence the growth and the differentiation and evoke an increase of protein accumulation in the cell.",aromatic plants,0.205
,,"Chemical composition and antioxidant activity of lebanese Punica granatum peels
A Sabbah, M Nasser, F As-sadi, A Hijazi, H Rammal… - Int J Pharma Res Health Sci, 2017
Cited by 15 Related articles",2017,5.0,https://www.researchgate.net/profile/Abbas-Sabbah/publication/314368057_Chemical_Composition_and_Antioxidant_Activity_of_Lebanese_Punica_Granatum_Peels/links/58c1135292851c2adfee7762/Chemical-Composition-and-Antioxidant-Activity-of-Lebanese-Punica-Granatum-Peels.pdf,,,,1552-7,Medicinal & Aromatic Plants,Cited by 15,Hassan Rammal,,,Chemical composition and antioxidant activity of lebanese Punica granatum peels,,Int J Pharma Res Health Sci,,https://scholar.google.com/citations?view_op=view_citation&hl=en&user=Md-Qez4AAAAJ&cstart=20&pagesize=80&citation_for_view=Md-Qez4AAAAJ:5nxA0vEk-isC,1,,"Abbas Sabbah, Mohamad Nasser, Falah As-sadi, Akram Hijazi, Hassan Rammal, Ghassan Nasser","Objective: The use of traditional medicines and medicinal plants in most developing countries as a normative basis for the maintenance of good health has been widely observed. The present study was undertaken first, to determine the chemical composition, the total phenolic and total flavonoids content of the Lebanese Punica granatum peels; second to quantify some of its bioactive contents and finally to evaluate its antioxidant capacity. Methods: Chemical composition was determined using a standard phytochemical screening. The antioxidant capacity has been evaluated using the DPPH in vitro test. Total phenolic and total flavonoids contents have been determined using the Folin-Ciocalteau reagent and the aluminum chloride method respectively.
Results: The obtained results of the phytochemical screening indicated the presence of various secondary metabolites such phenols, flavonoids among others. Also, methanol extract from peels of P. granatum has the highest phenolic content (185.43 mg/ml) than that of ethanol (80.01 mg/ml) and water (14.91 mg/ml) extracts. Also, these peels were rich in flavonoids (3.86 mg/ml). On the other hand, ethanol extract has exerted a higher antioxidant capacity reaching 95% at the concentration 50 µg/ml than that of methanol extract (45%) at the same concentration.
Conclusion: Punica granatum’s peels are considered as good source of different antioxidant and bioactive compounds.",medicinal,0.603
,,"Intensification of polyphenols extraction from Eryngium creticum leaves using Ired-Irrad® and evaluation of antibiofilm and antibacterial activities
M Hammoud, A Chokr, HN Rajha, C Safi, M Walsem… - Plants, 2022
Cited by 14 Related articles All 17 versions",2022/9/21,11.0,https://www.mdpi.com/2223-7747/11/19/2458,,,,2458,Medicinal & Aromatic Plants,Cited by 14,Hassan Rammal,,,Intensification of Polyphenols Extraction from Eryngium creticum Leaves Using Ired-Irrad® and Evaluation of Antibiofilm and Antibacterial Activities,,Plants,,https://scholar.google.com/citations?view_op=view_citation&hl=en&user=Md-Qez4AAAAJ&cstart=20&pagesize=80&citation_for_view=Md-Qez4AAAAJ:ldfaerwXgEUC,19,MDPI,"Mariam Hammoud, Ali Chokr, Hiba N Rajha, Carl Safi, Martijn van Walsem, Lambertus AM van den Broek, Espérance Debs, Richard G Maroun, Nicolas Louka, Hassan Rammal","(1) Background: Eryngium creticum is a plant medicinally valued, and used in pharmacopeia to treat various diseases. No previous studies have been reported on E. creticum leaf extracts using an IR-assisted technique; thus, this study aimed to intensify polyphenol extraction using Ired-Irrad®, comparing it to the conventional water bath (WB) method. (2) Methods: Optimization of polyphenol extraction from E. creticum leaves was conducted using Response Surface Methodology. Ired-Irrad® was used and compared to the WB method. The biological activities (antiradical, antioxidant, antibacterial, and antibiofilm) of both extracts were assessed. UHPLC analysis was performed to analyze the phytochemical profile of both extracts. (3) Results: Under optimal conditions, IR improved the polyphenol extraction yield by 1.7 times, while lowering ethanol consumption by 1.5 times. Regarding the antibacterial activity, both WB and IR E. creticum leaf extracts exhibited the highest antibacterial activity against Staphylococcus epidermidis. The maximum biofilm prevention capacity was also noticed against S. epidermidis. UHPLC-MS analysis quantified two major phenolic compounds in both extracts: rutin and sinapic acid. (4) Conclusions: Ired-Irrad® technology proved to be an effective technique in intensifying polyphenol recovery, while preserving their quantity and quality.",medicinal,0.4
,,"Antibacterial, antioxidant and antiproliferative activities of the hydroalcoholic extract of the Lebanese Annona squamosa L. seeds
M Nasser, M El-Mestrah, F As-sadi, L Cheaito, A Hijazi… - Int. Res. J. Pharm, 2017
Cited by 14 Related articles",2017,8.0,,,,,1-7,Medicinal & Aromatic Plants,Cited by 14,Hassan Rammal,,,"Antibacterial, antioxidant and antiproliferative activities of the hydroalcoholic extract of the Lebanese Annona squamosa L. seeds",,Int. Res. J. Pharm,,https://scholar.google.com/citations?view_op=view_citation&hl=en&user=Md-Qez4AAAAJ&cstart=20&pagesize=80&citation_for_view=Md-Qez4AAAAJ:JV2RwH3_ST0C,,,"M Nasser, M El-Mestrah, F As-sadi, L Cheaito, A Hijazi, A Chokr, R Hassan",,Unclassified,0.0
,,"Extraction of phenolic compounds and flavonoids from Eryngiumcreticum L. by conventional and nonconventional extraction techniques.
S Zeidan, A Hijazi, H Rammal, A Kobaissi, B Badran - 2014
Cited by 14 Related articles",2014/8/20,3.0,,,,,1889-1898,Medicinal & Aromatic Plants,Cited by 14,Hassan Rammal,,,Extraction of phenolic compounds and flavonoids from Eryngiumcreticum L. by conventional and nonconventional extraction techniques.,,,,https://scholar.google.com/citations?view_op=view_citation&hl=en&user=Md-Qez4AAAAJ&cstart=20&pagesize=80&citation_for_view=Md-Qez4AAAAJ:TFP_iSt0sucC,7,,"Saeed Zeidan, Akram Hijazi, Hassan Rammal, Ahmad Kobaissi, Bassam Badran","Phenolic compounds are well-known phytochemicals found in all plants. They can be broadly divided into non-soluble compounds such as condensed tannins, lignin, and cell-wall bounded hydroxycinammic acid, and soluble phenolics such as phenolic acids, phenylpropanoids, flavonoids and quinones. In this work the extraction of total phenolic compounds (TPC) from Lebanese Eryngiumcreticum was performed by two techniques: Conventional such as maceration, reflux and soxhlet extraction, and non-conventional extraction like microwave assisted extraction using ethanol as a solvent. The results shows that among the conventional extraction techniques reflux and Soxhlet techniques gave approximately the same yield of 687.8 mg and 685.23 mg respectively higher than that obtained by maceration technique (410.93 mg), however, Microwave assisted extraction gave the highest yield among both the …",aromatic plants,0.205
,,"Biosorption of methylene blue from waste water using Lebanese Cymbopogon citratus (citronnelle)
A Hijazi, A Mcheik, H Rammal, W Rammal, H Annan… - European Scientific Journal, 2015
Cited by 13 Related articles All 2 versions",2015/7/1,11.0,https://core.ac.uk/download/pdf/236405156.pdf,,,,,Medicinal & Aromatic Plants,Cited by 13,Hassan Rammal,,,Biosorption of methylene blue from waste water using Lebanese Cymbopogon citratus (citronnelle),,European Scientific Journal,,https://scholar.google.com/citations?view_op=view_citation&hl=en&user=Md-Qez4AAAAJ&cstart=20&pagesize=80&citation_for_view=Md-Qez4AAAAJ:Tyk-4Ss8FVUC,21,European Scientific Journal,"Akram Hijazi, Ali Mcheik, Hassan Rammal, Wassim Rammal, Houssein Annan, Joumana Toufaily, Tayssir Hamieh","The objective of this study was to investigate the possibility of using Lebanese Cymbopogon citratus stem as an alternative adsorbent for the removal of methylene blue from aqueous solutions. Different parameters such as the effect of initial concentration, pH, adsorbent dose, contact time and temperature were studied. Maximum adsorption capacity (61%) of MB was obtained at PH= 6 an initial concentration 200 mg/L after 24h and at 25 C. The adsorption isotherm was better described by a Freundlich model rather than a Langmiur model. Based on these results, it can be concluded that the stems of Cymbopogon citratus is effective as an alternative adsorbent for MB remediation in waste water.",Unclassified,0.0
,,"Validation et contribution à l’étude de l’effet antihyperglycémique d’une plante médicinale, le Momordica charantia L.
H Rammal, J Bouayed, F Desor, C Younos… - Phytothérapie, 2009
Cited by 13 Related articles All 6 versions",2009/8/1,7.0,https://www.researchgate.net/profile/Hassan-Rammal/publication/227080433_Validation_et_contribution_a_l'etude_de_l'effet_antihyperglycemique_d'une_plante_medicinale_le_Momordica_charantia_L/links/6089113b907dcf667bcae020/Validation-et-contribution-a-letude-de-leffet-antihyperglycemique-dune-plante-medicinale-le-Momordica-charantia-L.pdf,,,,191-196,Medicinal & Aromatic Plants,Cited by 13,Hassan Rammal,,,"Validation et contribution à l’étude de l’effet antihyperglycémique d’une plante médicinale, le Momordica charantia L.",,Phytothérapie,,https://scholar.google.com/citations?view_op=view_citation&hl=en&user=Md-Qez4AAAAJ&cstart=20&pagesize=80&citation_for_view=Md-Qez4AAAAJ:TQgYirikUcIC,4,Springer Paris,"H Rammal, J Bouayed, F Desor, C Younos, Rachid Soulimani","Momordica charantia (L.)[Cucurbitaceae], connu sous le nom de concombre amer ou karela, est une plante alimentaire et médicinale, utilisée en Ayurveda pour le traitement de différentes maladies, dont le diabete. Dans cette étude, l’activité antihyperglycémique du fruit de cette plante a été démontrée chez les souris rendues diabétiques par l’alloxane monohydrate. Deux extraits de fruits frais et secs ont été préparés, et leurs effets sur le taux de glucose sanguin ont été comparés aune molécule antidiabétique de référence, la glibenclamide. L’extrait aqueux du fruit frais ala dose de 200 mg/kg a montré une diminution significative de la glycémie (62%), un effet comparable acelui obtenu par la glibenclamide ala dose de 10 mg/kg. Les deux extraits adifférentes doses n’ont pas montré de signe de toxicité. Ainsi, l’extrait aqueux de Momordica charantia, une plante comestible, semble être une alternative sûre ala réduction de la glycémie et un traitement auxiliaire et complémentaire pour limiter les effets secondaires des traitements allopathiques avec les médicaments synthétiques.",aromatic plants,0.2
,,"Notes ethnobotanique et phytopharmacologique d’Argania spinosa L.
H Rammal, J Bouayed, C Younos, R Soulimani - Phytothérapie, 2009
Cited by 13 Related articles All 9 versions",2009/6,7.0,https://www.researchgate.net/profile/Hassan-Rammal/publication/225124692_Notes_ethnobotanique_et_phytopharmacologique_d'Argania_spinosa_L/links/6089104d2fb9097c0c1336a4/Notes-ethnobotanique-et-phytopharmacologique-dArgania-spinosa-L.pdf,,,,157-160,Medicinal & Aromatic Plants,Cited by 13,Hassan Rammal,,,Notes ethnobotanique et phytopharmacologique d’Argania spinosa L.,,Phytothérapie,,https://scholar.google.com/citations?view_op=view_citation&hl=en&user=Md-Qez4AAAAJ&cstart=20&pagesize=80&citation_for_view=Md-Qez4AAAAJ:_kc_bZDykSQC,,Springer-Verlag,"H Rammal, J Bouayed, C Younos, R Soulimani","Argania spinosa L., plante arbustive endémique du Maroc, appartient ala famille des Sapotacées. Elle est connue sous plusieurs noms vernaculaires dont l’arganier, l’argane, l’argan et le bois de fer. C’est un arbre tres résistant, de 8 a10 m de haut, qui peut vivre de 150 a200 ans. Ses rameaux sont épineux (d’ouspinosa), aux feuilles atténuées en un court pétiole. L’arganier est parfaitement adapté al’aridité du sudouest marocain, et sa silhouette est caractéristique: cime large et ronde, tronc noueux, tortueux et assez court, souvent formé de plusieurs parties entrelacées. Les amandes de ses fruits fournissent une huile alimentaire et esthétique recherchée par l’industrie cosmétique pour ses substances bienfaisantes. Ses fleurs blanches ajaune verdâtre sont hermaphrodites, gamopétales atube tres court et sont réunies en glomérules. Elles apparaissent en mai-juin. Le fruit est une fausse drupe ovale, fusiforme de 30 mm de long environ, jaune brun amaturité, contenant une noix tres dure abritant deux ou trois «amandons». Les feuilles sont vertes, sombres et coriaces. L’arganier est répandu dans les régions arides et semi-arides du sud-ouest du Maroc [17, 23], sa distribution couvre environ 828 000 ha [26]. Il est présent depuis la région d’Essaouira sur la côte, jusqu’au nord de la vallée de Souss, dans le sud du pays. Al’intérieur des terres, la distribution de l’arganier se prolonge dans la région de Taroudant [26]. Les arbres adultes peuvent survivre dans des conditions tres seches (taux de précipitation pluviale inférieur a100 mm), mais ils ne sont pas adaptés ala salinité élevée associée ades zones seches [2, 28]. La germination de ses …",aromatic plants,0.2
,,"Antibacterial, antioxidant and antiproliferative activities of the hydroalcoholic extract of the lebanese plant: Ephedra Campylopoda
N Mohamad, A Falah, J Fatima, K Hussein, H Akram… - Int. Res. J. Pharm, 2016
Cited by 12 Related articles",2016,7.0,,,,,23-29,Medicinal & Aromatic Plants,Cited by 12,Hassan Rammal,,,"Antibacterial, antioxidant and antiproliferative activities of the hydroalcoholic extract of the lebanese plant: Ephedra Campylopoda",,Int. Res. J. Pharm,,https://scholar.google.com/citations?view_op=view_citation&hl=en&user=Md-Qez4AAAAJ&cstart=20&pagesize=80&citation_for_view=Md-Qez4AAAAJ:vV6vV6tmYwMC,,,"Nasser Mohamad, As-sadi Falah, Jaafar Fatima, Kanaan Hussein, Hijazi Akram, Chokr Ali, Rammal Hassan",,aromatic plants,0.2
,,"Étude de l’adsorption du Bleu de Méthylène sur un biomatériau à base de l’eucalyptus selon la taille des particules Treatment of industrial wastewater using a natural and biodegradable adsorbent based on Eucalyptus
M Abdallah, A Hijazi, M Hamieh, M Alameh, J Toufaily… - Journal of Materials and Environmental Science, 2016
Cited by 12 Related articles All 4 versions",2016,7.0,https://www.jmaterenvironsci.com/Document/vol7/vol7_N11/432-JMES-2335-Abdallah.pdf,,,,4036-4048,Medicinal & Aromatic Plants,Cited by 12,Hassan Rammal,,,Étude de l’adsorption du Bleu de Méthylène sur un biomatériau à base de l’eucalyptus selon la taille des particules Treatment of industrial wastewater using a natural and …,,Journal of Materials and Environmental Science,,https://scholar.google.com/citations?view_op=view_citation&hl=en&user=Md-Qez4AAAAJ&cstart=20&pagesize=80&citation_for_view=Md-Qez4AAAAJ:M3ejUd6NZC8C,,,"Mira Abdallah, Akram Hijazi, Mostafa Hamieh, Mohamad Alameh, Joumana Toufaily, Hassan Rammal","La pollution des eaux issues des rejets industriels est un sérieux problème dans le monde. Cette pollution peut provoquer des effets nocifs sur l‟ environnement. Pour réduire les effets néfastes de ces polluants, plusieurs procédés de traitement des eaux usées, notamment physicochimiques, sont mis en œuvre, en particulier, la technique de l‟ adsorption. La présente étude consiste à utiliser un nouvel adsorbant naturel biodégradable à base de l‟ Eucalyptus Libanais (collecté au Sud du Liban) dans un procédé physico-chimique d‟ adsorption, pour traiter des rejets colorés d‟ origine industrielle. Les essais ont été réalisés sur le Bleu de Méthylène qui est un colorant cationique, ils ont montré une élimination remarquable dès les 20 premières minutes. L‟ influence de différents paramètres expérimentaux comme la taille des particules, la masse d‟ adsorbant, le pH, le temps de contact, la concentration initiale du Bleu de Méthylène et la température a été étudiée. Les résultats expérimentaux ont montré que l‟ adsorption du colorant Bleu de Méthylène sur l‟ Eucalyptus a atteint 99.46% à pH= 4 et à température ambiante (20±2̊C). L‟ étude de l‟ isotherme a montré que le modèle de Freundlich décrit bien le processus de l‟ adsorption du Bleu de Méthylène sur la poudre d‟ Eucalyptus.",Unclassified,0.0
,,"Hyphenated LC-ABTS·+ and LC-DAD-HRMS for simultaneous analysis and identification of antioxidant compounds in Astragalus emarginatus Labill. extracts
A Chamandy, M Zhao, H Rammal, S Ennahar - Journal of Pharmaceutical Analysis, 2022
Cited by 11 Related articles All 8 versions",2022/4/1,12.0,https://www.sciencedirect.com/science/article/pii/S209517792100109X,,,,253-262,Medicinal & Aromatic Plants,Cited by 11,Hassan Rammal,,,Hyphenated LC-ABTS·+ and LC-DAD-HRMS for simultaneous analysis and identification of antioxidant compounds in Astragalus emarginatus Labill. extracts,,Journal of Pharmaceutical Analysis,,https://scholar.google.com/citations?view_op=view_citation&hl=en&user=Md-Qez4AAAAJ&cstart=20&pagesize=80&citation_for_view=Md-Qez4AAAAJ:O3NaXMp0MMsC,2,Elsevier,"Abir Chamandy, Minjie Zhao, Hassan Rammal, Saïd Ennahar","The compounds in leaf and stem extracts of Astragalus emarginatus Labill. (AEL), a plant species used in traditional Lebanese medicine, were investigated for antioxidant properties. First, the activity of various extracts was assessed using the Trolox equivalent antioxidant capacity, oxygen radical absorption capacity, and 2,2-diphenyl-1-picryl-hydrazyl-hydrate assays. The extract obtained using 30% ethanol showed the greatest activity. The antioxidant compounds in this extract were screened using a hyphenated high-performance liquid chromatography-2,2-azinobis-(3-ethylbenzothiazoline-6-sulfonate) radical (ABTS·+) system before being separated by ultra-high-performance liquid chromatography and identified using high-resolution mass spectrometry and ultra-violet-visible diode array detection. Approximately 40 compounds were identified. Hydroxycinnamates (caffeic, ferulic, and p-coumaric acid derivatives …",medicinal,0.4
,,"Chemical composition and antioxidant capacity of Lebanese molasses pomegranate
G Nasser, A Sabbah, N Chokeir, A Hijazi, H Rammal… - Am. J. Pharm. Tech. Res, 2017
Cited by 10 Related articles",2017,7.0,https://www.researchgate.net/profile/Abbas-Sabbah/publication/319464556_Chemical_composition_and_antioxidant_capacity_of_Lebanese_molasses_pomegranate/links/59ad0c3f0f7e9bdd115823c4/Chemical-composition-and-antioxidant-capacity-of-Lebanese-molasses-pomegranate.pdf,,,,191-204,Medicinal & Aromatic Plants,Cited by 10,Hassan Rammal,,,Chemical composition and antioxidant capacity of Lebanese molasses pomegranate,,Am. J. Pharm. Tech. Res,,https://scholar.google.com/citations?view_op=view_citation&hl=en&user=Md-Qez4AAAAJ&cstart=20&pagesize=80&citation_for_view=Md-Qez4AAAAJ:hC7cP41nSMkC,,,"Ghassan Nasser, Abbas Sabbah, Naiim Chokeir, Akram Hijazi, Hassan Rammal, May Issa","Recently, nutritional and pharmaceutical benefits of pomegranate have raised a growing scientific interest. Our present work aimed, for the first time, to investigate the importance of the Lebanese pomegranate molasses. For that, we determined the chemical composition of six samples of molasses provided from different sources to know their contents in secondary metabolites having medical importance. Then the antioxidant capacity has been evaluated for the six samples. Chemical composition of pomegranate molasses was determined using a standard phytochemical screening. Total phenolic and total flavonoids contents have been evaluated using the Folin-Ciocalteau reagent and the aluminum chloride method respectively. Finally, free radical scavenging activity of molasses was evaluated using DPPH assay. The obtained results of the phytochemical screening of molasses pomegranate indicated the presence of various secondary metabolites such phenols, flavonoids, resins, and saponin in the different studied molasses. Also, all samples showed a higher antioxidant capacity reaching 90%. Considering properties of the identified major compounds with the higher antioxidant power of the studied samples, molasses pomegranate could be used in the medicine field including the food, pharmaceutical and cosmetic industry.",medicinal,0.4
,,"Effects of altitude on the chemical composition and on some biological properties of Lebanese Eryngium creticum L
H Rammal, H Farhan, N Jamaleddine, M El Mestrah… - Journal of Chemical and Pharmaceutical Research, 2015
Cited by 10 Related articles All 3 versions",2015/8/5,7.0,https://www.academia.edu/download/95204177/effects-of-altitude-on-the-chemical-composition-and-on-some-biological-properties-of-lebanese-eryngiumcreticum-l.pdf,,,,887-893,Medicinal & Aromatic Plants,Cited by 10,Hassan Rammal,,,Effects of altitude on the chemical composition and on some biological properties of Lebanese Eryngium creticum L,,Journal of Chemical and Pharmaceutical Research,,https://scholar.google.com/citations?view_op=view_citation&hl=en&user=Md-Qez4AAAAJ&cstart=20&pagesize=80&citation_for_view=Md-Qez4AAAAJ:IWHjjKOFINEC,6,,"Hassan Rammal, Hussein Farhan, Nadia Jamaleddine, Majid El Mestrah, Mohamad Nasser, Akram Hijazi","The present work aimed to evaluate the antioxidant and antiproliferative properties of leaves and stems of the Lebanese Eryngium creticum grown in Bekaa at 1200 m and then to compare the obtained results with those obtained using the same plant grown up at 300 m in order to determine the effects of the altitude on the chemical composition and thus on the biological properties of this plant. Phytochemical screening results show that the two studied parts of E. creticum are rich in a variety of secondary metabolites depending on the used solvent. In addition, an antioxidant activity arises due to phenolic compounds present. Increasing number of RAW264. 7 cells showed some anti-inflammatory properties. At the same time, an antiproliferative capacity was observed using MCF-7 and MDA-MB-468 cells. All of these results have been compared with others obtained using the same plant growing at 300 m. Our study showed that the altitude exerts an effect on the chemical composition of the plant and thus on its biological activities.",aromatic plants,0.2
,,"Chemical composition, in vitro cytotoxicity and anti-free radical properties of six extracts from Lebanese Trigonella berythea Boiss.
H Farhan, H Rammal, A Hijazi, H Annan, A Daher… - Pakistan Journal of Pharmaceutical Sciences, 2013
Cited by 10 Related articles All 5 versions",2013/11/1,26.0,,,,,,Medicinal & Aromatic Plants,Cited by 10,Hassan Rammal,,,"Chemical composition, in vitro cytotoxicity and anti-free radical properties of six extracts from Lebanese Trigonella berythea Boiss.",,Pakistan Journal of Pharmaceutical Sciences,,https://scholar.google.com/citations?view_op=view_citation&hl=en&user=Md-Qez4AAAAJ&cstart=20&pagesize=80&citation_for_view=Md-Qez4AAAAJ:mVmsd5A6BfQC,6,,"Hussein Farhan, Hassan Rammal, Akram Hijazi, Houssein Annan, Ahmad Daher, Mohamad Reda, Bassam Badran","This study represents an original work aimed to recognize the main constitution of Trigonella berythea. The total phenolic content and total flavonoid content of leaves and stems of T. berythea have been estimated. An extraction and purification of phenolic mixture compounds from the leaves and stems of this plant have been performed and their antioxidant potential using the DPPH, H2O2 and chelating of ferrous ions tests has been evaluated. Then, their cytotoxicity on the MCF7 breast cancer cell line by the XTT Cell Viability technique has been studied. Our results demonstrated that leaves of T. berythea had higher total phenolic content and total flavonoid content than stems. On the other hand, the six extract from leaves and stems of this plant demonstrated a high antioxidant potential reaches more than 80%. Also, extracts from leaves of T. berythea had the highest inhibitory effect on MCF7 and U937 cell growth …",aromatic plants,0.2
,,"Aperçu ethnobotanique et phytopharmacologique sur Carthamus tinctorius L.
H Rammal, C Younos, J Bouayed, A Chakou… - Phytothérapie, 2009
Cited by 10 Related articles All 5 versions",2009/2,7.0,,,,,28-30,Medicinal & Aromatic Plants,Cited by 10,Hassan Rammal,,,Aperçu ethnobotanique et phytopharmacologique sur Carthamus tinctorius L.,,Phytothérapie,,https://scholar.google.com/citations?view_op=view_citation&hl=en&user=Md-Qez4AAAAJ&cstart=20&pagesize=80&citation_for_view=Md-Qez4AAAAJ:Y0pCki6q_DkC,,Springer-Verlag,"H Rammal, C Younos, J Bouayed, A Chakou, N Necerbey, R Soulimani","Carthamus tinctorius L., appelé en français carthame, faux safran, safran bâtard, safran mexicain, safran des teinturiers, plante aujourd’hui cultivée, est selon Saito [25] originaire d’Egypte. Il est cultivé dans certaines zones de Catalogne, Murcie, dans la Communauté de Valence et d’Andalousie. Le genre Carthamus regroupe des plantes presque toutes méditerranéennes de la famille des Asteraceae, assez proches des chardons. C’est une plante annuelle ou vivace tinctoriale et oléagineuse, le plus souvent épineuses. Le carthame est apparenté au chardon et mesure 0, 60 a1, 50 m de hauteur, il fleurit en été, pendant toute la gare. Le carthame peut encore se rencontrer dans les régions méditerranéennes ouil était cultivé et ouil s’ est acclimaté. Il pousse dans des sols normaux en plein soleil et supporte un sol sec, il ne craint ni la sécheresse ni les sols pauvres et caillouteux. La croissance de la plante a lieu sur …",aromatic plants,0.2
,,"Phytochemical screening and antioxidant activity of Centranthus longiflorus L
H Rammal, H Farhan, A Hijazi, A Bassal, A Kobeissy… - Journal of Natural Product and Plant Resources, 2013
Cited by 9 Related articles All 3 versions",2013/7/24,3.0,https://www.academia.edu/download/110600455/phytochemical-screening-and-antioxidant-activity-ofcentranthus-longiflorus-l.pdf,,,,29-36,Medicinal & Aromatic Plants,Cited by 9,Hassan Rammal,,,Phytochemical screening and antioxidant activity of Centranthus longiflorus L,,Journal of Natural Product and Plant Resources,,https://scholar.google.com/citations?view_op=view_citation&hl=en&user=Md-Qez4AAAAJ&cstart=20&pagesize=80&citation_for_view=Md-Qez4AAAAJ:_FxGoFyzp5QC,,,"Hassan Rammal, Hussein Farhan, Akram Hijazi, Ali Bassal, Ahmad Kobeissy, Bassam Badran","In our work, the primary phytochemical screening of the plant Centranthus longiflorus grown in Lebanon has been accomplished. Also, aqueous and methanolic extracts from this plant have been studied for their scavenger activity using three different in vitro tests, the DPPH, H2O2 and the iron chelating. The obtained results of the phytochemical screening showed the presence of flavonoids, phenols, essential oils, alkaloids and terpenoids. On the other hand, the DPPH test of the C. longiflorus showed a high antioxidant potential reaching 80%. Moreover, the H2O2 test showed that this maximal antioxidant activity was 70%. The iron-chelate test showed an antioxidant activity reaching 50%. In conclusion, the obtained results of all of these tests demonstrated that this plant might be used in the prevention and in the treatment of different diseases related to oxidative stress.",aromatic plants,0.2
,,"Chemical composition and biological potentials of Lebanese Cupressus sempervirens L. leaves extracts
L Anka, H Rammal, A Kobeissi, HB Saab - Journal of Medicinal Plants Research, 2020
Cited by 8 Related articles All 6 versions",2020/6/30,14.0,https://academicjournals.org/journal/JMPR/article-full-text/014F43E63709,,,,292-299,Medicinal & Aromatic Plants,Cited by 8,Hassan Rammal,,,Chemical composition and biological potentials of Lebanese Cupressus sempervirens L. leaves extracts,,Journal of Medicinal Plants Research,,https://scholar.google.com/citations?view_op=view_citation&hl=en&user=Md-Qez4AAAAJ&cstart=20&pagesize=80&citation_for_view=Md-Qez4AAAAJ:M3NEmzRMIkIC,6,Academic Journals,"Layal Anka, Hassan Rammal, Ahmad Kobeissi, Hamid Bou Saab","The essential oils and defatted ethanolic extracts isolated from Cupressus sempervirens L. leaves collected from two geographically distinct regions in Lebanon; Beit El-Dein (mountain) and Jbeil (sea-side) were analysed for their chemical composition by GC/MS and qualitative phytochemical screening, respectively. These were then tested for their in-vitro antioxidant and antibacterial activities. Fourteen and eighteen compounds were identified in Beit El-Dein and Jbeil samples, respectively with α-pinene (45.69-20.97%) and δ-3-carene (24.55-16.7%) representing the major constituents. C. sempervirens L. ethanolic extracts were able to reduce the stable radical 1, 1-Diphenyl-2-picrylhydrazyl (DPPH) reaching 50% reduction with IC50 values equal to 113.17 and 155.75 μg/ml, respectively. These results positively correlated with the high phenol (77.4-66.4 mg gallic acid equivalent/g dry weight) and flavonoid (3.8-2 …",Unclassified,0.0
,,"Determination of bioactive compound content and antioxidant activity of the Labanese Eryngium creticum
S Zeidan, A Hijazi, H Rammal, A Al Bazzal, H Annan… - Eu. Chem. Bul, 2015
Cited by 8 Related articles All 3 versions",2015,4.0,http://epa.niif.hu/02200/02286/00036/pdf/EPA02286_european_chemical_bulletin_2015_10-12_498-502.pdf,,,,498-502,Medicinal & Aromatic Plants,Cited by 8,Hassan Rammal,,,Determination of bioactive compound content and antioxidant activity of the Labanese Eryngium creticum,,Eu. Chem. Bul,,https://scholar.google.com/citations?view_op=view_citation&hl=en&user=Md-Qez4AAAAJ&cstart=20&pagesize=80&citation_for_view=Md-Qez4AAAAJ:u5HHmVD_uO8C,11,,"Saeed Zeidan, Akram Hijazi, Hassan Rammal, Ali Al Bazzal, Hussein Annan, AAN Al-Rekaby","Oxidative stress is involved in the pathology of cancer, arteriosclerosis, malaria and rheumatoid arthritis, and could play a role in neurodegenerative diseases and aging processes. Antioxidants perform multiple functions, including the defense against oxidative damage and cell signaling. One major function of antioxidants in the biological system is to prevent the cellular components’ damage by the reactive oxygen species. 1
Bioactive compounds in plants are produced as secondary metabolites. These compounds are called so because they are related to substances that exert an effect on living tissues, and are dedicated to help the plants to increase their overall ability to survive and overcome local challenges 2. The bioactive compounds are ubiquitous in nature. They have been identified and isolated from diverse sources within the living organisms. For decades, organic extracts from various origins have been widely used in the traditional medicine, as well as in the food industry, and are considered to be generally safe. 2",medicinal,0.4
,,"Effects of high doses of Gelsemium sempervirens L. on GABA receptor and on the cellular and humoral immunity in mice
H Rammal, R Soulimani - J Med Med Sci, 2010
Cited by 8 Related articles All 2 versions",2010/3,1.0,https://www.researchgate.net/profile/Rachid-Soulimani/publication/228515140_Effects_of_high_doses_of_Gelsemium_sempervirens_L_on_GABA_receptor_and_on_the_cellular_and_humoral_immunity_in_mice/links/004635281298b3b0e3000000/Effects-of-high-doses-of-Gelsemium-sempervirens-L-on-GABA-receptor-and-on-the-cellular-and-humoral-immunity-in-mice.pdf,,,,40-44,Medicinal & Aromatic Plants,Cited by 8,Hassan Rammal,,,Effects of high doses of Gelsemium sempervirens L. on GABA receptor and on the cellular and humoral immunity in mice,,J Med Med Sci,,https://scholar.google.com/citations?view_op=view_citation&hl=en&user=Md-Qez4AAAAJ&cstart=20&pagesize=80&citation_for_view=Md-Qez4AAAAJ:kNdYIx-mwKoC,,,"Hassan Rammal, Rachid Soulimani","Anxiety is an aversive emotional state, in which the feeling of fear is disproportionate to the nature of the threat (Weinberger, 2001). In response to threatening situations, the feeling of the emotion that constitutes the subjective feature of anxiety is accompanied by emotional stress, which involves behavioral, expressive and physiological features, such as an avoidance of the source of the danger, assuming defensive postures and an increase in blood pressure, respectively (Weinberger, 2001; Leman et al., 2004).
Anxiety is a normal emotional response to a threat or potential threat. When this emotion is inappropriate, extreme and persistent, it is classified as pathological (Weinberger, 2001; Gross and Hen, 2004). Anxiety is implicated in a number of psychiatric disorders, such as depression, panic attacks, phobias, generalized anxiety disorder, obsessive-compulsive disorder and post-",Unclassified,0.0
,,"Study of the water assessment in the Alhujair Valley in Lebanon
N Nehme, CM Haydar, M Rammal, F Abou Abbass… - J. Mater. Environ. Sci, 2021
Cited by 7 Related articles All 3 versions",2021,12.0,http://www.jmaterenvironsci.com/Document/vol12/vol12_N11/JMES-2021-12112-Nehme.pdf,,,,1392-1404,Medicinal & Aromatic Plants,Cited by 7,Hassan Rammal,,,Study of the water assessment in the Alhujair Valley in Lebanon,,J. Mater. Environ. Sci,,https://scholar.google.com/citations?view_op=view_citation&hl=en&user=Md-Qez4AAAAJ&cstart=20&pagesize=80&citation_for_view=Md-Qez4AAAAJ:RYcK_YlVTxYC,11,,"Nada Nehme, CM Haydar, Marwa Rammal, F Abou Abbass, Hassan Rammal, Nawal Al Ajouz","In this work, we took the case of Al Houjair valley, a protected area of Litani river, located in the south of Lebanon, in order to determine the types and sources of pollution, characterize them, and determine the risks incurred by the riparian populations following the pollution of the river, to propose methods to clean up this fresh water. The results showed that since this fresh water is far from the inhabitants of the region, its pollution maybe the consequence of the various wars waged by Israel against southern Lebanon. Analyses on the sampling series showed that the values of the physicochemical parameters whatever the sampling point are outside the required norms for surface water, so it was a moderate pollution stage. In addition, 15 sites out of 16 are contaminated either by microbiological pollutants or heavy metals. The Houla well was the only exception; it is free of any contamination by any pollutant. The physico-chemical indices at the level of temperature, conductivity and TDS do not exceed the norm, and the tests on cations, anions and heavy metals do not detect any pollution. However, the lead concentration observed at the contaminated sites is very high in the"" Al Ghandouriye 2"" site (0.3819 mg/l), it reaches 38 times more than the norm (0.01 mg/l). Concerning the microbiological analysis, the obtained results demonstrated the absence of pollution in all sites by E. coli or Clostridium perfringens while total coliform was detected.",Unclassified,0.0
,,"Aperçu ethnobotanique et phytopharmacologique sur Cichorium intybus L.
H Rammal, C Younos, J Bouayed, A Chakou… - Phytotherapie, 2008
Cited by 7 Related articles All 7 versions",2008/6,6.0,https://www.researchgate.net/profile/Hassan-Rammal/publication/226916591_Apercu_ethnobotanique_et_phytopharmacologique_sur_Cichorium_intybus_L/links/608910ef907dcf667bcae000/Apercu-ethnobotanique-et-phytopharmacologique-sur-Cichorium-intybus-L.pdf,,,,184-186,Medicinal & Aromatic Plants,Cited by 7,Hassan Rammal,,,Aperçu ethnobotanique et phytopharmacologique sur Cichorium intybus L.,,Phytotherapie,,https://scholar.google.com/citations?view_op=view_citation&hl=en&user=Md-Qez4AAAAJ&cstart=20&pagesize=80&citation_for_view=Md-Qez4AAAAJ:UebtZRa9Y70C,,Springer-Verlag,"H Rammal, C Younos, J Bouayed, A Chakou, S Bedouhene, R Soulimani","Cichorium intybus connu sous plusieurs noms vernaculaires, dont la chicorée sauvage, la chicorée amere, est une plante de la famille des Asteraceae, appartenant au genre Cichorium, cultivée soit pour ses feuilles (salades, endives), soit pour ses racines (succédané de café). Cette plante était mentionnée en 4000 avant Jésus-Christ sur les papyrus égyptiens. D’apres Carr et al.[4], en Égypte, la chicorée état déjacultivée sur le bord du Nil. Selon Zohary [34], une autre espece, Cichorium pumilum Jacq., était connue des Hébreux et mentionnée dans la Bible. Mais d’apres Duke [8], la plante citée dans la Bible n’est que Cichorium intybus L.
C’est une plante herbacée, plus ou moins pubescente, vivace, de 50 cm a1 m de haut, tres commune dans les prés, les champs incultes, elle se rencontre fréquemment sur les bords de chemins, les terrains caillouteux. On peut la trouver jusqu’a1 500 m d’altitude. Elle est originaire d’Europe, d’Asie et d’Afrique du Nord et cultivée en Amérique du Nord. Elle présente des feuilles basales profondément découpées, des feuilles intermédiaires entieres lancéolées, embrassant la tige, et des feuilles supérieures réduites ades bractées. Les inflorescences sont des fleurs ligulées, bleues et groupées en capitules. Les feuilles apparaissent al’automne et dessechent afloraison en juillet/août. Les fruits (akenes), surmontés d’une couronne de poils (pappus), ont une saveur tres amere (latex). La racine est pivotante. Les tiges sont rigides, anguleuses, faisant apparaıtre du latex ala cassure, tres peu feuillées, cannelées de 50 cm a1 m de hauteur, arameaux raides, divergents, pubescents, elles paraissent au mois de …",aromatic plants,0.2
,,"Extraction, phytochemical screening, chemical quantification and identification of bioactive compounds from Lebanese Urtica dioica
B Sayed-ahmad, A Hijazi, KH Fayyad, H Rammal… - Am J Pharm Tech Res, 2014
Cited by 6 Related articles",2014,4.0,https://www.researchgate.net/profile/Akram-Hijazi/publication/273775212_Extraction_phytochemical_screening_chemical_quantification_and_identification_of_bioactive_compounds_from_Lebanese_Urtica_dioica/links/5b8fa44245851540d1c9fd7b/Extraction-phytochemical-screening-chemical-quantification-and-identification-of-bioactive-compounds-from-Lebanese-Urtica-dioica.pdf,,,,591-604,Medicinal & Aromatic Plants,Cited by 6,Hassan Rammal,,,"Extraction, phytochemical screening, chemical quantification and identification of bioactive compounds from Lebanese Urtica dioica",,Am J Pharm Tech Res,,https://scholar.google.com/citations?view_op=view_citation&hl=en&user=Md-Qez4AAAAJ&cstart=20&pagesize=80&citation_for_view=Md-Qez4AAAAJ:Wp0gIr-vW9MC,2,,"Bouchra Sayed-ahmad, Akram Hijazi, KH Fayyad, Hassan Rammal, Ahmad Kobeissy, Bassam Badran","Plants are widely used by people in traditional and modern medicine all over the world. In fact, all of their remedies can be used safely and without the side effects of drugs. Phytochemical analysis of medicinal plants has revealed that numerous bioactive compounds in plants traditionally used for medicinal purposes have many therapeutically properties. Hence in the present study, a general chemical identification of a Lebanese medicinal plant Urtica dioica was carried out. The results obtained validate the traditional uses of nettle, and showed that this plant possesses an important pharmaceutical value and leads to the isolation and characterization of three compounds from hexane extract. Structures of these compounds were elucidated by spectral methods [FTIR, GC-MS, 1 H NMR] after column chromatography on silica gel.",medicinal,0.604
,,"Oxidative Stress and Anxiety: Relationship and Cellular Pathways
B Jaouad, R Hassan, S Rachid - Oxidative Medicine and Cellular Longevity, 2009
Cited by 6 Related articles",2009,2.0,,,,,63-67,Medicinal & Aromatic Plants,Cited by 6,Hassan Rammal,,,Oxidative Stress and Anxiety: Relationship and Cellular Pathways,,Oxidative Medicine and Cellular Longevity,,https://scholar.google.com/citations?view_op=view_citation&hl=en&user=Md-Qez4AAAAJ&cstart=20&pagesize=80&citation_for_view=Md-Qez4AAAAJ:3fE2CSJIrl8C,2,Hindawi Publishing Corporation,"Bouayed Jaouad, Rammal Hassan, Soulimani Rachid","High O2 consumption, modest antioxidant defenses and a lipid-rich constitution make the brain highly vulnerable to redox imbalances. Oxidative damage in the brain causes nervous system impairment. Recently, oxidative stress has also been implicated in depression, anxiety disorders and high anxiety levels. The findings which establish a link between oxidative stress and pathological anxiety have inspired a number of other recent studies focusing on the link between oxidative status and normal anxiety and also on a possible causal relationship between cellular oxidative stress and emotional stress. This review examines the recent discoveries made on the link between oxidative status and normal anxiety levels and the putative role of oxidative stress in genesis of anxiety. We discuss the different opinions and questions that exist in the field and review the methodological approaches that are being used to …",Unclassified,0.0
,,"The antioxidant and anti-tumor activities of the Lebanese Centranthus Longiflorus L.
R Makki, H Rammal, H Farhan, M Nasser, Z El Dirani… - World Journal of Pharmaceutical Sciences, 2015
Cited by 5 Related articles All 4 versions",2015/2/4,,https://wjpsonline.com/index.php/wjps/article/download/antioxidant-anti-tumor-lebanese-centranthus-longiflorus/884,,,,347-354,Medicinal & Aromatic Plants,Cited by 5,Hassan Rammal,,,The antioxidant and anti-tumor activities of the Lebanese Centranthus Longiflorus L.,,World Journal of Pharmaceutical Sciences,,https://scholar.google.com/citations?view_op=view_citation&hl=en&user=Md-Qez4AAAAJ&cstart=20&pagesize=80&citation_for_view=Md-Qez4AAAAJ:RGFaLdJalmkC,,,"Rawan Makki, Hassan Rammal, Hussein Farhan, Mohamad Nasser, Zeinab El Dirani, Akram Hijazi, Bassam Badran","This study aimed to examine both the impact of growth period on the chemical composition and the in vitro anti-oxidant and anti-proliferative properties for Centranthus longiflorus. Aqueous and ethanolic extracts from leaves and stems, collected from two harvests, were tested to diagnose their different secondary metabolites content. This was conducted through classical phytochemical screening tests. In addition, a test for their antioxidant (DPPH and H 2 O 2 radical scavenging) and for cell viability (Neutral red assay on HeLa cells), were conducted. The results have shown that both aqueous and ethanolic extracts from the different parts of the two C. longiflorus harvests contain alkaloid, coumarin, saponin, flavonoid, polyphenols, volatile oils and reducing sugars in different concentrations. Moreover, an antioxidant activity was observed by this plant where it inhibited the viability of HeLa cell line in a time-dependent (0–72 h) and dose-dependent (0–250 μM) manner. As such, the in vitro anti-oxidant and antiproliferative effects that were revealed from the two harvests of C. longiflorus reflect the significant potential use of this plant in the development of a new anti-cancer agent.",aromatic plants,0.2
,,"Immunoactive profile of aqueous extracts of Desmodium adscendens in Mice
H Rammal, R Soulimani - Journal of Herbs, Spices & Medicinal Plants, 2011
Cited by 5 Related articles All 4 versions",2011/4/1,17.0,,,,,154-168,Medicinal & Aromatic Plants,Cited by 5,Hassan Rammal,,,Immunoactive Profile of Aqueous Extracts of Desmodium adscendens in Mice,,"Journal of Herbs, Spices & Medicinal Plants",,https://scholar.google.com/citations?view_op=view_citation&hl=en&user=Md-Qez4AAAAJ&cstart=20&pagesize=80&citation_for_view=Md-Qez4AAAAJ:W7OEmFMy1HYC,2,Taylor & Francis Group,"H Rammal, R Soulimani","The pharmacological effects of aqueous extracts of Desmodium adscendens on selected immunological parameters were studied. This study deals with the evaluation of impact on the acute, subacute, and subchronic oral administrations of aqueous extracts of D. adscendens on both cellular and humoral immunity. The flow cytometry technique was used to determine the number of granulocytes, monocytes, and total lymphocytes, particularly TCD4+, TCD8+ and NK cells. The enzyme-linked immunosorbent assay method was used to measure the concentration of immunoglobulins (A, E, and G). The results clearly demonstrated that the aqueous extracts of D. adscendens affect the immune system. It decreased the counts of the total lymphocytes, particularly TCD4+, TCD8+, and NK cells, decreased the humoral immunity, and increased the monocyte counts. Aqueous extracts of D. adscendens have potentially strong …",Unclassified,0.0
,,"Notes ethnobotanique et phytopharmacologique de Hypericum perforatum L.
H Rammal, J Bouayed, F Desor, C Younos… - Phytothérapie, 2009
Cited by 5 Related articles All 7 versions",2009/6,7.0,https://www.researchgate.net/profile/Hassan-Rammal/publication/227012697_Notes_ethnobotanique_et_phytopharmacologique_de_Hypericum_perforatum_L/links/60891109881fa114b431c556/Notes-ethnobotanique-et-phytopharmacologique-de-Hypericum-perforatum-L.pdf,,,,161-164,Medicinal & Aromatic Plants,Cited by 5,Hassan Rammal,,,Notes ethnobotanique et phytopharmacologique de Hypericum perforatum L.,,Phytothérapie,,https://scholar.google.com/citations?view_op=view_citation&hl=en&user=Md-Qez4AAAAJ&cstart=20&pagesize=80&citation_for_view=Md-Qez4AAAAJ:IjCSPb-OGe4C,,Springer-Verlag,"H Rammal, J Bouayed, F Desor, C Younos, R Soulimani","Hypericum perforatum L. est connue sous plusieurs noms vernaculaires, dont le millepertuis perforé, le millepertuis commun ou le millepertuis officinal. Elle porte de nombreux surnoms dont le plus célebre est celui d’herbe de la Saint-Jean. Elle a d’autres noms populaires: herbe aux piqûres, herbe solaire, barbe de Saint-Jean, herbe amille trous, trucheron jaune, herbe aux brûlures, chasse diable, herbe des fées. En français, plus de 40 noms retrouvés dont: chasse diable, herbe aux fées, herbe aux mille vertus, herbe de Saint-Éloi, herbe de la Saint-Jean, barbe de Saint-Jean, millepertuis perforé, herbe amille trous, herbe percée, herbe ala brûlure, herbe aux piqûres, herbe du charpentier, trascalan, truchereau, trucheron, trucheron jaune, etc.",Unclassified,0.0
,,"Chemical Composition and Biological Activities of Centranthus longiflorus Stems Extracts Recovered Using Ired-Irrad®, an Innovative Infrared Technology, Compared to Water Bath and Ultrasound
M Hammoud, HN Rajha, A Chokr, C Safi… - Life, 2023
Cited by 4 Related articles All 13 versions",2023/5/30,13.0,https://www.mdpi.com/2075-1729/13/6/1288,,,,1288,Medicinal & Aromatic Plants,Cited by 4,Hassan Rammal,,,"Chemical Composition and Biological Activities of Centranthus longiflorus Stems Extracts Recovered Using Ired-Irrad®, an Innovative Infrared Technology …",,Life,,https://scholar.google.com/citations?view_op=view_citation&hl=en&user=Md-Qez4AAAAJ&cstart=20&pagesize=80&citation_for_view=Md-Qez4AAAAJ:3s1wT3WcHBgC,6,MDPI,"Mariam Hammoud, Hiba N Rajha, Ali Chokr, Carl Safi, Lambertus AM van den Broek, Gijs van Erven, Richard G Maroun, Espérance Debs, Hassan Rammal, Nicolas Louka","Extraction of polyphenols from Centranthus longiflorus stems was conducted using ultrasound and infrared Ired-Irrad® techniques, and compared to the conventional water bath method. Response surface methodology was used to analyse the effect of time, temperature, and ethanol percentage, as well as to optimize the three extraction methods. The highest phenolic content (81 mg GAE/g DM) and antioxidant activity (76% DPPH inhibition) were recorded with the Ired-Irrad® extract obtained under the optimal conditions: 55 °C, 127 min, 48% (v/v) ethanol. Biological activities (antioxidant, antibacterial and antibiofilm) of the three extracts were assessed. All C. longiflorus stems extracts showed limited antibacterial effects regardless of the extraction method (MIC = 50 mg/mL), whereas Ired-Irrad® extract exhibited the highest biofilm eradication and prevention capacities (93% against Escherichia coli and 97% against Staphylococcus epidermidis, respectively). This bioactivity is likely related to abundant caffeoylquinic acid and quercetin rutinoside, as identified by RP-UHPLC-PDA-MS analysis. The results obtained further promote the effectiveness of Ired-Irrad® as a highly flexible and cost-efficient extraction technique.",Unclassified,0.0
,,"Bioadsorption of Pb2+ and Cu2+ on Eucalyptus camaldulensis Leaves
Z Ezzeddine, EA Sayed, H Rammal, A Hijazi, H Hamad… - International Journal of Environment, Agriculture and …, 2017
Cited by 4 Related articles All 2 versions",2017,2.0,https://www.academia.edu/download/109572927/38_20IJEAB-SEP-2017-47-Bioadsorption_20of_20Pb2__20and_20Cu2__20on.pdf,,,,2569-2572,Medicinal & Aromatic Plants,Cited by 4,Hassan Rammal,,,Bioadsorption of Pb2+ and Cu2+ on Eucalyptus camaldulensis Leaves,,"International Journal of Environment, Agriculture and Biotechnology",,https://scholar.google.com/citations?view_op=view_citation&hl=en&user=Md-Qez4AAAAJ&cstart=20&pagesize=80&citation_for_view=Md-Qez4AAAAJ:blknAaTinKkC,3,,"Zeinab Ezzeddine, E Al Sayed, Hassan Rammal, Akram Hijazi, Hussein Hamad, Hanane Akhdar","Herein, the efficiency of Eucalyptus camaldulensis leaves as biosorbent for lead and copper was investigated. The particle size distribution was determined by Granulometric analysis and the functional groups were identified by FT-IR spectroscopy. The effects of contact time, pH and initial metal ions concentration were investigated. The experimental kinetic data were well fitted by the pseudo-second order kinetic model and Langmuir isotherm with a maximum adsorption capacity up to 71 mg g-1 and 37 mg g-1 for Cu2+ and Pb2+ respectively. The selectivity was examined in a binary ions solution where the adsorbent showed preference for lead over copper.",Unclassified,0.0
,,"Adsorption of Chromium (VI) from Aqueous Solutions by Lebanese Prunusavium Stems
N Al-Afy, A Hijazi, H Rammal, M Reda, H Annan… - American Journal of Environmental Engineering, 2013
Cited by 4 Related articles All 3 versions",2013/1,3.0,https://www.researchgate.net/profile/Akram-Hijazi/publication/322594271_Adsorption_of_Chromium_VI_from_aqueous_solutions_by_Lebanese_Prunus_avium/links/5a61db69aca272a158176f35/Adsorption-of-Chromium-VI-from-aqueous-solutions-by-Lebanese-Prunus-avium.pdf,,,,179-186,Medicinal & Aromatic Plants,Cited by 4,Hassan Rammal,,,Adsorption of Chromium (VI) from Aqueous Solutions by Lebanese Prunusavium Stems,,American Journal of Environmental Engineering,,https://scholar.google.com/citations?view_op=view_citation&hl=en&user=Md-Qez4AAAAJ&cstart=20&pagesize=80&citation_for_view=Md-Qez4AAAAJ:roLk4NBRz8UC,4,,"Nour Al-Afy, Akram Hijazi, Hassan Rammal, Mohamad Reda, Houssein Annan, Joumana Toufaily","A new biosorbent fromthe stems of Lebanese Prunusavium (sweet cherry) was used to remove chromium (VI) fro m aqueous solutions. The biosorption of chro miu m (VI) was found to be dependent on solution pH, biosorbent dose, initial metal ion concentrations, temperatureand contact time. Maximum adsorption capacity (78.43%) of chromium was obtained at pH 2, contact time 1 hour at 25℃. The experimental equilibrium biosorption data were analyzed by two widely used two-parameters, Langmuir and Freundlich isotherm models. The Langmuir model gave a better fit than Freundlich model. It was concluded that stems ofPrunusaviumwere cost effective, environmental friendly and have a great potential for use as adsorbent in removing Cr (VI) from aqueous solution.",Unclassified,0.0
,,"Health and illness
JM Najman, I McAllister, S Dowrick, R Hassan - Cambridge handbook of social sciences in Australia, 2003
Cited by 4 Related articles All 3 versions",2003/1/1,,https://perpus.wildan.fauzy.eu.org/Sosial/Ian%20McAllister%2C%20Steve%20Dowrick%2C%20Riaz%20Hassan-The%20Cambridge%20Handbook%20of%20Social%20Sciences%20in%20Australia%20(2003).pdf#page=558,,,,536-553,Medicinal & Aromatic Plants,Cited by 4,Hassan Rammal,,,Health and illness,,Cambridge handbook of social sciences in Australia,,https://scholar.google.com/citations?view_op=view_citation&hl=en&user=Md-Qez4AAAAJ&cstart=20&pagesize=80&citation_for_view=Md-Qez4AAAAJ:pyW8ca7W8N0C,,Cambridge University Press Cambridge,"Jake M Najman, I McAllister, S Dowrick, R Hassan","The study of health and illness encompasses the study of almost every aspect of human existence. The health consequences of the interaction of the individual with his or her society is the context within which health sociologists do their work. Gender, age, socioeconomic status, family, race and place (physical location) are some of the major socio-structural determinants of health. How and why these socio-structural determinants impact on health is the first of the issues we address. Second, we examine inequalities in health and health outcomes within Australian society. Because social groups occupy different locations in time and place, their health will differ. Documenting the magnitude of these differences and the reasons for them is our second task. Finally, we consider the prospects for developing social policies and programs to improve population health. There are three issues to which we must attend if we are to understand and contribute to improving population health. If health is a consequence of particular socio-structural determinants, then understanding how we might modify the social, political and economic contexts within which people live provides one focus for improving population health. Health care services also differ by time and place. To a greater or lesser extent, health services can impact on population health. Understanding how Australia’s health services operate, their strengths and weaknesses, constitutes a second approach to improving population health. Here the primary concern is with the mix of available services and whether current patterns of service provision in Australia constitute an appropriate mixture of …",Unclassified,0.0
,,"Efficiency of combining pomegranate juice with low-doses of cisplatin and taxotere on A549 human lung adenocarcinoma cells
N Mohamad, H Akram, SA Bouchra, JE Zeinab, I Sajida… - Asian Pacific Journal of Tropical Biomedicine, 2018
Cited by 3 Related articles All 12 versions",2018/1/1,8.0,https://journals.lww.com/aptb/fulltext/2018/08010/efficiency_of_combining_pomegranate_juice_with.4.aspx,,,,19-24,Medicinal & Aromatic Plants,Cited by 3,Hassan Rammal,,,Efficiency of combining pomegranate juice with low-doses of cisplatin and taxotere on A549 human lung adenocarcinoma cells,,Asian Pacific Journal of Tropical Biomedicine,,https://scholar.google.com/citations?view_op=view_citation&hl=en&user=Md-Qez4AAAAJ&cstart=20&pagesize=80&citation_for_view=Md-Qez4AAAAJ:d1gkVwhDpl0C,1,Medknow,"Nasser Mohamad, Hijazi Akram, Sayed Ahmad Bouchra, Jamal Eddine Zeinab, Ibrahim Sajida, Rammal Hassan, Al Rekaby Abd-El-Ameer, Nasser Mohammed","Objective:
To test the coalescence effect of two chemotherapy drugs at low effective dose (cisplatin and taxotere) combined with pomegranate juice on A549 cancer cells.
Methods:
Infrared spectroscopy method is a qualitative test that was performed to ensure the existence of the phytochemicals providing the antioxidant activity through the presence of the hydroxyl group (-OH). The viability of A549 cell line and normal MCs was tested using the neutral red uptake, Clonogenic survival, XTT and Cell migration assays.
Results:
Our results showed that this combination firstly led to a greater decrease in the viability of cells comparing to those treated with chemotherapy drugs alone, and secondly led to a significant reduction in cell migration.
Conclusions:
These data suggest a synergistic effect between the pomegranate and cisplatin which makes probably this combination a powerful option for treating lung adenocarcinoma …",Unclassified,0.0
,,"Removal of cadmium (II) ion from wastewater by using Lebanese Prunus avium stem as adsorbents
N Al-Afy, A Hijazi, H Rammal, M Reda, R Nehme… - Desalination and Water Treatment, 2017
Cited by 3 Related articles All 4 versions",2017/10/1,92.0,https://www.sciencedirect.com/science/article/pii/S1944398624119261/pdf?md5=7837a465c834c2a61565580d8f1d0dc1&pid=1-s2.0-S1944398624119261-main.pdf,,,,215-221,Medicinal & Aromatic Plants,Cited by 3,Hassan Rammal,,,Removal of cadmium (II) ion from wastewater by using Lebanese Prunus avium stem as adsorbents,,Desalination and Water Treatment,,https://scholar.google.com/citations?view_op=view_citation&hl=en&user=Md-Qez4AAAAJ&cstart=20&pagesize=80&citation_for_view=Md-Qez4AAAAJ:NMxIlDl6LWMC,,Elsevier,"Nour Al-Afy, Akram Hijazi, Hassan Rammal, Mohamad Reda, Rabih Nehme, Houssein Annan, Joumana Toufaily, Tayssir Hamieh","The objective of this study was to investigate the possibility of using Lebanese Prunus avium stems as an alternative adsorbent for the removal of cadmium(II) ions from aqueous solutions. Different parameters such as the effect of initial metal ion concentration, pH, adsorbent dose and contact time were studied. Maximum adsorption capacity (90%) of Cd(II) ions was obtained at pH 10 with an initial Cd(II) concentration 150 mg/L after 1 h and at 25°C. Fourier transform infrared analysis pointed out the involvement of amine (–NH2) and carboxylic (–COOH) groups in the adsorption process. The adsorption isotherm was better described by a Freundlich model rather than a Langmuir model. The paper discusses the thermodynamic parameters of the adsorption (the Gibbs free energy, entropy and enthalpy). Our results demonstrated that the adsorption process was spontaneous and exothermic under natural conditions …",Unclassified,0.0
,,"Phytochemical screening and cytotoxic activity of two extracts from seeds of Lebanese Annona squamosa L
A Sabbah, M Nasser, A Hijazi, H Rammal, G Nasser - Int J Pharma Res Health Sci, 2017
Cited by 3 Related articles",2017,5.0,https://www.researchgate.net/profile/Abbas-Sabbah/publication/314759480_Phytochemical_Screening_and_Cytotoxic_Activity_of_Two_Extracts_from_Seeds_of_Lebanese_Annona_squamosa_L/links/58c5ab8c45851538eb8afea9/Phytochemical-Screening-and-Cytotoxic-Activity-of-Two-Extracts-from-Seeds-of-Lebanese-Annona-squamosa-L.pdf,,,,1586-1591,Medicinal & Aromatic Plants,Cited by 3,Hassan Rammal,,,Phytochemical screening and cytotoxic activity of two extracts from seeds of Lebanese Annona squamosa L,,Int J Pharma Res Health Sci,,https://scholar.google.com/citations?view_op=view_citation&hl=en&user=Md-Qez4AAAAJ&cstart=20&pagesize=80&citation_for_view=Md-Qez4AAAAJ:ufrVoPGSRksC,1,,"Abbas Sabbah, Mohamad Nasser, Akram Hijazi, Hassan Rammal, Ghassan Nasser","Accepted: 28 Feb 2017 Two types of extracts were prepared, methanolic and aqueous. Then, astandardphytochemical screening has been done to cast the light on its secondary metabolites. Also, biological activities were studied starting with the antioxidant activity using free radical 2, 2-diphenyl-1-picrylhydrazyl (DPPH), followed by an antidiabetic using the method of glucose uptake by yeast cells, last but not least the anti-proliferative activity on two types of cancer cells (Jurkat and MDA) using the neutral red assay. Obtained results revealed that seeds ofAnnona squamosa due to its content in some secondary metabolites such as flavonoids, phenol and alkaloids presentedan antioxidant capacity reaching a maximum of 61% at the concentration 0.5 mg/mL for extracts, an antidiabetic property (96%) at glucose concentration 10 mM and an anti-proliferative capacity. These results indicated that seeds could bea good source of element that may be used to help human health and to prevent some diseases.",Unclassified,0.0
,,"Antioxidant, antiproliferative properties and chemical composition of the ethanolic extract from leaves and stems of Lebanese Anacyclus nigellifolius Boiss
A Hijazi, A Sabbah, F As-Sadi, S Zeiter, H Rammal… - JAMPS, 2017
Cited by 3 Related articles All 3 versions",2017,11.0,https://www.researchgate.net/profile/Abbas-Sabbah/publication/313283071_Antioxidant_Antiproliferative_Properties_and_Chemical_Composition_of_the_Ethanolic_Extract_from_Leaves_and_Stems_of_Lebanese_Anacyclus_nigellifolius_Boiss/links/58a156b145851598bab8717b/Antioxidant-Antiproliferative-Properties-and-Chemical-Composition-of-the-Ethanolic-Extract-from-Leaves-and-Stems-of-Lebanese-Anacyclus-nigellifolius-Boiss.pdf,,,,1-9,Medicinal & Aromatic Plants,Cited by 3,Hassan Rammal,,,"Antioxidant, antiproliferative properties and chemical composition of the ethanolic extract from leaves and stems of Lebanese Anacyclus nigellifolius Boiss",,JAMPS,,https://scholar.google.com/citations?view_op=view_citation&hl=en&user=Md-Qez4AAAAJ&cstart=20&pagesize=80&citation_for_view=Md-Qez4AAAAJ:9yKSN-GCB0IC,4,,"Akram Hijazi, Abbas Sabbah, Falah As-Sadi, Sara Zeiter, Hassan Rammal, Mohamad Nasser","Objective: The present study aimed to determine the content of the ethanolic extract from leaves and stems of fresh Lebanese Anacyclus nigellifolius Boiss in primary and secondary metabolites and to evaluate its antioxidant and anti-tumor activities on Human lung A549 adenocarcinoma cells. Also, the effect of low doses of chemotherapeutic agent the Cisplatin (CDDP) combined with A. nigellifolius on these cell lines has been studied. Methods: Phytochemical screening of the extract was done using standard classical tests. Total phenolic and total flavonoid contents have been determined using the Folin–Ciocalteau reagent",Unclassified,0.0
,,"Chemical composition and Antioxidant capacity of Spartium junceum grown in Lebanon
H Rammal, H Zahreddine, A Hijazi - Jour Med Resh and Health Sci, 2021
Cited by 2 Related articles All 2 versions",2021/11/30,4.0,https://www.jmrhs.info/index.php/jmrhs/article/download/470/560,,,,1588-1591,Medicinal & Aromatic Plants,Cited by 2,Hassan Rammal,,,Chemical composition and Antioxidant capacity of Spartium junceum grown in Lebanon,,Jour Med Resh and Health Sci,,https://scholar.google.com/citations?view_op=view_citation&hl=en&user=Md-Qez4AAAAJ&cstart=20&pagesize=80&citation_for_view=Md-Qez4AAAAJ:NaGl4SEjCO4C,11,,"Hassan Rammal, Hawraa Zahreddine, Akram Hijazi","The importance of Spartium junceum L. grown in Lebanon was investigated in this study. The chemical composition of three different S. junceum extracts (methanolic, water, and methanolic/water extracts) from different parts of the plant (stem, flower and legume) was determined using phytochemical screening analysis. Then the in vitro antioxidant capacity of these extracts was evaluated using the DPPH test. The obtained results revealed the presence of different metabolites such as phenols, flavonoids, alkaloids among others in the different prepared extracts from the studied parts of this plant.",aromatic plants,0.2
,,"A Study on nutritional and technological Valorisation of wild fruits
H Rammal, L Ayoub, M Salman, A Bassal - IJAPBC, 2015
Cited by 2 Related articles",2015,4.0,http://www.ijapbc.com/files/25-08-15/13-4320.pdf,,,,628-634,Medicinal & Aromatic Plants,Cited by 2,Hassan Rammal,,,A Study on nutritional and technological Valorisation of wild fruits,,IJAPBC,,https://scholar.google.com/citations?view_op=view_citation&hl=en&user=Md-Qez4AAAAJ&cstart=20&pagesize=80&citation_for_view=Md-Qez4AAAAJ:R3hNpaxXUhUC,3,,"Hassan Rammal, Luise Ayoub, Mohamad Salman, Ali Bassal","Fruits contain various bioactive molecules, most of which have the antioxidant properties 1. This is due to the presence of vitamin C, vitamin E, β-carotene, and other polyphenols (flavonoids, anthocyannes) which have a very important antioxidant activity. Wild fruit trees play a major role in ensuring raw resources for humans, animals and environmental stability 2. They are important for traditional consumption and medicinal uses. Several studies have been conducted on wild fruits such as hawthorn 3, plums 4, and roses 5 to promote their chemical and physical compositions. Being an integral part of the Middle East, one of the 8 major centers of diversity identified by Vavilov, Lebanon had high wildlife species diversity 6. These wild species are limited by the reduction of biodiversity, which emphasizes the importance of its conservations by traditional methods. The loss of this biodiversity has a direct effect on humans, through affecting food security and the economic benefits associated with the use of those wild plants. It is important to note that only Thirty species out of 500.000 are being currently cultivated 6. The objective of this study is to determine, for the first time, the chemical composition of some wild fruits (Crategus azarolus azarolus, Crategus azarolus aronia, Pysus syriaca, Prunus ursina) located in different regions in Bekaa as Arsal, Nabha and Ham, in order to evaluate their traditional value and technological aptitude. It also aims to encourage people to use the fruit as an additional food source, and protect the Lebanese biodiversity.",medicinal,0.602
,,"Biosorption of methylene blue from waste water using Scabiosa prolifera (Carmel Daisy).
MA Moussawi, A Hijazi, H Hamad, H Rammal… - World J. Pharm. Res., 2014
Cited by 2 Related articles All 2 versions",2014/7/30,3.0,https://wjpr.s3.ap-south-1.amazonaws.com/article_issue/1412148650.pdf,,,,45-56,Medicinal & Aromatic Plants,Cited by 2,Hassan Rammal,,,Biosorption of methylene blue from waste water using Scabiosa prolifera (Carmel Daisy).,,World J. Pharm. Res.,,https://scholar.google.com/citations?view_op=view_citation&hl=en&user=Md-Qez4AAAAJ&cstart=20&pagesize=80&citation_for_view=Md-Qez4AAAAJ:-f6ydRqryjwC,,,"Mhamad-Aly Moussawi, Akram Hijazi, Hussein Hamad, Hassan Rammal, Wassim Rammal, Mohamad Alameh, Daoud Naoufal","Many industries use synthetic dyes and pigments that may find their way into natural waterways[1]. Reactive dyes, an anionic or cationic dye, are most commonly used due to their provision of bright colors, excellent color fastness, and easy application. However, many reactive dyes are toxic to organisms and may cause direct harm to aquatic life. Accumulation of these dyes in wastewater from industries such as textiles, paper, cosmetics, rubber, and plastics has been regarded as a significant source of water pollution[2]. Discharge of colored wastewater without proper treatment can results in numerous problems such as chemical oxygen demand (COD) by the water body and an increase in toxicity. Currently, there are about 10,000 different commercial dyes and pigments exist and over 7x10 5 tones of synthetic dyes are produced annually world-wide[3]. Furthermore, dyes in Waste water are difficult to remove because they are stable to light, heat and oxidizing agents. In short, they are not easily degradable[4]. Moreover, their degradation products may be mutagenic and carcinogenic[5]. Many dyes may cause allergic dermatitis, skin irritation, dysfunction of kidney, liver, brain, reproductive and central nervous system[6]. Organic dyes are harmful to human beings, the need to remove color from wastewater effluents become environmentally important. It is rather difficult to treat dye effluents because of their synthetic origins and mainly aromatic structures, which are biologically non-degradable. Among several chemical and physical methods, adsorption process is one of the effective",aromatic plants,0.202
,,"Notes ethnobotanique et phytopharmacologique de Ribes nigrum L.
H Rammal, B Badran, R Soulimani - Phytothérapie, 2011
Cited by 2 Related articles All 7 versions",2011/10,9.0,https://www.researchgate.net/profile/Hassan-Rammal/publication/251349537_Notes_ethnobotanique_et_phytopharmacologique_de_Ribes_nigrum_L/links/6089118b8ea909241e2c7b3c/Notes-ethnobotanique-et-phytopharmacologique-de-Ribes-nigrum-L.pdf,,,,287-289,Medicinal & Aromatic Plants,Cited by 2,Hassan Rammal,,,Notes ethnobotanique et phytopharmacologique de Ribes nigrum L.,,Phytothérapie,,https://scholar.google.com/citations?view_op=view_citation&hl=en&user=Md-Qez4AAAAJ&cstart=20&pagesize=80&citation_for_view=Md-Qez4AAAAJ:4DMP91E08xMC,,Springer-Verlag,"H Rammal, B Badran, R Soulimani","Ribes nigrum est une plante originaire d’Europe, qui appartient à l’ordre des Saxifragales et à la famille des Grossulariacées. Il est connu sous plusieurs noms vernaculaires dont le cassis, le gadellier noir, le groseillier noir. Il est cultivé sous les climats tempérés et est parfois naturalisé en Amérique du Nord autour de sites anciennement habités. En Europe, il colonise volontiers les aulnaies humides. Il préfère les lieux humides et ombragés et les sols légers. Il produit de petites baies noires (bleu très foncé) riches en tanins et acidulées qui donnent un jus épais et violacé. Ribes nigrum est un arbrisseau touffu, vivace, de 1 m à 1, 50 m de haut. Le fruit Ribes nigrum est une baie globuleuse, d’un noir foncé et terne. La pulpe est légèrement aigrelette, tandis que la peau a une odeur aromatique.
Ribes nigrum n’est pas indigène à nos contrées, mais il est de plus en plus cultivé et est parfois naturalisé aux environs des jardins. D’autres espèces de groseilliers habitent les bois du Québec et pourraient servir de remèdes, mais on croit que celles qui portent des baies rouges sont moins efficaces médicinalement que celles qui portent des baies noires.",aromatic plants,0.4
,,"Intensification of extraction process through IVDV pretreatment from Eryngium creticum leaves and stems: Maximizing yields and assessing biological activities
M Hammoud, E Debs, LAM van den Broek, HN Rajha… - Heliyon, 2024
Cited by 1 Related articles All 13 versions",2024/3/30,10.0,https://www.cell.com/heliyon/fulltext/S2405-8440(24)03462-5,,,,,Medicinal & Aromatic Plants,Cited by 1,Hassan Rammal,,,Intensification of extraction process through IVDV pretreatment from Eryngium creticum leaves and stems: Maximizing yields and assessing biological activities,,Heliyon,,https://scholar.google.com/citations?view_op=view_citation&hl=en&user=Md-Qez4AAAAJ&cstart=20&pagesize=80&citation_for_view=Md-Qez4AAAAJ:dfsIfKJdRG4C,6,Elsevier,"Mariam Hammoud, Espérance Debs, Lambertus AM van den Broek, Hiba N Rajha, Carl Safi, Gijs van Erven, Richard G Maroun, Ali Chokr, Hassan Rammal, Nicolas Louka","""Intensification of Vaporization by Decompression to the Vacuum"" (IVDV) has initially emerged as a technology primarily employed for expanding and enhancing the texture of biological products. However, its recent applications have showcased significant promise in the realm of extracting bioactive molecules from various plant materials. In this context, optimization using response surface methodology was conducted to investigate the impact of IVDV pretreatment on the extractability of phenolic compounds from Eryngium creticum leaves and stems, as well as their biological activities. Using IVDV preceding the extraction led to higher total phenolic content (TPC) and enhanced antiradical activities in treated materials compared to untreated ones. The optimal processing conditions in terms of water content, steam pressure and treatment time were determined in order to maximize TPC (89.07 and 20.06 mg GAE/g …",aromatic plants,0.2
,,"Adsorption of Aqueous methyl orange by Lebanese eryngium creticum
A Mroweh, A Hijazi, H Rammal, M Alameh, J Toufaily… - Am. J. Pharm Tech Res, 2015
Cited by 1 Related articles",2015,5.0,,,,,324-331,Medicinal & Aromatic Plants,Cited by 1,Hassan Rammal,,,Adsorption of Aqueous methyl orange by Lebanese eryngium creticum,,Am. J. Pharm Tech Res,,https://scholar.google.com/citations?view_op=view_citation&hl=en&user=Md-Qez4AAAAJ&cstart=20&pagesize=80&citation_for_view=Md-Qez4AAAAJ:hqOjcs7Dif8C,2,,"Ali Mroweh, Akram Hijazi, Hassan Rammal, Mohamad Alameh, Joumana Toufaily, Tayssir Hamieh","Using natural adsorbants for the removal of dyes from solutions may represent a new and effective method of dye control and treatment. In this study, the adsorption of methyl orange by Lebanese Eryngiumcreticum was evaluated. Removal rates of methyl orange were determined by UV-Vis spectrophotometry and the adsorption process was found to be affected by initial dye concentration, adsorbant concentration, and pH. Adsorption isotherms were also plotted and showed a type III isotherm at pH 2, and a type V isotherm at pH 10. The adsorption of Eryngiumcreticum was then compared to other synthetic adsorbants and was found to offer similar adsorption capacity to some.",Unclassified,0.0
,,"DETERMINATION OF BIOACTIVE COMPOUNDS INCLUDING GC-MS INVESTIGATION OF HEXANE AND DICHLOROMETHANE EXTRACTS AND THE TRACE METAL COMPOSITION OF URTICA DIOICA
B Sayed-Ahmad, A Hijazi, H Rammal, Z Damaj… - Journal of Atoms and Molecules, 2014
Cited by 1 Related articles All 2 versions",2014/5/1,4.0,,,,,713,Medicinal & Aromatic Plants,Cited by 1,Hassan Rammal,,,DETERMINATION OF BIOACTIVE COMPOUNDS INCLUDING GC-MS INVESTIGATION OF HEXANE AND DICHLOROMETHANE EXTRACTS AND THE TRACE METAL COMPOSITION OF URTICA DIOICA,,Journal of Atoms and Molecules,,https://scholar.google.com/citations?view_op=view_citation&hl=en&user=Md-Qez4AAAAJ&cstart=20&pagesize=80&citation_for_view=Md-Qez4AAAAJ:u-x6o8ySG0sC,3,Journal of Atoms and Molecules,"Bouchra Sayed-Ahmad, Akram Hijazi, Hassan Rammal, Ziad Damaj, Salam Nasreddine, Zeinab Saad, Bassam Badran","This present study was carried out to characterize the bioactive constituents present in hexane and dichloromethane extracts of whole plant of Urtica dioica using GC-MS analysis. The chemical compositions of these extracts was investigated after 2 steps of purification, using Perkin--Elmer Gas Chromatography--Mass Spectrometry, while the mass spectra of the compounds found in the extracts was matched with the National Institute of Standard and Technology library. On the other hand, metal content of Urtica dioica was analyzed, therefore, X-ray fluorescence (XRF) technique was used for the determination of the major trace elements in the plant and a microwave digestion procedure followed by atomic absorption spectrometry was carried out for the determination of some important heavy metal content in our sample. Thus, the XRF assay shows that, this plant contains metals with significant metabolic role …",aromatic plants,0.2
,,"Comparative study of the chemical composition of leaves and stems of five Lebanese plants
H Farhan, H Rammal, A Hijazi, B Badran - J. Nat. Prod. Plant Resour, 2013
Cited by 1 Related articles All 3 versions",2013/5/15,3.0,https://www.academia.edu/download/53367398/comparative-study-of-the-chemical-composition-of-leaves-and-stems-of-five-lebanese-plants.pdf,,,,92-96,Medicinal & Aromatic Plants,Cited by 1,Hassan Rammal,,,Comparative study of the chemical composition of leaves and stems of five Lebanese plants,,J. Nat. Prod. Plant Resour,,https://scholar.google.com/citations?view_op=view_citation&hl=en&user=Md-Qez4AAAAJ&cstart=20&pagesize=80&citation_for_view=Md-Qez4AAAAJ:7PzlFSSx8tAC,2,,"Hussein Farhan, Hassan Rammal, Akram Hijazi, Bassam Badran","Our study was focused on the quantification and determination of the chemical composition of both aqueous and ethanolic extracts from dried leaves and stems of five Lebanese plants Astragalus coluteiodes, Astragalus angulosus, Euphorbia macroclada, Trigonella berythea and Anacyclus nigllifolius. In order to detect the presence of phenol, saponin, coumarin, tannin, alkaloid, flavonoid and volatile oil, a preliminary phytochemical screening has been done. The quantification of saponin, alkaloids, lipids, ash, elements contents and humidity has been done using the classical methods. The phytochemical screening showed that aqueous and ethanolic extracts from both the leaves and stems of the five studied plants contain polyphenol, flavonoid, tannin, saponin and terpenoid in different concentrations. On the other hand, our plants contain fewer amounts of some heavy metals (Fe, Cd, Mn, Cr and Cu). From our work, it can be concluded that both leaves and stems of the five plants contain good compounds that may be used in the prevention or treatment of some diseases.",aromatic plants,0.204
,,"A study of the anti-hyperglycaemic effects of the medicinal plant, Momordica charantia L.: Validation and contribution
H Rammal, J Bouayed, F Desor, C Younos… - Phytotherapie, 2009
Cited by 1 Related articles All 2 versions",2009/8,7.0,,,,,191-196,Medicinal & Aromatic Plants,Cited by 1,Hassan Rammal,,,"A study of the anti-hyperglycaemic effects of the medicinal plant, Momordica charantia L.: validation and contribution",,Phytotherapie,,https://scholar.google.com/citations?view_op=view_citation&hl=en&user=Md-Qez4AAAAJ&cstart=20&pagesize=80&citation_for_view=Md-Qez4AAAAJ:HoB7MX3m0LUC,,Springer-Verlag,"H Rammal, J Bouayed, F Desor, C Younos, R Soulimani","Momordica charantia (L.) [Cucurbitaceae], more commonly known as the bitter cucumber or bitter melon, is a plant used for food and medicine. In the Ayurvedic tradition it is used to treat a range of disorders, including diabetes. This study has demonstrated the plant’s anti-hyperglycaemic effect in mice with alloxan monohydrate induced diabetes. Two extracts were prepared, from both the fresh and the dried fruit of the plant, and their effects on blood sugar levels were compared with the reference anti-diabetes molecule glibenclamide. Aqueous extract of the fresh fruit at a dose of 200 mg/kg demonstrated a significant reduction in glycemia (62%), comparable with that of glibenclamide at a dose of 10 mg/kg. The two extracts at different doses showed no signs of toxicity. Thus, aqueous extract of the edible plant M. charantia would appear to be a viable alternative for reducing glycemia as well as …",medicinal,0.604
,,"Notes ethnobotanique et phytopharmacologique sur Eryngium creticum L.
H Rammal, J Bouayed, F Desor, C Younos… - Phytothérapie, 2009
Cited by 1 Related articles All 6 versions",2009/2,7.0,,,,,26-27,Medicinal & Aromatic Plants,Cited by 1,Hassan Rammal,,,Notes ethnobotanique et phytopharmacologique sur Eryngium creticum L.,,Phytothérapie,,https://scholar.google.com/citations?view_op=view_citation&hl=en&user=Md-Qez4AAAAJ&cstart=20&pagesize=80&citation_for_view=Md-Qez4AAAAJ:zYLM7Y9cAGgC,,Springer-Verlag,"H Rammal, J Bouayed, F Desor, C Younos, R Soulimani","Le genre Eryngium, appartenant ala sous-famille Saniculoidée des Apiacées, avec environ 250 especes, a une répartition cosmopolite [22, 23] et est connu pour contenir des acétylenes, des flavonoıdes, des coumarines et des saponines triterpenes [13]. Eryngium creticum, connue sous le nom commun de Field Eryngo, est une plante vivace ou bisannuelle glauque, appartenant ala famille des Umbelliferées. Elle pousse dans les champs et les endroits rocailleux, le plus souvent dans des sols secs. Elle atteint une hauteur maximale de 20-50 cm et est largement répartie en Jordanie [3].
Les fleurs sont hermaphrodites (possédant ala fois des organes mâles et femelles) et sont pollinisées par les abeilles, les mouches et les coléopteres. La plante est auto fertile. Elle a besoin d’un sol bien drainé et ensoleillé [10]. Elle préfere un sol sablonneux mais tolere la plupart des types de sol [14], acides, neutres ou basiques …",aromatic plants,0.2
,RFMF,"Profilage métabolique de cultures de pomme de terre infectées par le mildiou et traitées par un agent de biocontrôle
D Raad, K Hamade, D Herfurth, R Molinié, JX Fontaine… - RFMF, 2023
Related articles All 2 versions",2023/5/24,,https://u-picardie.hal.science/hal-04455884/file/POSTER%20RFMF%20Dala.pdf,,,,,Medicinal & Aromatic Plants,,Hassan Rammal,,,Profilage métabolique de cultures de pomme de terre infectées par le mildiou et traitées par un agent de biocontrôle,,,,https://scholar.google.com/citations?view_op=view_citation&hl=en&user=Md-Qez4AAAAJ&cstart=20&pagesize=80&citation_for_view=Md-Qez4AAAAJ:4OULZ7Gr8RgC,,,"Dala Raad, Kamar Hamade, Damien Herfurth, Roland Molinié, Jean-Xavier Fontaine, Hassan Rammal, Akram Hijazi, Marc Ongena, François Mesnard, Ophélie Fliniaux","La pomme de terre (Solanum tuberosum) est l'une des cultures vivrières les plus importantes au monde; cependant, sa production est souvent menacée par une série de maladie dont le mildiou qui est causé par Phytophtora infestans, un oomycete qui affecte les feuilles et les tubercules. Dans un contexte de protection durable de la culture des pommes de terre, l’utilisation des substances naturelles est l’une des plus récentes stratégies utilisées comme agent de bio contrôle afin de raisonner l’utilisation des substances phytosanitaires qui sont nocives pour la santé et l’environnement. La surfactine est un cyclopeptide biactif produit par différentes souches bactériennes qui a montré une résistance systémique induite dans la pomme de terre d’où son intérêt en tant qu’agent de biocontrôle. Dans cette étude un profilage métabolique est effectué par RMN et LCMS pour des plantes infectées par P. infestans et traitées par la surfactine afin d’identifier les métabolites impactés par l’emploi de cette substance active et de comprendre le métabolisme de la résistance de la pomme de terre. Les analyses multivariées ont mis en évidence la séparation des plantes selon le traitement par l’agent de biocontrôle et selon l’infection; l’identification des métabolites discriminants est en cours.",aromatic plants,0.2
,,"Extraction of Polyphenols and Alkaloids from the Lebanese Anacyclus Nigellifolus Boiss and In vitro Evaluation of their Biological Properties
H Rammal - Biomedical Journal of Scientific & Technical Research, 2023
Related articles All 2 versions",2023,49.0,,,,,40498-40513,Medicinal & Aromatic Plants,,Hassan Rammal,,,Extraction of Polyphenols and Alkaloids from the Lebanese Anacyclus Nigellifolus Boiss and In vitro Evaluation of their Biological Properties,,Biomedical Journal of Scientific & Technical Research,,https://scholar.google.com/citations?view_op=view_citation&hl=en&user=Md-Qez4AAAAJ&cstart=20&pagesize=80&citation_for_view=Md-Qez4AAAAJ:u_35RYKgDlwC,2,"Biomedical Research Network+, LLC",Hassan Rammal,"Lebanon is distinguished by a great wealth of plant species especially with medicinal properties. In fact, 2607 wild species of which 92 are endemics can be found in only 10452 km2. Phenolic compounds are an essential part of the human diet and are of considerable interest due to their antioxidant properties and potential beneficial health effects.",medicinal,0.607
,,"REMOVAL OF Pb (II) FROM WASTEWATERS BY ACTIVATED CARBON FROM LEBANESE CYMBOPOGON CITRATUS (LEMONGRASS): A COMPARATIVE STUDY
H Haidar, A Hijazi, D Houssein, W El Khatib, H Rammal… - 2016
Related articles All 5 versions",2016/4/6,5.0,https://www.academia.edu/download/105093646/_229.pdf,,,,23-28,Medicinal & Aromatic Plants,,Hassan Rammal,,,REMOVAL OF Pb (II) FROM WASTEWATERS BY ACTIVATED CARBON FROM LEBANESE CYMBOPOGON CITRATUS (LEMONGRASS): A COMPARATIVE STUDY,,,,https://scholar.google.com/citations?view_op=view_citation&hl=en&user=Md-Qez4AAAAJ&cstart=20&pagesize=80&citation_for_view=Md-Qez4AAAAJ:mB3voiENLucC,1,,"Hala Haidar, Akram Hijazi, Dania Houssein, Wassef El Khatib, Hassan Rammal, Ali Mcheik, Ziad Damaj, Abd-Al-Ameer Al Rekaby","The problem of pollution have attracted increasing interest with the growth and development of the industrial sector, since it affects several vital sectors. 1 Heavy metals are among the factors that contribute to the pollution, their toxicity and the danger of their bioaccumulation in the food chain represent one of the major environmental and health problems of our modern society. 2 The term heavy metal refers to elements that have a relatively high density greater than 5.0 g cm-3 and exhibit metallic properties, it includes transition metals and metalloids arsenic and antimony. 3
Lead is one of the most toxic heavy metals, it has several fields of application, including battery storage, production of insecticides and plastic water pipes. 4 Lead is emitted into the atmosphere after the combustion of fossil fuels and the smelting of sulfide ores, it is also emitted in lakes and streams by acid mine drainage. 5 According to the guidelines of World Health Organization (WHO) and American Water Works Association (AWWA), the quantity recommended for lead in drinking water is 0.05 mg L-1. 6 The US Environmental Protection Agency has set the maximum dose of lead allowable in drinking water to be 15 ppb. 7",Unclassified,0.0
,,"Chemical composition, in vitro cytotoxicity and anti-free radical properties of six extracts from Lebanese Trigonella berythea Boiss
F Hussein, R Hassan, H Akram, A Houssein, D Ahmad… - 2013
Related articles",2013,,,,,,1157-1163,Medicinal & Aromatic Plants,,Hassan Rammal,,,"Chemical composition, in vitro cytotoxicity and anti-free radical properties of six extracts from Lebanese Trigonella berythea Boiss",,,,https://scholar.google.com/citations?view_op=view_citation&hl=en&user=Md-Qez4AAAAJ&cstart=20&pagesize=80&citation_for_view=Md-Qez4AAAAJ:BqipwSGYUEgC,,,"Farhan Hussein, Rammal Hassan, Hijazi Akram, Annan Houssein, Daher Ahmad, Reda Mohamad, Badran Bassam","Chemical composition, in vitro cytotoxicity and anti-free radical properties of six extracts from Lebanese Trigonella berythea Boiss | Pakistan Journal of Pharmaceutical Sciences. 2013; 26 (6): 1157-1163 | IMEMR loading Conteúdo principal 1 Busca 2 Rodapé 3 +A A -A Alto contraste Portal Regional da BVS Informação e Conhecimento para a Saúde português español english français Localizar descritor de assunto Busca Avançada EVID@Easy Pesquisar 1.Home 2.Pesquisa 3.Chemical composition, in vitro cytotoxicity and anti-free radical properties of six extrac Chemical composition, in vitro cytotoxicity and anti-free radical properties of six extracts from Lebanese Trigonella berythea Boiss Hussein, Farhan; Hassan, Rammal; Akram, Hijazi; Houssein, Annan; Ahmad, Daher; Mohamad, Reda; Bassam, Badran. Pakistan Journal of Pharmaceutical Sciences. 2013; 26 (6): 1157-1163 em En | IMEMR | ID: emr-148546 …",Unclassified,0.0
,,"Immunoactive profile of Desmodium adscendens L. aqueous extract in mice.
H Rammal, R Soulimani - 2011
Related articles",2011/9/21,2.0,,,,,84-91,Medicinal & Aromatic Plants,,Hassan Rammal,,,Immunoactive profile of Desmodium adscendens L. aqueous extract in mice.,,,,https://scholar.google.com/citations?view_op=view_citation&hl=en&user=Md-Qez4AAAAJ&cstart=20&pagesize=80&citation_for_view=Md-Qez4AAAAJ:fPk4N6BV_jEC,1,,"H Rammal, R Soulimani","In this paper we examine the pharmacological effects of Desmodium adscendens on some immunological parameters. This study, unlike any other, deals with the evaluation of impact on the acute, subacute, and subchronic oral administrations of different doses of the aqueous extract of D. adscendens, on both the cellular and humoral immunity. The flow cytometry technique was used to determine the number of granulocytes, monocytes, and total lymphocytes, particularly TCD4+, TCD8+ and NK cells. Furthermore, the ELISA method was used to measure the concentration of immunoglobulins (A, E and G). For the first time, the results clearly demonstrated that D. adscendens affects the immune system. Despite the fact that D. adscendens decreased the counts of the total lymphocytes, particularly TCD4+, TCD8+ and NK cells; it decreased the humoral immunity and increased the monocytes counts. Our findings …",Unclassified,0.0
,,"Immunoactive property of acute and subacute administration of high dilution of Gelsemium sempervirens L., Histaminum and Poumon histamine
H Rammal, R Soulimani - International Journal of Medicine and Medical …, 2011
Related articles All 5 versions",2011/1,3.0,https://academicjournals.org/article/article1378979344_Rammal%20and%20Soulimani.pdf,,,,11-18,Medicinal & Aromatic Plants,,Hassan Rammal,,,"Immunoactive property of acute and subacute administration of high dilution of Gelsemium sempervirens L., Histaminum and Poumon histamine",,International Journal of Medicine and Medical Sciences,,https://scholar.google.com/citations?view_op=view_citation&hl=en&user=Md-Qez4AAAAJ&cstart=20&pagesize=80&citation_for_view=Md-Qez4AAAAJ:e5wmG9Sq2KIC,1,,"Hassan Rammal, Rachid Soulimani","Anxiety is associated with subjective distress and many harmful physiological effects including oxidative stress, immunodepressive effect, and an increase in blood pressure. Anxiety is also implicated in a number of psychiatric disorders. The objective of this work was to study the protective property of homeopathic drugs on immunodepression caused by high anxiety level by evaluating the immunological effect of both acute and subacute intraperitoneally administration of high dilutions (9 CH, 15 CH and 30 CH) of Gelsemium sempervirens L., Histaminum and Poumon histamine in mice with contrasting level of anxiety evaluated in the light/dark choice test. Our results showed that these homeopathic drugs at different dilutions exert an important immunotrope effect on the cellular (granulocytes, monocytes, total lymphocytes, TCD4+, TCD8+ and NK cells) and humoral (immunoglobulins A, E and G) immunity in anxious mice.",Unclassified,0.0
,,"Trait anxiety and its relationship with the expression of receptors (GABAA, 5-HT1A,-opioïdes and a1-adrenergic) and markers of oxidative stress in CNS (neuros and glial cells) and in peripheral system (cellular and humoral immunity): evaluation of the effets of natural substances with cyctoprotective potential
H Rammal - 2008
Related articles",2008/10/23,,,,,,,Medicinal & Aromatic Plants,,Hassan Rammal,,,"Trait anxiety and its relationship with the expression of receptors (GABAA, 5-HT1A,-opioïdes and a1-adrenergic) and markers of oxidative stress in CNS (neuros and glial cells …",,,,https://scholar.google.com/citations?view_op=view_citation&hl=en&user=Md-Qez4AAAAJ&cstart=20&pagesize=80&citation_for_view=Md-Qez4AAAAJ:a0OBvERweLwC,,< bound method Organization. get_name_with_acronym of< Organization: Université de Lorraine>>,Hassan Rammal,"In this study, genes expression from four central receptors (GABAA, 5-HT1A, m-opioïdes and a1-adrenergic) involved in the modulation of anxiety was assessed. The impact of anxiety on the cellular and humoral immunity and on the oxidative status at the SNC (neurons and glial cells) and peripheral (lymphocytes, granulocytes and monocytes) level was highlighted. At the same time, the effect of anxiety coupled with an anxiogenic restraint stress, on the cellular and humoral immunity was also evaluated. Indeed, the high level of anxiety induced firstly, a significant depressive effect on cellular (total lymphocytes, TCD4+ and TCD8+) and humoral (IgA and IgE) immunity, and secondly, a significant increase of the level of intracellular reactive oxygen species (ROS) of neurons and glial cells in the cerebral cortex, the cerebellum and the hippocampus and in the peripheral blood granulocytes, monocytes and …",Unclassified,0.0
,,"L'anxiété trait et son lien avec l'expression des sous-unités des récepteurs (GABAA, 5-HT1A, µ-opioïdes et x1-adrénérgiques) et des marqueurs du stress oxydatif au niveau du SNC (neurones et cellules gliales) et au niveau périphérique (immunité cellulaire et humorale): évaluation des effets de substances naturelles à potentiel cytoprotecteur
H Rammal - 2008
Related articles All 3 versions",2008/10/23,,,,,,,Medicinal & Aromatic Plants,,Hassan Rammal,,,"L'anxiété trait et son lien avec l'expression des sous-unités des récepteurs (GABAA, 5-HT1A, µ-opioïdes et x1-adrénérgiques) et des marqueurs du stress oxydatif au niveau du …",Université Paul Verlaine-Metz,,,https://scholar.google.com/citations?view_op=view_citation&hl=en&user=Md-Qez4AAAAJ&cstart=20&pagesize=80&citation_for_view=Md-Qez4AAAAJ:YFjsv_pBGBYC,,,Hassan Rammal,"Au cours de cette étude, l expression des gènes codants de quatre sous types de récepteurs centraux (GABAA, 5-HT1A, m-opioïdes et a1-adrénergiques) impliqués dans la modulation de l anxiété a été évaluée. L impact de l anxiété trait sur les réponses immunitaires cellulaire et humorale et sur le niveau du statut oxydatif au niveau du SNC (neurones et cellules gliales) et au niveau périphérique (lymphocytes, granulocytes et monocytes) a été mis en évidence. En même temps, l effet de l anxiété trait couplée au modèle de stress expérimental anxiogène par contention, sur les réponses immunitaires cellulaire et humorale a été évalué. En effet, le niveau élevé d anxiété induit d une part, un effet dépressif significatif sur l immunité cellulaire (lymphocytes totaux, TCD4+ et TCD8+) et humorale (IgA et IgE) et d autre part, une augmentation significative du niveau intracellulaire des espèces réactives de l oxygène (ERO …",Unclassified,0.0
,,"Aperçu ethnobotanique et phytopharmacologique sur Nasturtium officinale R. Br
H Rammal, C Younos, J Bouayed, F Desor, A Chakou… - Phytothérapie, 2008
Related articles All 6 versions",2008/6,6.0,https://www.researchgate.net/profile/Hassan-Rammal/publication/226158315_Apercu_ethnobotanique_et_phytopharmacologique_sur_Nasturtium_officinaleR_Br/links/608910a32fb9097c0c1336bb/Apercu-ethnobotanique-et-phytopharmacologique-sur-Nasturtium-officinale-R-Br.pdf,,,,187-188,Medicinal & Aromatic Plants,,Hassan Rammal,,,Aperçu ethnobotanique et phytopharmacologique sur Nasturtium officinale R. Br,,Phytothérapie,,https://scholar.google.com/citations?view_op=view_citation&hl=en&user=Md-Qez4AAAAJ&cstart=20&pagesize=80&citation_for_view=Md-Qez4AAAAJ:j3f4tGmQtD8C,,Springer-Verlag,"H Rammal, C Younos, J Bouayed, F Desor, A Chakou, N Necerbey, R Soulimani","Nasturtium officinale L., plante de la famille des Brassicaceae, est connu sous les noms de cresson de fontaine, cresson, cresson d’eau, cresson de ruisseau, cardamine, grasson, berle. D’ailleurs, en persan, elle s’ appelle alaf-e tchema, qui veut dire «herbe des sources». C’est une plante des régions tempérées du monde. Le nom du genre Nasturtium provient des termes latins nasum, nez, et torquere, tordre, grimacer, par allusion ala saveur piquante du cresson.
Le cresson de fontaine est une plante herbacée vivace qui forme des pousses rampantes au fond de l’eau, puis des tiges creuses qui se dressent hors de l’eau al’extrémité des rameaux. Elle pousse communément dans les zones humides, notamment aux voisinages des cours d’eau, de 0 a2 000 metres d’altitude. Les tiges sont étalées, voire couchées sur le sol ou sur les plans d’eau. Elles peuvent dépasser 2 metres de long. Elles émettent facilement des racines adventives au niveau des nœuds. Les feuilles émergeantes sont pennées et charnues, alternes, vert foncé, munies d’un long pétiole. Elles sont composées de cinq folioles ovales plus ou moins arrondies, la foliole terminale étant plus grande que les autres. Al’aisselle des feuilles peuvent apparaıtre des bulbilles, qui se détachent et donnent naissance ade nouvelles plantes. Les petites fleurs blanches (5-6 mm) aantheres jaunes apparaissent en grappes terminales tout l’été, de juin aseptembre. Le fruit est une silique de 1 a2 centimetres de long, linéaire ou linéaire oblongue, terminée par un style épais, avalves sans nervures. La silique renferme de petites graines brun rouge, ovales, sur deux rangs dans chaque loge de …",aromatic plants,0.2
,,"Notes ethnobotanique et phytopharmacologique sur Hippophae rhamnoides L.
H Rammal, C Younos, J Bouayed, F Desor, A Chakou… - Phytothérapie, 2008
Related articles All 6 versions",2008/4,6.0,https://www.researchgate.net/profile/Hassan-Rammal/publication/225528434_Notes_ethnobotanique_et_phytopharmacologique_sur_Hippophae_rhamnoidesL/links/6089106d907dcf667bcadfb7/Notes-ethnobotanique-et-phytopharmacologique-sur-Hippophae-rhamnoides-L.pdf,,,,115-116,Medicinal & Aromatic Plants,,Hassan Rammal,,,Notes ethnobotanique et phytopharmacologique sur Hippophae rhamnoides L.,,Phytothérapie,,https://scholar.google.com/citations?view_op=view_citation&hl=en&user=Md-Qez4AAAAJ&cstart=20&pagesize=80&citation_for_view=Md-Qez4AAAAJ:YOwf2qJgpHMC,,Springer-Verlag,"H Rammal, C Younos, J Bouayed, F Desor, A Chakou, T Derouich, R Soulimani","Hippophae rhamnoides est un arbrisseau sauvage épineux de la famille des Éléagnacées, assez commun en Europe et en Asie. C’est une espece dioıque connue sous plusieurs noms vernaculaires dont l’ananas de Sibérie, l’argousier, le saule épineux, le faux nerprun, la bourdaine marine, l’argasse, le grisset, l’épine luisante, l’olivier de Sibérie. En anglais, cette plante s’ appelle sea buckthorn et en chinois star-bu (nom tibétain). C’est un arbrisseau tres épineux, au port buissonnant, de 2 a3 metres de haut, il peut prendre parfois le port d’un arbuste et atteindre jusqu’a6 metres. Les feuilles, caduques, alternes, simples, sont tres étroites et présentent une seule nervure. Le pétiole est tres court. Le limbe est vert ala face supérieure, et gris argenté ala face inférieure. Les fleurs, apétales, tres petites, sont verdâtres et apparaissent des le mois d’avril, avant les feuilles. Les sexes sont séparés (plante dioıque). Les fruits, de forme ovoıde, sont complexes (fausses drupes), formés d’un akene entouré d’une partie charnue issue de la transformation du réceptacle floral. Extérieurement, ils sont jaune orangé amaturité (vers le mois de septembre) et mesurent de 6 a8 mm de long. Cette espece est spontanée dans les régions tempérées de l’Eurasie.",aromatic plants,0.2
,,"Characterization and bio-evaluation of polyphenols from some plum varieties and new fields for their use in health and diet
J Bouayed, H Rammal, C Younos, A Dicko… - Phytothérapie, 2008
Related articles",2008/4/1,6.0,,,,,71-74,Medicinal & Aromatic Plants,,Hassan Rammal,,,Characterization and bio-evaluation of polyphenols from some plum varieties and new fields for their use in health and diet,,Phytothérapie,,https://scholar.google.com/citations?view_op=view_citation&hl=en&user=Md-Qez4AAAAJ&cstart=20&pagesize=80&citation_for_view=Md-Qez4AAAAJ:2osOgNQ5qMEC,2,,"J Bouayed, H Rammal, C Younos, A Dicko, R Soulimani","In the present study, we have shown that plums protected granulocyte cells from oxidative stress by their potential to inhibit the intracellular reactive oxygen species accumulation. The consumption of 100 g of fresh plums can provide antioxidants equivalent to 613.98–2137.59 mg of vitamin C. The major polyphenols in plums were identified and quantified using reversed-phase high-performance liquid chromatography (HPLC), which revealed that neochlorogenic acid was the predominant polyphenol. Plums are a source of polyphenols with dual effects: antioxidant and anxiolytic, like chlorogenic acid, which may provide health-promoting advantages to the consumer.",Unclassified,0.0
,,"World Journal of Pharmaceutical Sciences
R Makki, H Rammal, MN Hussein Farhan, Z El Dirani…
Related articles",,,https://www.academia.edu/download/36624922/030226-PS0580.pdf,,,,,Medicinal & Aromatic Plants,,Hassan Rammal,,,World Journal of Pharmaceutical Sciences,,,,https://scholar.google.com/citations?view_op=view_citation&hl=en&user=Md-Qez4AAAAJ&cstart=20&pagesize=80&citation_for_view=Md-Qez4AAAAJ:pqnbT2bcN3wC,,,"Rawan Makki, Hassan Rammal, Mohamad Nasser Hussein Farhan, Zeinab El Dirani, Akram Hijazi, Bassam Badran","This study aimed to examine both the impact of growth period on the chemical composition and the in vitro anti-oxidant and anti-proliferative properties for Centranthus longiflorus. Aqueous and ethanolic extracts from leaves and stems, collected from two harvests, were tested to diagnose their different secondary metabolites content. This was conducted through classical phytochemical screening tests. In addition, a test for their antioxidant (DPPH and H2O2 radical scavenging) and for cell viability (Neutral red assay on HeLa cells), were conducted. The results have shown that both aqueous and ethanolic extracts from the different parts of the two C. longiflorus harvests contain alkaloid, coumarin, saponin, flavonoid, polyphenols, volatile oils and reducing sugars in different concentrations. Moreover, an antioxidant activity was observed by this plant where it inhibited the viability of HeLa cell line in a time-dependent (0–72 h) and dose-dependent (0–250 μM) manner. As such, the in vitro anti-oxidant and antiproliferative effects that were revealed from the two harvests of C. longiflorus reflect the significant potential use of this plant in the development of a new anti-cancer agent.",aromatic plants,0.2
,,"Bioadsorption of Pb
Z Ezzeddine, E Al Sayed, H Rammal, A Hijazi… - International Journal of Environment, Agriculture and …
Related articles All 2 versions",,2.0,https://www.researchgate.net/profile/H-Hamad/publication/320388148_Bioadsorption_of_Pb2_and_Cu2_on_Eucalyptus_Camaldulensis_Leaves/links/5e14d770299bf10bc39a9275/Bioadsorption-of-Pb2-and-Cu2-on-Eucalyptus-Camaldulensis-Leaves.pdf,,,,238940,Medicinal & Aromatic Plants,,Hassan Rammal,,,Bioadsorption of Pb,,"International Journal of Environment, Agriculture and Biotechnology",,https://scholar.google.com/citations?view_op=view_citation&hl=en&user=Md-Qez4AAAAJ&cstart=20&pagesize=80&citation_for_view=Md-Qez4AAAAJ:4JMBOYKVnBMC,5,Infogain Publication,"Zeinab Ezzeddine, Effat Al Sayed, Hassan Rammal, Akram Hijazi, Hussein Hamad, Hanane Akhdar","Herein, the efficiency of Eucalyptus camaldulensis leaves as biosorbent for lead and copper was investigated. The particle size distribution was determined by Granulometric analysis and the functional groups were identified by FT-IR spectroscopy. The effects of contact time, pH and initial metal ions concentration were investigated. The experimental kinetic data were well fitted by the pseudo-second order kinetic model and Langmuir isotherm with a maximum adsorption capacity up to 71 mg g-1 and 37 mg g-1 for Cu2+ and Pb2+ respectively. The selectivity was examined in a binary ions solution where the adsorbent showed preference for lead over copper.",Unclassified,0.0
,,"INTERNATIONAL RESEARCH JOURNAL OF PHARMACY
R Marwa, R Hassan, J Fatima, H Akram, B Bassam
Related articles All 6 versions",,,https://www.researchgate.net/profile/K-Aravindakshan/publication/321195538_SYNTHESIS_AND_BIOCHEMICAL_STUDIES_OF_TRANSITION_METAL_COMPLEXES_OF_ISATIN_N4-METHYLPHENYLTHIOSEMICARBAZONE/links/5a226106a6fdcc8e86654c9f/SYNTHESIS-AND-BIOCHEMICAL-STUDIES-OF-TRANSITION-METAL-COMPLEXES-OF-ISATIN-N4-METHYLPHENYLTHIOSEMICARBAZONE.pdf,,,,,Medicinal & Aromatic Plants,,Hassan Rammal,,,INTERNATIONAL RESEARCH JOURNAL OF PHARMACY,,,,https://scholar.google.com/citations?view_op=view_citation&hl=en&user=Md-Qez4AAAAJ&cstart=20&pagesize=80&citation_for_view=Md-Qez4AAAAJ:RHpTSmoSYBkC,,,"Rammal Marwa, Rammal Hassan, Jebai Fatima, Hijazi Akram, Badran Bassam","Complexes of Fe (III), Co (II), Ni (II), Cu (II) and Zn (II) with isatin N (4)-methyl (phenyl) thiosemicarbazone (ISTSC)) were synthesized in satisfactory yields. These complexes were characterized based on various physico-chemical methods. The antimicrobial activities of the metal complexes and isatin-N (4)-methyl (phenyl) thiosemicarbazone showed that the complexes are more active than the free thiosemicarbazone ligand. Moreover, in vitro cytotoxicity of all the complexes and the ligand against Dalton’s Lymphona Ascites (DLA) and Ehrlich’s Ascites Carcinoma (EAC) cell lines was assayed and found that they are capable of destroying the cancer cells even at low concentrations. In particular, the Cu (II) complex,[CuL] Cl. H2O exhibited higher cytotoxicity against the above cancer cell lines with an IC50 value of 38 µg/ml.",Unclassified,0.0
,,"Phyto thérapie
H RAMMAL, C YOUNOS, J BOUAYED, F DESOR…
Related articles",,,,,,,,Medicinal & Aromatic Plants,,Hassan Rammal,,,Phyto thérapie,,,,https://scholar.google.com/citations?view_op=view_citation&hl=en&user=Md-Qez4AAAAJ&cstart=20&pagesize=80&citation_for_view=Md-Qez4AAAAJ:L8Ckcad2t8MC,,,"H RAMMAL, C YOUNOS, J BOUAYED, F DESOR, A CHAKOU, N NECERBEY, Rachid SOULIMANI",,Unclassified,0.0
,,"The antioxidant and anti-tumor activities of the Lebanese Centranthus Longiflorus LThe antioxidant and...
H Rammal, Z el Dirani
Related articles",,,https://www.academia.edu/download/53069837/Rawan_dirani__WJPS.pdf,,,,,Medicinal & Aromatic Plants,,Hassan Rammal,,,The antioxidant and anti-tumor activities of the Lebanese Centranthus Longiflorus LThe antioxidant and...,,,,https://scholar.google.com/citations?view_op=view_citation&hl=en&user=Md-Qez4AAAAJ&cstart=20&pagesize=80&citation_for_view=Md-Qez4AAAAJ:aqlVkmm33-oC,,,"Hassan Rammal, Zeinab el Dirani","This study aimed to examine both the impact of growth period on the chemical composition and the in vitro anti-oxidant and anti-proliferative properties for Centranthus longiflorus. Aqueous and ethanolic extracts from leaves and stems, collected from two harvests, were tested to diagnose their different secondary metabolites content. This was conducted through classical phytochemical screening tests. In addition, a test for their antioxidant (DPPH and H2O2 radical scavenging) and for cell viability (Neutral red assay on HeLa cells), were conducted. The results have shown that both aqueous and ethanolic extracts from the different parts of the two C. longiflorus harvests contain alkaloid, coumarin, saponin, flavonoid, polyphenols, volatile oils and reducing sugars in different concentrations. Moreover, an antioxidant activity was observed by this plant where it inhibited the viability of HeLa cell line in a time-dependent (0–72 h) and dose-dependent (0–250 μM) manner. As such, the in vitro anti-oxidant and antiproliferative effects that were revealed from the two harvests of C. longiflorus reflect the significant potential use of this plant in the development of a new anti-cancer agent.",aromatic plants,0.2
