Book,Conference,Scholar articles,Publication date,Volume,PDF Link,Patent office,Report number,Source,Pages,Research Interests,Total citations,Researcher Name,Inventors,Patent number,Title,Institution,Journal,Application number,Scholar Link,Issue,Publisher,Authors,Description,Classified_Topic,Classification_Confidence
,,"Fractal time series analysis of postural stability in elderly and control subjects
H Amoud, M Abadi, DJ Hewson, V Michel-Pellegrino… - Journal of neuroengineering and rehabilitation, 2007
Cited by 161 Related articles All 21 versions",2007/12,4.0,https://link.springer.com/article/10.1186/1743-0003-4-12,,,,1-12,"signal processing, data scientist, biomedical engineering",Cited by 161,Hassan Amoud,,,Fractal time series analysis of postural stability in elderly and control subjects,,Journal of neuroengineering and rehabilitation,,https://scholar.google.com/citations?view_op=view_citation&hl=en&user=D2zAK7EAAAAJ&citation_for_view=D2zAK7EAAAAJ:u5HHmVD_uO8C,,BioMed Central,"Hassan Amoud, Mohamed Abadi, David J Hewson, Valérie Michel-Pellegrino, Michel Doussot, Jacques Duchêne","Background
The study of balance using stabilogram analysis is of particular interest in the study of falls. Although simple statistical parameters derived from the stabilogram have been shown to predict risk of falls, such measures offer little insight into the underlying control mechanisms responsible for degradation in balance. In contrast, fractal and non-linear time-series analysis of stabilograms, such as estimations of the Hurst exponent (H), may provide information related to the underlying motor control strategies governing postural stability. In order to be adapted for a home-based follow-up of balance, such methods need to be robust, regardless of the experimental protocol, while producing time-series that are as short as possible. The present study compares two methods of calculating H: Detrended Fluctuation Analysis (DFA) and Stabilogram Diffusion Analysis (SDA) for elderly and …",Unclassified,0.0
,,"Intrinsic mode entropy for nonlinear discriminant analysis
H Amoud, H Snoussi, D Hewson, M Doussot… - IEEE Signal Processing Letters, 2007
Cited by 100 Related articles All 9 versions",2007/4/16,14.0,https://www.academia.edu/download/39584594/Intrinsic_Mode_Entropy_for_Nonlinear_Dis20151101-29014-13decum.pdf,,,,297-300,"signal processing, data scientist, biomedical engineering",Cited by 100,Hassan Amoud,,,Intrinsic mode entropy for nonlinear discriminant analysis,,IEEE Signal Processing Letters,,https://scholar.google.com/citations?view_op=view_citation&hl=en&user=D2zAK7EAAAAJ&citation_for_view=D2zAK7EAAAAJ:u-x6o8ySG0sC,5.0,IEEE,"Hassan Amoud, Hichem Snoussi, David Hewson, Michel Doussot, Jacques Duchene","Several methods of measuring entropy of time series have been developed and applied on physiological signals in order to distinguish data sets according to their underlying nonlinear dynamics. These methods are not well adapted for studying the time series in different scales, in the presence of dominant local trends and low-frequency components. In this letter, intrinsic mode entropy (IMEn) is proposed as an entropy measure over multiple oscillation levels. Robustness to local trends is ensured with this new measure, enabling an efficient characterization of the underlying nonlinear dynamics of the time series considered. IMEn is obtained by computing the Sample Entropy (SampEn) of the cumulative sums of the intrinsic mode functions extracted by the empirical mode decomposition method. An example of an application of IMEn is then presented, with the method able to successfully discriminate between two …",data scientist,0.204
,,"Decreased integration of EEG source-space networks in disorders of consciousness
J Rizkallah, J Annen, J Modolo, O Gosseries… - NeuroImage: Clinical, 2019
Cited by 86 Related articles All 15 versions",2019/1/1,23.0,https://www.sciencedirect.com/science/article/pii/S2213158219301913,,,,101841,"signal processing, data scientist, biomedical engineering",Cited by 86,Hassan Amoud,,,Decreased integration of EEG source-space networks in disorders of consciousness,,NeuroImage: Clinical,,https://scholar.google.com/citations?view_op=view_citation&hl=en&user=D2zAK7EAAAAJ&citation_for_view=D2zAK7EAAAAJ:hC7cP41nSMkC,,Elsevier,"Jennifer Rizkallah, Jitka Annen, Julien Modolo, Olivia Gosseries, Pascal Benquet, Sepehr Mortaheb, Hassan Amoud, Helena Cassol, Ahmad Mheich, Aurore Thibaut, Camille Chatelle, Mahmoud Hassan, Rajanikant Panda, Fabrice Wendling, Steven Laureys","Increasing evidence links disorders of consciousness (DOC) with disruptions in functional connectivity between distant brain areas. However, to which extent the balance of brain network segregation and integration is modified in DOC patients remains unclear. Using high-density electroencephalography (EEG), the objective of our study was to characterize the local and global topological changes of DOC patients' functional brain networks.
Resting state high-density-EEG data were collected and analyzed from 82 participants: 61 DOC patients recovering from coma with various levels of consciousness (EMCS (n = 6), MCS+ (n = 29), MCS- (n = 17) and UWS (n = 9)), and 21 healthy subjects (i.e., controls). Functional brain networks in five different EEG frequency bands and the broadband signal were estimated using an EEG connectivity approach at the source level. Graph theory-based analyses were used …",signal processing,0.204
,"International Workshop on Systems, Signal Processing and their Applications, WOSSPA","Wireless sensor networks in biomedical: Body area networks
P Honeine, F Mourad, M Kallas, H Snoussi, H Amoud… - International Workshop on Systems, Signal Processing …, 2011
Cited by 85 Related articles All 7 versions",2011/5/9,,https://hal.science/hal-01966032v1/file/11.wosspa.pdf,,,,388-391,"signal processing, data scientist, biomedical engineering",Cited by 85,Hassan Amoud,,,Wireless sensor networks in biomedical: Body area networks,,,,https://scholar.google.com/citations?view_op=view_citation&hl=en&user=D2zAK7EAAAAJ&citation_for_view=D2zAK7EAAAAJ:qjMakFHDy7sC,,IEEE,"Paul Honeine, Farah Mourad, Maya Kallas, Hichem Snoussi, Hassan Amoud, Clovis Francis","The rapid growth in biomedical sensors, low-power circuits and wireless communications has enabled a new generation of wireless sensor networks: the body area networks. These networks are composed of tiny, cheap and low-power biomedical nodes, mainly dedicated for healthcare monitoring applications. The objective of these applications is to ensure a continuous monitoring of vital parameters of patients, while giving them the freedom of motion and thereby better quality of healthcare. This paper shows a comparison of body area networks to the wireless sensor networks. In particular, it shows how body area networks borrow and enhance ideas from wireless sensor networks. A study of energy consumption and heat absorption problems is developed for illustration.",biomedical engineering,0.206
,2012 19th International Conference on Telecommunications (ICT),"Multi-class SVM classification combined with kernel PCA feature extraction of ECG signals
M Kallas, C Francis, L Kanaan, D Merheb, P Honeine… - 2012 19th International Conference on …, 2012
Cited by 66 Related articles All 7 versions",2012/4/23,,https://www.academia.edu/download/70308689/Multi-Class_SVM_Classification_Combined_20210927-9207-1wg0yvw.pdf,,,,1-5,"signal processing, data scientist, biomedical engineering",Cited by 66,Hassan Amoud,,,Multi-class SVM classification combined with kernel PCA feature extraction of ECG signals,,,,https://scholar.google.com/citations?view_op=view_citation&hl=en&user=D2zAK7EAAAAJ&citation_for_view=D2zAK7EAAAAJ:ufrVoPGSRksC,,IEEE,"Maya Kallas, Clovis Francis, Lara Kanaan, Dalia Merheb, Paul Honeine, Hassan Amoud","The cardiovascular diseases are one of the main causes of death around the world. Automatic detection and classification of electrocardiogram (ECG) signals are important for diagnosis of cardiac irregularities. This paper proposes to apply the Support Vector Machines (SVM) classification, to diagnose heartbeat abnormalities, after performing feature extraction on the ECG signals. The experiments were conducted on the ECG signals from the MIT-BIH arrhythmia database [1] to classify two different abnormalities and normal beats. Kernel Principal Component Analysis (KPCA) is used for feature extraction since it performes better than PCA on ECG signals due to their nonlinear structures. This is demonstrated in a previous work [2]. Two multi-SVM classification schemes are used, One-Against-One (OAO) and One-Against-All (OAA), to classify the ECG signals into different disease categories. The experiments …",signal processing,0.2
,,"Kernel autoregressive models using Yule–Walker equations
M Kallas, P Honeine, C Francis, H Amoud - Signal Processing, 2013
Cited by 43 Related articles All 10 versions",2013/11/1,93.0,https://hal.science/hal-01965577v1/file/13.sp.kar_yw.pdf,,,,3053-3061,"signal processing, data scientist, biomedical engineering",Cited by 43,Hassan Amoud,,,Kernel autoregressive models using Yule–Walker equations,,Signal Processing,,https://scholar.google.com/citations?view_op=view_citation&hl=en&user=D2zAK7EAAAAJ&citation_for_view=D2zAK7EAAAAJ:KlAtU1dfN6UC,11.0,Elsevier,"Maya Kallas, Paul Honeine, Clovis Francis, Hassan Amoud","This paper proposes nonlinear autoregressive (AR) models for time series, within the framework of kernel machines. Two models are investigated. In the first proposed model, the AR model is defined on the mapped samples in the feature space. In order to predict a future sample, this formulation requires to solve a pre-image problem to get back to the input space. We derive an iterative technique to provide a fine-tuned solution to this problem. The second model bypasses the pre-image problem, by defining the AR model with an hybrid model, as a tradeoff considering the computational time and the precision, by comparing it to the iterative, fine-tuned, model. By considering the stationarity assumption, we derive the corresponding Yule–Walker equations for each model, and show the ease of solving these problems. The relevance of the proposed models is studied on several time series, and compared with other …",Unclassified,0.0
,,"Univariate and bivariate empirical mode decomposition for postural stability analysis
H Amoud, H Snoussi, D Hewson, J Duchêne - EURASIP Journal on Advances in Signal Processing, 2008
Cited by 36 Related articles All 20 versions",2008/12,2008.0,https://link.springer.com/content/pdf/10.1155/2008/657391.pdf,,,,1-11,"signal processing, data scientist, biomedical engineering",Cited by 36,Hassan Amoud,,,Univariate and bivariate empirical mode decomposition for postural stability analysis,,EURASIP Journal on Advances in Signal Processing,,https://scholar.google.com/citations?view_op=view_citation&hl=en&user=D2zAK7EAAAAJ&citation_for_view=D2zAK7EAAAAJ:qxL8FJ1GzNcC,,Springer International Publishing,"Hassan Amoud, Hichem Snoussi, David Hewson, Jacques Duchêne","The aim of this paper was to compare empirical mode decomposition (EMD) and two new extended methods of EMD named complex empirical mode decomposition (complex-EMD) and bivariate empirical mode decomposition (bivariate-EMD). All methods were used to analyze stabilogram center of pressure (COP) time series. The two new methods are suitable to be applied to complex time series to extract complex intrinsic mode functions (IMFs) before the Hilbert transform is subsequently applied on the IMFs. The trace of the analytic IMF in the complex plane has a circular form, with each IMF having its own rotation frequency. The area of the circle and the average rotation frequency of IMFs represent efficient indicators of the postural stability status of subjects. Experimental results show the effectiveness of these indicators to identify differences in standing posture between groups.",Unclassified,0.0
,,"The PARAChute project: remote monitoring of posture and gait for fall prevention
DJ Hewson, J Duchêne, F Charpillet, J Saboune… - EURASIP Journal on Advances in Signal Processing, 2007
Cited by 34 Related articles All 21 versions",2007/12,2007.0,https://link.springer.com/content/pdf/10.1155/2007/27421.pdf,,,,1-15,"signal processing, data scientist, biomedical engineering",Cited by 34,Hassan Amoud,,,The PARAChute project: remote monitoring of posture and gait for fall prevention,,EURASIP Journal on Advances in Signal Processing,,https://scholar.google.com/citations?view_op=view_citation&hl=en&user=D2zAK7EAAAAJ&citation_for_view=D2zAK7EAAAAJ:2osOgNQ5qMEC,,Springer International Publishing,"David J Hewson, Jacques Duchêne, François Charpillet, Jamal Saboune, Valérie Michel-Pellegrino, Hassan Amoud, Michel Doussot, Jean Paysant, Anne Boyer, Jean-Yves Hogrel","Falls in the elderly are a major public health problem due to both their frequency and their medical and social consequences. In France alone, more than two million people aged over 65 years old fall each year, leading to more than 9 000 deaths, in particular in those over 75 years old (more than 8 000 deaths). This paper describes the PARAChute project, which aims to develop a methodology that will enable the detection of an increased risk of falling in community-dwelling elderly. The methods used for a remote noninvasive assessment for static and dynamic balance assessments and gait analysis are described. The final result of the project has been the development of an algorithm for movement detection during gait and a balance signature extracted from a force plate. A multicentre longitudinal evaluation of balance has commenced in order to validate the methodologies and technologies developed …",signal processing,0.2
,2011 IEEE Workshop on Signal Processing Systems (SiPS),"PCA and KPCA of ECG signals with binary SVM classification
L Kanaan, D Merheb, M Kallas, C Francis, H Amoud… - 2011 IEEE Workshop on Signal Processing Systems …, 2011
Cited by 31 Related articles All 6 versions",2011/10/4,,https://www.academia.edu/download/48223619/PCA_and_KPCA_of_ECG_signals_with_binary_20160821-17135-1686bc5.pdf,,,,344-348,"signal processing, data scientist, biomedical engineering",Cited by 31,Hassan Amoud,,,PCA and KPCA of ECG signals with binary SVM classification,,,,https://scholar.google.com/citations?view_op=view_citation&hl=en&user=D2zAK7EAAAAJ&citation_for_view=D2zAK7EAAAAJ:YsMSGLbcyi4C,,IEEE,"Lara Kanaan, Dalia Merheb, Maya Kallas, Clovis Francis, Hassan Amoud, Paul Honeine","Cardiac problems are the main reason of people's death nowadays. However, one way that light save the life is the analysis of the an electrocardiograph. This analysis consist in the diagnosis of the arrhythmia when it presents. In this paper, we propose to combine the Support Vector Machines used in classification on one hand, with the Principal Component Analysis used in order to reduce the size of the data by choosing some axes that capture the most variance between data and on the other hand, with the kernel principal component analysis where a mapping to a high dimensional space is needed to capture the most relevant axes but for nonlinear separable data. The efficiency of the proposed SVM classification is illustrated on real electrocardiogram dataset taken from MIT-BIH Arrhythmia Database.",data scientist,0.204
,,"Exploring the correlation between M/EEG source–space and fMRI networks at rest
J Rizkallah, H Amoud, M Fraschini, F Wendling… - Brain Topography, 2020
Cited by 30 Related articles All 11 versions",2020/3,33.0,https://univ-rennes.hal.science/hal-02470876/document,,,,151-160,"signal processing, data scientist, biomedical engineering",Cited by 30,Hassan Amoud,,,Exploring the correlation between M/EEG source–space and fMRI networks at rest,,Brain Topography,,https://scholar.google.com/citations?view_op=view_citation&hl=en&user=D2zAK7EAAAAJ&citation_for_view=D2zAK7EAAAAJ:bEWYMUwI8FkC,,Springer US,"Jennifer Rizkallah, Hassan Amoud, Matteo Fraschini, Fabrice Wendling, Mahmoud Hassan","Magneto/electro-encephalography (M/EEG) source connectivity is an emerging approach to estimate brain networks with high temporal and spatial resolutions. Here, we aim to evaluate the effect of functional connectivity (FC) methods on the correlation between M/EEG source–space and fMRI networks at rest. Two main FC families are tested: (i) FC methods that do not remove zero-lag connectivity including Phase Locking Value (PLV) and Amplitude Envelope Correlation (AEC) and (ii) FC methods that remove zero-lag connections such as Phase Lag Index (PLI) and two orthogonalisation approaches combined with PLV (PLVCol, PLVPas) and AEC (AECCol, AECPas). Methods are evaluated on resting state M/EEG signals recorded from healthy participants at rest (N = 74). Networks obtained by each FC method are compared with fMRI networks (obtained from the Human Connectome Project). Results show …",signal processing,0.2
,"2010 IEEE International Conference on Acoustics, Speech and Signal Processing","Statistical hypothesis testing with time-frequency surrogates to check signal stationarity
C Richard, A Ferrari, H Amoud, P Honeine, P Flandrin… - 2010 IEEE International Conference on Acoustics …, 2010
Cited by 24 Related articles All 19 versions",2010/3/14,,https://ens-lyon.hal.science/ensl-00476017/file/icassp10_article_surrogate.pdf,,,,3666-3669,"signal processing, data scientist, biomedical engineering",Cited by 24,Hassan Amoud,,,Statistical hypothesis testing with time-frequency surrogates to check signal stationarity,,,,https://scholar.google.com/citations?view_op=view_citation&hl=en&user=D2zAK7EAAAAJ&citation_for_view=D2zAK7EAAAAJ:IjCSPb-OGe4C,,IEEE,"Cédric Richard, André Ferrari, Hassan Amoud, Paul Honeine, Patrick Flandrin, Pierre Borgnat","An operational framework is developed for testing stationarity relatively to an observation scale. The proposed method makes use of a family of stationary surrogates for defining the null hypothesis of stationarity. As a further contribution to the field, we demonstrate the strict-sense stationarity of surrogate signals and we exploit this property to derive the asymptotic distributions of their spectrogram and power spectral density. A statistical hypothesis testing framework is then proposed to check signal stationarity. Finally, some results are shown on a typical model of signals that can be thought of as stationary or nonstationary, depending on the observation scale used.",signal processing,0.206
,"2012 IEEE International Conference on Acoustics, Speech and Signal Processing (ICASSP)","Prediction of time series using Yule-Walker equations with kernels
M Kallas, P Honeine, C Richard, C Francis, H Amoud - 2012 IEEE International Conference on Acoustics …, 2012
Cited by 23 Related articles All 10 versions",2012/3/25,,https://hal.science/hal-01966015/file/12.icassp.yulewalker.pdf,,,,2185-2188,"signal processing, data scientist, biomedical engineering",Cited by 23,Hassan Amoud,,,Prediction of time series using Yule-Walker equations with kernels,,,,https://scholar.google.com/citations?view_op=view_citation&hl=en&user=D2zAK7EAAAAJ&citation_for_view=D2zAK7EAAAAJ:UebtZRa9Y70C,,IEEE,"Maya Kallas, Paul Honeine, Cédric Richard, Clovis Francis, Hassan Amoud","The autoregressive (AR) model is a well-known technique to analyze time series. The Yule-Walker equations provide a straightforward connection between the AR model parameters and the covariance function of the process. In this paper, we propose a nonlinear extension of the AR model using kernel machines. To this end, we explore the Yule-Walker equations in the feature space, and show that the model parameters can be estimated using the concept of expected kernels. Finally, in order to predict once the model identified, we solve a pre-image problem by getting back from the feature space to the input space. We also give new insights into the convexity of the pre-image problem. The relevance of the proposed method is evaluated on several time series.",signal processing,0.2
,2007 29th Annual International Conference of the IEEE Engineering in Medicine and Biology Society,"Hilbert-Huang transformation: Application to postural stability analysis
H Amoud, H Snoussi, DJ Hewson, J Duchêne - 2007 29th Annual International Conference of the IEEE …, 2007
Cited by 23 Related articles All 7 versions",2007/8/22,,http://139.91.210.27/CBML/PROCEEDINGS/2007_EMBC/EMBC07/PDFs/Papers/04121549.pdf,,,,1562-1565,"signal processing, data scientist, biomedical engineering",Cited by 23,Hassan Amoud,,,Hilbert-Huang transformation: Application to postural stability analysis,,,,https://scholar.google.com/citations?view_op=view_citation&hl=en&user=D2zAK7EAAAAJ&citation_for_view=D2zAK7EAAAAJ:d1gkVwhDpl0C,,IEEE,"Hassan Amoud, Hichem Snoussi, David J Hewson, Jacques Duchêne","The aim objective of this paper is the analysis of the centre of pressure (COP) time series by the means of the Hilbert Huang Transformation (HHT). The HHT consists of extracting the intrinsic mode functions (IMFs) from an empirical mode decomposition (EMD), and then applying the Hilbert transformation on the IMFs. The trace of the HHT in the complex plane has a circular form, with each IMF having its own rotation frequency. The area of the circle represents a possible indicator of the postural stability status of the subjects. Experimental results show the effectiveness of the area of this circle in order to identify the post-vibratory effects on standing posture in healthy adult subjects.",Unclassified,0.0
,2006 International Conference of the IEEE Engineering in Medicine and Biology Society,"Identification of a degradation in postural equilibrium invoked by different vibration frequencies on the tibialis anterior tendon
V Michel-Pellegrino, H Amoud, DJ Hewson, J Duchene - 2006 International Conference of the IEEE Engineering …, 2006
Cited by 22 Related articles All 6 versions",2006/8/30,,,,,,4047-4050,"signal processing, data scientist, biomedical engineering",Cited by 22,Hassan Amoud,,,Identification of a degradation in postural equilibrium invoked by different vibration frequencies on the tibialis anterior tendon,,,,https://scholar.google.com/citations?view_op=view_citation&hl=en&user=D2zAK7EAAAAJ&citation_for_view=D2zAK7EAAAAJ:9yKSN-GCB0IC,,IEEE,"Valérie Michel-Pellegrino, Hassan Amoud, David J Hewson, Jacques Duchene","The aim of the study was to compare the effect of different vibration frequencies applied to the tibialis anterior tendon on the control of postural equilibrium. Sixty-three parameters were analyzed, with 44 of them showing an effect of vibration. The greatest differences were observed for those parameters related to movement in the anteroposterior direction. Such a result was due to the direction of postural sway induced by the vibration. There were no differences between the control condition and vibration at 50 Hz. However, both 70 and 90 Hz vibrations produced similar results. The method of postural perturbation presented here might be useful to test the sensitivity of parameters extracted from COP signals in terms of their capability to detect small changes in postural equilibrium",signal processing,0.2
,,"Non-negativity constraints on the pre-image for pattern recognition with kernel machines
M Kallas, P Honeine, C Richard, C Francis, H Amoud - Pattern Recognition, 2013
Cited by 21 Related articles All 8 versions",2013/11/1,46.0,https://hal.science/hal-01965576/document,,,,3066-3080,"signal processing, data scientist, biomedical engineering",Cited by 21,Hassan Amoud,,,Non-negativity constraints on the pre-image for pattern recognition with kernel machines,,Pattern Recognition,,https://scholar.google.com/citations?view_op=view_citation&hl=en&user=D2zAK7EAAAAJ&citation_for_view=D2zAK7EAAAAJ:roLk4NBRz8UC,11.0,Pergamon,"Maya Kallas, Paul Honeine, Cédric Richard, Clovis Francis, Hassan Amoud","Rules of physics in many real-life problems force some constraints to be satisfied. This paper deals with nonlinear pattern recognition under non-negativity constraints. While kernel principal component analysis can be applied for feature extraction or data denoising, in a feature space associated to the considered kernel function, a pre-image technique is required to go back to the input space, e.g., representing a feature in the space of input signals. The main purpose of this paper is to study a constrained pre-image problem with non-negativity constraints. We provide new theoretical results on the pre-image problem, including the weighted combination form of the pre-image, and demonstrate sufficient conditions for the convexity of the problem. The constrained problem is considered with the non-negativity, either on the pre-image itself or on the weights. We propose a simple iterative scheme to incorporate both …",data scientist,0.205
,,"Early-warning of ARDS using novelty detection and data fusion
A Taoum, F Mourad-Chehade, H Amoud - Computers in biology and medicine, 2018
Cited by 15 Related articles All 7 versions",2018/11/1,102.0,,,,,191-199,"signal processing, data scientist, biomedical engineering",Cited by 15,Hassan Amoud,,,Early-warning of ARDS using novelty detection and data fusion,,Computers in biology and medicine,,https://scholar.google.com/citations?view_op=view_citation&hl=en&user=D2zAK7EAAAAJ&citation_for_view=D2zAK7EAAAAJ:qUcmZB5y_30C,,Pergamon,"Aline Taoum, Farah Mourad-Chehade, Hassan Amoud","Acute respiratory distress syndrome (ARDS) is a critical condition that disturbs the respiratory system and may lead to death. Early identification of this syndrome is crucial for the implementation of preventive measures. The present paper focuses on the prediction of the onset of this syndrome using physiological records of patients. Heart rate, respiratory rate, peripheral arterial oxygen saturation and mean airway blood pressure were considered. The method proposed in this paper uses first distance-based novelty detection that allows detecting deviations from normal states for each signal. Then, linear and nonlinear kernel-based data fusion algorithms are introduced to combine the individual signal decisions. The proposed method is evaluated using the MIMIC II physiological database. As a result, ARDS is detected in the early phases of occurrence with sensitivity and specificity of 65% and 100% respectively for …",signal processing,0.204
,,"Early syncope detection during head up tilt test by analyzing interactions between cardio-vascular signals
N Khodor, G Carrault, D Matelot, H Amoud, M Khalil… - Digital Signal Processing, 2016
Cited by 15 Related articles All 6 versions",2016/2/1,49.0,,,,,86-94,"signal processing, data scientist, biomedical engineering",Cited by 15,Hassan Amoud,,,Early syncope detection during head up tilt test by analyzing interactions between cardio-vascular signals,,Digital Signal Processing,,https://scholar.google.com/citations?view_op=view_citation&hl=en&user=D2zAK7EAAAAJ&citation_for_view=D2zAK7EAAAAJ:Wp0gIr-vW9MC,,Academic Press,"Nadine Khodor, Guy Carrault, David Matelot, Hassan Amoud, Mohamad Khalil, Nathalie Thillaye Du Boullay, François Carre, Alfredo Hernández","Head up tilt test is a well-known medical procedure used to diagnose vasovagal syncope. Several studies have focused on the early prediction of the outcomes of this test to predict syncope before its occurrence. Therefore, the evaluation of the dynamic interactions between several cardiovascular variables can play an important role to improve our understanding on the function of the baroreflex control of arterial blood pressure and can help to enhance the prediction performance. In this aim, the smoothed pseudo-Wigner–Ville distribution (SPWD) approach was used to characterize the time–frequency relationship between time series extracted from ECG (RR-interval) and blood pressure (amplitudes of the systolic blood pressure, the peak amplitude of the first derivative of the blood pressure, dP/dt and the variability of the pulse transit time, PTT). Two new indexes quantifying the relationship between time series …",signal processing,0.2
,2006 International Conference of the IEEE Engineering in Medicine and Biology Society,"Reconstructed phase spaces of intrinsic mode functions. Application to postural stability analysis
H Snoussi, H Amoud, M Doussot, D Hewson… - 2006 International Conference of the IEEE Engineering …, 2006
Cited by 15 Related articles All 6 versions",2006/8/30,,,,,,4584-4589,"signal processing, data scientist, biomedical engineering",Cited by 15,Hassan Amoud,,,Reconstructed phase spaces of intrinsic mode functions. Application to postural stability analysis,,,,https://scholar.google.com/citations?view_op=view_citation&hl=en&user=D2zAK7EAAAAJ&citation_for_view=D2zAK7EAAAAJ:UeHWp8X0CEIC,,IEEE,"Hichem Snoussi, Hassan Amoud, Michel Doussot, David Hewson, Jacques Duchene","In this contribution, we propose an efficient nonlinear analysis method characterizing postural steadiness. The analyzed signal is the displacement of the centre of pressure (COP) collected from a force plate used for measuring postural sway. The proposed method consists of analyzing the nonlinear dynamics of the intrinsic mode functions (IMF) of the COP signal. The nonlinear properties are assessed through the reconstructed phase spaces of the different IMFs. This study shows some specific geometries of the attractors of some intrinsic modes. Moreover, the volume spanned by the geometric attractors in the reconstructed phase space represents an efficient indicator of the postural stability of the subject. Experiments results corroborate the effectiveness of the method to blindly discriminate young subjects, elderly subjects and subjects presenting a risk of falling",signal processing,0.205
,,"Kernel based support vector machine for the early detection of syncope during head-up tilt test
N Khodor, D Matelot, G Carrault, H Amoud, M Khalil… - Physiological measurement, 2014
Cited by 14 Related articles All 8 versions",2014/9/22,35.0,https://www.researchgate.net/profile/Hassan-Amoud/publication/265968118_Kernel_based_support_vector_machine_for_the_early_detection_of_syncope_during_head-up_tilt_test/links/5841d70908ae2d21756149c1/Kernel-based-support-vector-machine-for-the-early-detection-of-syncope-during-head-up-tilt-test.pdf,,,,2119,"signal processing, data scientist, biomedical engineering",Cited by 14,Hassan Amoud,,,Kernel based support vector machine for the early detection of syncope during head-up tilt test,,Physiological measurement,,https://scholar.google.com/citations?view_op=view_citation&hl=en&user=D2zAK7EAAAAJ&citation_for_view=D2zAK7EAAAAJ:4TOpqqG69KYC,10.0,IOP Publishing,"N Khodor, D Matelot, G Carrault, H Amoud, M Khalil, N Ville, F Carre, A Hernandez","This study aims to analyze the autonomic nervous system response during head-up tilt test (HUTT), by exploring the changes in dynamic properties of heart rate variability in subjects with and without syncopes, to predict the outcome of HUTT. Baroreflex response, as well as linear and non-linear parameters of RR-interval time series, have been extracted from the ECG of 66 subjects: 35 with and 31 without syncope during HUTT. The results show that, when considering the first 15 min of tilting position, the total power spectrum, the standard deviation, the long-term fractal scale of RR-interval and ΔRR-interval of time series increase, while the sample entropy decreases in the positive group compared to the negative one. These indices may be good predictors of positive response in patients with reflex syncope. Additionally, an analysis of the first 15 min of tilting position using kernel support vector machines leads to a …",Unclassified,0.0
,,"Using grey wolf optimization algorithm and whale optimization algorithm for optimal sizing of grid-connected bifacial PV systems
HA Hadi, A Kassem, H Amoud, S Nadweh, NM Ghazaly - Journal of Robotics and Control (JRC), 2024
Cited by 11 Related articles All 2 versions",2024/4/6,5.0,https://journal.umy.ac.id/index.php/jrc/article/download/21777/9111,,,,733-745,"signal processing, data scientist, biomedical engineering",Cited by 11,Hassan Amoud,,,Using grey wolf optimization algorithm and whale optimization algorithm for optimal sizing of grid-connected bifacial PV systems,,Journal of Robotics and Control (JRC),,https://scholar.google.com/citations?view_op=view_citation&hl=en&user=D2zAK7EAAAAJ&citation_for_view=D2zAK7EAAAAJ:J_g5lzvAfSwC,3.0,,"Husam Ali Hadi, Abdallah Kassem, Hassan Amoud, Safwan Nadweh, Nouby M Ghazaly","The shift towards renewable energies is driven by the shortage of fossil fuels for electricity generation and the associated harmful impacts. Grid-connected PV systems are a reliable and effective choice for power production across different uses, making them a key player in the global renewable energy landscape. Consequently, the careful selection of components for these systems is a crucial and widely studied aspect in this area of research. This paper introduced using gray wolf optimization algorithm GWO & whale optimization algorithm WOA for determining the optimal number of grid-connected bifacial photovoltaic PV systems in Babylon Hilla. The considered factors included available space, desired energy production, radiation, dihedral factor, budget constraints, and grid connectivity requirements. The mathematical formulation of the problem and implementation details of the algorithms are presented. In …",Unclassified,0.0
,2023 5th International conference on bio-engineering for smart technologies (BioSMART),"Leveraging Wi-Fi CSI data for fall detection: a deep learning approach
H El Zein, F Mourad-Chehade, H Amoud - 2023 5th International conference on bio-engineering …, 2023
Cited by 11 Related articles All 2 versions",2023/6/7,,,,,,1-4,"signal processing, data scientist, biomedical engineering",Cited by 11,Hassan Amoud,,,Leveraging Wi-Fi CSI data for fall detection: a deep learning approach,,,,https://scholar.google.com/citations?view_op=view_citation&hl=en&user=D2zAK7EAAAAJ&cstart=20&pagesize=80&citation_for_view=D2zAK7EAAAAJ:O3NaXMp0MMsC,,IEEE,"Hadi El Zein, Farah Mourad-Chehade, Hassan Amoud","Fall detection is a critical task in healthcare and elderly monitoring systems, and Wi-Fi signals have emerged as a promising solution. In this paper, we propose a new approach for intelligent real-time fall detection using fine-grained Channel State Information (CSI) of Wi-Fi signals. The proposed model, FallCNN, is a deep Convolutional Neural Network (CNN) trained on a dataset of Wi-Fi CSI data collected for seven daily human activities performed in an indoor environment. FallCNN benefits from raw Wi-Fi CSI data and outputs a binary classification for fall detection. To improve performance and generalization ability, the proposed approach employs time series data augmentation. We evaluate the proposed model on a dataset that includes falls. The proposed work addresses the limitations of existing methods and demonstrates the potential of Wi-Fi-based fall detection in real-world applications. Experimental …",data scientist,0.204
,,"Evidence-based model for real-time surveillance of ARDS
A Taoum, F Mourad-Chehade, H Amoud - Biomedical Signal Processing and Control, 2019
Cited by 11 Related articles All 4 versions",2019/4/1,50.0,https://www.sciencedirect.com/science/article/am/pii/S1746809419300163,,,,83-91,"signal processing, data scientist, biomedical engineering",Cited by 11,Hassan Amoud,,,Evidence-based model for real-time surveillance of ARDS,,Biomedical Signal Processing and Control,,https://scholar.google.com/citations?view_op=view_citation&hl=en&user=D2zAK7EAAAAJ&cstart=20&pagesize=80&citation_for_view=D2zAK7EAAAAJ:-f6ydRqryjwC,,Elsevier,"Aline Taoum, Farah Mourad-Chehade, Hassan Amoud","Real-time health surveillance becomes important and necessary with the increase of the elderly population to preserve their quality of life. Real-time models aim to provide alerts before the severe illness occurs. Acute respiratory distress syndrome is a crucial disease of the respiratory system that threats the health of the elderly. This paper proposes a real-time model for the surveillance of ARDS based on belief functions theory. Non-invasive physiological signals are considered such as heart rate, respiratory rate, oxygen saturation and mean airway blood pressure. Different linear and nonlinear parameters are extracted from these signals; then a parameters selection procedure is performed to reduce their dimensionality. Afterwards, classifiers are constructed using parameters distributions defined in the evidence framework. Real-time prediction is then performed by combining all classifiers decisions. As results …",signal processing,0.2
,2011 19th European Signal Processing Conference,"Non-negative pre-image in machine learning for pattern recognition
M Kallas, P Honeine, C Richard, C Francis, H Amoud - 2011 19th European Signal Processing Conference, 2011
Cited by 9 Related articles All 13 versions",2011/8/29,,https://hal.science/hal-01966029v1/file/11.eusipco.preimage.pdf,,,,931-935,"signal processing, data scientist, biomedical engineering",Cited by 9,Hassan Amoud,,,Non-negative pre-image in machine learning for pattern recognition,,,,https://scholar.google.com/citations?view_op=view_citation&hl=en&user=D2zAK7EAAAAJ&cstart=20&pagesize=80&citation_for_view=D2zAK7EAAAAJ:_FxGoFyzp5QC,,IEEE,"Maya Kallas, Paul Honeine, Cédric Richard, Clovis Francis, Hassan Amoud","Moreover, in order to have a physical interpretation, some constraints should be incorporated in the signal or image processing technique, such as the non-negativity of the solution. This paper deals with the non-negative pre-image problem in kernel machines, for nonlinear pattern recognition. While kernel machines operate in a feature space, associated to the used kernel function, a pre-image technique is often required to map back features into the input space. We derive a gradient-based algorithm to solve the pre-image problem, and to guarantee the non-negativity of the solution. Its convergence speed is significantly improved due to a weighted stepsize approach. The relevance of the proposed method is demonstrated with experiments on real datasets, where only a couple of iterations are necessary.",signal processing,0.409
,2012 19th International Conference on Telecommunications (ICT),"Modeling electrocardiogram using Yule-Walker equations and kernel machines
M Kallas, C Francis, P Honeine, H Amoud, C Richard - 2012 19th International Conference on …, 2012
Cited by 8 Related articles All 10 versions",2012/4/23,,https://hal.science/hal-01966017/file/12.ict.ecg_yulewalker.pdf,,,,1-5,"signal processing, data scientist, biomedical engineering",Cited by 8,Hassan Amoud,,,Modeling electrocardiogram using Yule-Walker equations and kernel machines,,,,https://scholar.google.com/citations?view_op=view_citation&hl=en&user=D2zAK7EAAAAJ&cstart=20&pagesize=80&citation_for_view=D2zAK7EAAAAJ:3fE2CSJIrl8C,,IEEE,"Maya Kallas, Clovis Francis, Paul Honeine, Hassan Amoud, Cédric Richard","One may monitor the heart normal activity by analyzing the electrocardiogram. We propose in this paper to combine the principle of kernel machines, that maps data into a high dimensional feature space, with the autoregressive (AR) technique defined using the Yule-Walker equations, which predicts future samples using a combination of some previous samples. A pre-image technique is applied in order to get back to the original space in order to interpret the predicted sample. The relevance of the proposed method is illustrated on real electrocardiogram from the MIT benchmark.",data scientist,0.206
,2010 Annual International Conference of the IEEE Engineering in Medicine and Biology,"Nonlinear feature extraction using kernel principal component analysis with non-negative pre-image
M Kallas, P Honeine, C Richard, H Amoud, C Francis - 2010 Annual International Conference of the IEEE …, 2010
Cited by 8 Related articles All 13 versions",2010/8/31,,https://hal.science/hal-01966047/document,,,,3642-3645,"signal processing, data scientist, biomedical engineering",Cited by 8,Hassan Amoud,,,Nonlinear feature extraction using kernel principal component analysis with non-negative pre-image,,,,https://scholar.google.com/citations?view_op=view_citation&hl=en&user=D2zAK7EAAAAJ&cstart=20&pagesize=80&citation_for_view=D2zAK7EAAAAJ:Tyk-4Ss8FVUC,,IEEE,"Maya Kallas, Paul Honeine, Cédric Richard, Hassan Amoud, Clovis Francis","The inherent physical characteristics of many real-life phenomena, including biological and physiological aspects, require adapted nonlinear tools. Moreover, the additive nature in some situations involve solutions expressed as positive combinations of data. In this paper, we propose a nonlinear feature extraction method, with a non-negativity constraint. To this end, the kernel principal component analysis is considered to define the most relevant features in the reproducing kernel Hilbert space. These features are the nonlinear principal components with high-order correlations between input variables. A pre-image technique is required to get back to the input space. With a non-negative constraint, we show that one can solve the pre-image problem efficiently, using a simple iterative scheme. Furthermore, the constrained solution contributes to the stability of the algorithm. Experimental results on event-related …",data scientist,0.204
,,"CSI-based Human Activity Recognition via Lightweight CNN Model and Data Augmentation
H El Zein, F Mourad-Chehade, H Amoud - IEEE Sensors Journal, 2024
Cited by 7 Related articles All 2 versions",2024/6/19,,,,,,,"signal processing, data scientist, biomedical engineering",Cited by 7,Hassan Amoud,,,CSI-based Human Activity Recognition via Lightweight CNN Model and Data Augmentation,,IEEE Sensors Journal,,https://scholar.google.com/citations?view_op=view_citation&hl=en&user=D2zAK7EAAAAJ&cstart=20&pagesize=80&citation_for_view=D2zAK7EAAAAJ:35N4QoGY0k4C,,IEEE,"Hadi El Zein, Farah Mourad-Chehade, Hassan Amoud","Human activity recognition (HAR) involves detecting users’ actions through the analysis of sensor and other data types using AI. While cameras and sensor data are often limited by privacy concerns and technical limitations, researchers have explored device-free solutions. These solutions leverage Wi-Fi signals, which are notably influenced by human movements at the level of channel state information (CSI). This article proposes HAR-LightCNN, a CSI-based HAR solution. The main component of this solution is a deep lightweight convolutional neural network (CNN), notable for its reduced computational demands. The network achieves a balance between depth and trainable parameters, aiming at facilitating real-time activity recognition without compromising performance. We enhance the model’s generalization capabilities using time series data augmentation (DA) techniques, which help address the small …",data scientist,0.204
,2021 Sixth International Conference on Advances in Biomedical Engineering (ICABME),"Retrieving motor unit depth using inverse approach on HD-sEMG signals
S Berro, A Diab, M Hajj-Hassan, M Khalil, H Amoud… - 2021 Sixth International Conference on Advances in …, 2021
Cited by 7 Related articles All 2 versions",2021/10/7,,,,,,159-162,"signal processing, data scientist, biomedical engineering",Cited by 7,Hassan Amoud,,,Retrieving motor unit depth using inverse approach on HD-sEMG signals,,,,https://scholar.google.com/citations?view_op=view_citation&hl=en&user=D2zAK7EAAAAJ&cstart=20&pagesize=80&citation_for_view=D2zAK7EAAAAJ:NMxIlDl6LWMC,,IEEE,"Soumaya Berro, Ahmad Diab, Mohamad Hajj-Hassan, Mohamad Khalil, Hassan Amoud, Sofiane Boudaoud","The position identification of underlying activated motor units from the surface potential map that those motor units had produced constitutes a challenging inverse problem in the electromyography community. This field has gained wide interest due to the various medical applications that it enhances. Some of the most important medical applications are focused on the areas of prosthetic control enhancement and improving the efficiency of rehabilitation following an impairment. The proposed study includes the testing of an inverse problem methodology on electromyography data simulated on a vertical alignment of motor units (depth varying) using minimum norm estimation. This study also proposes a methodology for decreasing the number of sources needed in a simulation by formulating a fitting equation, which is formed by a limited number of sources of a definite configuration. The obtained results are …",data scientist,0.204
,2011 IEEE Statistical Signal Processing Workshop (SSP),"Kernel-based autoregressive modeling with a pre-image technique
M Kallas, P Honeine, C Richard, C Francis, H Amoud - 2011 IEEE Statistical Signal Processing Workshop …, 2011
Cited by 7 Related articles All 10 versions",2011/6/28,,https://hal.science/hal-01966028v1/file/11.ssp.kar.pdf,,,,281-284,"signal processing, data scientist, biomedical engineering",Cited by 7,Hassan Amoud,,,Kernel-based autoregressive modeling with a pre-image technique,,,,https://scholar.google.com/citations?view_op=view_citation&hl=en&user=D2zAK7EAAAAJ&cstart=20&pagesize=80&citation_for_view=D2zAK7EAAAAJ:WF5omc3nYNoC,,IEEE,"Maya Kallas, Paul Honeine, Cédric Richard, Clovis Francis, Hassan Amoud","Autoregressive (AR) modeling is a very popular method for time series analysis. Being linear by nature, it obviously fails to adequately describe nonlinear systems. In this paper, we propose a kernel-based AR modeling, by combining two main concepts in kernel machines. One the one hand, we map samples to some nonlinear feature space, where an AR model is considered. We show that the model parameters can be determined without the need to exhibit the nonlinear map, by computing inner products thanks to the kernel trick. On the other hand, we propose a prediction scheme, where the prediction in the feature space is mapped back into the input space, the original samples space. For this purpose, a pre-image technique is derived to predict the future back in the input space. The efficiency of the proposed method is illustrated on real-life time-series, by comparing it to other linear and nonlinear time series …",Unclassified,0.0
,2009 IEEE/SP 15th Workshop on Statistical Signal Processing,"Time-frequency learning machines for nonstationarity detection using surrogates
H Amoud, P Honeine, C Richard, P Borgnat, P Flandrin - 2009 IEEE/SP 15th Workshop on Statistical Signal …, 2009
Cited by 7 Related articles All 17 versions",2009/8/31,,https://ens-lyon.hal.science/ensl-00420575/document,,,,565-568,"signal processing, data scientist, biomedical engineering",Cited by 7,Hassan Amoud,,,Time-frequency learning machines for nonstationarity detection using surrogates,,,,https://scholar.google.com/citations?view_op=view_citation&hl=en&user=D2zAK7EAAAAJ&cstart=20&pagesize=80&citation_for_view=D2zAK7EAAAAJ:W7OEmFMy1HYC,,IEEE,"Hassan Amoud, Paul Honeine, Cédric Richard, Pierre Borgnat, Patrick Flandrin","An operational framework has recently been developed for testing stationarity of any signal relatively to an observation scale. The originality is to extract time-frequency features from a set of stationarized surrogate signals, and to use them for defining the null hypothesis of stationarity. Our paper is a further contribution that explores a general framework embedding techniques from machine learning and timefrequency analysis, called time-frequency learning machines. Based on one-class support vector machines, our approach uses entire time-frequency representations and does not require arbitrary feature extraction. Its relevance is illustrated by simulation results, and spherical multidimensional scaling techniques to map data to a visible 3D space.",signal processing,0.205
,2022 International Conference on Computer and Applications (ICCA),"Flower pollination algorithm FPA used to improve the performance of grid-connected PV systems
HA Hadi, A Kassem, H Amoud, S Nadweh - 2022 International Conference on Computer and …, 2022
Cited by 6 Related articles All 2 versions",2022/12/20,,https://www.researchgate.net/profile/Husam-Hadi-2/publication/368518515_Flower_Pollination_Algorithm_FPA_used_to_Improve_the_Performance_of_Grid-Connected_PV_Systems/links/67962a4e8311ce680c39101b/Flower-Pollination-Algorithm-FPA-used-to-Improve-the-Performance-of-Grid-Connected-PV-Systems.pdf,,,,1-7,"signal processing, data scientist, biomedical engineering",Cited by 6,Hassan Amoud,,,Flower pollination algorithm FPA used to improve the performance of grid-connected PV systems,,,,https://scholar.google.com/citations?view_op=view_citation&hl=en&user=D2zAK7EAAAAJ&cstart=20&pagesize=80&citation_for_view=D2zAK7EAAAAJ:RYcK_YlVTxYC,,IEEE,"Husam Ali Hadi, Abdallah Kassem, Hassan Amoud, Safwan Nadweh","Recent studies have focused on the development of photovoltaic technology to obtain cells with greater yield and higher efficiency. Bifacial solar cells are one of a series of modern technologies that have contributed to increase the efficiency and productivity of solar cells. This paper provides information on development of solar panels manufacturing. A comprehensive comparison was also made between different types of batteries (Lithium-ion, LED-acid, flow batteries) in terms of storage capacity, maximum cycle, energy density, maximum power rating, and efficiency. A power generation system for telecom application is studied. The system consists of bifacial solar panels, an energy storage battery, and a charge controller. The flower pollination algorithm FPA was used to adjust the parameters of the charge controller used to control the energy generated by the solar panels. The proposed algorithm gave the best …",Unclassified,0.0
,,"Improve power quality and stability of grid-Connected PV system by using series filter
HA Hadi, A Kassem, H Amoud, S Nadweh - Heliyon, 2024
Cited by 5 Related articles All 5 versions",2024/11/15,10.0,https://www.cell.com/heliyon/fulltext/S2405-8440(24)15788-X,,,,,"signal processing, data scientist, biomedical engineering",Cited by 5,Hassan Amoud,,,Improve power quality and stability of grid-Connected PV system by using series filter,,Heliyon,,https://scholar.google.com/citations?view_op=view_citation&hl=en&user=D2zAK7EAAAAJ&cstart=20&pagesize=80&citation_for_view=D2zAK7EAAAAJ:ldfaerwXgEUC,21.0,Elsevier,"Husam Ali Hadi, Abdallah Kassem, Hassan Amoud, Safwan Nadweh","As the world increasingly focuses on renewable energy sources, grid-connected PV systems will continue to play a critical role in meeting our energy needs. This integration has brought many benefits, but has also created various problems related to power quality and stability at the connection points. Various techniques are used to improve the power quality, such as passive filters, tuned passive harmonic filters, and active filters. This paper presents the use of a series active filter on the DC side of grid-connected PV systems to improve their power quality, stability, and dynamic performance. The proposed filter consists of an inductor, two capacitors, and four transistor-diode pairs, the operation of which is controlled by a sinusoidal pulse width modulation (SPWM) scheme. The MATLAB/Simulink is used to build and validate a comprehensive mathematical model of the studied system. The transfer function of the …",Unclassified,0.0
,,"Using Active Filter Controlled by Imperialist Competitive Algorithm ICA for Harmonic Mitigation in Grid-Connected PV Systems.
HA Hadi, A Kassem, H Amoud, S Nadweh, NM Ghazaly… - International Journal of Robotics & Control Systems, 2024
Cited by 5 Related articles All 5 versions",2024/4/1,4.0,https://www.researchgate.net/profile/Nouby-Ghazaly/publication/380434009_Using_Active_Filter_Controlled_by_Imperialist_Competitive_Algorithm_ICA_for_Harmonic_Mitigation_in_Grid-Connected_PV_Systems/links/663cad5a35243041538352fe/Using-Active-Filter-Controlled-by-Imperialist-Competitive-Algorithm-ICA-for-Harmonic-Mitigation-in-Grid-Connected-PV-Systems.pdf,,,,,"signal processing, data scientist, biomedical engineering",Cited by 5,Hassan Amoud,,,Using Active Filter Controlled by Imperialist Competitive Algorithm ICA for Harmonic Mitigation in Grid-Connected PV Systems.,,International Journal of Robotics & Control Systems,,https://scholar.google.com/citations?view_op=view_citation&hl=en&user=D2zAK7EAAAAJ&cstart=20&pagesize=80&citation_for_view=D2zAK7EAAAAJ:vV6vV6tmYwMC,2.0,,"Husam Ali Hadi, Abdallah Kassem, Hassan Amoud, Safwan Nadweh, Nouby M Ghazaly, Nazih Moubayed","Renewable energy sources are favoured for electricity production due to the rising demand for eco-friendly power and the decline of traditional sources like natural gas, oil, coal, and nuclear. Solar PV stands out for its lack of pollution and waste, as well as its efficient production process.",signal processing,0.2
,"2023 International Conference on Control, Automation and Diagnosis (ICCAD)","Intelligent real-time human activity recognition using wi-fi signals
H El Zein, F Mourad-Chehade, H Amoud - 2023 International Conference on Control, Automation …, 2023
Cited by 5 Related articles All 2 versions",2023/5/10,,,,,,1-5,"signal processing, data scientist, biomedical engineering",Cited by 5,Hassan Amoud,,,Intelligent real-time human activity recognition using wi-fi signals,,,,https://scholar.google.com/citations?view_op=view_citation&hl=en&user=D2zAK7EAAAAJ&cstart=20&pagesize=80&citation_for_view=D2zAK7EAAAAJ:GnPB-g6toBAC,,IEEE,"Hadi El Zein, Farah Mourad-Chehade, Hassan Amoud","Human Activity Recognition (HAR) is an important task in many residential health care applications, such as real-time fall detection or elderly health monitoring. This paper proposes a novel HAR solution based on the fine-grained Channel State Information (CSI) of Wi-Fi signals. The proposed approach uses the Deep Learning techniques with the Wi-Fi communication technology to propose an Intelligent Real-time Human Activity Recognition Methodology (IR-HAR). A 2D-layer deep Convolutional Neural Network (CNN) model is thus designed for the classification of raw CSI data generated during human activities. The CNN model is coupled to Time Series Data Augmentation to overcome the small-sized dataset problem. Applied to unseen data, IR-HAR achieves activity recognition for a single user with high accuracy of more than 90%, outperforming the state-of-the-art approaches.",data scientist,0.204
,,"Postural time-series analysis of elderly and control subjects using entropy
H Amoud, M Agrawal, U Bandaru, D Hewson… - IFAC Proceedings Volumes, 2006
Cited by 5 Related articles All 3 versions",2006/1/1,39.0,,,,,213-218,"signal processing, data scientist, biomedical engineering",Cited by 5,Hassan Amoud,,,Postural time-series analysis of elderly and control subjects using entropy,,IFAC Proceedings Volumes,,https://scholar.google.com/citations?view_op=view_citation&hl=en&user=D2zAK7EAAAAJ&cstart=20&pagesize=80&citation_for_view=D2zAK7EAAAAJ:zYLM7Y9cAGgC,18.0,Elsevier,"Hassan Amoud, Madhur Agrawal, Uday Bandaru, David Hewson, Michel Doussot, Jacques DUCHĚNE","The present paper applies two methods commonly used to calculate entropy to postural time-series data of elderly and control subjects. Approximate entropy provided a biased estimate of regularity for small window lengths. In contrast, sample entropy was able to identify postural differences between elderly and control subjects. Elderly subjects showed less regularity in terms of anteroposterior displacement than did control subjects. However, the observed values of entropy were very small, as were the significant differences observed. Additional work is required to address concerns related to the time series length and the method used to calculate entropy.",data scientist,0.206
,2019 41st Annual International Conference of the IEEE Engineering in Medicine and Biology Society (EMBC),"Effect of connectivity measures on the identification of brain functional core network at rest
J Rizkallah, H Amoud, F Wendling, M Hassan - 2019 41st Annual International Conference of the IEEE …, 2019
Cited by 4 Related articles All 5 versions",2019/7/23,,,,,,6426-6429,"signal processing, data scientist, biomedical engineering",Cited by 4,Hassan Amoud,,,Effect of connectivity measures on the identification of brain functional core network at rest,,,,https://scholar.google.com/citations?view_op=view_citation&hl=en&user=D2zAK7EAAAAJ&cstart=20&pagesize=80&citation_for_view=D2zAK7EAAAAJ:_Qo2XoVZTnwC,,IEEE,"Jennifer Rizkallah, Hassan Amoud, Fabrice Wendling, Mahmoud Hassan","Magneto/Electro-encephalography (M/EEG) source connectivity is an emergent tool to identify brain networks with high time/space resolution. Here, we aim to identify the brain core network (s-core decomposition) using dense-EEG. We also evaluate the effect of the functional connectivity methods used and more precisely the effect of the correction for the so-called source leakage problem. Two connectivity measures were evaluated: the phase locking value (PLV) and phase lag index (PLI) that supposed to deal with the leakage problem by removing the zero-lag connections. Both methods were evaluated on resting state dense-EEG signals recorded from 19 healthy participants. Core networks obtained by each method was compared to those computed using fMRI from 487 healthy participants at rest (from the Human Connectome Project - HCP). The correlation between networks obtained by EEG and fMRI was …",signal processing,0.2
,2016 IEEE International Multidisciplinary Conference on Engineering Technology (IMCET),"Predicting ARDS using the MIMIC II physiological database
A Taoum, F Mourad-Chehade, H Amoud, Z Fawal - 2016 IEEE International Multidisciplinary Conference …, 2016
Cited by 4 Related articles All 3 versions",2016/11/2,,,,,,47-51,"signal processing, data scientist, biomedical engineering",Cited by 4,Hassan Amoud,,,Predicting ARDS using the MIMIC II physiological database,,,,https://scholar.google.com/citations?view_op=view_citation&hl=en&user=D2zAK7EAAAAJ&cstart=20&pagesize=80&citation_for_view=D2zAK7EAAAAJ:IWHjjKOFINEC,,IEEE,"Aline Taoum, Farah Mourad-Chehade, Hassan Amoud, Ziad Fawal","Acute Respiratory Distress Syndrome (ARDS) is a critical lung condition occurring in ill patients. Like many other cardiac disorders, ARDS can be assessed by physiological measurements. This study aims to predict ARDS in hospitalized patients using only physiological signals as heart rate and breathing rate. An approach based on hypothesis testing is developed to detect whether subjects' signals deviate from their initial states. The approach is applied on mechanically ventilated subjects in the MIMIC II database. As results, a sensitivity going up to 85% is achieved, with a prediction remaining possible before 24 hours of ARDS occurrence.",signal processing,0.2
,"2016 IEEE 18th International Conference on e-Health Networking, Applications and Services (Healthcom)","Data fusion for predicting ARDS using the MIMIC II physiological database
T Aline, MC Farah, A Hassan, C Aly, F Ziad, D Jacques - 2016 IEEE 18th International Conference on e-Health …, 2016
Cited by 4 Related articles All 3 versions",2016/9/14,,,,,,1-5,"signal processing, data scientist, biomedical engineering",Cited by 4,Hassan Amoud,,,Data fusion for predicting ARDS using the MIMIC II physiological database,,,,https://scholar.google.com/citations?view_op=view_citation&hl=en&user=D2zAK7EAAAAJ&cstart=20&pagesize=80&citation_for_view=D2zAK7EAAAAJ:hFOr9nPyWt4C,,IEEE,"Taoum Aline, Mourad-Chehade Farah, Amoud Hassan, Chkeir Aly, Fawal Ziad, Duchêne Jacques","This study aims to predict Acute Respiratory Distress Syndrome (ARDS) in hospitalized patients using their physiological signals such as heart rate, breathing rate, peripheral arterial oxygen saturation and mean airway blood pressure. A data fusion approach based on hypothesis testing was developed, and applied to mechanically ventilated subjects in the MIMIC II database. By combining the information extracted from the signals using an aggregation rule, we are able to enhance the sensitivity of the ARDS prediction process. As a result, we obtained a sensitivity of up to 85% for individual signals, reaching approximately 92% using the data fusion rule.",signal processing,0.4
,Computing in Cardiology 2014,"A new phase space analysis algorithm for the early detection of syncope during head-up tilt tests
N Khodor, G Carrault, D Matelot, H Amoud, N Ville… - Computing in Cardiology 2014, 2014
Cited by 4 Related articles All 5 versions",2014/9/7,,https://ieeexplore.ieee.org/iel7/7035785/7042955/07042999.pdf,,,,141-144,"signal processing, data scientist, biomedical engineering",Cited by 4,Hassan Amoud,,,A new phase space analysis algorithm for the early detection of syncope during head-up tilt tests,,,,https://scholar.google.com/citations?view_op=view_citation&hl=en&user=D2zAK7EAAAAJ&cstart=20&pagesize=80&citation_for_view=D2zAK7EAAAAJ:M3ejUd6NZC8C,,IEEE,"Nadine Khodor, Guy Carrault, David Matelot, Hassan Amoud, Nathalie Ville, Mohamad Khalil, Francois Carre, Alfredo Hernández","In this study, we evaluate the ability to automatically predict syncope and differentiate between patients with positive response to head up tilt test (HUTT) and other with negative response, using only 12-min RR-interval time series for the supine position, preceding HUTT. An original method, based on the analysis of heart rate variability dynamics and a combination of phase space (PS) analysis and kernel support vector machine (KSVM), is proposed. The dynamic behavior of the RR-interval time series was analyzed using reconstructed phase space (RSP). Parameters computed from the phase space area such as the phase space density and indices derived from the recurrence quantification analysis were computed. Only parameters, displaying a statistical difference, are used for further classification using KSVM, to identify negative and positive patients. By applying a cross validation procedure repeated 10 times …",Unclassified,0.0
,"4th European Conference of the International Federation for Medical and Biological Engineering: ECIFMBE 2008 23–27 November 2008 Antwerp, Belgium","Intrinsic Mode Entropy for postural steadiness analysis
H Amoud, H Snoussi, DJ Hewson, J Duchêne - 4th European Conference of the International …, 2009
Cited by 4 Related articles All 6 versions",2009,,https://www.researchgate.net/profile/Jacques-Duchene/publication/279615590_Intrinsic_Mode_Entropy_for_postural_steadiness_analysis/links/561e50c108aef097132b867b/Intrinsic-Mode-Entropy-for-postural-steadiness-analysis.pdf,,,,212-215,"signal processing, data scientist, biomedical engineering",Cited by 4,Hassan Amoud,,,Intrinsic Mode Entropy for postural steadiness analysis,,,,https://scholar.google.com/citations?view_op=view_citation&hl=en&user=D2zAK7EAAAAJ&cstart=20&pagesize=80&citation_for_view=D2zAK7EAAAAJ:YOwf2qJgpHMC,,Springer Berlin Heidelberg,"Hassan Amoud, Hichem Snoussi, DJ Hewson, Jacques Duchêne","Postural balance during quiet standing is maintained by complex interactions of many sensory systems, including visual, vestibular, and proprioceptive systems. It has been demonstrated that applying vibration to the tibialis anterior tendon when subjects are in a static upright position creates an illusion of body inclination, thus decreasing postural stability. Postural balance was evaluated using centre of pressure (COP) displacements measured using a force plate. Recently, Intrinsic Mode Entropy (IMEn) has been proposed to quantify the degree of regularity and complexity in nonlinear signals. IMEn can be considered as an extension of Sample Entropy (SampEn) to deal with different oscillation levels. The first step of IMEn consists of extracting the Intrinsic Mode Functions (IMFs) of a time-series using Empirical Mode Decomposition (EMD). The IMEn is then obtained by computing the SampEN of the …",signal processing,0.2
,,"Univariate and Bivariate Empirical Mode Decomposition for Postural Stability Analysis, accepted to EURASIP Journal on Advances in Signal
H Amoud, H Snoussi, D Hewson, J Duchêne - 2008
Cited by 4 Related articles",2008,,,,,,,"signal processing, data scientist, biomedical engineering",Cited by 4,Hassan Amoud,,,"Univariate and Bivariate Empirical Mode Decomposition for Postural Stability Analysis, accepted to EURASIP Journal on Advances in Signal",,,,https://scholar.google.com/citations?view_op=view_citation&hl=en&user=D2zAK7EAAAAJ&cstart=20&pagesize=80&citation_for_view=D2zAK7EAAAAJ:7PzlFSSx8tAC,,Processing,"H Amoud, H Snoussi, D Hewson, J Duchêne",,signal processing,0.221
,,"Evaluation de l’équilibre postural suitea la réalisation d’un pas selon trois méthodes d’estimation de l’exposant de Hurst
H Amoud, M Abadi, V Michel, DJ Hewson, M Doussot… - 20e colloque GRETSI sur le traitement du signal et des …, 2005
Cited by 4 Related articles All 6 versions",2005,,https://www.researchgate.net/profile/Hassan-Amoud/publication/27609137_Evaluation_de_l'equilibre_postural_suite_a_la_realisation_d'un_pas_selon_trois_methodes_d'estimation_de_l'exposant_de_Hurst/links/02e7e53b9b124961cb000000/Evaluation-de-lequilibre-postural-suite-a-la-realisation-dun-pas-selon-trois-methodes-destimation-de-lexposant-de-Hurst.pdf,,,,,"signal processing, data scientist, biomedical engineering",Cited by 4,Hassan Amoud,,,Evaluation de l’équilibre postural suitea la réalisation d’un pas selon trois méthodes d’estimation de l’exposant de Hurst,,20e colloque GRETSI sur le traitement du signal et des images (GRETSI’05),,https://scholar.google.com/citations?view_op=view_citation&hl=en&user=D2zAK7EAAAAJ&cstart=20&pagesize=80&citation_for_view=D2zAK7EAAAAJ:Y0pCki6q_DkC,,,"Hassan Amoud, Mohammed Abadi, V Michel, DJ Hewson, Michel Doussot, Jacques Duchêne","L’objectif de cet article est de comparer les méthodes d’estimation de l’exposant de Hurst (H), analysis (R/S), detrended fluctuation analysis (DFA) et stabilogram diffusion analysis (SDA), dans le méthode la plus robuste pour caractériser l’évolution de l’équilibre postural d’une pe plate-forme de forces qui constitue une perturbation de l’équilibre. Les méthodes DFA et R/S apparais pour suivre l’évolution de H en fonction du temps et permettent de mettre en évidence deux phases: un posturale suivie d’une période de stabilité. La perspective de cette étude sera d’appliquer ces méthodes su un déficit de l’équilibre postural tel que les sujets âgés.
Abstract–The aim of this article is to compare different reliable method to cha stural equilibrium. Ninety healthy subjects (average ately after the movement of stepping onto a force pl follow the evolution of H over time, with two disti llowed by a period of postural stability. The metho paramètres temporels (moyenne, RMS), fr (fréquence médiane), spatio-temporels (surface de [8], et récemment les paramètres liés aux were analyzed for a period of static posture imme subjects’ balance. DFA and R/S were better able identified: an initial period of postural instability f be applied to subjects with postural defecitis, such",Unclassified,0.0
,,"Using imperialist competitive algorithm powered optimization of bifacial solar systems for enhanced energy production and storage efficiency
HA Hadi, A Kassem, H Amoud, S Nadweh, NM Ghazaly… - Journal of Robotics and Control (JRC), 2024
Cited by 3 Related articles All 3 versions",2024/6/24,5.0,https://journal.umy.ac.id/index.php/jrc/article/download/22100/9303,,,,1166-1179,"signal processing, data scientist, biomedical engineering",Cited by 3,Hassan Amoud,,,Using imperialist competitive algorithm powered optimization of bifacial solar systems for enhanced energy production and storage efficiency,,Journal of Robotics and Control (JRC),,https://scholar.google.com/citations?view_op=view_citation&hl=en&user=D2zAK7EAAAAJ&cstart=20&pagesize=80&citation_for_view=D2zAK7EAAAAJ:70eg2SAEIzsC,4.0,,"Husam Ali Hadi, Abdallah Kassem, Hassan Amoud, Safwan Nadweh, Nouby M Ghazaly, Mahmood Jamal Abdulhasan","Interest in renewable energy has grown due to increased environmental awareness and concern about climate change. Among the various renewable energy technologies, grid-connected bifacial PV systems are particularly important due to their higher efficiency compared to conventional systems. However, maximizing energy harvesting and storage efficiency remains a challenge for these systems, requiring the use of an efficient charge controller and an appropriate battery. The process of setting charge controller parameters and selecting the best storage technology is complex and requires a thorough study of various operating conditions. The main research contribution of this paper is the development of an efficient optimization methodology to increase the energy production and storage efficiency of the studied systems using optimization algorithms. The imperialist competitive algorithm (ICA) is used in the …",signal processing,0.2
,2020 IEEE 5th Middle East and Africa Conference on Biomedical Engineering (MECBME),"Exploration of motor unit activation pattern using high density sEMG minimum norm estimation
S Berro, A Diab, M Hajj-Hassan, M Khalil, H Amoud… - 2020 IEEE 5th Middle East and Africa Conference on …, 2020
Cited by 3 Related articles All 3 versions",2020/10/27,,,,,,1-6,"signal processing, data scientist, biomedical engineering",Cited by 3,Hassan Amoud,,,Exploration of motor unit activation pattern using high density sEMG minimum norm estimation,,,,https://scholar.google.com/citations?view_op=view_citation&hl=en&user=D2zAK7EAAAAJ&cstart=20&pagesize=80&citation_for_view=D2zAK7EAAAAJ:M3NEmzRMIkIC,,IEEE,"Soumaya Berro, Ahmad Diab, Mohamad Hajj-Hassan, Mohamad Khalil, Hassan Amoud, Sofiane Boudaoud","when speaking of the electrical activity of the muscles, major data can be extracted from such signals. One significant piece of information that can be extracted from those signals is the spatial positioning of the active regions within the muscle with major applications it participate in, starting from the improved diagnosis of neuromuscular diseases, and ending in a better prosthetic control. This study is an extended and improved version of a recent work previously done that included proposing the creation of a modified lead field matrix for High-Density surface EMG signals. This was proceeded by solving the corresponding inverse problem by the classical methods of minimum norm estimation (regular and weighted) and the comparison of the two methods by considering two different scenarios of activation patterns; one which only takes into consideration the superficial sources and the other that takes into …",data scientist,0.204
,2019 Fifth International Conference on Advances in Biomedical Engineering (ICABME),"Brain segmentation from super-resolved magnetic resonance images
F Bazzi, JDD Rodriguez-Callejas, C Fonta, A Diab… - 2019 Fifth International Conference on Advances in …, 2019
Cited by 3 Related articles All 5 versions",2019/10/17,,https://hal.science/hal-02875503/file/BAZZI_Brain%20Segmentation%20from%20Super-Resolved%20Magnetic%20Resonance%20Images%20%281%29.pdf,,,,1-4,"signal processing, data scientist, biomedical engineering",Cited by 3,Hassan Amoud,,,Brain segmentation from super-resolved magnetic resonance images,,,,https://scholar.google.com/citations?view_op=view_citation&hl=en&user=D2zAK7EAAAAJ&cstart=20&pagesize=80&citation_for_view=D2zAK7EAAAAJ:j3f4tGmQtD8C,,IEEE,"Farah Bazzi, Juan D Dios Rodriguez-Callejas, Caroline Fonta, Ahmad Diab, Hassan Amoud, Omar Falou, Muriel Mescam, Adrian Basarab, Denis Kouamé","The objective of this work is to investigate the ability of a 2D super resolution (SR) technique in 3D restoration and enhancement of brain magnetic resonance images to facilitate the study of cerebral aging bio-markers. The SR method exploits the joint properties of the system point spread function and sub-sampling operators to derive a fast algorithm. Brain images of the common marmoset, Callithrix jacchus, acquired at different ages are used in this study. The evaluation of the final outcome of our method is done by computing the intracranial volume from the segmentation of the brain compartments: gray matter, white matter and cerebrospinal fluid. Results show that the deblurring of the images improves the segmentation process with respect to the ground truth. However, super resolution leads to the best quantification of the intracranial volume when compared to the deblurred and the original images. Therefore …",signal processing,0.2
,,"Removing zero-lag functional connections can alter EEG-source space networks at rest
J Rizkallah, H Amoud, M Fraschini, F Wendling… - BioRxiv, 2019
Cited by 3 Related articles All 3 versions",2019/4/23,,https://www.biorxiv.org/content/10.1101/617118.full.pdf,,,,617118,"signal processing, data scientist, biomedical engineering",Cited by 3,Hassan Amoud,,,Removing zero-lag functional connections can alter EEG-source space networks at rest,,BioRxiv,,https://scholar.google.com/citations?view_op=view_citation&hl=en&user=D2zAK7EAAAAJ&cstart=20&pagesize=80&citation_for_view=D2zAK7EAAAAJ:HDshCWvjkbEC,,Cold Spring Harbor Laboratory,"Jennifer Rizkallah, Hassan Amoud, Matteo Fraschini, Fabrice Wendling, Mahmoud Hassan","Electro-encephalography (EEG) source connectivity is an emerging approach to estimate brain networks with high time/space resolution. Here, we aim to evaluate the effect of different functional connectivity (FC) methods on the EEG-source space networks at rest. The two main families of FC methods tested are: i) the FC methods that do not remove the zero-lag connectivity including the Phase Locking Value (PLV) and the Amplitude Envelope Correlation (AEC) and ii) the FC methods that remove the zero-lag connections such as the Phase Lag Index (PLI) and orthogonalisation approach combined with PLV (PLVorth) and AEC (AECorth). Methods are evaluated on resting state dense-EEG signals recorded from 20 healthy participants. Networks obtained by each FC method are compared with fMRI networks at rest (from the Human Connectome Project -HCP-, N=487). Results show low correlations for all the FC methods, however PLV and AEC networks are significantly correlated with fMRI networks (ρ = 0.12, p = 1.93×10−8 and ρ = 0.06, p = 0.007, respectively), while other methods are not. These observations are consistent for each EEG frequency bands and for different FC matrices threshold. Furthermore, the effect of electrode density was also tested using four EEG montages (dense-EEG 256 electrodes, 128, 64 and 32 electrodes). Results show no significant differences between the four EEG montages in terms of correlations with the fMRI networks. Our main message here is to be careful when selecting the FC methods and mainly those that remove the zero-lag connections as they can affect the network characteristics. More comparative …",signal processing,0.2
,2015 International Conference on Advances in Biomedical Engineering (ICABME),"Ambulatory physical activity representation and classification using spectral distances approach
HA Rahman, G Carrault, D Ge, H Amoud, J Prioux… - 2015 International Conference on Advances in …, 2015
Cited by 3 Related articles All 4 versions",2015/9/16,,,,,,69-72,"signal processing, data scientist, biomedical engineering",Cited by 3,Hassan Amoud,,,Ambulatory physical activity representation and classification using spectral distances approach,,,,https://scholar.google.com/citations?view_op=view_citation&hl=en&user=D2zAK7EAAAAJ&cstart=20&pagesize=80&citation_for_view=D2zAK7EAAAAJ:4DMP91E08xMC,,IEEE,"Hala Abdul Rahman, Guy Carrault, Di Ge, Hassan Amoud, Jacques Prioux, Alexis Le Faucheur, Remy Dumond","Methods for monitoring the human physical activity are recently investigated in order to assess the health status of the individuals and thus promote a healthier lifestyle. This paper proposes ‘dist-colorimetrics’, a methodology that aims to represent and classify ambulatory activities based on the spectral distances measures. A data collection platform including four accelerometer sensors mounted on the chest, ankle, wrist and hip, is used to record five activities: running, walking, cycling, resting and car riding. The proposed approach converts raw acceleration data into relevant spectral distances parameters. A 2D colored illustration of these parameters provides efficient visual representation as to the similarity and the variation among activities. For a further validation in terms of recognition performance, the ‘dist-colorimetrics’ model was trained and tested by implementing three classification techniques, namely the …",data scientist,0.204
,Actes du 23-ème Colloque GRETSI sur le Traitement du Signal et des Images,"Sur le probleme de la pré-image en reconnaissance des formes avec contraintes de non-négativité
M Kallas, P Honeine, H Amoud, C Francis - Actes du 23-ème Colloque GRETSI sur le Traitement …, 2011
Cited by 3 Related articles All 7 versions",2011,,https://hal.science/hal-01966035/document,,,,,"signal processing, data scientist, biomedical engineering",Cited by 3,Hassan Amoud,,,Sur le probleme de la pré-image en reconnaissance des formes avec contraintes de non-négativité,,,,https://scholar.google.com/citations?view_op=view_citation&hl=en&user=D2zAK7EAAAAJ&cstart=20&pagesize=80&citation_for_view=D2zAK7EAAAAJ:LkGwnXOMwfcC,,,"Maya Kallas, Paul Honeine, Hassan Amoud, Clovis Francis","Cet article traite le problème de la pré-image en méthodes à noyau pour la reconnaissance des formes. Il s'agit d'un passage obligé pour les applications dont le résultat du traitement doit pouvoir s'exprimer dans le même espace que les observations et non dans un espace fonctionnel difficile à appréhender. C'est le cas par exemple pour le débruitage de données au moyen de l'Analyse en Composantes Principales à noyau. On montre que le problème de la pré-image se prête à une résolution par des méthodes de descente. On profite alors de cette opportunité pour montrer qu'il est possible d'imposer des contraintes à la pré-image, telle que la non-négativité du résultat comme on peut la rencontrer en traitement d'images par exemple. Les algorithmes proposés sont illustrés sur le débruitage non-linéaire d'images et les performances atteintes montrent la pertinence de notre approche",Unclassified,0.0
,XVIIth Conference of the International Society for Postural and Gait Research (ISPGR),"The effect of age on dynamic postural equilibrium when stepping up
V Michel-Pellegrino, H Amoud, D Hewson, JY Hogrel… - XVIIth Conference of the International Society for …, 2005
Cited by 3 Related articles All 3 versions",2005,21.0,,,,,S9-S10,"signal processing, data scientist, biomedical engineering",Cited by 3,Hassan Amoud,,,The effect of age on dynamic postural equilibrium when stepping up,,,,https://scholar.google.com/citations?view_op=view_citation&hl=en&user=D2zAK7EAAAAJ&cstart=20&pagesize=80&citation_for_view=D2zAK7EAAAAJ:blknAaTinKkC,,,"Valérie Michel-Pellegrino, Hassan Amoud, David Hewson, Jean-Yves Hogrel, Jacques Duchene","The effect of age on dynamic postural equilibrium when stepping up - Université de technologie de Troyes Accéder directement au contenu Documentation FR Français (FR) Anglais (EN) Se connecter Portail HAL UTT Recherche Loading... Recherche avancée Information de documents Titres Titres Sous-titre Titre de l'ouvrage Titre du volume (Série) Champ de recherche par défaut (multicritères) + texte intégral des PDF Résumé Texte intégral indexé des documents PDF Mots-clés Type de document Sous-type de document Tous les identifiants du document Identifiant HAL du dépôt Langue du document (texte) Pays (Texte) Ville À paraître (true ou false) Ajouter Auteur Auteur (multicritères) Auteur (multicritères) Auteur : Nom complet Auteur : Nom de famille Auteur : Prénom Auteur : Complément de nom, deuxième prénom Auteur : Organisme payeur Auteur : IdHal (chaîne de caractères) Auteur : Fonction Auteur : …",Unclassified,0.0
,,"Marmoset brain segmentation from deconvolved magnetic resonance images and estimated label maps
F Bazzi, M Mescam, A Diab, O Falou, H Amoud… - Magnetic resonance in medicine, 2021
Cited by 2 Related articles All 7 versions",2021/11,86.0,https://drive.google.com/file/d/1ZXXcaIUQIXRpkPHvgpCwTrhIx3YLpyEc/view,,,,2766-2779,"signal processing, data scientist, biomedical engineering",Cited by 2,Hassan Amoud,,,Marmoset brain segmentation from deconvolved magnetic resonance images and estimated label maps,,Magnetic resonance in medicine,,https://scholar.google.com/citations?view_op=view_citation&hl=en&user=D2zAK7EAAAAJ&cstart=20&pagesize=80&citation_for_view=D2zAK7EAAAAJ:hMod-77fHWUC,5.0,,"Farah Bazzi, Muriel Mescam, Ahmad Diab, Omar Falou, Hassan Amoud, Adrian Basarab, Denis Kouamé","Purpose
The proposed method aims to create label maps that can be used for the segmentation of animal brain MR images without the need of a brain template. This is achieved by performing a joint deconvolution and segmentation of the brain MR images.
Methods
It is based on modeling locally the image statistics using a generalized Gaussian distribution (GGD) and couples the deconvolved image and its corresponding labels map using the GGD‐Potts model. Because of the complexity of the resulting Bayesian estimators of the unknown model parameters, a Gibbs sampler is used to generate samples following the desired posterior probability.
Results
The performance of the proposed algorithm is assessed on simulated and real MR images by the segmentation of enhanced marmoset brain images into its main compartments using the corresponding label maps created. Quantitative assessment showed …",Unclassified,0.0
,2019 Fifth International Conference on Advances in Biomedical Engineering (ICABME),"Identification of motor unit spatial activation by minimum norm estimation
S Berro, A Diab, M Hajj-Hassan, M Khalil, H Amoud… - 2019 Fifth International Conference on Advances in …, 2019
Cited by 2 Related articles All 3 versions",2019/10/17,,,,,,1-4,"signal processing, data scientist, biomedical engineering",Cited by 2,Hassan Amoud,,,Identification of motor unit spatial activation by minimum norm estimation,,,,https://scholar.google.com/citations?view_op=view_citation&hl=en&user=D2zAK7EAAAAJ&cstart=20&pagesize=80&citation_for_view=D2zAK7EAAAAJ:4JMBOYKVnBMC,,IEEE,"Soumaya Berro, Ahmad Diab, Mohamad Hajj-Hassan, Mohamad Khalil, Hassan Amoud, Sofiane Boudaoud","In the context of exploring the internal muscle activity, information such as the location of the muscle electrical sources play a vital role in the diagnosis of neuromuscular diseases, biomechanics, medical robotics research, and better prosthetic control. In this paper the inverse problem of surface electromyography (sEMG) source estimation, tested on simulated data only, was solved by two approaches; the regularized minimum norm estimation (MNE) and the weighted minimum norm (wMNE) estimation. Using a single layer volume conductor, we compared simulated sEMG signals to reconstructed signals after the application of the inverse problem by the two methods. The novelty in the work is that those two methods are compared on a sEMG adapted lead field. Results showed the effectiveness of the MNE and wMNE approaches according to mean square error (MSE) when comparing the original signal and the …",signal processing,0.204
,2018 IEEE 4th Middle East Conference on Biomedical Engineering (MECBME),"Features extraction from vital signs to characterize acute respiratory distress syndrome
A Taoum, M Sabbagh, H Amoud, F Mourad-Chehade - 2018 IEEE 4th Middle East Conference on Biomedical …, 2018
Cited by 2 Related articles All 3 versions",2018/3/28,,,,,,62-66,"signal processing, data scientist, biomedical engineering",Cited by 2,Hassan Amoud,,,Features extraction from vital signs to characterize acute respiratory distress syndrome,,,,https://scholar.google.com/citations?view_op=view_citation&hl=en&user=D2zAK7EAAAAJ&cstart=20&pagesize=80&citation_for_view=D2zAK7EAAAAJ:ZeXyd9-uunAC,,IEEE,"Aline Taoum, Marwan Sabbagh, Hassan Amoud, Farah Mourad-Chehade","Acute Respiratory Distress Syndrome (ARDS) is a crucial pathology affecting 40% of patients, and may cause mortality. However, there is a lack in the literature in characterizing it using vital signs. Thus, the aim of this study is to characterize the ARDS using different time series data, and to find out linear and non-linear parameters that can differentiate statistically between subjects who are going to develop ARDS and others who do not. For this purpose, three vital signs are considered that are the heart rate, the respiratory rate and the oxygen saturation. These signals are used for the simplicity of the procedure of acquisition from patients without disturbing them. From these signals, windows having different lengths (12, 18, 24 and 30 hours) are taken from the end of the signals or before the onset of ARDS. Then, Linear and non-linear parameters were extracted, as mean, standard deviation, skewness, sample …",data scientist,0.204
,2011 IEEE Workshop on Signal Processing Systems (SiPS),"A comparative study of pre-image techniques: the kernel autoregressive case
M Kallas, P Honeine, C Francis, H Amoud - 2011 IEEE Workshop on Signal Processing Systems …, 2011
Cited by 2 Related articles All 9 versions",2011/10/4,,https://www.academia.edu/download/39584595/A_comparative_study_of_pre-image_techniq20151101-11452-1mhjx9m.pdf,,,,379-384,"signal processing, data scientist, biomedical engineering",Cited by 2,Hassan Amoud,,,A comparative study of pre-image techniques: the kernel autoregressive case,,,,https://scholar.google.com/citations?view_op=view_citation&hl=en&user=D2zAK7EAAAAJ&cstart=20&pagesize=80&citation_for_view=D2zAK7EAAAAJ:hqOjcs7Dif8C,,IEEE,"Maya Kallas, Paul Honeine, Clovis Francis, Hassan Amoud","The autoregressive (AR) model is one of the most used techniques for time series analysis, applied to study stationary as well as non-stationary processes. However, being a linear technique, it is not adapted for nonlinear systems. Recently, we introduced the kernel AR model, a straightforward extension of the AR model to the nonlinear case. It is based on the concept of kernel machines, where data are nonlinearly mapped from the input space to a feature space. The AR model can thus be applied on the mapped data. Nevertheless, in order to predict future samples, one needs to go back to the input space, by solving the pre-image problem. The prediction performance highly depends on the considered pre-image technique. In this paper, a comparative study of several state-of-the-art pre-image techniques is conducted for the kernel AR model, investigating the prediction error with the optimal model parameters …",data scientist,0.205
,XXIIe Colloque GRETSI-Traitement du Signal et des Images 2009,"Sur la caractérisation de non-stationnarités par la méthode des substituts
H Amoud, C Richard, P Honeine, P Flandrin, P Borgnat - XXIIe Colloque GRETSI-Traitement du Signal et des …, 2009
Cited by 2 Related articles All 5 versions",2009/9/8,,https://ens-lyon.hal.science/ensl-00420577/document,,,,,"signal processing, data scientist, biomedical engineering",Cited by 2,Hassan Amoud,,,Sur la caractérisation de non-stationnarités par la méthode des substituts,,,,https://scholar.google.com/citations?view_op=view_citation&hl=en&user=D2zAK7EAAAAJ&cstart=20&pagesize=80&citation_for_view=D2zAK7EAAAAJ:Se3iqnhoufwC,,GRETSI,"Hassan Amoud, Cédric Richard, Paul Honeine, Patrick Flandrin, Pierre Borgnat","The surrogate data technique generates a family of stationarized surrogate signals from the signal under investigation, enabling to derive a statistical test to reject or accept the null hypothesis of stationarity. In this paper, we examine how and to what extent this approach also allows us to characterize the type of non-stationarity of the signal under investigation. Beyond this general approach, we are interested in a class of signals modulated jointly in amplitude and frequency, all leading to the same surrogates. This approach provides the necessary framework for characterizing different forms of non-stationarity. Experimental results demonstrate the potential of the surrogate data technique to characterize different forms of non-stationarity, beyond its original role of deriving stationarity tests.",signal processing,0.205
,21e colloque GRETSI sur le traitement du signal et des images,"Sélection de variables stabilométriques pour l’analyse et la détection de la dégradation de l’équilibre postural
H Amoud, H Snoussi, DJ Hewson, J Duchene - 21e colloque GRETSI sur le traitement du signal et des …, 2007
Cited by 2 Related articles All 8 versions",2007/9/11,,https://www.academia.edu/download/39660580/Slection_de_variables_stabilomtriques_po20151103-14111-xaxsii.pdf,,,,,"signal processing, data scientist, biomedical engineering",Cited by 2,Hassan Amoud,,,Sélection de variables stabilométriques pour l’analyse et la détection de la dégradation de l’équilibre postural,,,,https://scholar.google.com/citations?view_op=view_citation&hl=en&user=D2zAK7EAAAAJ&cstart=20&pagesize=80&citation_for_view=D2zAK7EAAAAJ:kNdYIx-mwKoC,,,"Hassan Amoud, Hichem Snoussi, DJ Hewson, Jacques Duchene","L’étude de la posture statique présente un grand intérêt pour l’analyse du déficit du contrôle de l’équilibre. Une méthode d’analyse de l’équilibre consiste à utiliser une plate-forme de forces qui permet d’extraire le déplacement du centre de pression (CdP). Les paramètres extraits du CdP s’ avèrent comme des variables clés pour surveiller la dégradation de l’équilibre. Cependant, la non pertinence et\ou la redondance de certains d’entre eux rendent difficile une détection efficace d’une dégradation. L’objectif de cet article est l’implémentation d’une méthode de détection à noyau (SVDD) et d’une procédure de sélection des paramètres pertinents capables de détecter une dégradation de l’équilibre. Le critère de sélection choisi est la maximisation de la surface sous la courbe COR.
Abstract–The study of the static posture is of great interest for the analysis of the deficit of the control of balance. A method of balance analysis is to use a platform of forces which makes it possible to extract displacement of the centre of pressure (CdP). The parameters extracted from CdP time series prove like variables keys to supervise the degradation of balance. However, the irrelevance and\or the redundancy of some of them make difficult an effective detection of degradation. The objective of this paper is the implementation of a method of detection (SVDD) and of a procedure of selection of the relevant parameters able to detect a degradation of balance. The selected criterion of selection is the maximization of surface under the curve ROC.",Unclassified,0.0
,3rd European Medical and Biological Engineering Conference (EMBEC): Advancement of Medicine and Health Care through Technology,"Reliability of non-linear postural parameters during stabilometric analysis
M Abadi, H Amoud, D Hewson, M Doussot, J Duchene - 3rd European Medical and Biological Engineering …, 2005
Cited by 2 Related articles All 2 versions",2005,,,,,,,"signal processing, data scientist, biomedical engineering",Cited by 2,Hassan Amoud,,,Reliability of non-linear postural parameters during stabilometric analysis,,,,https://scholar.google.com/citations?view_op=view_citation&hl=en&user=D2zAK7EAAAAJ&cstart=20&pagesize=80&citation_for_view=D2zAK7EAAAAJ:eQOLeE2rZwMC,,,"Mohamed Abadi, Hassan Amoud, David Hewson, Michel Doussot, Jacques Duchene","Reliability of non-linear postural parameters during stabilometric analysis - Archive ouverte HAL Recherche Accéder directement au contenu Pied de page Logo Logo Documentation FR Français (FR) Anglais (EN) Se connecter HAL science ouverte Recherche Loading... Recherche avancée Information de documents Titres Titres Sous-titre Titre de l'ouvrage Titre du volume (Série) Champ de recherche par défaut (multicritères) + texte intégral des PDF Résumé Texte intégral indexé des documents PDF Mots-clés Type de document Sous-type de document Tous les identifiants du document Identifiant HAL du dépôt Langue du document (texte) Pays (Texte) Ville À paraître (true ou false) Ajouter Auteur Auteur (multicritères) Auteur (multicritères) Auteur : Nom complet Auteur : Nom de famille Auteur : Prénom Auteur : Complément de nom, deuxième prénom Auteur : Organisme payeur Auteur : IdHal (chaîne de caractères…",data scientist,0.2
,Colloque en TéléSANté et dispositifs biomédicaux,"Reconnaissance Intelligente de l'activité Humaine en Temps Réel à l'aide de Signaux Wi-Fi
H El Zein, F Mourad-Chehade, H Amoud - Colloque en TéléSANté et dispositifs biomédicaux, 2023
Cited by 1 Related articles All 2 versions",2023/6/1,,https://hal.science/hal-04220662/document,,,,,"signal processing, data scientist, biomedical engineering",Cited by 1,Hassan Amoud,,,Reconnaissance Intelligente de l'activité Humaine en Temps Réel à l'aide de Signaux Wi-Fi,,,,https://scholar.google.com/citations?view_op=view_citation&hl=en&user=D2zAK7EAAAAJ&cstart=20&pagesize=80&citation_for_view=D2zAK7EAAAAJ:ns9cj8rnVeAC,,,"Hadi El Zein, Farah Mourad-Chehade, Hassan Amoud",Reconnaissance Intelligente de l'activité Humaine en Temps Réel à l'aide de Signaux Wi-Fi,signal processing,0.2
,2015 International Conference on Advances in Biomedical Engineering (ICABME),"Multiscale analysis of heart rate variability for the characterization of subjects with reflex syncope during head-up tilt test
T Aline, A Hassan, K Nadine, C Guy, M David… - 2015 International Conference on Advances in …, 2015
Cited by 1 Related articles All 3 versions",2015/9/16,,,,,,81-84,"signal processing, data scientist, biomedical engineering",Cited by 1,Hassan Amoud,,,Multiscale analysis of heart rate variability for the characterization of subjects with reflex syncope during head-up tilt test,,,,https://scholar.google.com/citations?view_op=view_citation&hl=en&user=D2zAK7EAAAAJ&cstart=20&pagesize=80&citation_for_view=D2zAK7EAAAAJ:mB3voiENLucC,,IEEE,"Taoum Aline, Amoud Hassan, Khodor Nadine, Carrault Guy, Matelot David, Carre François","This study aims to characterize the heart rate variability of subjects with reflex syncope during head-up tilt test and to find out non-linear parameters that can differentiate between subjects who develop syncope during the test and others who do not. For this purpose, the Empirical Mode Decomposition was applied to RR time series of subjects underwent a head-up tilt test. It decomposes the time series into waveforms called Intrinsic Mode Functions (IMF). The IMFs and their cumulative sums were used to extract several parameters as Sample Entropy, Detrended Fluctuation Analysis and indicators from Poincaré plot. The results show that the proposed parameters are significantly different between the two groups in several time scales (p-value<;0.05), which indicate that the heart rate variability has different non-linear characteristics in patients with reflex syncope that can be explored with a multi-resolution tool …",Unclassified,0.0
,"2013 1st International Conference on Communications, Signal Processing, and their Applications (ICCSPA)","Differentiating between patients with vasovagal syncope using the analysis of heart rate variability during head-up tilt test
N Khodor, H Amoud, M Khalil, D Matelot, A Hernandez… - 2013 1st International Conference on Communications …, 2013
Cited by 1 Related articles",2013/2/12,,,,,,1-4,"signal processing, data scientist, biomedical engineering",Cited by 1,Hassan Amoud,,,Differentiating between patients with vasovagal syncope using the analysis of heart rate variability during head-up tilt test,,,,https://scholar.google.com/citations?view_op=view_citation&hl=en&user=D2zAK7EAAAAJ&cstart=20&pagesize=80&citation_for_view=D2zAK7EAAAAJ:8k81kl-MbHgC,,IEEE,"Nadine Khodor, Hassan Amoud, Mohamad Khalil, David Matelot, Alfredo Hernandez, Guy Carrault, Francois Carre","The aim of this paper is to improve the physiological understanding in order to differentiate between the two types of vasovagal syncope by performing a Head-up Tilt Test. The Head-up Tilt Test is a well known procedure to reproduce vasovagal syncope, patients who had syncope during the test show different orthostatic response depending on they are cardioinhibitory or vasodepressor patients which can be explain by different pathogeneses, although existing knowledge of the autonomic balance in patients with positive response is still not completely clear. The Electrocardiogram signal from 20 patients, 12 cardioinhibitory and 8 vasodepressor were analyzed with the validated software Segmenta (Laboratory of Signal and Image Processing, Rennes) to extract classical heart rate variability parameters then comparison were made within and between group for 5 minutes of resting, the first 5 minutes of the tilt test …",signal processing,0.408
,Actes du 23-ème Colloque GRETSI sur le Traitement du Signal et des Images,"Modèle autorégressif non-linéaire à noyau. Une première approche
M Kallas, P Honeine, C Richard, C Francis, H Amoud - Actes du 23-ème Colloque GRETSI sur le Traitement …, 2011
Cited by 1 Related articles All 9 versions",2011,,https://hal.science/hal-01966034v1/file/11.gretsi.kAR.pdf,,,,,"signal processing, data scientist, biomedical engineering",Cited by 1,Hassan Amoud,,,Modèle autorégressif non-linéaire à noyau. Une première approche,,,,https://scholar.google.com/citations?view_op=view_citation&hl=en&user=D2zAK7EAAAAJ&cstart=20&pagesize=80&citation_for_view=D2zAK7EAAAAJ:0EnyYjriUFMC,,,"Maya Kallas, Paul Honeine, Cédric Richard, Clovis Francis, Hassan Amoud","L'analyse et la prédiction de séries temporelles par un modèle autorégressif ont été largement étudiées pour des systèmes linéaires. Toutefois, ce principe s'avère généralement inadapté pour l'analyse des systèmes non-linéaires. L'objectif de cette communication est de proposer un modèle autorégressif non-linéaire dans un espace de Hilbert à noyau reproduisant. On combine, d'une part le principe du coup du noyau qui permet d'estimer les paramètres du modèle, et d'autre part la résolution d'un problème de pré-image pour obtenir la valeur de la prédiction dans l'espace signal. L'approche proposée hérite de la simplicité algorithmique du modèle autorégressif classique, tout en étant non-linéaire par rapport aux échantillons d'entrée. Une comparaison avec différentes méthodes de prédiction non-linéaires illustre les performances du modèle autorégressif non-linéaire proposé sur des séries temporelles test de la littérature.",signal processing,0.205
International Conference on e-Health and Bioengineering,,"Wi-Fi CSI-Based Fall Detection Using CNN with Advanced Decision Mechanism
H El Zein, F Mourad-Chehade, H Amoud - International Conference on e-Health and …, 2023
Related articles",2023/11/9,,,,,,685-693,"signal processing, data scientist, biomedical engineering",,Hassan Amoud,,,Wi-Fi CSI-Based Fall Detection Using CNN with Advanced Decision Mechanism,,,,https://scholar.google.com/citations?view_op=view_citation&hl=en&user=D2zAK7EAAAAJ&cstart=20&pagesize=80&citation_for_view=D2zAK7EAAAAJ:2P1L_qKh6hAC,,Springer Nature Switzerland,"Hadi El Zein, Farah Mourad-Chehade, Hassan Amoud","This paper introduces a novel approach, denoted ADM-Enhanced CNN, to Fall Detection (FD) using Wi-Fi Channel State Information (CSI) through a specialized Convolutional Neural Network (CNN) enriched with an Advanced Decision Mechanism (ADM). Our methodology, validated using a “left-out user” strategy, emphasizes the model's generalization capability. A comparative analysis with literature demonstrates the superiority of our ADM-Enhanced CNN, highlighting its performance in real-time, accurate fall detection.",Unclassified,0.0
,2019 Advances in Science and Engineering Technology International Conferences (ASET),"Multi-class Surveillance for Acute Respiratory Distress Syndrome using Belief Functions
A Taoum, H Amoud, F Mourad-Chehade - 2019 Advances in Science and Engineering …, 2019
Related articles All 4 versions",2019/3/26,,,,,,1-2,"signal processing, data scientist, biomedical engineering",,Hassan Amoud,,,Multi-class Surveillance for Acute Respiratory Distress Syndrome using Belief Functions,,,,https://scholar.google.com/citations?view_op=view_citation&hl=en&user=D2zAK7EAAAAJ&cstart=20&pagesize=80&citation_for_view=D2zAK7EAAAAJ:R3hNpaxXUhUC,,IEEE,"Aline Taoum, Hassan Amoud, Farah Mourad-Chehade","The high incidence of pathologies implies the necessity of developing and implementing health surveillance technologies. This paper proposes a multi-class surveillance approach for a particular pathology, which is the acute respiratory distress syndrome. The multi-class model uses parameters extraction and belief functions theory applied on four vital signs. Vital signs are heart rate, respiratory rate, blood oxygen saturation and blood pressure. Thus, different linear and nonlinear parameters are extracted from these vital signs. A modeling of each class according to each parameter is performed in the framework of the belief functions theory. Then, these models are affected by a measure of confidence according to each parameter and combined together to lead finally to one model that distinguishes between the multi classes. This multi-class surveillance approach has shown interesting performances for the …",Unclassified,0.0
,,"Features Fusion Using Belief Functions Theory for ARDS Prediction
A Taoum, F Mourad-Chehade, H Amoud - 2019
Related articles All 5 versions",2019,,https://www.researchgate.net/profile/Aline-Taoum/publication/339044539_Features_Fusion_Using_Belief_Functions_Theory_for_ARDS_Prediction/links/5e3ab15b299bf1cdb90e8a1a/Features-Fusion-Using-Belief-Functions-Theory-for-ARDS-Prediction.pdf,,,,,"signal processing, data scientist, biomedical engineering",,Hassan Amoud,,,Features Fusion Using Belief Functions Theory for ARDS Prediction,,,,https://scholar.google.com/citations?view_op=view_citation&hl=en&user=D2zAK7EAAAAJ&cstart=20&pagesize=80&citation_for_view=D2zAK7EAAAAJ:iH-uZ7U-co4C,,,"Aline Taoum, Farah Mourad-Chehade, Hassan Amoud","Information fusion techniques are at high interest with the increase in dimensionality of the data being handled. They are applied in different applications, such as in the biomedical domain. This paper proposes an information fusion model that predicts the occurrence of ARDS using vital signs. This model uses features fusion based on the belief functions theory. Different linear and nonlinear parameters are first extracted from the signals, and a parameters selection procedure is proposed to select only pertinent parameters. These parameters are then used to construct mass functions in the belief functions framework. Afterwards, the prediction is performed in realtime by combining all the constructed mass functions. Results present the effectiveness of the belief theory predicting ARDS using the MIMIC II public database.",data scientist,0.205
,GRETSI 2017-XXVIème colloque,"Un modèle d'alerte précoce du SDRA par détection d'anormalité et fusion de données
A Taoum, F Mourad-Chehade, H Amoud - GRETSI 2017-XXVIème colloque, 2017
Related articles All 3 versions",2017/9/5,,https://www.gretsi.fr/data/colloque/pdf/2017_taoum192.pdf,,,,4,"signal processing, data scientist, biomedical engineering",,Hassan Amoud,,,Un modèle d'alerte précoce du SDRA par détection d'anormalité et fusion de données,,,,https://scholar.google.com/citations?view_op=view_citation&hl=en&user=D2zAK7EAAAAJ&cstart=20&pagesize=80&citation_for_view=D2zAK7EAAAAJ:RHpTSmoSYBkC,,,"Aline Taoum, Farah Mourad-Chehade, Hassan Amoud","Le syndrome de détresse respiratoire aigüe est une maladie qui perturbe le système respiratoire et peut entraîner la mort. Ce papier présente un modèle pour la prédiction de ce syndrome chez des patients ventilés en utilisant leurs signaux vitaux. Le modèle proposé est une approche individuelle consistant à détecter l’anormalité dans les signaux de chaque patient à comparer avec son état initial. Une décision est ensuite conçue par une fusion des décisions partielles des différents signaux analysés. Les résultats obtenus illustrent la capacité prédictive élevée de la méthode avec une sensibilité de 78% et une spécificité de 85%.
Abstract–This study aims to predict Acute Respiratory Distress Syndrome (ARDS) in hospitalized ventilated patients using their physiological signals. The model proposed in this paper is a subject-based approach. It proposes a distance-based novelty detection approach that allows to identify abnormalities. Then, a data fusion method is introduced to improve the prediction capacity of the signals. As a result, we succeded to predict ARDS in real time with a sensitivity of 78% and a specificity of 85%.",data scientist,0.203
,2nd Middle East Conference on Biomedical Engineering,"New T-wave parameters describing repolarization abnormalities induced by drug
N Khodor, G Carrault, P L'hostis, H Amoud, M Khalil… - 2nd Middle East Conference on Biomedical …, 2014
Related articles",2014/2/17,,,,,,236-239,"signal processing, data scientist, biomedical engineering",,Hassan Amoud,,,New T-wave parameters describing repolarization abnormalities induced by drug,,,,https://scholar.google.com/citations?view_op=view_citation&hl=en&user=D2zAK7EAAAAJ&cstart=20&pagesize=80&citation_for_view=D2zAK7EAAAAJ:5nxA0vEk-isC,,IEEE,"N Khodor, G Carrault, P L'hostis, H Amoud, M Khalil, A Hernandez","In this study, we identify additional markers extracted from the T-wave of vectrocadiogram sensitive to the variation induced by drug. These parameters which were not tested before for drug effect evaluation were compared with other T-wave indicators by beat to beat calculation of all parameters using different mathematical tools on the ECG of two patients with nearly 6 hours recordings from a clinical d-Sotalol study. The results confirm the QT-interval prolongation induced by d-Sotalol and show high sensitivity of the new parameters even with reduced concentration of d-Sotalol.",Unclassified,0.0
,2013 2nd International Conference on Advances in Biomedical Engineering,"Evaluation of T-wave morphology parameters in drug-induced repolarization abnormalities
K Nadine, C Guy, A Hassan, K Mohamad, L Philippe… - 2013 2nd International Conference on Advances in …, 2013
Related articles All 6 versions",2013/9/11,,https://hal.science/hal-00881382v1/file/Evaluation_of_T-wave_Morphology_Parameters_in_Drug-Induced_Repolarization_Abnormalities.pdf,,,,203-206,"signal processing, data scientist, biomedical engineering",,Hassan Amoud,,,Evaluation of T-wave morphology parameters in drug-induced repolarization abnormalities,,,,https://scholar.google.com/citations?view_op=view_citation&hl=en&user=D2zAK7EAAAAJ&cstart=20&pagesize=80&citation_for_view=D2zAK7EAAAAJ:L8Ckcad2t8MC,,IEEE,"Khodor Nadine, Carrault Guy, Amoud Hassan, Khalil Mohamad, L'hostis Philippe, HERNANDEZ Alfredo","This study evaluates the predictive values of T-wave morphology parameters reflecting the repolarization changes by beat to beat calculation of parameters using different mathematical tools to identify additional markers sensitive to the variation induced by drug in the surface of the electrocardiogram. T-wave morphology indicators are extracted from nearly 6 hours recordings of two patients from a clinical d-Sotalol study. The results show that drug induced change in T-wave morphology as well as QT interval. In particular, parameters extracted from spherical coordinates of vectrocardiogram that were not tested before for drug effect evaluation show high sensitivity to small change induced by drugs.",Unclassified,0.0
,,"Time-Frequency Learning Machines for Nonstationarity Detection Using Surrogates
P Borgnat, P Flandrin, C Richard, A Ferrari, H Amoud… - Advances in Machine Learning and Data Mining for …, 2012
Related articles All 3 versions",2012/3,,,,,,487-503,"signal processing, data scientist, biomedical engineering",,Hassan Amoud,,,Time-Frequency Learning Machines for Nonstationarity Detection Using Surrogates,,Advances in Machine Learning and Data Mining for Astronomy,,https://scholar.google.com/citations?view_op=view_citation&hl=en&user=D2zAK7EAAAAJ&cstart=20&pagesize=80&citation_for_view=D2zAK7EAAAAJ:MXK_kJrjxJIC,,,"Pierre Borgnat, Patrick Flandrin, Cédric Richard, André Ferrari, Hassan Amoud, Paul Honeine","Time-frequency representations provide a powerful tool for nonstationary signal analysis and classification, supporting a wide range of applications [12]. As opposed to conventional Fourier analysis, these techniques reveal the evolution in time of the spectral content of signals. In Ref.[7, 38], time-frequency analysis is used to test stationarity of any signal.",signal processing,0.208
,1st International Conference on Advances in Biomedical Engineering (ICABME),"Le problème de pré-image dans la reconnaissance des formes
N Khodor, H Amoud, M Kallas, P Honeiné, C Francis - 1st International Conference on Advances in …, 2011
Related articles All 2 versions",2011,,,,,,,"signal processing, data scientist, biomedical engineering",,Hassan Amoud,,,Le problème de pré-image dans la reconnaissance des formes,,,,https://scholar.google.com/citations?view_op=view_citation&hl=en&user=D2zAK7EAAAAJ&cstart=20&pagesize=80&citation_for_view=D2zAK7EAAAAJ:isC4tDSrTZIC,,,"Nadine Khodor, Hassan Amoud, Maya Kallas, Paul Honeiné, Clovis Francis","Le problème de pré-image dans la reconnaissance des formes - Archive ouverte HAL Recherche Accéder directement au contenu Pied de page Logo Logo Documentation FR Français (FR) Anglais (EN) Se connecter HAL science ouverte Recherche Loading... Recherche avancée Information de documents Titres Titres Sous-titre Titre de l'ouvrage Titre du volume (Série) Champ de recherche par défaut (multicritères) + texte intégral des PDF Résumé Texte intégral indexé des documents PDF Mots-clés Type de document Sous-type de document Tous les identifiants du document Identifiant HAL du dépôt Langue du document (texte) Pays (Texte) Ville À paraître (true ou false) Ajouter Auteur Auteur (multicritères) Auteur (multicritères) Auteur : Nom complet Auteur : Nom de famille Auteur : Prénom Auteur : Complément de nom, deuxième prénom Auteur : Organisme payeur Auteur : IdHal (chaîne de caractères) Auteur : …",data scientist,0.2
,,"Relative stationarity and connected approaches*
P Flandrin, C Richard, PO Amblard, P Borgnat… - TRAITEMENT DU SIGNAL, 2011
Related articles
Stationnarité relative et approches connexes
P Flandrin, C Richard, PO Amblard, P Borgnat… - Traitement du signal, 2011
Related articles All 11 versions",2011,28.0,https://hal.science/hal-01965583v1/file/11.ts.pdf,,,,691-716,"signal processing, data scientist, biomedical engineering",,Hassan Amoud,,,Stationnarité relative et approches connexes,,Traitement du signal,,https://scholar.google.com/citations?view_op=view_citation&hl=en&user=D2zAK7EAAAAJ&cstart=20&pagesize=80&citation_for_view=D2zAK7EAAAAJ:Zph67rFs4hoC,6.0,,"Patrick Flandrin, Cédric Richard, Pierre-Olivier Amblard, Pierre Borgnat, Hassan Amoud, Paul Honeine, André Ferrari, Jun Xiao, Azadeh Moghtaderi, Pepa Ramirez-Cobo","Cet article présente l’approche poursuivie dans le projet ANR StaRAC et en résume les résultats principaux. L’objectif était de re-considérer le concept de stationnarité dans le but de lui donner une forme opérationnelle, se prêtant à une interprétation relative à une échelle d’observation et permettant de le tester dans un sens statistique précis grâce à l’emploi de substituts temps-fréquence, ainsi que d’en fournir diverses extensions, en particulier au-delà de l’invariance en tranlation.
ABSTRACT. The paper is concerned with the approach developed within the ANR Project StaRAC, and it gives an overview of its main results. The objective was to reconsider the concept of stationarity so as to make it operational, allowing for both an interpretation relatively to an observation scale and the possibility of its testing thanks to the use of time-frequency surrogates, as well as to offer various extensions, especially beyond shift invariance.",Unclassified,0.0
,Journées Scientifiques à l'Ecole Doctorale de Sciences et Technologie,"Constrained Pattern Recognition with Nonlinear Principal Component Analysis
M Kallas, P Honeiné, H Amoud, C Francis, C Richard - Journées Scientifiques à l'Ecole Doctorale de Sciences …, 2010
Related articles All 2 versions",2010/12/8,,,,,,,"signal processing, data scientist, biomedical engineering",,Hassan Amoud,,,Constrained Pattern Recognition with Nonlinear Principal Component Analysis,,,,https://scholar.google.com/citations?view_op=view_citation&hl=en&user=D2zAK7EAAAAJ&cstart=20&pagesize=80&citation_for_view=D2zAK7EAAAAJ:maZDTaKrznsC,,,"Maya Kallas, Paul Honeiné, Hassan Amoud, Clovis Francis, Cédric Richard","Constrained Pattern Recognition with Nonlinear Principal Component Analysis - Université de technologie de Troyes Accéder directement au contenu Documentation FR Français (FR) Anglais (EN) Se connecter Portail HAL UTT Recherche Loading... Recherche avancée Information de documents Titres Titres Sous-titre Titre de l'ouvrage Titre du volume (Série) Champ de recherche par défaut (multicritères) + texte intégral des PDF Résumé Texte intégral indexé des documents PDF Mots-clés Type de document Sous-type de document Tous les identifiants du document Identifiant HAL du dépôt Langue du document (texte) Pays (Texte) Ville À paraître (true ou false) Ajouter Auteur Auteur (multicritères) Auteur (multicritères) Auteur : Nom complet Auteur : Nom de famille Auteur : Prénom Auteur : Complément de nom, deuxième prénom Auteur : Organisme payeur Auteur : IdHal (chaîne de caractères) Auteur : Fonction …",Unclassified,0.0
,Grand Colloque STIC 2010,"StaRAC: Stationnarité Relative et Approches Connexes
P Flandrin, P Borgnat, A Moghtaderi, C Richard… - Grand Colloque STIC 2010, 2010
Related articles All 2 versions",2010/1/5,,,,,,,"signal processing, data scientist, biomedical engineering",,Hassan Amoud,,,StaRAC: Stationnarité Relative et Approches Connexes,,,,https://scholar.google.com/citations?view_op=view_citation&hl=en&user=D2zAK7EAAAAJ&cstart=20&pagesize=80&citation_for_view=D2zAK7EAAAAJ:k_IJM867U9cC,,,"Patrick Flandrin, Pierre Borgnat, Azadeh Moghtaderi, Cédric Richard, Paul Honeiné, Hassan Amoud, Pierre-Olivier Amblard, Pepa Ramirez-Cobo","StaRAC : Stationnarité Relative et Approches Connexes - Archive ouverte HAL Recherche Accéder directement au contenu Pied de page Logo Logo Documentation FR Français (FR) Anglais (EN) Se connecter HAL science ouverte Recherche Loading... Recherche avancée Information de documents Titres Titres Sous-titre Titre de l'ouvrage Titre du volume (Série) Champ de recherche par défaut (multicritères) + texte intégral des PDF Résumé Texte intégral indexé des documents PDF Mots-clés Type de document Sous-type de document Tous les identifiants du document Identifiant HAL du dépôt Langue du document (texte) Pays (Texte) Ville À paraître (true ou false) Ajouter Auteur Auteur (multicritères) Auteur (multicritères) Auteur : Nom complet Auteur : Nom de famille Auteur : Prénom Auteur : Complément de nom, deuxième prénom Auteur : Organisme payeur Auteur : IdHal (chaîne de caractères) Auteur : …",data scientist,0.2
,"4th European Conference of the International Federation for Medical and Biological Engineering: ECIFMBE 2008 23–27 November 2008 Antwerp, Belgium","One-class support vector machine for joint variable selection and detection of postural balance degradation
H Amoud, H Snoussi, DJ Hewson, J Duchêne - 4th European Conference of the International …, 2009
Related articles All 5 versions",2009,,,,,,204-207,"signal processing, data scientist, biomedical engineering",,Hassan Amoud,,,One-class support vector machine for joint variable selection and detection of postural balance degradation,,,,https://scholar.google.com/citations?view_op=view_citation&hl=en&user=D2zAK7EAAAAJ&cstart=20&pagesize=80&citation_for_view=D2zAK7EAAAAJ:ULOm3_A8WrAC,,Springer Berlin Heidelberg,"Hassan Amoud, Hichem Snoussi, DJ Hewson, Jacques Duchêne","The study of the static posture is of great interest for the analysis of the deficit of the control of balance. A method of balance analysis is to use a platform of forces which makes it possible to extract displacement of the centre of pressure (COP). The parameters extracted from COP time series prove like variables keys to supervise the degradation of balance. However, the irrelevance and\or the redundancy of some of them make difficult an effective detection of degradation. The objective of this paper is the implementation of a method of detection (SVDD) and of a procedure of selection of the relevant parameters able to detect a degradation of balance. The selected criterion of selection is the maximization of the area AUC under the curve ROC.",Unclassified,0.0
,,"DICTAP2019 Program Committees
R Younes, N Moubayed, AE Samhat, Y Imai, H Amoud…
Related articles",,,,,,,,"signal processing, data scientist, biomedical engineering",,Hassan Amoud,,,DICTAP2019 Program Committees,,,,https://scholar.google.com/citations?view_op=view_citation&hl=en&user=D2zAK7EAAAAJ&cstart=20&pagesize=80&citation_for_view=D2zAK7EAAAAJ:lSLTfruPkqcC,,,"Rafic Younes, Nazih Moubayed, Abed Ellatif Samhat, Yoshiro Imai, Hassan Amoud, Maher El Rafei, Rima Abdallah, Ali Abbas, Francesco Aymerich, Juan Carlos Santamarina, Mourad Henchiri, Redhouane Henda, Waail Mahmod Lafta, Jan Platos, Jacek Stando, Nor Aziah Alias, Ezendu Ariwa, Mohd Nor Mamat","DICTAP2019 Program Committees Page 1 DICTAP2019 Program Committees Honorary Chair Rafic Younes, Lebanese University, Lebanon General Chair Nazih Moubayed, Lebanese University, Lebanon Deputy Chair and Head of Organizing Committee Abed Ellatif Samhat, Lebanese University, Lebanon PUBLICITY CHAIR Yoshiro Imai, Kagawa University, Japan Organizing Committee Abdallah Kassem, IEEE, Lebanon Hassan Amoud, Lebanese University, Lebanon Maher El Rafei, Lebanese University, Lebanon Rima Abdallah, Lebanese University, Lebanon International Program Committee Ali Abbas, The University of Sydney, Australia Ali Assi, IEEE, Lebanon Catalin Popescu, Petroleum-Gas University of PLOIEST, Romania Francesco Aymerich, University of Cagliari, Italy Fawzi Banat, The Petroleum Institute, UAE Hadi Kanaan, IEEE, Lebanon Henri El Zakhem, Balamand University, Lebanon Hiba Al-…",Unclassified,0.0
,,"Wi-Fi CSI-based Fall Detection using CNN with Advanced Decision Mechanism
EL Hadi, F MOURAD-CHEHADE, H AMOUD
Related articles",,,,,,,,"signal processing, data scientist, biomedical engineering",,Hassan Amoud,,,Wi-Fi CSI-based Fall Detection using CNN with Advanced Decision Mechanism,,,,https://scholar.google.com/citations?view_op=view_citation&hl=en&user=D2zAK7EAAAAJ&cstart=20&pagesize=80&citation_for_view=D2zAK7EAAAAJ:NaGl4SEjCO4C,,,"EL Hadi, Farah MOURAD-CHEHADE, Hassan AMOUD","ADM-Enhanced CNN, to Fall Detection (FD) using Wi-Fi Channel State Information (CSI) through a specialized Convolutional Neural Network (CNN) enriched with an Advanced Decision Mechanism (ADM). Our methodology, validated using a"" left-out user"" strategy, emphasizes the model's generalization capability. A comparative analysis with literature demonstrates the superiority of our ADM-Enhanced CNN, highlighting its performance in real-time, accurate fall detection.",Unclassified,0.0
,,"Stationnarité Relative et Approches Connexes Stationnarité Relative et Approches Connexes
P Flandrin, C Richard, PO Amblard, P Borgnat…
Related articles",,,https://www.iieta.org/journals/ts/paper/10.3166/TS.28.691-716,,,,,"signal processing, data scientist, biomedical engineering",,Hassan Amoud,,,Stationnarité Relative et Approches Connexes Stationnarité Relative et Approches Connexes,,,,https://scholar.google.com/citations?view_op=view_citation&hl=en&user=D2zAK7EAAAAJ&cstart=20&pagesize=80&citation_for_view=D2zAK7EAAAAJ:JV2RwH3_ST0C,,,"Patrick Flandrin, Cédric Richard, Pierre-Olivier Amblard, Pierre Borgnat, Paul Honeine, Hassan Amoud, André Ferrari, Jun Xiao, Azadeh Moghtaderi, Pepa Ramirez-Cobo","The paper is concerned with the approach developed within the ANR Project StaRAC, and it gives an overview of its main results. The objective was to reconsider the concept of stationarity so as to make it operational, allowing for both an interpretation relatively to an observation scale and the possibility of its testing thanks to the use of timefrequency surrogates, as well as to offer various extensions, especially beyond shift invariance.",Unclassified,0.0
