Book,Conference,Scholar articles,Publication date,Volume,PDF Link,Patent office,Report number,Source,Pages,Research Interests,Total citations,Researcher Name,Inventors,Patent number,Title,Institution,Journal,Application number,Scholar Link,Issue,Publisher,Authors,Description,Classified_Topic,Classification_Confidence
,,"An efficient data model for energy prediction using wireless sensors
M Chammas, A Makhoul, J Demerjian - Computers & electrical engineering, 2019
Cited by 96 Related articles All 4 versions",2019/6/1,76.0,https://hal.science/hal-02182805v1/file/8f972a26-114c-4e19-8790-64095b3a654a-author.pdf,,,,249-257,"Network Security, Information Systems Security",Cited by 96,Jacques Demerjian,,,An efficient data model for energy prediction using wireless sensors,,Computers & electrical engineering,,https://scholar.google.com/citations?view_op=view_citation&hl=en&user=5LR6cSsAAAAJ&citation_for_view=5LR6cSsAAAAJ:k_IJM867U9cC,,Pergamon,"Michel Chammas, Abdallah Makhoul, Jacques Demerjian","Energy prediction is in high importance for smart homes and smart cities, since it helps reduce power consumption and provides better energy and cost savings. Many algorithms have been used for predicting energy consumption using data collected from Internet of Things (IoT) devices and wireless sensors. In this paper, we propose a system based on Multilayer Perceptron (MLP) to predict energy consumption of a building using collected information (e.g., light energy, day of the week, humidity, temperature, etc.) from a Wireless Sensor Network (WSN). We compare our system against four other classification algorithms, namely: Linear Regression (LR), Support Vector Machine (SVM), Gradient Boosting Machine (GBM) and Random Forest (RF). We achieve state-of-the-art results with 64% of the coefficient of Determination R2, 59.84% Root Mean Square Error (RMSE), 27.28% Mean Absolute Error (MAE) and 27 …",information systems security,0.27
,,"A survey on access control mechanisms for cloud computing
R El Sibai, N Gemayel, J Bou Abdo, J Demerjian - Transactions on Emerging Telecommunications …, 2020
Cited by 82 Related articles All 5 versions",2020/2,31.0,https://www.academia.edu/download/96513161/ett.372020221229-1-bq4j97.pdf,,,Transactions on Emerging Telecommunications Technologies,e3720,"Network Security, Information Systems Security",Cited by 82,Jacques Demerjian,,,A survey on access control mechanisms for cloud computing,,,,https://scholar.google.com/citations?view_op=view_citation&hl=en&user=5LR6cSsAAAAJ&citation_for_view=5LR6cSsAAAAJ:blknAaTinKkC,2.0,,"Rayane El Sibai, Nader Gemayel, Jacques Bou Abdo, Jacques Demerjian","Cloud computing is an Internet‐based computing where the information technology resources are provided to end users following their request. With this technology, users and businesses can access programs, storage, and application development platforms through the Internet and via the services offered by the cloud service providers (CSPs). One of the biggest obstructions in the cloud computing environment is data security. Actually, the data are dispersed across multiple machines and storage devices such as servers, computers, and various mobile devices. The uncontrolled access to these resources and data leads to many important data security risks for the end users. In this way, and in order to ensure the reliability of the cloud and the trust of the users regarding this environment, controlling access to data and resources as well as protecting and ensuring their security becomes a critical task for CSPs. In …",information systems security,0.276
,,"Robust IoT time series classification with data compression and deep learning
J Azar, A Makhoul, R Couturier, J Demerjian - Neurocomputing, 2020
Cited by 81 Related articles All 3 versions",2020/7/20,398.0,https://hal.science/hal-02993833/file/9313c63e-78f3-47ad-ba71-56153f27d391-author.pdf,,,,222-234,"Network Security, Information Systems Security",Cited by 81,Jacques Demerjian,,,Robust IoT time series classification with data compression and deep learning,,Neurocomputing,,https://scholar.google.com/citations?view_op=view_citation&hl=en&user=5LR6cSsAAAAJ&citation_for_view=5LR6cSsAAAAJ:35N4QoGY0k4C,,Elsevier,"Joseph Azar, Abdallah Makhoul, Raphaël Couturier, Jacques Demerjian","Internet of Things (IoT) and wearable systems are very resource limited in terms of power, memory, bandwidth and processor performance. Sensor time series compression can be regarded as a direct way to use memory and bandwidth resources efficiently. On the other hand, the time series classification has recently attracted great attention and has found numerous potential uses in areas such as finance, industry and healthcare. This paper investigates the effect of lossy compression techniques on the time series classification task using deep neural networks. Furthermore, this paper proposes an efficient compression approach for univariate and multivariate time series that combines the lifting implementation of the discrete wavelet transform with an error-bound compressor, namely Squeeze (SZ), to attain an optimal trade-off between data compression and data quality.",network security,0.2
,,"A distributed real-time data prediction and adaptive sensing approach for wireless sensor networks
GB Tayeh, A Makhoul, D Laiymani, J Demerjian - Pervasive and Mobile Computing, 2018
Cited by 80 Related articles All 2 versions",2018/9/1,49.0,https://hal.science/hal-01948895/document,,,,62-75,"Network Security, Information Systems Security",Cited by 80,Jacques Demerjian,,,A distributed real-time data prediction and adaptive sensing approach for wireless sensor networks,,Pervasive and Mobile Computing,,https://scholar.google.com/citations?view_op=view_citation&hl=en&user=5LR6cSsAAAAJ&citation_for_view=5LR6cSsAAAAJ:e5wmG9Sq2KIC,,Elsevier,"Gaby Bou Tayeh, Abdallah Makhoul, David Laiymani, Jacques Demerjian","Many approaches have been proposed in the literature to reduce energy consumption in Wireless Sensor Networks (WSNs). Influenced by the fact that radio communication and sensing are considered to be the most energy consuming activities in such networks. Most of these approaches focused on either reducing the number of collected data using adaptive sampling techniques or on reducing the number of data transmitted over the network using prediction models. In this article, we propose a novel prediction-based data reduction method. Furthermore, we combine it with an adaptive sampling rate technique, allowing us to significantly decrease energy consumption and extend the whole network lifetime. To validate our work, we tested our approach on real sensor data collected at our offices. The final results were promising and confirmed our theoretical claims.",network security,0.204
,,"Anomaly‐based intrusion detection systems: The requirements, methods, measurements, and datasets
S Hajj, R El Sibai, J Bou Abdo, J Demerjian, A Makhoul… - Transactions on Emerging Telecommunications …, 2021
Cited by 72 Related articles All 4 versions",2021/4,32.0,,,,,e4240,"Network Security, Information Systems Security",Cited by 72,Jacques Demerjian,,,"Anomaly‐based intrusion detection systems: The requirements, methods, measurements, and datasets",,Transactions on Emerging Telecommunications Technologies,,https://scholar.google.com/citations?view_op=view_citation&hl=en&user=5LR6cSsAAAAJ&citation_for_view=5LR6cSsAAAAJ:cFHS6HbyZ2cC,4.0,,"Suzan Hajj, Rayane El Sibai, Jacques Bou Abdo, Jacques Demerjian, Abdallah Makhoul, Christophe Guyeux","With the Internet's unprecedented growth and nations' reliance on computer networks, new cyber‐attacks are created every day as means for achieving financial gain, imposing political agendas, and developing cyberwarfare arsenals. Network security is thus acquiring increasing attention among researchers, practitioners, network architects, policy makers, and others. To defend organizations' networks from existing, foreseen, and future threats, intrusion detection systems (IDSs) are becoming a must. Existing surveys on anomaly‐based IDS (AIDS) focus on specific components such as detection mechanisms and lack many others. In contrast to existing surveys, this article covers the full scope needed by researchers and practitioners alike when studying AIDS. The scope ranges from the intrusion detection techniques to attacks forms and passing through the relevant attack features, most‐used datasets …",network security,0.608
,2018 IEEE Middle East and North Africa Communications Conference (MENACOMM),"Similarity measures for collaborative filtering recommender systems
L Al Hassanieh, C Abou Jaoudeh, JB Abdo… - 2018 IEEE Middle East and North Africa …, 2018
Cited by 61 Related articles All 2 versions",2018/4/18,,https://www.researchgate.net/profile/Jacques-Bou-Abdo/publication/325559457_Similarity_measures_for_collaborative_filtering_recommender_systems/links/5d93bac1458515202b7a0cc2/Similarity-measures-for-collaborative-filtering-recommender-systems.pdf,,,,1-5,"Network Security, Information Systems Security",Cited by 61,Jacques Demerjian,,,Similarity measures for collaborative filtering recommender systems,,,,https://scholar.google.com/citations?view_op=view_citation&hl=en&user=5LR6cSsAAAAJ&citation_for_view=5LR6cSsAAAAJ:-f6ydRqryjwC,,IEEE,"Lamis Al Hassanieh, Chadi Abou Jaoudeh, Jacques Bou Abdo, Jacques Demerjian","Collaborative filtering recommender systems evaluate users' ratings in order to give them better recommendations. One of the popular ways to make rating predictions is by using neighborhood-based models which rely on calculating the similarities between users, and use the concept that similar users will tend to rate the same items similarly. Different similarity measures were proposed in previous studies. In this paper, we present a clear study of the most used similarities (PCS, CVS, MSD, SRC, FPC, WPC and DSim) by implementing them on the same dataset, and taking into consideration different samples from this dataset. Then we evaluate these similarities using the same metrics, in order to have a better comparison and to choose the similarity measure that shows the best accuracy of prediction.",information systems security,0.138
,,"A spatial-temporal correlation approach for data reduction in cluster-based sensor networks
GB Tayeh, A Makhoul, C Perera, J Demerjian - IEEE Access, 2019
Cited by 52 Related articles All 8 versions",2019/4/12,7.0,https://ieeexplore.ieee.org/iel7/6287639/6514899/08689010.pdf,,,,50669-50680,"Network Security, Information Systems Security",Cited by 52,Jacques Demerjian,,,A spatial-temporal correlation approach for data reduction in cluster-based sensor networks,,IEEE Access,,https://scholar.google.com/citations?view_op=view_citation&hl=en&user=5LR6cSsAAAAJ&citation_for_view=5LR6cSsAAAAJ:maZDTaKrznsC,,IEEE,"Gaby Bou Tayeh, Abdallah Makhoul, Charith Perera, Jacques Demerjian","In a resource-constrained Wireless Sensor Networks (WSNs), the optimization of the sampling and the transmission rates of each individual node is a crucial issue. A high volume of redundant data transmitted through the network will result in collisions, data loss, and energy dissipation. This paper proposes a novel data reduction scheme that exploits the spatial-temporal correlation among sensor data in order to determine the optimal sampling strategy for the deployed sensor nodes. This strategy reduces the overall sampling/transmission rates while preserving the quality of the data. Moreover, a back-end reconstruction algorithm is deployed on the workstation (Sink). This algorithm can reproduce the data that have not been sampled by finding the spatial and temporal correlation among the reported data set, and filling the “non-sampled” parts with predictions. We have used real sensor data of a network that was …",network security,0.204
,,"Permissionless proof‐of‐reputation‐X: A hybrid reputation‐based consensus algorithm for permissionless blockchains
J Bou Abdo, R El Sibai, J Demerjian - Transactions on Emerging Telecommunications …, 2021
Cited by 47 Related articles All 3 versions",2021/1,32.0,,,,,e4148,"Network Security, Information Systems Security",Cited by 47,Jacques Demerjian,,,Permissionless proof‐of‐reputation‐X: A hybrid reputation‐based consensus algorithm for permissionless blockchains,,Transactions on Emerging Telecommunications Technologies,,https://scholar.google.com/citations?view_op=view_citation&hl=en&user=5LR6cSsAAAAJ&citation_for_view=5LR6cSsAAAAJ:3s1wT3WcHBgC,1.0,,"Jacques Bou Abdo, Rayane El Sibai, Jacques Demerjian","Over the past years, blockchain technology has become more and more interesting since its ability to carry out transactions without any mediator. To ensure the transactions' reliability, consensus algorithms are adopted by blockchain technology. However, due to the failure of consensus algorithms in managing nodes' identities, blockchain technology is considered inappropriate for many applications. In this article, we propose the permissionless proof‐of‐reputation‐X (PL‐PoRX) that upgrades an existing consensus algorithm, the proof‐of‐reputation‐X (PoRX). PL‐PoRX replaces the trusted identity database in PoRX with a new admission process to make the algorithm suitable for permissionless blockchains, while maintaining PoRX's reputation mechanism. Several experiments are conducted to show the efficiency of our approach under different scenarios. We also debate the security model of the new protocol …",network security,0.204
,,"A trusted handoff decision scheme for the next generation wireless networks
R Tawil, J Demerjian, G Pujolle - IJCSNS, 2008
Cited by 44 Related articles All 3 versions",2008/6/30,8.0,https://www.academia.edu/download/105848838/20080623.pdf,,,,174,"Network Security, Information Systems Security",Cited by 44,Jacques Demerjian,,,A trusted handoff decision scheme for the next generation wireless networks,,IJCSNS,,https://scholar.google.com/citations?view_op=view_citation&hl=en&user=5LR6cSsAAAAJ&citation_for_view=5LR6cSsAAAAJ:u5HHmVD_uO8C,6.0,,"Rami Tawil, Jacques Demerjian, Guy Pujolle","Fourth Generation Wireless Networks (FGWN) consists of heterogeneous networks managed by different operators (or service providers). The provision of continuous services for mobile nodes is a main issue for the FGWN, Thus, it is necessary to provide seamless handover while moving in such environment. Moreover, the establishment of trust relationships between FGWN’s entities poses a major challenge. In this regard, exchanging trust information between networks and mobile nodes is an important factor which guarantees a trusted handoff decision. In this paper, we will present a Trusted Distributed Vertical Handoff Decision (T-DVHD) scheme, which provides trusted and seamless vertical handover. The simulation outputs show good performance of the T-DVHD in term of handoff delay, blocking rate and throughput.",network security,0.2
,,"Deep recurrent neural network-based autoencoder for photoplethysmogram artifacts filtering
J Azar, A Makhoul, R Couturier, J Demerjian - Computers & Electrical Engineering, 2021
Cited by 40 Related articles All 4 versions",2021/6/1,92.0,https://www.sciencedirect.com/science/article/am/pii/S0045790621000793,,,,107065,"Network Security, Information Systems Security",Cited by 40,Jacques Demerjian,,,Deep recurrent neural network-based autoencoder for photoplethysmogram artifacts filtering,,Computers & Electrical Engineering,,https://scholar.google.com/citations?view_op=view_citation&hl=en&user=5LR6cSsAAAAJ&citation_for_view=5LR6cSsAAAAJ:yD5IFk8b50cC,,Pergamon,"Joseph Azar, Abdallah Makhoul, Raphael Couturier, Jacques Demerjian","Recently, the need for fast, cost-effective, convenient, and non-invasive cardiovascular analysis techniques has been the primary and most attractive reason to use photoplethysmogram (PPG). Most wearable devices on the market today can collect PPG data and enable the measurement of important features such as heart rate, respiration rate, and blood pressure, in addition to detecting irregular pulses and cardiovascular diseases. One major drawback of PPG data is their high sensitivity to motion, resulting in distorted and meaningless signals. This paper proposes a neural network-based filtering method to remove corrupted windows from the collected PPG data in an unsupervised manner. It also proposes a PPG data summarization and augmentation strategy which optimizes the network performances. Experimental results show that the proposed approach was capable of achieving 90% precision and 95 …",network security,0.204
,8th International Conference for Internet Technology and Secured Transactions (ICITST-2013),"Broker-based cross-cloud federation manager
JB Abdo, J Demerjian, H Chaouchi, K Barbar, G Pujolle - 8th International Conference for Internet Technology …, 2013
Cited by 39 Related articles",2013/12/9,,,,,,244-251,"Network Security, Information Systems Security",Cited by 39,Jacques Demerjian,,,Broker-based cross-cloud federation manager,,,,https://scholar.google.com/citations?view_op=view_citation&hl=en&user=5LR6cSsAAAAJ&citation_for_view=5LR6cSsAAAAJ:2osOgNQ5qMEC,,IEEE,"Jacques Bou Abdo, Jacques Demerjian, Hakima Chaouchi, Kabalan Barbar, Guy Pujolle","Cloud federation is the next step in creating a new cloud computing ecosystem. The absence of suitable business models for federation managers is hindering the wide deployment of this critical feature. In this paper we will study existing federation managers, specifically CCFM (Cross-Cloud Federation Manager) and analyze its strengths and limitations. To overcome its limitations and make cloud federation more competitive in the current business trends, we introduce a new node called ""broker"" which will play a significant role in the enhanced CCFM mechanisms. The discovery and match-making agents in CCFM wil be modified to enforce a new business model which is more interesting for private investors. Finally, our new business model will be discussed and possible versions are stated.",Unclassified,0.0
,2018 14th International wireless communications & mobile computing conference (IWCMC),"Using dwt lifting scheme for lossless data compression in wireless body sensor networks
J Azar, R Darazi, C Habib, A Makhoul, J Demerjian - 2018 14th International wireless communications & …, 2018
Cited by 36 Related articles All 6 versions",2018/6/25,,https://hal.science/hal-02952695/file/c19431fa-663d-4d9e-b420-21557b9d416b-author.pdf,,,,1465-1470,"Network Security, Information Systems Security",Cited by 36,Jacques Demerjian,,,Using dwt lifting scheme for lossless data compression in wireless body sensor networks,,,,https://scholar.google.com/citations?view_op=view_citation&hl=en&user=5LR6cSsAAAAJ&citation_for_view=5LR6cSsAAAAJ:RHpTSmoSYBkC,,IEEE,"Joseph Azar, Rony Darazi, Carol Habib, Abdallah Makhoul, Jacques Demerjian","Recently, interest in Wireless Body Sensor Networks composed by low-power devices which are placed in, on or around the body has been increased. Wireless Body Sensor Networks open up tremendous healthcare and wellness applications such as continuous monitoring of a patient's vital signs. One of the fundamental challenges in Wireless Body Sensor Networks is energy consumption due to wireless transmission of collected data. In this paper, we aim to extend the life-time of battery-powered biosensors by applying a data reduction technique that works efficiently under constrained processing, storage, and energy resource conditions. The presented technique is a lossless transform-based compression technique based on the Discrete Wavelet Transform using the lifting scheme extended with Lagrange polynomial interpolation. To evaluate our approach, we have run multiple series of simulations on real …",network security,0.2
,,"Evaluation of mobile cloud architectures
JB Abdo, J Demerjian - Pervasive and Mobile Computing, 2017
Cited by 35 Related articles",2017/8/1,39.0,,,,,284-303,"Network Security, Information Systems Security",Cited by 35,Jacques Demerjian,,,Evaluation of mobile cloud architectures,,Pervasive and Mobile Computing,,https://scholar.google.com/citations?view_op=view_citation&hl=en&user=5LR6cSsAAAAJ&citation_for_view=5LR6cSsAAAAJ:4DMP91E08xMC,,Elsevier,"Jacques Bou Abdo, Jacques Demerjian","The progress of mobile cloud computing is currently facing a crossroad on whether to implement user-side tools for job offloading or adopt network-side architecture. Selecting the best mobile cloud architecture is vital for having clear decisions on the future of mobile cloud computing.
This work will survey mobile cloud architectures and compare their performance against existing resource demanding applications. The comparison will be performed using physical implementation. To the best of our knowledge, this paper is the first published work numerically comparing mobile cloud architectures across various mobile cloud applications.",network security,0.206
,2015 International Conference on Cloud Technologies and Applications (CloudTech),"Connectivity-aware service provision in vehicular cloud
R El Sibaï, T Atéchian, JB Abdo, R Tawil, J Demerjian - 2015 International Conference on Cloud Technologies …, 2015
Cited by 35 Related articles All 2 versions",2015/6/2,,,,,,1-5,"Network Security, Information Systems Security",Cited by 35,Jacques Demerjian,,,Connectivity-aware service provision in vehicular cloud,,,,https://scholar.google.com/citations?view_op=view_citation&hl=en&user=5LR6cSsAAAAJ&citation_for_view=5LR6cSsAAAAJ:YsMSGLbcyi4C,,IEEE,"Rayane El Sibaï, Talar Atéchian, Jacques Bou Abdo, Rami Tawil, Jacques Demerjian","In the last twenty years, vehicles have become equipped with various sensors and resources, making them capable to communicate, to share resources and to behave cooperatively. This gave rise to the concept of vehicular cloud (VC). Vehicular cloud can be described from the standpoint of applications and services offered by vehicles that belong to a Vehicular Ad hoc Network (VANET). Because of the limitation of computation, storage and bandwidth resources for complex in-vehicle multimedia, entertainment applications, it is important to request services from service provider vehicles in the network, forming a cloud. However, the main challenge of vehicular networks is how to maintain the connectivity between the vehicles during service provision process. It is important to note that, to fully provide a service without interruption, it is necessary to ensure that the connectivity duration between the requestor and the …",network security,0.205
,2020 International Wireless Communications and Mobile Computing (IWCMC),"A wearable lora-based emergency system for remote safety monitoring
GB Tayeh, J Azar, A Makhoul, C Guyeux, J Demerjian - 2020 International Wireless Communications and …, 2020
Cited by 32 Related articles All 3 versions",2020/6/15,,https://hal.science/hal-02993852/file/e1ffc532-b645-49bf-be22-c3ee5f4a9c76-author.pdf,,,,120-125,"Network Security, Information Systems Security",Cited by 32,Jacques Demerjian,,,A wearable lora-based emergency system for remote safety monitoring,,,,https://scholar.google.com/citations?view_op=view_citation&hl=en&user=5LR6cSsAAAAJ&citation_for_view=5LR6cSsAAAAJ:SeFeTyx0c_EC,,IEEE,"Gaby Bou Tayeh, Joseph Azar, Abdallah Makhoul, Christophe Guyeux, Jacques Demerjian","With the advent of the industrial revolution, human beings have developed drastically over the past decades. By 2020, wireless communications would connect more than twenty-five billion devices. Low Power Wide Area (LPWA) technologies are becoming popular as a result of the fast development of the Internet of Things (IoT) market. In this paper, we propose a wearable LoRa-based system for remote safety monitoring of people performing activities in remote areas with no network coverage. The designed system is supposed to detect possible heart problems and/or a “man-down” situation. It then transmits an emergency alert containing information about the state of the concerned individual and its location via LoRa to the surrounding recipients. The proposed system composed of a GPS enabled IoT device, a smart-watch and a smart-phone, has been validated in a remote area in the city of Belfort in France …",information systems security,0.27
,,"Converged AI, IoT, and blockchain technologies: a conceptual ethics framework
E Nehme, R El Sibai, J Bou Abdo, AR Taylor… - AI and Ethics, 2022
Cited by 30 Related articles All 2 versions",2022/2,2.0,https://www.academia.edu/download/99267723/s43681-021-00079-8.pdf,,,,129-143,"Network Security, Information Systems Security",Cited by 30,Jacques Demerjian,,,"Converged AI, IoT, and blockchain technologies: a conceptual ethics framework",,AI and Ethics,,https://scholar.google.com/citations?view_op=view_citation&hl=en&user=5LR6cSsAAAAJ&citation_for_view=5LR6cSsAAAAJ:f2IySw72cVMC,1.0,Springer International Publishing,"Esther Nehme, Rayane El Sibai, Jacques Bou Abdo, A Ross Taylor, Jacques Demerjian","The convergence of AI, IoT, and blockchain as the next disruptive technology is inevitable. Studying the ethics of these converged technologies is crucial for the steady development and adoption of the applications. Even though this topic is crucial, it is still not yet touched in the literature. This work is the first attempt to tackle this issue by developing a conceptual ethics framework for converged AI, IoT, and blockchain. The framework is based on a systematic literature review and categorizes the ethical issues into three layers namely micro (ethical issue involving the technology itself), meso (ethical issue involving the applications), and macro (ethical issue involving the society and institutions).",network security,0.2
,2018 IEEE Middle East and North Africa Communications Conference (MENACOMM),"On the performance of resource-aware compression techniques for vital signs data in wireless body sensor networks
J Azar, A Makhoul, R Darazi, J Demerjian, R Couturier - 2018 IEEE Middle East and North Africa …, 2018
Cited by 30 Related articles All 4 versions",2018/4/18,,https://www.academia.edu/download/117878426/data.pdf,,,,1-6,"Network Security, Information Systems Security",Cited by 30,Jacques Demerjian,,,On the performance of resource-aware compression techniques for vital signs data in wireless body sensor networks,,,,https://scholar.google.com/citations?view_op=view_citation&hl=en&user=5LR6cSsAAAAJ&citation_for_view=5LR6cSsAAAAJ:R3hNpaxXUhUC,,IEEE,"Joseph Azar, Abdallah Makhoul, Rony Darazi, Jacques Demerjian, Raphael Couturier","Wireless Body Sensor Networks open up tremendous important applications such as consistent monitoring of a patient's vital signs. One of the main challenges that a Wireless Body Sensor Network faces is the transmission of the collected vital signs measurements. Data transmission is considered to be the greatest consumer of energy in a sensor node. Multiple data compression techniques have been proposed in the literature to reduce the size of the collected data. Thus, the transmission energy consumption. In this paper, we compare the performance of three resource-aware data compression techniques that are proposed in the literature and showed good results: Lightweight Temporal Compression, Differential Pulse Code Modulation and Discrete Wavelet Transform lifting scheme. Then, we propose to adapt the lossy Lightweight Temporal Compression algorithm and combine it with the lossless Differential …",network security,0.205
,2008 3rd International Conference on Information and Communication Technologies: From Theory to Applications,"Distributed handoff decision scheme using MIH function for the fourth generation wireless networks
R Tawil, G Pujolle, J Demerjian - 2008 3rd International Conference on Information and …, 2008
Cited by 30 Related articles All 2 versions",2008/4/7,,,,,,1-6,"Network Security, Information Systems Security",Cited by 30,Jacques Demerjian,,,Distributed handoff decision scheme using MIH function for the fourth generation wireless networks,,,,https://scholar.google.com/citations?view_op=view_citation&hl=en&user=5LR6cSsAAAAJ&citation_for_view=5LR6cSsAAAAJ:u-x6o8ySG0sC,,IEEE,"Rami Tawil, Guy Pujolle, Jacques Demerjian","Next generation wireless networks environment consists of heterogeneous wireless technologies, offering mobility service. The objective is to exploit the popularity and the high data rates offered by wireless networks such as WiFi (wireless fidelity) or WiMAX (worldwide interoperability for microwave access) to enhance cellular services i.e. UMTS (Universal Mobile Telecommunication System). In this context, mobile terminal has to make several handoff decisions while moving between these technologies. In this paper we propose using the emerging IEEE802.21 standard defines Media Independent Handover (MIH) functions as transport service in order to offer a vertical handoff decision with a minimum of processing delay.",network security,0.2
,,"Introducing and comparing recent clustering methods for massive data management in the internet of things
C Guyeux, S Chrétien, G Bou Tayeh, J Demerjian… - Journal of sensor and actuator networks, 2019
Cited by 27 Related articles All 5 versions",2019/12/9,8.0,https://www.mdpi.com/2224-2708/8/4/56,,,,56,"Network Security, Information Systems Security",Cited by 27,Jacques Demerjian,,,Introducing and comparing recent clustering methods for massive data management in the internet of things,,Journal of sensor and actuator networks,,https://scholar.google.com/citations?view_op=view_citation&hl=en&user=5LR6cSsAAAAJ&citation_for_view=5LR6cSsAAAAJ:J_g5lzvAfSwC,4.0,MDPI,"Christophe Guyeux, Stéphane Chrétien, Gaby Bou Tayeh, Jacques Demerjian, Jacques Bahi","The use of wireless sensor networks, which are the key ingredient in the growing Internet of Things (IoT), has surged over the past few years with a widening range of applications in the industry, healthcare, agriculture, with a special attention to monitoring and tracking, often tied with security issues. In some applications, sensors can be deployed in remote, large unpopulated areas, whereas in others, they serve to monitor confined busy spaces. In either case, clustering the sensor network’s nodes into several clusters is of fundamental benefit for obvious scalability reasons, and also for helping to devise maintenance or usage schedules that might greatly improve the network’s lifetime. In the present paper, we survey and compare popular and advanced clustering schemes and provide a detailed analysis of their performance as a function of scale, type of collected data or their heterogeneity, and noise level. The testing is performed on real sensor data provided by the UCI Machine Learning Repository, using various external validation metrics.",network security,0.406
,2008 IEEE/ACS International Conference on Computer Systems and Applications,"Processing-delay reduction during the vertical handoff decision in heterogeneous wireless systems
R Tawil, J Demerjian, G Pujolle, O Salazar - 2008 IEEE/ACS International Conference on Computer …, 2008
Cited by 27 Related articles All 5 versions",2008/3/31,,,,,,381-385,"Network Security, Information Systems Security",Cited by 27,Jacques Demerjian,,,Processing-delay reduction during the vertical handoff decision in heterogeneous wireless systems,,,,https://scholar.google.com/citations?view_op=view_citation&hl=en&user=5LR6cSsAAAAJ&citation_for_view=5LR6cSsAAAAJ:d1gkVwhDpl0C,,IEEE,"Rami Tawil, Jacques Demerjian, Guy Pujolle, Oscar Salazar","Service continuity in heterogeneous wireless access technologies is a main issue. The challenge is to preserve continuous services while moving between these technologies. Making the decision to which network to switch (handoff) is one of the main key. In order to achieve the service continuity, we must rely on seamless vertical handoff techniques with a minimum processing-delay. In this paper we propose a vertical handoff decision scheme to enhance the service mobility using the simple additive weighting (SAW) method in a distributed manner, under heterogeneous environments. Our main goal is to reduce the overload and the processing-delay in the mobile terminal, by delegating the calculation of handoff metrics for network selection to the target visiting networks.",network security,0.205
,2016 International Conference on Digital Economy (ICDEc),"Sampling algorithms in data stream environments
R El Sibai, Y Chabchoub, J Demerjian, Z Kazi-Aoul… - 2016 International Conference on Digital Economy …, 2016
Cited by 26 Related articles All 2 versions",2016/4/28,,,,,,29-36,"Network Security, Information Systems Security",Cited by 26,Jacques Demerjian,,,Sampling algorithms in data stream environments,,,,https://scholar.google.com/citations?view_op=view_citation&hl=en&user=5LR6cSsAAAAJ&cstart=20&pagesize=80&citation_for_view=5LR6cSsAAAAJ:M3ejUd6NZC8C,,IEEE,"Rayane El Sibai, Yousra Chabchoub, Jacques Demerjian, Zakia Kazi-Aoul, Kablan Barbar","Data streams are large data sets generated continuously and at a fast tempo. Their arrival rate is large compared to the treatment and storage capacities. Thus, these streams cannot be entirely stored. That is why we need to treat them in a single pass, without storing them exhaustively. However, for a particular stream, it is not always possible to predict in advance all of the processing to be performed. It is therefore necessary to save some of this data for future treatments. These stored data then build “summaries”. Several ways exist for the construction of the summary, among them, the sampling algorithms. We propose in this paper an in-depth study of sampling methods used for the construction of data stream summaries. This paper includes two main parts. First, we introduce the basic concepts of data stream: Windowing models over data stream as well as data stream applications. Then we describe the different …",Unclassified,0.0
,,"Extended Privacy in Crowdsourced Location‐Based Services Using Mobile Cloud Computing
J Bou Abdo, T Bourgeau, J Demerjian, H Chaouchi - Mobile Information Systems, 2016
Cited by 26 Related articles All 11 versions",2016,2016.0,https://onlinelibrary.wiley.com/doi/pdf/10.1155/2016/7867206,,,,7867206,"Network Security, Information Systems Security",Cited by 26,Jacques Demerjian,,,Extended Privacy in Crowdsourced Location‐Based Services Using Mobile Cloud Computing,,Mobile Information Systems,,https://scholar.google.com/citations?view_op=view_citation&hl=en&user=5LR6cSsAAAAJ&cstart=20&pagesize=80&citation_for_view=5LR6cSsAAAAJ:4TOpqqG69KYC,1.0,Hindawi Publishing Corporation,"Jacques Bou Abdo, Thomas Bourgeau, Jacques Demerjian, Hakima Chaouchi","Crowdsourcing mobile applications are of increasing importance due to their suitability in providing personalized and better matching replies. The competitive edge of crowdsourcing is twofold; the requestors can achieve better and/or cheaper responses while the crowd contributors can achieve extra money by utilizing their free time or resources. Crowdsourcing location‐based services inherit the querying mechanism from their legacy predecessors and this is where the threat lies. In this paper, we are going to show that none of the advanced privacy notions found in the literature except for K‐anonymity is suitable for crowdsourced location‐based services. In addition, we are going to prove mathematically, using an attack we developed, that K‐anonymity does not satisfy the privacy level needed by such services. To respond to this emerging threat, we will propose a new concept, totally different from existing …",Unclassified,0.0
Proceedings of the 2006 international conference on Wireless communications and mobile computing,,"Cooperation monitoring issues in ad hoc networks
S Laniepce, J Demerjian, A Mokhtari - Proceedings of the 2006 international conference on …, 2006
Cited by 23 Related articles All 2 versions",2006/7/3,,,,,,695-700,"Network Security, Information Systems Security",Cited by 23,Jacques Demerjian,,,Cooperation monitoring issues in ad hoc networks,,,,https://scholar.google.com/citations?view_op=view_citation&hl=en&user=5LR6cSsAAAAJ&cstart=20&pagesize=80&citation_for_view=5LR6cSsAAAAJ:a0OBvERweLwC,,,"Sylvie Laniepce, Jacques Demerjian, Amdjed Mokhtari","The network layer operations in ad hoc networks - namely packet routing and forwarding - are solely performed by the nodes themselves and consequently rely on the cooperation among them. In such networks, to best manage packet forwarding to the aimed destination node raises a need for continuous monitoring of the network service that is likely to be obtained from the other node cooperation. In this paper, we survey reputation mechanisms based on forwarding monitoring in ad hoc networks and we identify and analyze the relevant issues concerning the evaluation of forwarding operations. Finally, we highlight the need for transposing these results to hybrid ad hoc networks, with the aim to monitor the availability of the Internet access.",network security,0.205
,"Security and Protection in Information Processing Systems: IFIP 18 th World Computer Congress TC11 19 th International Information Security Conference 22–27 August 2004 Toulouse, France","DHCP authentication using certificates
J Demerjian, A Serhrouchni - Security and Protection in Information Processing …, 2004
Cited by 23 Related articles All 5 versions",2004,,https://www.researchgate.net/profile/Jacques-Demerjian/publication/46298909_DHCP_Authentication_Using_Certificates/links/56e279c408ae03f0278f6530/DHCP-Authentication-Using-Certificates.pdf,,,,457-472,"Network Security, Information Systems Security",Cited by 23,Jacques Demerjian,,,DHCP authentication using certificates,,,,https://scholar.google.com/citations?view_op=view_citation&hl=en&user=5LR6cSsAAAAJ&cstart=20&pagesize=80&citation_for_view=5LR6cSsAAAAJ:9yKSN-GCB0IC,,Springer US,"Jacques Demerjian, Ahmed Serhrouchni","In this paper, we describe several methods of DHCP authentication. We propose an extension to DHCP protocol in order to allow a strict control on equipments by using a strong authentication. This extension, called E-DHCP (Extended-Dynamic Host Configuration Protocol) is based on two principles. The first one is the defimition of a new DHCP option that provides simultaneously the authentication of entities (client/server) and DHCP messages. The technique used by this option is based mainly on the use of asymmetric keys encryption RSA, X.509 identity certificates and attribute certificates. The second principle is the attribution of PMI (Privilege Management Infrastructure) attribute authority server functionalities to DHCP server. This server creates an attribute certificate to the client, which ensures the relation between the identity certifiicate of the client and the allocated IP address. This attribute certificate …",Unclassified,0.0
,International Conference on Sensor Technologies and Applications,"Exhaustive study on medical sensors
N Boudargham, JB Abdo, J Demerjian, C Guyeux - International Conference on Sensor Technologies and …, 2017
Cited by 22 Related articles All 2 versions",2017/9/10,,https://hal.science/hal-03221928v1/file/c338e155-5da4-4785-89f6-fa8452240040-author.pdf,,,,,"Network Security, Information Systems Security",Cited by 22,Jacques Demerjian,,,Exhaustive study on medical sensors,,,,https://scholar.google.com/citations?view_op=view_citation&hl=en&user=5LR6cSsAAAAJ&cstart=20&pagesize=80&citation_for_view=5LR6cSsAAAAJ:YFjsv_pBGBYC,,,"Nadine Boudargham, Jacques Bou Abdo, Jacques Demerjian, Christophe Guyeux","The advances in electronics allowed the development of smart miniature devices called medical sensors, that can collect physiological data from the human body and its surrounding and send it wirelessly to healthcare providers in order to help avoiding life threatening events. This article presents a general overview on the types of medical sensors, their properties, and the wireless technologies used to convey collected data. Also, this article is the first to provide a summary about the wearable sensors’ brands available on the market, along with their interface and connection types [1, 2].",Unclassified,0.0
,,"Cross-layer federated learning for lightweight IoT intrusion detection systems
S Hajj, J Azar, J Bou Abdo, J Demerjian, C Guyeux… - Sensors, 2023
Cited by 20 Related articles All 11 versions",2023/8/9,23.0,https://www.mdpi.com/1424-8220/23/16/7038,,,,7038,"Network Security, Information Systems Security",Cited by 20,Jacques Demerjian,,,Cross-layer federated learning for lightweight IoT intrusion detection systems,,Sensors,,https://scholar.google.com/citations?view_op=view_citation&hl=en&user=5LR6cSsAAAAJ&cstart=20&pagesize=80&citation_for_view=5LR6cSsAAAAJ:OU6Ihb5iCvQC,16.0,MDPI,"Suzan Hajj, Joseph Azar, Jacques Bou Abdo, Jacques Demerjian, Christophe Guyeux, Abdallah Makhoul, Dominique Ginhac","With the proliferation of IoT devices, ensuring the security and privacy of these devices and their associated data has become a critical challenge. In this paper, we propose a federated sampling and lightweight intrusion-detection system for IoT networks that use K-meansfor sampling network traffic and identifying anomalies in a semi-supervised way. The system is designed to preserve data privacy by performing local clustering on each device and sharing only summary statistics with a central aggregator. The proposed system is particularly suitable for resource-constrained IoT devices such as sensors with limited computational and storage capabilities. We evaluate the system’s performance using the publicly available NSL-KDD dataset. Our experiments and simulations demonstrate the effectiveness and efficiency of the proposed intrusion-detection system, highlighting the trade-offs between precision and recall when sharing statistics between workers and the coordinator. Notably, our experiments show that the proposed federated IDS can increase the true-positive rate up to 10% when the workers and the coordinator collaborate.",network security,0.407
,2020 19th IEEE International Conference on Machine Learning and Applications (ICMLA),"Writer identification for historical handwritten documents using a single feature extraction method
M Chammas, A Makhoul, J Demerjian - 2020 19th IEEE International Conference on Machine …, 2020
Cited by 20 Related articles All 6 versions",2020/12/14,,https://hal.science/hal-03017586/file/ICMLA2020.pdf,,,,1-6,"Network Security, Information Systems Security",Cited by 20,Jacques Demerjian,,,Writer identification for historical handwritten documents using a single feature extraction method,,,,https://scholar.google.com/citations?view_op=view_citation&hl=en&user=5LR6cSsAAAAJ&cstart=20&pagesize=80&citation_for_view=5LR6cSsAAAAJ:zA6iFVUQeVQC,,IEEE,"Michel Chammas, Abdallah Makhoul, Jacques Demerjian","With the growth of artificial intelligence techniques the problem of writer identification from historical documents has gained increased interest. It consists on knowing the identity of writers of these documents. This paper introduces our baseline system for writer identification, tested on a large dataset of latin historical manuscripts used in the ICDAR 2019 competition. The proposed system yielded the best results using Scale Invariant Feature Transform (SIFT) as a single feature extraction method, without any preprocessing stage. The system was compared against four teams who participated in the competition with different feature extraction methods: SRS-LBP, SIFT, Pathlet, Hinge, Co-Hinge, QuadHinge, Quill, TCC and oBIFs. An unsupervised learning system was implemented, where a deep Convolutional Neural Network (CNN) was trained using patches extracted from SIFT descriptors. Then the results were …",network security,0.204
,2013 International Conference on Computer Applications Technology (ICCAT),"EC-AKA2 a revolutionary AKA protocol
JB Abdo, J Demerjian, H Chaouchi, G Pujolle - 2013 International Conference on Computer …, 2013
Cited by 20 Related articles All 2 versions",2013/1/20,,https://www.researchgate.net/profile/Jacques-Bou-Abdo/publication/261377783_EC-AKA2_a_revolutionary_AKA_protocol/links/60429404a6fdcc9c78142554/EC-AKA2-a-revolutionary-AKA-protocol.pdf,,,,1-6,"Network Security, Information Systems Security",Cited by 20,Jacques Demerjian,,,EC-AKA2 a revolutionary AKA protocol,,,,https://scholar.google.com/citations?view_op=view_citation&hl=en&user=5LR6cSsAAAAJ&cstart=20&pagesize=80&citation_for_view=5LR6cSsAAAAJ:Tyk-4Ss8FVUC,,IEEE,"Jacques Bou Abdo, Jacques Demerjian, Hakima Chaouchi, Guy Pujolle","Security is increasingly demanding in mobile communication, especially LTE, and the incremental value of transmitted assets over wireless networks pushes risk way above acceptable thresholds. Decision is continuously moving towards the user side, while the need for seamless security is becoming a must. Under all these requirements, 3GPP failed to propose a new Authentication and Key Agreement Protocol that solves the vulnerabilities found in the current AKA, and implement user preferences in network selection, thus 3GPP failed to meet LTE's current security needs. This paper proposes a complete AKA protocol that solve four different LTE-AKA weaknesses. The proposed protocol is backward compatible, needs no additional investment and achieves great QoS performance.",network security,0.409
,,"Toward fast and accurate emergency cases detection in BSNs
N Boudargham, R El Sibai, J Bou Abdo, J Demerjian… - IET Wireless Sensor Systems, 2020
Cited by 19 Related articles All 5 versions",2020/2,10.0,https://ietresearch.onlinelibrary.wiley.com/doi/pdf/10.1049/iet-wss.2019.0134,,,,47-60,"Network Security, Information Systems Security",Cited by 19,Jacques Demerjian,,,Toward fast and accurate emergency cases detection in BSNs,,IET Wireless Sensor Systems,,https://scholar.google.com/citations?view_op=view_citation&hl=en&user=5LR6cSsAAAAJ&cstart=20&pagesize=80&citation_for_view=5LR6cSsAAAAJ:NMxIlDl6LWMC,1.0,The Institution of Engineering and Technology,"Nadine Boudargham, Rayane El Sibai, Jacques Bou Abdo, Jacques Demerjian, Christophe Guyeux, Abdallah Makhoul","In body sensor networks (BSNs), medical sensors capture physiological data from the human body and send them to the coordinator who act as a gateway to health care. The main aim of BSNs is to save peoples’ lives. Therefore, fast and correct detection of emergencies while maintaining low‐energy consumption of sensors is essential requirement of BSNs. In this study, the authors propose a new adaptive data sampling approach, where the sampling ratio is adapted based on the sensed data variation. The idea is to use the modified version of the cumulative sum (CUSUM) algorithm (modified CUSUM) that they previously proposed for wireless sensor networks to monitor the data variability, and adapt the sampling rate accordingly. Modified CUSUM is then applied to the adaptively sampled data to detect anomalies, and the correlation property between physiological parameters will be used to identify …",network security,0.2
,,"Efficient hybrid emergency aware MAC protocol for wireless body sensor networks
N Bou Dargham, A Makhoul, J Bou Abdo, J Demerjian… - Sensors, 2018
Cited by 19 Related articles All 12 versions",2018/10/22,18.0,https://www.mdpi.com/1424-8220/18/10/3572,,,,3572,"Network Security, Information Systems Security",Cited by 19,Jacques Demerjian,,,Efficient hybrid emergency aware MAC protocol for wireless body sensor networks,,Sensors,,https://scholar.google.com/citations?view_op=view_citation&hl=en&user=5LR6cSsAAAAJ&cstart=20&pagesize=80&citation_for_view=5LR6cSsAAAAJ:4JMBOYKVnBMC,10.0,MDPI,"Nadine Bou Dargham, Abdallah Makhoul, Jacques Bou Abdo, Jacques Demerjian, Christophe Guyeux","In Body Sensor Networks (BSNs), two types of events should be addressed: periodic and emergency events. Traffic rate is usually low during periodic observation, and becomes very high upon emergency. One of the main and challenging requirements of BSNs is to design Medium Access Control (MAC) protocols that guarantee immediate and reliable transmission of data in emergency situations, while maintaining high energy efficiency in non-emergency conditions. In this paper, we propose a new emergency aware hybrid DTDMA/DS-CDMA protocol that can accommodate BSN traffic variations by addressing emergency and periodic traffic requirements. It takes advantage of the high delay efficiency of DS-CDMA in traffic burst, and the high energy efficiency of DTDMA in periodic traffic. The proposed scheme is evaluated in terms of delay, packet drop percentage, and energy consumption. Different OPNET simulations are performed for various number of nodes carrying emergency data, and for various payload sizes. The protocol performance is compared to other existing hybrid protocols. Results show that the proposed scheme outperforms the others in terms of delay and packet drop percentage for different number of nodes carrying emergency data, as well as for different payload sizes. It also offers the highest energy efficiency during periodic observation, while adjusting the energy consumption during emergency by assigning spreading codes only to nodes holding emergency data.",network security,0.2
,2018 IEEE Middle East and North Africa Communications Conference (MENACOMM),"A new autonomous data transmission reduction method for wireless sensors networks
GB Tayeh, A Makhoul, J Demerjian, D Laiymani - 2018 IEEE Middle East and North Africa …, 2018
Cited by 19 Related articles All 2 versions",2018/4/18,,,,,,1-6,"Network Security, Information Systems Security",Cited by 19,Jacques Demerjian,,,A new autonomous data transmission reduction method for wireless sensors networks,,,,https://scholar.google.com/citations?view_op=view_citation&hl=en&user=5LR6cSsAAAAJ&cstart=20&pagesize=80&citation_for_view=5LR6cSsAAAAJ:hC7cP41nSMkC,,IEEE,"Gaby Bou Tayeh, Abdallah Makhoul, Jacques Demerjian, David Laiymani","The inherent limitation in energy resources and computational power for sensor nodes in a Wireless Sensor Network, poses the challenge of extending the lifetime of these networks. Since radio communication is the dominant energy consuming activity, most presented approaches focused on reducing the number of data transmitted to the central workstation. This can be achieved by deploying both on the workstation and the sensor node a synchronized prediction model capable of forecasting future values. Thus, enabling the sensor node to transmit only the values that surpasses a predefined error threshold. This mechanism offers a decrease in the cost of transmission energy for a price of an increase in the cost of computational energy. Therefore, finding the right tradeoff between complexity and efficiency is very important to achieve optimal results. In this paper, we present a novel data reduction method that …",network security,0.204
,"2013 International Conference on Computing, Management and Telecommunications (ComManTel)","EPS mutual authentication and crypt-analyzing SPAKA
JB Abdo, J Demerjian, K Ahmad, H Chaouchi… - 2013 International Conference on Computing …, 2013
Cited by 19 Related articles All 2 versions",2013/1/21,,https://www.academia.edu/download/31140088/EPS_mutual_authentication_and_Crypt-analysing_SPAKA.pdf,,,,303-308,"Network Security, Information Systems Security",Cited by 19,Jacques Demerjian,,,EPS mutual authentication and crypt-analyzing SPAKA,,,,https://scholar.google.com/citations?view_op=view_citation&hl=en&user=5LR6cSsAAAAJ&cstart=20&pagesize=80&citation_for_view=5LR6cSsAAAAJ:UeHWp8X0CEIC,,IEEE,"Jacques Bou Abdo, Jacques Demerjian, Kassem Ahmad, Hakima Chaouchi, Guy Pujolle","LTE's success as a high throughput, low latency, and umbrella technology for wireless heterogeneous networks is highly affected by the researchers' capability of solving its current security vulnerabilities. Mutual authentication was adopted by mobile networks to overcome vulnerabilities exploited by “IMSI catcher” and other active attacks. 3GPP's mutual authentication implementation in EPS AKA succeeded in enhancing the network's security, but failed to cover weaknesses inherited from its predecessor (UMTS). One of those vulnerabilities is the passive capturing of IMSIs during user identification in the Authentication and Key Agreement protocol. Many researchers tried over the past years, to propose an alternative for EPS AKA, able to ensure high levels of security and offer acceptable QoS performance. In this paper, we will crypt-analyze (SPAKA and PBKP) which was claimed to solve EPS AKA's privacy and …",network security,0.408
,2016 IEEE/ACS 13th International Conference of Computer Systems and Applications (AICCSA),"Investigating low level protocols for wireless body sensor networks
N Boudargham, JB Abdo, J Demerjian, C Guyeux… - 2016 IEEE/ACS 13th International Conference of …, 2016
Cited by 18 Related articles All 9 versions",2016/11/29,,https://arxiv.org/pdf/1611.08401,,,,1-6,"Network Security, Information Systems Security",Cited by 18,Jacques Demerjian,,,Investigating low level protocols for wireless body sensor networks,,,,https://scholar.google.com/citations?view_op=view_citation&hl=en&user=5LR6cSsAAAAJ&cstart=20&pagesize=80&citation_for_view=5LR6cSsAAAAJ:qxL8FJ1GzNcC,,IEEE,"Nadine Boudargham, Jacques Bou Abdo, Jacques Demerjian, Christophe Guyeux, Abdallah Makhoul","The rapid development of medical sensors has increased the interest in Wireless Body Area Network (WBAN) applications where physiological data from the human body and its environment is gathered, monitored, and analyzed to take the proper measures. In WBANs, it is essential to design MAC protocols that ensure adequate Quality of Service (QoS) such as low delay and high scalability. This paper investigates Medium Access Control (MAC) protocols used in WBAN, and compares their performance in a high traffic environment. Such scenario can be induced in case of emergency for example, where physiological data collected from all sensors on human body should be sent simultaneously to take appropriate action. This study can also be extended to cover collaborative WBAN systems where information from different bodies is sent simultaneously leading to high traffic. OPNET simulations are performed to …",information systems security,0.275
,2017 16th IEEE International Conference on Machine Learning and Applications (ICMLA),"Evaluating non-personalized single-heuristic active learning strategies for collaborative filtering recommender systems
G Chaaya, E Métais, JB Abdo, R Chiky, J Demerjian… - 2017 16th IEEE International Conference on Machine …, 2017
Cited by 17 Related articles All 3 versions",2017/12/18,,https://www.researchgate.net/profile/Jacques-Bou-Abdo/publication/322672385_Evaluating_Non-personalized_Single-Heuristic_Active_Learning_Strategies_for_Collaborative_Filtering_Recommender_Systems/links/5af2e4dfaca272bf4259f7b8/Evaluating-Non-personalized-Single-Heuristic-Active-Learning-Strategies-for-Collaborative-Filtering-Recommender-Systems.pdf,,,,593-600,"Network Security, Information Systems Security",Cited by 17,Jacques Demerjian,,,Evaluating non-personalized single-heuristic active learning strategies for collaborative filtering recommender systems,,,,https://scholar.google.com/citations?view_op=view_citation&hl=en&user=5LR6cSsAAAAJ&cstart=20&pagesize=80&citation_for_view=5LR6cSsAAAAJ:L8Ckcad2t8MC,,IEEE,"Georges Chaaya, Elisabeth Métais, Jacques Bou Abdo, Raja Chiky, Jacques Demerjian, Kablan Barbar","In collaborative filtering recommender systems, the users rate items, and this process helps in understanding their preferences. The systems can suffer from the cold-start problem, which refers to the absence or insufficiency of ratings for new users. This can be solved by using active learning strategies, which can be non-personalized or personalized, and which were evaluated and tested previously using different datasets and metrics. In this paper, we present a clearer study by implementing the main non-personalized single-heuristic strategies (random, popularity, co—coverage, variance, entropy, entropy0) on the same dataset, and by evaluating them using the same metrics, in order to have a better comparison. We use the public MovieLens dataset in the experimentations and the results show that the random strategy performs the worst, whereas the entropy0 leads to the best results. All strategies except the …",information systems security,0.138
,2015 Global Summit on Computer & Information Technology (GSCIT),"A new software-based service provision approach for vehicular cloud
R El Sibai, T Atéchian, JB Abdo, J Demerjian, R Tawil - 2015 Global Summit on Computer & Information …, 2015
Cited by 17 Related articles All 2 versions",2015/6/11,,,,,,1-6,"Network Security, Information Systems Security",Cited by 17,Jacques Demerjian,,,A new software-based service provision approach for vehicular cloud,,,,https://scholar.google.com/citations?view_op=view_citation&hl=en&user=5LR6cSsAAAAJ&cstart=20&pagesize=80&citation_for_view=5LR6cSsAAAAJ:_FxGoFyzp5QC,,IEEE,"Rayane El Sibai, Talar Atéchian, Jacques Bou Abdo, Jacques Demerjian, Rami Tawil","Vehicles belonging to a Vehicular Ad hoc NETwork (VANET) can form an ad hoc vehicular cloud in order to provide and to share services between the vehicles. These services may be divided into two categories: (1) Infrastructure as a Service (IaaS) describing physical resources shared as services such as data storage, sensor data, network and computing services; and (2) Software as a Service (SaaS) describing applications that can be run as services in the network. In this paper, a SaaS is an infotainment application requiring multiple infrastructural services such as sensor data. In this context, we propose a service provision mechanism well adapted for VANET. The mechanism aims to select convenient service provider vehicles taking into account the mobility of the vehicles. The mechanism is evaluated by a series of experimentations on OMNeT++ network simulator. The results show a high service delivery …",network security,0.205
,"2018 14th international conference on wireless and mobile computing, networking and communications (WiMob)","Using adaptive sampling and dwt lifting scheme for efficient data reduction in wireless body sensor networks
J Azar, C Habib, R Darazi, A Makhoul, J Demerjian - 2018 14th international conference on wireless and …, 2018
Cited by 16 Related articles All 4 versions",2018/10/15,,https://hal.science/hal-02182803v1/file/6df319d2-beec-4d8b-9c01-c41006617cb9-author.pdf,,,,1-8,"Network Security, Information Systems Security",Cited by 16,Jacques Demerjian,,,Using adaptive sampling and dwt lifting scheme for efficient data reduction in wireless body sensor networks,,,,https://scholar.google.com/citations?view_op=view_citation&hl=en&user=5LR6cSsAAAAJ&cstart=20&pagesize=80&citation_for_view=5LR6cSsAAAAJ:iH-uZ7U-co4C,,IEEE,"Joseph Azar, Carol Habib, Rony Darazi, Abdallah Makhoul, Jacques Demerjian","In the recent years, many researches have been done on Wireless Body Sensor Networks, consisting of wearable devices that provide personalized healthcare through continuous monitoring of the patients' health condition. One of the major difficulties in WBSNs is the power consumption due to wireless transmission of sensed data. Data reduction can be considered a direct way to reduce the power consumption due to data transmission. However, most of the data reduction techniques suffer when the variation of the collected samples is high, or when the data are noisy. In this paper, we propose to enhance a data reduction scheme based on an adaptive sampling technique using dynamically adapted risk level by combining it with the Discrete Wavelet Transform lifting scheme for noise filtering. To assess our approach, we have run different series of simulation on real sensor data. The results show that combining …",network security,0.2
,2018 IEEE Middle East and North Africa Communications Conference (MENACOMM),"Efficient cluster-based routing algorithm for body sensor networks
N Boudargham, JB Abdo, J Demerjian, C Guyeux… - 2018 IEEE Middle East and North Africa …, 2018
Cited by 16 Related articles All 6 versions",2018/4/18,,https://hal.science/hal-01992721/file/a1032dd3-7929-49fa-ab4d-17df7304267d-author.pdf,,,,1-6,"Network Security, Information Systems Security",Cited by 16,Jacques Demerjian,,,Efficient cluster-based routing algorithm for body sensor networks,,,,https://scholar.google.com/citations?view_op=view_citation&hl=en&user=5LR6cSsAAAAJ&cstart=20&pagesize=80&citation_for_view=5LR6cSsAAAAJ:TQgYirikUcIC,,IEEE,"Nadine Boudargham, Jacques Bou Abdo, Jacques Demerjian, Christophe Guyeux, Talar Atechian","Body Sensor Networks have gained a lot of research interest lately for the variety of applications they can serve. In such networks where nodes might hold critical information about people's lives, designing efficient routing schemes is very important to guarantee data delivery with the lowest delay and energy consumption. Even though some cluster-based routing schemes were proposed in the literature, none of them offer a complete solution that guarantees energy and delay efficient routing in BSN. In this paper, we propose a robust cluster- based algorithm that increases the routing efficiency through every step of the routing process: cluster formation, cluster head election, and routing operation of data to the sink. The proposed algorithm is compared to existing cluster-based schemes, and MATLAB simulations are performed to assess the performance of the proposed algorithm with respect to delay and energy …",network security,0.2
,2014 IEEE Wireless Communications and Networking Conference (WCNC),"Operator centric mobile cloud architecture
JB Abdo, J Demerjian, H Chaouchi, K Barbar, G Pujolle - 2014 IEEE Wireless Communications and Networking …, 2014
Cited by 16 Related articles All 3 versions",2014/4/6,,,,,,2982-2987,"Network Security, Information Systems Security",Cited by 16,Jacques Demerjian,,,Operator centric mobile cloud architecture,,,,https://scholar.google.com/citations?view_op=view_citation&hl=en&user=5LR6cSsAAAAJ&cstart=20&pagesize=80&citation_for_view=5LR6cSsAAAAJ:roLk4NBRz8UC,,IEEE,"Jacques Bou Abdo, Jacques Demerjian, Hakima Chaouchi, Kabalan Barbar, Guy Pujolle","Researchers agree on a basic, general and abstract definition that mobile cloud computing is a combination of mobile and cloud computing. Nevertheless, the location of the computation power is still controversial and varies from centralized servers located somewhere in the internet to a collection of mobile devices interested in processing certain tasks. Interestingly, all mobile cloud architectures tried to meet the expectations of mobile cloud through application layer solutions. Although of its innovation, mobile networks' physical layer is not optimized for similar applications, thus it affects the system's overall performance and cause mobile cloud architectures to fail in satisfying its goals such as increase in delay, increase in battery consumption etc. In this paper, we will discuss mobile cloud from telecommunication perspective to harmonize the physical layer of mobile networks (LTE and UMTS) with the application …",network security,0.2
,,"Critique on natural noise in recommender systems
WA Jurdi, JB Abdo, J Demerjian, A Makhoul - ACM Transactions on Knowledge Discovery from Data …, 2021
Cited by 14 Related articles All 4 versions",2021/5/28,15.0,https://hal.science/hal-03359991/file/c859fcd0-3d72-44cc-b589-17a5b78fb58c-author.pdf,,,,1-30,"Network Security, Information Systems Security",Cited by 14,Jacques Demerjian,,,Critique on natural noise in recommender systems,,ACM Transactions on Knowledge Discovery from Data (TKDD),,https://scholar.google.com/citations?view_op=view_citation&hl=en&user=5LR6cSsAAAAJ&cstart=20&pagesize=80&citation_for_view=5LR6cSsAAAAJ:D03iK_w7-QYC,5.0,ACM,"Wissam Al Jurdi, Jacques Bou Abdo, Jacques Demerjian, Abdallah Makhoul","Recommender systems have been upgraded, tested, and applied in many, often incomparable ways. In attempts to diligently understand user behavior in certain environments, those systems have been frequently utilized in domains like e-commerce, e-learning, and tourism. Their increasing need and popularity have allowed the existence of numerous research paths on major issues like data sparsity, cold start, malicious noise, and natural noise, which immensely limit their performance. It is typical that the quality of the data that fuel those systems should be extremely reliable. Inconsistent user information in datasets can alter the performance of recommenders, albeit running advanced personalizing algorithms. The consequences of this can be costly as such systems are employed in abundant online businesses. Successfully managing these inconsistencies results in more personalized user experiences. In this …",information systems security,0.275
,2015 IEEE seventh international conference on intelligent computing and information systems (ICICIS),"A performance study of the chain sampling algorithm
R El Sibai, Y Chabchoub, J Demerjian, Z Kazi-Aoul… - 2015 IEEE seventh international conference on …, 2015
Cited by 14 Related articles All 2 versions",2015/12/12,,,,,,487-494,"Network Security, Information Systems Security",Cited by 14,Jacques Demerjian,,,A performance study of the chain sampling algorithm,,,,https://scholar.google.com/citations?view_op=view_citation&hl=en&user=5LR6cSsAAAAJ&cstart=20&pagesize=80&citation_for_view=5LR6cSsAAAAJ:_kc_bZDykSQC,,IEEE,"Rayane El Sibai, Yousra Chabchoub, Jacques Demerjian, Zakia Kazi-Aoul, Kabalan Barbar","On-line data stream analysis is an important challenge today because of the always-increasing rates of the streams issued from multiple heterogeneous sources, in many application domains. To reduce the amount of the data stream, several sampling methods were designed by the data stream research community. We focus in this paper, on the chain sampling algorithm proposed by Babcock et al. The aim of this algorithm is to select randomly and at any time, a given fixed proportion from the most recent items of the stream contained in the last sliding window. This algorithm is well adapted to the stream context, as only one pass over the data is performed. Moreover it uses a small memory, as it does not store all the items of the current sliding window. We show in this paper that the chain sampling algorithm suffers from some collision or redundancy problems. The collision occurs when the same item is selected as …",Unclassified,0.0
,MELECON 2014-2014 17th IEEE Mediterranean Electrotechnical Conference,"Single-Sign-On in operator centric mobile cloud architecture
JB Abdo, J Demerjian, H Chaouchi, K Barbar, G Pujolle - MELECON 2014-2014 17th IEEE Mediterranean …, 2014
Cited by 14 Related articles All 5 versions",2014/4/13,,https://www.academia.edu/download/97755597/MELCON.2014.682052320230124-1-qmu3wm.pdf,,,,151-155,"Network Security, Information Systems Security",Cited by 14,Jacques Demerjian,,,Single-Sign-On in operator centric mobile cloud architecture,,,,https://scholar.google.com/citations?view_op=view_citation&hl=en&user=5LR6cSsAAAAJ&cstart=20&pagesize=80&citation_for_view=5LR6cSsAAAAJ:ufrVoPGSRksC,,IEEE,"Jacques Bou Abdo, Jacques Demerjian, Hakima Chaouchi, Kabalan Barbar, Guy Pujolle","Many new applications, such as Mobile crowdsensing, burden mobile devices with heavy computation which severely affects the user's experience due to high battery consumption and delayed responses. Cloud computing was expected to solve heavy computation problems, so researchers tried to connect it to mobile networks, but always hindered by the expensive nature of mobile access networks from money, power, delay and other viewpoints. In our previous work, we have proposed a mobile cloud architecture that succeeded in merging the two technologies into a homogeneous one by overcoming the expensive nature of access networks. In this work we are going to extend this architecture by proposing a unified Authentication and Key Agreement mechanism suitable for both mobile mutual authentication and cloud's authentication and Single-Sign-On.",network security,0.2
,2007 Innovations in Information Technologies (IIT),"A decision scheme for vertical handoff in overlay wireless networks
R Tawil, O Salazar, G Pujolle, J Demerjian - 2007 Innovations in Information Technologies (IIT), 2007
Cited by 14 Related articles",2007/11/18,,,,,,436-440,"Network Security, Information Systems Security",Cited by 14,Jacques Demerjian,,,A decision scheme for vertical handoff in overlay wireless networks,,,,https://scholar.google.com/citations?view_op=view_citation&hl=en&user=5LR6cSsAAAAJ&cstart=20&pagesize=80&citation_for_view=5LR6cSsAAAAJ:qjMakFHDy7sC,,IEEE,"R Tawil, O Salazar, G Pujolle, J Demerjian","Next generation wireless networks (NGWN) offers for users the ability to be served while moving from a network to another or between subnetworks. Handoff is a main challenge for NGWN, this challenge lies in the decision to which network to connect in order to keep the mobile terminal always best connected. Mobile terminal may face while moving, different types of networks with a large number of characteristics that need to be considered for choosing between these networks. In this paper we propose a novel vertical handoff decision scheme using the simple additive weighting (SAW) ranking method in a distributed manner. We then present the simulation results and analysis, which show good performance of the proposed scheme.",network security,0.205
,,"A deep learning based system for writer identification in handwritten Arabic historical manuscripts
M Chammas, A Makhoul, J Demerjian, E Dannaoui - Multimedia Tools and Applications, 2022
Cited by 13 Related articles All 6 versions",2022/9,81.0,,,,,30769-30784,"Network Security, Information Systems Security",Cited by 13,Jacques Demerjian,,,A deep learning based system for writer identification in handwritten Arabic historical manuscripts,,Multimedia Tools and Applications,,https://scholar.google.com/citations?view_op=view_citation&hl=en&user=5LR6cSsAAAAJ&cstart=20&pagesize=80&citation_for_view=5LR6cSsAAAAJ:b0M2c_1WBrUC,21.0,Springer US,"Michel Chammas, Abdallah Makhoul, Jacques Demerjian, Elie Dannaoui","Determining the writer or transcriber of historical Arabic manuscripts has always been a major challenge for researchers in the field of humanities. With the development of advanced techniques in pattern recognition and machine learning, these technologies have been applied to automate the extraction of paleographical features in order to solve this issue. This paper presents a baseline system for writer identification, tested on a Historical Arabic dataset of 11610 single and double folio images. These texts were extracted from a unique collection of 567 Historical Arabic Manuscripts available at the Balamand Digital Humanities Center. A survey has been conducted on the available Arabic datasets and previously proposed techniques and algorithms. The Balamand dataset presents an important challenge due to the geo-historical identity of manuscripts and their physical conditions. An advanced Deep Learning …",information systems security,0.133
,"Computational Collective Intelligence: 9th International Conference, ICCCI 2017, Nicosia, Cyprus, September 27-29, 2017, Proceedings, Part II 9","Assessing and improving sensors data quality in streaming context
R El Sibai, Y Chabchoub, R Chiky, J Demerjian… - … Intelligence: 9th International Conference, ICCCI 2017 …, 2017
Cited by 12 Related articles All 3 versions",2017,,,,,,590-599,"Network Security, Information Systems Security",Cited by 12,Jacques Demerjian,,,Assessing and improving sensors data quality in streaming context,,,,https://scholar.google.com/citations?view_op=view_citation&hl=en&user=5LR6cSsAAAAJ&cstart=20&pagesize=80&citation_for_view=5LR6cSsAAAAJ:9ZlFYXVOiuMC,,Springer International Publishing,"Rayane El Sibai, Yousra Chabchoub, Raja Chiky, Jacques Demerjian, Kablan Barbar","An environmental monitoring process consists of a regular collection and analysis of sensors data streams. It aims to infer new knowledge about the environment, enabling the explorer to supervise the network and to take right decisions. Different data mining techniques are then applied to the collected data in order to infer aggregated statistics useful for anomalies detection and forecasting. The obtained results are closely dependent on the collected data quality. In fact, the data are often dirty, they contain noisy, erroneous and missing values. Poor data quality leads to defective and faulty results. One solution to overcome this problem will be presented in this paper. It consists of evaluating and improving the data quality, to be able to obtain reliable results. In this paper, we first introduce the data quality concept. Then, we discuss the existing related research studies. Finally, we propose a complete sensors …",network security,0.204
,ICAART (2),"Adaptive Serendipity for Recommender Systems: Let It Find You.
MEK Badran, JB Abdo, W Al Jurdi, J Demerjian - ICAART (2), 2019
Cited by 11 Related articles All 6 versions",2019,,https://www.academia.edu/download/75514354/74095.pdf,,,,739-745,"Network Security, Information Systems Security",Cited by 11,Jacques Demerjian,,,Adaptive Serendipity for Recommender Systems: Let It Find You.,,,,https://scholar.google.com/citations?view_op=view_citation&hl=en&user=5LR6cSsAAAAJ&cstart=20&pagesize=80&citation_for_view=5LR6cSsAAAAJ:ns9cj8rnVeAC,,,"Miriam El Khoury Badran, Jacques Bou Abdo, Wissam Al Jurdi, Jacques Demerjian","Recommender systems are nowadays widely implemented in order to predict the potential objects of interest for the user. With the wide world of the internet, these systems are necessary to limit the problem of information overload and make the user’s internet surfing a more agreeable experience. However, a very accurate recommender system creates a problem of over-personalization where there is no place for adventure and unexpected discoveries: the user will be trapped in filter bubbles and echo rooms. Serendipity is a beneficial discovery that happens by accident. Used alone, serendipity can be easily confused with randomness; this takes us back to the original problem of information overload. Hypothetically, combining accurate and serendipitous recommendations will result in a higher user satisfaction. The aim of this paper is to prove the following concept: including some serendipity at the cost of profile accuracy will result in a higher user satisfaction and is, therefore, more favourable to implement. We will be testing a first measure implementation of serendipity on an offline dataset that lacks serendipity implementation. By varying the ratio of accuracy and serendipity in the recommendation list, we will reach the optimal number of serendipitous recommendations to be included in an accurate list.",information systems security,0.273
,2018 IEEE Middle East and North Africa Communications Conference (MENACOMM),"Collaborative body sensor networks: Taxonomy and open challenges
N Boudargham, JB Abdo, J Demerjian, C Guyeux… - 2018 IEEE Middle East and North Africa …, 2018
Cited by 11 Related articles All 5 versions",2018/4/18,,https://hal.science/hal-01992693v1/file/43c75fbf-6e2b-4cc0-a900-9356fd117113-author.pdf,,,,1-6,"Network Security, Information Systems Security",Cited by 11,Jacques Demerjian,,,Collaborative body sensor networks: Taxonomy and open challenges,,,,https://scholar.google.com/citations?view_op=view_citation&hl=en&user=5LR6cSsAAAAJ&cstart=20&pagesize=80&citation_for_view=5LR6cSsAAAAJ:HDshCWvjkbEC,,IEEE,"Nadine Boudargham, Jacques Bou Abdo, Jacques Demerjian, Christophe Guyeux, Abdallah Makhoul","Single Body Sensor Networks (BSNs) have gained a lot of interest during the past few years. However, the need to monitor the activity of many individuals to assess the group status and take action accordingly has created a new research domain called Collaborative Body Sensor Network (CBSN). In such a new field, understanding CBSN's concept and challenges over the roots requires investigation to allow the development of suitable algorithms and protocols. Although there are many research studies in BSN, CBSN is still in its early phases and studies around it are very few. In this paper, we define and taxonomize CBSN, describe its architecture, and discuss its applications. The differences between CBSN and other sensor networks are highlighted to justify the need to develop new protocols and schemes appropriate for this type of networks. The major challenges are discussed, and open research issues are …",network security,0.204
,2016 IEEE International Multidisciplinary Conference on Engineering Technology (IMCET),"Synchronized region based clustering for energy saving in wireless sensor networks
S Moussa, R Darazi, T Atechian, J Demerjian - 2016 IEEE International Multidisciplinary Conference …, 2016
Cited by 11 Related articles All 4 versions",2016/11/2,,https://www.researchgate.net/profile/Sarkis-Moussa/publication/310468075_Synchronized_Region_based_Clustering_for_Energy_Saving_in_Wireless_Sensor_Networks/links/64cceba891fb036ba6c65ff8/Synchronized-Region-based-Clustering-for-Energy-Saving-in-Wireless-Sensor-Networks.pdf,,,,15-20,"Network Security, Information Systems Security",Cited by 11,Jacques Demerjian,,,Synchronized region based clustering for energy saving in wireless sensor networks,,,,https://scholar.google.com/citations?view_op=view_citation&hl=en&user=5LR6cSsAAAAJ&cstart=20&pagesize=80&citation_for_view=5LR6cSsAAAAJ:aqlVkmm33-oC,,IEEE,"Sarkis Moussa, Rony Darazi, Talar Atechian, Jacques Demerjian","Increasing the life time expectancy is one of the major chalenges in Wireless Sensor Networks (WSN)s. Energy consumption in WSNs is mainly due to the sensing and the transmission capabilities of the sensor nodes. In this paper, we propose an energy-saving multi-hop clustering which balances the position of powerful nodes in the sensor network and hence reduces the total energy dissipation of the nodes. Knowing the base station position and having a variable number of sensor nodes that are deployed randomly, the nodes are clustered using distinct synchronized regions, where a Cluster Heads (CH) is being specified in each region. Instead of using a circle to each cluster, we found out that it is more effective to use a rectangle which cover all the area and take all the spaces of the area into consideration, allowing all the nodes to participate in the transmission. We introduce the location based routing …",network security,0.204
,2020 IEEE/RSJ International Conference on Intelligent Robots and Systems (IROS),"A unique identifier assignment method for distributed modular robots
J Assaker, A Makhoul, J Bourgeois, J Demerjian - 2020 IEEE/RSJ International Conference on Intelligent …, 2020
Cited by 10 Related articles All 4 versions",2020/10/24,,https://hal.science/hal-03186609/document,,,,3304-3311,"Network Security, Information Systems Security",Cited by 10,Jacques Demerjian,,,A unique identifier assignment method for distributed modular robots,,,,https://scholar.google.com/citations?view_op=view_citation&hl=en&user=5LR6cSsAAAAJ&cstart=20&pagesize=80&citation_for_view=5LR6cSsAAAAJ:rO6llkc54NcC,,IEEE,"Joseph Assaker, Abdallah Makhoul, Julien Bourgeois, Jacques Demerjian","Modular robots are autonomous systems with variable morphology, composed of independent connected computational elements, called particles or modules. Due to critical resource constraints and limited capabilities, globally unique identifier (ID) assignment to each particle is a very challenging task in modular robots. However, having a unique ID in each one remains essential for various operations and applications in this domain. For instance, it is required to establish communications between nodes and implement routing protocols. It helps in saving energy consumption and enhancing the security mechanisms. In this paper, we propose a distributed unique ID assignment method for modular robots. It is a three phases based algorithm. The first phase consists in discovering the system while building a logical tree. The second phase finds the total size of particles in the system needed for several operations in …",information systems security,0.275
,2017 International Conference on Computer and Applications (ICCA),"A new robust approach for real-time hand detection and gesture recognition
R El Sibai, C Abou Jaoude, J Demerjian - 2017 International Conference on Computer and …, 2017
Cited by 10 Related articles",2017/9/6,,,,,,18-25,"Network Security, Information Systems Security",Cited by 10,Jacques Demerjian,,,A new robust approach for real-time hand detection and gesture recognition,,,,https://scholar.google.com/citations?view_op=view_citation&hl=en&user=5LR6cSsAAAAJ&cstart=20&pagesize=80&citation_for_view=5LR6cSsAAAAJ:dhFuZR0502QC,,IEEE,"Rayane El Sibai, Chady Abou Jaoude, Jacques Demerjian","Gesture represents a non-verbal means of communication between people. It comes from poses or movements performed by the human body. Nowadays, hand gestures are the new modality for human and computer interaction. In real-time applications based on hand gestures, the main challenge is to detect the hand(s). In this paper, we present and analyze existing approaches for real-time hand detection. Then, we propose a new approach based on skin color detection. We try to reduce as much as possible the constraints and limitations of the existing approaches. Our method for hand segmentation detects the user's hand(s) even if the user's face or other peoples are viewed by the camera, and can know if the user is doing a gesture using one hand or two hands. Also, our method is robust to the scene's colors and illumination conditions, as it corrects the video's colors and luminance before performing the …",Unclassified,0.0
,,"Implications of smartphone addiction on university students in urban, suburban and rural areas
O Daoud, JB Abdo, J Demerjian - International Journal of Education Economics and …, 2021
Cited by 9 Related articles All 6 versions",2021,12.0,https://www.academia.edu/download/92186452/ijeed.2021.pdf,,,,17-26,"Network Security, Information Systems Security",Cited by 9,Jacques Demerjian,,,"Implications of smartphone addiction on university students in urban, suburban and rural areas",,International Journal of Education Economics and Development,,https://scholar.google.com/citations?view_op=view_citation&hl=en&user=5LR6cSsAAAAJ&cstart=20&pagesize=80&citation_for_view=5LR6cSsAAAAJ:u_35RYKgDlwC,1.0,Inderscience Publishers (IEL),"Oliver Daoud, Jacques Bou Abdo, Jacques Demerjian","Smartphones are excellent connection tools that can join family members, continents apart, over a chat or birthday, but can hinder the communication between people in the same room. The different reactions to smartphones can be due to personal, cultural, economic or a combination of multiple factors with variable impacts. Several studies analysed the effects of smartphones on mental health as well as well-being. The limitation of most of these studies falls in the selected sample where all the respondents are assumed to belong to a coherent society/region. In this work, we categorise each respondent, based on his/her location, into urban, suburban or rural. The purpose of this study is to show that the relation between smartphone addiction and all the other factors varies with respect to the region or location.",network security,0.2
,,"Permissionless reputation‐based consensus algorithm for blockchain
J Bou Abdo, R El Sibai, K Kambhampaty, J Demerjian - Internet Technology Letters, 2020
Cited by 9 Related articles All 3 versions",2020/5,3.0,https://www.researchgate.net/profile/Jacques-Demerjian/publication/339467705_Permissionless_Reputation-based_Consensus_Algorithm_for_Blockchain/links/5ea49dcf299bf112560e70ea/Permissionless-Reputation-based-Consensus-Algorithm-for-Blockchain.pdf,,,,e151,"Network Security, Information Systems Security",Cited by 9,Jacques Demerjian,,,Permissionless reputation‐based consensus algorithm for blockchain,,Internet Technology Letters,,https://scholar.google.com/citations?view_op=view_citation&hl=en&user=5LR6cSsAAAAJ&cstart=20&pagesize=80&citation_for_view=5LR6cSsAAAAJ:vV6vV6tmYwMC,3.0,"John Wiley & Sons, Ltd","Jacques Bou Abdo, Rayane El Sibai, Krishna Kambhampaty, Jacques Demerjian","Reputation‐based consensus algorithms are one of the most promising, but least investigated types of consensus algorithms. Its limitation to persmissioned node identity management shades its potential and causes many applications to find blockchain unsuitable. In this paper, we upgrade PoRX, an existing consensus algorithm, into becoming the first permissionless pure reputation‐based consensus algorithm. This upgrade is highly potential since it only affects the admission process and does not intervene with the consensus process, thus can be extended into other types of consensus algorithms.",Unclassified,0.0
,2018 IEEE Middle East and North Africa Communications Conference (MENACOMM),"A performance evaluation of data streams sampling algorithms over a sliding window
R El Sibai, Y Chabchoub, J Demerjian, R Chiky… - 2018 IEEE Middle East and North Africa …, 2018
Cited by 9 Related articles All 2 versions",2018/4/18,,,,,,1-6,"Network Security, Information Systems Security",Cited by 9,Jacques Demerjian,,,A performance evaluation of data streams sampling algorithms over a sliding window,,,,https://scholar.google.com/citations?view_op=view_citation&hl=en&user=5LR6cSsAAAAJ&cstart=20&pagesize=80&citation_for_view=5LR6cSsAAAAJ:qUcmZB5y_30C,,IEEE,"Rayane El Sibai, Yousra Chabchoub, Jacques Demerjian, Raja Chiky, Kablan Barbar","Over the last few years, a large number of applications have appeared generating data streams for which the exhaustive storage require high costs. It was, therefore, necessary to process these data in real-time without storing them. Real-time processing requires specifying the analysis tasks before the arrival of the data. Consequently, any future need will not be answered because all the received data are lost. That is why it is necessary to keep a data stream summary in order to provide an approximate answer to the future queries. This can be done using the sampling algorithms. This paper is a continuation of our previous work in which we studied the Chain sampling algorithm. In this paper, we discuss two other sampling techniques: Deterministic sampling and Simple Random sampling (SRS) and we compare their performance against that of Chain sampling. The results show that Chain sampling gives better …",network security,0.2
,2015 Fifth International Conference on Digital Information and Communication Technology and its Applications (DICTAP),"Privacy using mobile cloud computing
JB Abdo, J Demerjian, H Chaouchi, T Atechian… - 2015 Fifth International Conference on Digital …, 2015
Cited by 9 Related articles All 2 versions",2015/4/29,,,,,,178-182,"Network Security, Information Systems Security",Cited by 9,Jacques Demerjian,,,Privacy using mobile cloud computing,,,,https://scholar.google.com/citations?view_op=view_citation&hl=en&user=5LR6cSsAAAAJ&cstart=20&pagesize=80&citation_for_view=5LR6cSsAAAAJ:WF5omc3nYNoC,,IEEE,"Jacques Bou Abdo, Jacques Demerjian, Hakima Chaouchi, Talar Atechian, Carole Bassil",Crowdsourcing mobile applications are of increasing importance due to their suitability in providing personalized and better matching replies. Crowdsourcing location based services inherit the querying mechanism from its legacy predecessors and this is where the threat lays. In this paper we are going to prove mathematically that the mechanism with highest privacy level “Footprint” does not satisfy the privacy level needed by crowdsourced location based services and then prove that higher privacy level and lower overhead is achieved when these services are implemented in Operator centric mobile cloud architecture.,Unclassified,0.0
,The Third International Conference on e-Technologies and Networks for Development (ICeND2014),"Cloud federation means cash
JB Abdo, J Demerjian, H Chaouchi, K Barbar, G Pujolle - The Third International Conference on e-Technologies …, 2014
Cited by 9 Related articles All 3 versions",2014/4/29,,,,,,39-42,"Network Security, Information Systems Security",Cited by 9,Jacques Demerjian,,,Cloud federation means cash,,,,https://scholar.google.com/citations?view_op=view_citation&hl=en&user=5LR6cSsAAAAJ&cstart=20&pagesize=80&citation_for_view=5LR6cSsAAAAJ:Zph67rFs4hoC,,IEEE,"Jacques Bou Abdo, Jacques Demerjian, Hakima Chaouchi, Kabalan Barbar, Guy Pujolle","Lots of effort, has been exerted by the research community, to optimize the investment and profit in cloud networks through the proposition of pricing models, SLA features and resource provisioning techniques. The majority of these contributions assumed that cloud federation enhances network's profitability due to the increase in resource utilization, but to the best of our knowledge, none has proven this assumption. In this paper, we will compare the Return-On-Investment in standalone and federated cloud networks and prove mathematically that federation increases the profit. We will also compare the theoretical utilization rates in both networks and finally deduce the above assumption.",network security,0.206
,,"Security V/S Qos for LTE authentication and key agreement protocol
JB Abdo, J Demerjian, H Chaouchi - International Journal of Network Security & Its …, 2012
Cited by 8 Related articles All 4 versions",2012/9/1,4.0,https://www.researchgate.net/profile/Jacques-Demerjian/publication/276199525_Security_VS_Qos_for_LTE_Authentication_and_Key_Agreement_Protocol/links/59418ebb458515a36b572bad/Security-V-S-Qos-for-LTE-Authentication-and-Key-Agreement-Protocol.pdf,,,,71,"Network Security, Information Systems Security",Cited by 8,Jacques Demerjian,,,Security V/S Qos for LTE authentication and key agreement protocol,,International Journal of Network Security & Its Applications,,https://scholar.google.com/citations?view_op=view_citation&hl=en&user=5LR6cSsAAAAJ&cstart=20&pagesize=80&citation_for_view=5LR6cSsAAAAJ:zYLM7Y9cAGgC,5.0,Academy & Industry Research Collaboration Center (AIRCC),"Jacques Bou Abdo, Jacques Demerjian, Hakima Chaouchi","Protocol and technology convergence, the core of near future communication, will soon be forming the interoperating heterogeneous networks. Attaining a strict secure authentication without risking the QoS performance and call success rates is a major concern when it comes to wireless heterogeneous networks. In order to achieve this, a generic, fast and secure, Authentication and Key Agreement protocol is to be used; a version of which is to be implemented between each two technologies. In this research, different existing EPS-EPS AKA protocols will be compared with our proposed protocol EC-AKA (Ensure Confidentiality Authentication and Key Agreement) based on security, cost effectiveness, signaling overhead, delay and performance. It is proven that EC-AKA is the exclusive protocol satisfying the New Generation Network’s KPIs and it will be promoted as the target generic AKA protocol in heterogeneous networks.",network security,0.409
,,"A review of research on industrial time series classification for machinery based on deep learning
MA Nemer, J Azar, J Demerjian, A Makhoul… - 2022 4th IEEE Middle East and North Africa …, 2022
Cited by 7 Related articles All 2 versions",2022/12/6,,,,,2022 4th IEEE Middle East and North Africa COMMunications Conference (MENACOMM),89-94,"Network Security, Information Systems Security",Cited by 7,Jacques Demerjian,,,A review of research on industrial time series classification for machinery based on deep learning,,,,https://scholar.google.com/citations?view_op=view_citation&hl=en&user=5LR6cSsAAAAJ&cstart=20&pagesize=80&citation_for_view=5LR6cSsAAAAJ:KxtntwgDAa4C,,IEEE,"Mohammad Ali Nemer, Joseph Azar, Jacques Demerjian, Abdallah Makhoul, Julien Bourgeois","This research investigates detecting machine failures in a manufacturing process using multivariate time series data. From a methodological standpoint, fault detection and diagnosis in industrial machines based on supervised deep learning could be divided into convolutional neural network-based and recurrent neural network-based methods. This paper provides a systematic overview of the most recent research developments regarding the two methods. This study uses the raw data from a public Machinery Fault Database to evaluate these models. The results of this study indicate that the Residual Network (ResNet) model adapted for time series provides the best performance. The paper concludes with a summary of the significant challenges from the perspective of industrial applications, followed by a projection of future development directions.",network security,0.205
,,"A critical review on the implementation of static data sampling techniques to detect network attacks
S Hajj, R El Sibai, JB Abdo, J Demerjian, C Guyeux… - IEEE Access, 2021
Cited by 7 Related articles All 6 versions",2021/10/6,9.0,https://ieeexplore.ieee.org/iel7/6287639/6514899/09562535.pdf,,,IEEE Access,138903-138938,"Network Security, Information Systems Security",Cited by 7,Jacques Demerjian,,,A critical review on the implementation of static data sampling techniques to detect network attacks,,,,https://scholar.google.com/citations?view_op=view_citation&hl=en&user=5LR6cSsAAAAJ&cstart=20&pagesize=80&citation_for_view=5LR6cSsAAAAJ:bFI3QPDXJZMC,,IEEE,"Suzan Hajj, Rayane El Sibai, Jacques Bou Abdo, Jacques Demerjian, Christophe Guyeux, Abdallah Makhoul, Dominique Ginhac","Given that Internet traffic speed and volume are growing at a rapid pace, monitoring the network in a real-time manner has introduced several issues in terms of computing and storage capabilities. Fast processing of traffic data and early warnings on the detected attacks are required while maintaining a single pass over the traffic measurements. To alleviate these problems, one can reduce the amount of traffic to be processed using a sampling technique and detect the attacks based on the sampled traffic. Different parameters have an impact on the efficiency of this process, mainly the applied sampling policy and sampling ratio. In this study, we investigate the statistical impact of sampling network traffic and quantify the amount of deterioration that the sampling process introduces. In this context, an experimental comparison of existing sampling techniques is performed based on their impact on several well-known …",network security,0.204
,,"A new user-based incentive strategy for improving bike sharing systems’ performance
R El Sibai, K Challita, J Bou Abdo, J Demerjian - Sustainability, 2021
Cited by 7 Related articles All 7 versions",2021/3/4,13.0,https://www.mdpi.com/2071-1050/13/5/2780,,,,2780,"Network Security, Information Systems Security",Cited by 7,Jacques Demerjian,,,A new user-based incentive strategy for improving bike sharing systems’ performance,,Sustainability,,https://scholar.google.com/citations?view_op=view_citation&hl=en&user=5LR6cSsAAAAJ&cstart=20&pagesize=80&citation_for_view=5LR6cSsAAAAJ:dfsIfKJdRG4C,5.0,MDPI,"Rayane El Sibai, Khalil Challita, Jacques Bou Abdo, Jacques Demerjian","The benefits of having a Bike Sharing System (BSS) in a city are numerous. Among other advantages, it promotes a cleaner environment with less traffic and pollution. One major problem the users of such services encounter is that of full or empty stations, causing user dissatisfaction. The objective of this work is to propose a new user-based incentive method to enhance BSS performance. The proposed method relies on a spatial outlier detection algorithm. It consists of adapting the departure and arrival stations of the users to the BSS state by stimulating the users to change their journeys in view of minimizing the number of full and empty stations. Experiments are carried out to compare our proposed method to some existing methods for enhancing the resource availability of BSSs, and they are performed on a real dataset issued from a well-known BSS called Velib. The results show that the proposed strategy improves the availability of BSS resources, even when the collaboration of users is partial.",network security,0.2
,2018 IEEE Middle East and North Africa Communications Conference (MENACOMM),"Smart-phone based system to monitor walking activity: MHealth solution
R Yared, C Abou Jaoude, J Demerjian - 2018 IEEE Middle East and North Africa …, 2018
Cited by 7 Related articles All 2 versions",2018/4/18,,https://www.researchgate.net/profile/Chady-Abou-Jaoude-2/publication/325562730_Smart-phone_based_system_to_monitor_walking_activity_MHealth_solution/links/5da70f66299bf1c1e4c59620/Smart-phone-based-system-to-monitor-walking-activity-MHealth-solution.pdf,,,,1-5,"Network Security, Information Systems Security",Cited by 7,Jacques Demerjian,,,Smart-phone based system to monitor walking activity: MHealth solution,,,,https://scholar.google.com/citations?view_op=view_citation&hl=en&user=5LR6cSsAAAAJ&cstart=20&pagesize=80&citation_for_view=5LR6cSsAAAAJ:mB3voiENLucC,,IEEE,"Rami Yared, Chady Abou Jaoude, Jacques Demerjian","mHealth is an emerging research field that attracts health caregivers, researchers and application developers. mHealth solutions are based on sensors, mobile devices, and wireless networks to provide healthcare services to patients. mHealth enables professionals to make appropriate decisions and interventions, and patients can manage their activities of daily living independently. Walking activity is a very important indicator to evaluate the physical activity of people for healthy lifestyle. We present in this paper the design of our smart-phone based system to monitor walking activity that constitutes an assistive mHealth solution to notify people about the current level of their walking activity. In addition, we briefly review known existing mHealth solutions in order to clarify the techniques used to build mHealth solutions. We also discuss few challenges that face mHealth solutions.",network security,0.2
,2019 2nd IEEE Middle East and North Africa COMMunications Conference (MENACOMM),"Towards efficient data sampling for temporal anomaly detection in sensor networks
R El Sibai, Y Chabchoub, C Abou Jaoude, J Demerjian… - 2019 2nd IEEE Middle East and North Africa …, 2019
Cited by 6 Related articles",2019/11/19,,,,,,1-6,"Network Security, Information Systems Security",Cited by 6,Jacques Demerjian,,,Towards efficient data sampling for temporal anomaly detection in sensor networks,,,,https://scholar.google.com/citations?view_op=view_citation&hl=en&user=5LR6cSsAAAAJ&cstart=20&pagesize=80&citation_for_view=5LR6cSsAAAAJ:RYcK_YlVTxYC,,IEEE,"Rayane El Sibai, Yousra Chabchoub, Chady Abou Jaoude, Jacques Demerjian, Maurras Togbe","Data streams sampling is intended to build a sample on which the future data analysis tasks will be performed. Several parameters affect the effectiveness of the built sample: the used sampling algorithm, chosen sampling rate, and window size if the sliding window model is adopted. Thus, given a stream of items, the most challenging task is to select the most relevant sampling technique to apply and the right parameters to employ to sample the data. In this paper, we address the impact of data sampling on the anomaly detection results. First, we develop a new version of the Weighted Random Sampling (WRS) algorithm that samples the data based on their values with respect to the values of their neighbors in the current sliding window. Thereafter, we study the impact of the sampling process on the anomalies detection using the Exponential Weighted Moving Average (EWMA) algorithm. In this context, the …",network security,0.2
,"Proceedings. 2004 International Conference on Information and Communication Technologies: From Theory to Applications, 2004.","E-DHCP: extended dynamic host configuration protocol
J Demerjian, A Serhrouchni - … . 2004 International Conference on Information and …, 2004
Cited by 6 Related articles",2004/4/23,,,,,,667-668,"Network Security, Information Systems Security",Cited by 6,Jacques Demerjian,,,E-DHCP: extended dynamic host configuration protocol,,,,https://scholar.google.com/citations?view_op=view_citation&hl=en&user=5LR6cSsAAAAJ&cstart=20&pagesize=80&citation_for_view=5LR6cSsAAAAJ:W7OEmFMy1HYC,,IEEE,"J Demerjian, A Serhrouchni","This paper proposes an extension to DHCP protocol, called E-DHCP (extended-dynamic host configuration protocol). This protocol is based on two principles. The first is the definition of a new DHCP option (RFC 2489) that provides simultaneously the authentication of entities and the authentication of DHCP message. The technique used by this option is based mainly on the use of asymmetric public keys encryption RSA, X.509 identity certificates and attribute certificates. The second is the attribution to DHCP server the functionalities of the AA (attribute authority) server of a PMI (privilege management infrastructure).",Unclassified,0.0
,,"Group validation in recommender systems: Framework for multi-layer performance evaluation
W Al Jurdi, JB Abdo, J Demerjian, A Makhoul - ACM Transactions on Recommender Systems, 2024
Cited by 5 Related articles All 3 versions",2024/3/7,2.0,https://arxiv.org/pdf/2207.09320,,,,1-25,"Network Security, Information Systems Security",Cited by 5,Jacques Demerjian,,,Group validation in recommender systems: Framework for multi-layer performance evaluation,,ACM Transactions on Recommender Systems,,https://scholar.google.com/citations?view_op=view_citation&hl=en&user=5LR6cSsAAAAJ&cstart=20&pagesize=80&citation_for_view=5LR6cSsAAAAJ:P5F9QuxV20EC,1.0,ACM,"Wissam Al Jurdi, Jacques Bou Abdo, Jacques Demerjian, Abdallah Makhoul","Evaluation of recommendation systems continues evolving, especially in recent years. There have been several attempts to standardize the assessment processes and propose replacement metrics better oriented toward measuring effective personalization. However, standard evaluation tools merely possess the capacity to provide a general overview of a system’s performance; they lack consistency and effectiveness in their use, as evidenced by most recent studies on the topic. Furthermore, traditional evaluation techniques fail to detect potentially harmful data on small subsets. Moreover, they generally lack explainable features to interpret how such minor variations could affect the system’s performance. This proposal focuses on data clustering for recommender evaluation and applies a cluster assessment technique to locate such performance issues. Our new approach, named group validation, aids in spotting …",information systems security,0.137
,,"Fault tolerant data transmission reduction method for wireless sensor networks
GB Tayeh, A Makhoul, J Demerjian, C Guyeux, J Bahi - World Wide Web, 2020
Cited by 5 Related articles All 3 versions",2020/3,23.0,,,,,1197-1216,"Network Security, Information Systems Security",Cited by 5,Jacques Demerjian,,,Fault tolerant data transmission reduction method for wireless sensor networks,,World Wide Web,,https://scholar.google.com/citations?view_op=view_citation&hl=en&user=5LR6cSsAAAAJ&cstart=20&pagesize=80&citation_for_view=5LR6cSsAAAAJ:lSLTfruPkqcC,,Springer US,"Gaby Bou Tayeh, Abdallah Makhoul, Jacques Demerjian, Christophe Guyeux, Jacques Bahi","Several theoretical studies have clearly demonstrated that the Dual Prediction Mechanism (DPM) remains the most efficient technique for data reduction in Wireless Sensor Networks (WSNs). In real world, the deployed sensor nodes suffers from packet loss and even failures which renders the DPM unreliable, since it requires flawless synchronization between the source (sensor node) and the destination (Sink). In this paper, we introduce a Fault Tolerant Data Transmission Reduction (FTDTR) technique consisting of three main components: DPM-based transmission reduction, synchronization and packet loss detection, and finally reconstruction of missing data. Our method was evaluated on real-world data sets collected at our laboratory and compared to three recent prediction-based data reduction approaches. The results were promising in quality of the replicated measurements and transmission reduction.",network security,0.2
,2018 IEEE Middle East and North Africa Communications Conference (MENACOMM),"Information technology infrastructure for data streams native filtering
R El Sibai, JB Abdo, J Demerjian, Y Chabchoub… - 2018 IEEE Middle East and North Africa …, 2018
Cited by 5 Related articles All 2 versions",2018/4/18,,,,,,1-6,"Network Security, Information Systems Security",Cited by 5,Jacques Demerjian,,,Information technology infrastructure for data streams native filtering,,,,https://scholar.google.com/citations?view_op=view_citation&hl=en&user=5LR6cSsAAAAJ&cstart=20&pagesize=80&citation_for_view=5LR6cSsAAAAJ:IWHjjKOFINEC,,IEEE,"Rayane El Sibai, Jacques Bou Abdo, Jacques Demerjian, Yousra Chabchoub, Raja Chiky, Kablan Barbar","An environmental monitoring process is continuously collecting and analyzing data streams generated by environmental sensors. Its objective is to filter useful information and to infer new knowledge in order to help the environment explorer to make right decisions. This whole process, from the data collection to the data analysis leads to two key problems: data volume and data quality. One solution to overcome these problems is to summarize and to clean the received data. In this paper, we discuss this solution and we evaluate its efficiency as a function of the computational resources that it requires. We present a benchmark of the computational resources requirements for this solution while examining different infrastructures. Our consideration of the computational resources covers the running time to process the input data and the amount of space needed to store the output data.",information systems security,0.138
International Symposium on Web and Wireless Geographical Information Systems,,"An in-depth analysis of cusum algorithm for the detection of mean and variability deviation in time series
R El Sibai, Y Chabchoub, R Chiky, J Demerjian… - International Symposium on Web and Wireless …, 2018
Cited by 5 Related articles All 4 versions",2018/4/17,,,,,,25-40,"Network Security, Information Systems Security",Cited by 5,Jacques Demerjian,,,An in-depth analysis of cusum algorithm for the detection of mean and variability deviation in time series,,,,https://scholar.google.com/citations?view_op=view_citation&hl=en&user=5LR6cSsAAAAJ&cstart=20&pagesize=80&citation_for_view=5LR6cSsAAAAJ:ZeXyd9-uunAC,,Springer International Publishing,"Rayane El Sibai, Yousra Chabchoub, Raja Chiky, Jacques Demerjian, Kablan Barbar","Assessing and enhancing data quality in sensors networks is an important challenge. In fact, data recorded and sent by the sensors are often dirty, they contain noisy, erroneous and missing values. This can be due to many reasons such as sensor malfunction, uncalibrated sensor and low battery of the sensor or caused by external factors such as climatic conditions or interference. We focus in this paper on change detection in the time series data issued from sensors. We particularly address slow and gradual changes as they illustrate sensor calibration drift. For this purpose, we provide in this paper an in-depth analysis and improvement of the well known Cumulative Sum (CUSUM) control chart algorithm, as it is well adapted to small shifts detection. First, we discuss the choice of the different parameters of CUSUM in order to optimize its results based on the trade-off between the false positives and the Average Run …",network security,0.2
,,"Serendipity-aware noise detection system for recommender systems
W Al Jurdi, MEK Badran, C Abou Jaoude, JB Abdo… - Proceedings of the Information and Knowledge …, 2018
Cited by 5 Related articles",2018,,https://www.researchgate.net/profile/Chady-Abou-Jaoude-2/publication/337170832_Serendipity-Aware_Noise_Detection_System_for_Recommender_Systems/links/5dc999604585151435038d0b/Serendipity-Aware-Noise-Detection-System-for-Recommender-Systems.pdf,,,,,"Network Security, Information Systems Security",Cited by 5,Jacques Demerjian,,,Serendipity-aware noise detection system for recommender systems,,Proceedings of the Information and Knowledge Engineering,,https://scholar.google.com/citations?view_op=view_citation&hl=en&user=5LR6cSsAAAAJ&cstart=20&pagesize=80&citation_for_view=5LR6cSsAAAAJ:O3NaXMp0MMsC,,,"Wissam Al Jurdi, Miriam El Khoury Badran, Chady Abou Jaoude, Jacques Bou Abdo, Jacques Demerjian, Abdallah Makhoul","In the modern age, recommender systems are becoming a prominent and essential solution to the information overload problem, however, they are immensely susceptible to two significant types of noise: malicious noise that is caused by attacks and natural noise that is due to the human error. Many detection algorithms attempt to solve the noise problems, but since natural noise and serendipity overlap in their definition, removing noise results in eliminating serendipity. Serendipity is the happy surprise of unexpectedly finding something relevant, and is important for the issue of over-personalization caused by most recommender systems. The aim of this study is to implement a serendipity-aware noise detection algorithm that will serve as a pre-processing phase to a recommender system application and protects the user’s trust without leaving him in a"" filter bubble"". Finally, to measure the effectiveness of the proposed algorithm, a new metric called top-N adjusted is used.",information systems security,0.275
,,"TLS Sign
I Hajjeh, M Badra - 2007
Cited by 5 Related articles",2007/12/15,,,,,,,"Network Security, Information Systems Security",Cited by 5,Jacques Demerjian,,,TLS Sign,,,,https://scholar.google.com/citations?view_op=view_citation&hl=en&user=5LR6cSsAAAAJ&cstart=20&pagesize=80&citation_for_view=5LR6cSsAAAAJ:fPk4N6BV_jEC,,Internet-Draft draft-hajjehtls-sign-04. IETF Secretariat. https://tools. ietf. org/html/draft-hajjeh-tls-sign-04 https://tools. ietf. org/html/draft-hajjeh-tls-sign-04,"Ibrahim Hajjeh, Mohamad Badra",,Unclassified,0.0
,2007 IEEE 66th Vehicular Technology Conference,"SIP Embedded Attribute Certificates for Service Mobility in Heterogeneous Multi-Operator Wireless Networks
OS Gaitan, P Martins, S Tohme, J Demerjian - 2007 IEEE 66th Vehicular Technology Conference, 2007
Cited by 5 Related articles",2007/9/30,,,,,,2000-2004,"Network Security, Information Systems Security",Cited by 5,Jacques Demerjian,,,SIP Embedded Attribute Certificates for Service Mobility in Heterogeneous Multi-Operator Wireless Networks,,,,https://scholar.google.com/citations?view_op=view_citation&hl=en&user=5LR6cSsAAAAJ&cstart=20&pagesize=80&citation_for_view=5LR6cSsAAAAJ:Y0pCki6q_DkC,,IEEE,"Oscar Salazar Gaitan, Philippe Martins, Samir Tohme, Jacques Demerjian","Next generation wireless networks will take advantage of the popularity and the data rates offered by unlicensed wireless networks such as WiFi (Wireless Fidelity) or WiMAX (Worldwide Interoperability for Microwave Access) to enhance cellular services Le. UMTS (Universal Mobile Telecommunication System). Although currently exist approaches that provide service mobility, they rely on the assumption that cellular operators also own or manage the WiFi/WiMAX networks. Nevertheless, in spite of the business-related and technical differences of network operators/service providers we consider that service mobility between cellular and independent unlicensed wireless networks is feasible. In this article we present the SIP embedded Attribute Certificates to enable service mobility in heterogeneous multi- operator wireless networks.",network security,0.205
,ICETE (2),"Certificate-Based Access Control and Authentication for DHCP.
J Demerjian, A Serhrouchni, M Achemlal - ICETE (2), 2004
Cited by 5 Related articles All 2 versions",2004/8,,https://pdfs.semanticscholar.org/d5a8/93d0544d90c0b34ac3d76be4db4616092287.pdf,,,,99-106,"Network Security, Information Systems Security",Cited by 5,Jacques Demerjian,,,Certificate-Based Access Control and Authentication for DHCP.,,,,https://scholar.google.com/citations?view_op=view_citation&hl=en&user=5LR6cSsAAAAJ&cstart=20&pagesize=80&citation_for_view=5LR6cSsAAAAJ:j3f4tGmQtD8C,,,"Jacques Demerjian, Ahmed Serhrouchni, Mohammed Achemlal","In the current Dynamic Host Configuration Protocol, security is not considered. DHCP itself does support neither an access control for a proper user nor the mechanism with which clients and servers authenticate each other. In this paper, we introduce a novel authentication and access control mechanism for DHCP systems. This solution defines a new DHCP option that provides the authentication of both, entities (client/server) and DHCP messages. We built up our mechanism on the use of public key cryptography, X. 509 identity certificates and attribute certificates. In addition, the PMI (Privilege Management Infrastructure) functionalities are attributed to a new server that groups DHCP server and AA (Attributes Authority) server. The resulting server creates an attribute certificate to the client that will be used then in the access control.",information systems security,0.276
International Conference on Advanced Information Networking and Applications,,"A dynamic ID assignment approach for modular robots
J Assaker, A Makhoul, J Bourgeois, B Piranda… - … Conference on Advanced Information Networking and …, 2022
Cited by 4 Related articles All 5 versions",2022/3/31,,https://hal.science/hal-03708835v1/file/8c28ddb7-b109-46f7-b0ed-c1742158112a-author.pdf,,,,91-104,"Network Security, Information Systems Security",Cited by 4,Jacques Demerjian,,,A dynamic ID assignment approach for modular robots,,,,https://scholar.google.com/citations?view_op=view_citation&hl=en&user=5LR6cSsAAAAJ&cstart=20&pagesize=80&citation_for_view=5LR6cSsAAAAJ:abG-DnoFyZgC,,Springer International Publishing,"Joseph Assaker, Abdallah Makhoul, Julien Bourgeois, Benoît Piranda, Jacques Demerjian","In this paper, we present a distributed Id assignment algorithm for modular robots. Our proposed solution supports both the removal and the addition of particles in the system, while maintaining particular characteristics in the logical tree, allowing for fast and efficient inter-module communications. The key goal here is to maintain easily calculated routes between any two particles in the system, with the minimal overhead possible. The idea of “holes” or free IDs is introduced in the system by three main alterations to our previous unique id assignment algorithm . The first being the modification of the unique ID assignment phase. The second being the handling of particles removal from the system. And the third being the handling and initiation of a newly added particle anywhere in the system.",information systems security,0.133
,,"Efficient anomaly detection on sampled data streams with contaminated phase I data
R El Sibai, J Bou Abdo, C Abou Jaoude, J Demerjian… - Internet Technology Letters, 2020
Cited by 4 Related articles All 3 versions",2020/9,3.0,https://www.researchgate.net/profile/Jacques-Bou-Abdo/publication/342713832_Efficient_Anomaly_Detection_on_Sampled_Data_Streams_with_Contaminated_Phase_I_Data/links/5f0e2508a6fdcc3ed708063b/Efficient-Anomaly-Detection-on-Sampled-Data-Streams-with-Contaminated-Phase-I-Data.pdf,,,,e205,"Network Security, Information Systems Security",Cited by 4,Jacques Demerjian,,,Efficient anomaly detection on sampled data streams with contaminated phase I data,,Internet Technology Letters,,https://scholar.google.com/citations?view_op=view_citation&hl=en&user=5LR6cSsAAAAJ&cstart=20&pagesize=80&citation_for_view=5LR6cSsAAAAJ:g5m5HwL7SMYC,5.0,"John Wiley & Sons, Ltd","Rayane El Sibai, Jacques Bou Abdo, Chady Abou Jaoude, Jacques Demerjian, Joseph Assaker, Abdallah Makhoul","Control chart algorithms aim to monitor a process over time. This process consists of two phases. Phase I, also called the learning phase, estimates the normal process parameters, then in Phase II, anomalies are detected. However, the learning phase itself can contain contaminated data such as outliers. If left undetected, they can jeopardize the accuracy of the whole chart by affecting the computed parameters, which leads to faulty classifications and defective data analysis results. This problem becomes more severe when the analysis is done on a sample of the data rather than the whole data. To avoid such a situation, Phase I quality must be guaranteed. The purpose of this paper is to introduce a new approach for applying EWMA chart to obtain accurate anomaly detection results over sampled data even if contaminations exist in Phase I. The new chart is applied to a real dataset, and its performance is …",Unclassified,0.0
,International Conference on Sensor Networks,"Efficient cluster based routing protocol for collaborative body sensor networks
N Boudargham, JB Abdo, J Demerjian, C Guyeux… - International Conference on Sensor Networks, 2019
Cited by 4 Related articles All 6 versions",2019/2/26,,https://hal.science/hal-02472580/document,,,,,"Network Security, Information Systems Security",Cited by 4,Jacques Demerjian,,,Efficient cluster based routing protocol for collaborative body sensor networks,,,,https://scholar.google.com/citations?view_op=view_citation&hl=en&user=5LR6cSsAAAAJ&cstart=20&pagesize=80&citation_for_view=5LR6cSsAAAAJ:WbkHhVStYXYC,,,"Nadine Boudargham, Jacques Bou Abdo, Jacques Demerjian, Christophe Guyeux, Abdallah Makhoul","Collaborative Body Sensor Networks (CBSNs) are collection of Body Sensor Networks that move in a given area and collaborate, interact and exchange data between each other to identify group activity, perceive events detected by group of individuals, and monitor the status of single and multiple persons. Even though some routing algorithms were proposed forWireless Sensor Networks (WSNs) and Body Sensor Networks (BSNs), very few studies were found to cover routing in CBSNs. In this paper, we propose a robust cluster based scheme that increases the routing efficiency through the three steps of the routing process: cluster formation, cluster head election, and routing operation of data to the Base Station (BS). MATLAB simulations are performed to compare the performance of the proposed algorithm to other existing routing schemes. Results show that the proposed scheme outperforms others in terms of delay, energy consumption, and packet drop percentage, and therefore succeeds in addressing CBSN challenges.",network security,0.2
,2018 IEEE Middle East and North Africa Communications Conference (MENACOMM),"An improved non-personalized combined-heuristic strategy for collaborative filtering recommender systems
G Chaaya, JB Abdo, J Demerjian, R Chiky, E Métais… - 2018 IEEE Middle East and North Africa …, 2018
Cited by 4 Related articles All 2 versions",2018/4/18,,,,,,1-6,"Network Security, Information Systems Security",Cited by 4,Jacques Demerjian,,,An improved non-personalized combined-heuristic strategy for collaborative filtering recommender systems,,,,https://scholar.google.com/citations?view_op=view_citation&hl=en&user=5LR6cSsAAAAJ&cstart=20&pagesize=80&citation_for_view=5LR6cSsAAAAJ:hFOr9nPyWt4C,,IEEE,"Georges Chaaya, Jacques Bou Abdo, Jacques Demerjian, Raja Chiky, Elisabeth Métais, Kabalan Barbar","Recommender systems have a better performance whenever they have more information about the users. When little to no information is available for a certain user, the system fails to provide them with accurate recommendations, and this is referred to as the cold-start problem. To solve this issue, non- personalized and personalized active learning strategies were proposed, with an aim to obtain some ratings from the new user on specific items. In this paper, we tackle the non-personalized category, we compare the strategies that were previously suggested in the literature, and we propose a new strategy that combines some selected previous strategies. We use the public MovieLens dataset in the experimentations and we use MAE and RMSE to compare the strategies. The results show that our strategy performs better than the individual strategies previously used.",information systems security,0.276
,2015 3rd International Conference on Future Internet of Things and Cloud,"Enhanced revenue optimizing sla-based admission control for iaas cloud networks
JB Abdo, J Demerjian, H Chaouchi, T Atechian - 2015 3rd International Conference on Future Internet of …, 2015
Cited by 4 Related articles All 4 versions",2015/8/24,,,,,,225-230,"Network Security, Information Systems Security",Cited by 4,Jacques Demerjian,,,Enhanced revenue optimizing sla-based admission control for iaas cloud networks,,,,https://scholar.google.com/citations?view_op=view_citation&hl=en&user=5LR6cSsAAAAJ&cstart=20&pagesize=80&citation_for_view=5LR6cSsAAAAJ:8k81kl-MbHgC,,IEEE,"Jacques Bou Abdo, Jacques Demerjian, Hakima Chaouchi, Talar Atechian","As cloud markets get mature, CSPs (Cloud Service Providers) will strive to maintain their market shares by ensuring high customer satisfaction which is severely affected by each SLA (Service level agreement) breach. A CSP has to compromise between long-term (maintaining quality of service and SLAs) and short-term (decreasing the rejection of incoming jobs) profitability. In this paper we propose an admission control mechanism for cloud networks that increases the long-term profits without affecting the CSP's short-term targets and its profits enhancements ranges between 80% and 400%.",network security,0.2
Next-generation wireless technologies: 4G and beyond,,"Security in emerging 4G networks
JB Abdo, H Chaouchi, J Demerjian - Next-generation wireless technologies: 4G and beyond, 2013
Cited by 4 Related articles All 4 versions",2013/5/23,,,,,,243-272,"Network Security, Information Systems Security",Cited by 4,Jacques Demerjian,,,Security in emerging 4G networks,,,,https://scholar.google.com/citations?view_op=view_citation&hl=en&user=5LR6cSsAAAAJ&cstart=20&pagesize=80&citation_for_view=5LR6cSsAAAAJ:LkGwnXOMwfcC,,Springer London,"Jacques Bou Abdo, Hakima Chaouchi, Jacques Demerjian","Wireless networks and security might be perceived as oxymoron. Indeed it is hard to believe in security when it is so easy to access the communication media such as wireless radio media. However, the research community in industry and academia has for many years extended wired-based security mechanisms or developed new security mechanisms and security protocols to sustain this marriage between wireless/mobile networks and security. Note that the mobile communication market is significantly growing for different services and not only mobile phone service. That why securing wireless and mobile communications is crucial for the perennial of the deployment of services over these networks. Wireless and mobile communication networks have had tremendous success in today’s communication market, both in general and professional usage. In fact, getting communication services anytime, anywhere, and …",network security,0.405
,,"An optimal cluster‐based routing algorithm for UCBSNs
N Boudargham, J Bou Abdo, J Demerjian, C Guyeux… - Internet Technology Letters, 2021
Cited by 3 Related articles All 3 versions",2021/3,4.0,https://onlinelibrary.wiley.com/doi/am-pdf/10.1002/itl2.215,,,,e215,"Network Security, Information Systems Security",Cited by 3,Jacques Demerjian,,,An optimal cluster‐based routing algorithm for UCBSNs,,Internet Technology Letters,,https://scholar.google.com/citations?view_op=view_citation&hl=en&user=5LR6cSsAAAAJ&cstart=20&pagesize=80&citation_for_view=5LR6cSsAAAAJ:HoB7MX3m0LUC,2.0,"John Wiley & Sons, Ltd","Nadine Boudargham, Jacques Bou Abdo, Jacques Demerjian, Christophe Guyeux, Abdallah Makhoul","Underwater Collaborative Body Sensor Network (UCBSN) is an important application of Underwater Wireless Sensor Networks (UWSNs). It allows monitoring the performance and status of group of persons in underwater environments to take appropriate actions. In this article, an optimal cluster‐based routing scheme that was previously validated for BSNs and terrestrial CBSN is adapted to the underwater environment and proposed to address UCBSNs challenges. The main aim of the proposed scheme is to ensure reliable transmission of data, while reducing the network delay and the energy consumption of nodes, through optimizing the three steps of the routing process. The performance of the proposed scheme is compared to other existing algorithms in terms of delay, BER, energy consumption, and percentage of dropped packets.",network security,0.205
,2015 Global Summit on Computer & Information Technology (GSCIT),"Micro-economy effect on cloud federation
JB Abdo, J Demerjian, H Chaouchi, R Yared… - 2015 Global Summit on Computer & Information …, 2015
Cited by 3 Related articles All 2 versions",2015/6/11,,,,,,1-4,"Network Security, Information Systems Security",Cited by 3,Jacques Demerjian,,,Micro-economy effect on cloud federation,,,,https://scholar.google.com/citations?view_op=view_citation&hl=en&user=5LR6cSsAAAAJ&cstart=20&pagesize=80&citation_for_view=5LR6cSsAAAAJ:3fE2CSJIrl8C,,IEEE,"Jacques Bou Abdo, Jacques Demerjian, Hakima Chaouchi, Rami Yared, Talar Atechian","Cloud federation is considered the future of cloud providers, and for its importance, many researchers proposed federation mechanisms and automatic pricing schemes. To the best of our knowledge, all the proposed federation mechanisms fall in the same fatal hazard by selecting very far cloud providers to establish federation with and this severely decrements their customer satisfaction. In this paper, we raise the awareness on the hazards of price-based cloud selection mechanisms and propose views on how to solve the discussed hazards.",Unclassified,0.0
,"2014 IEEE Intl Conf on High Performance Computing and Communications, 2014 IEEE 6th Intl Symp on Cyberspace Safety and Security, 2014 IEEE 11th Intl Conf on Embedded Software and Syst (HPCC, CSS, ICESS)","Cloud federation? We are not ready yet
JB Abdo, J Demerjian, H Chaouchi, K Barbar, G Pujolle… - 2014 IEEE Intl Conf on High Performance Computing …, 2014
Cited by 3 Related articles All 2 versions",2014/8/20,,,,,,831-834,"Network Security, Information Systems Security",Cited by 3,Jacques Demerjian,,,Cloud federation? We are not ready yet,,,,https://scholar.google.com/citations?view_op=view_citation&hl=en&user=5LR6cSsAAAAJ&cstart=20&pagesize=80&citation_for_view=5LR6cSsAAAAJ:5nxA0vEk-isC,,IEEE,"Jacques Bou Abdo, Jacques Demerjian, Hakima Chaouchi, Kabalan Barbar, Guy Pujolle, Talar Atechian","Lot of effort and money has been invested in developing applications and services for cloud networks. Cloud providers offer dynamicity, abstraction and centralized management to make their cloud services more attractive for prospective clients. With the formation of cloud computing market's ecosystem, cloud providers will find themselves in need to cooperate between each other to gain economy of scale using federation. Cloud resource federation introduces extra-dynamicity into services, but might lead rigidly developed applications to fail in satisfying its basic role. Losing all the investment made on an application is definitely not an option for most cloud providers. In this paper we are interested in proving that not all cloud applications are ready for federation and this will highlight the need to create a formal verification method to check the readiness of an application to be federated. In this context we study …",network security,0.2
,2023 IEEE 10th International Conference on Data Science and Advanced Analytics (DSAA),"Cross-layer Federated Heterogeneous Ensemble Learning for Lightweight IoT Intrusion Detection System
S Hajj, J Azar, JB Abdo, J Demerjian, A Makhoul… - 2023 IEEE 10th International Conference on Data …, 2023
Cited by 2 Related articles",2023/10/9,,,,,,1-10,"Network Security, Information Systems Security",Cited by 2,Jacques Demerjian,,,Cross-layer Federated Heterogeneous Ensemble Learning for Lightweight IoT Intrusion Detection System,,,,https://scholar.google.com/citations?view_op=view_citation&hl=en&user=5LR6cSsAAAAJ&cstart=20&pagesize=80&citation_for_view=5LR6cSsAAAAJ:u9iWguZQMMsC,,IEEE,"Suzan Hajj, Joseph Azar, Jacques Bou Abdo, Jacques Demerjian, Abdallah Makhoul, Dominique Ginhac","This paper presents a heterogeneous federated ensemble model for intrusion detection system, employing a semisupervised novelty detection technique - the baseline K-means. The technique learns normal traffic from baseline data and utilizes the Mahalanobis distance to detect anomalous packets. To mitigate the false-positive rate inherent in anomaly-based intrusion detection system, we propose an ensemble approach that integrates local novelty detection models dedicated to each worker in both weighed and voting-based strategies. The federated design augments each worker’s detection capability without increasing the false positive rate. Our extensive experiments showcase the system’s robustness and adaptability over traditional standalone IDS, with marked improvements in precision, recall, and F1score under varying sampling rates. We made this project’s code publicly available on Github for …",information systems security,0.133
,2022 IEEE/ACS 19th International Conference on Computer Systems and Applications (AICCSA),"Strategic attacks on recommender systems: An obfuscation scenario
W Al Jurdi, JB Abdo, J Demerjian, A Makhoul - 2022 IEEE/ACS 19th International Conference on …, 2022
Cited by 2 Related articles All 3 versions",2022/12/5,,https://hal.science/hal-04257324/file/800dc25c-1783-4c10-ab0c-c423530e43dd-author.pdf,,,,1-8,"Network Security, Information Systems Security",Cited by 2,Jacques Demerjian,,,Strategic attacks on recommender systems: An obfuscation scenario,,,,https://scholar.google.com/citations?view_op=view_citation&hl=en&user=5LR6cSsAAAAJ&cstart=20&pagesize=80&citation_for_view=5LR6cSsAAAAJ:UxriW0iASnsC,,IEEE,"Wissam Al Jurdi, Jacques Bou Abdo, Jacques Demerjian, Abdallah Makhoul","Understanding user behavior in the context of recommender systems remains challenging for researchers and practitioners. Inconsistent and misleading user information, which is often concealed in datasets, can inevitably shape the recommendation results in certain distorted ways despite utilizing recommender models with enhanced personalizing capabilities. Naturally, the quality of data that fuels those recommenders should be extremely reliable and free of any biases that might be invisible to a model, irrespective of its type. In this article, we introduce two modern forms of noise that are intrinsically hard to detect and eliminate; one is malicious in nature and will be termed Burst while the other is unique in that it forms its own category and will be referred to as Opt-out. Additionally, with the aim of segregating the nature of noise behind such threats, we present a distinct case study on Burst and Opt-out to illustrate …",information systems security,0.274
Advances in cybersecurity management,,"The impact of blockchain on cybersecurity management
RE Sibai, K Challita, JB Abdo, J Demerjian - Advances in cybersecurity management, 2021
Cited by 2 Related articles All 2 versions",2021/2/23,,,,,,117-138,"Network Security, Information Systems Security",Cited by 2,Jacques Demerjian,,,The impact of blockchain on cybersecurity management,,,,https://scholar.google.com/citations?view_op=view_citation&hl=en&user=5LR6cSsAAAAJ&cstart=20&pagesize=80&citation_for_view=5LR6cSsAAAAJ:pyW8ca7W8N0C,,Springer International Publishing,"Rayane El Sibai, Khalil Challita, Jacques Bou Abdo, Jacques Demerjian","Blockchain is a disruptive technology that impacted businesses, industries, and economies. Blockchain’s success is mainly due to its multi-role technology that can be applied to a wide variety of fields, such as in data storage services, financial services, and security services. In the security domain, it poses new challenges that should be faced by cybersecurity managers and exposes new attack footprints that must be addressed to maintain a secure computer network. On the other side, blockchain offers a breakthrough that solves many cybersecurity issues that were open for years. In this chapter, we introduce blockchain’s impact on each of the cybersecurity domains and recommend directions to be followed by cybersecurity managers.",network security,0.41
,2020 5th International Conference on Cloud Computing and Artificial Intelligence: Technologies and Applications (CloudTech),"A cloud-based foundational infrastructure for water management ecosystem
R El Sibai, JB Abdo, C Abou Jaoude, J Demerjian… - 2020 5th International Conference on Cloud …, 2020
Cited by 2 Related articles All 2 versions",2020/11/24,,https://hal.science/hal-02865925v1/file/CloudTech20_paper_11.pdf,,,,1-7,"Network Security, Information Systems Security",Cited by 2,Jacques Demerjian,,,A cloud-based foundational infrastructure for water management ecosystem,,,,https://scholar.google.com/citations?view_op=view_citation&hl=en&user=5LR6cSsAAAAJ&cstart=20&pagesize=80&citation_for_view=5LR6cSsAAAAJ:4OULZ7Gr8RgC,,IEEE,"Rayane El Sibai, Jacques Bou Abdo, Chady Abou Jaoude, Jacques Demerjian, Yousra Chabchoub, Raja Chiky","Water monitoring is one of the critical battles of sustainability for a better future of humanity. 44 countries are considered at high risk of the water crisis, 28 of which are developing countries and have limited capacity to deploy a national scale solution. As a response to the United Nation's sustainability goals and initiatives, this paper proposes an intelligent water monitoring service which acts as a foundational infrastructure for all future water management systems. It also provides municipalities, Non-Governmental Organization and other private initiatives with the tools needed to establish local water monitoring in the scale of villages or rural areas with a very small initial investment.",information systems security,0.138
,,"Performance of low level protocols in high traffic wireless body sensor networks
N Boudargham, J Bou Abdo, J Demerjian, C Guyeux… - Peer-to-Peer Networking and Applications, 2020
Cited by 2 Related articles All 6 versions",2020/5,13.0,https://www.researchgate.net/profile/Jacques-Bou-Abdo/publication/337289177_Performance_of_low_level_protocols_in_high_traffic_wireless_body_sensor_networks/links/5fa9aa70299bf10f73303d3e/Performance-of-low-level-protocols-in-high-traffic-wireless-body-sensor-networks.pdf,,,,850-871,"Network Security, Information Systems Security",Cited by 2,Jacques Demerjian,,,Performance of low level protocols in high traffic wireless body sensor networks,,Peer-to-Peer Networking and Applications,,https://scholar.google.com/citations?view_op=view_citation&hl=en&user=5LR6cSsAAAAJ&cstart=20&pagesize=80&citation_for_view=5LR6cSsAAAAJ:NaGl4SEjCO4C,,Springer US,"Nadine Boudargham, Jacques Bou Abdo, Jacques Demerjian, Christophe Guyeux, Abdallah Makhoul","The rapid development of medical sensors has increased the interest in Wireless Body Area Network (WBAN) applications where physiological data from the human body and its environment is gathered, monitored, and analyzed to take the proper measures. In WBANs, it is essential to design MAC protocols that ensure adequate performance and Quality of Service (QoS). This paper investigates Medium Access Control (MAC) protocols used in WBAN, and compares their performance in a high traffic environment with respect to different QoS and network performance metrics. Such scenario can be induced in case of emergency for example, where physiological data collected from all sensors on human body should be sent simultaneously to take appropriate action. This study can also be extended to cover collaborative WBAN systems where information from different bodies is sent simultaneously leading to high …",information systems security,0.275
,,"Advances in the enumeration of foldable self-avoiding walks
C Guyeux, JC Charr, JB Abdo, J Demerjian - International Journal of Computational Science and …, 2020
Cited by 2 Related articles All 4 versions",2020,22.0,,,,,365-375,"Network Security, Information Systems Security",Cited by 2,Jacques Demerjian,,,Advances in the enumeration of foldable self-avoiding walks,,International Journal of Computational Science and Engineering,,https://scholar.google.com/citations?view_op=view_citation&hl=en&user=5LR6cSsAAAAJ&cstart=20&pagesize=80&citation_for_view=5LR6cSsAAAAJ:ZHo1McVdvXMC,4.0,Inderscience Publishers (IEL),"Christophe Guyeux, Jean-Claude Charr, Jacques Bou Abdo, Jacques Demerjian","Self-avoiding walks (SAWs) have been studied for a long time due to their intrinsic importance and the many application fields in which they operate. A new subset of SAWs, called foldable SAWs, has recently been discovered when investigating two different SAW manipulations embedded within existing protein structure prediction (PSP) software. Since then, several attempts have been made to find out more about these walks, including counting them. However, calculating the number of foldable SAWs appeared as a tough work, and current supercomputers fail to count foldable SAWs of length exceeding ≈ 30 steps. In this article, we present new progress in this enumeration, both theoretical (mathematics) and practical (computer science). A lower bound for the number of foldable SAWs is firstly proposed, by studying a special subset called prudent SAWs that is better known. The triangular and hexagonal lattices …",network security,0.2
,,"Mobility aware and traffic adaptive hybrid MAC protocol for collaborative body sensor networks
N Boudargham, JB Abdo, J Demerjian, A Makhoul… - International Journal of Sensor Networks, 2020
Cited by 2 Related articles All 6 versions",2020,32.0,https://hal.science/hal-02993836v1/file/43da41ef-80b5-43d7-8126-8da0ca45bb52-author.pdf,,,,182-196,"Network Security, Information Systems Security",Cited by 2,Jacques Demerjian,,,Mobility aware and traffic adaptive hybrid MAC protocol for collaborative body sensor networks,,International Journal of Sensor Networks,,https://scholar.google.com/citations?view_op=view_citation&hl=en&user=5LR6cSsAAAAJ&cstart=20&pagesize=80&citation_for_view=5LR6cSsAAAAJ:70eg2SAEIzsC,3.0,Inderscience Publishers (IEL),"Nadine Boudargham, Jacques Bou Abdo, Jacques Demerjian, Abdallah Makhoul, Christophe Guyeux","Collaborative body sensor network (CBSN) is formed of several body sensor networks (BSNs) moving in a given area and able to exchange data between each other. One of the challenges in CBSN is to design a Medium Access Protocol that efficiently supports nodes mobility, and at the same time, guarantees immediate delivery of urgent data, and maintains high energy efficiency during regular observation. In this paper, a hybrid traffic and mobility aware MAC (TMA-MAC) is proposed to satisfy CBSN's traffic requirements through adopting a hybrid DS-CDMA/DTDMA technique, and to support CBSN's nodes mobility through ensuring efficient transmission of intracluster mobile nodes data and proposing a mechanism to handle inter-cluster nodes joining requests. TMA-MAC was compared to other existing protocols under both traffic and mobility variations. Simulations were conducted using OPNET to evaluate …",network security,0.204
,,"Selection and promotion criteria of information security personnel: Lebanon case study
E Nehme, JB Abdo, J Demerjian - Proceedings of the International Conference on …, 2018
Cited by 2 Related articles All 3 versions",2018,,https://www.researchgate.net/profile/Jacques-Bou-Abdo/publication/349651496_Selection_and_Promotion_Criteria_of_Information_Security_Personnel_Lebanon_Case_Study/links/603a63d4a6fdcc37a8577aaf/Selection-and-Promotion-Criteria-of-Information-Security-Personnel-Lebanon-Case-Study.pdf,,,,105-110,"Network Security, Information Systems Security",Cited by 2,Jacques Demerjian,,,Selection and promotion criteria of information security personnel: Lebanon case study,,Proceedings of the International Conference on Security and Management (SAM),,https://scholar.google.com/citations?view_op=view_citation&hl=en&user=5LR6cSsAAAAJ&cstart=20&pagesize=80&citation_for_view=5LR6cSsAAAAJ:TFP_iSt0sucC,,"The Steering Committee of The World Congress in Computer Science, Computer Engineering and Applied Computing (WorldComp)","Esther Nehme, Jacques Bou Abdo, Jacques Demerjian",Cyber security is of increasing importance and selecting the best appropriate candidates is vital for business continuity. This work studies the selection and promotion criteria of security personnel in Lebanon through surveying senior Information Technology managers and decision makers. The outcome of this survey is presented and analyzed where conclusions and recommendations are finally discussed.,network security,0.409
,,"Lyapunov exponent evaluation of the CBC mode of operation
A Abidi, C Guyeux, J Demerjian, B Bouallegue… - arXiv preprint arXiv:1706.08099, 2017
Cited by 2 Related articles All 7 versions",2017/6/25,,https://arxiv.org/pdf/1706.08099,,,,,"Network Security, Information Systems Security",Cited by 2,Jacques Demerjian,,,Lyapunov exponent evaluation of the CBC mode of operation,,arXiv preprint arXiv:1706.08099,,https://scholar.google.com/citations?view_op=view_citation&hl=en&user=5LR6cSsAAAAJ&cstart=20&pagesize=80&citation_for_view=5LR6cSsAAAAJ:Wp0gIr-vW9MC,,,"Abdessalem Abidi, Christophe Guyeux, Jacques Demerjian, Belagacem Bouallegue, Mohsen Machhout","The Cipher Block Chaining (CBC) mode of encryption was invented in 1976, and it is currently one of the most commonly used mode. In our previous research works, we have proven that the CBC mode of operation exhibits, under some conditions, a chaotic behavior. The dynamics of this mode has been deeply investigated later, both qualitatively and quantitatively, using the rigorous mathematical topology field of research. In this article, which is an extension of our previous work, we intend to compute a new important quantitative property concerning our chaotic CBC mode of operation, which is the Lyapunov exponent.",network security,0.2
,2008 1st IFIP Wireless Days,"A distributed trust and reputation model for capacity enhancement in wireless networks
G Sawma, J Demerjian, I Aibz, G Pujolle - 2008 1st IFIP Wireless Days, 2008
Cited by 2 Related articles All 5 versions",2008/11/24,,,,,,1-5,"Network Security, Information Systems Security",Cited by 2,Jacques Demerjian,,,A distributed trust and reputation model for capacity enhancement in wireless networks,,,,https://scholar.google.com/citations?view_op=view_citation&hl=en&user=5LR6cSsAAAAJ&cstart=20&pagesize=80&citation_for_view=5LR6cSsAAAAJ:eQOLeE2rZwMC,,IEEE,"Gilbert Sawma, Jacques Demerjian, Issam Aibz, Guy Pujolle","In order to enhance resource allocation in wireless local area networks, it is important to properly distribute the load from the overloaded Access Points (APs) over their neighbors. Nevertheless, malicious APs may strategically alter their behavior for concealing malicious behavior and prompting their reputation. Therefore, it is important to evaluate APs' trustworthiness. In this paper, we propose a trusted model based on an Autonomic Load Management Algorithm (ALMA) that ensure the accommodation of more user traffic and an overall network capacity improvement, by evaluating and detecting the malicious APs. Initially each APs is assigned a trust level. Using these trust levels as a guide, the source AP can then select a neighbor AP that meets the security requirements. Simulations, using VoIP traffic, show that, the performance gain in term of call blocking rate is improved by using the trust-based approach.",network security,0.408
"International Workshop on Mathematical Methods, Models, and Architectures for Computer Network Security",,"A secure way to combine IPsec, NAT & DHCP
J Demerjian, I Hajjeh, M Badra, S Ferraz - … Workshop on Mathematical Methods, Models, and …, 2005
Cited by 2 Related articles All 8 versions",2005/9/24,,,,,,104-118,"Network Security, Information Systems Security",Cited by 2,Jacques Demerjian,,,"A secure way to combine IPsec, NAT & DHCP",,,,https://scholar.google.com/citations?view_op=view_citation&hl=en&user=5LR6cSsAAAAJ&cstart=20&pagesize=80&citation_for_view=5LR6cSsAAAAJ:IjCSPb-OGe4C,,Springer Berlin Heidelberg,"Jacques Demerjian, Ibrahim Hajjeh, Mohamad Badra, Salim Ferraz","This paper examines the use of NAT with IPsec as a transparent security mechanism. It discusses the security needs and solutions that define how to combine IPsec and NAT. Because of the inherent limitations of current proposed solutions, this paper proposes an end-to-end security architecture using IPsec in the NAT/DHCP environment with a formal validation to the proposed architecture using an automatic protocol analyser called Hermes. This paper is builds upon works previously published.",network security,0.208
,"Web Technologies, Applications, and Services","Network Security using E-DHCP over NAT/IPSEC.
J Demerjian, I Hajjeh, A Serhrouchni, M Badra - Web Technologies, Applications, and Services, 2005
Cited by 2 Related articles All 3 versions",2005,,,,,,53-58,"Network Security, Information Systems Security",Cited by 2,Jacques Demerjian,,,Network Security using E-DHCP over NAT/IPSEC.,,,,https://scholar.google.com/citations?view_op=view_citation&hl=en&user=5LR6cSsAAAAJ&cstart=20&pagesize=80&citation_for_view=5LR6cSsAAAAJ:Se3iqnhoufwC,,,"Jacques Demerjian, Ibrahim Hajjeh, Ahmed Serhrouchni, Mohamad Badra","NETWORK SECURITY USING E-DHCP OVER NAT/IPSEC Jacques Demerjian France Telecom R&D 42 Rue des Coutures 14066 Caen France jacques.demerjian@ francetelecom.com Ibrahim Hajjeh ESRGroups 17-19 Rue Barrault 75013 Paris France hajjeh@esrgroups.org Ahmed Serhrouchni GET-Télécom Paris 46 Rue Barrault 75013 Paris France ahmed.serhrouchni@ enst.fr Mohamad Badra UQAM H3C 3P8 Montréal Québec Canada mohamad.badra@ uqam.ca ABSTRACT This paper examines the use of NAT with IPsec as a transparent security mechanism. It discusses the security needs and solutions that define how to combine IPsec and NAT. Because of the inherent limitations of current proposed solutions, this paper proposes an end-to-end security architecture using IPsec in the NAT/DHCP environment. This paper is builds upon ""E-DHCP: Extended Dynamic Host Configuration Protocol"" and ""…",network security,0.609
,,"Services d'autorisation et Intégration au protocole d'attribution dynamique des adresses
J Demerjian - 2004
Cited by 2 Related articles All 3 versions",2004/12/9,,https://pastel.hal.science/tel-00010042/,,,,,"Network Security, Information Systems Security",Cited by 2,Jacques Demerjian,,,Services d'autorisation et Intégration au protocole d'attribution dynamique des adresses,Télécom ParisTech,,,https://scholar.google.com/citations?view_op=view_citation&hl=en&user=5LR6cSsAAAAJ&cstart=20&pagesize=80&citation_for_view=5LR6cSsAAAAJ:UebtZRa9Y70C,,,Jacques Demerjian,"La sécurité est un enjeu majeur des technologies numériques modernes. Avec le développement de l'Internet, les besoins de sécurité sont de plus en plus importants. Le développement d'applications Internet telles que le commerce électronique, les applications médicales ou la vidéoconférence, implique de nouveaux besoins comme, l'identification des entités communicantes, l'intégrité des messages échangés, la confidentialité de la transaction, l'authentification des entités, l'anonymat du propriétaire du certificat, l'habilitation des droits, la procuration, etc..

Qu'il s'agisse de données médicales, fiscales ou bancaires, le besoin en sécurité est essentiel afin de crédibiliser le système, tout en respectant à la fois les besoins des utilisateurs et des applications. Cette sécurité a néanmoins un prix : celui de l'établissement de la confiance entre les partenaires en communication. La confiance des utilisateurs passe par la sécurisation des transactions, par exemple au moyen d'une procédure de certification, et la reconnaissance des signatures électroniques.

Malgré la diversité des certificats numériques existants (certificat d'identité X.509, SPKI, certificat d'attributs, etc.), ils sont encore limités, génériques et répondent ainsi insuffisamment aux besoins spécifiques des applications électroniques et des utilisateurs. D'où la nécessité de spécifier une nouvelle approche pour la génération de certificats numériques répondant à ces exigences, légers, simplifiés et plus ouverts que ceux existants.

Les travaux de recherche présentés dans cette thèse consistent à proposer une nouvelle approche pour la génération de certificats numériques pour contribuer aux …",Unclassified,0.0
,,"An End-to-End deep learning system for writer identification in handwritten Arabic manuscripts
M Chammas, A Makhoul, J Demerjian, E Dannaoui - Multimedia Tools and Applications, 2024
Cited by 1 Related articles All 3 versions",2024/5,83.0,,,,,54569-54589,"Network Security, Information Systems Security",Cited by 1,Jacques Demerjian,,,An End-to-End deep learning system for writer identification in handwritten Arabic manuscripts,,Multimedia Tools and Applications,,https://scholar.google.com/citations?view_op=view_citation&hl=en&user=5LR6cSsAAAAJ&cstart=20&pagesize=80&citation_for_view=5LR6cSsAAAAJ:XiSMed-E-HIC,18.0,Springer US,"Michel Chammas, Abdallah Makhoul, Jacques Demerjian, Elie Dannaoui","The extraction of paleographical features is an important task to study the identity of the text in the Historical Manuscripts. One of the major features is the identification of the writer or copyist. Many researchers have worked on an automated system for writer identification, and with the development of deep learning techniques many approaches have been proposed. Most of the previous studies have developed a multi-steps system, while very few of them performed an End-to-End approach. Most of the systems rely on a pre-processing step to prepare the data in order to facilitate recognition. This paper presents an End-to-End deep learning system for writer identification, tested on four different datasets: ICDAR19 and ICFHR20 (Latin datasets), KHATT and Balamand (Arabic datasets). The system is based on the Deep-TEN approach using a customized ResNet-50 network for features and local descriptor extraction …",network security,0.205
,2022 International Wireless Communications and Mobile Computing (IWCMC),"On the performance of data-driven approaches for energy efficiency on WiFi and LoRa-based sensors: an experimental study
GB Tayeh, J Azar, A Makhoul, C Guyeux, J Demerjian - 2022 International Wireless Communications and …, 2022
Cited by 1 Related articles",2022/5/30,,,,,,883-888,"Network Security, Information Systems Security",Cited by 1,Jacques Demerjian,,,On the performance of data-driven approaches for energy efficiency on WiFi and LoRa-based sensors: an experimental study,,,,https://scholar.google.com/citations?view_op=view_citation&hl=en&user=5LR6cSsAAAAJ&cstart=20&pagesize=80&citation_for_view=5LR6cSsAAAAJ:nb7KW1ujOQ8C,,IEEE,"Gaby Bou Tayeh, Joseph Azar, Abdallah Makhoul, Christophe Guyeux, Jacques Demerjian","Most research on energy efficiency in wireless sensor networks considers that the communication subsystem consumes significantly more energy than the sensing and computing ones. In order to verify this widely adopted premise, an experimental study has been conducted on a Pysense sensor shield that utilizes WiFi and LoRa. This paper compares the energy consumption of each subsystem and two data-driven energy conservation algorithms that employ different strategies. The findings of this work indicate that lowering the energy consumption of the communication subsystem is only advantageous when using WiFi but was less effective and promising when using LoRa. Additionally, it demonstrates the importance of simultaneously optimizing the activation of multiple subsystems to minimize energy consumption. The findings of this study, as well as the source code, are available on Github: https://github.com …",network security,0.2
,2021 3rd IEEE Middle East and North Africa COMMunications Conference (MENACOMM),"A multivariate data reduction approach for wireless sensor networks
I Atoui, A Makhoul, R Couturier, J Demerjian - 2021 3rd IEEE Middle East and North Africa …, 2021
Cited by 1 Related articles All 4 versions",2021/12/3,,https://hal.science/hal-03551921v1/file/15b9dc7c-bb8c-42cc-aa4f-5cf4771c4caa-author.pdf,,,,43-48,"Network Security, Information Systems Security",Cited by 1,Jacques Demerjian,,,A multivariate data reduction approach for wireless sensor networks,,,,https://scholar.google.com/citations?view_op=view_citation&hl=en&user=5LR6cSsAAAAJ&cstart=20&pagesize=80&citation_for_view=5LR6cSsAAAAJ:_xSYboBqXhAC,,IEEE,"Ibrahim Atoui, Abdallah Makhoul, Raphaël Couturier, Jacques Demerjian","Efficient data reduction methods are needed to minimize the power consumption in multivariate Wireless Sensor Network (WSN). In this paper, we proposed a distributed multivariate data reduction model for sensor nodes. It is based on reducing data matrices during two phases: in-network data aggregation and polynomial regression. To evaluate the performance of the proposed technique, experiments on real sensor data have been conducted. The obtained results show that our proposed technique outperforms the existing ones in terms of the size of data transmitted over the network and in terms of the energy consumption.",network security,0.206
,International Conference on Sensor Networks,"Geolocalization in Smart Environment
J Merhej, J Demerjian, K Fares, JB Abdo, A Makhoul - International Conference on Sensor Networks, 2019
Cited by 1 Related articles All 8 versions",2019/2/26,,https://hal.science/hal-02472595/file/116985b3-35c4-4c35-b798-e15310ee7852-author.pdf,,,,,"Network Security, Information Systems Security",Cited by 1,Jacques Demerjian,,,Geolocalization in Smart Environment,,,,https://scholar.google.com/citations?view_op=view_citation&hl=en&user=5LR6cSsAAAAJ&cstart=20&pagesize=80&citation_for_view=5LR6cSsAAAAJ:BqipwSGYUEgC,,,"Joseph Merhej, Jacques Demerjian, Karla Fares, Jacques Bou Abdo, Abdallah Makhoul","Nowadays, wireless indoor positioning systems have become very familiar, and widespread all over the world. They are successfully used in many applications including tracking objects e.g. Firemen who usually face life-threatening situations. Indoor positioning systems become critically convenient in such scenarios. This paper deals with the tracking of a group of firemen during their mission in order to have a real-time visibility of their coordinates. These firemen are armed by smart sensors and are, at the same time, active in a smart environment containing referenced nodes. This paper will propose two approaches: ‘Centralized Emission’, and ‘Broadcast Emission’ and will describe the proposed method to calculate the firemen’s coordinates.",information systems security,0.138
,"Knowledge Science, Engineering and Management: 12th International Conference, KSEM 2019, Athens, Greece, August 28–30, 2019, Proceedings, Part I 12","SCCF parameter and similarity measure optimization and evaluation
W Al Jurdi, CA Jaoude, MEK Badran, JB Abdo… - … : 12th International Conference, KSEM 2019, Athens …, 2019
Cited by 1 Related articles All 2 versions",2019,,,,,,118-127,"Network Security, Information Systems Security",Cited by 1,Jacques Demerjian,,,SCCF parameter and similarity measure optimization and evaluation,,,,https://scholar.google.com/citations?view_op=view_citation&hl=en&user=5LR6cSsAAAAJ&cstart=20&pagesize=80&citation_for_view=5LR6cSsAAAAJ:hMod-77fHWUC,,Springer International Publishing,"Wissam Al Jurdi, Chady Abou Jaoude, Miriam El Khoury Badran, Jacques Bou Abdo, Jacques Demerjian, Abdallah Makhoul","Neighborhood-based Collaborative Filtering (CF) is one of the most successful and widely used recommendation approaches; however, it suffers from major flaws especially under sparse environments. Traditional similarity measures used by neighborhood-based CF to find similar users or items are not suitable in sparse datasets. Sparse Subspace Clustering and common liking rate in CF (SCCF), a recently published research, proposed a tunable similarity measure oriented towards sparse datasets; however, its performance can be maximized and requires further analysis and investigation. In this paper, we propose and evaluate the performance of a new tuning mechanism, using the Mean Absolute Error (MAE) and F1-Measure metrics, in order to show that the SCCF similarity can be radically enhanced and thus increasing its overall efficiency. Moreover, the SCCF similarity measure was tested against several …",Unclassified,0.0
,2016 IEEE Intl Conference on Computational Science and Engineering (CSE) and IEEE Intl Conference on Embedded and Ubiquitous Computing (EUC) and 15th Intl Symposium on Distributed Computing and Applications for Business Engineering (DCABES),"Optimizing radio resource allocation in multicast mobile networks
JB Abdo, R Jreish, J Demerjian, T Atechian - 2016 IEEE Intl Conference on Computational Science …, 2016
Cited by 1 Related articles All 3 versions",2016/8/24,,https://www.researchgate.net/profile/Jacques-Bou-Abdo/publication/318473538_Optimizing_Radio_Resource_Allocation_in_Multicast_Mobile_Networks/links/5a11e1aa0f7e9bd1b2c0fd3e/Optimizing-Radio-Resource-Allocation-in-Multicast-Mobile-Networks.pdf,,,,329-334,"Network Security, Information Systems Security",Cited by 1,Jacques Demerjian,,,Optimizing radio resource allocation in multicast mobile networks,,,,https://scholar.google.com/citations?view_op=view_citation&hl=en&user=5LR6cSsAAAAJ&cstart=20&pagesize=80&citation_for_view=5LR6cSsAAAAJ:mVmsd5A6BfQC,,IEEE,"Jacques Bou Abdo, Rabih Jreish, Jacques Demerjian, Talar Atechian","Mobile cloud computing is a rapidly increasing technology where user's demand, for cloud contents, might exceed the capability of mobile networks even with 5G. Multicast communication can offer excellent service for multiple applications, but in some scenarios its efficiency can drop to reach that of unicast. In this work, we will propose a mechanism to optimize the allocation of radio resources when used for multicast, thus offering the mobile operator an opportunity to increase profit without affecting user satisfaction.",network security,0.2
International Conference on Advanced Information Networking and Applications,,"Adaptive Heuristics for Obstacle Handling and Uncertainty in Modular Robots
B Piranda, J Bourgeois, J Demerjian, A Makhoul - … Conference on Advanced Information Networking and …, 2025
Related articles",2025/4/8,,,,,,213-224,"Network Security, Information Systems Security",,Jacques Demerjian,,,Adaptive Heuristics for Obstacle Handling and Uncertainty in Modular Robots,,,,https://scholar.google.com/citations?view_op=view_citation&hl=en&user=5LR6cSsAAAAJ&cstart=20&pagesize=80&citation_for_view=5LR6cSsAAAAJ:geHnlv5EZngC,,Springer Nature Switzerland,"Benoît Piranda, Julien Bourgeois, Jacques Demerjian, Abdallah Makhoul","Modular self-reconfigurable (MSR) robots have the ability to change their structure through processing, communication, and movement in a process called self-reconfiguration. Although dynamic self-reconfiguration has shown promising results in different applications, robots still face uncertainties while performing tasks in the real world. For example, they may encounter unexpected obstacles that can divert them from their goals or even cause the system to shut down. This paper introduces a new approach to help robots detect and adapt to obstacles, allowing them to continue achieving their original objectives. This method focuses on the movement and direction of two-dimensional self-reconfigurable robots. We use VisibleSim to test and evaluate this algorithm in different scenarios, from dealing with a single obstacle to navigating a full maze.",information systems security,0.133
,,"Network Diffusion Algorithms and Simulators in IoT and Space IoT: A Systematic Review
C Mattar, J Bou Abdo, J Demerjian, A Makhoul - Journal of Sensor and Actuator Networks, 2025
Related articles All 3 versions",2025/3/4,14.0,https://www.mdpi.com/2224-2708/14/2/27,,,Journal of Sensor and Actuator Networks,27,"Network Security, Information Systems Security",,Jacques Demerjian,,,Network Diffusion Algorithms and Simulators in IoT and Space IoT: A Systematic Review,,,,https://scholar.google.com/citations?view_op=view_citation&hl=en&user=5LR6cSsAAAAJ&cstart=20&pagesize=80&citation_for_view=5LR6cSsAAAAJ:vRqMK49ujn8C,2.0,MDPI,"Charbel Mattar, Jacques Bou Abdo, Jacques Demerjian, Abdallah Makhoul","Network diffusion algorithms and simulators play a critical role in understanding how information, data, and malware propagate across various network topologies in Internet of Things and Space IoT configurations. This paper conducts a systematic literature review (SLR) of the key diffusion algorithms and network simulators utilized in studies over the past decade. The review focuses on identifying the algorithms and simulators employed, their strengths and limitations, and how their performance is evaluated under different IoT network topologies. Common network simulators, such as NS-3, Cooja, and OMNeT++ are explored, highlighting their features, scalability, and suitability for different IoT network scenarios. Additionally, network diffusion algorithms, including epidemic, cascading, and threshold models, are analyzed in terms of their effectiveness, complexity, and applicability in IoT environments with diverse network topologies. This SLR aims to provide a comprehensive reference for researchers and practitioners when selecting appropriate tools and methods for simulating and analyzing network diffusion across IoT and Space IoT configurations.",information systems security,0.271
,2025 5th IEEE Middle East and North Africa Communications Conference (MENACOMM),"Information Diffusion in Modular Robots and Drone Networks
C Mattar, J Gemayel, JB Abdo, C El Gemayel… - 2025 5th IEEE Middle East and North Africa …, 2025
Related articles",2025/2/20,,,,,,1-8,"Network Security, Information Systems Security",,Jacques Demerjian,,,Information Diffusion in Modular Robots and Drone Networks,,,,https://scholar.google.com/citations?view_op=view_citation&hl=en&user=5LR6cSsAAAAJ&cstart=20&pagesize=80&citation_for_view=5LR6cSsAAAAJ:4fKUyHm3Qg0C,,IEEE,"Charbel Mattar, Joseph Gemayel, Jacques Bou Abdo, Charbel El Gemayel, Abdallah Makhoul, Jacques Demerjian","Space Internet of Things (IoT) is growing to include complex systems like modular robots and space information networks (SIN) which necessitates efficient information diffusion mechanisms. This study investigates the performance of key diffusion algorithms, like Susceptible-Infected-Susceptible (SIS) and Susceptible-Infected-Recovered (SIR), Independent Cascade Model (ICM), and Linear Threshold Model (LTM), in drone networks and modular robots. Using the NS-3 simulator for, a new layer in SIN, drone networks and VisibleSim for modular robots, we assess these algorithms based on drop rate, nodes infected percentage at the end of the simulation, and throughput per node. Our findings provide insights into the suitability of these algorithms in lattice network topology and can guide the development of more reliable communication strategies in Space IoT environments.",information systems security,0.276
,2025 5th IEEE Middle East and North Africa Communications Conference (MENACOMM),"Federated Sampling for Privacy-Preserving and Efficient Data Sharing in IoT Networks
J Azar, MA Tahir, JB Abdo, J Demerjian, N Akkari - 2025 5th IEEE Middle East and North Africa …, 2025
Related articles",2025/2/20,,,,,,1-6,"Network Security, Information Systems Security",,Jacques Demerjian,,,Federated Sampling for Privacy-Preserving and Efficient Data Sharing in IoT Networks,,,,https://scholar.google.com/citations?view_op=view_citation&hl=en&user=5LR6cSsAAAAJ&cstart=100&pagesize=100&citation_for_view=5LR6cSsAAAAJ:tS2w5q8j5-wC,,IEEE,"Joseph Azar, Mohammad Abdullah Tahir, Jacques Bou Abdo, Jacques Demerjian, Nadine Akkari","This paper presents a federated sampling strategy aimed at enhancing data efficiency and privacy in IoT networks. By introducing a novel approach to summarization and synthetic data generation, we enable IoT devices to share compact statistical representations of data rather than raw data, significantly reducing the amount of data transmitted while preserving privacy. Our evaluation, using a protocol classification task, demonstrates that synthetic data generated from these summaries effectively replicates the statistical properties of the original data. This proof-of-concept work lays the foundation for future advancements, including network-wide simulations, intrusion detection mechanisms, and federated learning-inspired aggregation techniques, paving the way for resilient and privacy-preserving IoT systems.",network security,0.205
,,"Compartmentalization-by-Design: Usability-Aware Web Privacy
JB Abdo, S Zeadally, J Demerjian - Computer, 2024
Related articles All 3 versions",2024/6/27,57.0,,,,,39-52,"Network Security, Information Systems Security",,Jacques Demerjian,,,Compartmentalization-by-Design: Usability-Aware Web Privacy,,Computer,,https://scholar.google.com/citations?view_op=view_citation&hl=en&user=5LR6cSsAAAAJ&cstart=100&pagesize=100&citation_for_view=5LR6cSsAAAAJ:l7t_Zn2s7bgC,7.0,IEEE,"Jacques Bou Abdo, Sherali Zeadally, Jacques Demerjian","Web privacy should be achieved without depriving the user of essential and enjoyable services and degrading his/her experience compared to other web surfers. We propose compartmentalization-by-design, a method for ensuring usability-aware web privacy, and present client-back, an open source proof-of-concept that applies compartmentalization-by-design.",Unclassified,0.0
International Conference on Complex Networks and Their Applications,,"Exploring the Power of Weak Ties on Serendipity in Recommender Systems
W Al Jurdi, J Bou Abdo, J Demerjian, A Makhoul - International Conference on Complex Networks and …, 2023
Related articles All 2 versions",2023/11/28,,,,,,205-216,"Network Security, Information Systems Security",,Jacques Demerjian,,,Exploring the Power of Weak Ties on Serendipity in Recommender Systems,,,,https://scholar.google.com/citations?view_op=view_citation&hl=en&user=5LR6cSsAAAAJ&cstart=100&pagesize=100&citation_for_view=5LR6cSsAAAAJ:Tiz5es2fbqcC,,Springer Nature Switzerland,"Wissam Al Jurdi, Jacques Bou Abdo, Jacques Demerjian, Abdallah Makhoul","With our increasingly refined online browsing habits, the demand for high-grade recommendation systems has never been greater. Improvements constantly target general performance, evaluation, security, and explainability, but optimizing for serendipitous experiences is imperative since a serendipity-optimized recommender helps users discover unforeseen relevant content. Given that serendipity is a form of genuine unexpected experiences and recommenders are facilitators of user experiences, we aim at leveraging weak ties to explore their impact on serendipity. Weak links refer to social connections between individuals or groups that are not closely related or connected but can still provide valuable information and opportunities. On the other hand, the underlying social structure of recommender datasets can be misleading, rendering traditional network-based approaches ineffective. For that, we developed …",information systems security,0.412
,"2023 IEEE International Conference on Artificial Intelligence, Blockchain, and Internet of Things (AIBThings)","XorshiftH128+: A hybrid random number generator for lightweight IoT
S Sandakly, C Salem, K Challita, S Dass, J Azar… - 2023 IEEE International Conference on Artificial …, 2023
Related articles",2023/9/16,,https://wrap.warwick.ac.uk/id/eprint/180806/1/WRAP-XorshiftH128%2B-Challita-2023.pdf,,,,1-5,"Network Security, Information Systems Security",,Jacques Demerjian,,,XorshiftH128+: A hybrid random number generator for lightweight IoT,,,,https://scholar.google.com/citations?view_op=view_citation&hl=en&user=5LR6cSsAAAAJ&cstart=100&pagesize=100&citation_for_view=5LR6cSsAAAAJ:p2g8aNsByqUC,,IEEE,"Serge Sandakly, Charbel Salem, Khalil Challita, Shuvalaxmi Dass, Joseph Azar, Jacques Bou Abdo, Jacques Demerjian","The main purpose of this paper is to develop a Hybrid Random Number Generator for resource-constrained slim nodes operating within a lightweight Internet of Things network. Our algorithm extends the lightweight Xorshift128+ random number generator by developing a randomized seed generation algorithm that leverages the network’s random features. Simulation of the network was conducted using Omnet++ software followed by the validation process of cryptographic security of our proposal using NIST SP 800-22, Diehard, and TestU01 statistical tests.",network security,0.413
5G Impact on Biomedical Engineering,,"Smart Resource Allocation for LoRaWAN-based e-Health Applications in Dense Deployments
K Khawam, DT Ta, S Lahoud, C Adjih, S Martin… - 5G Impact on Biomedical Engineering, 2022
Related articles",2022/5/18,,,,,,39-56,"Network Security, Information Systems Security",,Jacques Demerjian,,,Smart Resource Allocation for LoRaWAN-based e-Health Applications in Dense Deployments,,,,https://scholar.google.com/citations?view_op=view_citation&hl=en&user=5LR6cSsAAAAJ&cstart=100&pagesize=100&citation_for_view=5LR6cSsAAAAJ:CHSYGLWDkRkC,,CRC Press,"Kinda Khawam, Duc-Tuyen Ta, Samer Lahoud, Cedric Adjih, Steven Martin, Jacques Demerjian","The healthcare sector has entered the era of the Internet of Things, a sector for which IoT is proving to be of crucial significance. Health wearables supporting a large variety of sensors able to collect and transmit health metrics [1, 2] enabling to effectively monitor the patients’ physical health. Such an effective tele-health service addresses growing healthcare shortages due to a global aging population, especially in Europe [3], an increase in chronic diseases and lately a worldwide virus pandemic. The sustainability and equity of health and social care systems are at risk, unless innovative digitalized solutions are found, which minimize the need for human-based services and increase the acceptability of remote and adaptive management health solutions. A costefficient and dense IoT based healthcare system can surrogate the continuous presence of healthcare professionals, especially in remote areas. An IoT …",information systems security,0.137
5G Impact on Biomedical Engineering,,"Routing Protocol Algorithms for Single-Body and Multi-Body Sensor Networks
NB Dargham, K Challita, R El Sibai, J Demerjian - 5G Impact on Biomedical Engineering, 2022
Related articles",2022/5/18,,,,,,91-110,"Network Security, Information Systems Security",,Jacques Demerjian,,,Routing Protocol Algorithms for Single-Body and Multi-Body Sensor Networks,,,,https://scholar.google.com/citations?view_op=view_citation&hl=en&user=5LR6cSsAAAAJ&cstart=100&pagesize=100&citation_for_view=5LR6cSsAAAAJ:xtRiw3GOFMkC,,CRC Press,"Nadine Bou Dargham, Khalil Challita, Rayane El Sibai, Jacques Demerjian","Several challenges face the designing of efficient Body Sensor Network (BSN)[10] and Collaborative Body Sensor Network (CBSN)[12] routing protocols such as the timeliness of the exchanged data between different BSN nodes, external conditions (eg wildfire, earthquake) and the physical environment of a CBSN (eg underwater [15], in a war zone). These challenges may affect data transmission and thus deserve to be considered when designing a constrained routing protocol. CBSN is formed of a dynamic topology partially viewed by energy-limited and task-specific nodes. For this reason, CBSNs are in need of robust routing schemes that guarantee a reliable and efficient data delivery. Cluster based routing models have the widest coverage range, they are the most scalable models, and utilize channel bandwidth better than the others. They are in general simpler, induce less communication overhead, and …",network security,0.204
,,"5G Impact on Biomedical Engineering: Wireless Technologies Applications
A Makhoul, J Demerjian, JB Abdo - 2022
Related articles All 2 versions",2022/5/18,,,,,,,"Network Security, Information Systems Security",,Jacques Demerjian,,,5G Impact on Biomedical Engineering: Wireless Technologies Applications,,,,https://scholar.google.com/citations?view_op=view_citation&hl=en&user=5LR6cSsAAAAJ&cstart=100&pagesize=100&citation_for_view=5LR6cSsAAAAJ:NhqRSupF_l8C,,CRC Press,"Abdallah Makhoul, Jacques Demerjian, Jacques Bou Abdo","Considering the importance of wireless networks in healthcare, this book is dedicated to studying the innovations and advancements of wireless networks for biomedical application and their impact. This book focuses on a wide range of wireless technologies related to healthcare and biomedical applications which include, among others, body sensor networks, mobile networks, internet of things, mobile cloud computing, pervasive computing and wearable computing. First the authors explain how biomedical applications using wireless technologies are built across networks. The authors also detail 5G spectrum splicing for medical applicatons. They then discuss how wearable computing can be used as activity recognition tools for biomedical applications through remote health monitoring and and remote health risk assessment. Finally the authors provide detailed discussions on security and privacy in wirelessly transmitted medical senor data. This book targets research-oriented and professional readers. It would fit as a recommended supplemental reading for graduate students. It also helps researchers enter the field of wireless biomedical applications.",network security,0.404
,,"Cybersecurity Management
R El Sibai, K Challita, JB Abdo, J Demerjian - Advances in Cybersecurity Management, 2021
Related articles",2021/6/15,,,,,,117,"Network Security, Information Systems Security",,Jacques Demerjian,,,Cybersecurity Management,,Advances in Cybersecurity Management,,https://scholar.google.com/citations?view_op=view_citation&hl=en&user=5LR6cSsAAAAJ&cstart=100&pagesize=100&citation_for_view=5LR6cSsAAAAJ:08ZZubdj9fEC,,Springer Nature,"Rayane El Sibai, Khalil Challita, Jacques Bou Abdo, Jacques Demerjian","Blockchain is a technology of unveiled potential that received considerable attention from enthusiasts, investors, activists, industries, and the research community. Its impact magnifies as it gets combined with complementary technologies such as IoT [1], Artificial Intelligence (AI), and Big Data [2]. IoT is redefining the way people interact and live. It also impacts a wide range of industry sectors, including their service ecosystems and business models [3]. IoT introduces major security concerns to organizations [2], and security is one of the obstacles facing its emergence and adoption [4]. Blockchain can solve many of IoT's security problems; thus, a blockchain-enabled IoT has the advantages of both technologies. This reliance on blockchain as a security tool introduces new challenges to cybersecurity management that used to be taken for granted. Databases were stored in secure zones deep within the organization's network, accessible only through APIs (Application Programming Interfaces), applied very strict access control",network security,0.407
,,"Data Summarization Using Sampling Algorithms: Data Stream Case Study
RE Sibai, JB Abdo, Y Chabchoub, J Demerjian… - Principles of Data Science, 2020
Related articles All 3 versions",2020,,,,,,105-124,"Network Security, Information Systems Security",,Jacques Demerjian,,,Data Summarization Using Sampling Algorithms: Data Stream Case Study,,Principles of Data Science,,https://scholar.google.com/citations?view_op=view_citation&hl=en&user=5LR6cSsAAAAJ&cstart=100&pagesize=100&citation_for_view=5LR6cSsAAAAJ:pqnbT2bcN3wC,,Springer International Publishing,"Rayane El Sibai, Jacques Bou Abdo, Yousra Chabchoub, Jacques Demerjian, Raja Chiky, Kablan Barbar","Data streams represent a challenge to the data processing operations such as query execution and information retrieval. They pose many constraints in terms of memory space and execution time for the computation process. This is mainly due to the huge volume of the data and their high arrival rate. Generating approximate answers by using a small proportion of the data stream, called “summary,” is acceptable for many applications. Sampling algorithms are used to construct a data stream summary. The purpose of sampling algorithms is to provide information concerning a large set of data from a representative sample extracted from it. An effective summary of a data stream must have the ability to respond, in an approximate manner, to any query, whatever the period of time investigating. In this chapter, we present a survey of these algorithms. Firstly, we introduce the basic concepts of data streams, windowing …",information systems security,0.138
,,"Comparison of the Non-personalized Active Learning Strategies Used in Recommender
G Chaaya, JB Abdo, E Métais¹, R Chiky, J Demerjian… - … Systems: 15th European, Mediterranean, and Middle …, 2019
Related articles",2019/1/11,341.0,,,,,443,"Network Security, Information Systems Security",,Jacques Demerjian,,,Comparison of the Non-personalized Active Learning Strategies Used in Recommender,,"Information Systems: 15th European, Mediterranean, and Middle Eastern Conference, EMCIS 2018, Limassol, Cyprus, October 4-5, 2018, Proceedings",,https://scholar.google.com/citations?view_op=view_citation&hl=en&user=5LR6cSsAAAAJ&cstart=100&pagesize=100&citation_for_view=5LR6cSsAAAAJ:tOudhMTPpwUC,,Springer,"Georges Chaaya, Jacques Bou Abdo, Elisabeth Métais¹, Raja Chiky, Jacques Demerjian, Kablan Barbar","The study of recommender systems is essential nowadays due to its great effect on businesses and customer satisfaction. Different active learning strategies were previously developed to gain ratings from the users on specific items, and this enables the system to have more information and consequently make more accurate recommendations. In previous studies, these strategies were evaluated using a different selection of metrics in each work, and the experimentations were done on different datasets. In this paper, we solve these weaknesses by comparing the main ten non-personalized strategies on a fair ground, by simulating them against two datasets and using seven of the mostly agreed upon metrics. This gives more trust and less biased results when comparing their performances. Also, the analysis of the computation time and the elicitation efficiency is added.",information systems security,0.275
,"Information Systems: 15th European, Mediterranean, and Middle Eastern Conference, EMCIS 2018, Limassol, Cyprus, October 4-5, 2018, Proceedings 15","Comparison of the Non-personalized Active Learning Strategies Used in Recommender Systems
G Chaaya, JB Abdo, E Métais, R Chiky, J Demerjian… - … Systems: 15th European, Mediterranean, and Middle …, 2019
Related articles All 3 versions",2019,,,,,,443-456,"Network Security, Information Systems Security",,Jacques Demerjian,,,Comparison of the Non-personalized Active Learning Strategies Used in Recommender Systems,,,,https://scholar.google.com/citations?view_op=view_citation&hl=en&user=5LR6cSsAAAAJ&cstart=100&pagesize=100&citation_for_view=5LR6cSsAAAAJ:bEWYMUwI8FkC,,Springer International Publishing,"Georges Chaaya, Jacques Bou Abdo, Elisabeth Métais, Raja Chiky, Jacques Demerjian, Kablan Barbar","The study of recommender systems is essential nowadays due to its great effect on businesses and customer satisfaction. Different active learning strategies were previously developed to gain ratings from the users on specific items, and this enables the system to have more information and consequently make more accurate recommendations. In previous studies, these strategies were evaluated using a different selection of metrics in each work, and the experimentations were done on different datasets. In this paper, we solve these weaknesses by comparing the main ten non-personalized strategies on a fair ground, by simulating them against two datasets and using seven of the mostly agreed upon metrics. This gives more trust and less biased results when comparing their performances. Also, the analysis of the computation time and the elicitation efficiency is added.",information systems security,0.275
,,"and Kablan Barbar2 1 LISITE Laboratory, ISEP, 92130 Issy Les Moulineaux, France rayane. el_sibai@ etu. upmc. fr,{yousra. chabchoub, raja. chiky}@ isep. fr LARIFA-EDST Laboratory, Lebanese University, Fanar, Lebanon
R El Sibai¹, Y Chabchoub¹, R Chiky¹, J Demerjian - Web and Wireless Geographical Information Systems …, 2018
Related articles",2018/5/14,10819.0,,,,,25,"Network Security, Information Systems Security",,Jacques Demerjian,,,"and Kablan Barbar2 1 LISITE Laboratory, ISEP, 92130 Issy Les Moulineaux, France rayane. el_sibai@ etu. upmc. fr,{yousra. chabchoub, raja. chiky}@ isep. fr LARIFA-EDST …",,"Web and Wireless Geographical Information Systems: 16th International Symposium, W2GIS 2018, A Coruña, Spain, May 21–22, 2018, Proceedings",,https://scholar.google.com/citations?view_op=view_citation&hl=en&user=5LR6cSsAAAAJ&cstart=100&pagesize=100&citation_for_view=5LR6cSsAAAAJ:738O_yMBCRsC,,Springer,"Rayane El Sibai¹, Yousra Chabchoub¹, Raja Chiky¹, Jacques Demerjian","Assessing and enhancing data quality in sensors networks is an important challenge. In fact, data recorded and sent by the sensors are often dirty, they contain noisy, erroneous and missing values. This can be due to many reasons such as sensor malfunction, uncalibrated sensor and low battery of the sensor or caused by external factors such as climatic conditions or interference. We focus in this paper on change detection in the time series data issued from sensors. We particularly address slow and gradual changes as they illustrate sensor calibration drift. For this purpose, we provide in this paper an in-depth analysis and improvement of the well known Cumulative Sum (CUSUM) control chart algorithm, as it is well adapted to small shifts detection. First, we discuss the choice of the different parameters of CUSUM in order to optimize its results based on the trade-off between the false positives and the Average Run Length (ARL¿) needed by the algorithm to detect a process mean shift of § . A study of the variability of the Run Length (RLs) is provided using simulation. Then, we introduce two improvements to the CUSUM algorithm: we propose an efficient method to estimate the starting point and the end point of the mean shift. Moreover, we adapt CUSUM to detect not only process mean deviation but also process variability deviation. All these improvements are validated by simulation and against real data stream issued from water flow-meters.",network security,0.2
,"Recent Trends in Computer Applications: Best Studies from the 2017 International Conference on Computer and Applications, Dubai, UAE","Vision-Based Approach for Real-Time Hand Detection and Gesture Recognition
R El Sibai, CA Jaoude, J Demerjian - Recent Trends in Computer Applications: Best Studies …, 2018
Related articles All 3 versions",2018,,,,,,67-81,"Network Security, Information Systems Security",,Jacques Demerjian,,,Vision-Based Approach for Real-Time Hand Detection and Gesture Recognition,,,,https://scholar.google.com/citations?view_op=view_citation&hl=en&user=5LR6cSsAAAAJ&cstart=100&pagesize=100&citation_for_view=5LR6cSsAAAAJ:r0BpntZqJG4C,,Springer International Publishing,"Rayane El Sibai, Chady Abou Jaoude, Jacques Demerjian","The need for interaction between humans and computer devices has advanced so much in recent years. Human-computer interaction (HCI) is the direct manipulation of graphic objects, in particular 3D objects, using several predefined gestures. A gesture can be defined as a physical movement of the hands, face, eyes, and body of the human and is an essential component of the language generation process. In HCI, the use of hand gestures provides an intuitive, attractive, and natural alternative for the interaction between the user and the computer. In this chapter, we present and discuss several vision-based approaches for real-time hand detection which represents the main challenge in real-time HCI applications. Then, we propose a new vision-based approach based on skin color detection for real-time hand detection and gesture recognition. We try to reduce as much as possible the constraints and …",Unclassified,0.0
,,"Extended optimisation mechanism for radio resource allocation in multicast mobile networks
JB Abdo, R Jreish, J Demerjian - International Journal of Mobile Network Design and …, 2018
Related articles All 2 versions",2018,8.0,,,,,157-167,"Network Security, Information Systems Security",,Jacques Demerjian,,,Extended optimisation mechanism for radio resource allocation in multicast mobile networks,,International Journal of Mobile Network Design and Innovation,,https://scholar.google.com/citations?view_op=view_citation&hl=en&user=5LR6cSsAAAAJ&cstart=100&pagesize=100&citation_for_view=5LR6cSsAAAAJ:_Qo2XoVZTnwC,3.0,Inderscience Publishers (IEL),"Jacques Bou Abdo, Rabih Jreish, Jacques Demerjian","Mobile communication paradigm has shifted from a closed network of transmitters and receivers to an access network transporting what the content providers have to offer. Many existing and future applications offer the same content to most, if not all, clients. These applications include crowdsensing, news, and traffic monitoring portals. Mobile operators would largely benefit if such applications use multicast messages instead of unicast. Multicast communication suits such applications, but in some scenarios its efficiency can drop to reach that of unicast. In this work, we will propose a mechanism to optimise the allocation of radio resources when used for multicast, thus offering the mobile operator an opportunity to increase profit without affecting user satisfaction. The performance of the proposed mechanism is measured for various simulation scenarios.",network security,0.204
,,"Research Article Extended Privacy in Crowdsourced Location-Based Services Using Mobile Cloud Computing
JB Abdo, T Bourgeau, J Demerjian, H Chaouchi - 2016
Related articles",2016,,https://www.academia.edu/download/100966293/7867206.pdf,,,,,"Network Security, Information Systems Security",,Jacques Demerjian,,,Research Article Extended Privacy in Crowdsourced Location-Based Services Using Mobile Cloud Computing,,,,https://scholar.google.com/citations?view_op=view_citation&hl=en&user=5LR6cSsAAAAJ&cstart=100&pagesize=100&citation_for_view=5LR6cSsAAAAJ:K3LRdlH-MEoC,,,"Jacques Bou Abdo, Thomas Bourgeau, Jacques Demerjian, Hakima Chaouchi","Crowdsourcing mobile applications are of increasing importance due to their suitability in providing personalized and better matching replies. The competitive edge of crowdsourcing is twofold; the requestors can achieve better and/or cheaper responses while the crowd contributors can achieve extra money by utilizing their free time or resources. Crowdsourcing location-based services inherit the querying mechanism from their legacy predecessors and this is where the threat lies. In this paper, we are going to show that none of the advanced privacy notions found in the literature except for 𝐾-anonymity is suitable for crowdsourced location-based services. In addition, we are going to prove mathematically, using an attack we developed, that 𝐾-anonymity does not satisfy the privacy level needed by such services. To respond to this emerging threat, we will propose a new concept, totally different from existing resource consuming privacy notions, to handle user privacy using Mobile Cloud Computing.",Unclassified,0.0
,2012 Symposium on Broadband Networks and Fast Internet (RELABIRA),"Asynchronous reliable multicast protocol in vehicular ad hoc networks
R Yared, J Demerjian - 2012 Symposium on Broadband Networks and Fast …, 2012
Related articles",2012/5/28,,,,,,78-82,"Network Security, Information Systems Security",,Jacques Demerjian,,,Asynchronous reliable multicast protocol in vehicular ad hoc networks,,,,https://scholar.google.com/citations?view_op=view_citation&hl=en&user=5LR6cSsAAAAJ&cstart=100&pagesize=100&citation_for_view=5LR6cSsAAAAJ:ULOm3_A8WrAC,,IEEE,"Rami Yared, Jacques Demerjian","The paper presents an asynchronous reliable multicast protocol in vehicular ad hoc networks VANETs. It is a time free reliable multicast protocol that ensures integrity, validity and agreement properties of message delivery to all members of a group of cars. In particular; there is a need for reliable multicast in which any message transmitted is either received by all members of a group or by none of them. The asynchronous reliable multicast protocol guarantees reliable delivery of messages in presence of omission failure and crash failure of some cars independently of timeliness properties of the system, and even in the presence of timing errors in the environment. Asynchronous reliable multicast service is very necessary in VANETs particularly, because of cars mobility model and speed which may break communication links between cars.",network security,0.2
,,"Cluster-based Distributed Vertical Handoff Decision Scheme
R Tawil, J Demerjian, G Pujolle - Journal of communication and computer, 2010
Related articles",2010,7.0,,,,,62-69,"Network Security, Information Systems Security",,Jacques Demerjian,,,Cluster-based Distributed Vertical Handoff Decision Scheme,,Journal of communication and computer,,https://scholar.google.com/citations?view_op=view_citation&hl=en&user=5LR6cSsAAAAJ&cstart=100&pagesize=100&citation_for_view=5LR6cSsAAAAJ:hqOjcs7Dif8C,2.0,,"Rami Tawil, Jacques Demerjian, Guy Pujolle","Next Generation Wireless Network (NGWN) environment consists of different networks managed by different operators with different technologies. Trust relationships in such heterogeneous network environment become complex. Therefore, the handoff decision algorithm cannot guarantee the service continuity due to the lack of trust between heterogeneous networks. In this regard, the trust information is an important factor while making the vertical handoff decision. In this paper, we will present a cluster-based Distributed Vertical Handoff Deci sion (C-DVHD) scheme. The simulation presented in this paper shows good results in term of handoff decision delay and power consumption.",network security,0.206
,,"Hiding User Credentials during the TLS authentication phase
M Badra, I Hajjeh, J Demerjian - New Technologies, Mobility and Security, 2007
Related articles All 4 versions",2007,,http://ndl.ethernet.edu.et/bitstream/123456789/47148/1/Houda%20Labiod_2007.pdf#page=439,,,,437-445,"Network Security, Information Systems Security",,Jacques Demerjian,,,Hiding User Credentials during the TLS authentication phase,,"New Technologies, Mobility and Security",,https://scholar.google.com/citations?view_op=view_citation&hl=en&user=5LR6cSsAAAAJ&cstart=100&pagesize=100&citation_for_view=5LR6cSsAAAAJ:kNdYIx-mwKoC,,Springer Netherlands,"Mohamad Badra, Ibrahim Hajjeh, Jacques Demerjian","TLS (Transport Layer Security) defines several ciphersuites providing authentication, data protection and session key exchange between two communicating entities. Some of these ciphersuites are used for completely anonymous key exchange, in which neither party is authenticated. However, they are vulnerable to man-in-the-middle attacks and are therefore deprecated. This article defines a set of ciphersuites to add client credential protection to the TLS protocol. This protection is essential in wireless infrastructures, in which it guaranties user’s privacy and makes exchanges untraceable to eavesdroppers. We compare our proposition in terms of performance and cost to an ordinary TLS session",network security,0.205
,,"Welcome Message from the Chairs
J Demerjian, C Abou-Rjeily
Related articles",,,,,,,,"Network Security, Information Systems Security",,Jacques Demerjian,,,Welcome Message from the Chairs,,,,https://scholar.google.com/citations?view_op=view_citation&hl=en&user=5LR6cSsAAAAJ&cstart=100&pagesize=100&citation_for_view=5LR6cSsAAAAJ:sSrBHYA8nusC,,,"Jacques Demerjian, Chadi Abou-Rjeily","This 5th edition marks an exciting milestone as we bring together leading experts from academia and industry under the theme"" Breaking Boundaries: Pioneering the Next Era of Communication."" This theme challenges us to embrace change, rethink existing paradigms, and shape the future of communication through innovation and collaboration.",Unclassified,0.0
,,"Conference Honorary Chair
C Abou-Rjeily, J Demerjian, M Barhamgi, M Mangoud…
Related articles",,,https://ieeexplore.ieee.org/iel8/10910941/10910950/10911036.pdf,,,,,"Network Security, Information Systems Security",,Jacques Demerjian,,,Conference Honorary Chair,,,,https://scholar.google.com/citations?view_op=view_citation&hl=en&user=5LR6cSsAAAAJ&cstart=100&pagesize=100&citation_for_view=5LR6cSsAAAAJ:B3FOqHPlNUQC,,,"Chadi Abou-Rjeily, Jacques Demerjian, Mahmoud Barhamgi, Mohab Mangoud, Abdallah Makhoul","MENACOMM 2025 Committees Page 1 Organizing Committee Conference Honorary Chair George Nasr, Provost Lebanese American University, Lebanon Conference General Co-Chairs Chadi Abou-Rjeily Lebanese American University, Lebanon Jacques Demerjian IEEE ComSoc Lebanon Chapter, Lebanon Technical Program Co-Chairs Mahmoud Barhamgi Qatar University, Qatar Mohab Mangoud University of Bahrain, Bahrain Abdallah Makhoul University of Franche-Comté, France Publication Chair 2025 5th IEEE Middle East and North Africa Communications Conference (MENACOMM) | 979-8-3315-1995-7/25/$31.00 ©2025 IEEE | DOI: 10.1109/MENACOMM62946.2025.10911036 Page 2 Sarah Al-Shareeda Istanbul Technical University, Turkey EDAS Chair Mohammed Husseini American University of the Middle East, Kuwait Finance Chair Ahmad EL Hajj American University of Beirut, Lebanon Publicity …",Unclassified,0.0
,,"Study on Medical Sensors
N Boudargham, JB Abdo, J Demerjian, C Guyeux
Related articles All 2 versions",,,https://smtnet.com/library/files/upload/Exhaustive_Study_on_Medical_Sensors.pdf,,,,,"Network Security, Information Systems Security",,Jacques Demerjian,,,Study on Medical Sensors,,,,https://scholar.google.com/citations?view_op=view_citation&hl=en&user=5LR6cSsAAAAJ&cstart=100&pagesize=100&citation_for_view=5LR6cSsAAAAJ:RGFaLdJalmkC,,,"Nadine Boudargham, Jacques Bou Abdo, Jacques Demerjian, Christophe Guyeux","The advances in electronics allowed the development of smart miniature devices called medical sensors, that can collect physiological data from the human body and its surrounding and send it wirelessly to healthcare providers in order to help avoiding life threatening events. This article presents a general overview on the types of medical sensors, their properties, and the wireless technologies used to convey collected data. Also, this article is the first to provide a summary about the wearable sensors’ brands available in the market, along with their interface and connection types.",Unclassified,0.0
,,"Ziya Karakaya, Ali Yazici, Mohammed Alayyoub P1-12
A Nazi, A Asudeh, N Zhang, A Jaoua, G Das, R El Sibai…
Related articles",,,https://ieeexplore.ieee.org/iel7/8055744/8079729/08079792.pdf,,,,,"Network Security, Information Systems Security",,Jacques Demerjian,,,"Ziya Karakaya, Ali Yazici, Mohammed Alayyoub P1-12",,,,https://scholar.google.com/citations?view_op=view_citation&hl=en&user=5LR6cSsAAAAJ&cstart=100&pagesize=100&citation_for_view=5LR6cSsAAAAJ:QIV2ME_5wuYC,,,"Azade Nazi, Abolfazl Asudeh, Nan Zhang, Ali Jaoua, Gautam Das, Rayane El Sibai, Chady Abou Jaoude, Jacques Demerjian, Entisar Alkayal, Nicholas Jennings, Maysoon Abulkhair, Muhammad R Haque, Tan Saw Chin, Zulfadzli Yusoff, Lee Ching, Sameer Ali Kwang, Ir Rizaludin Kaspin, Salvatore Renato Ziri, Amjad Alsirhani, Peter Bodorik, Srinivas Sampalli, Ahmed Elshamy, Aziza Ibrahim, Ahmed Qasim, Hisham Hamed, Mahmoud Abdelghany, Hamdy Kelash, Mathew Nicho, Shafaq Khan, M Rahman, Ashraf Roshdy, Ayman Gaber, Mohamed Khairy, Amir Hooshang Mazinan, R Ghasemzadeh",The following topics are dealt with: mobile computing; cloud computing; security of data; image processing; speech processing; learning; data handling; neural nets; optimization; query processing; and Internet.,network security,0.213
,,"Session 3: Ubi/cloud computing
SJ Alotaibi, M Wald, D Kim, S Kang, S An, JB Abdo…
Related articles",,,,,,,,"Network Security, Information Systems Security",,Jacques Demerjian,,,Session 3: Ubi/cloud computing,,,,https://scholar.google.com/citations?view_op=view_citation&hl=en&user=5LR6cSsAAAAJ&cstart=100&pagesize=100&citation_for_view=5LR6cSsAAAAJ:KlAtU1dfN6UC,,,"Sara Jeza Alotaibi, Mike Wald, Daehee Kim, Sangwook Kang, Sunshin An, Jacques Bou Abdo, Jacques Demerjian, Hakima Chaouchi, Kabalan Barbar, Guy Pujolle, Implementing a High, Chongxiao Cao, Fengguang Song, Daniel G Waddington",Start of the above-titled section of the conference proceedings record.,Unclassified,0.0
,,"A SIP-BASED ROAMING PROTOCOL FOR HETEROGENEOUS MULTI-OPERATOR WIRELESS NETWORKS
OS Gaitan, P Martins, J Demerjian, S Tohme
Related articles All 2 versions",,,,,,,,"Network Security, Information Systems Security",,Jacques Demerjian,,,A SIP-BASED ROAMING PROTOCOL FOR HETEROGENEOUS MULTI-OPERATOR WIRELESS NETWORKS,,,,https://scholar.google.com/citations?view_op=view_citation&hl=en&user=5LR6cSsAAAAJ&cstart=100&pagesize=100&citation_for_view=5LR6cSsAAAAJ:MXK_kJrjxJIC,,,"Oscar Salazar Gaitan, Philippe Martins, Jacques Demerjian, Samir Tohme","A SIP-BASED ROAMING PROTOCOL FOR HETEROGENEOUS MULTI-OPERATOR WIRELESS NETWORKS Oscar Salazar Gaitan and Philippe Martins Departement INFRES ENST Paris, France email: {salazar,martins}@enst.fr Jacques Demerjian ALTRAN Paris France email: jacquesdemerjian@gmail.com Samir Tohme Laboratoire PRiSM Universite de Versailles Versailles, France email: tohme@prism.uvsq.fr ABSTRACT The evolution of unlicensed wireless technologies such as WiFi or WiMAX have inﬂuenced next generation networks to adopt them as extensions of cellular networks. Nowa- days, it is not surprising to see heterogeneous wireless net- works coexisting on a daily basis ie UMTS, WiFi, and WiMAX. Unfortunately, some technical issues and the lack of roaming agreements between network operators prevent interoperability. One of the goals of the so-called wire- less convergence is to enable …",network security,0.204
,,"Chaouchi, Hakima 73
J Demerjian, E Doumith, U Eid, S El Assad…
Related articles",,,,,,,,"Network Security, Information Systems Security",,Jacques Demerjian,,,"Chaouchi, Hakima 73",,,,https://scholar.google.com/citations?view_op=view_citation&hl=en&user=5LR6cSsAAAAJ&cstart=100&pagesize=100&citation_for_view=5LR6cSsAAAAJ:0EnyYjriUFMC,,,"Jacques Demerjian, Elias Doumith, Ursula Eid, Safwan El Assad, Abdelali El Bouchti, Jeanine El Khazen, Ali El-Zaart, Imad Elhajj, Alaa Ghaith, Paul Ghobril, Christophe Gosset, Abdu Gumaei, Mikael Guégan, Ali Hamié, Mohamad Hamze, Abdelkrim Haqiq, Youssef Harkouss, Rima Hatoum, Aawatif Hayar, Shadi Jawhar",Presents an index of the authors whose papers are published in the conference.,Unclassified,0.0
