Book,Conference,Scholar articles,Publication date,Volume,PDF Link,Patent office,Report number,Source,Pages,Research Interests,Total citations,Researcher Name,Inventors,Patent number,Title,Institution,Journal,Application number,Scholar Link,Issue,Publisher,Authors,Description,Classified_Topic,Classification_Confidence
,,"The effect of music therapy on cognitive functions in patients with Alzheimer’s disease: a systematic review of randomized controlled trials
M Bleibel, A El Cheikh, NS Sadier, L Abou-Abbas - Alzheimer's research & therapy, 2023
Cited by 116 Related articles All 16 versions",2023/3/27,15.0,https://link.springer.com/article/10.1186/s13195-023-01214-9,,,Alzheimer's research & therapy,65,research,Cited by 116,Linda Abou Abbas,,,The effect of music therapy on cognitive functions in patients with Alzheimer’s disease: a systematic review of randomized controlled trials,,,,https://scholar.google.com/citations?view_op=view_citation&hl=en&user=2q5lQf8AAAAJ&citation_for_view=2q5lQf8AAAAJ:M3NEmzRMIkIC,1,BioMed Central,"Malak Bleibel, Ali El Cheikh, Najwane Said Sadier, Linda Abou-Abbas","Background
The use of music interventions as a non-pharmacological therapy to improve cognitive and behavioral symptoms in Alzheimer’s disease (AD) patients has gained popularity in recent years, but the evidence for their effectiveness remains inconsistent.
Objectives
To summarize the evidence of the effect of music therapy (alone or in combination with pharmacological therapies) on cognitive functions in AD patients compared to those without the intervention.
Methods
A systematic literature search was performed in PubMed, Cochrane library, and HINARI for papers published from 1 January 2012 to 25 June 2022. All randomized controlled trials that compared music therapy with standard care or other non-musical intervention and evaluation of cognitive functions are included. Cognitive outcomes included: global cognition, memory, language, speed of information processing, verbal fluency, and attention …",research,0.4
,,"Assessment of dental anxiety and dental phobia among adults in Lebanon
H Kassem El Hajj, Y Fares, L Abou-Abbas - BMC Oral Health, 2021
Cited by 95 Related articles All 14 versions",2021/12,21.0,https://link.springer.com/article/10.1186/s12903-021-01409-2,,,,1-10,research,Cited by 95,Linda Abou Abbas,,,Assessment of dental anxiety and dental phobia among adults in Lebanon,,BMC Oral Health,,https://scholar.google.com/citations?view_op=view_citation&hl=en&user=2q5lQf8AAAAJ&citation_for_view=2q5lQf8AAAAJ:Y0pCki6q_DkC,,BioMed Central,"Hiba Kassem El Hajj, Youssef Fares, Linda Abou-Abbas","Background
Dental anxiety continues to be a widespread problem affecting adult populations. The primary aim of our study was to evaluate the psychometric properties of the Lebanese Arabic version of the Modified Dental Anxiety Scale (MDAS-A) and to identify the optimal cut-off for assessing dental anxiety and dental phobia among adults in Lebanon. In addition, we sought to assess dental anxiety and phobia as well as their correlates among Lebanese adult patients.
Methods
A cross-sectional study was carried out on a sample of 451 dental adult patients aged between 18 and 65 years old. Information about demographic characteristics, previous bad dental experience, trauma’s experience period, perception of a periodontal problem, sensation of nausea during dental treatment, the MDAS-A scale, and the Visual Analogue Scale for anxiety (VAS-A …",Unclassified,0.0
,,"Assessment of knowledge and practice of dentists towards Coronavirus Disease (COVID-19): a cross-sectional survey from Lebanon
Z Nasser, Y Fares, R Daoud, L Abou-Abbas - BMC oral health, 2020
Cited by 92 Related articles All 17 versions",2020/12,20.0,https://link.springer.com/article/10.1186/s12903-020-01273-6,,,,1-9,research,Cited by 92,Linda Abou Abbas,,,Assessment of knowledge and practice of dentists towards Coronavirus Disease (COVID-19): a cross-sectional survey from Lebanon,,BMC oral health,,https://scholar.google.com/citations?view_op=view_citation&hl=en&user=2q5lQf8AAAAJ&citation_for_view=2q5lQf8AAAAJ:qxL8FJ1GzNcC,,BioMed Central,"Zeina Nasser, Youssef Fares, Rama Daoud, Linda Abou-Abbas","Background
Coronavirus Disease (COVID-19) epidemic is a public health emergency of international concern. Dentists are exposed to the enormous risk of COVID-19 infection during this epidemic. This study aims to assess the knowledge and practice of dentists toward the COVID-19 epidemic in Lebanon.
Methods
We conducted an online survey using the snowball-sampling technique. Information on socio-demographic data, knowledge, practice, and additional information required concerning COVID-19 were collected.
Results
Our results showed that the majority of the Lebanese dentists had good knowledge (91.3%), and nearly half of the respondents had a good practice (58.7%) regarding COVID-19. The most common information source was the World Health Organization (73.7%). Multiple linear regression showed that specialist dentists who completed training on COVID-19 with a high level of …",Unclassified,0.0
,,"Obesity and symptoms of depression among adults in selected countries of the M iddle E ast: a systematic review and meta‐analysis
L Abou Abbas, P Salameh, W Nasser, Z Nasser… - Clinical obesity, 2015
Cited by 80 Related articles All 10 versions",2015/2,5.0,https://www.academia.edu/download/63980179/meta_analysis_obesity_stress_Linda20200721-83878-1yf5eus.pdf,,,Clinical obesity,2-11,research,Cited by 80,Linda Abou Abbas,,,Obesity and symptoms of depression among adults in selected countries of the M iddle E ast: a systematic review and meta‐analysis,,,,https://scholar.google.com/citations?view_op=view_citation&hl=en&user=2q5lQf8AAAAJ&citation_for_view=2q5lQf8AAAAJ:UeHWp8X0CEIC,1,,"Linda Abou Abbas, Pascale Salameh, Wissam Nasser, Zeina Nasser, Isabelle Godin","Although obesity has been widely recognized for its consequences on physical health, its psychological burden in the adult populations in the Middle East remains unclear. This meta‐analysis synthesized data from observational studies to investigate the association between obesity and depression among adult populations in Middle Eastern countries. Five bibliographical electronic databases were searched for studies published up to April 2014. Pooled meta‐analytic estimates were derived using the random‐effect models. Three case‐control studies and five cross‐sectional studies were identified. Meta‐analysis showed significant positive associations between obesity and depression across study designs, with an overall effect of odds ratio 1.27 (95% confidence interval 1.11–1.44). The association between obesity and depression was more marked in women than men although that difference was not …",Unclassified,0.0
,,"Factors associated with health-related quality of life in women with breast cancer in the Middle East: a systematic review
R El Haidari, LA Abbas, V Nerich, A Anota - Cancers, 2020
Cited by 65 Related articles All 10 versions",2020/3/16,12.0,https://www.mdpi.com/2072-6694/12/3/696,,,Cancers,696,research,Cited by 65,Linda Abou Abbas,,,Factors associated with health-related quality of life in women with breast cancer in the Middle East: a systematic review,,,,https://scholar.google.com/citations?view_op=view_citation&hl=en&user=2q5lQf8AAAAJ&citation_for_view=2q5lQf8AAAAJ:ULOm3_A8WrAC,3,MDPI,"Rana El Haidari, Linda Abou Abbas, Virginie Nerich, Amélie Anota","Objectives
The aim of the present systematic review was to identify the factors that potentially influence health-related quality of life (HRQoL) in women with breast cancer (BC) in the Middle East.
Methods
A systematic search of the PubMed, Ovid Medline, Cochrane, Embase, Cumulative Index to Nursing and Allied Health Literature (CINAHL), Scopus, and Ebscohost databases was conducted to identify all relevant articles published in peer-reviewed journals up to April 2018. The keywords were “Health related quality of life”, “Breast Cancer”, and “Middle East countries”. The Newcastle–Ottawa (NOS) scale was used to evaluate the methodological quality of the included studies. Due to the methodological heterogeneity of the identified studies, no statistical pooling of the individual effect estimates was carried out; instead, the results were summarized descriptively.
Results
A total of 5668 articles were screened and 33 studies were retained. The vast majority of these studies were cross-sectional and only two were longitudinal prospective studies. Concerning the methodological quality, only 39% were of high quality. Our comprehensive literature review identified several modifiable and non-modifiable risk factors associated with HRQoL, including sociodemographic, clinical, and treatment-related factors as well as behavioral and psychosocial factors.
Conclusion
This study has many implications for clinical practice and may provide a framework for establishing policy interventions to improve HRQoL among women with BC. Healthcare systems in the Middle East are encouraged to develop interventional programs targeting modifiable factors …",research,0.4
,,"Outdoor particulate matter (PM) and associated cardiovascular diseases in the Middle East
Z Nasser, PR Salameh, W Nasser, LA Abbas, EM Elias… - 2015
Cited by 64 Related articles All 18 versions",2015,,https://scholarworks.aub.edu.lb/bitstream/handle/10938/32825/2015-10035.pdf?sequence=1,,,,,research,Cited by 64,Linda Abou Abbas,,,Outdoor particulate matter (PM) and associated cardiovascular diseases in the Middle East,,,,https://scholar.google.com/citations?view_op=view_citation&hl=en&user=2q5lQf8AAAAJ&citation_for_view=2q5lQf8AAAAJ:ZeXyd9-uunAC,,Walter de Gruyter GmbH,"Zeina Nasser, Pascale R Salameh, Wissam Nasser, Linda Abou Abbas, Elias M Elias, Alain Leveque","Air pollution is a widespread environmental concern. Considerable epidemiological evidence indicates air pollution, particularly particulate matter (PM), as a major risk factor for cardiovascular diseases (CVD) in the developed countries. The main objective of our review is to assess the levels and sources of PM across the Middle East area and to search evidence for the relationship between PM exposure and CVD. An extensive review of the published literature pertaining to the subject (2000-2013) was conducted using PubMed, Medline and Google Scholar databases. We reveal that low utilization of public transport, ageing vehicle fleet and the increasing number of personal cars in the developing countries all contribute to the traffic congestion and aggravate the pollution problem. The annual average values of PM pollutants in the Middle East region are much higher than the World Health Organization 2006 guidelines (PM2.5 = 10 μg/m3, PM10 = 20 μg/m3). We uncover evidence on the association between PM and CVD in 4 Middle East countries: Iran, Kingdom of Saudi Arabia, Qatar and the United Arab Emirates. The findings are in light of the international figures. Ambient PM pollution is considered a potential risk factor for platelet activation and atherosclerosis and has been found to be linked with an increased risk for mortality and hospital admissions due to CVD. This review highlights the importance of developing a strategy to improve air quality and reduce outdoor air pollution in the developing countries, particularly in the Middle East. Future studies should weigh the potential impact of PM on the overall burden of cardiac diseases.",research,0.4
,,"Determinants of acceptance of Coronavirus disease-2019 (COVID-19) vaccine among Lebanese health care workers using health belief model
D Youssef, L Abou-Abbas, A Berry, J Youssef… - PLoS One, 2022
Cited by 63 Related articles All 17 versions",2022/2/22,17.0,https://journals.plos.org/plosone/article?id=10.1371/journal.pone.0264128,,,,e0264128,research,Cited by 63,Linda Abou Abbas,,,Determinants of acceptance of Coronavirus disease-2019 (COVID-19) vaccine among Lebanese health care workers using health belief model,,PLoS One,,https://scholar.google.com/citations?view_op=view_citation&hl=en&user=2q5lQf8AAAAJ&citation_for_view=2q5lQf8AAAAJ:Se3iqnhoufwC,2,Public Library of Science,"Dalal Youssef, Linda Abou-Abbas, Atika Berry, Janet Youssef, Hamad Hassan","Since Health care workers (HCWs) are at high occupational risk for COVID-19, they are prioritized for immunization. This study aimed to assess the acceptance rate of the COVID-19 vaccine among HCWs and to identify its determinants. A web-based cross-sectional study was conducted between10 and 31 December 2020 among Lebanese HCWs. The Health Belief Model (HBM) was used as a theoretical framework. Multivariable logistic analyses were carried out to identify the factors associated with the acceptance of the COVID-19 vaccine among HCWs. A total of 1800 HCWs have completed the survey. Around half (58.10%) of them were frontline HCWs and aged between (30–49) years old. Over two-thirds (67.33%) of the participants have received the seasonal influenza vaccine. The acceptance rate of the COVID-19 vaccine among surveyed HCWs was 58%. HCWs who were male (aOR = 1.99, 95% CI (1.41–2.80)), working in the frontlines (aOR = 1.61, 95% CI (1.17–2.21), and those who have received influenza vaccination for the current year (aOR = 1.38, 95% CI(0.99–1.92)) were more willing to get the COVID-19 vaccine. However, factors such as living in rural areas (aOR = 0.61, 95% CI (0.44–0.84)), and being previously diagnosed with COVID-19 (aOR = 0.66, 95%CI (0.45–0.96) were found negatively associated with vaccine acceptance. In terms of health beliefs items, concerns related to the novelty of vaccine (aOR = 0.42, 95% CI (0.25–0.71)), side effects/vaccine safety (aOR = 0.41, 95% CI (0.23–0.73), reliability of manufacturer (aOR = 0.43, 95% CI (0.30–0.63)), and the number of required doses (aOR = 0.58, 95% CI (0.40–0.84 …",Unclassified,0.0
,,"Knowledge and practice of physicians during COVID-19 pandemic: a cross-sectional study in Lebanon
L Abou-Abbas, Z Nasser, Y Fares, M Chahrour… - BMC public health, 2020
Cited by 49 Related articles All 15 versions",2020/12,20.0,https://link.springer.com/article/10.1186/s12889-020-09585-6,,,,1-9,research,Cited by 49,Linda Abou Abbas,,,Knowledge and practice of physicians during COVID-19 pandemic: a cross-sectional study in Lebanon,,BMC public health,,https://scholar.google.com/citations?view_op=view_citation&hl=en&user=2q5lQf8AAAAJ&citation_for_view=2q5lQf8AAAAJ:Zph67rFs4hoC,,BioMed Central,"Linda Abou-Abbas, Zeina Nasser, Youssef Fares, Mohammad Chahrour, Rana El Haidari, Rola Atoui","Background
As the Coronavirus disease 2019 (COVID-19) pandemic continues to evolve, physicians must be equipped with adequate knowledge, skills on the prevention measures, and confidence in diagnosing and treating COVID-19 patients. Therefore, it is of great interest to assess the knowledge and practices of Physicians to identify existing gaps and improve occupational safety and viral surveillance.
Methods
A cross-sectional study was conducted in Lebanon between 28th March and 11th April 2020. Data was collected through an online survey that included information on socio-demographic characteristics, knowledge, practice, physicians fear towards COVID-19 as well as their perceptions regarding actions/policies implemented by the Ministry of Public Health (MOPH) and their health care facilities. Multivariable logistic regression analyses were carried out to identify the factors associated with good …",Unclassified,0.0
,,"Fear and death anxiety in the shadow of COVID-19 among the Lebanese population: A cross-sectional study
Z Chalhoub, H Koubeissy, Y Fares, L Abou-Abbas - Plos One, 2022
Cited by 43 Related articles All 7 versions",2022/7/27,17.0,https://journals.plos.org/plosone/article?id=10.1371/journal.pone.0270567,,,,e0270567,research,Cited by 43,Linda Abou Abbas,,,Fear and death anxiety in the shadow of COVID-19 among the Lebanese population: A cross-sectional study,,Plos One,,https://scholar.google.com/citations?view_op=view_citation&hl=en&user=2q5lQf8AAAAJ&citation_for_view=2q5lQf8AAAAJ:RHpTSmoSYBkC,7,Public Library of Science,"Zeinab Chalhoub, Hiba Koubeissy, Youssef Fares, Linda Abou-Abbas","Background
The COVID-19 pandemic was one of the most devastating health crises the world has seen. One of its mental health consequences includes fear of being infected, which could lead to anxiety. This study aimed to assess the fear related to the COVID-19 pandemic and its associated factors among the adult population in Lebanon.
Methods
A cross-sectional study was conducted in Lebanon between February 26th and April 29th, 2021. Data was collected through an online survey among adults aged 18 years and older. Information on sociodemographic and clinical characteristics of the participants, fear and death anxiety related to the COVID-19 pandemic, depression, and anxiety were collected. Multivariable linear regression analyses were carried out to identify the predictors of fear related to the COVID-19 pandemic.
Results
A total of 1840 participants were included in the analysis of which 62.9% were females and 62.2% were single. The age of the participants ranged from 18 to 70 years with a mean of 26.6 ±8.8 years. Of the total participants, 41.9% felt uncomfortable thinking about the novel Coronavirus and 35.4% of candidates became nervous/anxious when watching the news about COVID-19 on social media. About one-third of the participants (33.7%) were afraid of COVID-19 and 23.8% were afraid of losing their life because of the disease. Concerning somatic symptoms of fear, 7.9% reported increased heart races or palpitations whenever they thought about getting infected with COVID-19, 3.7% complained about sleep disturbances while 2.5% developed tremors or sweating in their hands when they thought about …",Unclassified,0.0
,,"Association between periodontal disease and cognitive impairment in adults
N Said-Sadier, B Sayegh, R Farah, LA Abbas, R Dweik… - International Journal of Environmental Research and …, 2023
Cited by 35 Related articles All 21 versions",2023/3/7,20.0,https://www.mdpi.com/1660-4601/20/6/4707,,,International Journal of Environmental Research and Public Health,4707,research,Cited by 35,Linda Abou Abbas,,,Association between periodontal disease and cognitive impairment in adults,,,,https://scholar.google.com/citations?view_op=view_citation&hl=en&user=2q5lQf8AAAAJ&citation_for_view=2q5lQf8AAAAJ:k_IJM867U9cC,6,MDPI,"Najwane Said-Sadier, Batoul Sayegh, Raymond Farah, Linda Abou Abbas, Rania Dweik, Norina Tang, David M Ojcius","Introduction
Periodontitis is a severe oral infection that can contribute to systemic inflammation. A large body of evidence suggests a role for systemic inflammation in the initiation of neurodegenerative disease. This systematic review synthesized data from observational studies to investigate the association between periodontitis and neuroinflammation in adults.
Methods and materials
A systematic literature search of PubMed, Web of Science, and Cumulative Index to Nursing and Allied Health Literature (CINAHL) was performed for studies published from the date of inception up to September 2021. Search terms for the exposure “oral disease” and outcome “dementia”, “neuroinflammation” and “cognitive decline” were used. Study selection and data extraction were independently undertaken by two reviewers. The final eligible articles were included only if the exposure is periodontitis and the outcome is cognitive impairment or dementia or a topic related to this condition, and if the study was conducted in an adult population. The quality and risk of bias were assessed by Newcastle Ottawa Scale (NOS). Qualitative synthesis was used to narratively synthesize the results. Six cohort studies, three cross-sectional studies, and two case-control studies met the inclusion criteria. These eleven studies were only narratively synthesized. Meta-analysis was not performed due to the methodological heterogeneity of the studies.
Results
The results of included studies show that chronic periodontitis patients with at least eight years of exposure are at higher risk of developing cognitive decline and dementia. Oral health measures such as gingival inflammation …",research,0.4
,,"Piezo-surgery technique and intramuscular dexamethasone injection to reduce postoperative pain after impacted mandibular third molar surgery: a randomized clinical trial
W Nehme, Y Fares, L Abou-Abbas - BMC Oral Health, 2021
Cited by 35 Related articles All 11 versions",2021/12,21.0,https://link.springer.com/article/10.1186/s12903-021-01759-x,,,,1-11,research,Cited by 35,Linda Abou Abbas,,,Piezo-surgery technique and intramuscular dexamethasone injection to reduce postoperative pain after impacted mandibular third molar surgery: a randomized clinical trial,,BMC Oral Health,,https://scholar.google.com/citations?view_op=view_citation&hl=en&user=2q5lQf8AAAAJ&citation_for_view=2q5lQf8AAAAJ:M3ejUd6NZC8C,,BioMed Central,"Wissam Nehme, Youssef Fares, Linda Abou-Abbas","Background
Surgical extraction of the impacted mandibular third molar is commonly associated with postoperative pain, swelling, and trismus. Usually, rotatory instruments like burs have been used for osteotomy, while Piezosurgery is an innovative technique introduced to overcome the weaknesses related to the conventional technique. In addition, Dexamethasone administration before the extraction of impacted third molars is an efficient way to reduce postoperative pain due to robust anti-inflammatory activity. The purpose of the study is to evaluate the effect of piezo-surgery and dexamethasone injection on postoperative sequelae after the surgical extraction of impacted mandibular third molars, and ultimately to compare their effect on reducing postoperative pain.
Methods
A randomized controlled clinical trial was conducted with a sample of 80 …",Unclassified,0.0
,,"Prevalence and correlates of burnout among physicians in a developing country facing multi-layered crises: a cross-sectional study
D Youssef, J Youssef, L Abou-Abbas, M Kawtharani… - Scientific reports, 2022
Cited by 31 Related articles All 10 versions",2022/7/23,12.0,https://www.nature.com/articles/s41598-022-16095-5,,,,12615,research,Cited by 31,Linda Abou Abbas,,,Prevalence and correlates of burnout among physicians in a developing country facing multi-layered crises: a cross-sectional study,,Scientific reports,,https://scholar.google.com/citations?view_op=view_citation&hl=en&user=2q5lQf8AAAAJ&citation_for_view=2q5lQf8AAAAJ:e5wmG9Sq2KIC,1,Nature Publishing Group UK,"Dalal Youssef, Janet Youssef, Linda Abou-Abbas, Malak Kawtharani, Hamad Hassan","Burnout among physicians is a serious concern that cultivates its seeds during their education. This study assessed the prevalence of burnout among Lebanese physicians and explored its correlates and the combined effects of the pandemic and the economic crisis on burnout. A web-based cross-sectional study was conducted in December 2020 using a snowball sampling technique. Moderate and high levels of burnout hit 90.7% of the physicians where personal, work-related, and client-related burnout were detected among 80.4%, 75.63%, and 69.6% of them respectively. A strong association was found between the higher level of burnout and female gender, younger age, being single, having a dependent child, living with an elderly or a family member with comorbidities, and insufficient sleeping hours. Physicians’ specialties, working in a public health facility, limited years of professional experience, lack of …",Unclassified,0.0
,,"Psychological complications at 3 months following stroke: prevalence and correlates among stroke survivors in Lebanon
W Khazaal, M Taliani, C Boutros, L Abou-Abbas… - Frontiers in Psychology, 2021
Cited by 30 Related articles All 10 versions",2021/6/10,12.0,https://www.frontiersin.org/articles/10.3389/fpsyg.2021.663267/full,,,,663267,research,Cited by 30,Linda Abou Abbas,,,Psychological complications at 3 months following stroke: prevalence and correlates among stroke survivors in Lebanon,,Frontiers in Psychology,,https://scholar.google.com/citations?view_op=view_citation&hl=en&user=2q5lQf8AAAAJ&citation_for_view=2q5lQf8AAAAJ:qUcmZB5y_30C,,Frontiers Media SA,"Walaa Khazaal, Maram Taliani, Celina Boutros, Linda Abou-Abbas, Hassan Hosseini, Pascale Salameh, Najwane Said Sadier","Introduction: Stroke continues to be a common and debilitating medical condition which has a significant effect on public health as the second primary source of mortality and the third major root of disability worldwide. A wide range of complications affecting the survivor's life and interfering with the recovery process usually follows stroke; anxiety and depression are considered one of the major complications post-stroke. This study sought to investigate the short-term psychological consequences of stroke among Lebanese survivors and to identify their correlates.
Methods: This study is a prospective observational epidemiological study. 143 stroke patients admitted to hospitals in Mount Lebanon and Beirut between February and May 2018.were included in this study. Assessments of complications were carried out at 3 months post-stroke by completing a 30-min face-to-face interview questionnaire. The survey included the socio-demographic -characteristics of the patients, their lifestyle, health indicators, the severity of stroke, and the post-stroke consequences disturbing their quality of life.
Results: Complications were recorded for 117 stroke survivors (mean age, 72.46 years; 60.7% male). The analysis of results 3 months post stroke showed that 29 survivors suffered from neuropathic pain (24.8%), 110 (94%) suffered from fatigue, and 81 (69.2%) from cognitive impairment. High rates of anxiety (51.3%), and depression (76.1%) were recorded as well. Multivariate logistic regression confirmed that there is a significant association between depression and the following variables: anxiety (OR = 4.814, p-value = 0.017), pain (OR = 6.868, p-value = 0.002 …",Unclassified,0.0
,,"Outdoor Air Pollution and Cardiovascular Diseases in Lebanon: A Case‐Control Study
Z Nasser, P Salameh, H Dakik, E Elias, L Abou Abbas… - Journal of environmental and public health, 2015
Cited by 28 Related articles All 20 versions",2015,2015.0,https://onlinelibrary.wiley.com/doi/pdf/10.1155/2015/810846,,,,810846,research,Cited by 28,Linda Abou Abbas,,,Outdoor Air Pollution and Cardiovascular Diseases in Lebanon: A Case‐Control Study,,Journal of environmental and public health,,https://scholar.google.com/citations?view_op=view_citation&hl=en&user=2q5lQf8AAAAJ&citation_for_view=2q5lQf8AAAAJ:5nxA0vEk-isC,1,Hindawi Publishing Corporation,"Zeina Nasser, Pascale Salameh, Habib Dakik, Elias Elias, Linda Abou Abbas, Alain Levêque","Outdoor air pollution is increasingly considered as a serious threat for cardiovascular diseases (CVD). The aim of this study is to investigate the association between outdoor pollutants and cardiovascular diseases among adults in Lebanon and to examine the possible moderator effect of cigarette smoking status on this association. A multicenter case‐control study was conducted between October 2011 and October 2012. Cases were hospitalized patients diagnosed with CVD by a cardiologist while the control group subjects were free of any cardiac diseases. Information on sociodemographic characteristics, tobacco consumption, self‐rated global health, pollution exposure, and other risk factors was collected using a questionnaire. The results of the logistic regression revealed that living near busy highway (OR 5.04, 95% CI (4.44–12.85), P < 0.001) and close to local diesel generator (OR 4.76, 95% CI (2.07–10.91 …",Unclassified,0.0
,,"Prevalence and risk factors of burnout among Lebanese community pharmacists in the era of COVID-19 pandemic: results from the first national cross-sectional survey
D Youssef, J Youssef, H Hassan, L Abou-Abbas - Journal of Pharmaceutical Policy and Practice, 2021
Cited by 24 Related articles All 21 versions",2021/12/1,14.0,https://www.tandfonline.com/doi/pdf/10.1186/s40545-021-00393-w,,,,111,research,Cited by 24,Linda Abou Abbas,,,Prevalence and risk factors of burnout among Lebanese community pharmacists in the era of COVID-19 pandemic: results from the first national cross-sectional survey,,Journal of Pharmaceutical Policy and Practice,,https://scholar.google.com/citations?view_op=view_citation&hl=en&user=2q5lQf8AAAAJ&citation_for_view=2q5lQf8AAAAJ:7PzlFSSx8tAC,1,Taylor & Francis,"Dalal Youssef, Janet Youssef, Hamad Hassan, Linda Abou-Abbas","Background
Community pharmacists (CPs) are increasingly facing occupational challenges as a result of the COVID-19 pandemic, putting them at high risk of burnout. This study aimed to assess the prevalence of burnout among Lebanese CPs during the COVID-19 pandemic and to identify its associated factors.
Methods
An online survey was conducted among Lebanese CPs between February 1st and March 30, 2021. Collected data included information on sociodemographic characteristics, exposure and work-related variables, the Copenhagen burnout inventory (CBI), and the COVID-19 threat perception scale. Prevalence of burnout was calculated. Multiple logistic regressions were performed to identify the factors associated with the three burnout domains.
Results
A total of 387 CPs participated in the survey. Of the total, 53.7% were females; and 43.2% were aged less than 40 years old. The prevalence of …",Unclassified,0.0
,,"Assessment of neuropsychiatric symptoms in dementia: validity and reliability of the Lebanese version of the neuropsychiatric inventory questionnaire
Y Feghali, Y Fares, L Abou Abbas - Applied Neuropsychology: Adult, 2021
Cited by 24 Related articles All 7 versions",2021/9/3,28.0,https://www.researchgate.net/profile/Youssef-Fares-3/publication/336083770_Assessment_of_neuropsychiatric_symptoms_in_dementia_validity_and_reliability_of_the_Lebanese_version_of_the_neuropsychiatric_inventory_questionnaire/links/5d8d752aa6fdcc25549e7c29/Assessment-of-neuropsychiatric-symptoms-in-dementia-validity-and-reliability-of-the-Lebanese-version-of-the-neuropsychiatric-inventory-questionnaire.pdf,,,,588-595,research,Cited by 24,Linda Abou Abbas,,,Assessment of neuropsychiatric symptoms in dementia: validity and reliability of the Lebanese version of the neuropsychiatric inventory questionnaire,,Applied Neuropsychology: Adult,,https://scholar.google.com/citations?view_op=view_citation&hl=en&user=2q5lQf8AAAAJ&citation_for_view=2q5lQf8AAAAJ:aqlVkmm33-oC,5,Routledge,"Yara Feghali, Youssef Fares, Linda Abou Abbas",This study aims to examine the psychometric properties of an Arabic version of the Neuropsychiatric Inventory Questionnaire (NPI-Q) that evaluates neuropsychiatric symptoms in patients with dementia. A cross-sectional study was carried out with a sample of 136 Lebanese demented patients aged 63–98 years. NPI-Q was completed by the patients’ primary caregiver and standard NPI was administered through personal interview by an experienced research assistant to the same caregiver. The internal consistencies of the Arabic NPI-Q total and distress scale were 0.680 and 0.684 respectively. One week test-retest reliability of the total NPI-Q and distress scores were 0.991 and 0.988 respectively (p-value <0.0001 for both). The NPI-Q correlated significantly with the standard NPI in individual and total symptom scores as well as caregiver distress scores. Exploratory factor analysis extracted five factors that …,research,0.604
,,"Vaccination against influenza among Lebanese health care workers in the era of coronavirus disease 2019
D Youssef, A Berry, J Youssef, L Abou-Abbas - BMC Public Health, 2022
Cited by 22 Related articles All 18 versions",2022/1/18,22.0,https://link.springer.com/article/10.1186/s12889-022-12501-9,,,,120,research,Cited by 22,Linda Abou Abbas,,,Vaccination against influenza among Lebanese health care workers in the era of coronavirus disease 2019,,BMC Public Health,,https://scholar.google.com/citations?view_op=view_citation&hl=en&user=2q5lQf8AAAAJ&citation_for_view=2q5lQf8AAAAJ:4DMP91E08xMC,1,BioMed Central,"Dalal Youssef, Atika Berry, Janet Youssef, Linda Abou-Abbas","Background
Health-care workers (HCWs) are at a higher occupational risk of contracting and transmitting influenza. Annual vaccination is an essential tool to prevent seasonal influenza infection. However, HCWs vaccine hesitancy remains a leading global health threat. This study aims to evaluate the flu vaccination coverage rates among Lebanese HCWs and to assess their knowledge, attitudes, practices, perceived barriers, and benefits toward the flu vaccine during the COVID-19 pandemic. In addition, we sought to identify the factors associated with flu vaccine uptake.
Methods
A cross-sectional study using an online survey was conducted in Lebanon among HCWs between 14 and 28 October 2020. Multivariable logistic regression was carried out to identify the factors associated with influenza vaccine uptake.
Results
A total of 560 HCWs participated in the survey of whom 72.9% were females, and 53.9% were …",Unclassified,0.0
,,"Validity and reliability of the arabic patient health questionnaire-9 in patients with spinal cord injury in Lebanon
M Summaka, H Zein, L Abou Abbas, C Elias, E Elias… - World neurosurgery, 2019
Cited by 21 Related articles All 6 versions",2019/5/1,125.0,https://scholarworks.aub.edu.lb/bitstream/handle/10938/32957/2019-7498.pdf?sequence=1,,,,e1016-e1022,research,Cited by 21,Linda Abou Abbas,,,Validity and reliability of the arabic patient health questionnaire-9 in patients with spinal cord injury in Lebanon,,World neurosurgery,,https://scholar.google.com/citations?view_op=view_citation&hl=en&user=2q5lQf8AAAAJ&citation_for_view=2q5lQf8AAAAJ:_FxGoFyzp5QC,,Elsevier,"Marwa Summaka, Hiba Zein, Linda Abou Abbas, Charbel Elias, Elias Elias, Youssef Fares, Ibrahim Naim, Zeina Nasser","Background
Depression is a prevalent and disabling condition associated with spinal cord injury (SCI). Such associated negative factor warrants the use of valid and reliable psychological assessment tools among this group. One of the available assessment means is the Patient Health Questionnaire-9 (PHQ-9), a short screening measure that evaluates depression status. Our aim is to test the psychometric properties of the Arabic version of the PHQ-9 including validity and reliability among Lebanese individuals with SCI.
Methods
This is a cross-sectional study conducted between January and June 2018, including 51 participants with SCI. Questionnaire and assessment measures were administered to the subjects. The internal consistency, test-retest reliability, and the factor structure of the PHQ-9 were evaluated in addition to the convergent validity, which was established by comparing the scale's total score with …",Unclassified,0.0
,,"Irisin: An unveiled bridge between physical exercise and a healthy brain
NS Sadier, F El Hajjar, AAK Al Sabouri, L Abou-Abbas… - Life Sciences, 2024
Cited by 19 Related articles All 7 versions",2024/2/15,339.0,https://www.sciencedirect.com/science/article/pii/S0024320523010287,,,Life Sciences,122393,research,Cited by 19,Linda Abou Abbas,,,Irisin: An unveiled bridge between physical exercise and a healthy brain,,,,https://scholar.google.com/citations?view_op=view_citation&hl=en&user=2q5lQf8AAAAJ&citation_for_view=2q5lQf8AAAAJ:J_g5lzvAfSwC,,Pergamon,"Najwane Said Sadier, Farah El Hajjar, Amani Al Khayat Al Sabouri, Linda Abou-Abbas, Natalia Siomava, Abdulmajeed G Almutary, Murtaza M Tambuwala","Aims
Physical exercise has been widely recognized for its positive effects on health and well-being. Recently, the impact of exercise on the nervous system has gained attention, with evidence indicating improvements in attention, memory, neurogenesis, and the release of “happiness hormones.” One potential mediator of these benefits is Irisin, a myokine induced by exercise that can cross the blood-brain barrier, reduce neuroinflammation, and counteract neurodegeneration. The objective of this study is to conduct a systematic review of animal trials to summarize the neuroprotective effects of Irisin injection in mitigating neuroinflammation and neurodegeneration.
Materials and methods
Two independent reviewers screened three databases (PubMed, Embase, and Google Scholar) in November 2022. Animal studies assessing the neuroprotective effects of Irisin in mitigating neuroinflammation or counteracting …",Unclassified,0.0
,,"Pharmacists as immunizers in Lebanon: a national survey of community pharmacists’ willingness and readiness to administer adult immunization
D Youssef, L Abou-Abbas, S Farhat, H Hassan - Human resources for health, 2021
Cited by 19 Related articles All 18 versions",2021/12,19.0,https://link.springer.com/article/10.1186/s12960-021-00673-1,,,,1-11,research,Cited by 19,Linda Abou Abbas,,,Pharmacists as immunizers in Lebanon: a national survey of community pharmacists’ willingness and readiness to administer adult immunization,,Human resources for health,,https://scholar.google.com/citations?view_op=view_citation&hl=en&user=2q5lQf8AAAAJ&citation_for_view=2q5lQf8AAAAJ:IWHjjKOFINEC,,BioMed Central,"Dalal Youssef, Linda Abou-Abbas, Suzan Farhat, Hamad Hassan","Background
Since the focus of healthcare has shifted toward prevention, pharmacists were highly encouraged to expand their practice to include immunization services. Our study aimed to assess the knowledge, attitudes and beliefs of community-based Lebanese pharmacists, in addition to their willingness to expand their practice scope to include vaccine administration.
Methods
A cross-sectional study was conducted during the phase preceding the arrival of the COVID-19 vaccine in Lebanon between 1 and 31st December 2020. Using a stratified random sampling method, data were collected from Lebanese community pharmacists (CPs) through an online survey that included information on socio-demographic characteristics, clinical experience, willingness to administer vaccines, knowledge about vaccination, attitudes towards immunization …",Unclassified,0.0
,,"Prevalence and correlates of burnout among Lebanese health care workers during the COVID-19 pandemic: a national cross-sectional survey
D Youssef, E Abboud, L Abou-Abbas, H Hassan… - Journal of pharmaceutical policy and practice, 2022
Cited by 16 Related articles All 20 versions",2022/12/16,15.0,https://link.springer.com/article/10.1186/s40545-022-00503-2,,,,102,research,Cited by 16,Linda Abou Abbas,,,Prevalence and correlates of burnout among Lebanese health care workers during the COVID-19 pandemic: a national cross-sectional survey,,Journal of pharmaceutical policy and practice,,https://scholar.google.com/citations?view_op=view_citation&hl=en&user=2q5lQf8AAAAJ&cstart=20&pagesize=80&citation_for_view=2q5lQf8AAAAJ:QIV2ME_5wuYC,1,BioMed Central,"Dalal Youssef, Edmond Abboud, Linda Abou-Abbas, Hamad Hassan, Janet Youssef","Background
The COVID-19 pandemic has harshly burdened the healthcare systems. Health care workers (HCWs) are at substantial risk of infection and confronted several stressors as well leading them to experience burnout. This study aimed to assess the prevalence of burnout among Lebanese health HCWs and to identify its associated factors.
Methods
A cross-sectional online survey was conducted between the first of November and the end of December 2020 among Lebanese HCWs working in all active hospitals operating across the country. Data were collected using an Arabic, anonymous, self-reported questionnaire comprising four sections: (a) basic sociodemographic characteristics, (b) exposure to COVID-19 covariates, (c) occupational factors, and (d) the measurements including the Copenhagen Burnout Inventory (CBI). CBI subscale cut-off score of 50 was used to assess the prevalence of burnout …",Unclassified,0.0
,,"Feeling the burn in the era of COVID-19: cross-cultural adaptation and validation of the Arabic version of the Copenhagen Burnout Inventory among community pharmacists
D Youssef, L Abou-Abbas, J Youssef - Journal of Pharmaceutical Policy and Practice, 2022
Cited by 16 Related articles All 20 versions",2022/3/17,15.0,https://link.springer.com/article/10.1186/s40545-022-00419-x,,,,21,research,Cited by 16,Linda Abou Abbas,,,Feeling the burn in the era of COVID-19: cross-cultural adaptation and validation of the Arabic version of the Copenhagen Burnout Inventory among community pharmacists,,Journal of Pharmaceutical Policy and Practice,,https://scholar.google.com/citations?view_op=view_citation&hl=en&user=2q5lQf8AAAAJ&cstart=20&pagesize=80&citation_for_view=2q5lQf8AAAAJ:L8Ckcad2t8MC,1,BioMed Central,"Dalal Youssef, Linda Abou-Abbas, Janet Youssef","Background
Community pharmacists (CPs) are one of the frontline healthcare workers (HCWs) working diligently to provide much-needed services during the COVID-19 pandemic. Burnout was one of the detrimental outcomes of the pandemic on the mental health of Lebanese CPs. To assess the extent of this syndrome among Lebanese CPs, a psychometrically reliable and valid tool is needed.
Objectives
This study aimed to validate the Arabic version of the Copenhagen Burnout Inventory (CBI-A) for use in the assessment of burnout among CPs.
Methods
A web-based cross-sectional study was conducted among Lebanese CPs over February 2021. Data were collected using an anonymous Arabic self-administered questionnaire that includes information on socio-demographic characteristics, work-related variables, in addition to the measurements: the CBI which includes personal, work-related, and patient-related …",Unclassified,0.0
,,"Practice of non-pharmaceutical interventions against COVID-19 and reduction of the risk of influenza-like illness: a cross-sectional population-based study
D Youssef, O Issa, M Kanso, J Youssef, L Abou-Abbas… - Journal of Pharmaceutical Policy and Practice, 2022
Cited by 14 Related articles All 18 versions",2022/12/31,15.0,https://www.tandfonline.com/doi/pdf/10.1186/s40545-022-00450-y,,,,54,research,Cited by 14,Linda Abou Abbas,,,Practice of non-pharmaceutical interventions against COVID-19 and reduction of the risk of influenza-like illness: a cross-sectional population-based study,,Journal of Pharmaceutical Policy and Practice,,https://scholar.google.com/citations?view_op=view_citation&hl=en&user=2q5lQf8AAAAJ&cstart=20&pagesize=80&citation_for_view=2q5lQf8AAAAJ:bEWYMUwI8FkC,1,Taylor & Francis,"Dalal Youssef, Ola Issa, Maysaloun Kanso, Janet Youssef, Linda Abou-Abbas, Edmond Abboud","Introduction
While the widespread implementation of the non-pharmaceutical interventions was intended to contain the COVID-19 pandemic, such measures could be also effective in limiting the spread of other respiratory infections. This study aimed to examine the association between the implementation of personal protective measures and the occurrence of influenza-like illnesses (ILI) in the general population.
Methods
An online retrospective cross-sectional observational study was conducted in April 2021 to assess cases of ILI among Lebanese adults aged 18 years and above, from all Lebanese governorates during the 2020–2021 flu season. Data were collected using a convenience sampling method. In addition to their socio-demographic information, participants were asked about their frequency of implementing personal protective measures and if they have experienced symptoms of ILI in the previous 6 …",Unclassified,0.0
,,"Stroop color and word test (SCWT): Normative data for the Lebanese adult population
M Ktaiche, Y Fares, L Abou-Abbas - Applied Neuropsychology: Adult, 2022
Cited by 14 Related articles All 7 versions",2022/11/2,29.0,https://www.researchgate.net/profile/Linda-Abou-Abbas/publication/350471230_Stroop_color_and_word_test_SCWT_Normative_data_for_the_Lebanese_adult_population/links/60c521484585157774d23309/Stroop-color-and-word-test-SCWT-Normative-data-for-the-Lebanese-adult-population.pdf,,,,1578-1586,research,Cited by 14,Linda Abou Abbas,,,Stroop color and word test (SCWT): Normative data for the Lebanese adult population,,Applied Neuropsychology: Adult,,https://scholar.google.com/citations?view_op=view_citation&hl=en&user=2q5lQf8AAAAJ&cstart=20&pagesize=80&citation_for_view=2q5lQf8AAAAJ:IjCSPb-OGe4C,6,Routledge,"Marwa Ktaiche, Youssef Fares, Linda Abou-Abbas","The Stroop Color and Word Test (SCWT) is one of the most commonly used measures to assess multiple cognitive functions. Several studies have shown that SCWT performance is influenced by different demographic factors and have recommended the necessity of generating normative data in different cultures. The present study aims to explore the effect of gender, age, and education on SCWT scores and to generate normative data for the Lebanese healthy adults. A sample of 321 healthy participants aged 18 and above was recruited from different Lebanese regions. The SCWT was administered to the participants. A regression-based strategy was applied to generate normative data. The results showed a statistically significant effect of age and education on the SCWT scores whereas no significant effect for gender was found. An interactive calculator was created to calculate estimated Z-scores based on …",Unclassified,0.0
,,"Barriers to mammography screening: how to overcome them
Y Hassoun, H Dbouk, E Saad Aldin, Z Nasser… - Middle East Journal of Cancer, 2015
Cited by 14 Related articles All 12 versions",2015,,https://scholarworks.aub.edu.lb/bitstream/handle/10938/30694/2015-5100.pdf?sequence=1,,,,,research,Cited by 14,Linda Abou Abbas,,,Barriers to mammography screening: how to overcome them,,Middle East Journal of Cancer,,https://scholar.google.com/citations?view_op=view_citation&hl=en&user=2q5lQf8AAAAJ&cstart=20&pagesize=80&citation_for_view=2q5lQf8AAAAJ:Tyk-4Ss8FVUC,,Shiraz University of Medical Sciences,"Yasmin Hassoun, Haifa Dbouk, Ehab Saad Aldin, Zeina Nasser, Linda Abou Abbas, Zeina A Nahleh, Arafat Hussein Tfayli","Background
Screening mammography is an established intervention that leads to early breast cancer detection and reduced mortality. The Lebanese Ministry of Health has initiated yearly awareness campaigns and provided free mammography in multiple centers around the country.
Methods
The study took place in two major areas of Lebanon - Beirut and South Lebanon. This cross-sectional survey aimed to assess knowledge about breast cancer screening and screening behaviors in the Lebanese population. The primary outcome of the study was to assess the reasons that prevented women from performing screening mammography based on our categories of questions: lack of knowledge about breast cancer, lack of access to screening facilities, failure of primary care physician to encourage screening behavior, and other reasons.
Results
The major barriers to seek screening that had statistically significant P-values, in order of prevalence, included: lack of knowledge about breast cancer, followed by social reasons and lack of access.
Conclusion
Given the prevalence of breast cancer in our population, it is important to understand the pitfalls that we experience in promoting awareness. Our study is the first study to reach out to the community to assess perceived barriers against screening and provide solutions for such barriers. © 2015, Middle East Journal of Cancer. All rights reserved.",Unclassified,0.0
,,"SARS-CoV-2 antibody seroprevalence in Lebanon: findings from the first nationwide serosurvey
A Hoballah, R El Haidari, G Siblany, F Abdel Sater… - BMC Infectious Diseases, 2022
Cited by 13 Related articles All 14 versions",2022/12,22.0,https://link.springer.com/article/10.1186/s12879-022-07031-z,,,,1-10,research,Cited by 13,Linda Abou Abbas,,,SARS-CoV-2 antibody seroprevalence in Lebanon: findings from the first nationwide serosurvey,,BMC Infectious Diseases,,https://scholar.google.com/citations?view_op=view_citation&hl=en&user=2q5lQf8AAAAJ&cstart=20&pagesize=80&citation_for_view=2q5lQf8AAAAJ:zYLM7Y9cAGgC,,BioMed Central,"Abbas Hoballah, Rana El Haidari, Ghina Siblany, Fadi Abdel Sater, Samir Mansour, Hamad Hassan, Linda Abou-Abbas","Background
Lebanon, a small country in the Middle East, remains severely affected by the COVID-19 pandemic. Seroprevalence surveys of anti-SARS-CoV-2 antibodies provide accurate estimates of SARS-CoV-2 infection and hence evaluate the extent of the pandemic. The present study aimed to evaluate the prevalence of SARS-CoV-2 antibodies in Lebanon and to compare the estimated cumulative number of COVID-19 cases with the officially registered number of laboratory-confirmed cases up to January 15, 2021.
Methods
A nationwide population-based serosurvey study was conducted in Lebanon between December 7, 2020, and January 15, 2021, before the initiation of the national vaccination program. The nCOVID-19 IgG & IgM point-of-care (POCT) rapid test was used to detect the presence of anti-SARS-COV-2 immunoglobulin G (IgG) in the …",Unclassified,0.0
,,"Psychometric properties of the arabic version of the maslach burnout inventory-human services survey (MBI-HSS) among lebanese dentists
S Bassam, H Mohsen, Z Barakat, L Abou-Abbas - BMC Oral Health, 2023
Cited by 12 Related articles All 13 versions",2023/7/5,23.0,https://link.springer.com/article/10.1186/s12903-023-03169-7,,,,451,research,Cited by 12,Linda Abou Abbas,,,Psychometric properties of the arabic version of the maslach burnout inventory-human services survey (MBI-HSS) among lebanese dentists,,BMC Oral Health,,https://scholar.google.com/citations?view_op=view_citation&hl=en&user=2q5lQf8AAAAJ&cstart=20&pagesize=80&citation_for_view=2q5lQf8AAAAJ:BqipwSGYUEgC,1,BioMed Central,"Sanaa Bassam, Heba Mohsen, Zainab Barakat, Linda Abou-Abbas","Background
Dentists are at risk of burnout syndrome, which can have negative impacts on their work environment and productivity. Assessing burnout is crucial for maintaining the well-being and effectiveness of dentists in their profession. The present study aims to evaluate the psychometric properties of the Arabic version of the Maslach Burnout Inventory Human Services Survey (MBI-HSS) among dentists.
Methods
The original English version of the MBI-HSS was translated into Arabic, and then back-translated into English by experienced bilingual professionals. Lebanese dentists were asked to participate in the study between February and June 2019. Data collected included demographic information and items from the Arabic version of the MBI-HSS.
Results
A total of 441 people participated in the study, of whom 58.3% were men. The mean age of the sample was 39.6 years (SD = 12.8), with a range of 23 to 68 …",Unclassified,0.0
,,"Trail Making Test: normative data for the Lebanese adult population
J Abi Chahine, S Rammal, Y Fares, L Abou Abbas - The Clinical Neuropsychologist, 2020
Cited by 12 Related articles All 7 versions",2020/12/1,34.0,https://www.researchgate.net/profile/Youssef-Fares-3/publication/338254942_Trail_Making_Test_normative_data_for_the_Lebanese_adult_population/links/5e0ba2e3299bf10bc38731d7/Trail-Making-Test-normative-data-for-the-Lebanese-adult-population.pdf,,,,29-42,research,Cited by 12,Linda Abou Abbas,,,Trail Making Test: normative data for the Lebanese adult population,,The Clinical Neuropsychologist,,https://scholar.google.com/citations?view_op=view_citation&hl=en&user=2q5lQf8AAAAJ&cstart=20&pagesize=80&citation_for_view=2q5lQf8AAAAJ:qjMakFHDy7sC,sup1,Routledge,"Jessica Abi Chahine, Sahar Rammal, Youssef Fares, Linda Abou Abbas","Objective
Trail Making Test (TMT) is a widespread neuropsychological test used to detect cognitive impairment in diverse neuropsychological conditions. Several studies have shown that TMT performance is influenced by different demographic factors. Thus, the present study aims to explore the effect of gender, age, and education on TMT basic and derived scores and to provide normative data for the Lebanese adult population.
Method
A total of 225 healthy Lebanese adults (aged between 18 and 64) were recruited. The two parts of the TMT were administered to the participants. Regression based strategy was applied to generate normative data.
Results
The results showed statistically significant effect of age and level of education on the TMT-A, TMT-B as well as the difference score TMT B –A. However, the ratio score was affected only by the age. Gender did not have any effect on TMT performance. An interactive …",Unclassified,0.0
,,"Modified Wisconsin Card Sorting Test (M-WCST): Normative data for the lebanese adult population
S Rammal, J Abi Chahine, M Rammal, Y Fares… - Developmental Neuropsychology, 2019
Cited by 12 Related articles All 4 versions",2019/7/4,44.0,https://www.researchgate.net/profile/Youssef-Fares-3/publication/335064674_Modified_Wisconsin_Card_Sorting_Test_M-WCST_Normative_Data_for_the_Lebanese_Adult_Population/links/5d529943a6fdcc85f88dd302/Modified-Wisconsin-Card-Sorting-Test-M-WCST-Normative-Data-for-the-Lebanese-Adult-Population.pdf,,,,397-408,research,Cited by 12,Linda Abou Abbas,,,Modified Wisconsin Card Sorting Test (M-WCST): Normative data for the lebanese adult population,,Developmental Neuropsychology,,https://scholar.google.com/citations?view_op=view_citation&hl=en&user=2q5lQf8AAAAJ&cstart=20&pagesize=80&citation_for_view=2q5lQf8AAAAJ:W7OEmFMy1HYC,5,Routledge,"Sahar Rammal, Jessica Abi Chahine, Malak Rammal, Youssef Fares, Linda Abou Abbas","The aim of this study was to generate normative data on the M-WCST in a Lebanese adult population and to examine the relationship between performance on this task and demographic variables. The sample consisted of 220 healthy adults aged between 18 and 64 years. Regression-based strategy was applied to generate normative data. The results showed a statistically significant effect of age and level of education on the M-WCST measures, whereas gender was not significant. Demographically calibrated percentiles and scaled scores were created. Finally, this study was the first to provide normative-adjusted tables for the M-WCST scores in Lebanon.",Unclassified,0.0
,,"Pre-operative and early postoperative health-related quality of life of breast cancer woman: a Lebanese prospective study
R El Haidari, V Nerich, L Abou-Abbas, F Abdel-Sater… - BMC Women's Health, 2023
Cited by 11 Related articles All 12 versions",2023/4/20,23.0,https://link.springer.com/article/10.1186/s12905-023-02348-6,,,,187,research,Cited by 11,Linda Abou Abbas,,,Pre-operative and early postoperative health-related quality of life of breast cancer woman: a Lebanese prospective study,,BMC Women's Health,,https://scholar.google.com/citations?view_op=view_citation&hl=en&user=2q5lQf8AAAAJ&cstart=20&pagesize=80&citation_for_view=2q5lQf8AAAAJ:blknAaTinKkC,1,BioMed Central,"Rana El Haidari, Virginie Nerich, Linda Abou-Abbas, Fadi Abdel-Sater, Amelie Anota","Breast cancer (BC) is a major health concern in Lebanon, with an increasing incidence rate due to advancements in treatment modalities. Evaluating the impact of the BC and its treatment on a woman's Health-Related Quality of Life (HRQoL), and comparing these patterns before and after breast conserving surgery is important to identify areas where interventions may be needed to improve the overall well-being of women with BC. This study aimed to evaluate the HRQoL pre and post-operative breast conserving surgery and just prior to initiation of adjuvant therapy in newly diagnosed patients with BC in Lebanon, specifically focusing on changes in body image. A prospective cohort study was conducted on 120 patients in two health care facilities in Lebanon, collecting sociodemographic and clinical data, and using the EORTC QLQ-C30 and QLQ-BR23 questionnaires to evaluate HRQoL. The outcomes were …",Unclassified,0.0
,,"Driving anger dimensions and their relationship with aberrant driver behavior in Lebanon: Results from a national self-reported survey
D Youssef, P Salameh, L Abou-Abbas, LR Salmi - PLoS one, 2023
Cited by 11 Related articles All 18 versions",2023/3/17,18.0,https://journals.plos.org/plosone/article?id=10.1371/journal.pone.0283293,,,,e0283293,research,Cited by 11,Linda Abou Abbas,,,Driving anger dimensions and their relationship with aberrant driver behavior in Lebanon: Results from a national self-reported survey,,PLoS one,,https://scholar.google.com/citations?view_op=view_citation&hl=en&user=2q5lQf8AAAAJ&cstart=20&pagesize=80&citation_for_view=2q5lQf8AAAAJ:r0BpntZqJG4C,3,Public Library of Science,"Dalal Youssef, Pascale Salameh, Linda Abou-Abbas, Louis-Rachid Salmi","Driving anger may vary across countries due to culture. This might affect driver behavior, which, in turn, impacts the driving outcomes. This study aims to investigate the relationship between socio-demographic variables, driving anger, and the self-reported aberrant behavior among Lebanese drivers and to determine which anger dimension is linked to driving behavior. A cross-sectional study was conducted among eligible Lebanese drivers from all Lebanese governorates. Data were collected using an anonymous Arabic self-reported questionnaire that included demographic information, driving-related variables, and two scales: the Driver Behavior Questionnaire (DBQ) and the Driver Anger Scale (DAS). Four hierarchical regressions were performed taking the DBQ subscales as the dependent variable and the DAS subscales as independent variables. Out of 1102 surveyed drivers, 68.4% were males, having a mean age of 34.6 ± 12.3 years and an average driving experience of 13.5 ± 10.8 years. DBQ, DAS, and their subscales showed good reliability. Older age and female gender were negatively associated with the tendency of committing aggressive violations. However, being a professional driver and increasing annual mileage were positively associated with a higher tendency to commit aggressive violations. In addition to these factors, a higher educational level was found associated with a lower risk of driver’s involvement in traffic violations. However, increased driving experience was associated with a higher tendency to commit aggressive violations. Reported driving errors were also found positively associated with older age …",Unclassified,0.0
,,"Arterial spin labeling (ASL-MRI) versus fluorodeoxyglucose-PET (FDG-PET) in diagnosing dementia: a systematic review and meta-analysis
H Haidar, RE Majzoub, S Hajeer, LA Abbas - BMC neurology, 2023
Cited by 10 Related articles All 12 versions",2023/10/24,23.0,https://link.springer.com/article/10.1186/s12883-023-03432-y,,,BMC neurology,385,research,Cited by 10,Linda Abou Abbas,,,Arterial spin labeling (ASL-MRI) versus fluorodeoxyglucose-PET (FDG-PET) in diagnosing dementia: a systematic review and meta-analysis,,,,https://scholar.google.com/citations?view_op=view_citation&hl=en&user=2q5lQf8AAAAJ&cstart=20&pagesize=80&citation_for_view=2q5lQf8AAAAJ:pqnbT2bcN3wC,1,BioMed Central,"Hiba Haidar, Rania El Majzoub, Shorouk Hajeer, Linda Abou Abbas","Background
Dementia is generally caused by neurodegenerative diseases affecting the brain, which leads to a progressive neurocognitive decline characterized by inability to perform major higher functioning tasks. Fluorodeoxyglucose-positron emission tomography (FDG-PET) scan is one of the main imaging tests performed for diagnostic purposes. However, with FDG-PET being quite expensive and not widely available, an attempt to find an alternative is set. Arterial-spin-labelling magnetic resonance imaging (ASL-MRI) is an increasingly investigated substitute to FDG-PET for the diagnosis of dementia. Thereby, the main purpose of this systematic review and meta-analysis is to compare the diagnostic ability of FDG-PET and ASL-MRI in detecting dementia.
Methods
PRISMA checklist for diagnostic test accuracy was employed in outlining this paper. A literature search was done using several search engines …",research,0.4
,,"Knowledge and experience of physicians during the COVID-19 Pandemic: A global cross-sectional study
R Mansour, S Rallapalli, HK Baidwan, MS Razai… - PLOS Global Public Health, 2022
Cited by 10 Related articles All 16 versions",2022/7/29,2.0,https://journals.plos.org/globalpublichealth/article?id=10.1371/journal.pgph.0000639,,,,e0000639,research,Cited by 10,Linda Abou Abbas,,,Knowledge and experience of physicians during the COVID-19 Pandemic: A global cross-sectional study,,PLOS Global Public Health,,https://scholar.google.com/citations?view_op=view_citation&hl=en&user=2q5lQf8AAAAJ&cstart=20&pagesize=80&citation_for_view=2q5lQf8AAAAJ:3fE2CSJIrl8C,7,Public Library of Science,"Rania Mansour, Smrithi Rallapalli, Hamreet Kaur Baidwan, Mohammad S Razai, Linda Abou-Abbas","Physicians are on the frontline of the COVID-19 pandemic with responsibility to manage the disease. The aim of this study is to investigate physicians’ knowledge, attitudes, perceptions and experiences, as well as preventative practices regarding the COVID-19 pandemic and COVID-19 vaccinations. Further, we explore physicians’ recommendations for future pandemics. A mixed-methods online survey was disseminated to physicians globally. The survey was distributed via social media from August 9–30, 2021. Data collected included sociodemographic characteristics, knowledge, attitudes, and practices towards COVID-19, concerns regarding vaccinations, and perspectives on policies implemented. Descriptive statistics were reported, and qualitative data were analysed using inductive thematic analysis. A total of 399 physicians from 62 countries completed the survey, with similar participation from High Income Countries and Low- or Middle-Income Countries. Most physicians (87%) revealed a good level of knowledge while only half (54%) reported adhering to adequate preventative measures. More than half of participants (56%) indicated that the policies implemented to handle COVID-19 by their public health agencies were insufficient or disorganised. While most physicians reported increased mental stress (61%) and described their experience with COVID-19 using negative terminology (63%), most physicians (87%) indicated they are willing to continue working in healthcare. Physicians globally possessed good knowledge of COVID-19 and COVID-19 vaccinations; yet improvements in ensuring compliance with preventative measures is …",Unclassified,0.0
,,"Healthcare workers’ experiences of workplace violence: a qualitative study in Lebanon
L Abou-Abbas, R Nasrallah, S Yaacoub… - Conflict and health, 2023
Cited by 9 Related articles All 17 versions",2023/10/3,17.0,https://link.springer.com/article/10.1186/s13031-023-00540-x,,,,45,research,Cited by 9,Linda Abou Abbas,,,Healthcare workers’ experiences of workplace violence: a qualitative study in Lebanon,,Conflict and health,,https://scholar.google.com/citations?view_op=view_citation&hl=en&user=2q5lQf8AAAAJ&cstart=20&pagesize=80&citation_for_view=2q5lQf8AAAAJ:O3NaXMp0MMsC,1,BioMed Central,"Linda Abou-Abbas, Rana Nasrallah, Sally Yaacoub, Jessica Yohana Ramirez Mendoza, Mahmoud Al Wais","Background
The COVID-19 pandemic has brought unprecedented challenges to healthcare workers (HCWs) around the world. The healthcare system in Lebanon was already under pressure due to economic instability and political unrest before the pandemic. This study aims to explore the impact of COVID-19 and the economic crisis on HCWs’ experiences of workplace violence in Lebanon.
Methods
A qualitative research design with an inductive approach was employed to gather data on workplace violence through Focus Group Discussions (FGDs) from HCWs in Tripoli Governmental Hospital (TGH), a governmental hospital in North Lebanon. Participants were recruited through purposive sampling. The interviews were conducted in Arabic, recorded, transcribed, and translated into English. Thematic analysis was used to analyze the data.
Results
A total of 27 employees at the hospital participated in the six FGDs …",research,0.605
,,"Cognitive functioning in women with breast cancer: psychometric properties of the Arabic version of the Functional Assessment of Cancer Therapy-Cognitive Function Tool
M Hassan, Z Barakat, Y Fares, L Abou-Abbas - Health and Quality of Life Outcomes, 2023
Cited by 8 Related articles All 10 versions",2023/1/28,21.0,https://link.springer.com/article/10.1186/s12955-023-02095-0,,,,9,research,Cited by 8,Linda Abou Abbas,,,Cognitive functioning in women with breast cancer: psychometric properties of the Arabic version of the Functional Assessment of Cancer Therapy-Cognitive Function Tool,,Health and Quality of Life Outcomes,,https://scholar.google.com/citations?view_op=view_citation&hl=en&user=2q5lQf8AAAAJ&cstart=20&pagesize=80&citation_for_view=2q5lQf8AAAAJ:maZDTaKrznsC,1,BioMed Central,"Mariam Hassan, Zainab Barakat, Youssef Fares, Linda Abou-Abbas","Background
The Functional Assessment of Cancer Therapy-Cognitive Function (FACT-Cog) evaluates perceived cognitive functioning and their impact on quality of life. This study was designed to evaluate the factors associated with cognitive functioning in a sample of women with breast cancer (BC) in Lebanon. We also sought to explore the psychometric properties of the FACT-Cog Arabic version.
Methods
A cross-sectional study was carried out between March and August 2020 among women with BC. Socio-demographic and clinical characteristics were collected. In addition, patients were asked to complete the FACT-Cog Arabic version as well as the European Organization for Research and Treatment of Cancer Quality of Life Core Questionnaire 30, the Patient Health Questionnaire (PHQ-9), and the Generalized Anxiety Disorder (GAD-7). The internal consistency of the FACT-Cog tool was evaluated using …",research,0.605
,,"Converting the existing disease surveillance from a paper-based to an electronic-based system using district health information system (DHIS-2) for real-time information: the Lebanese experience
D Youssef, A Yaghi, A Jouny, L Abou-Abbas… - BMC health services research, 2022
Cited by 8 Related articles All 15 versions",2022/3/25,22.0,https://link.springer.com/article/10.1186/s12913-022-07773-1,,,,395,research,Cited by 8,Linda Abou Abbas,,,Converting the existing disease surveillance from a paper-based to an electronic-based system using district health information system (DHIS-2) for real-time information: the …,,BMC health services research,,https://scholar.google.com/citations?view_op=view_citation&hl=en&user=2q5lQf8AAAAJ&cstart=20&pagesize=80&citation_for_view=2q5lQf8AAAAJ:kNdYIx-mwKoC,1,BioMed Central,"Dalal Youssef, Ayat Yaghi, Abbas Jouny, Linda Abou-Abbas, Houssam Chammaa, Nada Ghosn","Introduction
The Ministry of Public Health in Lebanon is in the process of converting the surveillance reporting from a cumbersome paper-based system to a web-based electronic platform (DHIS-2) to have real-time information for early detection of alerts and outbreaks and for initiating a prompt response.
Objectives
This paper aimed to document the Lebanese experience in implementing DHIS-2 for the disease surveillance system. It also targets to assess the improvement of reporting rates and timeliness of the reported data and to disclose the encountered challenges and opportunities.
Methodology
This is a retrospective description of processes involved in the implementation of the DHIS-2 tool in Lebanon. Initially, it was piloted for the school-based surveillance in 2014; then its use was extended in May 2017 to cover other specific surveillance systems. This included all surveillance programs collecting aggregate …",Unclassified,0.0
,,"The Rapid Interactive Screening Test for Au-tism in Toddlers (RITA-T): Validity in a Lebanese Cross-Cultural Pilot Study
R Yassin, LA Abbas, M Krayem, E Salame, R Choueiri - Int J Autism & Relat Disabil: IJARD-136. DOI, 2020
Cited by 8 Related articles All 8 versions",2020,10.0,https://www.umassmed.edu/globalassets/autismrita-t/docs/rita-t-beirut.pdf,,,,2642-3227.000036,research,Cited by 8,Linda Abou Abbas,,,The Rapid Interactive Screening Test for Au-tism in Toddlers (RITA-T): Validity in a Lebanese Cross-Cultural Pilot Study,,Int J Autism & Relat Disabil: IJARD-136. DOI,,https://scholar.google.com/citations?view_op=view_citation&hl=en&user=2q5lQf8AAAAJ&cstart=20&pagesize=80&citation_for_view=2q5lQf8AAAAJ:dhFuZR0502QC,,,"R Yassin, LA Abbas, M Krayem, E Salame, R Choueiri","Objective is cross-culturally validating the Rapid Interactive Screening Test for Autism in Toddlers (RITA-T). Validity, specificity, sensitivity and cut off score were established in typically developing/at-risk, Autism Spectrum Disorders (ASD) negative/at-risk and ASD positive Lebanese toddlers aged 18-36 months. RITA-T/Modified Checklist for Autism in Toddlers-Revised (M-CHAT-R) tests preceded diagnosis by clinical evaluation, Autism Diagnostic Observation Schedule/Diagnostic and Statistical Manual of Mental Disorders, 5th Edition (DSM-5) criteria. RITA-T demonstrates good internal consistency/testretest reliability. Scores for RITA-T/M-CHAT-R were higher in at-risk-ASD vs. typically developing/at-risk non-ASD toddlers. Significant correlations between RITA-T and ADOS-2 scores suggested convergent validity. Receiver operating curve analysis identified 15 as cut-off for ASD (sensitivity= 96%/specificity= 100%) with positive/negative predictive values of 100% and 96%, respectively. The RITA-T is effective in screening ASD in Lebanese toddlers.",Unclassified,0.0
,,"Has the COVID-19 pandemic changed the utilization and provision of essential health care services from 2019 to 2020 in the primary health care network in Lebanon? Results from a nationwide representative cross-sectional survey
S Yaacoub, C Zmeter, L Abou Abbas, E Leresche… - PloS one, 2023
Cited by 7 Related articles All 15 versions",2023/7/13,18.0,https://journals.plos.org/plosone/article?id=10.1371/journal.pone.0288387,,,,e0288387,research,Cited by 7,Linda Abou Abbas,,,Has the COVID-19 pandemic changed the utilization and provision of essential health care services from 2019 to 2020 in the primary health care network in Lebanon? Results from …,,PloS one,,https://scholar.google.com/citations?view_op=view_citation&hl=en&user=2q5lQf8AAAAJ&cstart=20&pagesize=80&citation_for_view=2q5lQf8AAAAJ:GnPB-g6toBAC,7,Public Library of Science,"Sally Yaacoub, Carla Zmeter, Linda Abou Abbas, Enrica Leresche, Ola Kdouh, Rawan Hammoud, Jennifer Leaning, Randa Hamadeh, Claudia Truppa","There is limited research soliciting the patient and staff perspectives on the overall effects of COVID-19 on the utilization and provision of primary care in Lebanon. The present study was part of a larger study on the overall effect of COVID-19 on both utilization and provision of essential health care services within the Lebanese primary health care network (PHCN). Here, we present the patient and staff perspectives on continuity of service provision, adherence to infection prevention and control measures, and the role of the PHCN in epidemic preparedness and response. We conducted a cross-sectional survey between June and July 2021 among patients who had received a health care service in 2019 or 2020 from registered primary healthcare centers (PHCs) in the network and among the respective PHC staff working during the same period. A total of 763 patients and 198 staff completed the surveys. Services were reported as interrupted by 15% of the total patients who used services either in 2020 only or in both 2019 and 2020. Access to chronic (67%) and acute medications (40%) were reported as the main interrupted services. Immunization also emerged as a foregone service in 2020. Among the staff, one third (33%) reported interruptions in the provision of services. Financial barriers rather than fear of COVID-19 were reported as main reasons for interruption. Both groups considered that the facilities implemented adequate infection prevention and control measures. They perceived that the PHCN maintained some essential healthcare services and that it should have played a bigger role in the response to the pandemic. There was a …",research,0.603
,,"Exploring determinants of community pharmacist-led influenza vaccination in a Middle Eastern country: a national web-based cross-sectional study
D Youssef, L Abou-Abbas, H Hassan - Journal of pharmaceutical policy and practice, 2021
Cited by 7 Related articles All 15 versions",2021/12,14.0,https://link.springer.com/article/10.1186/s40545-021-00367-y,,,,1-13,research,Cited by 7,Linda Abou Abbas,,,Exploring determinants of community pharmacist-led influenza vaccination in a Middle Eastern country: a national web-based cross-sectional study,,Journal of pharmaceutical policy and practice,,https://scholar.google.com/citations?view_op=view_citation&hl=en&user=2q5lQf8AAAAJ&cstart=20&pagesize=80&citation_for_view=2q5lQf8AAAAJ:4TOpqqG69KYC,,BioMed Central,"Dalal Youssef, Linda Abou-Abbas, Hamad Hassan","Background
Utilizing community pharmacists (CPs) as immunizers has being adopted in various countries as approach to boost influenza vaccination coverage. Our study aims to explore the Lebanese CPs’ willingness to administer influenza vaccine, and to identify factors associated with this willingness.
Methods
This is a web-based, cross-sectional study, conducted over 2 months, from the 1st of November to the end of December 2020. Self-reported data were collected electronically from Lebanese CPs through an anonymous, questionnaire using google form. The collected data were analyzed using the statistical software SPSS (Statistical Package for Social Sciences). Bivariate and multivariable analyses were performed to examine factors associated with the willingness of CPs to administer influenza vaccine.
Results …",Unclassified,0.0
,,"Phased repatriation of Lebanese expatriates stranded abroad during coronavirus disease 2019 (COVID-19) pandemic
D Youssef, A Berry, N Ghosn, M Zalzali, R Fadlallah… - Archives of Public Health, 2021
Cited by 7 Related articles All 19 versions",2021/12,79.0,https://link.springer.com/article/10.1186/s13690-021-00740-y,,,,1-9,research,Cited by 7,Linda Abou Abbas,,,Phased repatriation of Lebanese expatriates stranded abroad during coronavirus disease 2019 (COVID-19) pandemic,,Archives of Public Health,,https://scholar.google.com/citations?view_op=view_citation&hl=en&user=2q5lQf8AAAAJ&cstart=20&pagesize=80&citation_for_view=2q5lQf8AAAAJ:roLk4NBRz8UC,,BioMed Central,"Dalal Youssef, Atika Berry, Nada Ghosn, Mahmoud Zalzali, Riad Fadlallah, Linda Abou-Abbas, Hamad Hassan","Background
The coronavirus disease (COVID-19) pandemic represents a serious worldwide threat. Stranded Lebanese citizens abroad appealed to the Lebanese government to embark on citizen repatriation missions. We aim to document the Lebanese experience in the repatriation of citizens during COVID-19 which allow us to disclose encountered challenges and lessons learned.
Methods
This is a retrospective description of processes involved in the phased repatriation of Lebanese citizens. The Mission consisted of 4 phases starting, April 5th until June 19th 2020. The prioritization of returnees was based on both medical and social risk assessment. The repatriation team was divided into four groups: the aircraft team, the airport team, the hotel team and the follow up team. On arrival, all returning citizens were tested using Polymerase chain …",Unclassified,0.0
,,"Body image dissatisfaction and psychological distress among adults with excessive body weight
L Abou Abbas, Z Nasser, P Salameh, Z Mansour… - International journal of health science and research, 2018
Cited by 7 Related articles All 3 versions",2018,8.0,https://www.researchgate.net/profile/Youssef-Fares-3/publication/324261363_Body_Image_Dissatisfaction_and_Psychological_Distress_among_Adults_with_Excessive_Body_Weight/links/5ac7a5e34585151e80a3b33f/Body-Image-Dissatisfaction-and-Psychological-Distress-among-Adults-with-Excessive-Body-Weight.pdf,,,,3-10,research,Cited by 7,Linda Abou Abbas,,,Body image dissatisfaction and psychological distress among adults with excessive body weight,,International journal of health science and research,,https://scholar.google.com/citations?view_op=view_citation&hl=en&user=2q5lQf8AAAAJ&cstart=20&pagesize=80&citation_for_view=2q5lQf8AAAAJ:eQOLeE2rZwMC,4,,"Linda Abou Abbas, Zeina Nasser, Pascale Salameh, Zeinab Mansour, Lina Abou Abbas, Lamis Abou Abbas, Youssef Fares, Isabelle Godin","Excessive body weight among adult population has emerged as a major public health concern in both developed and developing countries. This study examined the effects of actual body weight and body image dissatisfaction on psychological distress among adults with excessive body weight. A cross sectional study was conducted using a convenient sample of adults aged 18 to 40 years old with a body mass index higher than 25 Kg/m2. Participants were recruited from different institutions in Lebanon. Data was collected using a self-administered questionnaire including information about socio-demographic characteristics, cigarette smoking, weight and height measurements, and three standardized questionnaires namely the Beirut Distress Scale, the Body Shape Questionnaire, and the Eating Attitude Test. The total number of participants was 200 of which 66.5% were females with a mean age of 26.9 years. Multiple linear regression analysis showed that body shape dissatisfaction was associated with Psychological Distress in the overall sample (Standardized Beta= 0.40). The moderating effect of gender and body mass index categories was tested in the adjusted models using interaction terms. The association between body shape dissatisfaction and psychological distressdiffered by gender only (P-value for interaction= 0.006). The positive relationship between body shape dissatisfaction and psychological distress was more pronounced among men (Standardized Beta= 0.59) than women (Standardized Beta= 0.28). However, no significant effect for body mass index on psychological distress was found. Body image dissatisfaction rather …",Unclassified,0.0
,,"Body mass index and psychological distress among Lebanese University students: examining the moderating effect of gender
L Abou Abbas, P Salameh, W Nasser, Z Nasser… - International journal of adolescence and youth, 2016
Cited by 7 Related articles All 8 versions",2016/7/2,21.0,https://www.tandfonline.com/doi/pdf/10.1080/02673843.2015.1083450,,,,332-340,research,Cited by 7,Linda Abou Abbas,,,Body mass index and psychological distress among Lebanese University students: examining the moderating effect of gender,,International journal of adolescence and youth,,https://scholar.google.com/citations?view_op=view_citation&hl=en&user=2q5lQf8AAAAJ&cstart=20&pagesize=80&citation_for_view=2q5lQf8AAAAJ:_kc_bZDykSQC,3,Routledge,"Linda Abou Abbas, Pascale Salameh, Wissam Nasser, Zeina Nasser, Isabelle Godin","Studies investigating the association between body mass index (BMI) and psychological distress (PD) have shown contradictory results. The present study examined the relationship between BMI and PD among Lebanese university students and tested its moderation by gender. A cross-sectional study was conducted using a proportionate cluster sampling of university students. Data concerning socio-demographic characteristics, body weight and height, tobacco consumption, physical activity, presence of chronic diseases and self-rated global health were collected. PD was assessed using Beirut Distress Scale (BDS-22). Students were classified as underweight (BMI <18.5 kg/m2), normal weight (BMI 18.5–24.9 kg/m2), overweight (BMI 25–29.9 kg/m2) and obese (BMI >30 kg/m2). The association between BMI and BDS-22 differed by gender (p-value for interaction: .02). Being overweight was inversely associated …",Unclassified,0.0
,,"Neuroimaging findings in children with COVID-19 infection: a systematic review and meta-analysis
GH Safadieh, R El Majzoub, L Abou Abbas - Scientific Reports, 2024
Cited by 5 Related articles All 8 versions",2024/2/27,14.0,https://www.nature.com/articles/s41598-024-55597-2,,,Scientific Reports,4790,research,Cited by 5,Linda Abou Abbas,,,Neuroimaging findings in children with COVID-19 infection: a systematic review and meta-analysis,,,,https://scholar.google.com/citations?view_op=view_citation&hl=en&user=2q5lQf8AAAAJ&cstart=20&pagesize=80&citation_for_view=2q5lQf8AAAAJ:35N4QoGY0k4C,1,Nature Publishing Group UK,"Ghida Hasan Safadieh, Rania El Majzoub, Linda Abou Abbas","The COVID-19 pandemic has impacted individuals differently, and there's been a growing body of evidence pointing to neurological complications caused by the virus. However, our understanding of the range of neurological issues linked to SARS-CoV-2 infection in children is limited. This systematic review and meta-analysis aimed to assess the abnormal neuroimaging findings in pediatric COVID-19 patients, shedding light on this crucial aspect of the disease's impact on children. We conducted an extensive search in the PubMed, Medline, and ScienceDirect databases for observational studies reporting neuroimaging findings of the brain and spinal cord in children with COVID-19 between December 1, 2019, and October 30, 2021. Grey literature sources, including medRxiv and Google Scholar, were also explored. Pooled proportions of abnormal neuroimaging findings, categorized into neurovascular findings …",research,0.4
,,"Cross-cultural adaptation and validation of the arabic version of the rating anxiety in dementia scale
Y Feghali, H Koubaissy, Y Fares, LA Abbas - Clinical Gerontologist, 2020
Cited by 5 Related articles All 5 versions",2020/5/3,43.0,https://www.researchgate.net/profile/Youssef-Fares-3/publication/336882219_Cross-Cultural_Adaptation_and_Validation_of_the_Arabic_Version_of_the_Rating_Anxiety_in_Dementia_Scale/links/5db8cd92299bf1a47bfd4a24/Cross-Cultural-Adaptation-and-Validation-of-the-Arabic-Version-of-the-Rating-Anxiety-in-Dementia-Scale.pdf,,,,320-330,research,Cited by 5,Linda Abou Abbas,,,Cross-cultural adaptation and validation of the arabic version of the rating anxiety in dementia scale,,Clinical Gerontologist,,https://scholar.google.com/citations?view_op=view_citation&hl=en&user=2q5lQf8AAAAJ&cstart=20&pagesize=80&citation_for_view=2q5lQf8AAAAJ:ufrVoPGSRksC,3,Routledge,"Yara Feghali, Hiba Koubaissy, Youssef Fares, Linda Abou Abbas","Objectives: This study aims to cross-culturally adapt the Rating Anxiety in Dementia (RAID) scale into Arabic language, evaluate its psychometric properties in a sample of Lebanese patients with dementia and determine the optimal cutoff for the identification of anxiety.
Methods: A cross-sectional study was carried out with a sample of 136 patients with dementia aged 55 years and above. RAID-A was administered to a formal caregiver of the patient as well as a battery of psychological tools namely Hamilton anxiety scale (HAM-A) and Neuropsychiatric Inventory anxiety subscale (NPI-A). The Structured Clinical Interview for the Diagnostic and Statistical Manual of Mental Disorders, 5th Edition (DSM-5) was used to establish a clinical diagnosis of generalized anxiety disorder (GAD).
Results: RAID-A scale demonstrated high internal consistency (Cronbach’s a = 0.82) and test-retest reliability (Intraclass coefficient = 0.99 …",Unclassified,0.0
,,"Examining the validity and reliability of the Arabic translated version of the depression and somatic symptoms scale (A-DSSS) among the Lebanese adults
A Ismail, A Chabbouh, E Charro, J El Masri, M Ghazi… - Scientific Reports, 2024
Cited by 4 Related articles All 8 versions",2024/3/5,14.0,https://www.nature.com/articles/s41598-024-55813-z,,,,5435,research,Cited by 4,Linda Abou Abbas,,,Examining the validity and reliability of the Arabic translated version of the depression and somatic symptoms scale (A-DSSS) among the Lebanese adults,,Scientific Reports,,https://scholar.google.com/citations?view_op=view_citation&hl=en&user=2q5lQf8AAAAJ&cstart=20&pagesize=80&citation_for_view=2q5lQf8AAAAJ:70eg2SAEIzsC,1,Nature Publishing Group UK,"Ali Ismail, Alfred Chabbouh, Elie Charro, Jad El Masri, Maya Ghazi, Najwane Said Sadier, Linda Abou-Abbas","The prevalence of depression is high worldwide, and somatic symptoms are known to be one of the most debilitating aspects of depression. However, clinicians often face challenges in accurately assessing this comorbidity. To address this issue, the Depression and Somatic Symptoms Scale (DSSS) was developed as a self-administered scale that can diagnose both depression and somatic symptoms. The objective of this study is to evaluate the validity and reliability of the Arabic-translated version of the DSSS (A-DSSS) in a sample of Lebanese adults, as well as to explore its associated factors. A cross-sectional study was conducted over a period of one month, from February to March 2023, and involved a sample of 422 participants who were aged 18 years or older. Participants completed a questionnaire that included various measures, including demographic characteristics, alcohol and smoking habits …",Unclassified,0.0
,,"Prevalence of Body Dysmorphic Disorder (BDD) among the Lebanese University students: associated risk factors and repercussion on mental health
A Saab, Y Jamaleddine, O Ismail, L Abou Abbas… - Journal of Preventive Medicine and Hygiene, 2024
Cited by 4 Related articles All 6 versions",2024/1/1,64.0,https://pmc.ncbi.nlm.nih.gov/articles/PMC10876033/,,,,E481,research,Cited by 4,Linda Abou Abbas,,,Prevalence of Body Dysmorphic Disorder (BDD) among the Lebanese University students: associated risk factors and repercussion on mental health,,Journal of Preventive Medicine and Hygiene,,https://scholar.google.com/citations?view_op=view_citation&hl=en&user=2q5lQf8AAAAJ&cstart=20&pagesize=80&citation_for_view=2q5lQf8AAAAJ:vV6vV6tmYwMC,4,,"Abdallah Saab, Youssef Jamaleddine, Omar Ismail, Linda Abou Abbas, Rama Daoud, Zeina Nasser","Summary Introduction Body Dysmorphic Disorder (BDD) is a psychological illness characterized by persistent and intrusive preoccupation with an imagined or slight defect in appearance. This study aimed to determine the prevalence of BDD and investigate its association with mental health status (depression and anxiety), religiosity, eating disorder risk, and self-esteem among Lebanese University students. Methods A cross-sectional study was conducted in March 2020, involving students from the Lebanese University. Data were collected using the dysmorphic concern questionnaire (DCQ), Rosenberg self-esteem scale (RSE), religiosity scale, patient health questionnaire (PHQ-9), generalized anxiety disorder assessment (GAD-7), Eating Attitude test-26 scale (EAT-26). Results A total of 6,448 participants were enrolled in our study. The overall prevalence of BDD among university students was (6.4%).Our results …",Unclassified,0.0
,,"Unveiling the unknown: first comprehensive assessment of the knowledge, attitudes and practices of hospital cleaning services staff regarding COVID-19 in Lebanon during the pandemic
D Youssef, L Abou-Abass, H Hassan - Archives of Public Health, 2023
Cited by 4 Related articles All 16 versions",2023/7/17,81.0,https://link.springer.com/article/10.1186/s13690-023-01149-5,,,,134,research,Cited by 4,Linda Abou Abbas,,,"Unveiling the unknown: first comprehensive assessment of the knowledge, attitudes and practices of hospital cleaning services staff regarding COVID-19 in Lebanon during the …",,Archives of Public Health,,https://scholar.google.com/citations?view_op=view_citation&hl=en&user=2q5lQf8AAAAJ&cstart=20&pagesize=80&citation_for_view=2q5lQf8AAAAJ:ns9cj8rnVeAC,1,BioMed Central,"Dalal Youssef, Linda Abou-Abass, Hamad Hassan","Background
Hospital cleaners are the unsung heroes in the fight against the COVID-19 pandemic. This study aimed to assess the knowledge, attitudes, and practices (KAP) of hospital cleaners towards COVID-19 and determine factors associated with good practices.
Methods
A cross-sectional study was conducted in Lebanon between the 1st and 14th November 2020. Using a snowball sampling technique, data were collected through an online survey that was sent to governmental and private hospitals. The questionnaire consisted of socio-demographic characteristics and KAP of hospital cleaners towards COVID-19. Descriptive statistics and logistic regression analysis were performed.
Results
A total of 453 cleaners completed the survey, of whom 54.3% were females. Most participants had a good level of COVID-19 knowledge (98%) and good preventive practices (89.7%). Regarding attitude, 90.7% had a …",Unclassified,0.0
,,"Psychometric evaluation of the Lebanese Arabic version of the Dental Fear Survey: a cross-sectional study
H Kassem El Hajj, Y Fares, L Abou-Abbas - BMC Oral Health, 2021
Cited by 4 Related articles All 11 versions",2021/12/18,21.0,https://link.springer.com/article/10.1186/s12903-021-02015-y,,,,651,research,Cited by 4,Linda Abou Abbas,,,Psychometric evaluation of the Lebanese Arabic version of the Dental Fear Survey: a cross-sectional study,,BMC Oral Health,,https://scholar.google.com/citations?view_op=view_citation&hl=en&user=2q5lQf8AAAAJ&cstart=20&pagesize=80&citation_for_view=2q5lQf8AAAAJ:9ZlFYXVOiuMC,1,BioMed Central,"Hiba Kassem El Hajj, Youssef Fares, Linda Abou-Abbas","Background
Dental fear is a prevalent problem that can lead to poor dental health. The Kleinknecht’s Dental Fear Survey (DFS) is one of the used scales to assess dental fear. The present study aims to evaluate the psychometric properties of the Lebanese Arabic version of the DFS (DFS-A) and to determine the optimal cut-off to identify dental fear as well as the correlates of dental fear in a group of Lebanese adults dental patients.
Methods
A cross-sectional study was conducted among a group of 442 dental patients (18–65 years) recruited at 29 dental clinics from March to June 2019. Patients completed a questionnaire including questions about demographic characteristics, previous bad dental experience, trauma’s experience period, the sensation of nausea during dental treatment, the DFS-A scale, the Lebanese Arabic version of the Modified Dental Anxiety Scale (MDAS-A), and a general question about dental …",Unclassified,0.0
,,"Implementing and evaluating integrated care models for non-communicable diseases in fragile and humanitarian settings
L Vijayasingham, É Ansbro, C Zmeter, L Abou Abbas… - Journal of migration and health, 2024
Cited by 3 Related articles All 9 versions",2024/1/1,9.0,https://www.sciencedirect.com/science/article/pii/S2666623524000187,,,,100228,research,Cited by 3,Linda Abou Abbas,,,Implementing and evaluating integrated care models for non-communicable diseases in fragile and humanitarian settings,,Journal of migration and health,,https://scholar.google.com/citations?view_op=view_citation&hl=en&user=2q5lQf8AAAAJ&cstart=20&pagesize=80&citation_for_view=2q5lQf8AAAAJ:2P1L_qKh6hAC,,Elsevier,"Lavanya Vijayasingham, Éimhín Ansbro, Carla Zmeter, Linda Abou Abbas, Benjamin Schmid, Leah Sanga, Lars Bruun Larsen, Sigiriya Aebischer Perone, Pablo Perel","In this commentary, we advocate for the wider implementation of integrated care models for NCDs within humanitarian preparedness, response, and resilience efforts. Since experience and evidence on integrated NCD care in humanitarian settings is limited, we discuss potential benefits, key lessons learned from other settings, and lessons from the integration of other conditions that may be useful for stakeholders considering an integrated model of NCD care. We also introduce our ongoing project in North Lebanon as a case example currently undergoing parallel tracks of program implementation and process evaluation that aims to strengthen the evidence base on implementing an integrated NCD care model in a crisis setting.",Unclassified,0.0
,,"Smoking status and SARS-CoV-2 infection severity among Lebanese adults: a cross-sectional study
A Hoballah, R El Haidari, R Badran, A Jaber… - BMC Infectious Diseases, 2022
Cited by 3 Related articles All 11 versions",2022/9/24,22.0,https://link.springer.com/article/10.1186/s12879-022-07728-1,,,,746,research,Cited by 3,Linda Abou Abbas,,,Smoking status and SARS-CoV-2 infection severity among Lebanese adults: a cross-sectional study,,BMC Infectious Diseases,,https://scholar.google.com/citations?view_op=view_citation&hl=en&user=2q5lQf8AAAAJ&cstart=20&pagesize=80&citation_for_view=2q5lQf8AAAAJ:TFP_iSt0sucC,1,BioMed Central,"Abbas Hoballah, Rana El Haidari, Rima Badran, Ali Jaber, Samir Mansour, Linda Abou-Abbas","Background
A paradoxical hypothesis about the effect of smoking on patients infected with severe acute respiratory syndrom 2 (SARS-CoV-2) infection still exists. Furthermore, gender-discrepancy in the impact of smoking on COVID-19 severity was given little attention. Thus, the aims of the present study were to evaluate the prevalence of smoking and the COVID-19 infection severity in a sample of adult patients diagnosed with COVID-19 and to explore the relationship between smoking status and SARS-CoV-2 infection severity in the overall sample and stratified by gender.
Methods
A retrospective analytical study was conducted on patients diagnosed with COVID-19 cases between December, 2020 and April, 2021 from three leading laboratories in Lebanon. Sociodemographic characteristics, smoking status and clinical symptoms were collected. Multinomial logistic regression analysis was used to explore the …",Unclassified,0.0
,,"COVID-19 mortality surveillance in Lebanon
L Abou-Abbas, Z Nasser, M Baaklini, L Cheaito… - Scientific Reports, 2022
Cited by 3 Related articles All 10 versions",2022/8/27,12.0,https://www.nature.com/articles/s41598-022-18715-6,,,,14639,research,Cited by 3,Linda Abou Abbas,,,COVID-19 mortality surveillance in Lebanon,,Scientific Reports,,https://scholar.google.com/citations?view_op=view_citation&hl=en&user=2q5lQf8AAAAJ&cstart=20&pagesize=80&citation_for_view=2q5lQf8AAAAJ:iH-uZ7U-co4C,1,Nature Publishing Group UK,"Linda Abou-Abbas, Zeina Nasser, Mario Baaklini, Lina Cheaito, Jeanette Karout, Hawraa Sweidan, Abbas Jouni, Nada Ghosn, Hamad Hassan","Since the beginning of the COVID-19 pandemic, the Epidemiological surveillance program of the Lebanese Ministry of Public Health has launched a rapid surveillance system for collecting COVID-19-related mortality data. In this study, we document the Lebanese experience of COVID-19 mortality surveillance and provide an analysis of the epidemiological characteristics of confirmed deaths. The implementation of the rapid COVID-19 mortality surveillance system, data sources, and data collection were described. A retrospective descriptive analysis of the epidemiological characteristics of confirmed cases occurring in Lebanon between February 20, 2020, and September 15, 2021, was performed. Epidemiological curves of Covid-19 confirmed cases and deaths as well as the geographic distribution map of mortality rates were generated. Between February 21, 2020, and September 15, 2021, a total of 8163 COVID …",Unclassified,0.0
,,"Knowledge, attitudes and practices of hospital cleaning services staff towards Coronavirus Disease-2019 (COVID-19) in a Middle Eastern country: A web-based cross-sectional study
D Youssef, L Abou Abass, H Hassan - 2021
Cited by 3 Related articles All 5 versions",2021/6/21,,https://www.researchsquare.com/article/rs-576799/latest.pdf,,,,,research,Cited by 3,Linda Abou Abbas,,,"Knowledge, attitudes and practices of hospital cleaning services staff towards Coronavirus Disease-2019 (COVID-19) in a Middle Eastern country: A web-based cross-sectional study",,,,https://scholar.google.com/citations?view_op=view_citation&hl=en&user=2q5lQf8AAAAJ&cstart=20&pagesize=80&citation_for_view=2q5lQf8AAAAJ:NMxIlDl6LWMC,,,"Dalal Youssef, Linda Abou Abass, Hamad Hassan","Background Hospital cleaners are the unsung heroes in the fight against the COVID-19 pandemic. This study aims to assess the knowledge, attitudes, and practices (KAP) of hospital cleaners towards COVID-19 and to determine factors associated with good practices.
Methods A cross-sectional study was conducted in Lebanon between 1st and 14th November 2020. Data was collected through an online survey that was sent to governmental-run and private hospitals. The questionnaire consisted of socio-demographic characteristics, clinical information, and KAP of hospital cleaners towards Covid-19. The collected data was exported to SPSS for analysis. The relation between nominal variables was tested using the chi-squared test. The variables in bivariate analysis with p-value< 0.2 were entered into multivariable logistic regression. Adjusted odds ratio and their 95% confidence intervals were reported. The level of statistical significance was set at a p-value< 0.05.
Results A total of 453 cleaners completed the survey of which 54.3% were females. Most of the participants had a good level of COVID-19 knowledge (98%) and good preventive practices (89.7%). Regarding attitude, 90.7% had a positive attitude toward health facilities, 78.8% towards cleaning and disinfection, and 73.5% towards health authorities. Sociodemographic characteristics including younger age, higher levels of education, working in private hospitals, and having more than 3 years of experience were positively associated with good preventive practices. Our results also showed that participants with good knowledge about COVID-19, COVID-19 prevention and treatment …",Unclassified,0.0
,,"Challenges in accessing health care services for women and girls with disabilities using a humanitarian physical rehabilitation program in Lebanon: a mixed method study
L Abou-Abbas, D Sabbagh, R Rossi, L Vijayasingham… - International Journal for Equity in Health, 2024
Cited by 2 Related articles All 7 versions",2024/12/18,23.0,https://link.springer.com/article/10.1186/s12939-024-02356-4,,,,267,research,Cited by 2,Linda Abou Abbas,,,Challenges in accessing health care services for women and girls with disabilities using a humanitarian physical rehabilitation program in Lebanon: a mixed method study,,International Journal for Equity in Health,,https://scholar.google.com/citations?view_op=view_citation&hl=en&user=2q5lQf8AAAAJ&cstart=20&pagesize=80&citation_for_view=2q5lQf8AAAAJ:u_35RYKgDlwC,1,BioMed Central,"Linda Abou-Abbas, Diana Sabbagh, Rodolfo Rossi, Lavanya Vijayasingham, Maria Rita Lteif, Haya Rawi, Rouba Mitri, Hala Al Sultan, Aicha Benyaich, Ahmad Al-Mosa, Claudia Truppa","Background
Achieving equitable healthcare access for persons with disabilities is vital, as they often face various barriers that impact their health and well-being. Recognizing the importance of gender equity, this study aims to explore the specific barriers faced by women and girls with disabilities in accessing quality healthcare services in Lebanon.
Methods
A mixed-method sequential explanatory approach was employed. Initially, a retrospective descriptive study analyzed data from the International Committee of the Red Cross (ICRC)-supported physical rehabilitation programme (PRP) database. Subsequently, in-depth interviews were conducted to delve into factors influencing gender-disproportionate service users and to uncover barriers to accessing healthcare. Levesque et al.‘s ‘Conceptual framework on healthcare access’ was used to organize and map the results.
Results
The quantitative analysis of service …",Unclassified,0.0
,,"Psychometric properties of the Arabic version of the everyday memory questionnaire-revised (EMQ-R) among the Lebanese population
A Taleb, A Ismail, L Abou-Abbas - The Clinical Neuropsychologist, 2024
Cited by 2 Related articles All 5 versions",2024/11/16,38.0,,,,,2009-2026,research,Cited by 2,Linda Abou Abbas,,,Psychometric properties of the Arabic version of the everyday memory questionnaire-revised (EMQ-R) among the Lebanese population,,The Clinical Neuropsychologist,,https://scholar.google.com/citations?view_op=view_citation&hl=en&user=2q5lQf8AAAAJ&cstart=20&pagesize=80&citation_for_view=2q5lQf8AAAAJ:g5m5HwL7SMYC,8,Routledge,"Aya Taleb, Ali Ismail, Linda Abou-Abbas","Objective
This study aimed to evaluate the psychometric properties of the Arabic version of the Everyday Memory Questionnaire- Revised (EMQ-R-A) in a sample of Lebanese adults.
Methods
A cross-sectional study was conducted in August 2023. A diverse sample of 483 Lebanese adults aged 18 to 60 years from all Lebanese governorates was recruited. Participants completed an Arabic-language questionnaire comprising three sections: socio-demographic characteristics, health-related inquiries, the EMQ-R-A and the Arabic version of the Prospective and Retrospective Memory Questionnaire (PRMQ).
Results
The study’s findings indicated that the EMQ-R-A displayed strong internal consistency (Cronbach’s alpha = 0.925). Convergent validity was supported by a significant correlation with PRMQ. Test-retest results demonstrated strong reliability with a Cronbach’s alpha of 0.925. Confirmatory factor analysis …",Unclassified,0.0
,,"Exploring characteristics and severity of road traffic injuries in Lebanon using emergency department hospital-based data
D Youssef, P Salameh, W Al-Shaar, N Ghosn, LR Salmi - Scientific Reports, 2024
Cited by 2 Related articles All 10 versions",2024/10/17,14.0,https://www.nature.com/articles/s41598-024-75622-8,,,,24331,research,Cited by 2,Linda Abou Abbas,,,Exploring characteristics and severity of road traffic injuries in Lebanon using emergency department hospital-based data,,Scientific Reports,,https://scholar.google.com/citations?view_op=view_citation&hl=en&user=2q5lQf8AAAAJ&cstart=20&pagesize=80&citation_for_view=2q5lQf8AAAAJ:TQgYirikUcIC,1,Nature Publishing Group UK,"Dalal Youssef, Pascale Salameh, Walid Al-Shaar, Nada Ghosn, Louis-Rachid Salmi","In Lebanon, the lack of quality data on road traffic injuries (RTIs) led to the implementation of a hospital-based RTI surveillance system by the Ministry of Health in in private and public-run hospitals in the Bekaa governorate. This paper aims to describe the characteristics and severity of RTIs recorded over two years during the pilot phase. It also assesses the strengths and challenges of the surveillance system, highlighting areas for enhancement. The data collected from the Emergency department (ED) was used to conduct a retrospective analysis of population-based injuries hospitalized for road traffic crashes (RTC). Designated focal persons reported injuries weekly using a standardized form, which included demographic and crash-related variables, body lesions, and vital signs. Data were coded per the International Classification of Diseases (ICD-10), entered into Epidata, and analyzed using SPSS. The RTI …",Unclassified,0.0
,,"Examining self-reported aberrant behavior among Lebanese drivers using the Driver Behavior Questionnaire (DBQ)
D Youssef, P Salameh, L Abou-Abbas, LR Salmi - Discover Social Science and Health, 2023
Cited by 2 Related articles All 4 versions",2023/12/11,3.0,https://link.springer.com/article/10.1007/s44155-023-00056-y,,,,25,research,Cited by 2,Linda Abou Abbas,,,Examining self-reported aberrant behavior among Lebanese drivers using the Driver Behavior Questionnaire (DBQ),,Discover Social Science and Health,,https://scholar.google.com/citations?view_op=view_citation&hl=en&user=2q5lQf8AAAAJ&cstart=20&pagesize=80&citation_for_view=2q5lQf8AAAAJ:NaGl4SEjCO4C,1,Springer International Publishing,"Dalal Youssef, Pascale Salameh, Linda Abou-Abbas, Louis-Rachid Salmi","Background
The Driver Behavior Questionnaire (DBQ) is one of the most used tools for measuring self-reported aberrant driving behavior. Several versions of the DBQ exist varying in terms of the item number and factor structure.
Objectives
This study aimed to investigate the psychometric properties and the factorial structure of the DBQ for assessing aberrant behavior among Lebanese drivers and to examine the relationship between DBQ subscales and socio-demographic characteristics and traffic-related variables.
Methods
A cross-sectional study was conducted among Lebanese drivers aged over 18 years from all Lebanese governorates. Data were collected using a convenient sampling technique and an anonymous Arabic self-administered questionnaire that included socio-demographic characteristics and the Arabic Lebanese version of the DBQ (DBQ-L). Statistical analyses were performed using SPSS …",Unclassified,0.0
,,"Utility values and its time to deterioration in breast cancer patients after diagnosis and during treatments
RE Haidari, A Anota, TS Dabakuyo-Yonli, F Guillemin… - Quality of Life Research, 2022
Cited by 2 Related articles All 5 versions",2022/10,31.0,,,,,3077-3085,research,Cited by 2,Linda Abou Abbas,,,Utility values and its time to deterioration in breast cancer patients after diagnosis and during treatments,,Quality of Life Research,,https://scholar.google.com/citations?view_op=view_citation&hl=en&user=2q5lQf8AAAAJ&cstart=20&pagesize=80&citation_for_view=2q5lQf8AAAAJ:-f6ydRqryjwC,10,Springer International Publishing,"Rana El Haidari, Amelie Anota, Tienhan S Dabakuyo-Yonli, Francis Guillemin, Thierry Conroy, Michel Velten, Damien Jolly, Sylvain Causeret, Jean Cuisenier, Olivier Graesslin, Linda Abou Abbas, Virginie Nerich","Background
The potential effects of breast cancer (BC) on health-related quality of life (HRQoL) should be considered in clinical and policy decision-making, as the economic burden of BC management is currently assessed. In the last decades, time-to-HRQoL score deterioration (TTD) has been proposed as an approach to the analysis of longitudinal HRQoL in oncology. The main objectives of the current study were to investigate the evolution of the utility values in BC patients after diagnosis and during follow-ups and to evaluate the TTD in utility values among women in all stages of BC.
Methods
Health-state utility values (HSUV) were assessed using the EuroQol 5-Dimension 3-Level at diagnosis, at the end of the first hospitalization and 3 and 6 months after the first hospitalization. For a given baseline score, HSUV was considered to have deteriorated if this score decreased by ≥ 0.08 points of the EQ-5D utility …",Unclassified,0.0
,,"Examining self-reported aberrant behavior among Lebanese drivers using the Driver Behavior Questionnaire (DBQ)
D Youssef, P Salameh, L Abou-Abbas, LR Salmi - 2022
Cited by 2 Related articles All 5 versions",2022/8/17,,https://www.researchsquare.com/article/rs-1888094/latest.pdf,,,,,research,Cited by 2,Linda Abou Abbas,,,Examining self-reported aberrant behavior among Lebanese drivers using the Driver Behavior Questionnaire (DBQ),,,,https://scholar.google.com/citations?view_op=view_citation&hl=en&user=2q5lQf8AAAAJ&cstart=20&pagesize=80&citation_for_view=2q5lQf8AAAAJ:j3f4tGmQtD8C,,,"Dalal Youssef, Pascale Salameh, Linda Abou-Abbas, Louis-Rachid Salmi","The Driver Behavior Questionnaire (DBQ) is one of the most used tools for measuring self-reported aberrant driving behavior. Several versions of the DBQ exist varying in terms of the item number and factor structure. This study aimed to investigate the psychometric properties and the factorial structure of the DBQ for assessing aberrant behavior among Lebanese drivers and to examine the relationship between DBQ subscales and socio-demographic characteristics and traffic-related variables. A cross-sectional study was conducted among Lebanese drivers aged more than 18 years old from all Lebanese governorates. Using a convenience sampling technique, data were collected using an anonymous Arabic, self-administered questionnaire that includes socio-demographic characteristics, and the Arabic Lebanese version of the DBQ (DBQ-L). Statistical analyses were performed using SPSS version 24 and Amos software. Exploratory factor analysis (N= 568) and confirmatory factor analysis (N= 534) were performed to test the factorial structure of the DBQ-L. Linear regression analyses were performed to examine the association between DBQ-L, sociodemographic and relevant traffic variables. A total of 1102 drivers aged between 18 and 82 years participated in this study with an average age of 34.64 (SD= 12.33). Of the total, 68.4% of participants were male having an average driving experience of 3.46 years (SD= 12.33). The DBQ-L total scale revealed high internal consistency (Cronbach’s α= 0.892). Exploratory and confirmatory factor analysis supported the original four-factor structure reflecting aggressive violations, ordinary violations …",Unclassified,0.0
,,"Lebanese University Students and COVID-19: A Survey on their Related-Knowledge, Practice, and Behaviors
Z Nasser, Y Jamaleddine, O Ismail, A Saab, R Daoud… - Journal of Preventive Medicine and Hygiene, 2022
Cited by 2 Related articles All 5 versions",2022/7/31,63.0,https://pmc.ncbi.nlm.nih.gov/articles/PMC9351411/,,,,E213,research,Cited by 2,Linda Abou Abbas,,,"Lebanese University Students and COVID-19: A Survey on their Related-Knowledge, Practice, and Behaviors",,Journal of Preventive Medicine and Hygiene,,https://scholar.google.com/citations?view_op=view_citation&hl=en&user=2q5lQf8AAAAJ&cstart=20&pagesize=80&citation_for_view=2q5lQf8AAAAJ:_Qo2XoVZTnwC,2,,"Zeina Nasser, Youssef Jamaleddine, Omar Ismail, Abdallah Saab, Rama Daoud, Youssef Fares, Linda Abou-Abbas","Introduction Young adults are at the epicenter for preventing the progression of COVID-19 pandemic and must be targeted for education to impede any potential transmission of the disease. This study aimed to assess the knowledge, practice and behaviors of Lebanese university students regarding COVID-19. Methods A cross-sectional study was carried out among university students at the Lebanese University between March 30, 2020, and April 4, 2020. Information on socio-demographic data, knowledge, practice, and additional information concerning COVID-19 were collected. Results Our survey showed that the majority of the students had good knowledge 90.8%, and more than two third of the respondents 78.6% reported good practice regarding COVID-19. Graduate students were more knowledgeable compared to undergraduate students (unstandardized beta 0.349 with a 95% confidence interval (CI) of 0 …",Unclassified,0.0
,,"Utility of hematological and inflammatory biomarkers in predicting recovery in critical Covid-19 patients: Our experience in the largest Covid-19 treating center in Lebanon
H Salame, R Nawfal, J Kassem, R Mckey, A Kassem… - Plos one, 2022
Cited by 2 Related articles All 8 versions",2022/7/13,17.0,https://journals.plos.org/plosone/article?id=10.1371/journal.pone.0271393,,,,e0271393,research,Cited by 2,Linda Abou Abbas,,,Utility of hematological and inflammatory biomarkers in predicting recovery in critical Covid-19 patients: Our experience in the largest Covid-19 treating center in Lebanon,,Plos one,,https://scholar.google.com/citations?view_op=view_citation&hl=en&user=2q5lQf8AAAAJ&cstart=20&pagesize=80&citation_for_view=2q5lQf8AAAAJ:R3hNpaxXUhUC,7,Public Library of Science,"Hassan Salame, Rashad Nawfal, Jad Kassem, Remy Mckey, Ali Kassem, Nayef AlKhalil, Mohamad Saleh, Ali H Abdel Sater, Ali Ibrahim, Linda Abou-Abbas, Oussaima Eldbouni, Hoda Khatoun, Bassam Matar","Background
COVID-19 pandemic has led to a catastrophic shortage of ICU beds. This has resulted in the need to identify patients that can be discharged early before full clinical recovery. We designed this study to determine if in changes routine tests like CBCD and CRP can be a useful complement to clinical status when deciding to discharge patients from ICU.
Methods
This retrospective study was conducted in Rafic Hariri University Hospital. Levels of biomarkers measured at admission (T1) and within 3 days of outcome (T2) were collected and ratios (T2/T1) were calculated. The Odds Ratios of association between the changes in these biomarkers and outcome were estimated. Multivariate analysis and AUC for the performance of these biomarkers were also conducted.
Results
We found on multivariate analysis that reduction in counts of lymphocyte and platelets and elevation in counts of neutrophils and level of CRP (T2/T1 ratio > 1) are strongly associated with mortality with respective ORs estimated at 6.74, 3.26, 5.65 and 4.34 [p-values < 0.001]. AUCs were found to lie in a range of 0.68 to 0.81 indicating fair to good performance. Other factors found to impact survival were AKI, AF and ACS [p-values < 0.01]. In contrast to other studies, risk factors didn’t show an association with survival when adjusted for effects of complications and changes in biomarker levels.
Conclusions
Our results confirm that inexpensive tests like lymphocyte count and CRP can be reliably used to follow COVID-19 patients in ICU and to support the decision to discharge patients.",Unclassified,0.0
,,"Association between blood and lymphocyte levels of cyclosporin A and infectious complications in renal transplant patients
A Milane, L Abou-Abbas, L Osmani, N Saber, N Mefleh… - Dose-Response, 2021
Cited by 2 Related articles All 8 versions",2021/10/15,19.0,https://journals.sagepub.com/doi/full/10.1177/15593258211042169,,,,15593258211042169,research,Cited by 2,Linda Abou Abbas,,,Association between blood and lymphocyte levels of cyclosporin A and infectious complications in renal transplant patients,,Dose-Response,,https://scholar.google.com/citations?view_op=view_citation&hl=en&user=2q5lQf8AAAAJ&cstart=20&pagesize=80&citation_for_view=2q5lQf8AAAAJ:WF5omc3nYNoC,4,SAGE Publications,"Aline Milane, Linda Abou-Abbas, Lara Osmani, Naja Saber, Nadine Mefleh, Antoine Barbari","Objectives
This study aims to investigate a potential association between whole blood and lymphocyte Cyclosporin A (CyA) levels and the occurrence and frequency of infectious complications in kidney transplant patients.
Methods
The study involves 130 kidney transplant recipients who received CyA in addition to Mycophenolate Mofetil and steroids. CyA whole blood trough and maximum level (CyA BL0 and CyA BLm) as well as the corresponding levels in the lymphocytes (CyA L0 and CyA Lm) were measured for 6 months post-transplantation.
Results
Cytomegalovirus (CMV) as well as urinary tract infections (UTIs) were the most commonly diagnosed with an incidence of 24.6% and 26.2%, respectively. Only CyA L0 showed a significant association with CMV infection occurrence (adjusted OR = 1.051, 95% CI .997–1.025, P-value 0.046). A positive linear correlation was found between CyA BL0, CyA BLm and CyA …",Unclassified,0.0
,,"National quality assessment questionnaire for physiotherapy centres: a pilot study in Lebanon
M Abou Haidar, K Khalife, L Abou Abbas, Z Nasser… - East Mediterr Health J, 2019
Cited by 2 Related articles All 11 versions",2019/1/1,25.0,https://iris.who.int/bitstream/handle/10665/327241/EMHJ_25_1_2019.pdf?sequence=1#page=14,,,,12-17,research,Cited by 2,Linda Abou Abbas,,,National quality assessment questionnaire for physiotherapy centres: a pilot study in Lebanon,,East Mediterr Health J,,https://scholar.google.com/citations?view_op=view_citation&hl=en&user=2q5lQf8AAAAJ&cstart=20&pagesize=80&citation_for_view=2q5lQf8AAAAJ:MXK_kJrjxJIC,1,,"Mohamad Abou Haidar, Khalife Khalife, Linda Abou Abbas, Zeina Nasser, Jessy C Tannous, Joseph Yammine","Background: Lebanon still lacks a unified platform upon which private physiotherapy practitioners can base and apply their knowledge and practice. Accreditation of physiotherapy centres would promote collaboration, boost consistency and enhance quality of services. The Order of Physiotherapists in Lebanon is called on to provide a high quality of service by focusing on standards.
Aims: The aim of this study was to assess the feasibility and applicability of a standard for the quality assessment of physiotherapy centres, and to assess the current status of a sample of centres in Lebanon. Methods: A questionnaire was developed by a panel of experts based on a review of international and national requirements in physiotherapy centres. A set of 14 items was generated covering 3 categories: qualifications of the team, facility and environmental status, and data collection and analysis. A pilot study was conducted from December 2013 to February 2014 in 6 Lebanese physiotherapy centres. Descriptive statistics are reported. Results: The highest median score and compliance score for the 6 centres were reported for the “Facility and environmental status” category (median= 8.0) and the lowest were reported in the “Data collection and analysis” category (median= 5.0).
Conclusions: Further studies are needed to validate the quality assessment in physiotherapy centres questionnaire, and to implement it as a primary tool for assessing quality standards and for accreditation of physiotherapy centres.",Unclassified,0.0
,,"Development and initial validation of a brief scale for assessing psychological distress in obese adults
L Abou Abbas, P Salameh, Z Mansour, Z Nasser… - Clinical Epidemiology and Global Health, 2016
Cited by 2 Related articles All 9 versions",2016/3/1,4.0,https://www.sciencedirect.com/science/article/pii/S2213398415000469,,,,16-22,research,Cited by 2,Linda Abou Abbas,,,Development and initial validation of a brief scale for assessing psychological distress in obese adults,,Clinical Epidemiology and Global Health,,https://scholar.google.com/citations?view_op=view_citation&hl=en&user=2q5lQf8AAAAJ&cstart=20&pagesize=80&citation_for_view=2q5lQf8AAAAJ:YOwf2qJgpHMC,1,Elsevier,"Linda Abou Abbas, Pascale Salameh, Zeinab Mansour, Zeina Nasser, Elias Elias, Isabelle Godin","Objectives
The aim of this study was to develop a brief measure of psychological distress related to obesity, intended specifically for use among the Arab adult populations, and to test its psychometric properties.
Methods
Items of the scale were identified through examination of relevant literature, discussions with obese adults, and expert panel feedback. Validity and reliability of the scale were tested using two convenience samples of Lebanese obese adults (n = 380). The scale was also administered to a third sample of obese depressed patients (n = 50) for clinical validation. Internal consistency, test-retest reliability, and construct validity were assessed.
Results
Exploratory factor analysis revealed two factors reflecting “Social functioning” and “Psychological functioning” that explained 78.2% of the total variance. Confirmatory factor analysis confirmed the two-factor model with good data fit. The scale demonstrated …",Unclassified,0.0
,,"Exploring the barriers to accessing antenatal care at the primary health care center level of a tertiary hospital in Lebanon: a qualitative study
CE Alam, L Abou-Abbas, MS Ramadan, MK Asmar - BMC health services research, 2025
Cited by 1 Related articles All 7 versions",2025/12,25.0,https://link.springer.com/article/10.1186/s12913-025-12444-y,,,,1-14,research,Cited by 1,Linda Abou Abbas,,,Exploring the barriers to accessing antenatal care at the primary health care center level of a tertiary hospital in Lebanon: a qualitative study,,BMC health services research,,https://scholar.google.com/citations?view_op=view_citation&hl=en&user=2q5lQf8AAAAJ&cstart=20&pagesize=80&citation_for_view=2q5lQf8AAAAJ:dfsIfKJdRG4C,1,BioMed Central,"Carla El Alam, Linda Abou-Abbas, Mohamad Shafic Ramadan, Michèle Kosremelli Asmar","Access to antenatal care (ANC) is vital for improving maternal and neonatal outcomes. However, barriers to ANC remain a challenge, particularly in resource-limited settings such as Lebanon. This study examines the barriers pregnant women in Lebanon face when accessing ANC at a primary healthcare center (PHCC) in a public tertiary hospital located in Beirut, Lebanon. This qualitative study explored the perspectives of 17 pregnant women receiving ANC at the Rafic Hariri University Hospital (RHUH) PHCC. Semi-structured interviews were conducted to gather in-depth insights into their experiences with ANC services. Verbatim transcripts of the interviews were analyzed using an inductive-deductive thematic approach, identifying several barriers to ANC at the PHCC level. Levesque’s framework was used to identify key barriers to antenatal care across five dimensions of access, providing a structured approach …",Unclassified,0.0
,,"Exploring the influence of pregnancy on cognitive function in women: a systematic review
J Younis, M Bleibel, JE Masri, A Ismail, L Abou‑Abbas - BMC Pregnancy and Childbirth, 2025
Cited by 1 Related articles All 8 versions",2025/1/30,25.0,https://link.springer.com/article/10.1186/s12884-025-07181-3,,,BMC Pregnancy and Childbirth,88,research,Cited by 1,Linda Abou Abbas,,,Exploring the influence of pregnancy on cognitive function in women: a systematic review,,,,https://scholar.google.com/citations?view_op=view_citation&hl=en&user=2q5lQf8AAAAJ&cstart=20&pagesize=80&citation_for_view=2q5lQf8AAAAJ:fPk4N6BV_jEC,1,BioMed Central,"Jana Younis, Malak Bleibel, Jad El Masri, Ali Ismail, Linda Abou‑Abbas","Background
Pregnancy has been increasingly recognized for its potential impact on cognitive function influenced significantly by hormonal fluctuations such as estrogen and progesterone. However, the findings from research in this area remain debated, often varying with individual factors and pregnancy trimesters.
Objective
This study aims to systematically review existing literature and empirical research to better understand the phenomenon known as “pregnancy brain” and its association with cognitive change.
Methods
We conducted a systematic review of peer-reviewed English language articles sourced from Medline, Cochrane Library, and PubMed. Using search terms (pregnancy OR pregnant) AND (cognit* OR memory OR cognitive function*), we identified relevant articles published from the inception of these databases to July 2023. Due to the diverse outcomes in identified studies, a meta-analysis was not …",research,0.604
,,"Translation and validation of the Arabic version of Mindful Attention Awareness Scale (MAAS) among the Lebanese population
A Taleb, A Ismail, L Abou-Abbas - PloS one, 2024
Cited by 1 Related articles All 7 versions",2024/12/11,19.0,https://journals.plos.org/plosone/article?id=10.1371/journal.pone.0310272,,,,e0310272,research,Cited by 1,Linda Abou Abbas,,,Translation and validation of the Arabic version of Mindful Attention Awareness Scale (MAAS) among the Lebanese population,,PloS one,,https://scholar.google.com/citations?view_op=view_citation&hl=en&user=2q5lQf8AAAAJ&cstart=20&pagesize=80&citation_for_view=2q5lQf8AAAAJ:zA6iFVUQeVQC,12,Public Library of Science,"Aya Taleb, Ali Ismail, Linda Abou-Abbas","This study aimed to evaluate the psychometric properties of the Arabic version of the MAAS (A-MAAS) among Lebanese adults, determine its reliability and validity, and explore its associated factors. A cross-sectional study was conducted from August to December 2023. A sample of 483 Lebanese adults, aged between 18 and 60 years, from all the Lebanese governorates completed a questionnaire consisting of three sections: socio-demographic characteristics, health-related questions, and the Arabic versions of the Mindful Attention Awareness Scale (A-MAAS) and the Positive and Negative Affect Schedule (PANAS). Our findings revealed that the A-MAAS exhibited strong internal consistency (Cronbach’s alpha = 0.932). Confirmatory factor analysis (CFA) confirmed the one-dimensional structure accuracy of the scale, and the significant correlations with PANAS scales supported its convergent validity. Test-retest results displayed strong reliability (ICC = 0.983). The study revealed significant associations, indicating that worse memory performance, smoking, and negative emotions were linked to lower A-MAAS scores, suggesting lower levels of mindfulness. Our study contributes to the growing body of evidence supporting the utility of the MAAS in assessing mindfulness and attention. Continued research efforts will be crucial for advancing our understanding and application of mindfulness assessment tools in diverse populations and clinical settings.",research,0.603
,,"Predictors of neuropathic pain and related functional disability in sciatica patients: a cross-sectional study
T HajAli, A Shmaisani, Y Fares, L Abou-Abbas - International Journal of Neuroscience, 2023
Cited by 1 Related articles All 5 versions",2023/12/2,133.0,,,,,1338-1345,research,Cited by 1,Linda Abou Abbas,,,Predictors of neuropathic pain and related functional disability in sciatica patients: a cross-sectional study,,International Journal of Neuroscience,,https://scholar.google.com/citations?view_op=view_citation&hl=en&user=2q5lQf8AAAAJ&cstart=20&pagesize=80&citation_for_view=2q5lQf8AAAAJ:hFOr9nPyWt4C,12,Taylor & Francis,"Thuraya HajAli, Ammar Shmaisani, Youssef Fares, Linda Abou-Abbas","Purpose
The aim of the present paper was to assess neuropathic pain and its predictors among patients with sciatica. In addition, we sought to investigate the predictors of functional disability in sciatica patients with neuropathic pain.
Methods
A cross-sectional study was carried out on a sample of 100 sciatica patients aged 18 years and older with a radiating pain from the lower back down to the leg below the knee. Information about socio-demographic characteristics, duration of symptoms, being treated or not, type of treatment, side of sciatica, presence of back pain, leg pain occurrence, leg pain intensity, functional disability and pain catastrophizing were collected.
Results
Of the total patients, 57% had neuropathic pain. Multivariable analysis showed that leg pain intensity was higher in the neuropathic pain group as compared to the non-neuropathic pain group. Also, patients with left sciatica were less likely to have …",Unclassified,0.0
,,"Anger hits the road: Validation and cross-cultural adaptation of the Arabic version of driving anger scale and its association with road traffic crashes and fines
D Youssef, P Salameh, L Abou-Abbas, LR Salmi - 2022
Cited by 1 Related articles All 3 versions",2022/9/29,,https://www.researchsquare.com/article/rs-1846930/latest.pdf,,,,,research,Cited by 1,Linda Abou Abbas,,,Anger hits the road: Validation and cross-cultural adaptation of the Arabic version of driving anger scale and its association with road traffic crashes and fines,,,,https://scholar.google.com/citations?view_op=view_citation&hl=en&user=2q5lQf8AAAAJ&cstart=20&pagesize=80&citation_for_view=2q5lQf8AAAAJ:isC4tDSrTZIC,,,"Dalal Youssef, Pascale Salameh, Linda Abou-Abbas, Louis-Rachid Salmi","Background: Traffic and driving situations constitute a typical context that triggers anger among drivers which can lead to road traffic crashes (RTCs).
Objectives: This study aims to validate the Arabic version of the Driver Anger scale (DAS) and explore its multidimensional structure for assessing anger among Lebanese drivers. Besides, it targets to investigate the association between DAS and risk involvement (RTCs and traffic offenses).
Methods: Using a self-completion Arabic questionnaire, a cross-sectional study was conducted among Lebanese drivers recruited from all Lebanese governorates using a non-probability convenience sampling method. A face-to-face approach was used for data collection. The questionnaire includes demographic information and driving variables in addition to the Arabic version of DAS measured by 33 items. Data entry and statistical analysis were performed using SPSS version 24. Exploratory factor and confirmatory analysis were performed to investigate the factorial structure of the DAS. To test the correlation between continuous variables, the Pearson correlation test was used. Logistic regression analyses were performed to examine the association between DAS subscales and being involved in RTCs or being fined for traffic offenses.
Results: A total of 1102 drivers participated in this study. The Exploratory Factor Analysis on DAS data differentiated six dimensions of driving anger with good reliability: hostile gestures (α= 0.92), illegal driving (α= 0.87), traffic obstruction (α= 0.84), slow driving (α= 0.89), discourtesy (α= 0.81), and police presence (α= 0.91). The results of the Confirmatory Factor Analysis …",Unclassified,0.0
,,"Integrating Health Belief model to determine factors associated with COVID-19 Vaccine Acceptance in Lebanon: Differences between health care workers and non-healthcare workers
D Youssef, L Abou Abbas, O Issa, J Youssef, H Hassan - International Journal of Infectious Diseases, 2022
Cited by 1 Related articles All 10 versions",2022/3/1,116.0,https://www.sciencedirect.com/science/article/pii/S1201971221010390,,,,S62-S63,research,Cited by 1,Linda Abou Abbas,,,Integrating Health Belief model to determine factors associated with COVID-19 Vaccine Acceptance in Lebanon: Differences between health care workers and non-healthcare workers,,International Journal of Infectious Diseases,,https://scholar.google.com/citations?view_op=view_citation&hl=en&user=2q5lQf8AAAAJ&cstart=20&pagesize=80&citation_for_view=2q5lQf8AAAAJ:KlAtU1dfN6UC,,Elsevier,"Dalal Youssef, L Abou Abbas, Ola Issa, Janet Youssef, Hamad Hassan","Purpose
Vaccine acceptance is critical to the success of immunization programs, especially for emerging infectious diseases. This study aims to assess the willingness to receive the COVID-19 vaccine, and the factors associated with this willingness among healthcare workers (HCWs) and non-healthcare workers in Lebanon.
Methods & Materials
A web-based cross-sectional survey was conducted among Lebanese adults aged 18 years and above during November 2020 among Lebanese adults from all Lebanese provinces using a snowball sampling technique. Data were collected using an anonymous Arabic questionnaire that included sociodemographic, health-related variables, intention to receive COVID-19 vaccine, and the Health Belief Model covariates. Multivariable logistic regression analyses were performed to identify the factors associated with the COVID-19 vaccine acceptance among the 2 groups …",Unclassified,0.0
,,"Health-related quality of life of lebanese women with breast cancer: protocol for a prospective cohort study
R El Haidari, A Anota, L Abou-Abbas, V Nerich - JMIR Research Protocols, 2021
Cited by 1 Related articles All 9 versions",2021/11/23,10.0,https://www.researchprotocols.org/2021/11/e27893,,,,e27893,research,Cited by 1,Linda Abou Abbas,,,Health-related quality of life of lebanese women with breast cancer: protocol for a prospective cohort study,,JMIR Research Protocols,,https://scholar.google.com/citations?view_op=view_citation&hl=en&user=2q5lQf8AAAAJ&cstart=20&pagesize=80&citation_for_view=2q5lQf8AAAAJ:LkGwnXOMwfcC,11,"JMIR Publications Inc., Toronto, Canada","Rana El Haidari, Amelie Anota, Linda Abou-Abbas, Virginie Nerich","Background
In the past few decades, Lebanon has witnessed a significant increase in the incidence rates of women diagnosed with breast cancer. This increase, which is associated with the advancements in treatment modalities, emphasizes the need to evaluate the health-related quality of life (HRQoL) of women with breast cancer and to compare its patterns before and after breast-conserving surgery (BCS).
Objective
This study aims to describe changes in HRQoL according to body image pre- and post-BCS and just before initiation of adjuvant therapy in newly diagnosed patients with breast cancer in Lebanon.
Methods
A prospective cohort study targeting Lebanese women newly diagnosed with breast cancer and who have an indication for BCS will be conducted in 2 health care facilities. Baseline characteristics and clinical data will be collected. The European Organization for Research and Treatment of Cancer Quality-of-Life cancer-specific and breast cancer–specific questionnaires will be used to assess HRQoL. The outcomes will be measured at baseline and 1 day after breast surgery. The primary outcome will be the body image dimensions of the Quality-of-Life breast cancer–specific questionnaire. Statistical analyses will include descriptive statistics, paired 2-tailed t test, and stepwise multiple regression. A total of 120 patients will be required.
Results
A total of 120 patients were enrolled in the study. Future outcomes will be published in professional peer-reviewed health-related research journals.
Conclusions
This study is strengthened …",research,0.603
,,"Barriers to Implementing a Pharmacist-Run Immunization Service, as Perceived by community Pharmacists in a Middle Eastern Country: A cross sectional web-based survey
D Youssef, L Abou Abbas, H Hassan - 2021
Cited by 1 Related articles All 5 versions",2021/9/1,,https://www.researchsquare.com/article/rs-861898/latest.pdf,,,,,research,Cited by 1,Linda Abou Abbas,,,"Barriers to Implementing a Pharmacist-Run Immunization Service, as Perceived by community Pharmacists in a Middle Eastern Country: A cross sectional web-based survey",,,,https://scholar.google.com/citations?view_op=view_citation&hl=en&user=2q5lQf8AAAAJ&cstart=20&pagesize=80&citation_for_view=2q5lQf8AAAAJ:Wp0gIr-vW9MC,,,"Dalal Youssef, Linda Abou Abbas, Hamad Hassan","Background: Several barriers to instigating a pharmacist-run immunization program existed. This survey aims to identify the barriers perceived by Lebanese community pharmacists (CPs) to implementing such a program and the association of these barriers with their willingness to provide immunization services.
Methods:
A cross-sectional study using an online survey was conducted over the period of time extending between the 1 st of November and the end of December 2020 among Lebanese community pharmacists. The questionnaire included information on their socio-demographic characteristics, willingness to vaccinate and the perceived barriers to the run of immunization service. Statistical analyses were performed using SPSS version 24.0. Two logistic regression were conducted, one to identify factors associated with pharmacists high perception of barriers and another one to determine the predictors of the pharmacist’s willingness to vaccinate.
Results:
Out of the 412 surveyed community pharmacists, 67.48% of them were willing to expand their practice scope to include immunization. The main perceived barriers were the conflict with other professionals, liability, and reimbursements concerns, time for professional development and lack of knowledge of adverse events after immunization. Our results showed that females were more likely to perceive barriers than males (aOR= 2.460, 95% CI (1.876: 6.909)). However, pharmacists reporting previous experience in immunization (aOR= 0.250, 95% CI (0.170: 0.586)), working in urban area (aOR= 0.451, 95% CI (0.199: 0.926)) and having extensive working hours (aOR= 0.244, 95% CI (0.05 …",Unclassified,0.0
,,"Knowledge, attitudes and practices among Lebanese Obstetricians and gynecologists toward Coronavirus Disease-2019 (COVID-19) and pregnancy
D Youssef, L Abou Abass, A Berry, J Youssef - 2021
Cited by 1 Related articles All 5 versions",2021/5/26,,https://www.researchsquare.com/article/rs-193232/latest.pdf,,,,,research,Cited by 1,Linda Abou Abbas,,,"Knowledge, attitudes and practices among Lebanese Obstetricians and gynecologists toward Coronavirus Disease-2019 (COVID-19) and pregnancy",,,,https://scholar.google.com/citations?view_op=view_citation&hl=en&user=2q5lQf8AAAAJ&cstart=20&pagesize=80&citation_for_view=2q5lQf8AAAAJ:YFjsv_pBGBYC,,,"Dalal Youssef, Linda Abou Abass, Atika Berry, Janet Youssef","Introduction: The pandemic of Coronavirus Disease 2019 (COVID-19) has seriously disturbed the daily life of the general population particularly the life of the pregnant women. Since the obstetricians and gynecologists (OBGYN) are often the primary health care providers during pregnancy, hence the importance of their critical role in preventing and managing COVID-19 infection in their patients.
Objectives: This study aims to assess the knowledge, attitudes and practices of OBGYN in order to identify existing gaps and to improve patient and occupational safety.
Methods: A cross-sectional study, using an online survey, was conducted during the rapid rise of COVID-19 pandemic in Lebanon over the period extending between 20th October and 20th November 2020 among Lebanese OBGYNs. The analysis was performed using Statistical Package for Social Sciences (SPSS) software. Data collected is subjected to descriptive analysis. A good level of knowledge was defined when the percentage of correct answers reaches more than 80% of the respondents.
Results: A total of 279 OBGYNs participated in the survey of which 57% were males. The majority of them (64.2%) were aged more than 45 years, married (79.9%) with large work experience (70.3%). Only 28.3% were reluctant to take care of COVID-19 patient. Most of them feared of contracting COVID-19 or transmitting COVID-19 to their family member due to occupational exposure and 42.3% felt overwhelmed. 62.7% of them considered that policies implemented by the ministry of public health are sufficient. The majority of OBGYNs had a good level of knowledge in different basic and specific …",Unclassified,0.0
,,"Knowledge, attitudes, and practices of Lebanese women toward the use of oral contraceptive pills
H Samaha, L Abou-Abbas, Z Barakat, N Lahoud - BMC Women's Health, 2025
Related articles All 8 versions",2025/12,25.0,https://link.springer.com/article/10.1186/s12905-025-03618-1,,,,1-12,research,,Linda Abou Abbas,,,"Knowledge, attitudes, and practices of Lebanese women toward the use of oral contraceptive pills",,BMC Women's Health,,https://scholar.google.com/citations?view_op=view_citation&hl=en&user=2q5lQf8AAAAJ&cstart=20&pagesize=80&citation_for_view=2q5lQf8AAAAJ:cFHS6HbyZ2cC,1,BioMed Central,"Hajar Samaha, Linda Abou-Abbas, Zainab Barakat, Nathalie Lahoud","Despite widespread use, many Lebanese women have limited understanding of oral contraceptive pills (OCP), with misinformation and cultural barriers contributing to misuse and discontinuation. Additionally, the non-contraceptive benefits of OCP are often overlooked. Addressing these gaps can promote safer use and improve women’s health. This study aims to explore Lebanese women’s knowledge, attitudes, and practices regarding OCP and identify associated factors. A cross-sectional study was conducted using a structured questionnaire among Lebanese women aged between 18- and 49-years old shopping in local pharmacies. Multivariable analyses were employed to investigate the factors associated with knowledge, attitude, practices toward OCP usage. A total of 384 women participated in the study, with 36.9% reporting ever using OCP. The mean knowledge score was 4.8 (SD = 1.5) out of 13 …",Unclassified,0.0
,,"A contemporary tool for assessing instrumental activities of daily living: Validation of a caregiver-reported scale for non-institutionalized older adults
Z Barakat, H Sacre, S Khatib, A Hajj, C BouMalham… - PLoS One, 2025
Related articles All 6 versions",2025/5/7,20.0,https://journals.plos.org/plosone/article?id=10.1371/journal.pone.0322554,,,,e0322554,research,,Linda Abou Abbas,,,A contemporary tool for assessing instrumental activities of daily living: Validation of a caregiver-reported scale for non-institutionalized older adults,,PLoS One,,https://scholar.google.com/citations?view_op=view_citation&hl=en&user=2q5lQf8AAAAJ&cstart=20&pagesize=80&citation_for_view=2q5lQf8AAAAJ:a0OBvERweLwC,5,Public Library of Science,"Zainab Barakat, Hala Sacre, Sarah Khatib, Aline Hajj, Carmela BouMalham, Chadia Haddad, Rony M Zeenny, Marwan Akel, Linda Abou Abbas, Marc Barakat, Samar Rachidi, Pascale Salameh","Background
Instrumental activities of daily living (IADL) refer to activities necessary for independent living, emphasizing community-related tasks. The literature has limited measurement tools that address autonomous living in contemporary communities. Consequently, our study aimed to develop, cross-culturally adapt, and evaluate the psychometric properties of a recently updated IADL scale called the Autonomy in Daily Functioning-Contemporary Scale (ADF-CS). Additionally, it sought to examine the level of agreement between informant reports and self-reports on the ADF-CS.
Method
Following translation and cross-cultural adaptation, a first cross-sectional study was carried out among 544 family caregivers of community-dwelling older adults to assess the psychometric properties of the ADF-CS. The internal consistency of the scale was evaluated via Cronbach’s alpha. Content and convergent validity, factorial analysis—including confirmatory factor analysis (CFA) and exploratory factor analysis (EFA)—and known group validity were also assessed. A second cross-sectional study involving 44 paired caregivers and care recipients was conducted to examine the level of agreement in responses to the ADF-CS scale between caregivers and older adults. Response agreement was evaluated through intraclass and Cohen’s kappa correlation coefficients.
Results
The internal consistency of the ADF-CS and its factors was high (Cronbach’s alpha between 0.83 and 0.90). The robust positive correlation between the total ADF-CS score and the ADL score supported the convergent validity of the ADF-CS Arabic version. Moreover, the statistically …",Unclassified,0.0
,,"Exploring the therapeutic potential of NLRP3 inhibitors in Parkinson's Disease: a systematic review of in-vivo studies
NS Sadier, IA Hazimeh, W Khazaal, AAK Al Sabouri… - Inflammopharmacology, 2025
Related articles All 2 versions",2025/4/21,,,,,Inflammopharmacology,1-21,research,,Linda Abou Abbas,,,Exploring the therapeutic potential of NLRP3 inhibitors in Parkinson's Disease: a systematic review of in-vivo studies,,,,https://scholar.google.com/citations?view_op=view_citation&hl=en&user=2q5lQf8AAAAJ&cstart=20&pagesize=80&citation_for_view=2q5lQf8AAAAJ:yD5IFk8b50cC,,Springer International Publishing,"Najwane Said Sadier, Inaam Ali Hazimeh, Walaa Khazaal, Amani Al Khayat Al Sabouri, Abdulmajeed G Almutary, Abdullah M Alnuqaydan, Linda Abou-Abbas","Background
Parkinson's disease is a progressive neurodegenerative disorder characterized by motor symptoms such as tremors, rigidity, and bradykinesia. Although the exact etiology is unknown, the nod-like receptor family, pyrin domain-containing 3 (NLRP3) inflammasome-induced inflammation, plays a crucial role in the pathogenesis of Parkinson’s disease. Many NLRP3 inhibitors are recognized for their role as potential therapeutic interventions for Parkinson’s disease.
Methods
A systematic literature search was performed in PubMed, Embase, and Science Direct databases for papers published during the 10 years prior to May 2023. All animal interventional studies assessing the effects of NLRP3 inhibitors on Parkinson’s disease animal models were included. Primary outcomes included NLRP3 inflammasome inhibition, microglial activation reduction, oxidative stress, and anti-inflammatory marker reduction …",research,0.4
,,"Building hope: early rehabilitation response of the international committee of the red cross post beirut port blast
L Abou-Abbas, I Najmeddine, LM Bernhard… - Conflict and Health, 2024
Related articles All 7 versions",2024/12,18.0,https://link.springer.com/article/10.1186/s13031-024-00633-1,,,,1-12,research,,Linda Abou Abbas,,,Building hope: early rehabilitation response of the international committee of the red cross post beirut port blast,,Conflict and Health,,https://scholar.google.com/citations?view_op=view_citation&hl=en&user=2q5lQf8AAAAJ&cstart=20&pagesize=80&citation_for_view=2q5lQf8AAAAJ:rO6llkc54NcC,1,BioMed Central,"Linda Abou-Abbas, Iman Najmeddine, Lucia Maddalena Bernhard, Rana Abou Jaoude, Aicha Benyaich, Sally Yaacoub, Hala Al Sultan","In the face of escalating health emergencies globally, the need for timely rehabilitation services has become increasingly evident. However, deficiencies in the provision of early rehabilitation interventions following disasters underscore the urgent need for improved integration and response strategies. The objective of this study is to assess the effectiveness of the early physical rehabilitation response initiated by the International Committee of the Red Cross (ICRC) following the 2020 Beirut blast, with a focus on evaluating patient outcomes, time to intervention, and long-term outcomes. Additionally, the study aims to extract valuable lessons and to propose a plan of action aimed at enhancing preparedness and response frameworks for similar emergencies. A retrospective observational study was conducted on data from the ICRC physical rehabilitation program (PRP) database in Lebanon, encompassing patients …",Unclassified,0.0
,,"Vitamin B12 deficiency and neuropsychiatric symptoms in Lebanon: A cross-sectional study of vegans, vegetarians, and omnivores
O Al Jassem, K Kheir, A Ismail, L Abou-Abbas, A Masri… - Plos one, 2024
Related articles All 8 versions",2024/4/17,19.0,https://journals.plos.org/plosone/article?id=10.1371/journal.pone.0297976,,,,e0297976,research,,Linda Abou Abbas,,,"Vitamin B12 deficiency and neuropsychiatric symptoms in Lebanon: A cross-sectional study of vegans, vegetarians, and omnivores",,Plos one,,https://scholar.google.com/citations?view_op=view_citation&hl=en&user=2q5lQf8AAAAJ&cstart=20&pagesize=80&citation_for_view=2q5lQf8AAAAJ:M05iB0D1s5AC,4,Public Library of Science,"Omar Al Jassem, Karim Kheir, Ali Ismail, Linda Abou-Abbas, Alaa Masri, Celine Haddad, Khalil Nasrallah, Jad El Masry","Background
Vitamin B12 deficiency is responsible for a variety of complications, particularly neurological/neuropsychiatric complications, including depression, irritability, paresthesia and insomnia. Since vitamin B12 is found in animal-derived products, vegans/vegetarians are at a greater risk for developing vitamin B12 deficiency.
Aims
This study aims to investigate the occurrence of vitamin B12 deficiency among a sample of adult Lebanese population, with a particular emphasis on assessing the severity of its neurological/neuropsychiatric signs and symptoms, especially among vegans/vegetarians.
Methodology
A cross-sectional study was conducted among a sample of 483 Lebanese adults. Data was collected through a standardized questionnaire that included socio-demographic characteristics, the Patient Health Questionnaire-9 (PHQ-9), Generalized anxiety disorders-7 (GAD-7), and the Insomnia Severity Index (ISI) scales.
Results
Among the participants, 11.4% were in the vegan/vegetarian group, and about 43.1% had vitamin B12 deficiency. After analyzing the PHQ-9, GAD-7 and ISI total scores, higher scores were reported in participants with vitamin B12 deficiency, compared to individuals with normal vitamin B12 serum levels (p < 0.001). Regarding the diet type, vegans/vegetarians were more susceptible to developing depression compared to omnivores (mean scores of 11.92 vs 8.02 on the PHQ-9 scale, respectively, with p < 0.001). Of the patients with vitamin B12 deficiency, 81.1% reported having paresthesia compared to 43.7% of individuals with no vitamin B12 deficiency (p < 0.001).
Conclusion
Vitamin B12 deficiency in …",Unclassified,0.0
,,"IDF23-0461 Developing an integrated model of care for people living with diabetes in Northern Lebanon
SA Perone, L Abou Abbas, A El Khatib… - Diabetes Research and Clinical Practice, 2024
Related articles",2024/3/1,209.0,,,,,111264,research,,Linda Abou Abbas,,,IDF23-0461 Developing an integrated model of care for people living with diabetes in Northern Lebanon,,Diabetes Research and Clinical Practice,,https://scholar.google.com/citations?view_op=view_citation&hl=en&user=2q5lQf8AAAAJ&cstart=20&pagesize=80&citation_for_view=2q5lQf8AAAAJ:ldfaerwXgEUC,,Elsevier,"S Aebischer Perone, L Abou Abbas, A El Khatib, L Vijayasingham, E Ansbro, P Perel, J Roswall, L Bruun Larsen, Z Carla","The safety profilewas similar in both study arms. None of the patients required hypoglycemia management. Conclusion: Sitagliptin+ Glimepiride+ Metformin tablets demonstrated superior efficacy to comparator in this subgroup analysis. All study medications were safe and well tolerated. Diabetes Research and Clinical Practice 209S1 (2024) 111263 https://doi. org/10.1016/j. diabres. 2024.111263 IDF23-0461 Developing an integrated model of care for people living with diabetes in Northern Lebanon S. Aebischer Peronea, L. Abou Abbasb, A. El Khatibb, L. Vijayasinghamc, E. Ansbroc, P. Perelc, J. Roswalld, L. Bruun Larsene, Z. Carlab aInternational Committee of the Red Cross, Health, Geneva, Switzerland bInternational Committee of the Red Cross, Health, Beirut, Lebanon cLondon School of Hygiene & Tropical Medicine, Department of Non-communicable Disease Epidemiology-Faculty of Epidemiology and …",research,0.604
,,"Home Care for COVID-19 positive cases: Suitability of the Residential Setting and ability of cases to adhere to the required preventive measures
D Youssef, A Abou Naja, S Farhat, L Abou-Abbas… - Discover Social Science and Health, 2024
Related articles All 13 versions",2024/1/22,4.0,https://link.springer.com/article/10.1007/s44155-024-00060-w,,,,3,research,,Linda Abou Abbas,,,Home Care for COVID-19 positive cases: Suitability of the Residential Setting and ability of cases to adhere to the required preventive measures,,Discover Social Science and Health,,https://scholar.google.com/citations?view_op=view_citation&hl=en&user=2q5lQf8AAAAJ&cstart=20&pagesize=80&citation_for_view=2q5lQf8AAAAJ:8k81kl-MbHgC,1,Springer International Publishing,"Dalal Youssef, Abir Abou Naja, Suzan Farhat, Linda Abou-Abbas, Hamad Hassan","Introduction
With the upsurge of COVID-19 cases, Lebanese hospitals were overburdened and hospital care was prioritized for COVID-19 patients with the highest probability of poor outcomes. This paper aimed to assess the suitability of residential settings for home isolation and to explore the patient’s ability to adhere to the required precautions measures.
Methods
All COVID-19 cases reported between February, 21 and the end of June 2020 and who had mild or moderate symptoms, were contacted via phone calls by a healthcare professional to fill out a standardized questionnaire developed to assess the suitability of the residential setting for home care. Inpatient cases were required, before their discharge from the hospitals, to sign consent related to their adherence to the mandatory precautionary measures. They were also asked to complete, on daily basis, the symptoms monitoring log form. A referral system to …",Unclassified,0.0
,,"Ali Ismail, Alfred Chabbouh, Elie Charro, Jad El Masri, Maya Ghazi
NS Sadier, L Abou‑Abbas - Scientific Reports, 2024
Related articles All 4 versions",2024,14.0,https://www.researchgate.net/profile/Linda-Abou-Abbas/publication/378737391_Examining_the_validity_and_reliability_of_the_Arabic_translated_version_of_the_depression_and_somatic_symptoms_scale_A-DSSS_among_the_Lebanese_adults/links/65e7414cc3b52a117016397b/Examining-the-validity-and-reliability-of-the-Arabic-translated-version-of-the-depression-and-somatic-symptoms-scale-A-DSSS-among-the-Lebanese-adults.pdf,,,,5435,research,,Linda Abou Abbas,,,"Ali Ismail, Alfred Chabbouh, Elie Charro, Jad El Masri, Maya Ghazi",,Scientific Reports,,https://scholar.google.com/citations?view_op=view_citation&hl=en&user=2q5lQf8AAAAJ&cstart=20&pagesize=80&citation_for_view=2q5lQf8AAAAJ:HoB7MX3m0LUC,,,"Najwane Said Sadier, Linda Abou‑Abbas","The prevalence of depression is high worldwide, and somatic symptoms are known to be one of the most debilitating aspects of depression. However, clinicians often face challenges in accurately assessing this comorbidity. To address this issue, the Depression and Somatic Symptoms Scale (DSSS) was developed as a self‑administered scale that can diagnose both depression and somatic symptoms. The objective of this study is to evaluate the validity and reliability of the Arabic‑translated version of the DSSS (A‑DSSS) in a sample of Lebanese adults, as well as to explore its associated factors. A cross‑sectional study was conducted over a period of one month, from February to March 2023, and involved a sample of 422 participants who were aged 18 years or older. Participants completed a questionnaire that included various measures, including demographic characteristics, alcohol and smoking habits, physical activity history, as well as two scales: the Patient Health Questionnaire‑9 (PHQ9) scale and the A‑DSSS scale. The A‑DSSS showed high internal consistency (Cronbach’s alpha= 0.936), strong test–retest reliability (ICC of 0.988 with CI 0.976–0.994; p< 0.001), and a three‑factor structure consistent with previous research. Convergent validity was supported by a significant correlation with the PHQ‑9. Stepwise linear regression revealed that engaging in physical activity and increasing calorie consumption (as measured by MET‑min/week score) were associated with a significant decrease in the A‑DSSS total score and subscales. However, a significant increase in the A‑DSSS total score was seen in the female gender in comparison for …",research,0.602
,,"Discover Social Science and Health
D Youssef, A Abou Naja, S Farhat, L Abou‑Abbas… - 2024
Related articles All 6 versions",2024,,https://www.researchgate.net/profile/Linda-Abou-Abbas/publication/387367145_Unlocking_the_keys_to_COVID-19_vaccine_acceptance_insights_from_healthcare_workers_and_the_general_population/links/676bd205894c5520852937d8/Unlocking-the-keys-to-COVID-19-vaccine-acceptance-insights-from-healthcare-workers-and-the-general-population.pdf,,,,,research,,Linda Abou Abbas,,,Discover Social Science and Health,,,,https://scholar.google.com/citations?view_op=view_citation&hl=en&user=2q5lQf8AAAAJ&cstart=20&pagesize=80&citation_for_view=2q5lQf8AAAAJ:RYcK_YlVTxYC,,,"Dalal Youssef, Abir Abou Naja, Suzan Farhat, Linda Abou‑Abbas, Hamad Hassan","Background Widespread vaccine acceptance is crucial, particularly with emerging infectious diseases like COVID-19. This study assesses COVID-19 vaccine willingness and its influencing factors among healthcare workers (HCWs) and non-HCWs in Lebanon.
Methods In November 2020, a web-based survey was conducted among Lebanese adults using snowball sampling. Participants completed an anonymous Arabic questionnaire covering sociodemographics, health status, vaccine intentions, and the Health Belief Model. Multivariable logistic regression was performed to identify factors associated with COVID-19 vaccine acceptance in HCWs and non-HCWs.",Unclassified,0.0
,,"The Impact of Hospital International Health Services on Medical Tourism: A Review of Private Lebanese Hospitals’ Online Services and its Readiness to be Part of a National Medical Tourism Plan
C Sweidy, L Abou-Abbas - European Journal of Development Studies, 2023
Related articles All 3 versions",2023/10/24,3.0,https://ej-develop.org/index.php/ejdevelop/article/view/315,,,European Journal of Development Studies,98-111,research,,Linda Abou Abbas,,,The Impact of Hospital International Health Services on Medical Tourism: A Review of Private Lebanese Hospitals’ Online Services and its Readiness to be Part of a National …,,,,https://scholar.google.com/citations?view_op=view_citation&hl=en&user=2q5lQf8AAAAJ&cstart=20&pagesize=80&citation_for_view=2q5lQf8AAAAJ:RGFaLdJalmkC,5,,"Charbel Sweidy, Linda Abou-Abbas","Background: The phenomenon of medical tourism, rooted in ancient traditions and thriving in the modern world, has transformed into a robust global industry. Lebanon's private healthcare sector has historically attracted international patients, but it faces challenges such as communication barriers and evolving economic landscapes. This research delves into Lebanon's private healthcare sector, aiming to identify obstacles and propose strategies for effective International Health Services (IHS).
Methods: Employing a descriptive methodology, this study evaluates 44 private hospital websites in Lebanon across dimensions like accessibility, institutional credentials, and communication standards. Healthcare management experts conducted the assessment, leading to the categorization of websites into informative, communicative, collaborative, and empowered tiers. Statistical analysis ensured the reliability of the reviewers' ratings, revealing consistent findings.
Results: The assessment highlighted varying approaches among Lebanese private hospitals in catering to medical tourists. While most websites emphasize medical services, crucial information such as staff credentials and cost-related details often remain undisclosed. The study uncovered gaps in services like medical record transfers and post-treatment care. However, some hospitals proactively engage international patients, showcasing specialized expertise.
Conclusion: This research not only evaluates private hospital websites in Lebanon but also proposes an innovative IHS framework. This framework envisions an independent department, an online platform for telemedicine and …",research,0.603
,,"Association between Periodontal Disease and Cognitive Impairment in Adults
NS Sadier, B Sayegh, R Farah, LA Abbas, R Dweik… - 2023
Related articles",2023,,,,,,,research,,Linda Abou Abbas,,,Association between Periodontal Disease and Cognitive Impairment in Adults,,,,https://scholar.google.com/citations?view_op=view_citation&hl=en&user=2q5lQf8AAAAJ&cstart=20&pagesize=80&citation_for_view=2q5lQf8AAAAJ:hMod-77fHWUC,,MDPI,"Najwane Said Sadier, Batoul Sayegh, Raymond Farah, Linda Abou Abbas, Rania Dweik, Norina Tang, David M Ojcius","Periodontitis is a severe oral infection that can contribute to systemic inflammation. A large body of evidence suggests a role for systemic inflammation in the initiation of neurodegenerative disease. This systematic review synthesized data from observational studies to investigate the association between periodontitis and neuroinflammation in adults.
Methods and materials
A systematic literature search of PubMed, Web of Science, and Cumulative Index to Nursing and Allied Health Literature (CINAHL) was performed for studies published from the date of inception up to September 2021. Search terms for the exposure “oral disease” and outcome “dementia”,“neuroinflammation” and “cognitive decline” were used. Study selection and data extraction were independently undertaken by two reviewers. The final eligible articles were included only if the exposure is periodontitis and the outcome is cognitive impairment or dementia or a topic related to this condition, and if the study was conducted in an adult population. The quality and risk of bias were assessed by Newcastle Ottawa Scale (NOS). Qualitative synthesis was used to narratively synthesize the results. Six cohort studies, three cross-sectional studies, and two case-control studies met the inclusion criteria. These eleven studies were only narratively synthesized. Meta-analysis was not performed due to the methodological heterogeneity of the studies.
Results
The results of included studies show that chronic periodontitis patients with at least eight years of exposure are at higher risk of developing cognitive decline and dementia. Oral health measures such as gingival inflammation, attachment …",research,0.4
,,"Psychometric properties of the Traffic locus of control scale–Arabic version (T-LOC-A) among Lebanese drivers
D Youssef, P Salameh, L Abou-Abbas, LR Salmi - 2022
Related articles All 3 versions",2022/4/4,,https://assets-eu.researchsquare.com/files/rs-1508766/v1/e4b59a46-60af-49e0-8c2b-9ac9179f6ddf.pdf,,,,,research,,Linda Abou Abbas,,,Psychometric properties of the Traffic locus of control scale–Arabic version (T-LOC-A) among Lebanese drivers,,,,https://scholar.google.com/citations?view_op=view_citation&hl=en&user=2q5lQf8AAAAJ&cstart=20&pagesize=80&citation_for_view=2q5lQf8AAAAJ:hC7cP41nSMkC,,,"Dalal Youssef, Pascale Salameh, Linda Abou-Abbas, Louis-Rachid Salmi","Background: The Tra c Locus of Control scale (T-LOC) measures a personality attribute revealing how a driver generally perceives possible causes of tra c crashes.
Objective: This study aimed to assess the psychometric properties of the Arabic version of T-LOC (T-LOCA) among Lebanese drivers and to test its reliability and construct validity.
Methods: A cross-sectional study was conducted between October and December 2019 among a national sample of Lebanese drivers aged 18 years old and above, from all Lebanese governorates. A standardized questionnaire, developed in the Arabic language, includes three sections: Sociodemographic characteristics section, driving variables section; and the measurements section including the T-LOC and the driver behavior questionnaire. The internal consistency of the scale was assessed using Cronbach’s alpha. Exploratory factor analysis and con rmatory factor analysis were performed to examine the construct validity of the T-LOC. Correlation between T-LOC and driver behavior was assessed using Pearson correlation. In addition, the associations between T-LOC-A and sociodemographic characteristics were evaluated.
Results:
A total of 568 drivers participated in the study. Of the total, 69% were male and aged between 18-and 82-years-old. In the previous three years, around 40% of the surveyed drivers had been involved in accidents and 50.4% were penalized for tra c offenses. The T-LOC-A had adequate psychometric properties, revealing good to excellent reliability levels and support the original four-factor structure of the T-LOC (α= 0.85), including self (α= 0.88), other drivers (α= 0.91 …",Unclassified,0.0
,,"Practice of non-pharmaceutical interventions against COVID-19 and reduction of the risk of influenza-like illness: A retrospective cross-sectional population-based study
D Youssef, O Issa, M Kanso, J Youssef, L Abou-Abbas… - 2022
Related articles All 5 versions",2022/3/8,,https://www.researchsquare.com/article/rs-1420481/latest.pdf,,,,,research,,Linda Abou Abbas,,,Practice of non-pharmaceutical interventions against COVID-19 and reduction of the risk of influenza-like illness: A retrospective cross-sectional population-based study,,,,https://scholar.google.com/citations?view_op=view_citation&hl=en&user=2q5lQf8AAAAJ&cstart=20&pagesize=80&citation_for_view=2q5lQf8AAAAJ:YsMSGLbcyi4C,,,"Dalal Youssef, Ola Issa, Maysaloun Kanso, Janet Youssef, Linda Abou-Abbas, Edmond Abboud","Methods:
An online retrospective cross-sectional observational study was conducted in April 2021 to assess cases of ILI among Lebanese adults aged 18 years and above, from all Lebanese governorates during the 2020–2021 flu season. Data was collected using a convenient sampling method. In addition to their sociodemographic information, participants were asked about their frequency of implementing personal protective measures and if they have experienced symptoms of ILI in the previous six months. The overall score of the personal protective measures was computed. Multivariable logistic regression was performed to examine the association between participants’ level of adoption of personal protective measures against COVID-19 and the occurrence of ILI.
Results:
Among the 1019 Lebanese adults participating in this study, 352 (34.54%) of them reported symptoms of ILI between October 2020 and March 2021. Lebanese adults who wore their facemasks frequently or always were less likely to suffer from symptoms of ILI than others who did not wear the mask (aOR= 0.452, 95% CI= 0.349–0.693, p< 0.001). Similarly, adults who adopt the following protective measures washing hands (aOR= 0.608, 95% CI= 0.524–0.922, p< 0.001), respecting cough etiquette (aOR= 0.763, 95% CI= 0.598–0.918, p< 0.001), disinfecting surface (aOR= 0.892, 95% CI= 0.632–0.911, p= 0.012), avoiding crowded places surface (aOR= 0.739, 95% CI= 0.688–0.903, p= 0.049), respecting physical distancing surface (aOR= 0.646, 95% CI= 0.482–0.833, p= 0.031) on a regular basis (frequently/always) were less likely to report symptoms of influenza-like …",Unclassified,0.0
,,"A cross-sectional study assessing the alarming prevalence of burnout among physicians in a developing country facing a combination of a COVID-19 Pandemic and an economic collapse
D Youssef, J Youssef, L Abou-Abass, H Mouaiwa… - 2021
Related articles All 7 versions",2021/10/18,,https://europepmc.org/article/ppr/ppr408687,,,,,research,,Linda Abou Abbas,,,A cross-sectional study assessing the alarming prevalence of burnout among physicians in a developing country facing a combination of a COVID-19 Pandemic and an economic collapse,,,,https://scholar.google.com/citations?view_op=view_citation&hl=en&user=2q5lQf8AAAAJ&cstart=20&pagesize=80&citation_for_view=2q5lQf8AAAAJ:0EnyYjriUFMC,,,"Dalal Youssef, Janet Youssef, Linda Abou-Abass, Hussein Mouaiwa, Malak Kawtharani, Fadi Sinan, Hamad Hassan","Background:
Burnout among physicians is a serious concern that cultivates its seeds during their education and matures in their daily practicing life. Lebanese physicians were particularly at high risk of burnout since they confronted a mixture of overlapping crises.
Objectives:
This study aimed to assess the prevalence of burnout among Lebanese physicians, to investigate its associated factors and to explore the combined effects of the pandemic and the economic crisis on burnout.
Methods:
A web-based cross-sectional study was conducted among Lebanese physicians over December 2020 using a snowball sampling technique. Self-reported data were collected electronically through an anonymous questionnaire that included information on socio-demographic characteristics, work-related variables, and 4 scales: fear of COVID-19, threat perception, InCharge Financial Distress/Financial Well-Being, and the Copenhagen burnout inventory (CBI). CBI scale cut-off score of 50 was used to evaluate the prevalence of burnout. Multivariable linear regression analyses were carried out to identify the factors associated with burnout.
Results:
A total of 398 physicians participated in the study. The majority of them were male (52.8%), married (60.1%), and aged between 40 and 49 years (43.2%). Burnout hits 90.7% of the Lebanese physicians where personal, work-related, and client-related burnout were detected among 80.4%, 75.63%, and 69.6% of them respectively. A strong association was found between the higher level of burnout and female gender, younger age, being single, having a dependent child, living with an elderly or having a family member …",Unclassified,0.0
,,"Community Pharmacists’ as Influenza immunizers in a Middle Eastern country: A national web-based cross-sectional study
D Youssef, L Abou Abbas, H Hassan - 2021
Related articles All 6 versions",2021/8/17,,https://www.researchsquare.com/article/rs-780685/latest.pdf,,,,,research,,Linda Abou Abbas,,,Community Pharmacists’ as Influenza immunizers in a Middle Eastern country: A national web-based cross-sectional study,,,,https://scholar.google.com/citations?view_op=view_citation&hl=en&user=2q5lQf8AAAAJ&cstart=20&pagesize=80&citation_for_view=2q5lQf8AAAAJ:mVmsd5A6BfQC,,,"Dalal Youssef, Linda Abou Abbas, Hamad Hassan","Background
Utilizing community pharmacists (CPs) as immunizers has being adopted in various countries as approach to boost influenza vaccination coverage. Our study aims to explore the Lebanese CPs’ willingness to administer influenza vaccine, and to identify factors associated with this willingness.
Methods
This is a web-based, cross-sectional study, conducted over 2 months, from the 1st of November to the end of December 2020, among Lebanese CPs. An anonymous, questionnaire using google form was sent electronically to pharmacists. The collected data was analyzed using the statistical software SPSS (Statistical Package for Social Sciences). Bivariate and multivariate analyses were performed to examine factors associated with the willingness of CPs to administer influenza vaccine.
Results
A total of 412 CPs participated in this survey of which 76.9% are willing to administer influenza vaccines. More than 90% of them had a good overall knowledge score and 88.8% of CPs showed a positive overall attitude score, particularly towards involvement of CPs in influenza vaccine provision. Their willingness to administer vaccine was positively associated with the younger age (aOR= 3.106 with 95% CI (1.597 to 6.040)), higher education level (aOR= 2.022 with 95% CI (1.093 to 3.741)), previous experience in immunization (aOR= 2.725 with 95% CI (1.320 to 5.627)) and urbanicity of pharmacy (aOR= 1.542 with 95% CI (1.219 to 4.627)). Extensive working hours (aOR= 2.341 with 95% CI (1.131 to 4.845)), working in pharmacies that are operating round-the-clock, showing positive attitude towards immunization (aOR= 3.014 with 95% CI (1 …",Unclassified,0.0
,,"Posttraumatic Stress Disorder, Depression and Fear Of COVID-19 Among Pregnant Women During the Rapid Rise Period of the Coronavirus Pandemic in a Middle Eastern Country: A Cross-Sectional Study
Z Barakat, Y Fares, L Abou-Abbas - 2021
Related articles All 5 versions",2021/6/23,,https://assets-eu.researchsquare.com/files/rs-634028/v1/546d6256-b90c-4077-b77a-03b774d38237.pdf,,,,,research,,Linda Abou Abbas,,,"Posttraumatic Stress Disorder, Depression and Fear Of COVID-19 Among Pregnant Women During the Rapid Rise Period of the Coronavirus Pandemic in a Middle Eastern Country: A …",,,,https://scholar.google.com/citations?view_op=view_citation&hl=en&user=2q5lQf8AAAAJ&cstart=20&pagesize=80&citation_for_view=2q5lQf8AAAAJ:hqOjcs7Dif8C,,,"Zainab Barakat, Youssef Fares, Linda Abou-Abbas","Background
Coronavirus disease 2019 (COVID-19) is an emerging public health issue. Pregnant women are susceptible to its negative psychological impact. Particularly, pre-natal psychological health is critical as it can affect the well-being of the mothers and their fetuses. The present study aimed to assess the Covid-19 psychological impact on pregnant women, including posttraumatic stress disorder (PTSD), depression, and fear related to COVID-19 as well as to investigate their associated factors.",Unclassified,0.0
,,"Healthy Infant Born to a Mother Infected with Coronavirus Disease 2019 (COVID-19): A Case Report from Lebanon
L Abou-Abbas, Z Nasser, A Aly - J Nurs Pract, 2020
Related articles All 3 versions",2020,3.0,https://www.academia.edu/download/102025483/jnp-3-034.pdf,,,,221-223,research,,Linda Abou Abbas,,,Healthy Infant Born to a Mother Infected with Coronavirus Disease 2019 (COVID-19): A Case Report from Lebanon,,J Nurs Pract,,https://scholar.google.com/citations?view_op=view_citation&hl=en&user=2q5lQf8AAAAJ&cstart=20&pagesize=80&citation_for_view=2q5lQf8AAAAJ:u-x6o8ySG0sC,1,"December 31, online","L Abou-Abbas, Z Nasser, A Aly","Background
A novel severe acute respiratory syndrome coronavirus 2 (SARS-CoV-2) was first emerged in Wuhan, China in December 2019 and rapidly became an international public health emergency [1, 2]. Pregnant women represent a unique challenge during this pandemic. The most important inquiry to the mother and the obstetric team is whether the COVID-19 could be transmitted vertically to the fetus during pregnancy. So far, data have been limited, and the potential risk of vertical transmission is unclear. This case report describes the clinical outcomes of the first case of a COVID-19 pregnant woman in Lebanon who presented to the hospital to deliver her infant and assesses the vertical transmission potential of SARS-CoV-2 infection from the pregnant women to the neonate.",Unclassified,0.0
,,"Questionnaire d’une évaluation nationale de la qualité des centres de physiothérapie: étude pilote au liban
MA Haidar, K Khalife, L Abou Abbas, Z Nasser… - Eastern Mediterranean health journal, 2019
Related articles",2019,25.0,,,,,12-17,research,,Linda Abou Abbas,,,Questionnaire d’une évaluation nationale de la qualité des centres de physiothérapie: étude pilote au liban,,Eastern Mediterranean health journal,,https://scholar.google.com/citations?view_op=view_citation&hl=en&user=2q5lQf8AAAAJ&cstart=20&pagesize=80&citation_for_view=2q5lQf8AAAAJ:mB3voiENLucC,1,,"Mohamad Abou Haidar, Khalifé Khalife, Linda Abou Abbas, Zeina Nasser, Jessy JC Tannous, Joseph Yammine",,Unclassified,0.0
,,"Tannous, 4 and Joseph Yammine4 1Unité de formation et de Recherche en Sciences et Techniques des activités physiques et sportives, University Claude Bernard, Lyon, France. 2Institute of Physiotherapy, Faculty of Medicine, Saint Joseph University, Beirut, Lebanon. 3School of Public Health, Université Libre
M Abou Haidar, K Khalife, L Abou Abbas, Z Nasser… - 2018
Related articles",2018,,,,,,,research,,Linda Abou Abbas,,,"Tannous, 4 and Joseph Yammine4 1Unité de formation et de Recherche en Sciences et Techniques des activités physiques et sportives, University Claude Bernard, Lyon, France …",,,,https://scholar.google.com/citations?view_op=view_citation&hl=en&user=2q5lQf8AAAAJ&cstart=20&pagesize=80&citation_for_view=2q5lQf8AAAAJ:2osOgNQ5qMEC,,,"Mohamad Abou Haidar, Khalife Khalife, Linda Abou Abbas, Zeina Nasser, Jessy Chrabieh",Conclusions: Further studies are needed to validate the Quality Assessment in Physiotherapy Centers questionnaire and to implement it as a primary tool for assessing the quality standards and for accreditation of physiotherapy centres.,Unclassified,0.0
,,"Outdoor air pollution improves the validity of a screening scale for cardiovascular disease (CVD) in clinical settings
Z Nasser, P Salameh, E Elias, H Dakik, L Abou Abbas… - Clinical Epidemiology and Global Health, 2016
Related articles All 9 versions",2016/9/1,4.0,https://www.sciencedirect.com/science/article/pii/S221339841500041X,,,,109-114,research,,Linda Abou Abbas,,,Outdoor air pollution improves the validity of a screening scale for cardiovascular disease (CVD) in clinical settings,,Clinical Epidemiology and Global Health,,https://scholar.google.com/citations?view_op=view_citation&hl=en&user=2q5lQf8AAAAJ&cstart=20&pagesize=80&citation_for_view=2q5lQf8AAAAJ:UebtZRa9Y70C,3,Elsevier,"Zeina Nasser, Pascale Salameh, Elias Elias, Habib Dakik, Linda Abou Abbas, Alain Levêque","Background
Cardiovascular disease (CVD) is one of the leading causes of demises reported in the 21st century.
Objective
Our objective is to develop a screening score to estimate the probability of cardiovascular events, stressing on the importance of including outdoor air pollution to improve the validity of the scale among the Lebanese adult population.
Methods
A case–control study was carried out between October 2011 and October 2012 comparing CVD cases to a control group (Sample 1). Two multivariate analyses using logistic regression were carried out to evaluate predictors of the dependent variable. The second model included the outdoor air pollution variables, while the first did not. The adjusted odds ratios (OR) obtained were rounded to the nearest units and used as coefficients in the generated scales. Following the scale set up, a second case–control of 200 patients was also performed for clinical …",Unclassified,0.0
,,"Obesity and Psychological Distress in Young Adults
L Abou Abbas - 2015
Related articles",2015/12/22,,,,,,,research,,Linda Abou Abbas,,,Obesity and Psychological Distress in Young Adults,,,,https://scholar.google.com/citations?view_op=view_citation&hl=en&user=2q5lQf8AAAAJ&cstart=20&pagesize=80&citation_for_view=2q5lQf8AAAAJ:u5HHmVD_uO8C,,"Universite Libanaise, Ecole doctorale de sciences et de technologie",Linda Abou Abbas,,Unclassified,0.0
,,"Research Article Outdoor Air Pollution and Cardiovascular Diseases in Lebanon: A Case-Control Study
Z Nasser, P Salameh, H Dakik, E Elias, L Abou Abbas… - 2015
Related articles All 2 versions",2015,,https://www.academia.edu/download/63977309/Outdoor_pollution_and_CVD_CT_Nasser20200720-5945-1b9e7cy.pdf,,,,,research,,Linda Abou Abbas,,,Research Article Outdoor Air Pollution and Cardiovascular Diseases in Lebanon: A Case-Control Study,,,,https://scholar.google.com/citations?view_op=view_citation&hl=en&user=2q5lQf8AAAAJ&cstart=20&pagesize=80&citation_for_view=2q5lQf8AAAAJ:HDshCWvjkbEC,,,"Zeina Nasser, Pascale Salameh, Habib Dakik, Elias Elias, Linda Abou Abbas, Alain Levêque","Outdoor air pollution is increasingly considered as a serious threat for cardiovascular diseases (CVD). The aim of this study is to investigate the association between outdoor pollutants and cardiovascular diseases among adults in Lebanon and to examine the possible moderator effect of cigarette smoking status on this association. A multicenter case-control study was conducted between October 2011 and October 2012. Cases were hospitalized patients diagnosed with CVD by a cardiologist while the control group subjects were free of any cardiac diseases. Information on sociodemographic characteristics, tobacco consumption, self-rated global health, pollution exposure, and other risk factors was collected using a questionnaire. The results of the logistic regression revealed that living near busy highway (OR 5.0, 95% CI (.–12.85), 𝑃< 0.001) and close to local diesel generator (OR. 76, 95% CI (2.07–10.91), 𝑃< 0.001) was significantly associated with CVD. The association between the CVD and exposure to outside pollutants differed by cigarette smoking status. A clear difference was noted between nonsmokers and current smokers OR. 6, 95% CI (1.10–19.25) and OR 10.11, 95% CI (7.33–20.23), respectively. Forthcoming studies are needed to clarify the potential link between outdoor air pollution and cardiovascular diseases in Lebanon. Public health interventions must be implemented to reduce air pollution and to improve air quality.",research,0.603
,,"Developing an integrated model of care for people living with diabetes in Northern Lebanon
SA Perone, L Abou Abbas, A El Khatib…
Related articles",,,https://www.researchgate.net/profile/Linda-Abou-Abbas/publication/377984323_Developing_an_integrated_model_of_care_for_people_living_with_diabetes_in_Northern_Lebanon/links/65c220961e1ec12eff769feb/Developing-an-integrated-model-of-care-for-people-living-with-diabetes-in-Northern-Lebanon.pdf,,,,,research,,Linda Abou Abbas,,,Developing an integrated model of care for people living with diabetes in Northern Lebanon,,,,https://scholar.google.com/citations?view_op=view_citation&hl=en&user=2q5lQf8AAAAJ&cstart=20&pagesize=80&citation_for_view=2q5lQf8AAAAJ:lSLTfruPkqcC,,,"S Aebischer Perone, L Abou Abbas, A El Khatib, L Vijayasingham, E Ansbro, P Perel, J Roswall, L Bruun Larsen, Z Carla","Background
Evidence about effective management of patients with chronic conditions in humanitarian contexts is scarce (1). Collaboration of the different health professionals in a team-based care approach (2) is recommended for people living with diabetes (PLD). Nevertheless, in humanitarian settings, care is essentially provided by the different services organised in silos, without inclusion of the patients (1).",Unclassified,0.0
,,"Rating Anxiety in Dementia--Arabic Version
Y Feghali, H Koubaissy, Y Fares, LA Abbas
Related articles All 2 versions",,,,,,,,research,,Linda Abou Abbas,,,Rating Anxiety in Dementia--Arabic Version,,,,https://scholar.google.com/citations?view_op=view_citation&hl=en&user=2q5lQf8AAAAJ&cstart=20&pagesize=80&citation_for_view=2q5lQf8AAAAJ:JV2RwH3_ST0C,,,"Yara Feghali, Hiba Koubaissy, Youssef Fares, Linda Abou Abbas","The Rating Anxiety in Dementia--Arabic Version (RAID-A; Feghali et al., 2020) was developed to measure anxiety in Arabic elder patients suffering from dementia. In order to create this version, the original Rating Anxiety in Dementia (RAID; Shankar et al., 1999) was translated using a forward-, back-translation procedure. The resulting 18-item RAID-A was evaluated in a sample of patients with dementia aged 55 years and above. Factor analysis, reliability, and validity results were reported for these items.(PsycTests Database Record (c) 2020 APA, all rights reserved)",Unclassified,0.0
,,"Impact of Excess Body Weight on Health-Related Quality of Life Among Adults in Lebanon
L Abou Abbas, R El Haidari, KH Hassan - … FORUM ON SOCIAL SCIENCES AND HUMANITIES …
Related articles All 6 versions",,,https://www.researchgate.net/profile/Linda-Abou-Abbas/publication/327652906_Impact_of_Excess_Body_Weight_on_Health-Related_Quality_of_Life_Among_Adults_in_Lebanon/links/5b9bd73245851574f7cb30ea/Impact-of-Excess-Body-Weight-on-Health-Related-Quality-of-Life-Among-Adults-in-Lebanon.pdf,,,,142,research,,Linda Abou Abbas,,,Impact of Excess Body Weight on Health-Related Quality of Life Among Adults in Lebanon,,"6th MEDITERANNEAN INTERDISCIPLINARY FORUM ON SOCIAL SCIENCES AND HUMANITIES, MIFS 2018, 24-25 May 2018, Barcelona, Spain",,https://scholar.google.com/citations?view_op=view_citation&hl=en&user=2q5lQf8AAAAJ&cstart=20&pagesize=80&citation_for_view=2q5lQf8AAAAJ:9yKSN-GCB0IC,,,"Linda Abou Abbas, Rana El Haidari, Khodor Haidar Hassan","The objective of this study is to evaluate the impact of excess body weight on Health-Related Quality of Life (HRQoL). A convenience sample of 320 adults was recruited from different health centers in Lebanon. Body mass index (kg/m2) was calculated based on measured weight and height. Participants were divided into three groups: normal-weight (18.5-24.9), overweight (25.0-29.9) and obese (≥ 30.0). HRQoL was assessed using the Short-Form health survey questionnaire (SF-36). The eight scales as well as the physical (PCS-36) and mental (MCS-36) component summary measures of the SF-36 were calculated and compared statistically among the three groups. The impact of Body Mass Index (BMI) on HRQoL was also examined through linear regressions, adjusting for socio-demographics, health behaviors and presence of chronic diseases. The results show that overweight and obese men reported reduced HRQoL on all physical scales, while overweight/obese women reported impairments on only two subscales: bodily pain and general health perceptions. PCS-36 showed lower scores in the obese and overweight subjects than the reference group. With regard to mental well-being, obese men and women displayed lower scores on vitality, social functioning and mental health subscales compared to the normal-weight group. Additionally, MCS-36 showed lower scores in obese subjects. Results from linear",Unclassified,0.0
