Book,Conference,Scholar articles,Publication date,Volume,PDF Link,Patent office,Report number,Source,Pages,Research Interests,Total citations,Researcher Name,Inventors,Patent number,Title,Institution,Journal,Application number,Scholar Link,Issue,Publisher,Authors,Description,Classified_Topic,Classification_Confidence
,,"Differential branching fraction and angular analysis of the decay B 0→ K∗ 0 μ+ μ−
R Aaij, CA Beteta, B Adeva, M Adinolfi, C Adrover… - Journal of High Energy Physics, 2013
Cited by 672 Related articles All 78 versions
Differential branching fraction and angular analysis of the B+→ K+ μ+ μ− decay*
R Aaij, CA Beteta, A Adametz, B Adeva, M Adinolfi… - Journal of High Energy Physics, 2013
Cited by 245 Related articles All 37 versions
Differential Branching Fraction and Angular Analysis of the Decay B 0→ K* 0 μ+ μ
R Aaij, C Abellan Beteta, B Adeva, M Adinolfi… - Physical review letters, 2012
Cited by 136 Related articles All 41 versions
Differential branching fraction and angular analysis of the decay Bs (0)-> phi mu (+) mu (-)*
F Archilli, G Carboni, E Santovetti, LHCb Collaboration - JOURNAL OF HIGH ENERGY PHYSICS, 2013
Cited by 1 Related articles All 4 versions
Differential branching fraction and angular analysis of the decay B 0→ K∗ 0 μ+ μ−
LHCb Collaboration - Journal of High Energy Physics, 2013, Vol. 2013, No. 8 …, 2013
Related articles All 4 versions
Differential branching fraction and angular analysis of the decay B0→ K∗ 0μ+ μ−
R Bernet, K Müller, O Steinkamp, U Straumann… - Journal of High Energy Physics, 2013
Related articles All 2 versions
Differential branching fraction and angular analysis of the decay $ B^{0}\rightarrow K^{* 0}\mu^+\mu^-$*
R Aaij, P Hopchev, P Gandini, S Cadeddu, I Bediaga… - Phys. Rev. Lett., 2011
Related articles All 4 versions",2013/8,2013.0,https://link.springer.com/article/10.1007/JHEP08(2013)131,,,,1-31,Particle Physics,Cited by 958,Marwa JAHJAH hussein,,,Differential branching fraction and angular analysis of the decay B 0→ K∗ 0 μ+ μ−,,Journal of High Energy Physics,,https://scholar.google.com/citations?view_op=view_citation&hl=en&user=56m4FtQAAAAJ&citation_for_view=56m4FtQAAAAJ:NMxIlDl6LWMC,8,Springer Berlin Heidelberg,"Roel Aaij, C Abellan Beteta, B Adeva, M Adinolfi, C Adrover, A Affolder, Z Ajaltouni, J Albrecht, F Alessio, M Alexander, S Ali, G Alkhazov, P Alvarez Cartelle, AA Alves, S Amato, Silvia Amerio, Y Amhis, L Anderlini, J Anderson, R Andreassen, RB Appleby, O Aquines Gutierrez, F Archilli, A Artamonov, M Artuso, E Aslanides, Giulio Auriemma, S Bachmann, JJ Back, C Baesso, V Balagura, Wander Baldini, RJ Barlow, C Barschel, S Barsuk, W Barter, Th Bauer, A Bay, J Beddow, F Bedeschi, I Bediaga, S Belogurov, K Belous, I Belyaev, E Ben-Haim, G Bencivenni, S Benson, J Benton, A Berezhnoy, R Bernet, M-O Bettler, M Van Beuzekom, A Bien, S Bifani, T Bird, A Bizzeti, PM Bjørnstad, T Blake, F Blanc, J Blouw, S Blusk, V Bocci, A Bondar, N Bondar, W Bonivento, S Borghi, A Borgia, TJV Bowcock, E Bowen, C Bozzi, T Brambach, J Van Den Brand, J Bressieux, D Brett, M Britsch, T Britton, NH Brook, H Brown, I Burducea, A Bursche, G Busetto, J Buytaert, S Cadeddu, O Callot, M Calvi, M Calvo Gomez, A Camboni, P Campana, D Campora Perez, ANGELO Carbone, G Carboni, R Cardinale, A Cardini, H Carranza-Mejia, L Carson, K Carvalho Akiba, G Casse, L Castillo Garcia, M Cattaneo, Ch Cauet, M Charles, Ph Charpentier, P Chen, N Chiapolini, M Chrzaszcz, K Ciba, X Cid Vidal, G Ciezarek, PEL Clarke, M Clemencic, HV Cliff, J Closier, C Coca, V Coco, J Cogan, E Cogneras, P Collins, A Comerma-Montells, A Contu, A Cook, M Coombes, S Coquereau, G Corti, B Couturier, GA Cowan, DC Craik, S Cunliffe, R Currie, C D’Ambrosio, P David, PNY David, A Davis, I De Bonis, K De Bruyn, S De Capua, M De Cian, JM De Miranda, L De Paula, W De Silva, P De Simone, D Decamp, M Deckenhoff, L Del Buono, N Déléage, D Derkach, O Deschamps, F Dettori, A Di Canto, F Di Ruscio, H Dijkstra","The angular distribution and differential branching fraction of the decay B 0→ K∗ 0 μ+ μ− are studied using a data sample, collected by the LHCb experiment in pp collisions at TeV, corresponding to an integrated luminosity of 1. 0 fb− 1. Several angular observables are measured in bins of the dimuon invariant mass squared, q 2. A first measurement of the zero-crossing point of the forward-backward asymmetry of the dimuon system is also presented. The zero-crossing point is measured to be, where the uncertainty is the sum of statistical and systematic uncertainties. The results are consistent with the Standard Model predictions.",Unclassified,0.0
,,"Measurement of b hadron production fractions in 7 TeV pp collisions
R Aaji, C Abellan Beteta, B Adeva, M Adinolfi… - Physical Review D—Particles, Fields, Gravitation, and …, 2012
Cited by 726 Related articles All 62 versions",2012/2/1,85.0,https://link.aps.org/pdf/10.1103/PhysRevD.85.032008,,,,032008,Particle Physics,Cited by 726,Marwa JAHJAH hussein,,,Measurement of hadron production fractions in 7 TeV collisions,,"Physical Review D—Particles, Fields, Gravitation, and Cosmology",,https://scholar.google.com/citations?view_op=view_citation&hl=en&user=56m4FtQAAAAJ&citation_for_view=56m4FtQAAAAJ:P5F9QuxV20EC,3,American Physical Society,"R Aaji, C Abellan Beteta, B Adeva, M Adinolfi, C Adrover, A Affolder, Ziad Ajaltouni, J Albrecht, F Alessio, M Alexander, G Alkhazov, P Alvarez Cartelle, AA Alves Jr, S Amato, Y Amhis, J Anderson, RB Appleby, O Aquines Gutierrez, F Archilli, L Arrabito, A Artamonov, M Artuso, E Aslanides, Giulio Auriemma, S Bachmann, JJ Back, DS Bailey, V Balagura, Wander Baldini, RJ Barlow, C Barschel, S Barsuk, W Barter, A Bates, C Bauer, Th Bauer, A Bay, I Bediaga, K Belous, I Belyaev, E Ben-Haim, M Benayoun, G Bencivenni, S Benson, J Benton, R Bernet, M-O Bettler, M Van Beuzekom, A Bien, S Bifani, A Bizzeti, PM Bjørnstad, T Blake, F Blanc, C Blanks, J Blouw, S Blusk, A Bobrov, V Bocci, A Bondar, N Bondar, W Bonivento, S Borghi, A Borgia, TJV Bowcock, C Bozzi, T Brambach, J Van Den Brand, J Bressieux, D Brett, S Brisbane, M Britsch, T Britton, NH Brook, H Brown, A Büchler-Germann, I Burducea, A Bursche, J Buytaert, S Cadeddu, JM Caicedo Carvajal, O Callot, M Calvi, M Calvo Gomez, A Camboni, P Campana, Angelo Carbone, G Carboni, R Cardinale, A Cardini, L Carson, K Carvalho Akiba, G Casse, M Cattaneo, M Charles, Ph Charpentier, N Chiapolini, K Ciba, X Cid Vidal, G Ciezarek, PEL Clarke, M Clemencic, HV Cliff, J Closier, C Coca, V Coco, J Cogan, P Collins, A Comerma-Montells, F Constantin, G Conti, A Contu, A Cook, M Coombes, G Corti, GA Cowan, R Currie, B D’Almagne, C D’Ambrosio, P David, I De Bonis, S De Capua, M De Cian, F De Lorenzi, JM De Miranda, L De Paula, P De Simone, D Decamp, M Deckenhoff, H Degaudenzi, M Deissenroth, L Del Buono, C Deplano, D Derkach, O Deschamps, F Dettori, J Dickens, H Dijkstra, P Diniz Batista, F Domingo Bonal, S Donleavy, F Dordei, A Dosil Suarez, D Dossett, A Dovbnya, F Dupertuis, R Dzhelyadin, S Easo, U Egede, V Egorychev","Measurements of hadron production ratios in proton-proton collisions at a center-of-mass energy of 7 TeV with an integrated luminosity of are presented. We study the ratios of strange meson to light meson production and baryon to light meson production as a function of the charmed hadron-muon pair transverse momentum and the hadron pseudorapidity , for between 0 and 14 GeV and between 2 and 5. We find that is consistent with being independent of and , and we determine , where the first error is statistical and the second systematic. The corresponding ratio is found to be dependent upon the transverse momentum of the charmed hadron-muon pair, <?format ?>fΛb/(fu+fd)=(0.404±0.017(stat)±0.027(syst)±0.105(Br))×[1-(0.031±0.004(stat)±0.003(syst))×pT(GeV)], where Br reflects an absolute scale uncertainty due to the poorly known branching …",Unclassified,0.0
,,"Measurement of σ (pp→ bb¯ X) at s= 7 TeV in the forward region
R Aaij, CA Beteta, B Adeva, M Adinolfi, C Adrover… - Physics Letters B, 2010
Cited by 667 Related articles All 47 versions
Measurement of σ (pp→ bbX) at*
LHC Collaboration - Physics Letters B, 2010
Related articles All 11 versions
Measurement of sigma (pp-> b anti-b X) at sqrt (s)= 7 TeV in the forward region*
LHCb Collaboration - Physics Letters B, Vol. 694, No. 3 (Novembre 2010), 2010
Related articles All 5 versions
Measurement of $\sigma (pp\to b\overline {b} X) $ at $\sqrt {s} $= 7 TeV in the forward region*
G Carboni, R Messi, E Santovetti - PHYSICS LETTERS. SECTION B, 2010
Related articles",2010/11/8,694.0,https://www.sciencedirect.com/science/article/pii/S0370269310012074,,,,209-216,Particle Physics,Cited by 667,Marwa JAHJAH hussein,,,Measurement of σ (pp→ bb¯ X) at s= 7 TeV in the forward region,,Physics Letters B,,https://scholar.google.com/citations?view_op=view_citation&hl=en&user=56m4FtQAAAAJ&citation_for_view=56m4FtQAAAAJ:9ZlFYXVOiuMC,3,North-Holland,"R Aaij, C Abellan Beteta, B Adeva, M Adinolfi, C Adrover, A Affolder, M Agari, Ziad Ajaltouni, J Albrecht, F Alessio, M Alexander, M Alfonsi, P Alvarez Cartelle, AA Alves Jr, S Amato, Y Amhis, J Amoraal, J Anderson, R Antunes Nobrega, R Appleby, O Aquines Gutierrez, A Arefyev, L Arrabito, M Artuso, E Aslanides, Giulio Auriemma, S Bachmann, Y Bagaturia, DS Bailey, V Balagura, W Baldini, G Barber, C Barham, RJ Barlow, S Barsuk, S Basiladze, A Bates, C Bauer, Th Bauer, A Bay, I Bediaga, T Bellunato, K Belous, I Belyaev, M Benayoun, G Bencivenni, R Bernet, RP Bernhard, M-O Bettler, M Van Beuzekom, JH Bibby, S Bifani, A Bizzeti, PM Bjørnstad, T Blake, F Blanc, C Blanks, J Blouw, S Blusk, A Bobrov, V Bocci, B Bochin, E Bonaccorsi, A Bondar, N Bondar, W Bonivento, S Borghi, A Borgia, E Bos, TJV Bowcock, C Bozzi, T Brambach, J van Den Brand, L Brarda, J Bressieux, S Brisbane, M Britsch, NH Brook, H Brown, S Brusa, A Büchler-Germann, A Bursche, J Buytaert, S Cadeddu, JM Caicedo Carvajal, O Callot, M Calvi, M Calvo Gomez, A Camboni, W Cameron, L Camilleri, P Campana, Angelo Carbone, G Carboni, R Cardinale, A Cardini, J Carroll, L Carson, K Carvalho Akiba, G Casse, M Cattaneo, B Chadaj, M Charles, Ph Charpentier, J Cheng, N Chiapolini, A Chlopik, J Christiansen, P Ciambrone, X Cid Vidal, PJ Clark, PEL Clarke, M Clemencic, HV Cliff, J Closier, C Coca, V Coco, J Cogan, P Collins, A Comerma-Montells, F Constantin, G Conti, A Contu, P Cooke, M Coombes, B Corajod, G Corti, GA Cowan, R Currie, B d'Almagne, C d'Ambrosio, I d'Antone, W Da Silva, E Dane, P David, I De Bonis, S De Capua, M De Cian, F De Lorenzi, JM De Miranda, L De Paula, P De Simone, D Decamp, G Decreuse, H Degaudenzi, M Deissenroth, L Del Buono, CJ Densham, C Deplano, O Deschamps",Decays of b hadrons into final states containing a D0 meson and a muon are used to measure the bb¯ production cross-section in proton–proton collisions at a centre-of-mass energy of 7 TeV at the LHC. In the pseudorapidity interval 2<η<6 and integrated over all transverse momenta we find that the average cross-section to produce b-flavoured or b¯-flavoured hadrons is (75.3±5.4±13.0) μb.,Unclassified,0.0
,,"Measurement of J/ψ production in pp collisions at $\sqrt {s}= 2.76\;\mathrm {TeV} $
R Aaij, CA Beteta, A Adametz, B Adeva, M Adinolfi… - Journal of High Energy Physics, 2013
Cited by 642 Related articles All 69 versions",2013/2,2013.0,https://link.springer.com/article/10.1007/JHEP02(2013)041,,,,1-17,Particle Physics,Cited by 642,Marwa JAHJAH hussein,,,Measurement of J/ψ production in pp collisions at,,Journal of High Energy Physics,,https://scholar.google.com/citations?view_op=view_citation&hl=en&user=56m4FtQAAAAJ&citation_for_view=56m4FtQAAAAJ:LPZeul_q3PIC,2,Springer Berlin Heidelberg,"R Aaij, C Abellan Beteta, A Adametz, B Adeva, M Adinolfi, C Adrover, A Affolder, Z Ajaltouni, J Albrecht, F Alessio, M Alexander, S Ali, G Alkhazov, P Alvarez Cartelle, AA Alves, S Amato, Y Amhis, L Anderlini, J Anderson, R Andreassen, RB Appleby, O Aquines Gutierrez, F Archilli, A Artamonov, Marina Artuso, E Aslanides, Giulio Auriemma, S Bachmann, JJ Back, C Baesso, V Balagura, W Baldini, RJ Barlow, C Barschel, S Barsuk, W Barter, A Bates, Th Bauer, A Bay, J Beddow, I Bediaga, S Belogurov, K Belous, I Belyaev, E Ben-Haim, M Benayoun, G Bencivenni, S Benson, J Benton, A Berezhnoy, R Bernet, M-O Bettler, M Van Beuzekom, A Bien, S Bifani, T Bird, A Bizzeti, PM Bjørnstad, T Blake, F Blanc, C Blanks, J Blouw, S Blusk, A Bobrov, V Bocci, A Bondar, N Bondar, W Bonivento, S Borghi, A Borgia, TJV Bowcock, E Bowen, C Bozzi, T Brambach, J Van Den Brand, J Bressieux, D Brett, M Britsch, T Britton, NH Brook, H Brown, A Buechler-Germann, I Burducea, A Bursche, J Buytaert, S Cadeddu, O Callot, M Calvi, M Calvo Gomez, A Camboni, P Campana, ANGELO Carbone, G Carboni, R Cardinale, A Cardini, H Carranza-Mejia, L Carson, K Carvalho Akiba, G Casse, M Cattaneo, Ch Cauet, M Charles, Ph Charpentier, P Chen, N Chiapolini, M Chrzaszcz, K Ciba, X Cid Vidal, G Ciezarek, PEL Clarke, M Clemencic, HV Cliff, J Closier, C Coca, V Coco, J Cogan, E Cogneras, P Collins, A Comerma-Montells, A Contu, A Cook, M Coombes, G Corti, B Couturier, GA Cowan, D Craik, S Cunliffe, R Currie, C D’Ambrosio, P David, PNY David, I De Bonis, K De Bruyn, S De Capua, M De Cian, JM De Miranda, L De Paula, W De Silva, P De Simone, D Decamp, M Deckenhoff, H Degaudenzi, L Del Buono, C Deplano, D Derkach, O Deschamps, F Dettori, A Di Canto, J Dickens, H Dijkstra","The production of J/ψ mesons is studied with the LHCb detector using data from pp collisions at TeV corresponding to an integrated luminosity of 71 nb− 1. The differential cross-section for inclusive J/ψ production is measured as a function of its transverse momentum p T. The cross-section in the fiducial region 0< p T< 12 GeV/c and rapidity 2.0<< 4.5 is measured to be 5.6±0.1 (stat)±0.4 (syst) μb, with the assumption of unpolarised J/ψ production. The fraction of J/ψ production from b-hadron decays is measured to be (7. 1±0. 6 (stat)±0. 7 (syst))%.",Unclassified,0.0
,,"Evidence for CP violation in time-integrated D 0→ h-h+ decay rates
R Aaij, C Abellan Beteta, B Adeva, M Adinolfi… - Physical Review Letters, 2012
Cited by 597 Related articles All 60 versions
Evidence for CP Violation in Time-Integrated D-0-> h (-) h (+) decay rates (vol 108, 111602, 2012)*
LHCb collaboration - Physical Review Letters, 2012
Related articles
Evidence for CP Violation in Time-Integrated D0→ h− h+ Decay Rates*
C Abellan Beteta, M Calvo Gómez, A Camboni… - Physical Review Letters, 2012, vol. 108, num. 11, p …, 2012
Related articles All 12 versions",2012/3/16,108.0,https://link.aps.org/pdf/10.1103/PhysRevLett.108.111602,,,,111602,Particle Physics,Cited by 597,Marwa JAHJAH hussein,,,Evidence for Violation in Time-Integrated Decay Rates,,Physical Review Letters,,https://scholar.google.com/citations?view_op=view_citation&hl=en&user=56m4FtQAAAAJ&citation_for_view=56m4FtQAAAAJ:nb7KW1ujOQ8C,11,American Physical Society,"R Aaij, C Abellan Beteta, B Adeva, M Adinolfi, C Adrover, A Affolder, Ziad Ajaltouni, J Albrecht, F Alessio, M Alexander, G Alkhazov, P Alvarez Cartelle, AA Alves Jr, S Amato, Y Amhis, J Anderson, R_B Appleby, O Aquines Gutierrez, F Archilli, L Arrabito, A Artamonov, M Artuso, E Aslanides, Giulio Auriemma, S Bachmann, J_J Back, D_S Bailey, V Balagura, Wander Baldini, R_J Barlow, C Barschel, S Barsuk, W Barter, A Bates, C Bauer, Th Bauer, A Bay, I Bediaga, S Belogurov, K Belous, I Belyaev, E Ben-Haim, M Benayoun, G Bencivenni, S Benson, J Benton, R Bernet, M-O Bettler, M Van Beuzekom, A Bien, S Bifani, T Bird, A Bizzeti, P_M Bjørnstad, T Blake, F Blanc, C Blanks, J Blouw, S Blusk, A Bobrov, V Bocci, A Bondar, N Bondar, W Bonivento, S Borghi, A Borgia, T_J_V Bowcock, C Bozzi, T Brambach, J Van Den Brand, J Bressieux, D Brett, M Britsch, T Britton, N_H Brook, H Brown, A Büchler-Germann, I Burducea, A Bursche, J Buytaert, S Cadeddu, O Callot, M Calvi, M Calvo Gomez, A Camboni, P Campana, A Carbone, G Carboni, R Cardinale, A Cardini, L Carson, K Carvalho Akiba, G Casse, M Cattaneo, Ch Cauet, M Charles, Ph Charpentier, N Chiapolini, K Ciba, X Cid Vidal, G Ciezarek, P_E_L Clarke, M Clemencic, H_V Cliff, J Closier, C Coca, V Coco, J Cogan, P Collins, A Comerma-Montells, F Constantin, A Contu, A Cook, M Coombes, G Corti, G_A Cowan, R Currie, C D’Ambrosio, P David, P_N_Y David, I De Bonis, S De Capua, M De Cian, F De Lorenzi, J_M De Miranda, L De Paula, P De Simone, D Decamp, M Deckenhoff, H Degaudenzi, L Del Buono, C Deplano, D Derkach, O Deschamps, F Dettori, J Dickens, H Dijkstra, P Diniz Batista, F Domingo Bonal, S Donleavy, F Dordei, A Dosil Suarez, D Dossett, A Dovbnya, F Dupertuis, R Dzhelyadin, A Dziurda, S Easo, U Egede, V Egorychev","A search for time-integrated violation in (, ) decays is presented using of data collected by LHCb in 2011. The flavor of the charm meson is determined by the charge of the slow pion in the and decay chains. The difference in asymmetry between and , , is measured to be . This differs from the hypothesis of conservation by 3.5 standard deviations.",Unclassified,0.0
,,"Measurement of ψ (2 S) meson production in pp collisions at s=7\mboxTeV
LHCb Collaboration decapua. stefano@ gmail. com… - The European Physical Journal C, 2012
Cited by 405 Related articles All 71 versions
Measurement of Υ Υ production in p p pp collisions at s= 2.76\, TeV s= 2.76 TeV*
R Aaij, B Adeva, M Adinolfi, A Affolder, Z Ajaltouni… - The European Physical Journal C, 2014
Cited by 64 Related articles All 38 versions
Measurement of prompt hadron production ratios in pp collisions at s=0.9and7~TeV*
LHCb Collaboration guy. wilkinson@ cern. ch, R Aaij… - The European Physical Journal C, 2012
Cited by 64 Related articles All 52 versions
Measurement of ϒ production in pp collisions at s=7~TeV*
LHCb Collaboration giulia. manca@ cern. ch, R Aaij… - The European Physical Journal C, 2012
Cited by 41 Related articles All 19 versions
Measurement of Υ production in pp collisions at $$\sqrt {s} $$= 5 TeV*
R Aaij, ASW Abdelmotteleb, C Abellan Beteta… - Journal of High Energy Physics, 2023
Cited by 3 Related articles All 31 versions
Measurement of ψ (2S) meson production in pp collisions at [FORMULA]*
R Aaij, C Abellan Beteta, B Adeva, M Adinolfi… - European physical journal. C, Particles and fields, 2012
Related articles",2012/8,72.0,https://link.springer.com/article/10.1140/epjc/s10052-012-2100-4,,,,1-12,Particle Physics,Cited by 505,Marwa JAHJAH hussein,,,Measurement of ψ(2S) meson production in pp collisions at,,The European Physical Journal C,,https://scholar.google.com/citations?view_op=view_citation&hl=en&user=56m4FtQAAAAJ&citation_for_view=56m4FtQAAAAJ:O3NaXMp0MMsC,,Springer-Verlag,"LHCb Collaboration decapua. stefano@ gmail. com, R Aaij, C Abellan Beteta, B Adeva, M Adinolfi, C Adrover, A Affolder, Z Ajaltouni, J Albrecht, F Alessio, M Alexander, G Alkhazov, P Alvarez Cartelle, AA Alves, S Amato, Y Amhis, J Anderson, RB Appleby, O Aquines Gutierrez, F Archilli, L Arrabito, A Artamonov, M Artuso, E Aslanides, G Auriemma, S Bachmann, JJ Back, DS Bailey, V Balagura, W Baldini, RJ Barlow, C Barschel, S Barsuk, W Barter, A Bates, C Bauer, Th Bauer, A Bay, I Bediaga, S Belogurov, K Belous, I Belyaev, E Ben-Haim, M Benayoun, G Bencivenni, S Benson, J Benton, R Bernet, M-O Bettler, M van Beuzekom, A Bien, S Bifani, T Bird, A Bizzeti, PM Bjørnstad, T Blake, F Blanc, C Blanks, J Blouw, S Blusk, A Bobrov, V Bocci, A Bondar, N Bondar, W Bonivento, S Borghi, A Borgia, TJV Bowcock, C Bozzi, T Brambach, J van den Brand, J Bressieux, D Brett, M Britsch, T Britton, NH Brook, H Brown, K de Bruyn, A Büchler-Germann, I Burducea, A Bursche, J Buytaert, S Cadeddu, O Callot, M Calvi, M Calvo Gomez, A Camboni, P Campana, A Carbone, G Carboni, R Cardinale, A Cardini, L Carson, K Carvalho Akiba, G Casse, M Cattaneo, Ch Cauet, M Charles, Ph Charpentier, N Chiapolini, K Ciba, X Cid Vidal, G Ciezarek, PEL Clarke, M Clemencic, HV Cliff, J Closier, C Coca, V Coco, J Cogan, P Collins, A Comerma-Montells, F Constantin, A Contu, A Cook, M Coombes, G Corti, B Couturier, GA Cowan, R Currie, C D’Ambrosio, P David, PNY David, I De Bonis, S De Capua, M De Cian, F De Lorenzi, JM De Miranda, L De Paula, P De Simone, D Decamp, M Deckenhoff, H Degaudenzi, L Del Buono, C Deplano, D Derkach, O Deschamps, F Dettori, J Dickens, H Dijkstra, P Diniz Batista, F Domingo Bonal, S Donleavy, F Dordei, A Dosil Suárez, D Dossett, A Dovbnya, F Dupertuis, R Dzhelyadin, A Dziurda","The differential cross-section for the inclusive production of ψ (2 S) mesons in pp collisions at s=7\mboxTeV has been measured with the LHCb detector. The data sample corresponds to an integrated luminosity of 36 pb− 1. The ψ (2 S) mesons are reconstructed in the decay channels ψ (2 S)→ μ+ μ− and ψ (2 S)→ J/ψπ+ π−, with the J/ψ meson decaying into two muons. Results are presented both for promptly produced ψ (2 S) mesons and for those originating from b-hadron decays. In the kinematic range p T (ψ (2 S))≤ 16 GeV/c and 2< y (ψ (2 S))≤ 4.5 we measure where the last uncertainty on the prompt cross-section is due to the unknown ψ (2 S) polarization. Recent QCD calculations are found to be in good agreement with our measurements. Combining the present result with the LHCb J/ψ measurements we determine the inclusive branching fraction where the last uncertainty is due to the B(b→J/ψX), B(J/ψ …",Unclassified,0.0
,,"Observation of double charm production involving open charm in pp collisions at $\sqrt {s}={7}\;{\text {TeV}} $
R Aaij, C Abellan Beteta, B Adeva, M Adinolfi… - Journal of High Energy Physics, 2012
Cited by 421 Related articles All 66 versions
Observation of double charm production involving open charm in pp collisions at $\sqrt {s} $= 7 TeV
R Aaij, M Gersabeck, R Appleby - JHEP, 2012
Related articles",2012/6,2012.0,https://link.springer.com/article/10.1007/JHEP06(2012)141,,,,1-36,Particle Physics,Cited by 421,Marwa JAHJAH hussein,,,Observation of double charm production involving open charm in pp collisions at,,Journal of High Energy Physics,,https://scholar.google.com/citations?view_op=view_citation&hl=en&user=56m4FtQAAAAJ&citation_for_view=56m4FtQAAAAJ:MXK_kJrjxJIC,6,Springer Berlin Heidelberg,"Roel Aaij, C Abellan Beteta, B Adeva, M Adinolfi, C Adrover, A Affolder, Z Ajaltouni, J Albrecht, F Alessio, M Alexander, S Ali, G Alkhazov, P Alvarez Cartelle, AA Alves, S Amato, Y Amhis, J Anderson, RB Appleby, O Aquines Gutierrez, F Archilli, A Artamonov, M Artuso, E Aslanides, Giulio Auriemma, S Bachmann, JJ Back, V Balagura, W Baldini, RJ Barlow, C Barschel, S Barsuk, W Barter, A Bates, C Bauer, Th Bauer, A Bay, I Bediaga, S Belogurov, K Belous, I Belyaev, E Ben-Haim, M Benayoun, G Bencivenni, S Benson, J Benton, R Bernet, M-O Bettler, M Van Beuzekom, A Bien, S Bifani, T Bird, A Bizzeti, PM Bjørnstad, T Blake, F Blanc, C Blanks, J Blouw, S Blusk, A Bobrov, V Bocci, A Bondar, N Bondar, W Bonivento, S Borghi, A Borgia, TJV Bowcock, C Bozzi, T Brambach, J Van Den Brand, J Bressieux, D Brett, M Britsch, T Britton, NH Brook, H Brown, K De Bruyn, A Büchler-Germann, I Burducea, A Bursche, J Buytaert, S Cadeddu, O Callot, M Calvi, M Calvo Gomez, A Camboni, P Campana, ANGELO Carbone, G Carboni, R Cardinale, A Cardini, L Carson, K Carvalho Akiba, G Casse, M Cattaneo, Ch Cauet, M Charles, Ph Charpentier, N Chiapolini, K Ciba, X Cid Vidal, G Ciezarek, PEL Clarke, M Clemencic, HV Cliff, J Closier, C Coca, V Coco, J Cogan, P Collins, A Comerma-Montells, A Contu, A Cook, M Coombes, G Corti, B Couturier, GA Cowan, R Currie, C D’Ambrosio, P David, PNY David, I De Bonis, S De Capua, M De Cian, JM De Miranda, L De Paula, P De Simone, D Decamp, M Deckenhoff, H Degaudenzi, L Del Buono, C Deplano, D Derkach, O Deschamps, F Dettori, J Dickens, H Dijkstra, P Diniz Batista, F Domingo Bonal, S Donleavy, F Dordei, A Dosil Suarez, D Dossett, A Dovbnya, F Dupertuis, R Dzhelyadin, A Dziurda, S Easo, U Egede, V Egorychev, S Eidelman","The production of J/ψ mesons accompanied by open charm, and of pairs of open charm hadrons are observed in pp collisions at a centre-of-mass energy of 7 TeV using an integrated luminosity of 355 pb− 1 collected with the LHCb detector. Model independent measurements of absolute cross-sections are given together with ratios to the measured J/ψ and open charm cross-sections. The properties of these events are studied and compared to theoretical predictions.",Unclassified,0.0
,,"Observation of X (3872) production in pp collisions at s=7~TeV
LHCb Collaboration joel. bressieux@ epfl. ch, R Aaij… - The European Physical Journal C, 2012
Cited by 381 Related articles All 51 versions
Observation of X (3872) production in pp collisions at√(s)= 7 TeV
R Aaij, C Abellan Beteta, B Adeva, LHCb Collaboration - 2012
Cited by 2 Related articles",2012/5,72.0,https://link.springer.com/article/10.1140/epjc/s10052-012-1972-7,,,,1-9,Particle Physics,Cited by 382,Marwa JAHJAH hussein,,,Observation of X (3872) production in pp collisions at s=7~TeV,,The European Physical Journal C,,https://scholar.google.com/citations?view_op=view_citation&hl=en&user=56m4FtQAAAAJ&citation_for_view=56m4FtQAAAAJ:mB3voiENLucC,,Springer-Verlag,"LHCb Collaboration joel. bressieux@ epfl. ch, R Aaij, C Abellan Beteta, B Adeva, M Adinolfi, C Adrover, A Affolder, Z Ajaltouni, J Albrecht, F Alessio, M Alexander, G Alkhazov, P Alvarez Cartelle, AA Alves, S Amato, Y Amhis, J Anderson, RB Appleby, O Aquines Gutierrez, F Archilli, L Arrabito, A Artamonov, M Artuso, E Aslanides, G Auriemma, S Bachmann, JJ Back, DS Bailey, V Balagura, W Baldini, RJ Barlow, C Barschel, S Barsuk, W Barter, A Bates, C Bauer, Th Bauer, A Bay, I Bediaga, S Belogurov, K Belous, I Belyaev, E Ben-Haim, M Benayoun, G Bencivenni, S Benson, J Benton, R Bernet, M-O Bettler, M van Beuzekom, A Bien, S Bifani, T Bird, A Bizzeti, PM Bjørnstad, T Blake, F Blanc, C Blanks, J Blouw, S Blusk, A Bobrov, V Bocci, A Bondar, N Bondar, W Bonivento, S Borghi, A Borgia, TJV Bowcock, C Bozzi, T Brambach, J van den Brand, J Bressieux, D Brett, M Britsch, T Britton, NH Brook, H Brown, A Büchler-Germann, I Burducea, A Bursche, J Buytaert, S Cadeddu, O Callot, M Calvi, M Calvo Gomez, A Camboni, P Campana, A Carbone, G Carboni, R Cardinale, A Cardini, L Carson, K Carvalho Akiba, G Casse, M Cattaneo, Ch Cauet, M Charles, Ph Charpentier, N Chiapolini, K Ciba, X Cid Vidal, G Ciezarek, PEL Clarke, M Clemencic, HV Cliff, J Closier, C Coca, V Coco, J Cogan, P Collins, A Comerma-Montells, F Constantin, A Contu, A Cook, M Coombes, G Corti, GA Cowan, R Currie, C D’Ambrosio, P David, PNY David, I De Bonis, S De Capua, M De Cian, F De Lorenzi, JM De Miranda, L De Paula, P De Simone, D Decamp, M Deckenhoff, H Degaudenzi, L Del Buono, C Deplano, D Derkach, O Deschamps, F Dettori, J Dickens, H Dijkstra, P Diniz Batista, F Domingo Bonal, S Donleavy, F Dordei, A Dosil Suárez, D Dossett, A Dovbnya, F Dupertuis, R Dzhelyadin, A Dziurda, S Easo, U Egede","Abstract Using 34.7 pb− 1 of data collected with the LHCb detector, the inclusive production of the X (3872) meson in pp collisions at s=7~TeV is observed for the first time. Candidates are selected in the X (3872)→ J/ψπ+ π− decay mode, and used to measure where σ (pp→ X (3872)+ anything) is the inclusive production cross section of X (3872) mesons with rapidity in the range 2.5–4.5 and transverse momentum in the range 5–20 GeV/c. In addition the masses of both the X (3872) and ψ (2 S) mesons, reconstructed in the J/ψπ+ π− final state, are measured to be m_ X (3872)= 3871.95\pm0. 48 stat)\pm0.12 syst)\mathrmMeV/c^2 and m_ψ(2S)=3686.12\pm0.06 stat)\pm0.10 syst)\mathrmMeV/c^2.",Unclassified,0.0
,,"Inclusive W and Z production in the forward region at $\sqrt {s}= 7\,{\text {TeV}} $
R Aaij, C Abellan Beteta, A Adametz, B Adeva… - Journal of High Energy Physics, 2012
Cited by 369 Related articles All 46 versions
Inclusive W and Z production in the forward region at root s= 7TeV*
F Archilli, G Carboni, E Santovetti, LHCb Collaboration - JOURNAL OF HIGH ENERGY PHYSICS, 2012
Related articles",2012/6,2012.0,https://link.springer.com/article/10.1007/JHEP06(2012)058,,,,1-30,Particle Physics,Cited by 369,Marwa JAHJAH hussein,,,Inclusive W and Z production in the forward region at,,Journal of High Energy Physics,,https://scholar.google.com/citations?view_op=view_citation&hl=en&user=56m4FtQAAAAJ&citation_for_view=56m4FtQAAAAJ:WF5omc3nYNoC,6,Springer Berlin Heidelberg,"R Aaij, C Abellan Beteta, A Adametz, B Adeva, M Adinolfi, C Adrover, A Affolder, Z Ajaltouni, J Albrecht, F Alessio, M Alexander, S Ali, G Alkhazov, P Alvarez Cartelle, AA Alves, S Amato, Y Amhis, J Anderson, RB Appleby, O Aquines Gutierrez, F Archilli, A Artamonov, M Artuso, E Aslanides, Giulio Auriemma, S Bachmann, JJ Back, V Balagura, W Baldini, RJ Barlow, C Barschel, S Barsuk, W Barter, A Bates, C Bauer, Th Bauer, A Bay, J Beddow, I Bediaga, S Belogurov, K Belous, I Belyaev, E Ben-Haim, M Benayoun, G Bencivenni, S Benson, J Benton, R Bernet, M-O Bettler, M Van Beuzekom, A Bien, S Bifani, T Bird, A Bizzeti, PM Bjørnstad, T Blake, F Blanc, C Blanks, J Blouw, S Blusk, A Bobrov, V Bocci, A Bondar, N Bondar, W Bonivento, S Borghi, A Borgia, TJV Bowcock, C Bozzi, T Brambach, J Van Den Brand, J Bressieux, D Brett, M Britsch, T Britton, NH Brook, H Brown, A Buechler-Germann, I Burducea, A Bursche, J Buytaert, S Cadeddu, O Callot, M Calvi, M Calvo Gomez, A Camboni, P Campana, ANGELO Carbone, G Carboni, R Cardinale, A Cardini, L Carson, K Carvalho Akiba, G Casse, M Cattaneo, Ch Cauet, M Charles, Ph Charpentier, N Chiapolini, M Chrzaszcz, K Ciba, X Cid Vidal, G Ciezarek, PEL Clarke, M Clemencic, HV Cliff, J Closier, C Coca, V Coco, J Cogan, E Cogneras, P Collins, A Comerma-Montells, A Contu, A Cook, M Coombes, G Corti, B Couturier, GA Cowan, R Currie, C D’Ambrosio, P David, PNY David, I De Bonis, K De Bruyn, S De Capua, M De Cian, JM De Miranda, L De Paula, P De Simone, D Decamp, M Deckenhoff, H Degaudenzi, L Del Buono, C Deplano, D Derkach, O Deschamps, F Dettori, J Dickens, H Dijkstra, P Diniz Batista, F Domingo Bonal, S Donleavy, F Dordei, A Dosil Suárez, D Dossett, A Dovbnya, F Dupertuis, R Dzhelyadin, A Dziurda","Measurements of inclusive W and Z boson production cross-sections in pp collisions at using final states containing muons are presented. The data sample corresponds to an integrated luminosity of 37 pb− 1 collected with the LHCb detector. The W and Z bosons are reconstructed from muons with a transverse momentum above 20 GeV/c and pseudorapidity between 2. 0 and 4. 5, and, in the case of the Z cross-section, a dimuon invariant mass between 60 and 120 GeV/c 2. The cross-sections are measured to be 831±9±27±29pb for W+, 656±8±19±23 for W− and 76. 7±1. 7±3. 3±2. 7pb for Z, where the first uncertainty is statistical, the second is systematic and the third is due to the luminosity. Differential cross-sections, W and Z cross-section ratios and the lepton charge asymmetry are also measured in the same kinematic region. The ratios are determined to be and\(\left …",Unclassified,0.0
,,"Search for the rare decays B0 s→ µ+ µ− and B0→ µ+ µ−
LHCb Collaboration, R Aaij, B Adeva - Phys. Lett. B, 2011
Cited by 220 Related articles
Search for the Rare Decays B s 0→ e+ e-and B 0→ e+ e*
R Aaij, C Abellán Beteta, T Ackernley, B Adeva… - Physical review letters, 2020
Cited by 61 Related articles All 54 versions
Search for the rare decays Bs0→ μ+ μ− and B0→ μ+ μ−*
R Aaij, B Adeva, M Adinolfi, C Adrover, A Affolder… - Physics Letters B, 2011
Cited by 34 Related articles All 43 versions
Search for the rare decays Bs0→ μ+ μ− and B0→ μ+ μ−*
R Aaij, CA Beteta, B Adeva, M Adinolfi, C Adrover… - Physics Letters B, 2012
Cited by 21 Related articles All 43 versions
Search for Rare B (s) 0<? format?>→<? format?> μ+ μ-μ+ μ-Decays*
R Aaij, C Abellan Beteta, A Adametz, B Adeva… - Physical Review Letters, 2013
Cited by 11 Related articles All 40 versions
Search for the rare decay B 0→ J/ψϕ*
R Aaij, CA Beteta, T Ackernley, B Adeva, M Adinolfi… - Chinese Physics C, 2021
Cited by 9 Related articles All 39 versions
Search for the rare decay→*
R Aaij, C Abellán Beteta, T Ackernley, B Adeva… - Chinese Physics C, 2021
Cited by 8 Related articles
Search for the rare decays Bs0→ μ+ μ-and B 0→ μ+ μ*
I Bediaga, JM De Miranda, BP Diniz, J Magnin… - Physics Letters. Section B: Nuclear, Elementary …, 2012
Related articles
Search for the rare decays Bs--> mumu and Bd--> mumu*
R Aaij, B Adeva, M Adinolfi, C Adrover, A Affolder… - Physics Letters B, 2011
Related articles All 2 versions
Search for the rare decays B s 0→ μ+ μ-and B 0→ μ+ μ*
I Bediaga, JM De Miranda, BP Diniz, J Magnin… - Physics Letters. Section B: Nuclear, Elementary …, 2011
Related articles All 2 versions",2011,699.0,,,,,330,Particle Physics,Cited by 330,Marwa JAHJAH hussein,,,Search for the rare decays B0 s→ µ+ µ− and B0→ µ+ µ−,,Phys. Lett. B,,https://scholar.google.com/citations?view_op=view_citation&hl=en&user=56m4FtQAAAAJ&citation_for_view=56m4FtQAAAAJ:qxL8FJ1GzNcC,,,"LHCb Collaboration, R Aaij, B Adeva",,Unclassified,0.0
,,"Strong Constraints on the Rare Decays B s 0→ μ+ μ-and B 0→ μ+ μ
R Aaij, C Abellan Beteta, A Adametz, B Adeva… - Physical Review Letters, 2012
Cited by 310 Related articles All 39 versions
Strong constraints on the rare decays B0 s Rm1m2 and B0 R m1m2*
LHCb Collaboration, R Aaij - Phys. Rev. Lett, 2012
Cited by 9 Related articles
Strong constraints on the rare decays\(B_s\rightarrow\mu^+\mu^-\) and\(B^ 0\rightarrow\mu^+\mu^*
R Aaij, LHCb Collaboration - Phys. Rev. Lett, 2012
Cited by 3 Related articles
Strong constraints on the rare decays Bs0-> μ+ μ-and B0-> μ+ μ
JJ Back, D Dossett, TJ Gershon, PF Harrison, M Kreps… - Physical Review Letters, 2012
Related articles All 2 versions",2012/6/8,108.0,https://link.aps.org/pdf/10.1103/PhysRevLett.108.231801,,,,231801,Particle Physics,Cited by 317,Marwa JAHJAH hussein,,,Strong Constraints on the Rare Decays and,,Physical Review Letters,,https://scholar.google.com/citations?view_op=view_citation&hl=en&user=56m4FtQAAAAJ&citation_for_view=56m4FtQAAAAJ:WbkHhVStYXYC,23,American Physical Society,"R Aaij, C Abellan Beteta, A Adametz, B Adeva, M Adinolfi, C Adrover, A Affolder, Ziad Ajaltouni, J Albrecht, F Alessio, M Alexander, S Ali, G Alkhazov, P Alvarez Cartelle, AA Alves Jr, S Amato, Y Amhis, J Anderson, R_B Appleby, O Aquines Gutierrez, F Archilli, A Artamonov, M Artuso, E Aslanides, Giulio Auriemma, S Bachmann, J_J Back, V Balagura, Wander Baldini, R_J Barlow, C Barschel, S Barsuk, W Barter, A Bates, C Bauer, Th Bauer, A Bay, J Beddow, I Bediaga, S Belogurov, K Belous, I Belyaev, E Ben-Haim, M Benayoun, G Bencivenni, S Benson, J Benton, R Bernet, M-O Bettler, M Van Beuzekom, A Bien, S Bifani, T Bird, A Bizzeti, P_M Bjørnstad, T Blake, F Blanc, C Blanks, J Blouw, S Blusk, A Bobrov, V Bocci, A Bondar, N Bondar, W Bonivento, S Borghi, A Borgia, T_J_V Bowcock, C Bozzi, T Brambach, J van Den Brand, J Bressieux, D Brett, M Britsch, T Britton, N_H Brook, H Brown, A Büchler-Germann, I Burducea, A Bursche, J Buytaert, S Cadeddu, O Callot, M Calvi, M Calvo Gomez, A Camboni, P Campana, A Carbone, G Carboni, R Cardinale, A Cardini, L Carson, K Carvalho Akiba, G Casse, M Cattaneo, Ch Cauet, M Charles, Ph Charpentier, N Chiapolini, M Chrzaszcz, K Ciba, X Cid Vidal, G Ciezarek, P_E_L Clarke, M Clemencic, H_V Cliff, J Closier, C Coca, V Coco, J Cogan, E Cogneras, P Collins, A Comerma-Montells, A Contu, A Cook, M Coombes, G Corti, B Couturier, G_A Cowan, R Currie, C D’Ambrosio, P David, P_N_Y David, I De Bonis, K De Bruyn, S De Capua, M De Cian, JM De Miranda, L De Paula, P De Simone, D Decamp, M Deckenhoff, H Degaudenzi, L Del Buono, C Deplano, D Derkach, O Deschamps, F Dettori, J Dickens, H Dijkstra, P Diniz Batista, F Domingo Bonal, S Donleavy, F Dordei, P Dornan, A Dosil Suarez, D Dossett, A Dovbnya, F Dupertuis, R Dzhelyadin","A search for and decays is performed using of collision data collected at with the LHCb experiment at the Large Hadron Collider. For both decays, the number of observed events is consistent with expectation from background and standard model signal predictions. Upper limits on the branching fractions are determined to be and at 95% (90%) confidence level.",Unclassified,0.0
,,"Measurement of the CP-Violating Phase ϕ s in the Decay B s 0→ J/ψ ϕ
R Aaij, C Abellan Beteta, B Adeva, M Adinolfi… - Physical Review Letters, 2012
Cited by 281 Related articles All 52 versions
Measurement of the CP-violating phase ϕs in the decay Bs0-> J/ψϕ
JJ Back, D Dossett, TJ Gershon, PF Harrison, M Kreps… - Physical Review Letters, 2012
Cited by 2 Related articles
Measurement of the CP violating phase ϕ s in the decay B^0_s→J/ψϕ*
R Aaij, LHCb collaboration - arXiv preprint arXiv:1112.3183
Cited by 2 Related articles",2012/3/9,108.0,https://link.aps.org/pdf/10.1103/PhysRevLett.108.101803,,,,101803,Particle Physics,Cited by 283,Marwa JAHJAH hussein,,,Measurement of the -Violating Phase in the Decay,,Physical Review Letters,,https://scholar.google.com/citations?view_op=view_citation&hl=en&user=56m4FtQAAAAJ&citation_for_view=56m4FtQAAAAJ:KxtntwgDAa4C,10,American Physical Society,"R Aaij, C Abellan Beteta, B Adeva, M Adinolfi, C Adrover, A Affolder, Ziad Ajaltouni, J Albrecht, F Alessio, M Alexander, G Alkhazov, P Alvarez Cartelle, AA Alves Jr, S Amato, Y Amhis, J Anderson, R_B Appleby, O Aquines Gutierrez, F Archilli, L Arrabito, A Artamonov, M Artuso, E Aslanides, Giulio Auriemma, S Bachmann, J_J Back, D_S Bailey, V Balagura, Wander Baldini, R_J Barlow, C Barschel, S Barsuk, W Barter, A Bates, C Bauer, Th Bauer, A Bay, I Bediaga, S Belogurov, K Belous, I Belyaev, E Ben-Haim, M Benayoun, G Bencivenni, S Benson, J Benton, R Bernet, M-O Bettler, M Van Beuzekom, A Bien, S Bifani, T Bird, A Bizzeti, P_M Bjørnstad, T Blake, F Blanc, C Blanks, J Blouw, S Blusk, A Bobrov, V Bocci, A Bondar, N Bondar, W Bonivento, S Borghi, A Borgia, T_J_V Bowcock, C Bozzi, T Brambach, J van Den Brand, J Bressieux, D Brett, M Britsch, T Britton, N_H Brook, H Brown, A Büchler-Germann, I Burducea, A Bursche, J Buytaert, S Cadeddu, O Callot, M Calvi, M Calvo Gomez, A Camboni, P Campana, A Carbone, G Carboni, R Cardinale, A Cardini, L Carson, K Carvalho Akiba, G Casse, M Cattaneo, Ch Cauet, M Charles, Ph Charpentier, N Chiapolini, K Ciba, X Cid Vidal, G Ciezarek, P_E_L Clarke, M Clemencic, H_V Cliff, J Closier, C Coca, V Coco, J Cogan, P Collins, A Comerma-Montells, F Constantin, A Contu, A Cook, M Coombes, G Corti, G_A Cowan, R Currie, C D’Ambrosio, P David, P_N_Y David, I De Bonis, S De Capua, M De Cian, F De Lorenzi, JM De Miranda, L De Paula, P De Simone, D Decamp, M Deckenhoff, H Degaudenzi, L Del Buono, C Deplano, D Derkach, O Deschamps, F Dettori, J Dickens, H Dijkstra, P Diniz Batista, F Bonal, S Domingo Donleavy, F Dordei, A Dosil Suarez, D Dossett, A Dovbnya, F Dupertuis, R Dzhelyadin, A Dziurda, S Easo, U Egede, V Egorychev","We present a measurement of the time-dependent -violating asymmetry in decays, using data collected with the LHCb detector at the LHC. The decay time distribution of is characterized by the decay widths and of the heavy and light mass eigenstates, respectively, of the system and by a -violating phase . In a sample of about 8500 events isolated from of collisions at , we measure . We also find an average decay width Γs≡(ΓL+ΓH)/2=0.657±0.009(stat)±0.008(syst)  ps-1 and a decay width difference ΔΓs≡ΓL-ΓH=0.123±0.029(stat)±0.011(syst)  ps-1. Our measurement is insensitive to the transformation .",Unclassified,0.0
,,"Measurement of the CP-violating phase ϕs in B¯ s0→ J/ψπ+ π− decays
R Aaij, B Adeva, M Adinolfi, A Affolder, Z Ajaltouni… - Physics Letters B, 2014
Cited by 171 Related articles All 47 versions
Measurement of the CP-violating phase ϕs in B¯ s0→ J/ψπ+ π− decays
R Aaij, CA Beteta, B Adeva, M Adinolfi, C Adrover… - Physics Letters B, 2012
Cited by 118 Related articles All 36 versions",2014/9/7,736.0,https://www.sciencedirect.com/science/article/pii/S0370269314004845,,,,186-195,Particle Physics,Cited by 276,Marwa JAHJAH hussein,,,Measurement of the CP-violating phase ϕs in B¯ s0→ J/ψπ+ π− decays,,Physics Letters B,,https://scholar.google.com/citations?view_op=view_citation&hl=en&user=56m4FtQAAAAJ&citation_for_view=56m4FtQAAAAJ:ZeXyd9-uunAC,,North-Holland,"Roel Aaij, Bernardo Adeva, Marco Adinolfi, Anthony Affolder, Ziad Ajaltouni, Simon Akar, Johannes Albrecht, Federico Alessio, Michael Alexander, Suvayu Ali, G Alkhazov, P Alvarez Cartelle, AA Alves Jr, S Amato, Silvia Amerio, Y Amhis, L An, L Anderlini, J Anderson, R Andreassen, Mirco Andreotti, JE Andrews, RB Appleby, O Aquines Gutierrez, F Archilli, A Artamonov, M Artuso, E Aslanides, G Auriemma, M Baalouch, S Bachmann, JJ Back, A Badalov, V Balagura, W Baldini, RJ Barlow, C Barschel, S Barsuk, W Barter, V Batozskaya, V Battista, A Bay, L Beaucourt, J Beddow, F Bedeschi, I Bediaga, S Belogurov, K Belous, I Belyaev, E Ben-Haim, G Bencivenni, S Benson, J Benton, A Berezhnoy, R Bernet, M-O Bettler, M van Beuzekom, A Bien, S Bifani, T Bird, A Bizzeti, PM Bjørnstad, T Blake, F Blanc, J Blouw, S Blusk, V Bocci, A Bondar, N Bondar, W Bonivento, S Borghi, A Borgia, M Borsato, TJV Bowcock, E Bowen, C Bozzi, T Brambach, J van den Brand, J Bressieux, D Brett, M Britsch, T Britton, J Brodzicka, NH Brook, H Brown, A Bursche, G Busetto, J Buytaert, S Cadeddu, Roberto Calabrese, M Calvi, M Calvo Gomez, A Camboni, P Campana, D Campora Perez, Angelo Carbone, G Carboni, R Cardinale, A Cardini, H Carranza-Mejia, L Carson, K Carvalho Akiba, G Casse, L Cassina, L Castillo Garcia, M Cattaneo, Ch Cauet, R Cenci, M Charles, Ph Charpentier, S Chen, S-F Cheung, N Chiapolini, M Chrzaszcz, K Ciba, X Cid Vidal, G Ciezarek, PEL Clarke, M Clemencic, HV Cliff, J Closier, V Coco, J Cogan, E Cogneras, P Collins, A Comerma-Montells, A Contu, A Cook, M Coombes, S Coquereau, G Corti, Marco Corvo, I Counts, B Couturier, GA Cowan, DC Craik, M Cruz Torres, S Cunliffe, R Currie, C D'Ambrosio, J Dalseno, Pieter David, PNY David, A Davis, K De Bruyn, S De Capua, M De Cian, JM De Miranda, L De Paula, W De Silva","The mixing-induced CP-violating phase ϕ s in B s 0 and B¯ s 0 decays is measured using the J/ψ π+ π− final state in data, taken from 3 fb− 1 of integrated luminosity, collected with the LHCb detector in 7 and 8 TeV centre-of-mass pp collisions at the LHC. A time-dependent flavour-tagged amplitude analysis, allowing for direct CP violation, yields a value for the phase ϕ s= 70±68±8 mrad. This result is consistent with the Standard Model expectation and previous measurements.",Unclassified,0.0
,,"Analysis of the resonant components in B¯ s 0→ J/ψ π+ π
R Aaij, C Abellan Beteta, B Adeva, M Adinolfi… - Physical Review D—Particles, Fields, Gravitation, and …, 2012
Cited by 276 Related articles All 46 versions",2012/9/1,86.0,https://link.aps.org/pdf/10.1103/PhysRevD.86.052006,,,,052006,Particle Physics,Cited by 276,Marwa JAHJAH hussein,,,Analysis of the resonant components in,,"Physical Review D—Particles, Fields, Gravitation, and Cosmology",,https://scholar.google.com/citations?view_op=view_citation&hl=en&user=56m4FtQAAAAJ&citation_for_view=56m4FtQAAAAJ:OU6Ihb5iCvQC,5,American Physical Society,"R Aaij, C Abellan Beteta, B Adeva, M Adinolfi, C Adrover, A Affolder, Z Ajaltouni, J Albrecht, F Alessio, M Alexander, S Ali, G Alkhazov, P Alvarez Cartelle, AA Alves Jr, S Amato, Y Amhis, J Anderson, RB Appleby, O Aquines Gutierrez, F Archilli, A Artamonov, M Artuso, E Aslanides, Giulio Auriemma, S Bachmann, JJ Back, V Balagura, Wander Baldini, RJ Barlow, C Barschel, S Barsuk, W Barter, A Bates, C Bauer, Th Bauer, A Bay, I Bediaga, S Belogurov, K Belous, I Belyaev, E Ben-Haim, M Benayoun, G Bencivenni, S Benson, J Benton, R Bernet, M-O Bettler, M Van Beuzekom, A Bien, S Bifani, T Bird, A Bizzeti, PM Bjørnstad, T Blake, F Blanc, C Blanks, J Blouw, S Blusk, A Bobrov, V Bocci, A Bondar, N Bondar, W Bonivento, S Borghi, A Borgia, TJV Bowcock, C Bozzi, T Brambach, J Van Den Brand, J Bressieux, D Brett, M Britsch, T Britton, NH Brook, H Brown, A Büchler-Germann, I Burducea, A Bursche, J Buytaert, S Cadeddu, O Callot, M Calvi, M Calvo Gomez, A Camboni, P Campana, A Carbone, G Carboni, R Cardinale, A Cardini, L Carson, K Carvalho Akiba, G Casse, M Cattaneo, Ch Cauet, M Charles, Ph Charpentier, N Chiapolini, K Ciba, X Cid Vidal, G Ciezarek, PEL Clarke, M Clemencic, HV Cliff, J Closier, C Coca, V Coco, J Cogan, P Collins, A Comerma-Montells, A Contu, A Cook, M Coombes, G Corti, B Couturier, GA Cowan, R Currie, C D’Ambrosio, P David, PNY David, I De Bonis, K De Bruyn, S De Capua, M De Cian, JM De Miranda, L De Paula, P De Simone, D Decamp, M Deckenhoff, H Degaudenzi, L Del Buono, C Deplano, D Derkach, O Deschamps, F Dettori, J Dickens, H Dijkstra, P Diniz Batista, F Domingo Bonal, S Donleavy, F Dordei, A Dosil Suarez, D Dossett, A Dovbnya, F Dupertuis, R Dzhelyadin, A Dziurda, S Easo, U Egede, V Egorychev, S Eidelman","The decay can be exploited to study violation. A detailed understanding of its structure is imperative in order to optimize its usefulness. An analysis of this three-body final state is performed using a sample of data produced in 7 TeV collisions at the LHC and collected by the LHCb experiment. A modified Dalitz plot analysis of the final state is performed using both the invariant mass spectra and the decay angular distributions. The system is shown to be dominantly in an -wave state, and the -odd fraction in this decay is shown to be greater than 0.977 at 95% confidence level. In addition, we report the first measurement of the branching fraction relative to of .",Unclassified,0.0
,,"Determination of the Sign of the Decay Width Difference in the B s 0 System
R Aaij, C Abellan Beteta, B Adeva, M Adinolfi… - Physical Review Letters, 2012
Cited by 260 Related articles All 46 versions
Determination of the sign of the decay width difference in the bs0 system
I Bediaga, JM De Miranda, BP Diniz, J Magnin… - Physical Review Letters, 2012
Related articles All 3 versions",2012/6/15,108.0,https://link.aps.org/pdf/10.1103/PhysRevLett.108.241801,,,,241801,Particle Physics,Cited by 260,Marwa JAHJAH hussein,,,Determination of the Sign of the Decay Width Difference in the System,,Physical Review Letters,,https://scholar.google.com/citations?view_op=view_citation&hl=en&user=56m4FtQAAAAJ&citation_for_view=56m4FtQAAAAJ:u_35RYKgDlwC,24,American Physical Society,"R Aaij, C Abellan Beteta, B Adeva, M Adinolfi, C Adrover, A Affolder, Ziad Ajaltouni, J Albrecht, F Alessio, M Alexander, G Alkhazov, P Alvarez Cartelle, AA Alves Jr, S Amato, Y Amhis, J Anderson, R_B Appleby, O Aquines Gutierrez, F Archilli, L Arrabito, A Artamonov, M Artuso, E Aslanides, Giulio Auriemma, S Bachmann, J_J Back, D_S Bailey, V Balagura, Wander Baldini, R_J Barlow, C Barschel, S Barsuk, W Barter, A Bates, C Bauer, Th Bauer, A Bay, I Bediaga, S Belogurov, K Belous, I Belyaev, E Ben-Haim, M Benayoun, G Bencivenni, S Benson, J Benton, R Bernet, M-O Bettler, M Van Beuzekom, A Bien, S Bifani, T Bird, A Bizzeti, P_M Bjørnstad, T Blake, F Blanc, C Blanks, J Blouw, S Blusk, A Bobrov, V Bocci, A Bondar, N Bondar, W Bonivento, S Borghi, A Borgia, T_J_V Bowcock, C Bozzi, T Brambach, J van Den Brand, J Bressieux, D Brett, M Britsch, T Britton, N_H Brook, H Brown, K De Bruyn, A Büchler-Germann, I Burducea, A Bursche, J Buytaert, S Cadeddu, O Callot, M Calvi, M Calvo Gomez, A Camboni, P Campana, A Carbone, G Carboni, R Cardinale, A Cardini, L Carson, K Carvalho Akiba, G Casse, M Cattaneo, Ch Cauet, M Charles, Ph Charpentier, N Chiapolini, K Ciba, X Cid Vidal, G Ciezarek, P_E_L Clarke, M Clemencic, H_V Cliff, J Closier, C Coca, V Coco, J Cogan, P Collins, A Comerma-Montells, F Constantin, A Contu, A Cook, M Coombes, G Corti, B Couturier, G_A Cowan, R Currie, C D’Ambrosio, P David, P_N_Y David, I De Bonis, S De Capua, M De Cian, F De Lorenzi, JM De Miranda, L De Paula, P De Simone, D Decamp, M Deckenhoff, H Degaudenzi, L Del Buono, C Deplano, D Derkach, O Deschamps, F Dettori, J Dickens, H Dijkstra, P Diniz Batista, F Domingo Bonal, S Donleavy, F Dordei, A Dosil Suarez, D Dossett, A Dovbnya, F Dupertuis, R Dzhelyadin, A Dziurda, S Easo","The interference between the -wave and -wave amplitudes in decays with the pairs in the region around the resonance is used to determine the variation of the difference of the strong phase between these amplitudes as a function of invariant mass. Combined with the results from our asymmetry measurement in decays, we conclude that the mass eigenstate that is almost is lighter and decays faster than the mass eigenstate that is almost . This determines the sign of the decay width difference to be positive. Our result also resolves the ambiguity in the past measurements of the violating phase to be close to zero rather than . These conclusions are in agreement with the standard model expectations.",Unclassified,0.0
,,"Measurements of B c+ Production and Mass with the B c+→ J/ψ π+ Decay
R Aaij, C Abellan Beteta, A Adametz, B Adeva… - Physical Review Letters, 2012
Cited by 244 Related articles All 46 versions
Measurements of Bc+ production and mass with the Bc+-> J/Ψπ+ decay
JJ Back, D Craik, D Dossett, TJ Gershon, PF Harrison… - Physical Review Letters, 2012
Cited by 1 Related articles",2012/12/7,109.0,https://link.aps.org/pdf/10.1103/PhysRevLett.109.232001,,,,232001,Particle Physics,Cited by 244,Marwa JAHJAH hussein,,,Measurements of Production and Mass with the Decay,,Physical Review Letters,,https://scholar.google.com/citations?view_op=view_citation&hl=en&user=56m4FtQAAAAJ&citation_for_view=56m4FtQAAAAJ:tOudhMTPpwUC,23,American Physical Society,"R Aaij, C Abellan Beteta, A Adametz, B Adeva, M Adinolfi, C Adrover, A Affolder, Z Ajaltouni, J Albrecht, F Alessio, M Alexander, S Ali, G Alkhazov, P Alvarez Cartelle, AA Alves Jr, S Amato, Y Amhis, L Anderlini, J Anderson, RB Appleby, O Aquines Gutierrez, F Archilli, A Artamonov, M Artuso, E Aslanides, Giulio Auriemma, S Bachmann, JJ Back, C Baesso, Wander Baldini, RJ Barlow, C Barschel, S Barsuk, W Barter, A Bates, Th Bauer, A Bay, J Beddow, I Bediaga, S Belogurov, K Belous, I Belyaev, E Ben-Haim, M Benayoun, G Bencivenni, S Benson, J Benton, A Berezhnoy, R Bernet, M-O Bettler, M Van Beuzekom, A Bien, S Bifani, T Bird, A Bizzeti, PM Bjørnstad, T Blake, F Blanc, C Blanks, J Blouw, S Blusk, A Bobrov, V Bocci, A Bondar, N Bondar, W Bonivento, S Borghi, A Borgia, TJV Bowcock, C Bozzi, T Brambach, J Van Den Brand, J Bressieux, D Brett, M Britsch, T Britton, NH Brook, H Brown, A Büchler-Germann, I Burducea, A Bursche, J Buytaert, S Cadeddu, O Callot, M Calvi, M Calvo Gomez, A Camboni, P Campana, A Carbone, G Carboni, R Cardinale, A Cardini, L Carson, K Carvalho Akiba, G Casse, M Cattaneo, Ch Cauet, M Charles, Ph Charpentier, P Chen, N Chiapolini, M Chrzaszcz, K Ciba, X Cid Vidal, G Ciezarek, PEL Clarke, M Clemencic, HV Cliff, J Closier, C Coca, V Coco, J Cogan, E Cogneras, P Collins, A Comerma-Montells, A Contu, A Cook, M Coombes, G Corti, B Couturier, GA Cowan, D Craik, S Cunliffe, R Currie, C D’Ambrosio, P David, PNY David, I De Bonis, K De Bruyn, S De Capua, M De Cian, JM De Miranda, L De Paula, P De Simone, D Decamp, M Deckenhoff, H Degaudenzi, L Del Buono, C Deplano, D Derkach, O Deschamps, F Dettori, A Di Canto, J Dickens, H Dijkstra, P Diniz Batista, F Domingo Bonal, S Donleavy, F Dordei, A Dosil Suarez","Measurements of production and mass are performed with the decay mode using of data collected in collisions at by the LHCb experiment. The ratio of the production cross section times branching fraction between the and the decays is measured to be (0.68±0.10(stat)±0.03(syst)±0.05(lifetime))% for and mesons with transverse momenta and pseudorapidities . The mass is directly measured to be , and the measured mass difference with respect to the meson is M(Bc+)-M(B+)=994.6±1.3(stat)±0.6(syst)  MeV/c2.",Unclassified,0.0
,,"Observation of excited Λ b 0 baryons
R Aaij, C Abellan Beteta, A Adametz, B Adeva… - Physical Review Letters, 2012
Cited by 213 Related articles All 46 versions
Observation of excited Λb0 baryons
JJ Back, D Craik, D Dossett, TJ Gershon, PF Harrison… - Physical Review Letters, 2012
Cited by 1 Related articles All 6 versions",2012/10/26,109.0,https://link.aps.org/pdf/10.1103/PhysRevLett.109.172003,,,,172003,Particle Physics,Cited by 213,Marwa JAHJAH hussein,,,Observation of excited Λ b 0 baryons,,Physical Review Letters,,https://scholar.google.com/citations?view_op=view_citation&hl=en&user=56m4FtQAAAAJ&citation_for_view=56m4FtQAAAAJ:XiSMed-E-HIC,17,American Physical Society,"R Aaij, C Abellan Beteta, A Adametz, B Adeva, M Adinolfi, C Adrover, A Affolder, Z Ajaltouni, J Albrecht, F Alessio, M Alexander, S Ali, G Alkhazov, P Alvarez Cartelle, AA Alves Jr, S Amato, Y Amhis, J Anderson, R_B Appleby, O Aquines Gutierrez, F Archilli, A Artamonov, M Artuso, E Aslanides, Giulio Auriemma, S Bachmann, J_J Back, V Balagura, Wander Baldini, R_J Barlow, C Barschel, S Barsuk, W Barter, A Bates, C Bauer, Th Bauer, A Bay, J Beddow, I Bediaga, S Belogurov, K Belous, I Belyaev, E Ben-Haim, M Benayoun, G Bencivenni, S Benson, J Benton, R Bernet, M-O Bettler, M Van Beuzekom, A Bien, S Bifani, T Bird, A Bizzeti, P_M Bjørnstad, T Blake, F Blanc, C Blanks, J Blouw, S Blusk, A Bobrov, V Bocci, A Bondar, N Bondar, W Bonivento, S Borghi, A Borgia, T_J_V Bowcock, C Bozzi, T Brambach, J Van Den Brand, J Bressieux, D Brett, M Britsch, T Britton, N_H Brook, H Brown, A Büchler-Germann, I Burducea, A Bursche, J Buytaert, S Cadeddu, O Callot, M Calvi, M Calvo Gomez, A Camboni, P Campana, A Carbone, G Carboni, R Cardinale, A Cardini, L Carson, K Carvalho Akiba, G Casse, M Cattaneo, Ch Cauet, M Charles, Ph Charpentier, P Chen, N Chiapolini, M Chrzaszcz, K Ciba, X Cid Vidal, G Ciezarek, P_E_L Clarke, M Clemencic, H_V Cliff, J Closier, C Coca, V Coco, J Cogan, E Cogneras, P Collins, A Comerma-Montells, A Contu, A Cook, M Coombes, G Corti, B Couturier, G_A Cowan, D Craik, R Currie, C D’Ambrosio, P David, P_N_Y David, I De Bonis, K De Bruyn, S De Capua, M De Cian, JM De Miranda, L De Paula, P De Simone, D Decamp, M Deckenhoff, H Degaudenzi, L Del Buono, C Deplano, D Derkach, O Deschamps, F Dettori, J Dickens, H Dijkstra, P Diniz Batista, F Domingo Bonal, S Donleavy, F Dordei, A Dosil Suarez, D Dossett, A Dovbnya, F Dupertuis","Using collision data corresponding to integrated luminosity collected by the LHCb detector, two narrow states are observed in the spectrum with masses 5911.97±0.12(stat)±0.02(syst)±0.66(Λb0  mass)  MeV/c2 and 5919.77±0.08(stat)±0.02(syst)±0.66(Λb0  mass)  MeV/c2. The significances of the observations are 5.2 and 10.2 standard deviations, respectively. These states are interpreted as the orbitally excited baryons, and .",Unclassified,0.0
,,"Prompt KS0 production in pp collisions at s= 0.9 TeV
R Aaij, CA Beteta, B Adeva, M Adinolfi, C Adrover… - Physics Letters B, 2010
Cited by 150 Related articles All 42 versions
Prompt K0S production in pp collisions at s√= 0.9 TeV*
D Dossett, TJ Gershon, PF Harrison, T Latham… - Physics Letters B, 2010
Cited by 80 Related articles All 5 versions",2010/9/27,693.0,https://www.sciencedirect.com/science/article/pii/S0370269310010282,,,,69-80,Particle Physics,Cited by 213,Marwa JAHJAH hussein,,,Prompt KS0 production in pp collisions at s= 0.9 TeV,,Physics Letters B,,https://scholar.google.com/citations?view_op=view_citation&hl=en&user=56m4FtQAAAAJ&citation_for_view=56m4FtQAAAAJ:mVmsd5A6BfQC,2,North-Holland,"R Aaij, C Abellan Beteta, B Adeva, M Adinolfi, C Adrover, A Affolder, M Agari, Ziad Ajaltouni, J Albrecht, F Alessio, M Alexander, M Alfonsi, P Alvarez Cartelle, AA Alves Jr, S Amato, Y Amhis, J Amoraal, J Anderson, R Antunes Nobrega, R Appleby, O Aquines Gutierrez, A Arefyev, L Arrabito, Marina Artuso, E Aslanides, G Auriemma, S Bachmann, Y Bagaturia, DS Bailey, V Balagura, Wander Baldini, G Barber, C Barham, RJ Barlow, S Barsuk, S Basiladze, A Bates, C Bauer, Th Bauer, A Bay, I Bediaga, T Bellunato, K Belous, I Belyaev, M Benayoun, G Bencivenni, R Bernet, RP Bernhard, M-O Bettler, M van Beuzekom, JH Bibby, S Bifani, A Bizzeti, PM Bjørnstad, T Blake, F Blanc, C Blanks, J Blouw, S Blusk, A Bobrov, V Bocci, B Bochin, E Bonaccorsi, A Bondar, N Bondar, W Bonivento, S Borghi, A Borgia, E Bos, TJV Bowcock, C Bozzi, T Brambach, J van den Brand, L Brarda, J Bressieux, S Brisbane, M Britsch, NH Brook, H Brown, S Brusa, A Büchler-Germann, A Bursche, J Buytaert, S Cadeddu, JM Caicedo Carvajal, O Callot, M Calvi, M Calvo Gomez, A Camboni, W Cameron, L Camilleri, P Campana, ANGELO Carbone, G Carboni, R Cardinale, A Cardini, J Carroll, L Carson, K Carvalho Akiba, G Casse, M Cattaneo, B Chadaj, M Charles, Ph Charpentier, J Cheng, N Chiapolini, A Chlopik, J Christiansen, P Ciambrone, X Cid Vidal, PJ Clark, PEL Clarke, M Clemencic, HV Cliff, J Closier, C Coca, V Coco, J Cogan, P Collins, A Comerma-Montells, F Constantin, G Conti, A Contu, P Cooke, M Coombes, B Corajod, G Corti, GA Cowan, R Currie, B D'Almagne, C D'Ambrosio, I D'Antone, W Da Silva, E Dane, P David, I De Bonis, S De Capua, M De Cian, F De Lorenzi, JM De Miranda, L De Paula, P De Simone, D Decamp, G Decreuse, H Degaudenzi, M Deissenroth, L Del Buono, CJ Densham, C Deplano, O Deschamps","The production of KS0 mesons in pp collisions at a centre-of-mass energy of 0.9 TeV is studied with the LHCb detector at the Large Hadron Collider. The luminosity of the analysed sample is determined using a novel technique, involving measurements of the beam currents, sizes and positions, and is found to be 6.8±1.0 μb−1. The differential prompt KS0 production cross-section is measured as a function of the KS0 transverse momentum and rapidity in the region 0<pT<1.6 GeV/c and 2.5<y<4.0. The data are found to be in reasonable agreement with previous measurements and generator expectations.",Unclassified,0.0
,,"Roadmap for selected key measurements of LHCb
B Adeva, M Adinolfi, A Affolder, Z Ajaltouni, J Albrecht… - arXiv preprint arXiv:0912.4179, 2009
Cited by 196 Related articles All 16 versions",2009/12/18,,https://arxiv.org/pdf/0912.4179,,,,,Particle Physics,Cited by 196,Marwa JAHJAH hussein,,,Roadmap for selected key measurements of LHCb,,arXiv preprint arXiv:0912.4179,,https://scholar.google.com/citations?view_op=view_citation&hl=en&user=56m4FtQAAAAJ&citation_for_view=56m4FtQAAAAJ:4DMP91E08xMC,,,"B Adeva, M Adinolfi, A Affolder, Ziad Ajaltouni, J Albrecht, F Alessio, M Alexander, P Alvarez Cartelle, AA Alves Jr, S Amato, Y Amhis, J Amoraal, J Anderson, O Aquines Gutierrez, L Arrabito, M Artuso, E Aslanides, G Auriemma, S Bachmann, Y Bagaturia, DS Bailey, V Balagura, W Baldini, MdC Pazos, RJ Barlow, S Barsuk, A Bates, C Bauer, Th Bauer, A Bay, I Bediaga, K Belous, I Belyaev, M Benayoun, G Bencivenni, R Bernet, M-O Bettler, A Bizzeti, T Blake, F Blanc, C Blanks, J Blouw, S Blusk, A Bobrov, V Bocci, A Bondar, N Bondar, W Bonivento, S Borghi, A Borgia, E Bos, TJV Bowcock, C Bozzi, J Bressieux, S Brisbane, M Britsch, NH Brook, H Brown, A Büchler-Germann, J Buytaert, J-P Cachemiche, S Cadeddu, JM Carvajal, O Callot, M Calvi, M Calvo Gomez, A Camboni, W Cameron, P Campana, A Carbone, G Carboni, A Cardini, L Carson, K Carvalho Akiba, G Casse, M Cattaneo, M Charles, Ph Charpentier, A Chlopik, P Ciambrone, X Cid Vidal, PJ Clark, PEL Clarke, M Clemencic, HV Cliff, J Closier, C Coca, V Coco, J Cogan, P Collins, F Constantin, G Conti, A Contu, G Corti, GA Cowan, B d'Almagne, C d'Ambrosio, DG d'Enterria, W Da Silva, P David, I De Bonis, S De Capua, M De Cian, F De Lorenzi, JM De Miranda, L De Paula, P De Simone, H De Vries, D Decamp, H Degaudenzi, M Deissenroth, L Del Buono, C Deplano, O Deschamps, F Dettori, J Dickens, H Dijkstra, M Dima, S Donleavy, AC Dos Reis, A Dovbnya, T Du Pree, P-Y Duval, L Dwyer, R Dzhelyadin, C Eames, S Easo, U Egede, V Egorychev, F Eisele, S Eisenhardt, L Eklund, D Esperante Pereira, L Estève, S Eydelman, E Fanchini, C Färber, G Fardell, C Farinelli, S Farry, V Fave, V Fernandez Albor, M Ferro-Luzzi, S Filippov, C Fitzpatrick, F Fontanelli, R Forty, M Frank, C Frei, M Frosini","Six of the key physics measurements that will be made by the LHCb experiment, concerning CP asymmetries and rare B decays, are discussed in detail. The ""road map"" towards the precision measurements is presented, including the use of control channels and other techniques to understand the performance of the detector with the first data from the LHC.",particle physics,0.208
,,"First Observation of the Decay B c+→ J/ψ π+ π-π+
R Aaij, C Abellan Beteta, B Adeva, M Adinolfi… - Physical review letters, 2012
Cited by 128 Related articles All 41 versions
First observation of the decay Bc+→ J/ψπ+ π-π+*
I Bediaga, JM De Miranda, BP Diniz, J Magnin… - Physical Review Letters, 2012
Cited by 69 Related articles All 6 versions
First observation of the decay B c+→ π+ π-π+
LHCb collaboration, R Aaij - Phys. Rev. Lett, 2012
Cited by 4 Related articles",2012/6/22,108.0,https://link.aps.org/pdf/10.1103/PhysRevLett.108.251802,,,,251802,Particle Physics,Cited by 186,Marwa JAHJAH hussein,,,First Observation of the Decay,,Physical review letters,,https://scholar.google.com/citations?view_op=view_citation&hl=en&user=56m4FtQAAAAJ&citation_for_view=56m4FtQAAAAJ:rO6llkc54NcC,25,American Physical Society,"R Aaij, C Abellan Beteta, B Adeva, M Adinolfi, C Adrover, A Affolder, Z Ajaltouni, J Albrecht, F Alessio, M Alexander, S Ali, G Alkhazov, P Alvarez Cartelle, AA Alves Jr, S Amato, Y Amhis, J Anderson, R_B Appleby, O Aquines Gutierrez, F Archilli, A Artamonov, M Artuso, E Aslanides, Giulio Auriemma, S Bachmann, J_J Back, V Balagura, Wander Baldini, R_J Barlow, C Barschel, S Barsuk, W Barter, A Bates, C Bauer, Th Bauer, A Bay, I Bediaga, S Belogurov, K Belous, I Belyaev, E Ben-Haim, M Benayoun, G Bencivenni, S Benson, J Benton, R Bernet, M-O Bettler, M Van Beuzekom, A Bien, S Bifani, T Bird, A Bizzeti, P_M Bjørnstad, T Blake, F Blanc, C Blanks, J Blouw, S Blusk, A Bobrov, V Bocci, A Bondar, N Bondar, W Bonivento, S Borghi, A Borgia, T_J_V Bowcock, C Bozzi, T Brambach, J Van Den Brand, J Bressieux, D Brett, M Britsch, T Britton, N_H Brook, H Brown, A Büchler-Germann, I Burducea, A Bursche, J Buytaert, S Cadeddu, O Callot, M Calvi, M Calvo Gomez, A Camboni, P Campana, A Carbone, G Carboni, R Cardinale, A Cardini, L Carson, K Carvalho Akiba, G Casse, M Cattaneo, Ch Cauet, M Charles, Ph Charpentier, N Chiapolini, K Ciba, X Cid Vidal, G Ciezarek, P_E_L Clarke, M Clemencic, H_V Cliff, J Closier, C Coca, V Coco, J Cogan, P Collins, A Comerma-Montells, A Contu, A Cook, M Coombes, G Corti, B Couturier, G_A Cowan, R Currie, C D’Ambrosio, P David, P_N_Y David, I De Bonis, K De Bruyn, S De Capua, M De Cian, JM De Miranda, L De Paula, P De Simone, D Decamp, M Deckenhoff, H Degaudenzi, L Del Buono, C Deplano, D Derkach, O Deschamps, F Dettori, J Dickens, H Dijkstra, P Diniz Batista, F Domingo Bonal, S Donleavy, F Dordei, A Dosil Suarez, D Dossett, A Dovbnya, F Dupertuis, R Dzhelyadin, A Dziurda, S Easo, U Egede, V Egorychev, S Eidelman","The decay is observed for the first time, using of collisions <?format ?>at collected by the LHCb experiment. The ratio of branching fractions is measured to be , where the first uncertainty is statistical and the second is systematic. The result is in agreement with theoretical predictions.",Unclassified,0.0
,,"Search for the X (4140) state in B+→ J/ψ ϕ K+ decays
R Aaij, C Abellan Beteta, B Adeva, M Adinolfi… - Physical Review D—Particles, Fields, Gravitation, and …, 2012
Cited by 185 Related articles All 43 versions
Search for the Xð4140Þ state in B þ→ J= ψϕK þ decays*
R Aaij, LHCb Collaboration - Phys. Rev. D, 2012
Cited by 2 Related articles",2012/5/1,85.0,https://link.aps.org/pdf/10.1103/PhysRevD.85.091103,,,,091103,Particle Physics,Cited by 185,Marwa JAHJAH hussein,,,Search for the state in decays,,"Physical Review D—Particles, Fields, Gravitation, and Cosmology",,https://scholar.google.com/citations?view_op=view_citation&hl=en&user=56m4FtQAAAAJ&cstart=20&pagesize=80&citation_for_view=56m4FtQAAAAJ:YFjsv_pBGBYC,9,American Physical Society,"R Aaij, C Abellan Beteta, B Adeva, M Adinolfi, C Adrover, A Affolder, Ziad Ajaltouni, J Albrecht, F Alessio, M Alexander, G Alkhazov, P Alvarez Cartelle, AA Alves Jr, S Amato, Y Amhis, J Anderson, RB Appleby, O Aquines Gutierrez, F Archilli, L Arrabito, A Artamonov, M Artuso, E Aslanides, Giulio Auriemma, S Bachmann, JJ Back, DS Bailey, V Balagura, Wander Baldini, RJ Barlow, C Barschel, S Barsuk, W Barter, A Bates, C Bauer, Th Bauer, A Bay, I Bediaga, S Belogurov, K Belous, I Belyaev, E Ben-Haim, M Benayoun, G Bencivenni, S Benson, J Benton, R Bernet, M-O Bettler, M Van Beuzekom, A Bien, S Bifani, T Bird, A Bizzeti, PM Bjørnstad, T Blake, F Blanc, C Blanks, J Blouw, S Blusk, A Bobrov, V Bocci, A Bondar, N Bondar, W Bonivento, S Borghi, A Borgia, TJV Bowcock, C Bozzi, T Brambach, J van Den Brand, J Bressieux, D Brett, M Britsch, T Britton, NH Brook, H Brown, A Büchler-Germann, I Burducea, A Bursche, J Buytaert, S Cadeddu, O Callot, M Calvi, M Calvo Gomez, A Camboni, P Campana, A Carbone, G Carboni, R Cardinale, A Cardini, L Carson, K Carvalho Akiba, G Casse, M Cattaneo, Ch Cauet, M Charles, Ph Charpentier, N Chiapolini, K Ciba, X Cid Vidal, G Ciezarek, PEL Clarke, M Clemencic, HV Cliff, J Closier, C Coca, V Coco, J Cogan, P Collins, A Comerma-Montells, F Constantin, A Contu, A Cook, M Coombes, G Corti, B Couturier, GA Cowan, R Currie, C D’Ambrosio, P David, PNY David, I De Bonis, S De Capua, M De Cian, F De Lorenzi, JM De Miranda, L De Paula, P De Simone, D Decamp, M Deckenhoff, H Degaudenzi, L Del Buono, C Deplano, D Derkach, O Deschamps, F Dettori, J Dickens, H Dijkstra, P Diniz Batista, F Domingo Bonal, S Donleavy, F Dordei, A Dosil Suárez, D Dossett, A Dovbnya, F Dupertuis, R Dzhelyadin, A Dziurda, S Easo, U Egede","A search for the state in decays is performed with of collisions at collected by the LHCb experiment. No evidence for this state is found, in disagreement with a measurement by CDF. An upper limit on its production rate is set, B(B+→X(4140)K+)×B(X(4140)→J/ψϕ)/B(B+→J/ψϕK+)<0.07 at 90% confidence level.<?format ?><?format ?>",Unclassified,0.0
,,"First evidence of direct CP violation in charmless two-body decays of B s 0 mesons
R Aaij, C Abellan Beteta, B Adeva, M Adinolfi… - Physical Review Letters, 2012
Cited by 183 Related articles All 49 versions
First evidence of direct CP violation in charmless two-body decays of Bs0 mesons
JJ Back, D Dossett, TJ Gershon, PF Harrison, M Kreps… - Physical Review Letters, 2012
Cited by 1 Related articles All 4 versions",2012/5/18,108.0,https://link.aps.org/pdf/10.1103/PhysRevLett.108.201601,,,,201601,Particle Physics,Cited by 184,Marwa JAHJAH hussein,,,First Evidence of Direct Violation in Charmless Two-Body Decays of Mesons,,Physical Review Letters,,https://scholar.google.com/citations?view_op=view_citation&hl=en&user=56m4FtQAAAAJ&cstart=20&pagesize=80&citation_for_view=56m4FtQAAAAJ:Tiz5es2fbqcC,20,American Physical Society,"R Aaij, C Abellan Beteta, B Adeva, M Adinolfi, C Adrover, A Affolder, Ziad Ajaltouni, J Albrecht, F Alessio, M Alexander, S Ali, G Alkhazov, P Alvarez Cartelle, AA Alves Jr, S Amato, Y Amhis, J Anderson, RB Appleby, O Aquines Gutierrez, F Archilli, L Arrabito, A Artamonov, M Artuso, E Aslanides, Giulio Auriemma, S Bachmann, JJ Back, V Balagura, Wander Baldini, RJ Barlow, C Barschel, S Barsuk, W Barter, A Bates, C Bauer, Th Bauer, A Bay, I Bediaga, S Belogurov, K Belous, I Belyaev, E Ben-Haim, M Benayoun, G Bencivenni, S Benson, J Benton, R Bernet, M-O Bettler, M Van Beuzekom, A Bien, S Bifani, T Bird, A Bizzeti, PM Bjørnstad, T Blake, F Blanc, C Blanks, J Blouw, S Blusk, A Bobrov, V Bocci, A Bondar, N Bondar, W Bonivento, S Borghi, A Borgia, TJV Bowcock, C Bozzi, T Brambach, J Van Den Brand, J Bressieux, D Brett, M Britsch, T Britton, NH Brook, H Brown, A Büchler-Germann, I Burducea, A Bursche, J Buytaert, S Cadeddu, O Callot, M Calvi, M Calvo Gomez, A Camboni, P Campana, A Carbone, G Carboni, R Cardinale, A Cardini, L Carson, K Carvalho Akiba, G Casse, M Cattaneo, Ch Cauet, M Charles, Ph Charpentier, N Chiapolini, K Ciba, X Cid Vidal, G Ciezarek, PEL Clarke, M Clemencic, HV Cliff, J Closier, C Coca, V Coco, J Cogan, P Collins, A Comerma-Montells, A Contu, A Cook, M Coombes, G Corti, B Couturier, GA Cowan, R Currie, C D’Ambrosio, P David, PNY David, I De Bonis, K De Bruyn, S De Capua, M De Cian, F De Lorenzi, JM De Miranda, L De Paula, P De Simone, D Decamp, M Deckenhoff, H Degaudenzi, L Del Buono, C Deplano, D Derkach, O Deschamps, F Dettori, J Dickens, H Dijkstra, P Diniz Batista, F Domingo Bonal, S Donleavy, F Dordei, A Dosil Suarez, D Dossett, A Dovbnya, F Dupertuis, R Dzhelyadin, A Dziurda, S Easo, U Egede","Using a data sample corresponding to an integrated luminosity of collected by LHCb in 2011, we report the first evidence of violation in the decays of mesons to pairs, ACP(Bs0→Kπ)=0.27±0.08(stat)±0.02(syst), with a significance of . Furthermore, we report the most precise measurement of violation in the decays of mesons to pairs, ACP(B0→Kπ)=-0.088±0.011(stat)±0.008(syst), with a significance exceeding .",Unclassified,0.0
,,"Measurement of b-hadron branching fractions for two-body decays into charmless charged hadrons
R Aaij, C Abellan Beteta, B Adeva, M Adinolfi… - Journal of High Energy Physics, 2012
Cited by 178 Related articles All 46 versions
Measurement of b-hadron branching fractions fortwo-body decays into charmless charged hadrons
LHCb Collaboration - Journal of High Energy Physics, 2012, Vol. 2012, No …, 2012
Related articles All 3 versions",2012/10,2012.0,https://link.springer.com/article/10.1007/jhep10(2012)037,,,,1-21,Particle Physics,Cited by 178,Marwa JAHJAH hussein,,,Measurement of b-hadron branching fractions for two-body decays into charmless charged hadrons,,Journal of High Energy Physics,,https://scholar.google.com/citations?view_op=view_citation&hl=en&user=56m4FtQAAAAJ&cstart=20&pagesize=80&citation_for_view=56m4FtQAAAAJ:LkGwnXOMwfcC,10,Springer-Verlag,"R Aaij, C Abellan Beteta, B Adeva, M Adinolfi, C Adrover, A Affolder, Z Ajaltouni, J Albrecht, F Alessio, M Alexander, S Ali, G Alkhazov, P Alvarez Cartelle, AA Alves, S Amato, Y Amhis, J Anderson, RB Appleby, O Aquines Gutierrez, F Archilli, A Artamonov, M Artuso, E Aslanides, Giulio Auriemma, S Bachmann, JJ Back, V Balagura, Wander Baldini, RJ Barlow, C Barschel, S Barsuk, W Barter, A Bates, C Bauer, Th Bauer, A Bay, I Bediaga, S Belogurov, K Belous, I Belyaev, E Ben-Haim, M Benayoun, G Bencivenni, S Benson, J Benton, R Bernet, M-O Bettler, M Van Beuzekom, A Bien, S Bifani, T Bird, A Bizzeti, PM Bjørnstad, T Blake, F Blanc, C Blanks, J Blouw, S Blusk, A Bobrov, V Bocci, A Bondar, N Bondar, W Bonivento, S Borghi, A Borgia, TJV Bowcock, C Bozzi, T Brambach, J Van Den Brand, J Bressieux, D Brett, M Britsch, T Britton, NH Brook, H Brown, K De Bruyn, A Büchler-Germann, I Burducea, A Bursche, J Buytaert, S Cadeddu, O Callot, M Calvi, M Calvo Gomez, A Camboni, P Campana, ANGELO Carbone, G Carboni, R Cardinale, A Cardini, L Carson, K Carvalho Akiba, G Casse, M Cattaneo, Ch Cauet, M Charles, Ph Charpentier, N Chiapolini, K Ciba, X Cid Vidal, G Ciezarek, PEL Clarke, M Clemencic, HV Cliff, J Closier, C Coca, V Coco, J Cogan, P Collins, A Comerma-Montells, A Contu, A Cook, M Coombes, G Corti, B Couturier, GA Cowan, R Currie, C D’Ambrosio, P David, PNY David, I De Bonis, S De Capua, M De Cian, JM De Miranda, L De Paula, P De Simone, D Decamp, M Deckenhoff, H Degaudenzi, L Del Buono, C Deplano, D Derkach, O Deschamps, F Dettori, J Dickens, H Dijkstra, P Diniz Batista, F Domingo Bonal, S Donleavy, F Dordei, A Dosil Suarez, D Dossett, A Dovbnya, F Dupertuis, R Dzhelyadin, A Dziurda, S Easo, U Egede, V Egorychev, S Eidelman","Based on data corresponding to an integrated luminosity of 0.37 fb− 1 collected by the LHCb experiment in 2011, the following ratios of branching fractions are measured:",Unclassified,0.0
,,"Measurement of the cross-section ratio σ (χc2)/σ (χc1) for prompt χc production at s= 7 TeV
R Aaij, CA Beteta, B Adeva, M Adinolfi, C Adrover… - Physics Letters B, 2012
Cited by 165 Related articles All 41 versions",2012/8/14,714.0,https://www.sciencedirect.com/science/article/pii/S037026931200737X,,,,215-223,Particle Physics,Cited by 165,Marwa JAHJAH hussein,,,Measurement of the cross-section ratio σ (χc2)/σ (χc1) for prompt χc production at s= 7 TeV,,Physics Letters B,,https://scholar.google.com/citations?view_op=view_citation&hl=en&user=56m4FtQAAAAJ&cstart=20&pagesize=80&citation_for_view=56m4FtQAAAAJ:0EnyYjriUFMC,2-5,North-Holland,"R Aaij, C Abellan Beteta, B Adeva, M Adinolfi, C Adrover, A Affolder, Ziad Ajaltouni, J Albrecht, F Alessio, M Alexander, G Alkhazov, P Alvarez Cartelle, AA Alves Jr, S Amato, Y Amhis, J Anderson, RB Appleby, O Aquines Gutierrez, F Archilli, L Arrabito, A Artamonov, M Artuso, E Aslanides, Giulio Auriemma, S Bachmann, JJ Back, DS Bailey, V Balagura, Wander Baldini, RJ Barlow, C Barschel, S Barsuk, W Barter, A Bates, C Bauer, Th Bauer, A Bay, I Bediaga, S Belogurov, K Belous, I Belyaev, E Ben-Haim, M Benayoun, G Bencivenni, S Benson, J Benton, R Bernet, M-O Bettler, M Van Beuzekom, A Bien, S Bifani, T Bird, A Bizzeti, PM Bjørnstad, T Blake, F Blanc, C Blanks, J Blouw, S Blusk, A Bobrov, V Bocci, A Bondar, N Bondar, W Bonivento, S Borghi, A Borgia, TJV Bowcock, C Bozzi, T Brambach, J van Den Brand, J Bressieux, D Brett, M Britsch, T Britton, NH Brook, H Brown, A Büchler-Germann, I Burducea, A Bursche, J Buytaert, S Cadeddu, O Callot, M Calvi, M Calvo Gomez, A Camboni, P Campana, ANGELO Carbone, G Carboni, R Cardinale, A Cardini, L Carson, K Carvalho Akiba, G Casse, M Cattaneo, Ch Cauet, M Charles, Ph Charpentier, N Chiapolini, K Ciba, X Cid Vidal, G Ciezarek, PEL Clarke, M Clemencic, HV Cliff, J Closier, C Coca, V Coco, J Cogan, P Collins, A Comerma-Montells, F Constantin, G Conti, A Contu, A Cook, M Coombes, G Corti, GA Cowan, R Currie, B DʼAlmagne, C DʼAmbrosio, P David, PNY David, I De Bonis, S De Capua, M De Cian, F De Lorenzi, JM De Miranda, L De Paula, P De Simone, D Decamp, M Deckenhoff, H Degaudenzi, M Deissenroth, L Del Buono, C Deplano, D Derkach, O Deschamps, F Dettori, J Dickens, H Dijkstra, P Diniz Batista, F Domingo Bonal, S Donleavy, F Dordei, A Dosil Suárez, D Dossett, A Dovbnya, F Dupertuis, R Dzhelyadin, A Dziurda","The prompt production of the charmonium χc1 and χc2 mesons has been studied in proton–proton collisions at the Large Hadron Collider at a centre-of-mass energy of s=7 TeV. The χc mesons are identified through their decays χc→J/ψγ with J/ψ→μ+μ− using 36  pb−1 of data collected by the LHCb detector in 2010. The ratio of the prompt production cross-sections for the two χc spin states, σ(χc2)/σ(χc1), has been determined as a function of the J/ψ transverse momentum, pTJ/ψ, in the range from 2 to 15 GeV/c. The results are in agreement with the next-to-leading order non-relativistic QCD model at high pTJ/ψ and lie consistently above the pure leading-order colour-singlet prediction.",Unclassified,0.0
,,"Measurement of the ratio of branching fractions B (B0→ K⁎ 0γ)/B (Bs0→ ϕγ) and the direct CP asymmetry in B0→ K⁎ 0γ
R Aaij, CA Beteta, A Adametz, B Adeva, M Adinolfi… - Nuclear Physics B, 2013
Cited by 149 Related articles All 45 versions
Measurement of the ratio of branching fractions BðB0→ KÃ0γÞ= BðB0 s→ ϕγÞ and the direct CP asymmetry in B0→ KÃ0γ*
R Aaij, LHCb Collaboration - Nucl. Phys. B
Cited by 11 Related articles
Measurement of the ratio of branching fractions B (B 0→ K Ã0γ)= B (B 0 s→ ϕγ) and the direct CP asymmetry in B 0→ K Ã0γ
R Aaij, LHCb Collaboration - Nucl. Phys. B
Cited by 5 Related articles",2013/2/1,867.0,https://www.sciencedirect.com/science/article/pii/S055032131200524X,,,,1-18,Particle Physics,Cited by 158,Marwa JAHJAH hussein,,,Measurement of the ratio of branching fractions B (B0→ K⁎ 0γ)/B (Bs0→ ϕγ) and the direct CP asymmetry in B0→ K⁎ 0γ,,Nuclear Physics B,,https://scholar.google.com/citations?view_op=view_citation&hl=en&user=56m4FtQAAAAJ&cstart=20&pagesize=80&citation_for_view=56m4FtQAAAAJ:4fKUyHm3Qg0C,1,North-Holland,"R Aaij, C Abellan Beteta, A Adametz, B Adeva, M Adinolfi, C Adrover, A Affolder, Z Ajaltouni, J Albrecht, F Alessio, M Alexander, S Ali, G Alkhazov, P Alvarez Cartelle, AA Alves Jr, S Amato, Y Amhis, L Anderlini, J Anderson, RB Appleby, O Aquines Gutierrez, F Archilli, A Artamonov, M Artuso, E Aslanides, G Auriemma, S Bachmann, JJ Back, C Baesso, V Balagura, W Baldini, RJ Barlow, C Barschel, S Barsuk, W Barter, A Bates, C Bauer, Th Bauer, A Bay, J Beddow, I Bediaga, S Belogurov, K Belous, I Belyaev, E Ben-Haim, M Benayoun, G Bencivenni, S Benson, J Benton, A Berezhnoy, R Bernet, M-O Bettler, M Van Beuzekom, A Bien, S Bifani, T Bird, A Bizzeti, PM Bjørnstad, T Blake, F Blanc, C Blanks, J Blouw, S Blusk, A Bobrov, V Bocci, A Bondar, N Bondar, W Bonivento, S Borghi, A Borgia, TJV Bowcock, C Bozzi, T Brambach, J Van Den Brand, J Bressieux, D Brett, M Britsch, T Britton, NH Brook, H Brown, A Buechler-Germann, I Burducea, A Bursche, J Buytaert, S Cadeddu, O Callot, M Calvi, M Calvo Gomez, A Camboni, P Campana, A Carbone, G Carboni, R Cardinale, A Cardini, L Carson, K Carvalho Akiba, G Casse, M Cattaneo, Ch Cauet, M Charles, Ph Charpentier, P Chen, N Chiapolini, M Chrzaszcz, K Ciba, X Cid Vidal, G Ciezarek, PEL Clarke, M Clemencic, HV Cliff, J Closier, C Coca, V Coco, J Cogan, E Cogneras, P Collins, A Comerma-Montells, A Contu, A Cook, M Coombes, G Corti, B Couturier, GA Cowan, D Craik, S Cunliffe, R Currie, C DʼAmbrosio, P David, PNY David, I De Bonis, K De Bruyn, S De Capua, M De Cian, JM De Miranda, L De Paula, P De Simone, D Decamp, M Deckenhoff, H Degaudenzi, L Del Buono, C Deplano, D Derkach, O Deschamps, F Dettori, J Dickens, H Dijkstra, P Diniz Batista, F Domingo Bonal, S Donleavy, F Dordei","The ratio of branching fractions of the radiative B decays B0→K⁎0γ and Bs0→ϕγ has been measured using an integrated luminosity of 1.0 fb−1 of pp collision data collected by the LHCb experiment at a centre-of-mass energy of s=7 TeV. The value obtained is where the first uncertainty is statistical, the second is the experimental systematic uncertainty and the third is associated with the ratio of fragmentation fractions fs/fd. Using the world average value for B(B0→K⁎0γ), the branching fraction B(Bs0→ϕγ) is measured to be (3.5±0.4)×10−5. The direct CP asymmetry in B0→K⁎0γ decays has also been measured with the same data and found to be Both measurements are the most precise to date and are in agreement with the previous experimental results and theoretical expectations.",Unclassified,0.0
,,"Absolute luminosity measurements with the LHCb detector at the LHC
LHCb Collaboration - Journal of Instrumentation, 2012
Cited by 145 Related articles All 47 versions
Absolute luminosity measurements with the LHCb detector at the LHC
R Aaij, B Adeva, M Adinolfi, C Adrover, A Affolder… - JINST, 2011
Cited by 1 Related articles",2012/1/10,7.0,https://arxiv.org/pdf/1110.2866,,,,P01010,Particle Physics,Cited by 146,Marwa JAHJAH hussein,,,Absolute luminosity measurements with the LHCb detector at the LHC,,Journal of Instrumentation,,https://scholar.google.com/citations?view_op=view_citation&hl=en&user=56m4FtQAAAAJ&cstart=20&pagesize=80&citation_for_view=56m4FtQAAAAJ:dhFuZR0502QC,01,IOP Publishing,LHCb Collaboration,"Absolute luminosity measurements are of general interest for colliding-beam experiments at storage rings. These measurements are necessary to determine the absolute cross-sections of reaction processes and are valuable to quantify the performance of the accelerator. Using data taken in 2010, LHCb has applied two methods to determine the absolute scale of its luminosity measurements for proton-proton collisions at the LHC with a centre-of-mass energy of 7 TeV. In addition to the classic``van der Meer scan''method a novel technique has been developed which makes use of direct imaging of the individual beams using beam-gas and beam-beam interactions. This beam imaging method is made possible by the high resolution of the LHCb vertex detector and the close proximity of the detector to the beams, and allows beam parameters such as positions, angles and widths to be determined. The results of the …",Unclassified,0.0
,,"Searches for Majorana neutrinos in B-decays
R Aaij, C Abellan Beteta, B Adeva, M Adinolfi… - Physical Review D—Particles, Fields, Gravitation, and …, 2012
Cited by 127 Related articles All 49 versions",2012/6/1,85.0,https://link.aps.org/pdf/10.1103/PhysRevD.85.112004,,,,112004,Particle Physics,Cited by 127,Marwa JAHJAH hussein,,,Searches for Majorana neutrinos in decays,,"Physical Review D—Particles, Fields, Gravitation, and Cosmology",,https://scholar.google.com/citations?view_op=view_citation&hl=en&user=56m4FtQAAAAJ&cstart=20&pagesize=80&citation_for_view=56m4FtQAAAAJ:p2g8aNsByqUC,11,American Physical Society,"R Aaij, C Abellan Beteta, B Adeva, M Adinolfi, C Adrover, A Affolder, Ziad Ajaltouni, J Albrecht, F Alessio, M Alexander, G Alkhazov, P Alvarez Cartelle, AA Alves Jr, S Amato, Y Amhis, J Anderson, RB Appleby, O Aquines Gutierrez, F Archilli, L Arrabito, A Artamonov, M Artuso, E Aslanides, Giulio Auriemma, S Bachmann, JJ Back, DS Bailey, V Balagura, Wander Baldini, RJ Barlow, C Barschel, S Barsuk, W Barter, A Bates, C Bauer, Th Bauer, A Bay, I Bediaga, S Belogurov, K Belous, I Belyaev, E Ben-Haim, M Benayoun, G Bencivenni, S Benson, J Benton, R Bernet, M-O Bettler, M Van Beuzekom, A Bien, S Bifani, T Bird, A Bizzeti, PM Bjørnstad, T Blake, F Blanc, C Blanks, J Blouw, S Blusk, A Bobrov, V Bocci, A Bondar, N Bondar, W Bonivento, S Borghi, A Borgia, TJV Bowcock, C Bozzi, T Brambach, J Van Den Brand, J Bressieux, D Brett, M Britsch, T Britton, NH Brook, H Brown, A Büchler-Germann, I Burducea, A Bursche, J Buytaert, S Cadeddu, O Callot, M Calvi, M Calvo Gomez, A Camboni, P Campana, A Carbone, G Carboni, R Cardinale, A Cardini, L Carson, K Carvalho Akiba, G Casse, M Cattaneo, Ch Cauet, M Charles, Ph Charpentier, N Chiapolini, K Ciba, X Cid Vidal, G Ciezarek, PEL Clarke, M Clemencic, HV Cliff, J Closier, C Coca, V Coco, J Cogan, P Collins, A Comerma-Montells, F Constantin, A Contu, A Cook, M Coombes, G Corti, B Couturier, GA Cowan, R Currie, C D’Ambrosio, P David, PNY David, I De Bonis, K De Bruyn, S De Capua, M De Cian, F De Lorenzi, JM De Miranda, L De Paula, P De Simone, D Decamp, M Deckenhoff, H Degaudenzi, L Del Buono, C Deplano, D Derkach, O Deschamps, F Dettori, J Dickens, H Dijkstra, P Diniz Batista, F Domingo Bonal, S Donleavy, F Dordei, A Dosil Suarez, D Dossett, A Dovbnya, F Dupertuis, R Dzhelyadin, A Dziurda, S Easo","Searches for heavy Majorana neutrinos in decays in final states containing hadrons plus a pair have been performed using of data collected with the LHCb detector in proton-proton collisions at a center-of-mass energy of 7 TeV. The and final states can arise from the presence of virtual Majorana neutrinos of any mass. Other final states containing , , or can be mediated by an on-shell Majorana neutrino. No signals are found and upper limits are set on Majorana neutrino production as a function of mass, and also on the decay branching fractions.",Unclassified,0.0
,,"Measurement of the effective Bs0→ K+ K− lifetime
R Aaij, CA Beteta, B Adeva, M Adinolfi, C Adrover… - Physics Letters B, 2012
Cited by 123 Related articles All 77 versions
Measurement of the effective $ B_s^ 0\rightarrow K^+ K^-$ lifetime*
M Gersabeck, R Aaij, CA Beteta, A Adametz, B Adeva… - Phys. Lett., 2012
Related articles
Measurement of the effective $ B^ 0_s\rightarrow K^+ K^-$ lifetime*
R Aaij, C Beteta, B Adeva, M Adinolfi, C Adrover… - Phys. Lett. B, 2011
Related articles",2012/2/1,707.0,https://www.sciencedirect.com/science/article/pii/S0370269311015267,,,,349-356,Particle Physics,Cited by 123,Marwa JAHJAH hussein,,,Measurement of the effective Bs0→ K+ K− lifetime,,Physics Letters B,,https://scholar.google.com/citations?view_op=view_citation&hl=en&user=56m4FtQAAAAJ&cstart=20&pagesize=80&citation_for_view=56m4FtQAAAAJ:GnPB-g6toBAC,3-4,North-Holland,"R Aaij, C Abellan Beteta, B Adeva, M Adinolfi, C Adrover, A Affolder, Ziad Ajaltouni, J Albrecht, F Alessio, M Alexander, G Alkhazov, P Alvarez Cartelle, AA Alves Jr, S Amato, Y Amhis, J Anderson, RB Appleby, O Aquines Gutierrez, F Archilli, L Arrabito, A Artamonov, M Artuso, E Aslanides, Giulio Auriemma, S Bachmann, JJ Back, DS Bailey, V Balagura, Wander Baldini, RJ Barlow, C Barschel, S Barsuk, W Barter, A Bates, C Bauer, Th Bauer, A Bay, I Bediaga, S Belogurov, K Belous, I Belyaev, E Ben-Haim, M Benayoun, G Bencivenni, S Benson, J Benton, R Bernet, M-O Bettler, M Van Beuzekom, A Bien, S Bifani, A Bizzeti, PM Bjørnstad, T Blake, F Blanc, C Blanks, J Blouw, S Blusk, A Bobrov, V Bocci, A Bondar, N Bondar, W Bonivento, S Borghi, A Borgia, TJV Bowcock, C Bozzi, T Brambach, J van Den Brand, J Bressieux, D Brett, S Brisbane, M Britsch, T Britton, NH Brook, H Brown, A Büchler-Germann, I Burducea, A Bursche, J Buytaert, S Cadeddu, JM Caicedo Carvajal, O Callot, M Calvi, M Calvo Gomez, A Camboni, P Campana, ANGELO Carbone, G Carboni, R Cardinale, A Cardini, L Carson, K Carvalho Akiba, G Casse, M Cattaneo, M Charles, Ph Charpentier, N Chiapolini, K Ciba, X Cid Vidal, G Ciezarek, PEL Clarke, M Clemencic, HV Cliff, J Closier, C Coca, V Coco, J Cogan, P Collins, A Comerma-Montells, F Constantin, G Conti, A Contu, A Cook, M Coombes, G Corti, GA Cowan, R Currie, B DʼAlmagne, C DʼAmbrosio, P David, I De Bonis, S De Capua, M De Cian, F De Lorenzi, JM De Miranda, L De Paula, P De Simone, D Decamp, M Deckenhoff, H Degaudenzi, M Deissenroth, L Del Buono, C Deplano, D Derkach, O Deschamps, F Dettori, J Dickens, H Dijkstra, P Diniz Batista, F Domingo Bonal, S Donleavy, F Dordei, A Dosil Suárez, D Dossett, A Dovbnya, F Dupertuis, R Dzhelyadin, A Dziurda, S Easo",A measurement of the effective Bs0→K+K− lifetime is presented using approximately 37 pb−1 of data collected by LHCb during 2010. This quantity can be used to put constraints on contributions from processes beyond the Standard Model in the Bs0 meson system and is determined by two complementary approaches as,Unclassified,0.0
,,"First observation of the decay Bs0→ K⁎ 0K¯⁎ 0
R Aaij, CA Beteta, B Adeva, M Adinolfi, C Adrover… - Physics Letters B, 2012
Cited by 85 Related articles All 41 versions
First observation of the decay B s 0→ K* 0 K̄* 0*
I Bediaga, JM De Miranda, BP Diniz, J Magnin… - Physics Letters. Section B: Nuclear, Elementary …, 2012
Cited by 45 Related articles All 3 versions",2012/3/13,709.0,https://www.sciencedirect.com/science/article/pii/S0370269312001207,,,,50-58,Particle Physics,Cited by 122,Marwa JAHJAH hussein,,,First observation of the decay Bs0→ K⁎ 0K¯⁎ 0,,Physics Letters B,,https://scholar.google.com/citations?view_op=view_citation&hl=en&user=56m4FtQAAAAJ&cstart=20&pagesize=80&citation_for_view=56m4FtQAAAAJ:zA6iFVUQeVQC,1-2,North-Holland,"R Aaij, C Abellan Beteta, B Adeva, M Adinolfi, C Adrover, A Affolder, Ziad Ajaltouni, J Albrecht, F Alessio, M Alexander, G Alkhazov, P Alvarez Cartelle, AA Alves Jr, S Amato, Y Amhis, J Anderson, RB Appleby, O Aquines Gutierrez, F Archilli, L Arrabito, A Artamonov, M Artuso, E Aslanides, Giulio Auriemma, S Bachmann, JJ Back, DS Bailey, V Balagura, Wander Baldini, RJ Barlow, C Barschel, S Barsuk, W Barter, A Bates, C Bauer, Th Bauer, A Bay, I Bediaga, S Belogurov, K Belous, I Belyaev, E Ben-Haim, M Benayoun, G Bencivenni, S Benson, J Benton, R Bernet, M-O Bettler, M Van Beuzekom, A Bien, S Bifani, A Bizzeti, PM Bjørnstad, T Blake, F Blanc, C Blanks, J Blouw, S Blusk, A Bobrov, V Bocci, A Bondar, N Bondar, W Bonivento, S Borghi, A Borgia, TJV Bowcock, C Bozzi, T Brambach, J van Den Brand, J Bressieux, D Brett, S Brisbane, M Britsch, T Britton, NH Brook, H Brown, A Büchler-Germann, I Burducea, A Bursche, J Buytaert, S Cadeddu, JM Caicedo Carvajal, O Callot, M Calvi, M Calvo Gomez, A Camboni, P Campana, ANGELO Carbone, G Carboni, R Cardinale, A Cardini, L Carson, K Carvalho Akiba, G Casse, M Cattaneo, M Charles, Ph Charpentier, N Chiapolini, K Ciba, X Cid Vidal, G Ciezarek, PEL Clarke, M Clemencic, HV Cliff, J Closier, C Coca, V Coco, J Cogan, P Collins, A Comerma-Montells, F Constantin, G Conti, A Contu, A Cook, M Coombes, G Corti, GA Cowan, R Currie, B DʼAlmagne, C DʼAmbrosio, P David, I De Bonis, S De Capua, M De Cian, F De Lorenzi, JM De Miranda, L De Paula, P De Simone, D Decamp, M Deckenhoff, H Degaudenzi, M Deissenroth, L Del Buono, C Deplano, D Derkach, O Deschamps, F Dettori, J Dickens, H Dijkstra, P Diniz Batista, F Domingo Bonal, S Donleavy, F Dordei, A Dosil Suárez, D Dossett, A Dovbnya, F Dupertuis, R Dzhelyadin, A Dziurda, S Easo","The first observation of the decay Bs0→K⁎0K¯⁎0 is reported using 35 pb−1 of data collected by LHCb in proton–proton collisions at a centre-of-mass energy of 7 TeV. A total of 49.8±7.5Bs0→(K+π−)(K−π+) events are observed within ±50 MeV/c2 of the Bs0 mass and 746 MeV/c2<mKπ<1046 MeV/c2, mostly coming from a resonant Bs0→K⁎0K¯⁎0 signal. The branching fraction and the CP-averaged K⁎0 longitudinal polarization fraction are measured to be B(Bs0→K⁎0K¯⁎0)=(2.81±0.46(stat.)±0.45(syst.)±0.34(fs/fd))×10−5 and fL=0.31±0.12(stat.)±0.04(syst.).",Unclassified,0.0
,,"Measurement of ϒ production in pp collisions at√ s= 7 TeV
LHCb Collaboration - European Physical Journal C, 2012
Cited by 103 Related articles All 6 versions
Measurement of ϒ production in pp collisions at√ s= 2.76 TeV
LHCb Collaboration - European Physical Journal C, 2014
Cited by 57 Related articles All 7 versions
Measurement of ϒ production in pp collisions at s−−√= 7 TeV
LHCb Collaboration - The European Physical Journal C, 2012. Vol. 72, No. 6 …
Related articles",2012/6/7,72.0,,,,,2025,Particle Physics,Cited by 120,Marwa JAHJAH hussein,,,Measurement of ϒ production in pp collisions at√ s= 7 TeV,,European Physical Journal C,,https://scholar.google.com/citations?view_op=view_citation&hl=en&user=56m4FtQAAAAJ&cstart=20&pagesize=80&citation_for_view=56m4FtQAAAAJ:7PzlFSSx8tAC,6,Springer New York,LHCb Collaboration,"The production of ϒ (1S), ϒ (2S) and ϒ (3S) mesons in proton-proton collisions at the centre-of-mass energy of√ s= 7 TeV is studied with the LHCb detector. The analysis is based on a data sample of 25 pb− 1 collected at the Large Hadron Collider. The ϒ mesons are reconstructed in the decay mode ϒ→ μ+ μ− and the signal yields are extracted from a fit to the μ+ μ− invariant mass distributions. The differential production cross-sections times dimuon branching fractions are measured as a function of the ϒ transverse momentum p T and rapidity y, over the range p T< 15 GeV/c and 2.0< y< 4.5. The cross-sections times branching fractions, integrated over these kinematic ranges, are measured to be σ (pp→ ϒ (1S) X)× B (ϒ (1S)→ μ+ μ−)= 2.29±0.01±0.10+ 0.19− 0.37 nb, σ (pp→ ϒ (2S) X)× B (ϒ (2S)→ μ+ μ−)= 0.562±0.007±0.023+ 0.048− 0.092 nb, σ (pp→ ϒ (3S) X)× B (ϒ (3S)→ μ+ μ−)= 0.283±0.005±0.012+ 0.025− 0.048 nb, where the first uncertainty is statistical, the second systematic and the third is due to the unknown polarisation of the three ϒ states.",Unclassified,0.0
,,"Measurements of the branching fractions for B (s)→ D (s) π π π and Λ b 0→ Λ c+ π π π
R Aaij, B Adeva, M Adinolfi, C Adrover, A Affolder… - Physical Review D—Particles, Fields, Gravitation, and …, 2011
Cited by 113 Related articles All 49 versions",2011/11/1,84.0,https://link.aps.org/pdf/10.1103/PhysRevD.84.092001,,,,092001,Particle Physics,Cited by 113,Marwa JAHJAH hussein,,,Measurements of the branching fractions for and,,"Physical Review D—Particles, Fields, Gravitation, and Cosmology",,https://scholar.google.com/citations?view_op=view_citation&hl=en&user=56m4FtQAAAAJ&cstart=20&pagesize=80&citation_for_view=56m4FtQAAAAJ:738O_yMBCRsC,9,American Physical Society,"Roel Aaij, B Adeva, M Adinolfi, C Adrover, A Affolder, Ziad Ajaltouni, J Albrecht, F Alessio, M Alexander, G Alkhazov, P Alvarez Cartelle, AA Alves Jr, S Amato, Y Amhis, J Anderson, RB Appleby, O Aquines Gutierrez, F Archilli, L Arrabito, A Artamonov, M Artuso, E Aslanides, Giulio Auriemma, S Bachmann, JJ Back, DS Bailey, V Balagura, Wander Baldini, RJ Barlow, C Barschel, S Barsuk, W Barter, A Bates, C Bauer, Th Bauer, A Bay, I Bediaga, K Belous, I Belyaev, E Ben-Haim, M Benayoun, G Bencivenni, S Benson, J Benton, R Bernet, M-O Bettler, M Van Beuzekom, A Bien, S Bifani, A Bizzeti, PM Bjørnstad, T Blake, F Blanc, C Blanks, J Blouw, S Blusk, A Bobrov, V Bocci, A Bondar, N Bondar, W Bonivento, S Borghi, A Borgia, TJV Bowcock, C Bozzi, T Brambach, J Van Den Brand, J Bressieux, D Brett, S Brisbane, M Britsch, T Britton, NH Brook, H Brown, A Büchler-Germann, I Burducea, A Bursche, J Buytaert, S Cadeddu, JM Caicedo Carvajal, O Callot, M Calvi, M Calvo Gomez, A Camboni, P Campana, A Carbone, G Carboni, R Cardinale, A Cardini, L Carson, K Carvalho Akiba, G Casse, M Cattaneo, M Charles, Ph Charpentier, N Chiapolini, K Ciba, X Cid Vidal, G Ciezarek, PEL Clarke, M Clemencic, HV Cliff, J Closier, C Coca, V Coco, J Cogan, P Collins, F Constantin, G Conti, A Contu, A Cook, M Coombes, G Corti, GA Cowan, R Currie, B D’Almagne, C D’Ambrosio, P David, I De Bonis, S De Capua, M De Cian, F De Lorenzi, JM De Miranda, L De Paula, P De Simone, D Decamp, M Deckenhoff, H Degaudenzi, M Deissenroth, L Del Buono, C Deplano, O Deschamps, F Dettori, J Dickens, H Dijkstra, P Diniz Batista, S Donleavy, A Dosil Suarez, D Dossett, A Dovbnya, F Dupertuis, R Dzhelyadin, C Eames, S Easo, U Egede, V Egorychev, S Eidelman, D Van Eijk, F Eisele, S Eisenhardt","Branching fractions of the decays relative to are presented, where () represents (), (), (), and (). The measurements are performed with the LHCb detector using of data collected at . The ratios of branching fractions are measured to be <?format ?>[B(B¯0→D+π-π+π-)]/[B(B¯0→D+π-)]=2.38±0.11±0.21, [B(B-<?format ?>→<?format ?>D0π-π+π-)]/[B(B-<?format ?>→<?format ?>D0π-)]=1.27±0.06±0.11, <?format ?>[B(B¯s0→Ds+π-π+π-)]/[B(B¯s0→Ds+π-)]=2.01±0.37±0.20, <?format ?>[B(Λb0→Λc+π-π+π-)]/[B(Λb0→Λc+π-)]=1.43±0.16±0.13 We also report measurements of partial decay rates of these decays to excited charm hadrons. These results are of comparable or higher precision than existing measurements.",particle physics,0.2
,,"Determination of fs/fd for 7 TeV pp Collisions and Measurement<? format?> of the B 0→ D-K+ Branching Fraction
R Aaij, B Adeva, M Adinolfi, C Adrover, A Affolder… - Physical Review Letters, 2011
Cited by 103 Related articles All 47 versions
Determination of f_s/f_d for 7 TeV pp collisions and a measurement of the branching fraction of the decay Bd-> D-K+*
R Aaij, B Adeva, M Adinolfi, C Adrover, A Affolder… - Physical Review Letters, 2011
Cited by 1 Related articles All 4 versions",2011/11/18,107.0,https://link.aps.org/pdf/10.1103/PhysRevLett.107.211801,,,,211801,Particle Physics,Cited by 104,Marwa JAHJAH hussein,,,Determination of for 7 TeV Collisions and Measurement <?format ?>of the Branching Fraction,,Physical Review Letters,,https://scholar.google.com/citations?view_op=view_citation&hl=en&user=56m4FtQAAAAJ&cstart=20&pagesize=80&citation_for_view=56m4FtQAAAAJ:u9iWguZQMMsC,21,American Physical Society,"Roel Aaij, B Adeva, M Adinolfi, C Adrover, A Affolder, Ziad Ajaltouni, J Albrecht, F Alessio, M Alexander, G Alkhazov, P Alvarez Cartelle, AA Alves Jr, S Amato, Y Amhis, J Amoraal, J Anderson, R_B Appleby, O Aquines Gutierrez, L Arrabito, A Artamonov, M Artuso, E Aslanides, Giulio Auriemma, S Bachmann, J_J Back, D_S Bailey, V Balagura, Wander Baldini, R_J Barlow, C Barschel, S Barsuk, W Barter, A Bates, C Bauer, Th Bauer, A Bay, I Bediaga, K Belous, I Belyaev, E Ben-Haim, M Benayoun, G Bencivenni, S Benson, J Benton, R Bernet, M-O Bettler, M Van Beuzekom, A Bien, S Bifani, A Bizzeti, P_M Bjørnstad, T Blake, F Blanc, C Blanks, J Blouw, S Blusk, A Bobrov, V Bocci, A Bondar, N Bondar, W Bonivento, S Borghi, A Borgia, T_J_V Bowcock, C Bozzi, T Brambach, J van Den Brand, J Bressieux, S Brisbane, M Britsch, T Britton, N_H Brook, A Büchler-Germann, A Bursche, J Buytaert, S Cadeddu, JM Caicedo Carvajal, O Callot, M Calvi, M Calvo Gomez, A Camboni, P Campana, A Carbone, G Carboni, R Cardinale, A Cardini, L Carson, K Carvalho Akiba, G Casse, M Cattaneo, M Charles, Ph Charpentier, N Chiapolini, X Cid Vidal, P_E_L Clarke, M Clemencic, H_V Cliff, J Closier, C Coca, V Coco, J Cogan, P Collins, F Constantin, G Conti, A Contu, A Cook, M Coombes, G Corti, G_A Cowan, R Currie, B D’Almagne, C D’Ambrosio, P David, P_N_Y David, I De Bonis, S De Capua, M De Cian, F De Lorenzi, JM De Miranda, L De Paula, P De Simone, D Decamp, M Deckenhoff, H Degaudenzi, M Deissenroth, L Del Buono, C Deplano, O Deschamps, F Dettori, J Dickens, H Dijkstra, P Diniz Batista, D Dossett, A Dovbnya, F Dupertuis, R Dzhelyadin, C Eames, S Easo, U Egede, V Egorychev, S Eidelman, D Van Eijk, F Eisele, S Eisenhardt, R Ekelhof, L Eklund, Ch Elsasser, D_G d’Enterria, D Esperante Pereira, L Estève","The relative abundance of the three decay modes , , and produced in 7 TeV collisions at the LHC is determined from data corresponding to an integrated luminosity of . The branching fraction of is found to be B(B0→D-K+)=(2.01±0.18stat±0.14syst)×10-4. The ratio of fragmentation fractions is determined through the relative abundance of to and , leading to , where the uncertainties are statistical, systematic, and theoretical, respectively.",Unclassified,0.0
,,"First Observation of the Decay B s 2*(5840) 0→ B*+ K-and Studies of Excited B s 0 Mesons
R Aaij, C Abellan Beteta, A Adametz, B Adeva… - Physical review letters, 2013
Cited by 103 Related articles All 46 versions",2013/4/12,110.0,https://link.aps.org/pdf/10.1103/PhysRevLett.110.151803,,,,151803,Particle Physics,Cited by 103,Marwa JAHJAH hussein,,,First Observation of the Decay and Studies of Excited Mesons,,Physical review letters,,https://scholar.google.com/citations?view_op=view_citation&hl=en&user=56m4FtQAAAAJ&cstart=20&pagesize=80&citation_for_view=56m4FtQAAAAJ:UxriW0iASnsC,15,American Physical Society,"Roel Aaij, C Abellan Beteta, A Adametz, B Adeva, M Adinolfi, C Adrover, A Affolder, Z Ajaltouni, J Albrecht, F Alessio, M Alexander, S Ali, G Alkhazov, P Alvarez Cartelle, AA Alves Jr, S Amato, Y Amhis, L Anderlini, J Anderson, R_B Appleby, O Aquines Gutierrez, F Archilli, A Artamonov, M Artuso, E Aslanides, Giulio Auriemma, S Bachmann, J_J Back, C Baesso, W Baldini, R_J Barlow, C Barschel, S Barsuk, W Barter, A Bates, Th Bauer, A Bay, J Beddow, I Bediaga, S Belogurov, K Belous, I Belyaev, E Ben-Haim, M Benayoun, G Bencivenni, S Benson, J Benton, A Berezhnoy, R Bernet, M-O Bettler, M Van Beuzekom, A Bien, S Bifani, T Bird, A Bizzeti, P_M Bjørnstad, T Blake, F Blanc, C Blanks, J Blouw, S Blusk, A Bobrov, V Bocci, A Bondar, N Bondar, W Bonivento, S Borghi, A Borgia, T_J_V Bowcock, C Bozzi, T Brambach, J Van Den Brand, J Bressieux, D Brett, M Britsch, T Britton, N_H Brook, H Brown, A Büchler-Germann, I Burducea, A Bursche, J Buytaert, S Cadeddu, O Callot, M Calvi, M Calvo Gomez, A Camboni, P Campana, A Carbone, G Carboni, R Cardinale, A Cardini, H Carranza-Mejia, L Carson, K Carvalho Akiba, G Casse, M Cattaneo, Ch Cauet, M Charles, Ph Charpentier, P Chen, N Chiapolini, M Chrzaszcz, K Ciba, X Cid Vidal, G Ciezarek, P_E_L Clarke, M Clemencic, H_V Cliff, J Closier, C Coca, V Coco, J Cogan, E Cogneras, P Collins, A Comerma-Montells, A Contu, A Cook, M Coombes, G Corti, B Couturier, G_A Cowan, D_C Craik, S Cunliffe, R Currie, C D’Ambrosio, P David, P_N_Y David, I De Bonis, K De Bruyn, S De Capua, M De Cian, JM De Miranda, L De Paula, P De Simone, D Decamp, M Deckenhoff, H Degaudenzi, L Del Buono, C Deplano, D Derkach, O Deschamps, F Dettori, A Di Canto, J Dickens, H Dijkstra, P Diniz Batista, M Dogaru, F Domingo Bonal, S Donleavy","The properties of the orbitally excited () states are studied by using of collisions at collected with the LHCb detector. The first observation of the meson decaying to is reported, and the corresponding branching fraction measured relative to the decay mode. The decay is observed as well. The width of the state is measured for the first time, and the masses of the two states are determined with the highest precision to date. The observation of the decay favors the spin-parity assignment for the meson. In addition, the most precise measurement of the mass difference <?format ?>m(B*+)-m(B+)=45.01±0.30(stat)±0.23(syst)  MeV/c2 is obtained.",Unclassified,0.0
,,"Measurements of the branching fractions and CP asymmetries of B±→ J/ψ π±<? format?> and B±→ ψ (2 S) π±decays
R Aaij, C Abellan Beteta, B Adeva, M Adinolfi… - Physical Review D—Particles, Fields, Gravitation, and …, 2012
Cited by 101 Related articles All 47 versions",2012/5/1,85.0,https://link.aps.org/pdf/10.1103/PhysRevD.85.091105,,,,091105,Particle Physics,Cited by 101,Marwa JAHJAH hussein,,,Measurements of the branching fractions and asymmetries of <?format ?>and decays,,"Physical Review D—Particles, Fields, Gravitation, and Cosmology",,https://scholar.google.com/citations?view_op=view_citation&hl=en&user=56m4FtQAAAAJ&cstart=20&pagesize=80&citation_for_view=56m4FtQAAAAJ:SP6oXDckpogC,9,American Physical Society,"R Aaij, C Abellan Beteta, B Adeva, M Adinolfi, C Adrover, A Affolder, Ziad Ajaltouni, J Albrecht, F Alessio, M Alexander, S Ali, G Alkhazov, P Alvarez Cartelle, AA Alves Jr, S Amato, Y Amhis, J Anderson, RB Appleby, O Aquines Gutierrez, F Archilli, A Artamonov, M Artuso, E Aslanides, Giulio Auriemma, S Bachmann, JJ Back, V Balagura, Wander Baldini, RJ Barlow, C Barschel, S Barsuk, W Barter, A Bates, C Bauer, Th Bauer, A Bay, I Bediaga, S Belogurov, K Belous, I Belyaev, E Ben-Haim, M Benayoun, G Bencivenni, S Benson, J Benton, R Bernet, M-O Bettler, M Van Beuzekom, A Bien, S Bifani, T Bird, A Bizzeti, PM Bjørnstad, T Blake, F Blanc, C Blanks, J Blouw, S Blusk, A Bobrov, V Bocci, A Bondar, N Bondar, W Bonivento, S Borghi, A Borgia, TJV Bowcock, C Bozzi, T Brambach, J van Den Brand, J Bressieux, D Brett, M Britsch, T Britton, NH Brook, H Brown, A Buechler-Germann, I Burducea, A Bursche, J Buytaert, S Cadeddu, O Callot, M Calvi, M Calvo Gomez, A Camboni, P Campana, Angelo Carbone, G Carboni, R Cardinale, A Cardini, L Carson, K Carvalho Akiba, G Casse, M Cattaneo, Ch Cauet, M Charles, Ph Charpentier, N Chiapolini, K Ciba, X Cid Vidal, G Ciezarek, PE LL Clarke, M Clemencic, HV Cliff, J Closier, C Coca, V Coco, J Cogan, P Collins, A Comerma-Montells, A Contu, A Cook, M Coombes, G Corti, B Couturier, GA Cowan, R Currie, C D’Ambrosio, P David, PNY David, I De Bonis, K De Bruyn, S De Capua, M De Cian, JM De Miranda, L De Paula, P De Simone, D Decamp, M Deckenhoff, H Degaudenzi, L Del Buono, C Deplano, D Derkach, O Deschamps, F Dettori, J Dickens, H Dijkstra, P Diniz Batista, F Domingo Bonal, S Donleavy, F Dordei, A Dosil Suarez, D Dossett, A Dovbnya, F Dupertuis, R Dzhelyadin, A Dziurda, S Easo, U Egede, V Egorychev, S Eidelman","A study of and decays is performed with data corresponding to of proton-proton collisions at . Their branching fractions are found to be <?format ?>B(B±→J/ψπ±)=(3.88±0.11±0.15)×10-5andB(B±→ψ(2S)π±)=(2.52±0.26±0.15)×10-5,where the first uncertainty is related to the statistical size of the sample and the second quantifies systematic effects. The measured asymmetries in these modes are ACPJ/ψπ=0.005±0.027±0.011andACPψ(2S)π=0.048±0.090±0.011 with no evidence of direct violation seen.",Unclassified,0.0
,,"Measurement of the B s 0→ J/ψ K¯* 0 branching fraction and angular amplitudes
R Aaij, C Abellan Beteta, A Adametz, B Adeva… - Physical Review D—Particles, Fields, Gravitation, and …, 2012
Cited by 94 Related articles All 52 versions
Measurement of the $ B^ 0_s\rightarrow J/\psi\bar {K}^{* 0} $ branching fraction and angular amplitudes
R Aaij, M Gersabeck, CA Beteta, A Adametz, B Adeva… - Phys. Rev., 2012
Related articles All 2 versions",2012/10/1,86.0,https://link.aps.org/pdf/10.1103/PhysRevD.86.071102,,,,071102,Particle Physics,Cited by 94,Marwa JAHJAH hussein,,,Measurement of the branching fraction and angular amplitudes,,"Physical Review D—Particles, Fields, Gravitation, and Cosmology",,https://scholar.google.com/citations?view_op=view_citation&hl=en&user=56m4FtQAAAAJ&cstart=20&pagesize=80&citation_for_view=56m4FtQAAAAJ:TQgYirikUcIC,7,American Physical Society,"R Aaij, C Abellan Beteta, A Adametz, B Adeva, M Adinolfi, C Adrover, A Affolder, Ziad Ajaltouni, J Albrecht, F Alessio, M Alexander, S Ali, G Alkhazov, P Alvarez Cartelle, AA Alves Jr, S Amato, Y Amhis, J Anderson, RB Appleby, O Aquines Gutierrez, F Archilli, A Artamonov, M Artuso, E Aslanides, Giulio Auriemma, S Bachmann, JJ Back, V Balagura, Wander Baldini, RJ Barlow, C Barschel, S Barsuk, W Barter, A Bates, C Bauer, Th Bauer, A Bay, J Beddow, I Bediaga, S Belogurov, K Belous, I Belyaev, E Ben-Haim, M Benayoun, G Bencivenni, S Benson, J Benton, R Bernet, M-O Bettler, M Van Beuzekom, A Bien, S Bifani, T Bird, A Bizzeti, PM Bjørnstad, T Blake, F Blanc, C Blanks, J Blouw, S Blusk, A Bobrov, V Bocci, A Bondar, N Bondar, W Bonivento, S Borghi, A Borgia, TJV Bowcock, C Bozzi, T Brambach, J Van Den Brand, J Bressieux, D Brett, M Britsch, T Britton, NH Brook, H Brown, A Büchler-Germann, I Burducea, A Bursche, J Buytaert, S Cadeddu, O Callot, M Calvi, M Calvo Gomez, A Camboni, P Campana, Angelo Carbone, G Carboni, R Cardinale, A Cardini, L Carson, K Carvalho Akiba, G Casse, M Cattaneo, Ch Cauet, M Charles, Ph Charpentier, P Chen, N Chiapolini, M Chrzaszcz, K Ciba, X Cid Vidal, G Ciezarek, PEL Clarke, M Clemencic, HV Cliff, J Closier, C Coca, V Coco, J Cogan, E Cogneras, P Collins, A Comerma-Montells, A Contu, A Cook, M Coombes, G Corti, B Couturier, GA Cowan, D Craik, R Currie, C D’Ambrosio, P David, PNY David, I De Bonis, K De Bruyn, S De Capua, M De Cian, JM De Miranda, L De Paula, P De Simone, D Decamp, M Deckenhoff, H Degaudenzi, L Del Buono, C Deplano, D Derkach, O Deschamps, F Dettori, J Dickens, H Dijkstra, P Diniz Batista, F Domingo Bonal, S Donleavy, F Dordei, A Dosil Suarez, D Dossett, A Dovbnya, F Dupertuis","A sample of signal events obtained with of collisions at collected by the LHCb experiment is used to measure the branching fraction and polarization amplitudes of the decay, with . The mass spectrum of the candidates in the peak is dominated by the contribution. Subtracting the nonresonant component, the branching fraction of is , where the first uncertainty is statistical and the second is systematic. A fit to the angular distribution of the decay products yields the polarization fractions and .",Unclassified,0.0
,,"Measurement of the CP violating phase ϕs in B¯ s0→ J/ψf0 (980)
R Aaij, CA Beteta, B Adeva, M Adinolfi, C Adrover… - Physics Letters B, 2012
Cited by 94 Related articles All 43 versions
Measurement of the CP violating phase φ s in B-s 0→ J/ψf0 (980)*
I Bediaga, JM De Miranda, BP Diniz, J Magnin… - Physics Letters. Section B: Nuclear, Elementary …, 2012
Related articles All 3 versions",2012/2/7,707.0,https://www.sciencedirect.com/science/article/pii/S0370269312000305,,,,497-505,Particle Physics,Cited by 94,Marwa JAHJAH hussein,,,Measurement of the CP violating phase ϕs in B¯ s0→ J/ψf0 (980),,Physics Letters B,,https://scholar.google.com/citations?view_op=view_citation&hl=en&user=56m4FtQAAAAJ&cstart=20&pagesize=80&citation_for_view=56m4FtQAAAAJ:EUQCXRtRnyEC,5,North-Holland,"R Aaij, C Abellan Beteta, B Adeva, M Adinolfi, C Adrover, A Affolder, Z Ajaltouni, J Albrecht, F Alessio, M Alexander, G Alkhazov, P Alvarez Cartelle, AA Alves Jr, S Amato, Y Amhis, J Anderson, RB Appleby, O Aquines Gutierrez, F Archilli, L Arrabito, A Artamonov, Marina Artuso, E Aslanides, Giulio Auriemma, S Bachmann, JJ Back, DS Bailey, V Balagura, Wander Baldini, RJ Barlow, C Barschel, S Barsuk, W Barter, A Bates, C Bauer, Th Bauer, A Bay, I Bediaga, S Belogurov, K Belous, I Belyaev, E Ben-Haim, M Benayoun, G Bencivenni, S Benson, J Benton, R Bernet, M-O Bettler, M van Beuzekom, A Bien, S Bifani, T Bird, A Bizzeti, PM Bjørnstad, T Blake, F Blanc, C Blanks, J Blouw, S Blusk, A Bobrov, V Bocci, A Bondar, N Bondar, W Bonivento, S Borghi, A Borgia, TJV Bowcock, C Bozzi, T Brambach, J van den Brand, J Bressieux, D Brett, M Britsch, T Britton, NH Brook, H Brown, A Büchler-Germann, I Burducea, A Bursche, J Buytaert, S Cadeddu, O Callot, M Calvi, M Calvo Gomez, A Camboni, P Campana, ANGELO Carbone, G Carboni, R Cardinale, A Cardini, L Carson, K Carvalho Akiba, G Casse, M Cattaneo, Ch Cauet, M Charles, Ph Charpentier, N Chiapolini, K Ciba, X Cid Vidal, G Ciezarek, PEL Clarke, M Clemencic, HV Cliff, J Closier, C Coca, V Coco, J Cogan, P Collins, A Comerma-Montells, F Constantin, A Contu, A Cook, M Coombes, G Corti, GA Cowan, R Currie, C DʼAmbrosio, P David, PNY David, I De Bonis, S De Capua, M De Cian, F De Lorenzi, JM De Miranda, L De Paula, P De Simone, D Decamp, M Deckenhoff, H Degaudenzi, L Del Buono, C Deplano, D Derkach, O Deschamps, F Dettori, J Dickens, H Dijkstra, P Diniz Batista, F Domingo Bonal, S Donleavy, F Dordei, A Dosil Suárez, D Dossett, A Dovbnya, F Dupertuis, R Dzhelyadin, A Dziurda, S Easo, U Egede, V Egorychev","Measurement of mixing-induced CP violation in B¯s0 decays is of prime importance in probing new physics. So far only the channel B¯s0→J/ψϕ has been used. Here we report on a measurement using an LHCb data sample of 0.41 fb−1, in the CP odd eigenstate J/ψf0(980), where f0(980)→π+π−. A time-dependent fit of the data with the B¯s0 lifetime and the difference in widths of the heavy and light eigenstates constrained to the values obtained from B¯s0→J/ψϕ yields a value of the CP violating phase of −0.44±0.44±0.02 rad, consistent with the Standard Model expectation.",particle physics,0.205
,,"Measurement of the B¯ s 0 Effective Lifetime in the J/ψ f 0 (980) Final State
R Aaij, C Abellan Beteta, A Adametz, B Adeva… - Physical Review Letters, 2012
Cited by 90 Related articles All 47 versions",2012/10/12,109.0,https://link.aps.org/pdf/10.1103/PhysRevLett.109.152002,,,,152002,Particle Physics,Cited by 90,Marwa JAHJAH hussein,,,Measurement of the Effective Lifetime in the Final State,,Physical Review Letters,,https://scholar.google.com/citations?view_op=view_citation&hl=en&user=56m4FtQAAAAJ&cstart=20&pagesize=80&citation_for_view=56m4FtQAAAAJ:1sJd4Hv_s6UC,15,American Physical Society,"R Aaij, C Abellan Beteta, A Adametz, B Adeva, M Adinolfi, C Adrover, A Affolder, Z Ajaltouni, J Albrecht, F Alessio, M Alexander, S Ali, G Alkhazov, P Alvarez Cartelle, AA Alves Jr, S Amato, Y Amhis, L Anderlini, J Anderson, R_B Appleby, O Aquines Gutierrez, F Archilli, A Artamonov, M Artuso, E Aslanides, Giulio Auriemma, S Bachmann, J_J Back, V Balagura, Wander Baldini, R_J Barlow, C Barschel, S Barsuk, W Barter, A Bates, C Bauer, Th Bauer, A Bay, J Beddow, I Bediaga, S Belogurov, K Belous, I Belyaev, E Ben-Haim, M Benayoun, G Bencivenni, S Benson, J Benton, R Bernet, M-O Bettler, M Van Beuzekom, A Bien, S Bifani, T Bird, A Bizzeti, P_M Bjørnstad, T Blake, F Blanc, C Blanks, J Blouw, S Blusk, A Bobrov, V Bocci, A Bondar, N Bondar, W Bonivento, S Borghi, A Borgia, T_J_V Bowcock, C Bozzi, T Brambach, J Van Den Brand, J Bressieux, D Brett, M Britsch, T Britton, N_H Brook, H Brown, A Buechler-Germann, I Burducea, A Bursche, J Buytaert, S Cadeddu, O Callot, M Calvi, M Calvo Gomez, A Camboni, P Campana, A Carbone, G Carboni, R Cardinale, A Cardini, L Carson, K Carvalho Akiba, G Casse, M Cattaneo, Ch Cauet, M Charles, Ph Charpentier, P Chen, N Chiapolini, M Chrzaszcz, K Ciba, X Cid Vidal, G Ciezarek, P_E_L Clarke, M Clemencic, H_V Cliff, J Closier, C Coca, V Coco, J Cogan, E Cogneras, P Collins, A Comerma-Montells, A Contu, A Cook, M Coombes, G Corti, B Couturier, G_A Cowan, D Craik, S Cunliffe, R Currie, C D’Ambrosio, P David, P_N_Y David, I De Bonis, K De Bruyn, S De Capua, M De Cian, JM De Miranda, L De Paula, P De Simone, D Decamp, M Deckenhoff, H Degaudenzi, L Del Buono, C Deplano, D Derkach, O Deschamps, F Dettori, J Dickens, H Dijkstra, P Diniz Batista, F Domingo Bonal, S Donleavy, F Dordei, A Dosil Suarez, D Dossett","The effective lifetime of the meson in the decay mode is measured using <?format ?> of data collected in collisions at with the LHCb detector. The result is , where the first uncertainty is statistical and the second systematic. As the final state is -odd, and violation in this mode is measured to be small, the lifetime measurement <?format ?>can be translated into a measurement of the decay width of the heavy mass eigenstate, .",Unclassified,0.0
,,"Measurement of V 0 production ratios in pp collisions at $\sqrt {s}= 0.9$ and 7 TeV
R Aaij, B Adeva, M Adinolfi, C Adrover, A Affolder… - Journal of High Energy Physics, 2011
Cited by 89 Related articles All 48 versions",2011/8,2011.0,https://link.springer.com/article/10.1007/JHEP08(2011)034,,,,1-22,Particle Physics,Cited by 89,Marwa JAHJAH hussein,,,Measurement of V 0 production ratios in pp collisions at and 7 TeV,,Journal of High Energy Physics,,https://scholar.google.com/citations?view_op=view_citation&hl=en&user=56m4FtQAAAAJ&cstart=20&pagesize=80&citation_for_view=56m4FtQAAAAJ:_FxGoFyzp5QC,8,Springer-Verlag,"Roel Aaij, B Adeva, M Adinolfi, C Adrover, A Affolder, Ziad Ajaltouni, J Albrecht, F Alessio, M Alexander, G Alkhazov, P Alvarez Cartelle, AA Alves, S Amato, Y Amhis, J Anderson, RB Appleby, O Aquines Gutierrez, L Arrabito, A Artamonov, M Artuso, E Aslanides, Giulio Auriemma, S Bachmann, JJ Back, DS Bailey, V Balagura, Wander Baldini, RJ Barlow, C Barschel, S Barsuk, W Barter, A Bates, C Bauer, Th Bauer, A Bay, I Bediaga, K Belous, I Belyaev, E Ben-Haim, M Benayoun, G Bencivenni, S Benson, R Bernet, M-O Bettler, M Van Beuzekom, A Bien, S Bifani, A Bizzeti, PM Bjørnstad, T Blake, F Blanc, C Blanks, J Blouw, S Blusk, A Bobrov, V Bocci, A Bondar, N Bondar, W Bonivento, S Borghi, A Borgia, TJV Bowcock, C Bozzi, T Brambach, J Bressieux, D Brett, S Brisbane, M Britsch, T Britton, NH Brook, A Büchler-Germann, I Burducea, A Bursche, J Buytaert, S Cadeddu, JM Caicedo Carvajal, O Callot, M Calvi, M Calvo Gomez, A Camboni, P Campana, A Carbone, G Carboni, R Cardinale, A Cardini, L Carson, K Carvalho Akiba, G Casse, M Cattaneo, M Charles, Ph Charpentier, N Chiapolini, X Cid Vidal, G Ciezarek, PEL Clarke, M Clemencic, HV Cliff, J Closier, C Coca, V Coco, J Cogan, P Collins, F Constantin, G Conti, A Contu, M Coombes, G Corti, GA Cowan, R Currie, B D’Almagne, C D’Ambrosio, P David, I De Bonis, S De Capua, M De Cian, F De Lorenzi, JM De Miranda, L De Paula, P De Simone, D Decamp, M Deckenhoff, H Degaudenzi, M Deissenroth, L Del Buono, C Deplano, O Deschamps, F Dettori, J Dickens, H Dijkstra, P Diniz Batista, D Dossett, O Dovbnya, F Dupertuis, R Dzhelyadin, C Eames, S Easo, U Egede, V Egorychev, S Eidelman, D Van Eijk, F Eisele, S Eisenhardt, R Ekelhof, L Eklund, Ch Elsasser, DG d’Enterria, D Esperante Pereira, L Estève, A Falabella, E Fanchini","The and production ratios are measured by the LHCb detector from 0.3 nb− 1 of pp collisions delivered by the LHC at TeV and 1.8 nb− 1 at TeV. Both ratios are presented as a function of transverse momentum, p T, and rapidity, y, in the ranges 0.15< p T< 2.50 GeV/c and 2.0< y< 4.5. Results at the two energies are in good agreement as a function of rapidity loss,∆ y= y beam− y, and are consistent with previous measurements. The ratio, measuring the transport of baryon number from the collision into the detector, is smaller in data than predicted in simulation, particularly at high rapidity. The ratio, measuring the baryon-to-meson suppression in strange quark hadronisation, is significantly larger than expected.",particle physics,0.2
,,"Measurement of the B-+/-production cross-section in pp collisions at root s= 7 TeV
LHCb Collaboration - Journal of High Energy Physics, 2012
Cited by 85 Related articles All 2 versions",2012/4/1,,,,,,093,Particle Physics,Cited by 85,Marwa JAHJAH hussein,,,Measurement of the B-+/-production cross-section in pp collisions at root s= 7 TeV,,Journal of High Energy Physics,,https://scholar.google.com/citations?view_op=view_citation&hl=en&user=56m4FtQAAAAJ&cstart=20&pagesize=80&citation_for_view=56m4FtQAAAAJ:QIV2ME_5wuYC,4,Springer Verlag,LHCb Collaboration,"The production of B-+/-mesons in proton-proton collisions at root s= 7 TeV is studied using 35 pb (-1) of data collected by the LHCb detector. The B-+/-mesons are reconstructed exclusively in the B-+/--> J/(sic) K-+/-mode, with J/(sic)-> mu (+) mu (-). The differential production cross-section is measured as a function of the B-+/-transverse momentum in the fiducial region 0< p (T)< 40 GeV/c and with rapidity 2.0< y< 4.5. The total cross-section, summing up B+ and B-, is measured to be sigma (pp-> B-+/-X, 0< p (T)< 40 GeV/c, 2.0< y< 4.5)= 41.4+/-1.5 (stat.)+/-3.1 (syst.) mu b.",Unclassified,0.0
,,"Measurement of ψ (2S) meson production in pp collisions at√ s= 7 TeV
LHCb Collaboration - European Physical Journal C, 2012
Cited by 83 Related articles All 8 versions",2012/8/10,72.0,,,,,2100,Particle Physics,Cited by 83,Marwa JAHJAH hussein,,,Measurement of ψ (2S) meson production in pp collisions at√ s= 7 TeV,,European Physical Journal C,,https://scholar.google.com/citations?view_op=view_citation&hl=en&user=56m4FtQAAAAJ&cstart=20&pagesize=80&citation_for_view=56m4FtQAAAAJ:aqlVkmm33-oC,8,Springer New York,LHCb Collaboration,"The differential cross-section for the inclusive production of ψ (2S) mesons in pp collisions at√ s= 7 TeV has been measured with the LHCb detector. The data sample corresponds to an integrated luminosity of 36 pb− 1. The ψ (2S) mesons are reconstructed in the decay channels ψ (2S)→ μ+ μ− and ψ (2S)→ J/ψπ+ π−, with the J/ψ meson decaying into two muons. Results are presented both for promptly produced ψ (2S) mesons and for those originating from b-hadron decays. In the kinematic range p T (ψ (2S))≤ 16 GeV/c and 2< y (ψ (2S))≤ 4.5 we measure σ prompt (ψ (2S))= 1.44±0.01 (stat)±0.12 (syst)+ 0.20− 0.40 (pol) μb, σ b (ψ (2S))= 0.25±0.01 (stat)±0.02 (syst) μb, where the last uncertainty on the prompt cross-section is due to the unknown ψ (2S) polarization. Recent QCD calculations are found to be in good agreement with our measurements. Combining the present result with the LHCb J/ψ measurements we determine the inclusive branching fraction B (b→ ψ (2S) X)=(2.73±0.06 (stat)±0.16 (syst)±0.24 (BF))× 10− 3, where the last uncertainty is due to the B (b→ J/ψX), B (J/ψ→ μ+ μ−) and B (ψ (2S)→ e+ e−) branching fraction uncertainties.",Unclassified,0.0
,,"Search for CP violation in D+→ K-K+ π+ decays
R Aaij, B Adeva, M Adinolfi, C Adrover, A Affolder… - Physical Review D—Particles, Fields, Gravitation, and …, 2011
Cited by 81 Related articles All 49 versions",2011/12/1,84.0,https://link.aps.org/pdf/10.1103/PhysRevD.84.112008,,,,112008,Particle Physics,Cited by 81,Marwa JAHJAH hussein,,,Search for violation in decays,,"Physical Review D—Particles, Fields, Gravitation, and Cosmology",,https://scholar.google.com/citations?view_op=view_citation&hl=en&user=56m4FtQAAAAJ&cstart=20&pagesize=80&citation_for_view=56m4FtQAAAAJ:CHSYGLWDkRkC,11,American Physical Society,"R Aaij, B Adeva, M Adinolfi, C Adrover, A Affolder, Ziad Ajaltouni, J Albrecht, F Alessio, M Alexander, G Alkhazov, P Alvarez Cartelle, AA Alves Jr, S Amato, Y Amhis, J Anderson, RB Appleby, O Aquines Gutierrez, F Archilli, L Arrabito, A Artamonov, M Artuso, E Aslanides, Giulio Auriemma, S Bachmann, JJ Back, DS Bailey, V Balagura, Wander Baldini, RJ Barlow, C Barschel, S Barsuk, W Barter, A Bates, C Bauer, Th Bauer, A Bay, I Bediaga, K Belous, I Belyaev, E Ben-Haim, M Benayoun, G Bencivenni, S Benson, J Benton, R Bernet, M-O Bettler, M Van Beuzekom, A Bien, S Bifani, A Bizzeti, PM Bjørnstad, T Blake, F Blanc, C Blanks, J Blouw, S Blusk, A Bobrov, V Bocci, A Bondar, N Bondar, W Bonivento, S Borghi, A Borgia, TJV Bowcock, C Bozzi, T Brambach, J van Den Brand, J Bressieux, D Brett, S Brisbane, M Britsch, T Britton, NH Brook, H Brown, A Büchler-Germann, I Burducea, A Bursche, J Buytaert, S Cadeddu, JM Caicedo Carvajal, O Callot, M Calvi, M Calvo Gomez, A Camboni, P Campana, A Carbone, G Carboni, R Cardinale, A Cardini, L Carson, K Carvalho Akiba, G Casse, M Cattaneo, M Charles, Ph Charpentier, N Chiapolini, K Ciba, X Cid Vidal, G Ciezarek, PEL Clarke, M Clemencic, HV Cliff, J Closier, C Coca, V Coco, J Cogan, P Collins, F Constantin, G Conti, A Contu, A Cook, M Coombes, G Corti, GA Cowan, R Currie, B D’Almagne, C D’Ambrosio, P David, I De Bonis, S De Capua, M De Cian, F De Lorenzi, JM De Miranda, L De Paula, P De Simone, D Decamp, M Deckenhoff, H Degaudenzi, M Deissenroth, L Del Buono, C Deplano, O Deschamps, F Dettori, J Dickens, H Dijkstra, P Diniz Batista, S Donleavy, F Dordei, A Dosil Suárez, D Dossett, A Dovbnya, F Dupertuis, R Dzhelyadin, C Eames, S Easo, U Egede, V Egorychev, S Eidelman, D Van Eijk, F Eisele",A model-independent search for direct violation in the Cabibbo-suppressed decay in a sample of approximately 370 000 decays is carried out. The data were collected by the LHCb experiment in 2010 and correspond to an integrated luminosity of . The normalized Dalitz plot distributions for and are compared using four different binning schemes that are sensitive to different manifestations of violation. No evidence for asymmetry is found.,Unclassified,0.0
,,"Framework TDR for the LHCb upgrade: technical design report
I Bediaga, H Chanal, P Hopchev, S Cadeddu, S Stoica… - 2012
Cited by 79 Related articles All 2 versions",2012/4/26,,https://cds.cern.ch/record/1443882,,,,,Particle Physics,Cited by 79,Marwa JAHJAH hussein,,,Framework TDR for the LHCb upgrade: technical design report,,,,https://scholar.google.com/citations?view_op=view_citation&hl=en&user=56m4FtQAAAAJ&cstart=20&pagesize=80&citation_for_view=56m4FtQAAAAJ:Y0pCki6q_DkC,CERN-LHCC-2012-007,LHCb-TDR-012,"I Bediaga, H Chanal, P Hopchev, S Cadeddu, S Stoica, M Calvo Gomez, S T'Jampens, IV Machikhiliyan, Z Guzik, AA Alves Jr, S Farry, P Morawski, B Souza De Paula, B Khanji, J Garofoli, S Donleavy, S Hansmann-Menzemer, Z Xing, M Seco, C Föhr, P Perret, P Jaton, O Schneider, L Wiggers, A Gallas Torreira, O Ullaland, T Schneider, WC Zhang, F Stagni, T Savidge, L De Paula, F Kruse, S Hall, S Belogurov, C Fitzpatrick, S Wright, E Gushchin, A Ukleja, F Mul, O Maev, V Coco, M Alexander, J Wishahi, F Maciuc, M Teklishyn, M van Beuzekom, S Wu, B Spaan, C D'Ambrosio, H Dijkstra, JM Otalora Goicochea, R Lindner, T Brambach, P Alvarez Cartelle, L Garrido, C Fournier, G Carboni, T Latham, G Wilkinson, O Steinkamp, J Marks, P Shatalov, D Derkach, V Gibson, W Baldini, C Voß, LA Granado Cardoso, W Qian, V Fave, S Roiser, C Satriano, A Pérez-Calero Yzquierdo, P Seyfert, M Grabalosa Gándara, A Ostankov, J Bressieux, F Dettori, M Kaballo, X Cid Vidal, F Muheim, B Shao, H Fuchs, B Corajod, E Santovetti, G Bogdanova, P De Simone, J Kos, P Henrard, J Rouvinet, S Oggero, M Nicol, Z Ajaltouni, S Malde, G Auriemma, R Dzhelyadin, MW Slater, X Vilasis-Cardona, E Lopez Asamar, F Bernard, A Martens, A Novoselov, CJ Parkinson, T Pilař, A Bien, PNY David, JA Hernando Morata, I Komarov, P Sail, V Gromov, T Kihm, S Stahl, RF Koopman, F Ferreira Rodrigues, O Kochebina, IR Kenyon, G Mancinelli, J Wicht, JJ Back, R Mountain, F Soomro, C Santamarina Rios, R Märki, K De Bruyn, S Vecchi, V Iakovenko, N Nikitin, A Kashchuk, D Vieira, A Zwart, W Hofmann, S Bifani, FJP Soler, G Martellotti, M Korolev, T Hartmann, T Gershon, M Schmelling, A Keune, A Zhelezov, I De Bonis, G Ciezarek, B Storaci, M Charles, H Ruiz, T Shears, G Lanfranchi, J Panman, R Currie, L Carson, A Poluektov","This document is a Framework Technical Design Report for the upgrade of the LHCb experiment. It adds to the information in the Letter of Intent, in particular concerning the foreseen schedule, cost and participating institutes. Updates are given for the physics performance, based on the experience gained with the first full year of data taking, on the detector requirements and the progress of the sub-system R&D. Within the framework presented here, it is expected that the individual subsystem TDRs will follow on completion of the R&D phase in the next year.",particle physics,0.406
,,"Measurement of the B±production cross-section in pp collisions at $\sqrt {s} $= 7 TeV
R Aaij, CA Beteta, B Adeva, M Adinolfi, C Adrover… - Journal of High Energy Physics, 2012
Cited by 76 Related articles All 40 versions
Measurement of the B+-production cross-section in pp collisions at sqrt (s)= 7 TeV
M Needham, F Muheim, P Clarke, Y Xie, S Eisenhardt… - Journal of High Energy Physics, 2012
Related articles
Measurement of the B±production cross-section in pp collisions at sqrt {s}= 7 TeV
J Anderson, R Bernet, A Büchler-Germann, A Bursche… - Journal of High Energy Physics, 2012
Related articles All 3 versions
Measurement of the $ B^+ $ Production Cross Section in pp Collisions at $\sqrt {s}= 7$~ TeV
L Fano, P Lariccia, G Mantovani, A Nappi, F Romeo… - PHYSICAL REVIEW LETTERS, 2011
Related articles All 2 versions",2012/4,2012.0,https://link.springer.com/article/10.1007/JHEP04(2012)093,,,,1-13,Particle Physics,Cited by 76,Marwa JAHJAH hussein,,,Measurement of the B ± production cross-section in pp collisions at = 7 TeV,,Journal of High Energy Physics,,https://scholar.google.com/citations?view_op=view_citation&hl=en&user=56m4FtQAAAAJ&cstart=20&pagesize=80&citation_for_view=56m4FtQAAAAJ:AXPGKjj_ei8C,4,Springer-Verlag,"R Aaij, C Abellan Beteta, B Adeva, M Adinolfi, C Adrover, A Affolder, Ziad Ajaltouni, J Albrecht, F Alessio, M Alexander, G Alkhazov, P Alvarez Cartelle, AA Alves, S Amato, Y Amhis, J Anderson, RB Appleby, O Aquines Gutierrez, F Archilli, L Arrabito, A Artamonov, M Artuso, E Aslanides, Giulio Auriemma, S Bachmann, JJ Back, DS Bailey, V Balagura, Wander Baldini, RJ Barlow, C Barschel, S Barsuk, W Barter, A Bates, C Bauer, Th Bauer, A Bay, I Bediaga, S Belogurov, K Belous, I Belyaev, E Ben-Haim, M Benayoun, G Bencivenni, S Benson, J Benton, R Bernet, M-O Bettler, M Van Beuzekom, A Bien, S Bifani, T Bird, A Bizzeti, PM Bjørnstad, T Blake, F Blanc, C Blanks, J Blouw, S Blusk, A Bobrov, V Bocci, A Bondar, N Bondar, W Bonivento, S Borghi, A Borgia, TJV Bowcock, C Bozzi, T Brambach, J Van den Brand, J Bressieux, D Brett, M Britsch, T Britton, NH Brook, H Brown, K De Bruyn, A Büchler-Germann, I Burducea, A Bursche, J Buytaert, S Cadeddu, O Callot, M Calvi, M Calvo Gomez, A Camboni, P Campana, ANGELO Carbone, G Carboni, R Cardinale, A Cardini, L Carson, K Carvalho Akiba, G Casse, M Cattaneo, Ch Cauet, M Charles, Ph Charpentier, N Chiapolini, K Ciba, X Cid Vidal, G Ciezarek, PEL Clarke, M Clemencic, HV Cliff, J Closier, C Coca, V Coco, J Cogan, P Collins, A Comerma-Montells, F Constantin, A Contu, A Cook, M Coombes, G Corti, B Couturier, GA Cowan, R Currie, C D’Ambrosio, P David, PNY David, I De Bonis, S De Capua, M De Cian, F De Lorenzi, JM De Miranda, L De Paula, P De Simone, D Decamp, M Deckenhoff, H Degaudenzi, L Del Buono, C Deplano, D Derkach, O Deschamps, F Dettori, J Dickens, H Dijkstra, P Diniz Batista, F Domingo Bonal, S Donleavy, F Dordei, A Dosil Suárez, D Dossett, A Dovbnya, F Dupertuis, R Dzhelyadin, A Dziurda, S Easo","The production of B±mesons in proton-proton collisions at= 7 TeV is studied using 35 pb− 1 of data collected by the LHCb detector. The B±mesons are reconstructed exclusively in the B±→ J/ψK±mode, with J/ψ→ μ+ μ−. The differential production cross-section is measured as a function of the B±transverse momentum in the fiducial region 0< p T< 40 GeV/c and with rapidity 2. 0< y< 4. 5. The total cross-section, summing up B+ and B−, is measured to be σ (pp→ B±X, 0< p T< 40 GeV/c, 2. 0< y< 4. 5)= 41. 4±1. 5 (stat.)±3. 1 (syst.) μb.",Unclassified,0.0
,,"Measurements of the branching fractions of the decays $ B_s^ 0\to D_s^{\mp}{K^{\pm}} $ and $ B_s^ 0\to D_s^{-}{\pi^{+}} $
R Aaij, C Abellan Beteta, B Adeva, M Adinolfi… - Journal of High Energy Physics, 2012
Cited by 74 Related articles All 43 versions",2012/6,2012.0,https://link.springer.com/article/10.1007/JHEP06(2012)115,,,,1-18,Particle Physics,Cited by 74,Marwa JAHJAH hussein,,,Measurements of the branching fractions of the decays and,,Journal of High Energy Physics,,https://scholar.google.com/citations?view_op=view_citation&hl=en&user=56m4FtQAAAAJ&cstart=20&pagesize=80&citation_for_view=56m4FtQAAAAJ:KlAtU1dfN6UC,6,Springer Berlin Heidelberg,"R Aaij, C Abellan Beteta, B Adeva, M Adinolfi, C Adrover, A Affolder, Z Ajaltouni, J Albrecht, F Alessio, M Alexander, S Ali, G Alkhazov, P Alvarez Cartelle, AA Alves, S Amato, Y Amhis, J Anderson, RB Appleby, O Aquines Gutierrez, F Archilli, A Artamonov, Marina Artuso, E Aslanides, Giulio Auriemma, S Bachmann, JJ Back, V Balagura, W Baldini, RJ Barlow, C Barschel, S Barsuk, W Barter, A Bates, C Bauer, Th Bauer, A Bay, I Bediaga, S Belogurov, K Belous, I Belyaev, E Ben-Haim, M Benayoun, G Bencivenni, S Benson, J Benton, R Bernet, M-O Bettler, M Van Beuzekom, A Bien, S Bifani, T Bird, A Bizzeti, PM Bjørnstad, T Blake, F Blanc, C Blanks, J Blouw, S Blusk, A Bobrov, V Bocci, A Bondar, N Bondar, W Bonivento, S Borghi, A Borgia, TJV Bowcock, C Bozzi, T Brambach, J Van Den Brand, J Bressieux, D Brett, M Britsch, T Britton, NH Brook, H Brown, A Büchler-Germann, I Burducea, A Bursche, J Buytaert, S Cadeddu, O Callot, M Calvi, M Calvo Gomez, A Camboni, P Campana, ANGELO Carbone, G Carboni, R Cardinale, A Cardini, L Carson, K Carvalho Akiba, G Casse, M Cattaneo, Ch Cauet, M Charles, Ph Charpentier, N Chiapolini, K Ciba, X Cid Vidal, G Ciezarek, PEL Clarke, M Clemencic, HV Cliff, J Closier, C Coca, V Coco, J Cogan, P Collins, A Comerma-Montells, A Contu, A Cook, M Coombes, G Corti, B Couturier, GA Cowan, R Currie, C D’Ambrosio, P David, PNY David, I De Bonis, K De Bruyn, S De Capua, M De Cian, JM De Miranda, L De Paula, P De Simone, D Decamp, M Deckenhoff, H Degaudenzi, L Del Buono, C Deplano, D Derkach, O Deschamps, F Dettori, J Dickens, H Dijkstra, P Diniz Batista, F Domingo Bonal, S Donleavy, F Dordei, A Dosil Suárez, D Dossett, A Dovbnya, F Dupertuis, R Dzhelyadin, A Dziurda, S Easo, U Egede, V Egorychev, S Eidelman","The decay mode allows for one of the theoretically cleanest measurements of the CKM angle γ through the study of time-dependent CP violation. This paper reports a measurement of its branching fraction relative to the Cabibbo-favoured mode based on a data sample corresponding to 0.37 fb− 1 of proton-proton collisions at collected in 2011 with the LHCb detector. In addition, the ratio of B meson production fractions f s/f d, determined from semileptonic decays, together with the known branching fraction of the control channel B 0→ D− π+, is used to perform an absolute measurement of the branching fractions:",Unclassified,0.0
,,"Search for lepton number violating decays B+→ π-μ+ μ+ and B+→ K-μ+ μ+
R Aaij, C Abellan Beteta, B Adeva, M Adinolfi… - Physical Review Letters, 2012
Cited by 73 Related articles All 42 versions
Search for lepton number violating decays B+→ π-μ+ μ+ and B+→ K-μ+ μ+
I Bediaga, JM De Miranda, BP Diniz, J Magnin… - Physical Review Letters, 2012
Related articles All 3 versions",2012/3/9,108.0,https://link.aps.org/pdf/10.1103/PhysRevLett.108.101601,,,,101601,Particle Physics,Cited by 73,Marwa JAHJAH hussein,,,Search for Lepton Number Violating Decays and,,Physical Review Letters,,https://scholar.google.com/citations?view_op=view_citation&hl=en&user=56m4FtQAAAAJ&cstart=20&pagesize=80&citation_for_view=56m4FtQAAAAJ:ldfaerwXgEUC,10,American Physical Society,"R Aaij, C Abellan Beteta, B Adeva, M Adinolfi, C Adrover, A Affolder, Ziad Ajaltouni, J Albrecht, F Alessio, M Alexander, G Alkhazov, P Alvarez Cartelle, AA Alves Jr, S Amato, Y Amhis, J Anderson, R_B Appleby, O Aquines Gutierrez, F Archilli, L Arrabito, A Artamonov, M Artuso, E Aslanides, Giulio Auriemma, S Bachmann, J_J Back, D_S Bailey, V Balagura, Wander Baldini, R_J Barlow, C Barschel, S Barsuk, W Barter, A Bates, C Bauer, Th Bauer, A Bay, I Bediaga, K Belous, I Belyaev, E Ben-Haim, M Benayoun, G Bencivenni, S Benson, J Benton, R Bernet, M-O Bettler, M Van Beuzekom, A Bien, S Bifani, A Bizzeti, P_M Bjørnstad, T Blake, F Blanc, C Blanks, J Blouw, S Blusk, A Bobrov, V Bocci, A Bondar, N Bondar, W Bonivento, S Borghi, A Borgia, T_J_V Bowcock, C Bozzi, T Brambach, J van Den Brand, J Bressieux, D Brett, S Brisbane, M Britsch, T Britton, N_H Brook, H Brown, A Büchler-Germann, I Burducea, A Bursche, J Buytaert, S Cadeddu, JM Caicedo Carvajal, O Callot, M Calvi, M Calvo Gomez, A Camboni, P Campana, A Carbone, G Carboni, R Cardinale, A Cardini, L Carson, K Carvalho Akiba, G Casse, M Cattaneo, M Charles, Ph Charpentier, N Chiapolini, K Ciba, X Cid Vidal, G Ciezarek, P_E_L Clarke, M Clemencic, H_V Cliff, J Closier, C Coca, V Coco, J Cogan, P Collins, A Comerma-Montells, F Constantin, G Conti, A Contu, A Cook, M Coombes, G Corti, G_A Cowan, R Currie, B D’Almagne, C D’Ambrosio, P David, I De Bonis, S De Capua, M De Cian, F De Lorenzi, JM De Miranda, L De Paula, P De Simone, D Decamp, M Deckenhoff, H Degaudenzi, M Deissenroth, L Del Buono, C Deplano, O Deschamps, F Dettori, J Dickens, H Dijkstra, P Diniz Batista, F Domingo Bonal, S Donleavy, A Dosil Suarez, D Dossett, A Dovbnya, F Dupertuis, R Dzhelyadin, S Easo, U Egede, V Egorychev, S Eidelman, D Van Eijk","A search is performed for the lepton number violating decay , where represents a or a , using an integrated luminosity of of data collected with the LHCb detector. The decay is forbidden in the standard model but allowed in models with a Majorana neutrino. No signal is observed in either channel and limits of and are set at the 95% confidence level. These improve the previous best limits by factors of 40 and 30, respectively.",Unclassified,0.0
,,"Measurement of the time-dependent CP asymmetry in B0→ J/ψKS0 decays
R Aaij, CA Beteta, A Adametz, B Adeva, M Adinolfi… - Physics Letters B, 2013
Cited by 65 Related articles All 39 versions
Measurement of the time-dependent 𝐶𝑃 asymmetry in 𝐵0→ 𝐽/𝜓𝐾0 S decays*
R Aaij, LHCb collaboration - Phys. Lett. B, 2013
Cited by 7 Related articles",2013/4/10,721.0,https://www.sciencedirect.com/science/article/pii/S0370269313001974,,,,24-31,Particle Physics,Cited by 72,Marwa JAHJAH hussein,,,Measurement of the time-dependent CP asymmetry in B0→ J/ψKS0 decays,,Physics Letters B,,https://scholar.google.com/citations?view_op=view_citation&hl=en&user=56m4FtQAAAAJ&cstart=20&pagesize=80&citation_for_view=56m4FtQAAAAJ:f2IySw72cVMC,1-3,North-Holland,"R Aaij, C Abellan Beteta, A Adametz, B Adeva, M Adinolfi, C Adrover, A Affolder, Z Ajaltouni, J Albrecht, F Alessio, M Alexander, S Ali, G Alkhazov, P Alvarez Cartelle, AA Alves Jr, S Amato, Y Amhis, L Anderlini, J Anderson, RB Appleby, O Aquines Gutierrez, F Archilli, A Artamonov, M Artuso, E Aslanides, G Auriemma, S Bachmann, JJ Back, C Baesso, W Baldini, RJ Barlow, C Barschel, S Barsuk, W Barter, A Bates, Th Bauer, A Bay, J Beddow, I Bediaga, S Belogurov, K Belous, I Belyaev, E Ben-Haim, M Benayoun, G Bencivenni, S Benson, J Benton, A Berezhnoy, R Bernet, M-O Bettler, M van Beuzekom, A Bien, S Bifani, T Bird, A Bizzeti, PM Bjørnstad, T Blake, F Blanc, C Blanks, J Blouw, S Blusk, A Bobrov, V Bocci, A Bondar, N Bondar, W Bonivento, S Borghi, A Borgia, TJV Bowcock, C Bozzi, T Brambach, J van den Brand, J Bressieux, D Brett, M Britsch, T Britton, NH Brook, H Brown, A Buechler-Germann, I Burducea, A Bursche, J Buytaert, S Cadeddu, O Callot, M Calvi, M Calvo Gomez, A Camboni, P Campana, A Carbone, G Carboni, R Cardinale, A Cardini, H Carranza-Mejia, L Carson, K Carvalho Akiba, G Casse, M Cattaneo, Ch Cauet, M Charles, Ph Charpentier, P Chen, N Chiapolini, M Chrzaszcz, K Ciba, X Cid Vidal, G Ciezarek, PEL Clarke, M Clemencic, HV Cliff, J Closier, C Coca, V Coco, J Cogan, E Cogneras, P Collins, A Comerma-Montells, A Contu, A Cook, M Coombes, G Corti, B Couturier, GA Cowan, D Craik, S Cunliffe, R Currie, C DʼAmbrosio, P David, PNY David, I De Bonis, K De Bruyn, S De Capua, M De Cian, JM De Miranda, L De Paula, P De Simone, D Decamp, M Deckenhoff, H Degaudenzi, L Del Buono, C Deplano, D Derkach, O Deschamps, F Dettori, A Di Canto, J Dickens, H Dijkstra, P Diniz Batista, M Dogaru, F Domingo Bonal, S Donleavy",This Letter reports a measurement of the CP violation observables [Formula: see text] and [Formula: see text] in the decay channel B0→J/ψKS0 performed with 1.0 fb−1 of pp collisions at s=7 TeV collected by the LHCb experiment. The fit to the data yields [Formula: see text] and [Formula: see text] . Both values are consistent with the current world averages and within expectations from the Standard Model.,Unclassified,0.0
,,"Observation of Excited Λb0 Baryons
LHCb Collaboration - Physical Review Letters, 2012
Cited by 65 Related articles All 2 versions",2012/10/26,109.0,,,,,172003,Particle Physics,Cited by 65,Marwa JAHJAH hussein,,,Observation of Excited Λb0 Baryons,,Physical Review Letters,,https://scholar.google.com/citations?view_op=view_citation&hl=en&user=56m4FtQAAAAJ&cstart=20&pagesize=80&citation_for_view=56m4FtQAAAAJ:L8Ckcad2t8MC,17,American Physical Society,LHCb Collaboration,"Using pp collision data corresponding to 1.0 fb-1 integrated luminosity collected by the LHCb detector, two narrow states are observed in the Λb0π+ π-spectrum with masses 5911.97±0.12 (stat)±0.02 (syst)±0.66 (Λb0mass) MeV/c2 and 5919.77±0.08 (stat)±0.02 (syst)±0.66 (Λb0mass) MeV/c2. The significances of the observations are 5.2 and 10.2 standard deviations, respectively. These states are interpreted as the orbitally excited Λb0 baryons, Λb* 0 (5912) and Λb* 0 (5920).",Unclassified,0.0
,,"Observation of the decay Bs0→ D¯ 0ϕ
R Aaij, B Adeva, M Adinolfi, C Adrover, A Affolder… - Physics Letters B, 2013
Cited by 58 Related articles All 27 versions
Observation of the decay $ B_s^ 0\to\bar {D}^ 0\phi$*
R Aaij, B Adeva, M Adinolfi, C Adrover, A Affolder… - arXiv preprint arXiv:1308.4583, 2013
Related articles All 14 versions",2013/12/18,727.0,https://www.sciencedirect.com/science/article/pii/S0370269313008642,,,,403-411,Particle Physics,Cited by 58,Marwa JAHJAH hussein,,,Observation of the decay Bs0→ D¯ 0ϕ,,Physics Letters B,,https://scholar.google.com/citations?view_op=view_citation&hl=en&user=56m4FtQAAAAJ&cstart=20&pagesize=80&citation_for_view=56m4FtQAAAAJ:u-x6o8ySG0sC,4-5,North-Holland,"R Aaij, B Adeva, M Adinolfi, C Adrover, A Affolder, Z Ajaltouni, J Albrecht, F Alessio, M Alexander, S Ali, G Alkhazov, P Alvarez Cartelle, AA Alves Jr, S Amato, Silvia Amerio, Y Amhis, L Anderlini, J Anderson, R Andreassen, JE Andrews, RB Appleby, O Aquines Gutierrez, F Archilli, A Artamonov, M Artuso, E Aslanides, G Auriemma, M Baalouch, S Bachmann, JJ Back, C Baesso, V Balagura, W Baldini, RJ Barlow, C Barschel, S Barsuk, W Barter, Th Bauer, A Bay, J Beddow, F Bedeschi, I Bediaga, S Belogurov, K Belous, I Belyaev, E Ben-Haim, G Bencivenni, S Benson, J Benton, A Berezhnoy, R Bernet, M-O Bettler, Martin Van Beuzekom, A Bien, S Bifani, T Bird, A Bizzeti, PM Bjørnstad, T Blake, F Blanc, J Blouw, S Blusk, V Bocci, A Bondar, N Bondar, W Bonivento, S Borghi, A Borgia, TJV Bowcock, E Bowen, C Bozzi, T Brambach, J van den Brand, J Bressieux, D Brett, M Britsch, T Britton, NH Brook, H Brown, I Burducea, A Bursche, G Busetto, J Buytaert, S Cadeddu, O Callot, M Calvi, M Calvo Gomez, A Camboni, P Campana, D Campora Perez, ANGELO Carbone, G Carboni, R Cardinale, A Cardini, H Carranza-Mejia, L Carson, K Carvalho Akiba, G Casse, L Castillo Garcia, M Cattaneo, Ch Cauet, R Cenci, M Charles, Ph Charpentier, P Chen, N Chiapolini, M Chrzaszcz, K Ciba, X Cid Vidal, G Ciezarek, PEL Clarke, M Clemencic, HV Cliff, J Closier, C Coca, V Coco, J Cogan, E Cogneras, P Collins, A Comerma-Montells, A Contu, A Cook, M Coombes, S Coquereau, G Corti, B Couturier, GA Cowan, DC Craik, S Cunliffe, R Currie, C DʼAmbrosio, P David, PNY David, A Davis, I De Bonis, K De Bruyn, S De Capua, M De Cian, JM De Miranda, L De Paula, W De Silva, P De Simone, D Decamp, M Deckenhoff, L Del Buono, N Déléage, D Derkach, O Deschamps, F Dettori, A Di Canto","First observation of the decay B s 0→ D¯ 0 ϕ is reported using pp collision data, corresponding to an integrated luminosity of 1.0 fb− 1, collected by the LHCb experiment at a centre-of-mass energy of 7 TeV. The significance of the signal is 6.5 standard deviations. The branching fraction is measured relative to that of the decay B s 0→ D¯ 0 K¯⁎ 0 to be B (B s 0→ D¯ 0 ϕ) B (B s 0→ D¯ 0 K¯⁎ 0)= 0.069±0.013 (stat)±0.007 (syst). The first measurement of the ratio of branching fractions for the decays B s 0→ D¯ 0 K¯⁎ 0 and B 0→ D¯ 0 K⁎ 0 is found to be B (B s 0→ D¯ 0 K¯⁎ 0) B (B 0→ D¯ 0 K⁎ 0)= 7.8±0.7 (stat)±0.3 (syst)±0.6 (f s/f d), where the last uncertainty is due to the ratio of the B s 0 and B 0 fragmentation fractions.",Unclassified,0.0
,,"Observation of B 0→ D¯ 0 K+ K-and Evidence for B s 0→ D¯ 0 K+ K
R Aaij, C Abellan Beteta, A Adametz, B Adeva… - Physical Review Letters, 2012
Cited by 56 Related articles All 37 versions
Observation of B0→ D ̄ 0K+ K-and evidence for Bs0→ D ̄ 0K+ K*
I Bediaga, JM De Miranda, BP Diniz, RF Ferreira… - Physical Review Letters, 2012
Related articles All 2 versions",2012/9/28,109.0,https://link.aps.org/pdf/10.1103/PhysRevLett.109.131801,,,,131801,Particle Physics,Cited by 56,Marwa JAHJAH hussein,,,Observation of and Evidence for,,Physical Review Letters,,https://scholar.google.com/citations?view_op=view_citation&hl=en&user=56m4FtQAAAAJ&cstart=20&pagesize=80&citation_for_view=56m4FtQAAAAJ:HoB7MX3m0LUC,13,American Physical Society,"R Aaij, C Abellan Beteta, A Adametz, B Adeva, M Adinolfi, C Adrover, A Affolder, Z Ajaltouni, J Albrecht, F Alessio, M Alexander, S Ali, G Alkhazov, P Alvarez Cartelle, AA Alves Jr, S Amato, Y Amhis, L Anderlini, J Anderson, R_B Appleby, O Aquines Gutierrez, F Archilli, A Artamonov, M Artuso, E Aslanides, Giulio Auriemma, S Bachmann, J_J Back, C Baesso, V Balagura, Wander Baldini, R_J Barlow, C Barschel, S Barsuk, W Barter, A Bates, C Bauer, Th Bauer, A Bay, J Beddow, I Bediaga, S Belogurov, K Belous, I Belyaev, E Ben-Haim, M Benayoun, G Bencivenni, S Benson, J Benton, A Berezhnoy, R Bernet, M-O Bettler, M Van Beuzekom, A Bien, S Bifani, T Bird, A Bizzeti, P_M Bjørnstad, T Blake, F Blanc, C Blanks, J Blouw, S Blusk, A Bobrov, V Bocci, A Bondar, N Bondar, W Bonivento, S Borghi, A Borgia, T_J_V Bowcock, C Bozzi, T Brambach, J Van Den Brand, J Bressieux, D Brett, M Britsch, T Britton, N_H Brook, H Brown, A Büchler-Germann, I Burducea, A Bursche, J Buytaert, S Cadeddu, O Callot, M Calvi, M Calvo Gomez, A Camboni, P Campana, A Carbone, G Carboni, R Cardinale, A Cardini, L Carson, K Carvalho Akiba, G Casse, M Cattaneo, Ch Cauet, M Charles, Ph Charpentier, P Chen, N Chiapolini, M Chrzaszcz, K Ciba, X Cid Vidal, G Ciezarek, P_E_L Clarke, M Clemencic, H_V Cliff, J Closier, C Coca, V Coco, J Cogan, E Cogneras, P Collins, A Comerma-Montells, A Contu, A Cook, M Coombes, G Corti, B Couturier, G_A Cowan, D Craik, S Cunliffe, R Currie, C D’Ambrosio, P David, P_N_Y David, I De Bonis, K De Bruyn, S De Capua, M De Cian, JM De Miranda, L De Paula, P De Simone, D Decamp, M Deckenhoff, H Degaudenzi, L Del Buono, C Deplano, D Derkach, O Deschamps, F Dettori, J Dickens, H Dijkstra, P Diniz Batista, F Domingo Bonal, S Donleavy, F Dordei","The first observation of the decay is reported from an analysis of of collision data collected with the LHCb detector. Its branching fraction is measured relative to that of the topologically similar decay to be where the first uncertainty is statistical and the second is systematic. The significance of the signal is . Evidence, with significance, for decays is also presented. The relative branching fraction is measured to be These channels are of interest to study the mechanisms behind hadronic decays, and open new possibilities for violation analyses with larger data sets.",Unclassified,0.0
,,"First observation of the decay B¯ s0→ D0K⁎ 0 and a measurement of the ratio of branching fractions B (B¯ s0→ D0K⁎ 0) B (B¯ 0→ D0ρ0)
R Aaij, CA Beteta, B Adeva, M Adinolfi, C Adrover… - Physics Letters B, 2011
Cited by 56 Related articles All 45 versions",2011/11/30,706.0,https://www.sciencedirect.com/science/article/pii/S0370269311013396,,,,32-39,Particle Physics,Cited by 56,Marwa JAHJAH hussein,,,First observation of the decay B¯ s0→ D0K⁎ 0 and a measurement of the ratio of branching fractions B (B¯ s0→ D0K⁎ 0) B (B¯ 0→ D0ρ0),,Physics Letters B,,https://scholar.google.com/citations?view_op=view_citation&hl=en&user=56m4FtQAAAAJ&cstart=20&pagesize=80&citation_for_view=56m4FtQAAAAJ:NhqRSupF_l8C,1,North-Holland,"Roel Aaij, C Abellan Beteta, B Adeva, M Adinolfi, C Adrover, A Affolder, Z Ajaltouni, J Albrecht, F Alessio, M Alexander, G Alkhazov, P Alvarez Cartelle, AA Alves Jr, S Amato, Y Amhis, J Anderson, RB Appleby, O Aquines Gutierrez, F Archilli, L Arrabito, A Artamonov, M Artuso, E Aslanides, Giulio Auriemma, S Bachmann, JJ Back, DS Bailey, V Balagura, Wander Baldini, RJ Barlow, C Barschel, S Barsuk, W Barter, A Bates, Christian Bauer, Th Bauer, A Bay, I Bediaga, K Belous, I Belyaev, E Ben-Haim, M Benayoun, G Bencivenni, S Benson, J Benton, R Bernet, M-O Bettler, M van Beuzekom, A Bien, S Bifani, A Bizzeti, PM Bjørnstad, T Blake, F Blanc, C Blanks, J Blouw, S Blusk, A Bobrov, V Bocci, A Bondar, N Bondar, W Bonivento, S Borghi, A Borgia, TJV Bowcock, C Bozzi, T Brambach, J van den Brand, J Bressieux, D Brett, S Brisbane, M Britsch, T Britton, NH Brook, H Brown, A Büchler-Germann, I Burducea, A Bursche, J Buytaert, S Cadeddu, JM Caicedo Carvajal, O Callot, M Calvi, M Calvo Gomez, A Camboni, P Campana, ANGELO Carbone, G Carboni, R Cardinale, A Cardini, L Carson, K Carvalho Akiba, G Casse, M Cattaneo, M Charles, Ph Charpentier, N Chiapolini, K Ciba, X Cid Vidal, G Ciezarek, PEL Clarke, M Clemencic, HV Cliff, J Closier, C Coca, V Coco, J Cogan, P Collins, A Comerma-Montells, F Constantin, G Conti, A Contu, A Cook, M Coombes, G Corti, GA Cowan, R Currie, B DʼAlmagne, C DʼAmbrosio, P David, I De Bonis, S De Capua, M De Cian, F De Lorenzi, JM De Miranda, L De Paula, P De Simone, D Decamp, M Deckenhoff, H Degaudenzi, M Deissenroth, L Del Buono, C Deplano, O Deschamps, F Dettori, J Dickens, H Dijkstra, P Diniz Batista, F Domingo Bonal, S Donleavy, A Dosil Suárez, D Dossett, A Dovbnya, F Dupertuis, R Dzhelyadin, S Easo, U Egede, V Egorychev, S Eidelman, D van Eijk","The first observation of the decay B¯s0→D0K⁎0 using pp data collected by the LHCb detector at a centre-of-mass energy of 7 TeV, corresponding to an integrated luminosity of 36 pb−1, is reported. A signal of 34.4±6.8 events is obtained and the absence of signal is rejected with a statistical significance of more than nine standard deviations. The B¯s0→D0K⁎0 branching fraction is measured relative to that of B¯0→D0ρ0: B(B¯s0→D0K⁎0)B(B¯0→D0ρ0)=1.48±0.34±0.15±0.12, where the first uncertainty is statistical, the second systematic and the third is due to the uncertainty on the ratio of the B0 and Bs0 hadronisation fractions.",Unclassified,0.0
,,"Measurement of the CP Asymmetry in B 0→ K* 0 μ+ μ-Decays
R Aaij, C Abellan Beteta, A Adametz, B Adeva… - Physical Review Letters, 2013
Cited by 55 Related articles All 41 versions",2013/1/18,110.0,https://link.aps.org/pdf/10.1103/PhysRevLett.110.031801,,,,031801,Particle Physics,Cited by 55,Marwa JAHJAH hussein,,,Measurement of the Asymmetry in Decays,,Physical Review Letters,,https://scholar.google.com/citations?view_op=view_citation&hl=en&user=56m4FtQAAAAJ&cstart=20&pagesize=80&citation_for_view=56m4FtQAAAAJ:l7t_Zn2s7bgC,3,American Physical Society,"R Aaij, C Abellan Beteta, A Adametz, B Adeva, M Adinolfi, C Adrover, A Affolder, Z Ajaltouni, J Albrecht, F Alessio, M Alexander, S Ali, G Alkhazov, P Alvarez Cartelle, AA Alves Jr, S Amato, Y Amhis, L Anderlini, J Anderson, RB Appleby, O Aquines Gutierrez, F Archilli, A Artamonov, M Artuso, E Aslanides, Giulio Auriemma, S Bachmann, JJ Back, C Baesso, V Balagura, W Baldini, RJ Barlow, C Barschel, S Barsuk, W Barter, A Bates, Th Bauer, A Bay, J Beddow, I Bediaga, S Belogurov, K Belous, I Belyaev, E Ben-Haim, M Benayoun, G Bencivenni, S Benson, J Benton, A Berezhnoy, R Bernet, M-O Bettler, M Van Beuzekom, A Bien, S Bifani, T Bird, A Bizzeti, PM Bjørnstad, T Blake, F Blanc, C Blanks, J Blouw, S Blusk, A Bobrov, V Bocci, A Bondar, N Bondar, W Bonivento, S Borghi, A Borgia, TJV Bowcock, C Bozzi, T Brambach, J Van Den Brand, J Bressieux, D Brett, M Britsch, T Britton, NH Brook, H Brown, A Büchler-Germann, I Burducea, A Bursche, J Buytaert, S Cadeddu, O Callot, M Calvi, M Calvo Gomez, A Camboni, P Campana, A Carbone, G Carboni, R Cardinale, A Cardini, L Carson, K Carvalho Akiba, G Casse, M Cattaneo, Ch Cauet, M Charles, Ph Charpentier, P Chen, N Chiapolini, M Chrzaszcz, K Ciba, X Cid Vidal, G Ciezarek, PEL Clarke, M Clemencic, HV Cliff, J Closier, C Coca, V Coco, J Cogan, E Cogneras, P Collins, A Comerma-Montells, A Contu, A Cook, M Coombes, G Corti, B Couturier, GA Cowan, D Craik, S Cunliffe, R Currie, C D’Ambrosio, P David, PNY David, I De Bonis, K De Bruyn, S De Capua, M De Cian, JM De Miranda, L De Paula, P De Simone, D Decamp, M Deckenhoff, H Degaudenzi, L Del Buono, C Deplano, D Derkach, O Deschamps, F Dettori, J Dickens, H Dijkstra, P Diniz Batista, F Domingo Bonal, S Donleavy, F Dordei, A Dosil Suarez","A measurement of the asymmetry in decays is presented, based on of collision data recorded by the LHCb experiment during 2011. The measurement is performed in six bins of invariant mass squared of the pair, excluding the and resonance regions. Production and detection asymmetries are removed using the decay as a control mode. The integrated asymmetry is found to be , consistent with the standard model.",Unclassified,0.0
,,"Letter of Intent for the LHCb upgrade
R Aaij, C Abellán Beteta, B Adeva, M Adinolfi… - 2011
Cited by 49 Related articles",2011,,,,,,1-181,Particle Physics,Cited by 49,Marwa JAHJAH hussein,,,Letter of Intent for the LHCb upgrade,,,,https://scholar.google.com/citations?view_op=view_citation&hl=en&user=56m4FtQAAAAJ&cstart=20&pagesize=80&citation_for_view=56m4FtQAAAAJ:lSLTfruPkqcC,,CERN,"R Aaij, C Abellán Beteta, B Adeva, M Adinolfi, C Adrover, A Affolder, Z Ajaltouni, J Albrecht, F Alessio, M Alexander, P Alvarez Cartelle, AA Alves Jr, S Amato, Y Amhis, J Amoraal, J Anderson, RB Appleby, O Aquines Gutierrez, L Arrabito, M Artuso, E Aslanides, G Auriemma, S Bachmann, DS Bailey, V Balagura, W Baldini, RJ Barlow, C Barschel, S Barsuk, A Bates, C Bauer, A Bay, I Bediaga, C Beigbeder Beau, K Belous, I Belyaev, E Ben Haim, M Benayoun, G Bencivenni, R Bernet, MO Bettler, M van Beuzekom, A Bien, S Bifani, A Bizzeti, PM Bjørnstad, T Blake, F Blanc, C Blanks, J Blouw, S Blusk, A Bobrov, V Bocci, B Bochin, A Bondar, N Bondar, W Bonivento, S Borghi, A Borgia, E Bos, TJV Bowcock, C Bozzi, T Brambach, J van den Brand, J Bressieux, D Breton, M Britsch, T Britton, NH Brook, H Brown, A Büchler Germann, A Bursche, J Buytaert, T Caceres, JP Cachemiche, S Cadeddu, JM Caicedo Carvajal, O Callot, M Calvi, M Calvo Gomez, A Camboni, P Campana, M Campbell, Angelo Carbone, G Carboni, R Cardinale, A Cardini, L Carson, K Carvalho Akiba, G Casse, L Castillo Garcia, M Cattaneo, M Charles, D Charlet, N Chiapolini, X Cid Vidal, PJ Clark, PEL Clarke, M Clemencic, HV Cliff, J Closier, C Coca, V Coco, J Cogan, P Collins, F Constantin, G Conti, A Contu, M Coombes, G Corti, GA Cowan, R Currie, B D’Almagne, C D’Ambrosio, W Da Silva, P David, I De Bonis, S De Capua, M De Cian, F De Lorenzi, JM De Miranda, L De Paula, P De Simone, D Decamp, M Deckenhoff, H Degaudenzi, M Deissenroth, L Del Buono, C Deplano, O Deschamps, F Dettori, J Dickens, H Dijkstra, M Dima, P Diniz Batista, S Donleavy, D Dossett, A Dovbnya, O Duarte, R Dumps, F Dupertuis, PY Duval, R Dzhelyadin, C Eames, S Easo, U Egede, V Egorychev, S Eidelman, D van Eijk, F Eisele","The primary goal of LHCb is to measure the effects of new particles or forces beyond the Standard Model. Results obtained from data collected in 2010 show that the detector is robust and functioning well. While LHCb will be able to measure a host of interesting channels in heavy flavour decays in the upcoming few years, a limit of about 1 fb^−1 of data per year cannot be overcome without upgrading the detector. The LHC machine does not face such a limitation. With the upgraded detector, read out at 40MHz, a much more flexible software-based triggering strategy will allow a large increase not only in data rate, as the detector would collect 5 fb^−1 per year, but also the ability to increase trigger efficiencies especially in decays to hadronic final states. In addition, it will be possible to change triggers to explore different physics as LHC discoveries point us to the most interesting channels. Our physics scope extends beyond that of flavour. Possibilities for interesting discoveries exist over a whole variety of phenomena including searches for Majorana neutrinos, exotic Higgs decays and precision electroweak measurements. Here we describe the physics motivations and proposed detector changes for exploring new phenomena in proton-proton collisions near 14 TeV centre-of-mass energy.",particle physics,0.403
,,"First evidence for the annihilation decay mode ${B^{+}}\to D_s^{+}\phi$
R Aaij, CA Beteta, A Adametz, B Adeva, M Adinolfi… - Journal of High Energy Physics, 2013
Cited by 42 Related articles All 35 versions
First evidence for the annihilation decay mode B+→ D+ sϕ
R Aaij, C Abellan Beteta, A Adametz, B Adeva… - Journal of High Energy Physics, 2013
Cited by 5 Related articles
First evidence for the annihilation decay mode $ B^{+}\to D_ {s}^{+}\phi$*
J Anderson, R Bernet, A Büchler-Germann, A Bursche… - Journal of High Energy Physics, 2013
Related articles All 2 versions",2013/2,2013.0,https://link.springer.com/article/10.1007/JHEP02(2013)043,,,,1-17,Particle Physics,Cited by 42,Marwa JAHJAH hussein,,,First evidence for the annihilation decay mode,,Journal of High Energy Physics,,https://scholar.google.com/citations?view_op=view_citation&hl=en&user=56m4FtQAAAAJ&cstart=20&pagesize=80&citation_for_view=56m4FtQAAAAJ:dshw04ExmUIC,2,Springer Berlin Heidelberg,"R Aaij, C Abellan Beteta, A Adametz, B Adeva, M Adinolfi, C Adrover, A Affolder, Z Ajaltouni, J Albrecht, F Alessio, M Alexander, S Ali, G Alkhazov, P Alvarez Cartelle, AA Alves, S Amato, Y Amhis, L Anderlini, J Anderson, RB Appleby, O Aquines Gutierrez, F Archilli, A Artamonov, M Artuso, E Aslanides, Giulio Auriemma, S Bachmann, JJ Back, C Baesso, W Baldini, RJ Barlow, C Barschel, S Barsuk, W Barter, A Bates, Th Bauer, A Bay, J Beddow, I Bediaga, S Belogurov, K Belous, I Belyaev, E Ben-Haim, M Benayoun, G Bencivenni, S Benson, J Benton, A Berezhnoy, R Bernet, M-O Bettler, M Van Beuzekom, A Bien, S Bifani, T Bird, A Bizzeti, PM Bjørnstad, T Blake, F Blanc, C Blanks, J Blouw, S Blusk, A Bobrov, V Bocci, A Bondar, N Bondar, W Bonivento, S Borghi, A Borgia, TJV Bowcock, C Bozzi, T Brambach, J Van Den Brand, J Bressieux, D Brett, M Britsch, T Britton, NH Brook, H Brown, A Buechler-Germann, I Burducea, A Bursche, J Buytaert, S Cadeddu, O Callot, M Calvi, M Calvo Gomez, A Camboni, P Campana, ANGELO Carbone, G Carboni, R Cardinale, A Cardini, L Carson, K Carvalho Akiba, G Casse, M Cattaneo, Ch Cauet, M Charles, Ph Charpentier, P Chen, N Chiapolini, M Chrzaszcz, K Ciba, X Cid Vidal, G Ciezarek, PEL Clarke, M Clemencic, HV Cliff, J Closier, C Coca, V Coco, J Cogan, E Cogneras, P Collins, A Comerma-Montells, A Contu, A Cook, M Coombes, G Corti, B Couturier, GA Cowan, D Craik, S Cunliffe, R Currie, C D’Ambrosio, P David, PNY David, I De Bonis, K De Bruyn, S De Capua, M De Cian, JM De Miranda, L De Paula, P De Simone, D Decamp, M Deckenhoff, H Degaudenzi, L Del Buono, C Deplano, D Derkach, O Deschamps, F Dettori, A Di Canto, J Dickens, H Dijkstra, P Diniz Batista, F Domingo Bonal, S Donleavy, F Dordei, A Dosil Suárez",Evidence for the hadronic annihilation decay mode is found with greater than 3σ significance. The branching fraction and CP asymmetry are measured to be,Unclassified,0.0
,,"Measurement of the ratio of branching fractions B (B 0→ K* 0 γ)/B (B s 0→ ϕ γ)
R Aaij, C Abellan Beteta, B Adeva, M Adinolfi… - Physical Review D—Particles, Fields, Gravitation, and …, 2012
Cited by 39 Related articles All 42 versions
Measurement of the ratio of branching fractions BðB0! KÃ0 Þ= BðB0 s! Þ*
R Aaij - PHYSICAL REVIEW D Phys Rev D, 2012
Cited by 6 Related articles All 3 versions
Measurement of the ratio of branching fractions ${\cal B}(B^ 0\to K^{\ast 0}\gamma)/{\cal B}(B^ 0_s\to\phi\gamma) $*
R Aaij, P Hopchev, P Gandini, S Cadeddu, I Bediaga… - Phys. Rev. D, 2012
Cited by 4 Related articles",2012/6/1,85.0,https://link.aps.org/pdf/10.1103/PhysRevD.85.112013,,,,112013,Particle Physics,Cited by 42,Marwa JAHJAH hussein,,,Measurement of the ratio of branching fractions,,"Physical Review D—Particles, Fields, Gravitation, and Cosmology",,https://scholar.google.com/citations?view_op=view_citation&hl=en&user=56m4FtQAAAAJ&cstart=20&pagesize=80&citation_for_view=56m4FtQAAAAJ:Se3iqnhoufwC,11,American Physical Society,"R Aaij, C Abellan Beteta, B Adeva, M Adinolfi, C Adrover, A Affolder, Ziad Ajaltouni, J Albrecht, F Alessio, M Alexander, G Alkhazov, P Alvarez Cartelle, AA Alves Jr, S Amato, Y Amhis, J Anderson, RB Appleby, O Aquines Gutierrez, F Archilli, L Arrabito, A Artamonov, M Artuso, E Aslanides, Giulio Auriemma, S Bachmann, JJ Back, DS Bailey, V Balagura, Wander Baldini, RJ Barlow, C Barschel, S Barsuk, W Barter, A Bates, C Bauer, Th Bauer, A Bay, I Bediaga, S Belogurov, K Belous, I Belyaev, E Ben-Haim, M Benayoun, G Bencivenni, S Benson, J Benton, R Bernet, M-O Bettler, M Van Beuzekom, A Bien, S Bifani, T Bird, A Bizzeti, PM Bjørnstad, T Blake, F Blanc, C Blanks, J Blouw, S Blusk, A Bobrov, V Bocci, A Bondar, N Bondar, W Bonivento, S Borghi, A Borgia, TJV Bowcock, C Bozzi, T Brambach, J van Den Brand, J Bressieux, D Brett, M Britsch, T Britton, NH Brook, H Brown, A Buechler-Germann, I Burducea, A Bursche, J Buytaert, S Cadeddu, O Callot, M Calvi, M Calvo Gomez, A Camboni, P Campana, Angelo Carbone, G Carboni, R Cardinale, A Cardini, L Carson, K Carvalho Akiba, G Casse, M Cattaneo, Ch Cauet, M Charles, Ph Charpentier, N Chiapolini, K Ciba, X Cid Vidal, G Ciezarek, PEL Clarke, M Clemencic, HV Cliff, J Closier, C Coca, V Coco, J Cogan, P Collins, A Comerma-Montells, F Constantin, A Contu, A Cook, M Coombes, G Corti, B Couturier, GA Cowan, R Currie, C D’Ambrosio, P David, PNY David, I De Bonis, K De Bruyn, S De Capua, M De Cian, F De Lorenzi, JM De Miranda, L De Paula, P De Simone, D Decamp, M Deckenhoff, H Degaudenzi, L Del Buono, C Deplano, D Derkach, O Deschamps, F Dettori, J Dickens, H Dijkstra, P Diniz Batista, F Domingo Bonal, S Donleavy, F Dordei, A Dosil Suarez, D Dossett, A Dovbnya, F Dupertuis, R Dzhelyadin, A Dziurda, S Easo","The ratio of branching fractions of the radiative decays and has been measured using of collisions at a center of mass energy of , collected by the LHCb experiment. The value obtained is , where the first uncertainty is statistical, the second systematic, and the third is associated with the ratio of fragmentation fractions . Using the world average for , the branching fraction is measured to be , which is the most precise measurement to date.",Unclassified,0.0
,,"Observation of B¯ s 0→ J/ψ f 2′(1525) in J/ψ K+ K-Final States
R Aaij, C Abellan Beteta, B Adeva, M Adinolfi… - Physical Review Letters, 2012
Cited by 33 Related articles All 45 versions",2012/4/13,108.0,https://link.aps.org/pdf/10.1103/PhysRevLett.108.151801,,,,151801,Particle Physics,Cited by 33,Marwa JAHJAH hussein,,,Observation of in Final States,,Physical Review Letters,,https://scholar.google.com/citations?view_op=view_citation&hl=en&user=56m4FtQAAAAJ&cstart=20&pagesize=80&citation_for_view=56m4FtQAAAAJ:K3LRdlH-MEoC,15,American Physical Society,"R Aaij, C Abellan Beteta, B Adeva, M Adinolfi, C Adrover, A Affolder, Z Ajaltouni, J Albrecht, F Alessio, M Alexander, G Alkhazov, P Alvarez Cartelle, AA Alves Jr, S Amato, Y Amhis, J Anderson, R_B Appleby, O Aquines Gutierrez, F Archilli, L Arrabito, A Artamonov, M Artuso, E Aslanides, Giulio Auriemma, S Bachmann, J_J Back, D_S Bailey, V Balagura, Wander Baldini, R_J Barlow, C Barschel, S Barsuk, W Barter, A Bates, C Bauer, Th Bauer, A Bay, I Bediaga, S Belogurov, K Belous, I Belyaev, E Ben-Haim, M Benayoun, G Bencivenni, S Benson, J Benton, R Bernet, M-O Bettler, M Van Beuzekom, A Bien, S Bifani, T Bird, A Bizzeti, P_M Bjørnstad, T Blake, F Blanc, C Blanks, J Blouw, S Blusk, A Bobrov, V Bocci, A Bondar, N Bondar, W Bonivento, S Borghi, A Borgia, T_J_V Bowcock, C Bozzi, T Brambach, J Van Den Brand, J Bressieux, D Brett, M Britsch, T Britton, N_H Brook, H Brown, A Büchler-Germann, I Burducea, A Bursche, J Buytaert, S Cadeddu, O Callot, M Calvi, M Calvo Gomez, A Camboni, P Campana, A Carbone, G Carboni, R Cardinale, A Cardini, L Carson, K Carvalho Akiba, G Casse, M Cattaneo, Ch Cauet, M Charles, Ph Charpentier, N Chiapolini, K Ciba, X Cid Vidal, G Ciezarek, P_E_L Clarke, M Clemencic, H_V Cliff, J Closier, C Coca, V Coco, J Cogan, P Collins, A Comerma-Montells, F Constantin, A Contu, A Cook, M Coombes, G Corti, G_A Cowan, R Currie, C D’Ambrosio, P David, P_N_Y David, I De Bonis, S De Capua, M De Cian, F De Lorenzi, JM De Miranda, L De Paula, P De Simone, D Decamp, M Deckenhoff, H Degaudenzi, L Del Buono, C Deplano, D Derkach, O Deschamps, F Dettori, J Dickens, H Dijkstra, P Diniz Batista, F Domingo Bonal, S Donleavy, F Dordei, A Dosil Suarez, D Dossett, A Dovbnya, F Dupertuis, R Dzhelyadin, A Dziurda, S Easo, U Egede, V Egorychev","The decay is investigated using of data collected with the LHCb detector using 7 TeV collisions. Although the channel is well known, final states at higher masses have not previously been studied. In the mass spectrum we observe a significant signal in the region as well as a nonresonant component. After subtracting the nonresonant component, we find B(B¯s0→J/ψf2′(1525))/B(B¯s0→J/ψϕ)=(26.4±2.7±2.4)%.",Unclassified,0.0
,,"First observation of the decays B¯(s) 0→ D s+ K-π+ π-and B¯ s 0→ D s 1 (2536)+ π
R Aaij, C Abellan Beteta, A Adametz, B Adeva… - Physical Review D—Particles, Fields, Gravitation, and …, 2012
Cited by 31 Related articles All 41 versions",2012/12/1,86.0,https://link.aps.org/pdf/10.1103/PhysRevD.86.112005,,,,112005,Particle Physics,Cited by 31,Marwa JAHJAH hussein,,,First observation of the decays and,,"Physical Review D—Particles, Fields, Gravitation, and Cosmology",,https://scholar.google.com/citations?view_op=view_citation&hl=en&user=56m4FtQAAAAJ&cstart=20&pagesize=80&citation_for_view=56m4FtQAAAAJ:pqnbT2bcN3wC,11,American Physical Society,"R Aaij, C Abellan Beteta, A Adametz, B Adeva, M Adinolfi, C Adrover, A Affolder, Z Ajaltouni, J Albrecht, F Alessio, M Alexander, S Ali, G Alkhazov, P Alvarez Cartelle, AA Alves Jr, S Amato, Y Amhis, L Anderlini, J Anderson, RB Appleby, O Aquines Gutierrez, F Archilli, A Artamonov, M Artuso, E Aslanides, Giulio Auriemma, S Bachmann, JJ Back, C Baesso, W Baldini, RJ Barlow, C Barschel, S Barsuk, W Barter, A Bates, Th Bauer, A Bay, J Beddow, I Bediaga, S Belogurov, K Belous, I Belyaev, E Ben-Haim, M Benayoun, G Bencivenni, S Benson, J Benton, A Berezhnoy, R Bernet, M-O Bettler, M Van Beuzekom, A Bien, S Bifani, T Bird, A Bizzeti, PM Bjørnstad, T Blake, F Blanc, C Blanks, J Blouw, S Blusk, A Bobrov, V Bocci, A Bondar, N Bondar, W Bonivento, S Borghi, A Borgia, TJV Bowcock, C Bozzi, T Brambach, J Van Den Brand, J Bressieux, D Brett, M Britsch, T Britton, NH Brook, H Brown, A Büchler-Germann, I Burducea, A Bursche, J Buytaert, S Cadeddu, O Callot, M Calvi, M Calvo Gomez, A Camboni, P Campana, A Carbone, G Carboni, R Cardinale, A Cardini, H Carranza-Mejia, L Carson, K Carvalho Akiba, G Casse, M Cattaneo, Ch Cauet, M Charles, Ph Charpentier, P Chen, N Chiapolini, M Chrzaszcz, K Ciba, X Cid Vidal, G Ciezarek, PEL Clarke, M Clemencic, HV Cliff, J Closier, C Coca, V Coco, J Cogan, E Cogneras, P Collins, A Comerma-Montells, A Contu, A Cook, M Coombes, G Corti, B Couturier, GA Cowan, D Craik, S Cunliffe, R Currie, C D’Ambrosio, P David, PNY David, I De Bonis, K De Bruyn, S De Capua, M De Cian, JM De Miranda, L De Paula, P De Simone, D Decamp, M Deckenhoff, H Degaudenzi, L Del Buono, C Deplano, D Derkach, O Deschamps, F Dettori, A Di Canto, J Dickens, H Dijkstra, P Diniz Batista, M Dogaru, F Domingo Bonal, S Donleavy","The first observation of the decays and are reported using an integrated luminosity of recorded by the LHCb experiment. The branching fractions, normalized with respect to and , respectively, are measured to be B(B¯s0→Ds+K-π+π-)B(B¯s0→Ds+π-π+π-)=(5.2±0.5±0.3)×10-2 and B(B¯0→Ds+K-π+π-)B(B¯s0→Ds+K-π+π-)=0.54±0.07±0.07, where the first <?format ?>uncertainty is statistical and the second is systematic. The decay is of particular interest as it can be used to measure the weak phase . First observation of the , decay is also presented, and its branching fraction relative to is found to be B(B¯s0→Ds1(2536)+π-,Ds1+→Ds+π-π+)B(B¯s0→Ds+π-π+π-)=(4.0±1.0±0.4)×10-3.",particle physics,0.2
,,"First Observation of the Decays B¯ 0→ D+ K-π+ π-and B-→ D 0 K-π+ π
R Aaij, C Abellan Beteta, B Adeva, M Adinolfi… - Physical Review Letters, 2012
Cited by 21 Related articles All 37 versions",2012/4/20,108.0,https://link.aps.org/pdf/10.1103/PhysRevLett.108.161801,,,,161801,Particle Physics,Cited by 21,Marwa JAHJAH hussein,,,First Observation of the Decays and,,Physical Review Letters,,https://scholar.google.com/citations?view_op=view_citation&hl=en&user=56m4FtQAAAAJ&cstart=20&pagesize=80&citation_for_view=56m4FtQAAAAJ:uWQEDVKXjbEC,16,American Physical Society,"R Aaij, C Abellan Beteta, B Adeva, M Adinolfi, C Adrover, A Affolder, Ziad Ajaltouni, J Albrecht, F Alessio, M Alexander, G Alkhazov, P Alvarez Cartelle, AA Alves Jr, S Amato, Y Amhis, J Anderson, RB Appleby, O Aquines Gutierrez, F Archilli, L Arrabito, A Artamonov, M Artuso, E Aslanides, G Auriemma, S Bachmann, JJ Back, DS Bailey, V Balagura, Wander Baldini, RJ Barlow, C Barschel, S Barsuk, W Barter, A Bates, C Bauer, Th Bauer, A Bay, I Bediaga, S Belogurov, K Belous, I Belyaev, E Ben-Haim, M Benayoun, G Bencivenni, S Benson, J Benton, R Bernet, M-O Bettler, M Van Beuzekom, A Bien, S Bifani, T Bird, A Bizzeti, PM Bjørnstad, T Blake, F Blanc, C Blanks, J Blouw, S Blusk, A Bobrov, V Bocci, A Bondar, N Bondar, W Bonivento, S Borghi, A Borgia, TJV Bowcock, C Bozzi, T Brambach, J van Den Brand, J Bressieux, D Brett, M Britsch, T Britton, NH Brook, H Brown, A Büchler-Germann, I Burducea, A Bursche, J Buytaert, S Cadeddu, O Callot, M Calvi, M Calvo Gomez, A Camboni, P Campana, A Carbone, G Carboni, R Cardinale, A Cardini, L Carson, K Carvalho Akiba, G Casse, M Cattaneo, Ch Cauet, M Charles, Ph Charpentier, N Chiapolini, K Ciba, X Cid Vidal, G Ciezarek, PEL Clarke, M Clemencic, HV Cliff, J Closier, C Coca, V Coco, J Cogan, P Collins, A Comerma-Montells, F Constantin, A Contu, A Cook, M Coombes, G Corti, GA Cowan, R Currie, C D’Ambrosio, P David, PNY David, I De Bonis, S De Capua, M De Cian, F De Lorenzi, JM De Miranda, L De Paula, P De Simone, D Decamp, M Deckenhoff, H Degaudenzi, L Del Buono, C Deplano, D Derkach, O Deschamps, F Dettori, J Dickens, H Dijkstra, P Diniz Batista, F Domingo Bonal, S Donleavy, F Dordei, A Dosil Suarez, D Dossett, A Dovbnya, F Dupertuis, R Dzhelyadin, A Dziurda, S Easo, U Egede, V Egorychev","First observations of the Cabibbo-suppressed decays and are reported using of data collected with the LHCb detector. Their branching fractions are measured with respect to the corresponding Cabibbo-favored decays, from which we obtain <?format ?>B(B¯0→D+K-π+π-)/B(B¯0→D+π-π+π-)=(5.9±1.1±0.5)×10-2 and <?format ?>B(B-→D0K-π+π-)/B(B-→D0π-π+π-)=(9.4±1.3±0.9)×10-2, where the uncertainties are statistical and systematic, respectively. The decay is particularly interesting, as it can be used in a similar way to to measure the Cabibbo-Kobayashi-Maskawa phase .",particle physics,0.2
,,"Measurement of the CP Asymmetry in B+→ K+ μ+ μ− Decays
LHCb Collaboration - Physical Review Letters, 2013, Vol. 111, No. 15, 2013
Cited by 13 Related articles All 5 versions
Measurement of the CP asymmetry in B+→ K+ μ+ μ− decays*
R Bernet, K Müller, O Steinkamp, U Straumann… - Physical Review Letters, 2013
Related articles All 2 versions
Measurement of the CP asymmetry in B0→ K* 0μ+ μ-decays*
I Bediaga, JM De Miranda, BP Diniz, RF Ferreira… - Physical Review Letters, 2013
Related articles All 3 versions",2013,,https://dau.url.edu/bitstream/handle/20.500.14342/3488/PhysRevLett.111.151801.pdf?sequence=4&isAllowed=y,,,,,Particle Physics,Cited by 13,Marwa JAHJAH hussein,,,Measurement of the CP Asymmetry in B+→ K+ μ+ μ− Decays,,"Physical Review Letters, 2013, Vol. 111, No. 15",,https://scholar.google.com/citations?view_op=view_citation&hl=en&user=56m4FtQAAAAJ&cstart=20&pagesize=80&citation_for_view=56m4FtQAAAAJ:M05iB0D1s5AC,,American Physical Society,LHCb Collaboration,"A measurement of the CP asymmetry in Bþ ! Kþ þ decays is presented using pp collision data, corresponding to an integrated luminosity of 1:0 fb 1, recorded by the LHCb experiment during 2011 at a center-of-mass energy of 7 TeV. The measurement is performed in seven bins of þ invariant mass squared in the range 0:05 < q2 < 22:00 GeV2=c4, excluding the J=c and c ð2SÞ resonance regions. Production and detection asymmetries are corrected for using the Bþ ! J=c Kþ decay as a control mode. Averaged over all the bins, the CP asymmetry is found to be ACP ¼ 0:000 0:033 ðstatÞ 0:005 ðsystÞ 0:007 (J=c K), where the third uncertainty is due to the CP asymmetry of the control mode. This is consistent with the standard model prediction.",Unclassified,0.0
,,"Contribution française à l'upgrade de LHCb
I De Bonis, S Cap, D Decamp, C Drancourt, P Ghez… - 2014
Cited by 1 Related articles All 13 versions",2014/1/7,,https://in2p3.hal.science/in2p3-00925089/file/in2p3-00925089.pdf,,,,,Particle Physics,Cited by 1,Marwa JAHJAH hussein,,,Contribution française à l'upgrade de LHCb,,,,https://scholar.google.com/citations?view_op=view_citation&hl=en&user=56m4FtQAAAAJ&cstart=20&pagesize=80&citation_for_view=56m4FtQAAAAJ:u5HHmVD_uO8C,,,"I De Bonis, S Cap, D Decamp, C Drancourt, Ph Ghez, P Hopchev, J-P Lees, IV Machikhiliyan, M-N Minard, B Pietrzyk, S t'Jampens, V Tisserand, E Tournefier, G Vouters, Ziad Zj Ajaltouni, Hervé Chanal, E Cogneras, O Deschamps, I El Rifai, Pierre Henrard, M Hoballah, Marwa Jahjah-Hussein, R Lef Evre, L Li Gioi, S Monteil, V Niess, Pascal Perret, Diego Alejandro Roa Romero, Krzysztof Grzegorz Sobczak, C Adrover, E Aslanides, J-P Cachemiche, J Cogan, P-Y Duval, F Hachon, B Khanji, R Le Gac, O Leroy, G Mancinelli, E Maurice, M Perrin-Terrin, F Rethore, M Sapunov, J Serrano, A Tsaregorodtsev, S Barsuk, C Beigbeder-Beau, T Cac Er Es, O Callot, D Charlet, O Duarte, J He, B Jean-Marie, O Kochebina, J Lefran Cois, F Machefert, A Marti N Sànchez, M Nicol, P Robbe, M-H Schune, M Teklishyn, V Tocut, B Viaud, I Videau, E Ben-Haim, M Benayoun, P David, L Del Buono, A Martens, F Polci","La contribution française à l'upgrade de LHCb est d etaillée dans ce document et s' inscrit dans le prolongement du Framework TDR soumis au LHCC le 25 mai 2012. La France a contribué à la conception et à la réalisation de la mécanique et de l'électronique de lecture des calorimètres. Elle est l'acteur principal du système de déclenchement de premier niveau et l'initiatrice du projet DIRAC, progiciel de traitement et d'analyse de données dans un environnement distribué. Les physiciens et ingénieurs français ont de nombreuses responsabilités de premier plan et sont très fortement impliqués dans l'analyse des données. Les groupes français souhaitent poursuivre leur forte participation a l'expérience en contribuant a son upgrade, notamment l'électronique de lecture des calorimètres et du trajectographe en fibres scintillantes ainsi qu'au data processing.",particle physics,0.4
,,"Prompt K (S)(0) production in pp collisions at squareroot (s)= 0.9 TeV
R Aaij, C Abellan Beteta, B Adeva, M Adinolfi… - PHYSICS LETTERS. SECTION B, 2010
Cited by 1 Related articles",2010,693.0,,,,,69-80,Particle Physics,Cited by 1,Marwa JAHJAH hussein,,,Prompt K (S)(0) production in pp collisions at squareroot (s)= 0.9 TeV,,PHYSICS LETTERS. SECTION B,,https://scholar.google.com/citations?view_op=view_citation&hl=en&user=56m4FtQAAAAJ&cstart=20&pagesize=80&citation_for_view=56m4FtQAAAAJ:Wp0gIr-vW9MC,,,"R Aaij, C Abellan Beteta, B Adeva, M Adinolfi, C Adrover, A Affolder, M Agari, Z Ajaltouni, J Albrecht, F Alessio, M Alexander, M Alfonsi, P Alvarez Cartelle, AA Alves, S Amato, Y Amhis, J Amoraal, J Anderson, R Antunes Nobrega, R Appleby, O Aquines Gutierrez, A Arefyev, L Arrabito, M Artuso, E Aslanides, Giulio Auriemma, S Bachmann, Y Bagaturia, DS Bailey, V Balagura, W Baldini, G Barber, C Barham, RJ Barlow, S Barsuk, S Basiladze, A Bates, C Bauer, A Bay, I Bediaga, T Bellunato, K Belous, I Belyaev, M Benayoun, G Bencivenni, R Bernet, RP Bernhard, MO Bettler, M van Beuzekom, JH Bibby, S Bifani, A Bizzeti, PM Bjørnstad, T Blake, F Blanc, C Blanks, J Blouw, S Blusk, A Bobrov, V Bocci, B Bochin, E Bonaccorsi, A Bondar, N Bondar, W Bonivento, S Borghi, A Borgia, E Bos, TJV Bowcock, C Bozzi, T Brambach, J van den Brand, L Brarda, J Bressieux, S Brisbane, M Britsch, NH Brook, H Brown, S Brusa, A Büchler Germann, A Bursche, J Buytaert, S Cadeddu, JM Caicedo Carvajal, O Callot, M Calvi, M Calvo Gomez, A Camboni, W Cameron, L Camilleri, P Campana, A Carbone, G Carboni, R Cardinale, A Cardini, J Carroll, L Carson, K Carvalho Akiba, G Casse, M Cattaneo, B Chadaj, M Charles, J Cheng, N Chiapolini, A Chlopik, J Christiansen, P Ciambrone, X Cid Vidal, PJ Clark, PEL Clarke, M Clemencic, HV Cliff, J Closier, C Coca, V Coco, J Cogan, P Collins, A Comerma Montells, F Constantin, G Conti, A Contu, P Cooke, M Coombes, B Corajod, G Corti, GA Cowan, R Currie, B D'Almagne, C D'Ambrosio, I D'Antone, W Da Silva, E Dane, P David, I De Bonis, S De Capua, M De Cian, F De Lorenzi, JM De Miranda, L De Paula, P De Simone, D Decamp, G Decreuse, H Degaudenzi, M Deissenroth, L Del Buono, CJ Densham, C Deplano, O Deschamps, F Dettori, J Dickens","The production of K0_S mesons in pp collisions at a centre-of-mass energy of 0.9 TeV is studied with the LHCb detector at the Large Hadron Collider. The luminosity of the analysed sample is determined using a novel technique, involving measurements of the beam currents, sizes and positions, and is found to be 6.8 ± 1.0 μb−1. The differential prompt K0_S production cross-section is measured as a function of the K0_S transverse momentum and rapidity in the region 0 < pT < 1.6 GeV/c and 2.5 < y < 4.0. The data are found to be in reasonable agreement with previous measurements and generator expectations.",Unclassified,0.0
,,"Search for the rare decay K S 0→ μ+ μ
I Bediaga, JM De Miranda, BP Diniz, RF Ferreira… - Journal of High Energy Physics, 2013
Related articles",2013,17.0,,,,,090-090,Particle Physics,,Marwa JAHJAH hussein,,,Search for the rare decay KS0→μ +μ-,,Journal of High Energy Physics,,https://scholar.google.com/citations?view_op=view_citation&hl=en&user=56m4FtQAAAAJ&cstart=20&pagesize=80&citation_for_view=56m4FtQAAAAJ:ZHo1McVdvXMC,1,Institute of Physics and IOP Publishing Limited,"I Bediaga, JM De Miranda, Batista P Diniz, Rodrigues F Ferreira, J Magnin, A Massafferri, I Nasteva, AC Dos Reis, S Amato, Akiba K Carvalho, L De Paula, O Francisco, M Gandelman, A Gomes, JH Lopes, Goicochea JM Otalora, E Polycarpo, MS Rangel, De Paula B Souza, D Vieira, P Chen, Y Gao, F Jing, Y Li, B Liu, H Lu, W Qian, S Wu, Z Yang, X Yuan, F Zhang, Y Zhang, L Zhong, I De Bonis, D Decamp, P Ghez, P Hopchev, JP Lees, IV MacHikhiliyan, MN Minard, B Pietrzyk, S T'Jampens, V Tisserand, E Tournefier, Z Ajaltouni, E Cogneras, O Deschamps, I El Rifai, P Henrard, M Hoballah, Hussein M Jahjah, R Lefèvre, Gioi L Li, S Monteil, V Niess, P Perret, Romero DA Roa, K Sobczak, C Adrover, E Aslanides, J Cogan, R Le Gac, O Leroy, G Mancinelli, E Maurice, M Perrin-Terrin, M Sapunov, J Serrano, A Tsaregorodtsev, S Barsuk, O Callot, J He, B Jean-Marie, O Kochebina, J Lefrançois, F MacHefert, Sánchez A Martín, M Nicol, P Robbe, MH Schune, M Teklishyn, B Viaud, I Videau, E Ben-Haim, M Benayoun, P David, L Del Buono, A Martens, F Polci, T Brambach, C Cauet, M Deckenhoff, R Ekelhof, M Kaballo, TM Karbach, F Kruse, J Merkel, S Schleich, M Schlupp, B Spaan, S Swientek, J Wishahi, Gutierrez O Aquines, M Britsch, M Fontana, D Popov, M Schmelling, D Volyanskyy, H Voss, M Zavertyaev, A Adametz, S Bachmann, A Bien, J Blouw, A Di Canto, F Dordei, C Färber, E Gersabeck, S Hansmann-Menzemer, A Jaeger, K Kreplin, G Krocker, C Linn, J Marks, M Meissner, T Nikodem, P Seyfert, S Stahl, J Van Tilburg, U Uwer, S Wandernoth, D Wiedner, A Zhelezov, S Bifani, S Farry, RS Huston, P Ilten, J Keaveney, R McNulty, R Wallace, WC Zhang, DA Milanes, A Palano, A Carbone, D Derkach, A Falabella, D Galli, U Marconi, S Perazzini, V Vagnoni","Search for the rare decay K<sub>S</sub><sup>0</sup>→μ <sup>+</sup>μ<sup>-</sup> КОРЗИНА ПОИСК НАВИГАТОР СЕССИЯ КОНТАКТЫ ИНФОРМАЦИЯ О ПУБЛИКАЦИИ eLIBRARY ID: 24935093 DOI: 10.1007/JHEP01(2013)090 SEARCH FOR THE RARE DECAY K S 0 →μ + μ - BEDIAGA I. , DE MIRANDA JM 1 , DINIZ BATISTA P. , FERREIRA RODRIGUES F. , MAGNIN J. , MASSAFFERRI A. , NASTEVA I. , DOS REIS AC 1 , AMATO S. , CARVALHO AKIBA K. , DE PAULA L. , FRANCISCO O. , GANDELMAN M. , GOMES A. , LOPES JH 2 , OTALORA GOICOCHEA JM 2 , POLYCARPO E. , RANGEL MS 2 , SOUZA DE PAULA B. , VIEIRA D. , CHEN P. , GAO Y. , JING F. , LI Y. , LIU B. , LU H. , QIAN W. , WU S. , YANG Z. , YUAN X. , ZHANG F. , ZHANG Y. , ZHONG L. , DE BONIS I. , DECAMP D. , GHEZ P. , HOPCHEV P. , LEES JP 5 , MACHIKHILIYAN IV 5,6 , MINARD MN 5 , PIETRZYK B. , T'JAMPENS S. , …",Unclassified,0.0
,,"Evidence for the decay B 0 J/ψω and measurement of the relative branching fractions of Bs0 meson decays to J/ψή and J/ψή
I Bediaga, JM De Miranda, BP Diniz, RF Ferreira… - Nuclear Physics B, 2013
Related articles",2013,867.0,,,,,547-566,Particle Physics,,Marwa JAHJAH hussein,,,Evidence for the decay B0J/ψω and measurement of the relative branching fractions of Bs0 meson decays to J/ψή and J/ψή,,Nuclear Physics B,,https://scholar.google.com/citations?view_op=view_citation&hl=en&user=56m4FtQAAAAJ&cstart=20&pagesize=80&citation_for_view=56m4FtQAAAAJ:SeFeTyx0c_EC,3,"Elsevier Science Publishing Company, Inc.","I Bediaga, JM De Miranda, Batista P Diniz, Rodrigues F Ferreira, J Magnin, A Massafferri, I Nasteva, AC dos Reis, S Amato, Akiba K Carvalho, L De Paula, O Francisco, M Gandelman, A Gomes, JH Lopes, Goicochea JM Otalora, E Polycarpo, MS Rangel, De Paula B Souza, D Vieira, P Chen, Y Gao, F Jing, L Li, Y Li, B Liu, H Lu, W Qian, S Wu, Z Yang, X Yuan, F Zhang, Y Zhang, L Zhong, I De Bonis, D Decamp, P Ghez, P Hopchev, JP Lees, IV Machikhiliyan, MN Minard, B Pietrzyk, S T'Jampens, V Tisserand, E Tournefier, Z Ajaltouni, E Cogneras, O Deschamps, I El Rifai, P Henrard, M Hoballah, Hussein M Jahjah, R Lefèvre, Gioi L Li, S Monteil, V Niess, P Perret, Romero DA Roa, K Sobczak, C Adrover, E Aslanides, J Cogan, R Le Gac, O Leroy, G Mancinelli, E Maurice, M Perrin-Terrin, M Sapunov, J Serrano, A Tsaregorodtsev, S Barsuk, O Callot, J He, B Jean-Marie, O Kochebina, J Lefrançois, F Machefert, Sánchez A Martín, M Nicol, P Robbe, MH Schune, M Teklishyn, B Viaud, I Videau, E Ben-Haim, M Benayoun, P David, L Del Buono, A Martens, F Polci, T Brambach, C Cauet, M Deckenhoff, R Ekelhof, M Kaballo, F Kruse, J Merkel, S Schleich, M Schlupp, B Spaan, S Swientek, J Wishahi, Gutierrez O Aquines, M Britsch, M Fontana, D Popov, M Schmelling, D Volyanskyy, H Voss, M Zavertyaev, A Adametz, S Bachmann, A Bien, J Blouw, F Dordei, F Eisele, C Färber, E Gersabeck, S Hansmann-Menzemer, A Jaeger, K Kreplin, G Krocker, C Linn, J Marks, M Meissner, T Nikodem, P Seyfert, S Stahl, J van Tilburg, U Uwer, S Wandernoth, D Wiedner, A Zhelezov, S Bifani, S Farry, RS Huston, P Ilten, J Keaveney, R McNulty, R Wallace, WC Zhang, DA Milanes, A Palano, A Carbone, D Derkach, A Falabella, D Galli, U Marconi, S Perazzini, V Vagnoni","First evidence of the B 0 J/ψω decay is found and the B 0 s J/ψη and B 0 s J/ψή decays are studied using a dataset corresponding to an integrated luminosity of 1.0 fb-1 collected by the LHCb experiment in proton-proton collisions at a centre-of-mass energy of s= 7 TeV. The branching fractions of these decays are measured relative to that of the B 0 J/ψ decay: where the last uncertainty is due to the knowledge of fd/fs, the ratio of b-quark hadronization factors that accounts for the different production rate of B 0 and B 0 s mesons. The ratio of the branching fractions of B 0 s J/ψή and B 0 s J/ψη decays is measured to be.© 2012 CERN.",Unclassified,0.0
,,"Search for the rare decay $ K_ {\mathrm {S}}^ 0\to {\mu^{+}}{\mu^{-}} $
R Aaij, C Abellan Beteta, A Adametz, B Adeva… - Journal of High Energy Physics, 2013
Related articles All 4 versions",2013/1,2013.0,https://link.springer.com/article/10.1007/JHEP01(2013)090,,,,1-18,Particle Physics,,Marwa JAHJAH hussein,,,Search for the rare decay,,Journal of High Energy Physics,,https://scholar.google.com/citations?view_op=view_citation&hl=en&user=56m4FtQAAAAJ&cstart=20&pagesize=80&citation_for_view=56m4FtQAAAAJ:kNdYIx-mwKoC,1,Springer-Verlag,"R Aaij, C Abellan Beteta, A Adametz, B Adeva, M Adinolfi, C Adrover, A Affolder, Z Ajaltouni, J Albrecht, F Alessio, M Alexander, S Ali, G Alkhazov, P Alvarez Cartelle, AA Alves, S Amato, Y Amhis, L Anderlini, J Anderson, RB Appleby, O Aquines Gutierrez, F Archilli, A Artamonov, M Artuso, E Aslanides, Giulio Auriemma, S Bachmann, JJ Back, C Baesso, W Baldini, RJ Barlow, C Barschel, S Barsuk, W Barter, A Bates, Th Bauer, A Bay, J Beddow, I Bediaga, S Belogurov, K Belous, I Belyaev, E Ben-Haim, M Benayoun, G Bencivenni, S Benson, J Benton, A Berezhnoy, R Bernet, M-O Bettler, M van Beuzekom, A Bien, S Bifani, T Bird, A Bizzeti, PM Bjørnstad, T Blake, F Blanc, C Blanks, J Blouw, S Blusk, A Bobrov, V Bocci, A Bondar, N Bondar, W Bonivento, S Borghi, A Borgia, TJV Bowcock, C Bozzi, T Brambach, J van den Brand, J Bressieux, D Brett, M Britsch, T Britton, NH Brook, H Brown, A Büchler-Germann, I Burducea, A Bursche, J Buytaert, S Cadeddu, O Callot, M Calvi, M Calvo Gomez, A Camboni, P Campana, A Carbone, G Carboni, R Cardinale, A Cardini, L Carson, K Carvalho Akiba, G Casse, M Cattaneo, Ch Cauet, M Charles, Ph Charpentier, P Chen, N Chiapolini, M Chrzaszcz, K Ciba, X Cid Vidal, G Ciezarek, PEL Clarke, M Clemencic, HV Cliff, J Closier, C Coca, V Coco, J Cogan, E Cogneras, P Collins, A Comerma-Montells, A Contu, A Cook, M Coombes, G Corti, B Couturier, GA Cowan, D Craik, S Cunliffe, R Currie, C D’Ambrosio, P David, PNY David, I De Bonis, K De Bruyn, S De Capua, M De Cian, JM De Miranda, L De Paula, P De Simone, D Decamp, M Deckenhoff, H Degaudenzi, L Del Buono, C Deplano, D Derkach, O Deschamps, F Dettori, A Di Canto, J Dickens, H Dijkstra, P Diniz Batista, F Domingo Bonal, S Donleavy, F Dordei, A Dosil Suárez","A search for the decay is performed, based on a data sample of 1.0 fb− 1 of pp collisions at collected by the LHCb experiment at the Large Hadron Collider. The observed number of candidates is consistent with the background-only hypothesis, yielding an upper limit of < 11 (9)× 10− 9 at 95 (90)% confidence level. This limit is a factor of thirty below the previous measurement.",Unclassified,0.0
,,"Measurement of the B [supserscript 0]–[bar over B] 0 Oscillation Frequency Δm d with the Decays B 0→ D− π+ and B 0→ J/ΨK⁎ 0
R Aaij, C Abellan Beteta, A Adametz, B Adeva… - 2013
Related articles",2013,,https://dspace.mit.edu/bitstream/handle/1721.1/116305/1-s2.0-S0370269313000440-main.pdf?sequence=1&isAllowed=y,,,,,Particle Physics,,Marwa JAHJAH hussein,,,Measurement of the B[supserscript 0]–[bar over B]0 Oscillation Frequency Δmd with the Decays B0→D−π+ and B0→J/ΨK⁎0,,,,https://scholar.google.com/citations?view_op=view_citation&hl=en&user=56m4FtQAAAAJ&cstart=20&pagesize=80&citation_for_view=56m4FtQAAAAJ:ufrVoPGSRksC,,Elsevier BV,"R Aaij, C Abellan Beteta, A Adametz, B Adeva, M Adinolfi, C Adrover, A Affolder, Z Ajaltouni, J Albrecht, F Alessio, M Alexander, S Ali, G Alkhazov, P Alvarez Cartelle, AA Alves, S Amato, Y Amhis, L Anderlini, J Anderson, RB Appleby, O Aquines Gutierrez, F Archilli, A Artamonov, M Artuso, E Aslanides, G Auriemma, S Bachmann, JJ Back, C Baesso, W Baldini, RJ Barlow, C Barschel, S Barsuk, W Barter, A Bates, Th Bauer, A Bay, J Beddow, I Bediaga, S Belogurov, K Belous, I Belyaev, E Ben-Haim, M Benayoun, G Bencivenni, S Benson, J Benton, A Berezhnoy, R Bernet, M-O Bettler, M van Beuzekom, A Bien, S Bifani, T Bird, A Bizzeti, PM Bjørnstad, T Blake, F Blanc, C Blanks, J Blouw, S Blusk, A Bobrov, V Bocci, A Bondar, N Bondar, W Bonivento, S Borghi, A Borgia, TJV Bowcock, C Bozzi, T Brambach, J van den Brand, J Bressieux, D Brett, M Britsch, T Britton, NH Brook, H Brown, A Büchler-Germann, I Burducea, A Bursche, J Buytaert, S Cadeddu, O Callot, M Calvi, M Calvo Gomez, A Camboni, P Campana, A Carbone, G Carboni, R Cardinale, A Cardini, H Carranza-Mejia, L Carson, K Carvalho Akiba, G Casse, M Cattaneo, Ch Cauet, M Charles, Ph Charpentier, P Chen, N Chiapolini, M Chrzaszcz, K Ciba, X Cid Vidal, G Ciezarek, PEL Clarke, M Clemencic, HV Cliff, J Closier, C Coca, V Coco, J Cogan, E Cogneras, P Collins, A Comerma-Montells, A Contu, A Cook, M Coombes, G Corti, B Couturier, GA Cowan, D Craik, S Cunliffe, R Currie, C DʼAmbrosio, P David, PNY David, I De Bonis, K De Bruyn, S De Capua, M De Cian, JM De Miranda, L De Paula, P De Simone, D Decamp, M Deckenhoff, H Degaudenzi, L Del Buono, C Deplano, D Derkach, O Deschamps, F Dettori, A Di Canto, J Dickens, H Dijkstra, P Diniz Batista, M Dogaru, F Domingo Bonal, S Donleavy","The B0-[bar over B]0 oscillation frequency Δmd is measured by the LHCb experiment using a dataset corresponding to an integrated luminosity of 1.0fb-1 of proton-proton collisions at √s = 7TeV, and is found to be Δmd = 0.5156±0.0051 (stat.) ± 0.0033(syst.)ps-1. The measurement is based on results from analyses of the decays B[supescript 0] →D- π+ (D- → K+ π- π-) and B0 →J/ψK*0 (J/ψ→μ+ μ-, K*0 →K+ π-) and their charge conjugated modes.",Unclassified,0.0
,,"Search for the Rare Decay K [0 over S]→ μ+ μ−
R Aaij, C Abellan Beteta, A Adametz, B Adeva… - 2013
Related articles",2013,,https://dspace.mit.edu/bitstream/handle/1721.1/89197/Williams_Search%20for%20the%20rare.pdf?sequence=1&isAllowed=y,,,,,Particle Physics,,Marwa JAHJAH hussein,,,Search for the Rare Decay K[0 over S] → μ+μ−,,,,https://scholar.google.com/citations?view_op=view_citation&hl=en&user=56m4FtQAAAAJ&cstart=20&pagesize=80&citation_for_view=56m4FtQAAAAJ:d1gkVwhDpl0C,,Springer-Verlag,"R Aaij, C Abellan Beteta, A Adametz, B Adeva, M Adinolfi, C Adrover, A Affolder, Z Ajaltouni, J Albrecht, F Alessio, M Alexander, S Ali, G Alkhazov, P Alvarez Cartelle, AA Alves, S Amato, Y Amhis, L Anderlini, J Anderson, RB Appleby, O Aquines Gutierrez, F Archilli, A Artamonov, M Artuso, E Aslanides, G Auriemma, S Bachmann, JJ Back, C Baesso, W Baldini, RJ Barlow, C Barschel, S Barsuk, W Barter, A Bates, Th Bauer, A Bay, J Beddow, I Bediaga, S Belogurov, K Belous, I Belyaev, E Ben-Haim, M Benayoun, G Bencivenni, S Benson, J Benton, A Berezhnoy, R Bernet, M-O Bettler, M van Beuzekom, A Bien, S Bifani, T Bird, A Bizzeti, PM Bjørnstad, T Blake, F Blanc, C Blanks, J Blouw, S Blusk, A Bobrov, V Bocci, A Bondar, N Bondar, W Bonivento, S Borghi, A Borgia, TJV Bowcock, C Bozzi, T Brambach, J van den Brand, J Bressieux, D Brett, M Britsch, T Britton, NH Brook, H Brown, A Büchler-Germann, I Burducea, A Bursche, J Buytaert, S Cadeddu, O Callot, M Calvi, M Calvo Gomez, A Camboni, P Campana, A Carbone, G Carboni, R Cardinale, A Cardini, L Carson, K Carvalho Akiba, G Casse, M Cattaneo, Ch Cauet, M Charles, Ph Charpentier, P Chen, N Chiapolini, M Chrzaszcz, K Ciba, X Cid Vidal, G Ciezarek, PEL Clarke, M Clemencic, HV Cliff, J Closier, C Coca, V Coco, J Cogan, E Cogneras, P Collins, A Comerma-Montells, A Contu, A Cook, M Coombes, G Corti, B Couturier, GA Cowan, D Craik, S Cunliffe, R Currie, C D’Ambrosio, P David, PNY David, I De Bonis, K De Bruyn, S De Capua, M De Cian, JM De Miranda, L De Paula, P De Simone, D Decamp, M Deckenhoff, H Degaudenzi, L Del Buono, C Deplano, D Derkach, O Deschamps, F Dettori, A Di Canto, J Dickens, H Dijkstra, P Diniz Batista, F Domingo Bonal, S Donleavy, F Dordei, A Dosil Suárez","A search for the decay K[0 over S] → μ+μ− is performed, based on a data sample of 1.0 fb−1 of pp collisions at √s = 7 TeV collected by the LHCb experiment at the Large Hadron Collider. The observed number of candidates is consistent with the background-only hypothesis, yielding an upper limit of B(K[0 over S] → μ+μ−) < 11(9) × 10−9 at 95 (90)% confidence level. This limit is a factor of thirty below the previous measurement.",Unclassified,0.0
,,"Measurement of the CP-violating phase s in the decay Bs0→ J/ψ
I Bediaga, JM De Miranda, BP Diniz, J Magnin… - Physical Review Letters, 2012
Related articles",2012,108.0,,,,,101803-101803,Particle Physics,,Marwa JAHJAH hussein,,,Measurement of the CP-violating phases in the decay Bs0→J/ψ,,Physical Review Letters,,https://scholar.google.com/citations?view_op=view_citation&hl=en&user=56m4FtQAAAAJ&cstart=20&pagesize=80&citation_for_view=56m4FtQAAAAJ:g5m5HwL7SMYC,10,American Physical Society,"I Bediaga, JM De Miranda, Batista P Diniz, J Magnin, A Massafferri, I Nasteva, AC Dos Reis, S Amato, Akiba K Carvalho, L De Paula, M Gandelman, A Gomes, JH Lopes, Goicochea JM Otalora, E Polycarpo, MS Rangel, F Rodrigues, De Paula B Souza, Y Gao, F Jing, L Li, B Liu, H Lu, Z Yang, F Zhang, Y Zhang, L Zhong, I De Bonis, D Decamp, P Ghez, P Hopchev, JP Lees, IV MacHikhiliyan, MN Minard, B Pietrzyk, S T'Jampens, V Tisserand, E Tournefier, Z Ajaltouni, O Deschamps, P Henrard, Hussein M Jahjah, R Lefèvre, Gioi L Li, S Monteil, V Niess, P Perret, Romero DA Roa, K Sobczak, C Adrover, E Aslanides, J Cogan, B Khanji, R Le Gac, O Leroy, G Mancinelli, E Maurice, M Perrin-Terrin, M Sapunov, J Serrano, A Tsaregorodtsev, S Barsuk, O Callot, J He, B Jean-Marie, J Lefrançois, F MacHefert, Sánchez A Martín, M Nicol, P Robbe, MH Schune, B Viaud, I Videau, E Ben-Haim, M Benayoun, P David, L Del Buono, A Martens, T Brambach, C Cauet, M Deckenhoff, R Ekelhof, M Kaballo, TM Karbach, F Kruse, M Lieng, J Merkel, M Nedos, S Schleich, M Schlupp, B Spaan, S Swientek, J Wishahi, Gutierrez O Aquines, C Bauer, M Britsch, M Fontana, F MacIuc, D Popov, M Schmelling, D Volyanskyy, H Voss, M Zavertyaev, S Bachmann, A Bien, J Blouw, F Dordei, F Eisele, C Färber, S Hansmann-Menzemer, K Holubyev, A Jaeger, K Kreplin, G Krocker, P Krokovny, C Langenbruch, C Linn, J Marks, M Meissner, P Seyfert, S Stahl, J Van Tilburg, U Uwer, S Wandernoth, D Wiedner, A Zhelezov, S Bifani, F De Lorenzi, S Farry, RS Huston, P Ilten, J Keaveney, Z Mathe, R McNulty, D Moran, WC Zhang, DA Milanes, A Palano, A Carbone, D Derkach, A Falabella, D Galli, U Marconi, S Perazzini, V Vagnoni, G Valenti, W Bonivento, S Cadeddu, A Cardini, C Deplano","Measurement of the CP-violating phase <sub>s</sub> in the decay Bs0→J/ψ КОРЗИНА ПОИСК НАВИГАТОР ЖУРНАЛЫ КНИГИ ПАТЕНТЫ ПОИСК АВТОРЫ ОРГАНИЗАЦИИ КЛЮЧЕВЫЕ СЛОВА РУБРИКАТОР Начальная страница СЕССИЯ КОНТАКТЫ ИНФОРМАЦИЯ О ПУБЛИКАЦИИ eLIBRARY ID: 41747836 DOI: 10.1103/PhysRevLett.108.101803 MEASUREMENT OF THE CP-VIOLATING PHASE S IN THE DECAY BS0→J/ψ BEDIAGA I. , DE MIRANDA JM 1 , DINIZ BATISTA P. , MAGNIN J. , MASSAFFERRI A. , NASTEVA I. , DOS REIS AC 1 , AMATO S. , CARVALHO AKIBA K. , DE PAULA L. , GANDELMAN M. , GOMES A. , LOPES JH 2 , OTALORA GOICOCHEA JM 2 , POLYCARPO E. , RANGEL MS 2 , RODRIGUES F. , SOUZA DE PAULA B. , GAO Y. , JING F. , LI L. , LIU B. , LU H. , YANG Z. , ZHANG F. , ZHANG Y. , ZHONG L. , DE BONIS I. , DECAMP D. , GHEZ P. , HOPCHEV P. , LEES JP 5 , …",Unclassified,0.0
,,"Evidence for the decay and measurement of the relative branching fractions of meson decays to and Evidence for the decay B^ 0 to J/psi omega and measurement of the relative branching fractions of Bs (0) meson decays to J/psi eta and J/psi eta'
R Aaij, C Abellan Beteta, A Adametz, B Adeva… - NUCLEAR PHYSICS. B, 2012
Related articles",2012,867.0,,,,,547-566,Particle Physics,,Marwa JAHJAH hussein,,,Evidence for the decay and measurement of the relative branching fractions of meson decays to and Evidence for the decay B^ 0 to J/psi omega and measurement of the relative …,,NUCLEAR PHYSICS. B,,https://scholar.google.com/citations?view_op=view_citation&hl=en&user=56m4FtQAAAAJ&cstart=20&pagesize=80&citation_for_view=56m4FtQAAAAJ:UebtZRa9Y70C,3,,"R Aaij, C Abellan Beteta, A Adametz, B Adeva, M Adinolfi, C Adrover, A Affolder, Z Ajaltouni, J Albrecht, F Alessio, M Alexander, S Ali, G Alkhazov, P Alvarez Cartelle, AA Alves, S Amato, Y Amhis, L Anderlini, J Anderson, RB Appleby, O Aquines Gutierrez, F Archilli, A Artamonov, M Artuso, E Aslanides, Giulio Auriemma, S Bachmann, JJ Back, C Baesso, V Balagura, W Baldini, RJ Barlow, C Barschel, S Barsuk, W Barter, A Bates, A Bay, J Beddow, I Bediaga, S Belogurov, K Belous, I Belyaev, E Ben Haim, M Benayoun, G Bencivenni, S Benson, J Benton, A Berezhnoy, R Bernet, MO Bettler, M van Beuzekom, A Bien, S Bifani, T Bird, A Bizzeti, PM Bjørnstad, T Blake, F Blanc, C Blanks, J Blouw, S Blusk, A Bobrov, V Bocci, A Bondar, N Bondar, W Bonivento, S Borghi, A Borgia, TJV Bowcock, C Bozzi, T Brambach, J van den Brand, J Bressieux, D Brett, M Britsch, T Britton, NH Brook, H Brown, A Büchler Germann, I Burducea, A Bursche, J Buytaert, S Cadeddu, O Callot, M Calvi, M Calvo Gomez, A Camboni, P Campana, A Carbone, G Carboni, R Cardinale, A Cardini, L Carson, K Carvalho Akiba, G Casse, M Cattaneo, M Charles, P Chen, N Chiapolini, M Chrzaszcz, K Ciba, X Cid Vidal, G Ciezarek, PEL Clarke, M Clemencic, HV Cliff, J Closier, C Coca, V Coco, J Cogan, E Cogneras, P Collins, A Comerma Montells, A Contu, A Cook, M Coombes, G Corti, B Couturier, GA Cowan, D Craik, S Cunliffe, R Currie, C Dʼambrosio, P David, PNY David, I De Bonis, K De Bruyn, S De Capua, M De Cian, JM De Miranda, L De Paula, P De Simone, D Decamp, M Deckenhoff, H Degaudenzi, L Del Buono, C Deplano, D Derkach, O Deschamps, F Dettori, J Dickens, H Dijkstra, P Diniz Batista, F Domingo Bonal, S Donleavy, F Dordei, A Dosil Suárez, D Dossett, A Dovbnya, F Dupertuis","First evidence of the B0 → J/ψ ω decay is found and the B0s → J/ψ η and B0s → J/ψ η′ decays are studied using a dataset corresponding to an integrated luminosity of 1.0 fb^−1 collected by the LHCb experiment in proton–proton collisions at a centre-of-mass energy of √s = 7 TeV. The branching fractions of these decays are measured relative to that of the B0 → J/ψ ρ0 decay: B(B0 → J/ψ ω)/B(B0 → J/ψ ρ0) = 0.89 ± 0.19(stat)_{−0.13}^{+0.07}(syst), B(B0s → J/ψ η)/B(B0 → J/ψ ρ0) = 14.0 ± 1.2(stat)_{−1.5}^{+1.1}(syst)_{−1.0}^{+1.1}(fd/fs), B(B0s → J/ψ η′)/B(B0 → J/ψ ρ0) = 12.7 ± 1.1(stat)_{−1.3}^{+0.5}(syst)_{−0.9}^{+1.0}(fd/fs) where the last uncertainty is due to the knowledge of fd/fs, the ratio of b-quark hadronization factors that accounts for the different production rate of B0 and B0s mesons. The ratio of the branching fractions of B0s → J/ψ η′ and B0s → J/ψ η decays is measured to be B(B0s → J/ψη′)/B(B0s → J/ψ η) = 0.90 ± 0.09(stat)_{−0.02}^{+0.06}(syst).",Unclassified,0.0
,,"First observation of the decay (B) over-bar (S)(0)->(DK)-K-0*(0) and a measurement of the ratio of branching fractions B ((B) over-bar (S)(0)->(DK)-K
R Aaij, C Abellan Beteta, B Adeva, M Adinolfi… - Physics Letters B, 2011
Related articles",2011/11/30,706.0,https://eprints.gla.ac.uk/64448/1/64448.pdf,,,,32-39,Particle Physics,,Marwa JAHJAH hussein,,,First observation of the decay (B) over-bar (S)(0)->(DK)-K-0*(0) and a measurement of the ratio of branching fractions B ((B) over-bar (S)(0)->(DK)-K,,Physics Letters B,,https://scholar.google.com/citations?view_op=view_citation&hl=en&user=56m4FtQAAAAJ&cstart=20&pagesize=80&citation_for_view=56m4FtQAAAAJ:hqOjcs7Dif8C,1,Elsevier,"R Aaij, C Abellan Beteta, B Adeva, M Adinolfi, C Adrover, A Affolder, Z Ajaltouni, J Albrecht, F Alessio, M Alexander, G Alkhazov, P Alvarez Cartelle, AA Alves, S Amato, Y Amhis, J Anderson, RB Appleby, O Aquines Gutierrez, F Archilli, L Arrabito, A Artamonov, M Artuso, E Aslanides, G Auriemma, S Bachmann, JJ Back, DS Bailey, V Balagura, W Baldini, RJ Barlow, C Barschel, S Barsuk, W Barter, A Bates, C Bauer, Th Bauer, A Bay, I Bediaga, K Belous, I Belyaev, E Ben-Haim, M Benayoun, G Bencivenni, S Benson, J Benton, R Bernet, M-O Bettler, M van Beuzekom, A Bien, S Bifani, A Bizzeti, PM Bjørnstad, T Blake, F Blanc, C Blanks, J Blouw, S Blusk, A Bobrov, V Bocci, A Bondar, N Bondar, W Bonivento, S Borghi, A Borgia, TJV Bowcock, C Bozzi, T Brambach, J van den Brand, J Bressieux, D Brett, S Brisbane, M Britsch, T Britton, NH Brook, H Brown, A Büchler-Germann, I Burducea, A Bursche, J Buytaert, S Cadeddu, JM Caicedo Carvajal, O Callot, M Calvi, M Calvo Gomez, A Camboni, P Campana, A Carbone, G Carboni, R Cardinale, A Cardini, L Carson, K Carvalho Akiba, G Casse, M Cattaneo, M Charles, Ph Charpentier, N Chiapolini, K Ciba, X Cid Vidal, G Ciezarek, PEL Clarke, M Clemencic, HV Cliff, J Closier, C Coca, V Coco, J Cogan, P Collins, A Comerma-Montells, F Constantin, G Conti, A Contu, A Cook, M Coombes, G Corti, GA Cowan, R Currie, B DʼAlmagne, C DʼAmbrosio, P David, I De Bonis, S De Capua, M De Cian, F De Lorenzi, JM De Miranda, L De Paula, P De Simone, D Decamp, M Deckenhoff, H Degaudenzi, M Deissenroth, L Del Buono, C Deplano, O Deschamps, F Dettori, J Dickens, H Dijkstra, P Diniz Batista, F Domingo Bonal, S Donleavy, A Dosil Suárez, D Dossett, A Dovbnya, F Dupertuis, R Dzhelyadin, S Easo, U Egede, V Egorychev, S Eidelman, D van Eijk","A theoretically clean extraction of the Cabibbo–Kobayashi–Maskawa (CKM) unitarity triangle angle γ can be performed using time-integrated B→ DX decays by exploiting the interference between Cabibbo-suppressed b→ u and Cabibbo-allowed b→ c transitions [1–6]. One of the most promising channels for this purpose is B0→ DK∗ 0, where D represents a D0 or a D0 meson. 1 Although this channel involves the decay of a neutral B meson, the final state is self-tagged by the flavour of the K∗ 0 so that a time-dependent analysis is not required. In the B0→ DK∗ 0 decay, both the B0→ D0 K∗ 0 and the B0→ D0 K∗ 0 are colour suppressed. Therefore, although the B0→ DK∗ 0 decay has a lower branching fraction compared to the B+→ DK+ mode, it could exhibits an enhanced interference.",Unclassified,0.0
,,"Observation of $ J/ψ $ pair production in pp collisions at $\sqrt {s}= 7 TeV$
R Aaij, B Adeva, M Adinolfi, C Adrover, A Affolder… - Physics Letters B 707 (2012), pp. 52-59, 2011
Related articles",2011/9/5,707.0,,,,,,Particle Physics,,Marwa JAHJAH hussein,,,Observation of pair production in pp collisions at,,"Physics Letters B 707 (2012), pp. 52-59",,https://scholar.google.com/citations?view_op=view_citation&hl=en&user=56m4FtQAAAAJ&cstart=20&pagesize=80&citation_for_view=56m4FtQAAAAJ:RGFaLdJalmkC,1,,"R Aaij, B Adeva, M Adinolfi, C Adrover, A Affolder, Z Ajaltouni, J Albrecht, F Alessio, M Alexander, G Alkhazov, P Cartelle, S Amato, Y Amhis, J Anderson, R Appleby, O Gutierrez, F Archilli, L Arrabito, A Artamonov, M Artuso, E Aslanides, G Auriemma, S Bachmann, L Collaboration",The production of pairs in proton-proton collisions at a centre-of-mass energy of 7 TeV has been observed using an integrated luminosity of collected with the LHCb detector. The production cross-section for pairs with both \jpsi in the rapidity range $2,Unclassified,0.0
,,"Analyse du canal Λb→ Λ+ J/Ψ et mesure de la polarisation du baryon Λ produit dans les collisions pp à 7 TeV avec le détecteur LHCb
M Jahjah-Hussein - 2011
Related articles All 4 versions",2011/2/3,,https://theses.hal.science/tel-00597538/file/2011CLF22106.pdf,,,,,Particle Physics,,Marwa JAHJAH hussein,,,Analyse du canal Λb→ Λ+ J/Ψ et mesure de la polarisation du baryon Λ produit dans les collisions pp à 7 TeV avec le détecteur LHCb,Université Blaise Pascal-Clermont-Ferrand II,,,https://scholar.google.com/citations?view_op=view_citation&hl=en&user=56m4FtQAAAAJ&cstart=20&pagesize=80&citation_for_view=56m4FtQAAAAJ:ULOm3_A8WrAC,,,Marwa Jahjah-Hussein,"Les thèmes abordés et développés dans ce manuscrit ont pour objectif de proposer une nouvelle voie pour tester, d'une manière directe, la symétrie de renversement du temps (T) : voie offerte par le LHC grâce à la production copieuse de baryons beaux, spécialement le Λb dont les canaux de désintégration en ΛV(1-) révèleraient l'existence de nouvelles observables impaires par T. L'accent est mis sur l'importance de la polarisation initiale du Λb produit dans les collisions p-p et, surtout, sur celles des résonances intermédiaires issues du Λb. Nous présentons en premier lieu le cadre théorique du travail effectué et en second lieu les différentes voies concernant la recherche directe de la violation de T. Un modèle phénoménologique étudiant la désintégration Λb → Λ J/Ψ a été développé à partir duquel les distributions angulaires ont été calculées. Une étude approfondie de la reconstruction et de la sélection du canal Λb → Λ J/Ψ est exposée ainsi que celle du canal Bd0→ J/Ψ Ks0 ; canal utilisé pour valider la méthode d'extraction du temps de vie du Λb. Sur un autre plan et grâce au démarrage du LHC, une analyse préliminaire des premières données enregistrées par le LHCb a été effectuée ainsi qu'une première mesure prometteuse de la polarisation de l'hypéron Λ.",particle physics,0.2
,,"Analysis of the channel {Lambda}{sub b}{yields}{Lambda}+ J/{Psi} and measurement of the polarization of the {Lambda} baryon produced in the pp collisions at 7 TeV with the LHCb detector; Analyse du canal {Lambda}{sub b}{yields}{Lambda}+ J/{Psi} et mesure de la polarisation du baryon {Lambda} produit dans les collisions pp a 7 TeV avec le detecteur LHCb
M Jahjah-Hussein - 2011
Related articles",2011/2/3,,,,,,,Particle Physics,,Marwa JAHJAH hussein,,,Analysis of the channel {Lambda}{sub b}{yields}{Lambda}+ J/{Psi} and measurement of the polarization of the {Lambda} baryon produced in the pp collisions at 7 TeV with the LHCb …,,,,https://scholar.google.com/citations?view_op=view_citation&hl=en&user=56m4FtQAAAAJ&cstart=20&pagesize=80&citation_for_view=56m4FtQAAAAJ:8k81kl-MbHgC,,,M Jahjah-Hussein,"The topics discussed and developed in this dissertation aim to propose a new way to test, in a direct manner, the symmetry of time reversal (T): an opportunity is offered by the LHC through the copious production of beauty baryons, especially the {Lambda}{sub b} whose decay channels in {Lambda}V(1{sup -}) would reveal the existence of new odd observables under T. The emphasis is put on the importance of the {Lambda}{sub b} initial polarization produced in p-p collisions and especially those of intermediate resonances coming from {Lambda}{sub b}. We first present the theoretical framework of this work and secondly the different procedures concerning the direct search of T violation. A phenomenological model considering the decay {Lambda}{sub b} {yields} {Lambda}J/{Psi} has been developed, from which angular distributions are computed. A detailed study of the reconstruction and selection of the channel {Lambda}{sub b} {yields} {Lambda}J/{Psi} is exposed as well as that of the channel B{sub d}{sup 0} {yields} J/{Psi}K{sub S}{sup 0}; channel used to validate the extraction of the {Lambda} lifetime. On another side and due to the start of the LHC, a preliminary analysis of data recorded by the LHC{sub b} has been made. A promising first measure of the hyperon {Lambda} polarization was also performed. (author)",Unclassified,0.0
,,"Measurement of charged particle multiplicities in $ pp $ collisions at ${\sqrt {s}= 7} $ TeV in the forward region
R Aaij - 2011
Related articles",2011,,,,,,,Particle Physics,,Marwa JAHJAH hussein,,,Measurement of charged particle multiplicities in collisions at TeV in the forward region,,,,https://scholar.google.com/citations?view_op=view_citation&hl=en&user=56m4FtQAAAAJ&cstart=20&pagesize=80&citation_for_view=56m4FtQAAAAJ:e5wmG9Sq2KIC,,,R Aaij,"Measurement of charged particle multiplicities in $pp$ collisions at ${\sqrt{s} =7}$TeV in the forward region — Research Explorer The University of Manchester Skip to main navigation Skip to search Skip to main content Research Explorer The University of Manchester Home Research Explorer The University of Manchester Logo Home Profiles Research units Research output Projects Impacts Activities Press/Media Prizes Equipment Datasets Student theses Search by expertise, name or affiliation Measurement of charged particle multiplicities in $pp$ collisions at ${\sqrt{s} =7}$TeV in the forward region Christopher Parkes, R Aaij Research output: Contribution to journal › Article › peer-review Overview Original language English Journal Unknown Journal Publication status Published - 2011 Cite this APA Author BIBTEX Harvard Standard RIS Vancouver …",particle physics,0.205
,,"First observation of B-bar_s^ 0-> D_s2^*+ X mu^-nu-bar decays
R Aaij, K Akiba, J Amoraal, E Bos, JFJ van den Brand… - Physics Letters B, 2011
Related articles All 10 versions",2011,698.0,https://research.vu.nl/files/2921799/265938.pdf,,,,14-20,Particle Physics,,Marwa JAHJAH hussein,,,First observation of B-bar_s^ 0-> D_s2^*+ X mu^-nu-bar decays,,Physics Letters B,,https://scholar.google.com/citations?view_op=view_citation&hl=en&user=56m4FtQAAAAJ&cstart=20&pagesize=80&citation_for_view=56m4FtQAAAAJ:qUcmZB5y_30C,,Elsevier BV,"R Aaij, K Akiba, J Amoraal, E Bos, JFJ van den Brand, V Coco, D van Eijk, C Farinelli, B M'Charek, MHM Merk, E Simioni","Using data collected with the LHCb detector in proton-proton collisions at a centre-of-mass energy of 7 TeV, the semileptonic decays B",Unclassified,0.0
,,"First observation of anti-Bs0-> Ds2*+ X mu-anti-nu decays
R Aaij, B Adeva, M Adinolfi, C Adrover, A Affolder… - PHYSICS LETTERS. SECTION B, 2011
Related articles",2011,698.0,https://iris.unimore.it/bitstream/11380/706142/1/1-s2.0-S0370269311001845-main.pdf,,,,14-20,Particle Physics,,Marwa JAHJAH hussein,,,First observation of anti-Bs0-> Ds2*+ X mu-anti-nu decays,,PHYSICS LETTERS. SECTION B,,https://scholar.google.com/citations?view_op=view_citation&hl=en&user=56m4FtQAAAAJ&cstart=20&pagesize=80&citation_for_view=56m4FtQAAAAJ:eQOLeE2rZwMC,,,"R Aaij, B Adeva, M Adinolfi, C Adrover, A Affolder, M Agari, Z Ajaltouni, J Albrecht, F Alessio, M Alexander, P Alvarez Cartelle, AA Alves, S Amato, Y Amhis, J Amoraal, J Anderson, R Antunes Nobrega, RB Appleby, O Aquines Gutierrez, A Arefyev, L Arrabito, M Artuso, E Aslanides, G Auriemma, S Bachmann, DS Bailey, V Balagura, W Baldini, RJ Barlow, C Barschel, S Barsuk, S Basiladze, A Bates, C Bauer, A Bay, I Bediaga, K Belous, I Belyaev, M Benayoun, G Bencivenni, R Bernet, MO Bettler, M van Beuzekom, S Bifani, Andrea Bizzeti, PM Bjørnstad, T Blake, F Blanc, C Blanks, J Blouw, S Blusk, A Bobrov, V Bocci, B Bochin, A Bondar, N Bondar, W Bonivento, S Borghi, A Borgia, E Bos, TJV Bowcock, C Bozzi, T Brambach, J van den Brand, J Bressieux, S Brisbane, M Britsch, T Britton, NH Brook, H Brown, A Büchler Germann, A Bursche, J Buytaert, S Cadeddu, JM Caicedo Carvajal, O Callot, M Calvi, M Calvo Gomez, A Camboni, W Cameron, L Camilleri, P Campana, A Carbone, G Carboni, R Cardinale, A Cardini, L Carson, K Carvalho Akiba, G Casse, M Cattaneo, M Charles, J Cheng, N Chiapolini, A Chlopik, J Christiansen, P Ciambrone, X Cid Vidal, PJ Clark, PEL Clarke, M Clemencic, HV Cliff, J Closier, C Coca, V Coco, J Cogan, P Collins, F Constantin, G Conti, A Contu, M Coombes, G Corti, GA Cowan, R Currie, B Dʼalmagne, C Dʼambrosio, I Dʼantone, W Da Silva, E Dané, P David, I De Bonis, S De Capua, M De Cian, F De Lorenzi, JM De Miranda, L De Paula, P De Simone, D Decamp, H Degaudenzi, M Deissenroth, L Del Buono, C Deplano, O Deschamps, F Dettori, J Dickens, H Dijkstra, M Dima, S Donleavy, P Dornan, D Dossett, A Dovbnya, F Dupertuis, R Dzhelyadin, C Eames, S Easo, U Egede, V Egorychev, S Eidelman, D van Eijk, F Eisele, S Eisenhardt","Using data collected with the LHCb detector in proton–proton collisions at a centre-of-mass energy of 7 TeV, the semileptonic decays B0 → D+ X mu- nu and B0 → D0 K+ X mu- nu are detected. Two structures are observed in the D0 K+ mass spectrum at masses consistent with the known Ds1(2536)+ and D*(2573)+ mesons. The measured branching fractions relative to the total anti-Bs0 semileptonic rate are B(anti-Bs 0 → Ds2*+ X mu- nu)/B(anti-B0 → X mu- nu) = (3.3 ± 1.0 ± 0.4)%, and B(Bs0 → Ds1+ X mu- nu)/B(anti-Bs0 → X mu- nu) = (5.4 ± 1.2 ± 0.5)%, where the first uncertainty is statistical and the second is systematic. This is the first observation of the D*+ state in B0 decays; we also measure its mass and width.",Unclassified,0.0
,,"Analysis of the channel Λ b→ Λ+ J/Ψ and measurement of the polarization of the Λ baryon produced in the pp collisions at 7 TeV with the LHCb detector
M Jahjah-Hussein - 2011
Related articles",2011,,,,,,,Particle Physics,,Marwa JAHJAH hussein,,,Analysis of the channel Λb → Λ + J/Ψ and measurement of the polarization of the Λ baryon produced in the p-p collisions at 7 TeV with the LHCb detector,,,,https://scholar.google.com/citations?view_op=view_citation&hl=en&user=56m4FtQAAAAJ&cstart=20&pagesize=80&citation_for_view=56m4FtQAAAAJ:2osOgNQ5qMEC,FRNC-TH--8231,Universite Blaise Pascal,M Jahjah-Hussein,"[en] The topics discussed and developed in this dissertation aim to propose a new way to test, in a direct manner, the symmetry of time reversal (T): an opportunity is offered by the LHC through the copious production of beauty baryons, especially the Λ b whose decay channels in ΛV (1-) would reveal the existence of new odd observables under T. The emphasis is put on the importance of the Λ b initial polarization produced in pp collisions and especially those of intermediate resonances coming from Λ b. We first present the theoretical framework of this work and secondly the different procedures concerning the direct search of T violation. A phenomenological model considering the decay Λ b→ ΛJ/Ψ has been developed, from which angular distributions are computed. A detailed study of the reconstruction and selection of the channel Λ b→ ΛJ/Ψ is exposed as well as that of the channel B d 0→ J/ΨK S 0; channel used to validate the extraction of the Λ lifetime. On another side and due to the start of the LHC, a preliminary analysis of data recorded by the LHC b has been made. A promising first measure of the hyperon Λ polarization was also performed.(author)",Unclassified,0.0
,,"Measurement of sigma (pp-> b (b) over-barX) at root s= 7 TeV in the forward region
SL Stone, LHCb collaboration - Physics Letters B, 2010
Related articles",2010/11/8,694.0,,,,,209-216,Particle Physics,,Marwa JAHJAH hussein,,,Measurement of sigma (pp-> b (b) over-barX) at root s= 7 TeV in the forward region,,Physics Letters B,,https://scholar.google.com/citations?view_op=view_citation&hl=en&user=56m4FtQAAAAJ&cstart=20&pagesize=80&citation_for_view=56m4FtQAAAAJ:4TOpqqG69KYC,3,Elsevier,"Sheldon L Stone, LHCb collaboration",Decays of b hadrons into final states containing a D-0 meson and a muon are used to measure the b (b) over bar; production cross-section in proton-proton collisions at a centre-of-mass energy of 7 TeV at the LHC. In the pseudorapidity interval 2< eta< 6 and integrated over all transverse momenta we find that the average cross-section to produce b-flavoured or (b) over bar-flavoured hadrons is (75.3+/-5.4+/-13.0) mu b.(C) 2010 CERN. Published by Elsevier BV All rights reserved.,Unclassified,0.0
,Journées Jeunes Chercheurs 2008,"Analyse du canal Lambda b to Lambda+ J/Psi et test du Renversement du Temps avec le détecteur LHCb
M Jahjah-Hussein - Journées Jeunes Chercheurs 2008, 2008
Related articles All 3 versions",2008/11/30,,https://in2p3.hal.science/in2p3-00363920/file/Jahjah.pdf,,,,,Particle Physics,,Marwa JAHJAH hussein,,,Analyse du canal Lambda b to Lambda+ J/Psi et test du Renversement du Temps avec le détecteur LHCb,,,,https://scholar.google.com/citations?view_op=view_citation&hl=en&user=56m4FtQAAAAJ&cstart=20&pagesize=80&citation_for_view=56m4FtQAAAAJ:UeHWp8X0CEIC,,,Marwa Jahjah-Hussein,"La physique des particules est aujourd'hui à l'aube d'une nouvelle ère. Le futur accélérateur de particules permettra de résoudre des points sombres subsistant dans le Modèle Standard. Dans le cadre de l'expérience LHCb, dédiée à la physique de la beauté, certains canaux pertinents peuvent être recherchés, tels Lambda b to Lambda+ J/Psi et qui présentent une piste nouvelle et intéressante pour tester directement la Symétrie T.",particle physics,0.4
