Book,Conference,Scholar articles,Publication date,Volume,PDF Link,Patent office,Report number,Source,Pages,Research Interests,Total citations,Researcher Name,Inventors,Patent number,Title,Institution,Journal,Application number,Scholar Link,Issue,Publisher,Authors,Description,Classified_Topic,Classification_Confidence
,,"Effect of carbons (G and CFs), TM (Ni, Fe and Al) and oxides (Nb2O5 and V2O5) on hydrogen generation from ball milled Mg-based hydrolysis reaction for fuel cell
AS Awad, E El-Asmar, T Tayeh, F Mauvy, M Nakhl… - Energy, 2016
Cited by 126 Related articles All 9 versions",2016/1/15,95.0,https://hal.science/hal-01269779v1/file/2016-017.pdf,,,,175-186,Physical Chemistry of materials,Cited by 126,Mirvat ZAKHOUR,,,"Effect of carbons (G and CFs), TM (Ni, Fe and Al) and oxides (Nb2O5 and V2O5) on hydrogen generation from ball milled Mg-based hydrolysis reaction for fuel cell",,Energy,,https://scholar.google.com/citations?view_op=view_citation&hl=en&user=SLitJSsAAAAJ&citation_for_view=SLitJSsAAAAJ:4TOpqqG69KYC,,Pergamon,"Abdel Salam Awad, E El-Asmar, Toufic Tayeh, Fabrice Mauvy, Michel Nakhl, Mirvat Zakhour, J-L Bobet","This paper dedicated to investigation the effect of carbons (graphite and carbon fibers), transition metals (TM = Ni, Fe and Al) and oxides (Nb2O5 and V2O5) on Mg–H hydrolysis reaction in aqueous media (3.5 wt% NaCl). Mg – 10 wt% X (X = C, TM and oxides) mixtures were prepared by mechanical milling (1, 3 and 5 h). Mg – 10 wt% G mixtures show the best hydrolysis performance (95% of theoretical hydrogen generation yield in almost 3 min) in comparison to Mg – oxide and Mg – TM mixtures. In addition to the presence of micro-galvanic cells, particle size, MgH2 content, density defects, fractures and cracking have an important influence on the hydrolysis reaction. Synergetic effect of carbons and transition metals has been studied for Mg – 5 wt% G – 5 wt% Ni mixture. Activation energies were calculated using Avrami–Erofeev model. An activation energy of 14.34 kJ/mol was found for Mg/G/Ni mixture which …",Unclassified,0.0
,,"Production of hydrogen from magnesium hydrides hydrolysis
T Tayeh, AS Awad, M Nakhl, M Zakhour, JF Silvain… - International Journal of Hydrogen Energy, 2014
Cited by 125 Related articles All 6 versions",2014/2/25,39.0,,,,,3109-3117,Physical Chemistry of materials,Cited by 125,Mirvat ZAKHOUR,,,Production of hydrogen from magnesium hydrides hydrolysis,,International Journal of Hydrogen Energy,,https://scholar.google.com/citations?view_op=view_citation&hl=en&user=SLitJSsAAAAJ&citation_for_view=SLitJSsAAAAJ:u5HHmVD_uO8C,7,Pergamon,"Toufic Tayeh, Abdel Salam Awad, Michel Nakhl, Mirvat Zakhour, J-F Silvain, J-L Bobet","Magnesium hydride could be considered as a good candidate for the hydrolysis reaction because it can be produced at a relatively low cost. However, this reaction is incomplete and very slow because of the formation of a magnesium hydroxide layer on the surface of MgH2 particles. In order to overcome this problem, various treatments such as ball milling with or w/o additives, addition of acids, ultrasounds and increase of temperature, have been tried. Different characterization methods such as XRD, BET, particle size, SEM, etc. have been used to explain the effects of the treatments cited above on the improvement of the kinetics and the yield of the MgH2 hydrolysis reaction.",Unclassified,0.0
,,"Hydrogen generation from ball milled Mg alloy waste by hydrolysis reaction
S Al Bacha, SA Pighin, G Urretavizcaya, M Zakhour… - Journal of Power Sources, 2020
Cited by 56 Related articles All 7 versions",2020/12/15,479.0,https://www.sciencedirect.com/science/article/am/pii/S0378775320310156,,,,228711,Physical Chemistry of materials,Cited by 56,Mirvat ZAKHOUR,,,Hydrogen generation from ball milled Mg alloy waste by hydrolysis reaction,,Journal of Power Sources,,https://scholar.google.com/citations?view_op=view_citation&hl=en&user=SLitJSsAAAAJ&citation_for_view=SLitJSsAAAAJ:hC7cP41nSMkC,,Elsevier,"Serge Al Bacha, Santiago Alberto Pighin, Guillermina Urretavizcaya, Mirvat Zakhour, Facundo J Castro, Michel Nakhl, J-L Bobet","Hydrolysis is an effective method for generating hydrogen from Mg alloy waste provided from the sacrificial anode industry. Mg alloy was ball milled under H2 to enhance its hydrolysis reactivity. The effect of ball milling time, the nature of the additives (graphite and AlCl3) and the synergetic effect by chronological or simultaneous addition of 5 wt.% graphite and 5 wt.% AlCl3 were examined. It has been established that increasing milling time without additive beyond 2 hours (h) decreases the hydrolysis performance. Using AlCl3 slightly improves the hydrogen production properties when milling for 2 h. Incorporating graphite leads to the best hydrolysis properties (yield of 78% reached in 5 minutes when milled for 5 h). On the other hand, by combining both additives better results are obtained. The mixture prepared by milling for 2 h with 5 wt.% of graphite followed by additional milling for 2 h with 5 wt.% of AlCl3 shows …",Unclassified,0.0
,,"Effect of ball milling in presence of additives (Graphite, AlCl3, MgCl2 and NaCl) on the hydrolysis performances of Mg17Al12
S Al Bacha, M Zakhour, M Nakhl, JL Bobet - International Journal of Hydrogen Energy, 2020
Cited by 54 Related articles All 5 versions",2020/2/28,45.0,https://www.sciencedirect.com/science/article/am/pii/S0360319919347305,,,,6102-6109,Physical Chemistry of materials,Cited by 54,Mirvat ZAKHOUR,,,"Effect of ball milling in presence of additives (Graphite, AlCl3, MgCl2 and NaCl) on the hydrolysis performances of Mg17Al12",,International Journal of Hydrogen Energy,,https://scholar.google.com/citations?view_op=view_citation&hl=en&user=SLitJSsAAAAJ&citation_for_view=SLitJSsAAAAJ:KlAtU1dfN6UC,11,Pergamon,"Serge Al Bacha, Mirvat Zakhour, Michel Nakhl, J-L Bobet","In most of the Mg–Al alloys, Al forms with Mg the intermetallic compound Mg17Al12. In order to understand the hydrogen production from the Mg–Al alloys waste by the hydrolysis reaction in “model” seawater (i.e. 3.5 wt % NaCl), hydrolysis with Mg17Al12 was investigated. The effect of ball milling time, the nature of the additives (graphite, NaCl, MgCl2 and AlCl3) and the synergetic effects of both graphite and AlCl3 were investigated. It has been established that increasing ball milling time up to 5 h is necessary to activate the intermetallic and to decrease sufficiently its crystallites and particles size. On one hand, the presence of AlCl3 provides the best hydrolysis performance (14% of the theoretical hydrogen volume in 1 h). On the other hand, the mixture obtained by simultaneous addition of graphite and AlCl3 shows the best hydrolysis performances with 16% of the theoretical H2 volume reached in 1 h.",Unclassified,0.0
,,"Hydrogen generation via hydrolysis of ball milled WE43 magnesium waste
S Al Bacha, AS Awad, E El Asmar, T Tayeh, JL Bobet… - International Journal of Hydrogen Energy, 2019
Cited by 54 Related articles All 3 versions",2019/7/5,44.0,,,,,17515-17524,Physical Chemistry of materials,Cited by 54,Mirvat ZAKHOUR,,,Hydrogen generation via hydrolysis of ball milled WE43 magnesium waste,,International Journal of Hydrogen Energy,,https://scholar.google.com/citations?view_op=view_citation&hl=en&user=SLitJSsAAAAJ&citation_for_view=SLitJSsAAAAJ:_FxGoFyzp5QC,33,Pergamon,"Serge Al Bacha, Abdel Salam Awad, Eliane El Asmar, Toufik Tayeh, J-L Bobet, Michel Nakhl, Mirvat Zakhour","Hydrolysis is an efficient method to generate in-situ H2 from Mg-based waste. In order to produce hydrogen from these wastes by the hydrolysis reaction in seawater (i.e. 3.5 wt % NaCl), WE43 alloy was ball milled. WE43 is a magnesium-based alloy (i.e. W stands for Y and the first 4 indicates that the weight % of Y is 4; E stands for RE and the first 3 indicates that the weight % is 3). This alloy is known for its corrosion-resistant and flame-resistant behavior. The effect of the milling time, the nature of the additives (C and Ni) and the synergistic effects of both C and Ni were investigated. It has been established that a pre-milling for 3h is necessary to activate the alloy and to decrease sufficiently its particle size. On one hand, the presence of carbon provides the best hydrolysis performance compared to Ni (maximum theoretical yield reached in 12 min). On the other hand, the chronological order of the addition of both …",Unclassified,0.0
,,"Clean hydrogen production by the hydrolysis of magnesium-based material: Effect of the hydrolysis solution
S Al Bacha, A Thienpont, M Zakhour, M Nakhl… - Journal of Cleaner Production, 2021
Cited by 48 Related articles All 7 versions",2021/2/1,282.0,https://www.sciencedirect.com/science/article/am/pii/S095965262034542X,,,,124498,Physical Chemistry of materials,Cited by 48,Mirvat ZAKHOUR,,,Clean hydrogen production by the hydrolysis of magnesium-based material: Effect of the hydrolysis solution,,Journal of Cleaner Production,,https://scholar.google.com/citations?view_op=view_citation&hl=en&user=SLitJSsAAAAJ&citation_for_view=SLitJSsAAAAJ:mB3voiENLucC,,Elsevier,"Serge Al Bacha, Anne Thienpont, Mirvat Zakhour, Michel Nakhl, J-L Bobet","Autonomous low-pressure hydrogen on demand system was found promising to supply fuel cell technology for light or short distance mobility applications. Among the various hydrogen production technologies, the hydrolysis reaction method of magnesium-based materials is one of the most suitable. Magnesium (Mg) powder ball milled with the simultaneous addition of graphite and nickel under Ar was used as the hydrolysis reagent for hydrogen production. The effects of the solution composition (i.e. NaCl, NH4Cl and HCl) and the temperature (i.e. from 0 °C to 60 °C) of the solution on the hydrolysis performances were discussed. The hydrolysis reaction was complete (i.e. yield = 100%) in less than 5 minutes, except that performed at 0 °C, regardless the hydrolysis solution. The activation energy of the reaction decreases with lowering the pH of the hydrolysis solution. Semi-quantitative analysis was performed to …",physical chemistry of materials,0.142
,,"Hydrogen generation from Nd-Ni-Mg system by hydrolysis reaction
E Alasmar, AS Awad, D Hachem, T Tayeh, M Nakhl… - Journal of Alloys and Compounds, 2018
Cited by 43 Related articles All 4 versions",2018/4/5,740.0,https://www.academia.edu/download/100164532/j.jallcom.2017.12.30520230322-1-a7bpr7.pdf,,,,52-60,Physical Chemistry of materials,Cited by 43,Mirvat ZAKHOUR,,,Hydrogen generation from Nd-Ni-Mg system by hydrolysis reaction,,Journal of Alloys and Compounds,,https://scholar.google.com/citations?view_op=view_citation&hl=en&user=SLitJSsAAAAJ&citation_for_view=SLitJSsAAAAJ:roLk4NBRz8UC,,Elsevier,"Eliane Alasmar, Abdel Salam Awad, D Hachem, Toufic Tayeh, Michel Nakhl, Mirvat Zakhour, E Gaudin, J-L Bobet","The generation of hydrogen from both the new NdNiMg15 ternary compound and the 1Nd - 1Ni - 15Mg mixtures (using NdH2.6 or NdCl3 as Nd precursors) by hydrolysis reaction were investigated. The Nd-Ni-Mg mixtures were prepared by ball milling process (for 1, 3 and 5 h) and the hydrolysis reaction was carried out in a 3.5 wt % NaCl solution (i.e. seawater). Independently of the composition, Nd-Ni-Mg mixtures show better hydrolysis performance compared with NdNiMg15 compound. The best hydrolysis performances were achieved with the mixtures 1NdH2.6 - 1Ni - 15Mg + 15 wt % NaCl and 1NdCl3 - 1Ni - 15Mg mixtures milled for 3 h. A 100% of theoretical hydrogen yield was obtained in 3 and 4 min respectively. The presence of chloride salts such as NaCl or NdCl3 during ball milling improves significantly the hydrolysis performance due to its ball milling and electrolyte properties. The activation energies of …",Unclassified,0.0
,,"Effect of ball milling strategy (milling device for scaling-up) on the hydrolysis performance of Mg alloy waste
S Al Bacha, SA Pighin, G Urretavizcaya, M Zakhour… - International Journal of Hydrogen Energy, 2020
Cited by 40 Related articles All 6 versions",2020/8/21,45.0,https://www.sciencedirect.com/science/article/am/pii/S0360319920320693,,,,20883-20893,Physical Chemistry of materials,Cited by 40,Mirvat ZAKHOUR,,,Effect of ball milling strategy (milling device for scaling-up) on the hydrolysis performance of Mg alloy waste,,International Journal of Hydrogen Energy,,https://scholar.google.com/citations?view_op=view_citation&hl=en&user=SLitJSsAAAAJ&citation_for_view=SLitJSsAAAAJ:IWHjjKOFINEC,41,Pergamon,"Serge Al Bacha, Santiago Alberto Pighin, Guillermina Urretavizcaya, Mirvat Zakhour, Michel Nakhl, Facundo J Castro, J-L Bobet","Ball milling strategy is of prime importance on the hydrolysis performance of Mg alloy waste. The effect of milling device (e.g. Fritsch Pulverisette 6 (P6) and Australian Uni-Ball-II (UB)), milling atmosphere (H2 and Ar), milling time, nature of the additives graphite and AlCl3 and synergetic effect by chronological or simultaneous addition were examined. An equivalence between both mills was established and it was shown that the process with the UB is 10 times longer than that with the P6 to acquire a similar material. Mg alloy milled without additives in the P6 under Ar for 10 h improves the hydrolysis performance. Using a single additive, the best hydrolysis performances are obtained with graphite (yield of 95% of total capacity reached in 5 minutes) due to the formation of a protective graphite layer. By incorporating both additives sequentially, the best material, from the hydrogen production point of view, was Mg …",physical chemistry of materials,0.137
,,"The use of calcium sulfoaluminate cement to mitigate the alkali silica reaction in mortars
J Kleib, G Aouad, G Louis, M Zakhour, M Boulos… - Construction and Building Materials, 2018
Cited by 38 Related articles All 4 versions",2018/9/30,184.0,,,,,295-303,Physical Chemistry of materials,Cited by 38,Mirvat ZAKHOUR,,,The use of calcium sulfoaluminate cement to mitigate the alkali silica reaction in mortars,,Construction and Building Materials,,https://scholar.google.com/citations?view_op=view_citation&hl=en&user=SLitJSsAAAAJ&citation_for_view=SLitJSsAAAAJ:UeHWp8X0CEIC,,Elsevier,"Joelle Kleib, Georges Aouad, Ghislain Louis, Mirvat Zakhour, Madona Boulos, Angelique Rousselet, David Bulteel","The mitigation of the alkali silica reaction in concrete has been the interest of many studies by using low-alkali cement or supplementary cementitious materials. In this paper, calcium sulfoaluminate cement, characterized by its low alkali content and low pH, is used as a mean to reach this goal.
Therefore, the main objective is to verify if the composition of a sulfoaluminate cement paste can mitigate the alkali silica reaction compared to that of a Portland cement. The reactive flint aggregate from north of France was used to initiate the alkali silica reaction phenomena with two types of cements: Portland cement CEMI 52.5 N from Holcim, and calcium sulfoaluminate cement Alpenat from Vicat. Alkalis were added by introducing NaOH or NaCl in the mortar mixing solution; six mortars were made. Two references – with Portland or sulfoaluminate cement – without addition of extra amount of alkali, and the four other …",physical chemistry of materials,0.142
,,"Hardness and Young's modulus behavior of Al composites reinforced by nanometric TiB2 elaborated by mechanosynthesis
T Tayeh, J Douin, S Jouannigot, M Zakhour, M Nakhl… - Materials Science and Engineering: A, 2014
Cited by 37 Related articles All 5 versions",2014/1/3,591.0,https://www.academia.edu/download/92867193/j.msea.2013.10.06520221022-1-1kxndst.pdf,,,,1-8,Physical Chemistry of materials,Cited by 37,Mirvat ZAKHOUR,,,Hardness and Young's modulus behavior of Al composites reinforced by nanometric TiB2 elaborated by mechanosynthesis,,Materials Science and Engineering: A,,https://scholar.google.com/citations?view_op=view_citation&hl=en&user=SLitJSsAAAAJ&citation_for_view=SLitJSsAAAAJ:YOwf2qJgpHMC,,Elsevier,"Toufic Tayeh, Joel Douin, Stéphane Jouannigot, Mirvat Zakhour, Michel Nakhl, Jean-François Silvain, Jean-Louis Bobet","Different milling conditions have been tried to produce nanoparticles of TiB2 to be used as reinforcement in Al matrix composite materials. The milling of TiB2 compounds leads to a decrease of both the crystallite size and the particle size. Moreover, we demonstrate that the use of optimized conditions with a vibratory miller allows – in a short period of time – the direct synthesis of nanoparticles of TiB2 starting from the elemental powders (Ti and B). Then TiB2 reinforced Al composite was fabricated using a simple powder metallurgy process followed by free sintering under controlled atmosphere. The influence of (i) the nanometric TiB2 particles grain size and (ii) their volume fraction on the hardness and Young's modulus, measured from nanoindentation tests, has been analyzed.",physical chemistry of materials,0.142
,,"Hydrogen generation from MgNdNiMg15 composites by hydrolysis reaction
E Alasmar, I Aubert, A Durand, M Nakhl, M Zakhour… - international journal of hydrogen energy, 2019
Cited by 36 Related articles All 6 versions",2019/1/8,44.0,https://hal.science/hal-02007399/file/2019-021.pdf,,,,523-530,Physical Chemistry of materials,Cited by 36,Mirvat ZAKHOUR,,,Hydrogen generation from MgNdNiMg15 composites by hydrolysis reaction,,international journal of hydrogen energy,,https://scholar.google.com/citations?view_op=view_citation&hl=en&user=SLitJSsAAAAJ&citation_for_view=SLitJSsAAAAJ:M3ejUd6NZC8C,2,Pergamon,"Eliane Alasmar, Isabelle Aubert, A Durand, Michel Nakhl, Mirvat Zakhour, Etienne Gaudin, J-L Bobet","The effects of the Mg content on the microstructure and hydrogen generation kinetics of Mgsingle bondNdNiMg15 composites by hydrolysis reaction in seawater (3.5 wt% NaCl) was investigated. The presence of NdNiMg15 in Mg matrix promotes galvanic corrosion. Thus, a galvanic coupling was observed between the NdNiMg15 phase (cathode) and the Mg phase (anode). An acceleration of the corrosion rate of Mg phase was observed due to this galvanic coupling. Electrochemical tests confirm that pure Mg has a corrosion rate in salt water up to 750 times lower than that of the Mg phase in the Mgsingle bondNdNiMg15 90% composite. The best hydrolysis performance (100% of the theoretical hydrogen generation yield in slightly more than 15 min) observed for Mgsingle bondNdNiMg15 90% composite, was explained by a combined effect of galvanic corrosion, intergranular corrosion and pitting corrosion.",Unclassified,0.0
,,"Effect of calcium sulfoaluminate cements composition on their durability
J Kleib, G Aouad, M Benzerzour, M Zakhour, NE Abriak - Construction and Building Materials, 2021
Cited by 35 Related articles All 4 versions",2021/11/8,307.0,,,,,124952,Physical Chemistry of materials,Cited by 35,Mirvat ZAKHOUR,,,Effect of calcium sulfoaluminate cements composition on their durability,,Construction and Building Materials,,https://scholar.google.com/citations?view_op=view_citation&hl=en&user=SLitJSsAAAAJ&citation_for_view=SLitJSsAAAAJ:RHpTSmoSYBkC,,Elsevier,"Joelle Kleib, Georges Aouad, Mahfoud Benzerzour, Mirvat Zakhour, Nor-Edine Abriak","Calcium Sulfoaluminate Cements (CSA) are considered as an alternative to Ordinary Portland Cement (OPC) for some applications. There is still a lack of knowledge on their durability and degradation mechanisms. The goal of this study is to investigate the influence of CSA cement composition on CSA cement paste durability. In addition to a commercial cement, two CSA cements with different amounts of ye’elimite (50 and 75 w.t. %) were synthetized for this study Three cement pastes were prepared and leached for one year in pure water at a temperature of 20 °C. The leachates were analyzed by ICP/AES and the cement pastes were characterized by X-Ray Diffraction (XRD), thermogravimetric analysis (TGA/DTG), Mercury Intrusion Porosimetry (MIP), and Scanning Electron Microscope (SEM). The results show that the leaching mechanism is first dissolutive than diffusive independently of the composition of …",Unclassified,0.0
,,"Corrosion of pure and milled Mg17Al12 in “model” seawater solution
S Al Bacha, I Aubert, O Devos, M Zakhour, M Nakhl… - International Journal of Hydrogen Energy, 2020
Cited by 34 Related articles All 4 versions",2020/6/11,45.0,https://www.sciencedirect.com/science/article/am/pii/S0360319920313422,,,,15805-15813,Physical Chemistry of materials,Cited by 34,Mirvat ZAKHOUR,,,Corrosion of pure and milled Mg17Al12 in “model” seawater solution,,International Journal of Hydrogen Energy,,https://scholar.google.com/citations?view_op=view_citation&hl=en&user=SLitJSsAAAAJ&citation_for_view=SLitJSsAAAAJ:7PzlFSSx8tAC,32,Pergamon,"Serge Al Bacha, Isabelle Aubert, O Devos, Mirvat Zakhour, Michel Nakhl, J-L Bobet","The corrosion behavior of pure Mg17Al12 and the effect of ball milling in presence of additives (i.e. graphite (G) and magnesium chloride (MgCl2)) are evaluated in 3.5 wt% NaCl aqueous solution using electrochemical polarization and impedance measurements. Pure Mg17Al12 and milled Mg17Al12 without additives and with MgCl2 present an open current potential (OCP) of −1.2 V/SCE while Mg17Al12 + G shows a slightly higher OCP (+10% maximum). Mg17Al12 corrodes with low kinetics and an increase of corrosion rate for the milled Mg17Al12 is observed. The corrosion current densities (Jcorr) derived from the Tafel plots, exhibit their corrosion reactivity as follow: Mg17Al12 < Mg17Al12 5h < Mg17Al12 + G 5h < Mg17Al12 + MgCl2 5h. Electrochemical impedance spectroscopy (EIS) results are in good agreement with the measured Jcorr. Randles circuit models are established for all samples to explain their …",Unclassified,0.0
,,"Synthesis, crystal structure and magnetic properties of Ba5Ru2O9 (O2), Ba5Nb2O9 (O2) and Ba5Ru2O10 related to the perovskite-type structure, and structural relationships with corresponding sulfides
F Grasset, M Zakhour, J Darriet - Journal of alloys and compounds, 1999
Cited by 29 Related articles All 6 versions",1999/6/1,287.0,,,,,25-31,Physical Chemistry of materials,Cited by 29,Mirvat ZAKHOUR,,,"Synthesis, crystal structure and magnetic properties of Ba5Ru2O9 (O2), Ba5Nb2O9 (O2) and Ba5Ru2O10 related to the perovskite-type structure, and structural relationships with …",,Journal of alloys and compounds,,https://scholar.google.com/citations?view_op=view_citation&hl=en&user=SLitJSsAAAAJ&citation_for_view=SLitJSsAAAAJ:mVmsd5A6BfQC,1-2,Elsevier,"Fabien Grasset, Mirvat Zakhour, Jacques Darriet","The compound Ba5Nb2O9(O2) has been synthesized by solid state reactions. The crystal structure has been refined from X-ray powder data. Ba5Nb2O9(O2) is isostructural with Ba5Ru2O9(O2) with the cell parameters a=6.045(1)Å, c=18.316(3)Å (P63/mmc). Perpendicular to the c-axis, the structure is built up by the periodic stacking of three close packed [BaO3] layers separated by a layer of composition [Ba2O2] containing (O2)2− peroxide ions. The compound Ba5Ru2O10 has been obtained by thermal decomposition of Ba5Ru2O9(O2). The structure has been refined from X-ray powder data. The structure is similar to Ba5Ru2O9(O2) but now the composition of the layer is [Ba2O]. The magnetic properties of Ba5Ru2O9(O2) and Ba5Ru2O10 have been interpreted in terms of isolated dimers and confirm the structural results. All these phases belong to a new family of compounds formulated as [A2(O2)][AnBn−1O3n …",Unclassified,0.0
,,"Physiochemical properties of a bioceramic-based root canal sealer reinforced with multi-walled carbon nanotubes, titanium carbide and boron nitride biomaterials
I Baghdadi, A Zaazou, BJA Tarboush, M Zakhour… - Journal of the mechanical behavior of biomedical …, 2020
Cited by 25 Related articles All 11 versions",2020/10/1,110.0,https://scholarworks.aub.edu.lb/bitstream/handle/10938/26584/2020-6567.pdf?sequence=1,,,,103892,Physical Chemistry of materials,Cited by 25,Mirvat ZAKHOUR,,,"Physiochemical properties of a bioceramic-based root canal sealer reinforced with multi-walled carbon nanotubes, titanium carbide and boron nitride biomaterials",,Journal of the mechanical behavior of biomedical materials,,https://scholar.google.com/citations?view_op=view_citation&hl=en&user=SLitJSsAAAAJ&citation_for_view=SLitJSsAAAAJ:-f6ydRqryjwC,,Elsevier,"Inaam Baghdadi, Ashraf Zaazou, BelalJ Abu Tarboush, Mirvat Zakhour, Mutlu Özcan, Ziad Salameh","Aim
Bioceramic-containing root canal sealers are the most recently introduced sealers in endodontics. The present work reported experiments on a bioceramic-based root canal sealer with the objective of improving its physiochemical properties via reinforcement with each one of the three different nanomaterials: multi-walled carbon nanotubes (MWCNTS), titanium carbide (TC) or boron nitride (BN) in two weight percentages (1 wt% and 2 wt%).
Methodology
Each nanomaterial was added to a definite weight of BioRoot root canal sealer (BioRoot™ RCS, Septodont, Saint-Maur-des-Fossés, France). Three composite groups of each weight percentage were prepared for evaluation: BioRoot/MWCNTS, BioRoot/TC and BioRoot/BN. The initial and final setting times, solubility, elution and pH values of the freshly-mixed and set samples were evaluated and compared to pristine BioRoot™ RCS. Setting times were …",physical chemistry of materials,0.138
,,"Optimization of N-doped TiO2 multifunctional thin layers by low frequency PECVD process
L Youssef, AJK Leoga, S Roualdes, J Bassil… - Journal of the European Ceramic Society, 2017
Cited by 25 Related articles All 5 versions",2017/12/1,37.0,https://www.academia.edu/download/100164511/j.jeurceramsoc.2017.05.01020230322-1-kuhz8d.pdf,,,,5289-5303,Physical Chemistry of materials,Cited by 25,Mirvat ZAKHOUR,,,Optimization of N-doped TiO2 multifunctional thin layers by low frequency PECVD process,,Journal of the European Ceramic Society,,https://scholar.google.com/citations?view_op=view_citation&hl=en&user=SLitJSsAAAAJ&citation_for_view=SLitJSsAAAAJ:ULOm3_A8WrAC,16,Elsevier,"Loraine Youssef, Arnaud Joël Kinfack Leoga, Stéphanie Roualdes, Joëlle Bassil, Mirvat Zakhour, Vincent Rouessac, André Ayral, Michel Nakhl","A one-step low-frequency Plasma Enhanced Chemical Vapor Deposition (PECVD) process, operating at temperature as low as 350 °C, has been implemented to prepare single-oriented pure and N-doped anatase films. The layers have been synthesized using titanium isopropoxide as a precursor, and NH3 as a doping agent. Optimized PECVD conditions have enabled to obtain homogeneous micro-columnar porous thin films with thicknesses close to 500 nm. Depth profiling XPS analyses have proved the nitrogen incorporation into TiO2 lattice after ammonia introduction in the deposition chamber. As another proof of N-doping, Raman and XRD peaks shifting have been observed. Such thin films have been demonstrated as efficient photocatalytic materials which activity region can be tailored from UV to visible region by adjusting the proportion of doping agent in the plasma phase. Due to their microstructural …",physical chemistry of materials,0.141
,,"Hydrolysis properties, corrosion behavior and microhardness of AZ91 “model” alloys
S Al Bacha, I Aubert, M Zakhour, M Nakhl, JL Bobet - Journal of Alloys and Compounds, 2020
Cited by 22 Related articles All 3 versions",2020/12/10,845.0,https://www.sciencedirect.com/science/article/am/pii/S0925838820326475,,,,156283,Physical Chemistry of materials,Cited by 22,Mirvat ZAKHOUR,,,"Hydrolysis properties, corrosion behavior and microhardness of AZ91 “model” alloys",,Journal of Alloys and Compounds,,https://scholar.google.com/citations?view_op=view_citation&hl=en&user=SLitJSsAAAAJ&citation_for_view=SLitJSsAAAAJ:ZeXyd9-uunAC,,Elsevier,"Serge Al Bacha, Isabelle Aubert, Mirvat Zakhour, Michel Nakhl, J-L Bobet","A model AZ91 alloy containing the same amount of Mg and Mg17Al12 than a commercial AZ91 alloy was reproduced using various strategies. These “model” materials consist of a “homemade AZ91” powder, Mg melted or milled with Mg17Al12. The properties of the various model materials were compared to the commercial alloy (used as reference). The weak bond between Mg and Mg17Al12 is highlighted by SEM observations. Milling Mg with Mg17Al12 enhances the formation of microstructural defects due to the brittleness of the intermetallic. Vickers microhardness of pure Mg17Al12 is 250 Hv while that of AZ91 is 72 Hv. The hardness of Mg17Al12 decreases gradually from the center of the particle to its border in contact with Mg while the hardness of Mg is higher at the interface Mg-Mg17Al12. The galvanic coupling between Mg and Mg17Al12 improves the hydrolysis performance of the materials. The best …",physical chemistry of materials,0.143
,,"Crystal structure of a modulated composite structure with two subsystems: Ba1. 1064CoO3
A El Abed, SE Elqebbaj, M Zakhour, M Champeaux… - Journal of Solid State Chemistry, 2001
Cited by 22 Related articles All 5 versions",2001/11/1,161.0,https://www.academia.edu/download/50304304/jssc.2001.931420161114-16965-88w6vf.pdf,,,,300-306,Physical Chemistry of materials,Cited by 22,Mirvat ZAKHOUR,,,Crystal structure of a modulated composite structure with two subsystems: Ba1. 1064CoO3,,Journal of Solid State Chemistry,,https://scholar.google.com/citations?view_op=view_citation&hl=en&user=SLitJSsAAAAJ&citation_for_view=SLitJSsAAAAJ:d1gkVwhDpl0C,2,Academic Press,"Ahmed El Abed, SE Elqebbaj, M Zakhour, M Champeaux, JM Perez-Mato, J Darriet","The structure of Ba1.1064CoO3 has been solved in the (3+1)-dimensional formalism. The structure is described as a modulated chain composite with two subsystems, [CoO3] and [Ba], respectively. The superspace group is R-3m(00γ)0s with a=9.8842(20) Å, c=2.4785(12) Å, and q=0.5532(4) c* (Z=3). A saw-tooth function was used to model both the occupational and displacive modulations. Each atomic saw-tooth function is defined by its center ○4 along the fourth dimension, its width (Δ), and the maximum amplitude of the displacive modulation (δ). The paper describes how, as a first approximation, the columns (CoO3) can be mainly described by a single free parameter, based on the height difference of the trigonal prisms and octahedra that constitute the transition metal chains. As a result, this superspace formalism requires only a small number of variables to be refined, compared to the conventional …",Unclassified,0.0
,,"In-and out-plane transport properties of chemical vapor deposited TiO 2 anatase films
A Miquelot, L Youssef, C Villeneuve-Faure… - Journal of Materials Science, 2021
Cited by 19 Related articles All 9 versions",2021/6,56.0,https://hal.science/hal-03209120/document,,,,10458-10476,Physical Chemistry of materials,Cited by 19,Mirvat ZAKHOUR,,,In- and out-plane transport properties of chemical vapor deposited TiO2 anatase films,,Journal of Materials Science,,https://scholar.google.com/citations?view_op=view_citation&hl=en&user=SLitJSsAAAAJ&citation_for_view=SLitJSsAAAAJ:TQgYirikUcIC,,Springer US,"Adeline Miquelot, Laurène Youssef, Christina Villeneuve-Faure, N Prud’Homme, N Dragoe, A Nada, V Rouessac, S Roualdes, J Bassil, M Zakhour, M Nakhl, Constantin Vahlas","Abstract
Due to their polymorphism, TiO2 films are quintessential components of state-of-the-art functional materials and devices for various applications from dynamic random access memory to solar water splitting. However, contrary to other semiconductors/dielectric materials, the relationship between structural/morphological and electrical properties at the nano and microscales remains unclear. In this context, the morphological characteristics of TiO2 films obtained by metal–organic chemical vapor deposition (MOCVD) and plasma-enhanced chemical vapor deposition (PECVD), the latter including nitrogen doping, are investigated and they are linked to their in- and out-plane electrical properties. A transition from dense to tree-like columnar morphology is observed for the MOCVD films with increasing deposition temperature. It results in the decrease in grain size and the increase in porosity …",physical chemistry of materials,0.142
,,"Effect of carbon type (graphite, CFs and diamond) on the hydrogen desorption of Mg–C powder mixtures under microwave irradiation
AS Awad, T Tayeh, M Nakhl, M Zakhour, B Ourane… - Journal of alloys and compounds, 2014
Cited by 19 Related articles All 6 versions",2014/9/15,607.0,https://www.osti.gov/etdeweb/biblio/22350200,,,,223-229,Physical Chemistry of materials,Cited by 19,Mirvat ZAKHOUR,,,"Effect of carbon type (graphite, CFs and diamond) on the hydrogen desorption of Mg–C powder mixtures under microwave irradiation",,Journal of alloys and compounds,,https://scholar.google.com/citations?view_op=view_citation&hl=en&user=SLitJSsAAAAJ&citation_for_view=SLitJSsAAAAJ:IjCSPb-OGe4C,,Elsevier,"Abdel Salam Awad, Toufic Tayeh, Michel Nakhl, Mirvat Zakhour, Bassem Ourane, Marianne Le Troëdec, J-L Bobet","Binary MgH2–x wt% C mixtures (x = 0, 2, 5 and 10 wt% for carbon fibers (CFs), 10 wt% for graphite (G) and diamond (D)) were prepared by hand mixing and by ball milling (5 h) for MgH2–10 wt% CFs. The aims of the work were: – to investigate the dehydriding reaction of MgH2 catalyzed by carbon under microwave irradiation; – to assess the effect of presence of different carbon type and content on the desorption reaction; – to evaluate the influence microwave power on the rate of hydrogen release; to study the influence of milling process on the dehydrogenation time. The amount of hydride and Mg phases (e.g. hydrogen content) was estimated from XRD pattern matching (Eva and Fullprof). The morphology of the powders and the particle size distribution were observed by Scanning Electron Microscopy (SEM) and laser granulometry respectively. Carbon distribution in the MgH2 matrix was investigated by …",Unclassified,0.0
,,"Design and manufacturing of Si-based non-oxide cellular ceramic structures through indirect 3D printing
G El Chawich, J El Hayek, V Rouessac, D Cot… - Materials, 2022
Cited by 18 Related articles All 12 versions",2022/1/8,15.0,https://www.mdpi.com/1996-1944/15/2/471,,,,471,Physical Chemistry of materials,Cited by 18,Mirvat ZAKHOUR,,,Design and manufacturing of Si-based non-oxide cellular ceramic structures through indirect 3D printing,,Materials,,https://scholar.google.com/citations?view_op=view_citation&hl=en&user=SLitJSsAAAAJ&cstart=20&pagesize=80&citation_for_view=SLitJSsAAAAJ:r0BpntZqJG4C,2,MDPI,"Ghenwa El Chawich, Joelle El Hayek, Vincent Rouessac, Didier Cot, Bertrand Rebière, Roland Habchi, Hélène Garay, Mikhael Bechelany, Mirvat Zakhour, Philippe Miele, Chrystelle Salameh","Additive manufacturing of Polymer-Derived Ceramics (PDCs) is regarded as a disruptive fabrication process that includes several technologies such as light curing and ink writing. However, 3D printing based on material extrusion is still not fully explored. Here, an indirect 3D printing approach combining Fused Deposition Modeling (FDM) and replica process is demonstrated as a simple and low-cost approach to deliver complex near-net-shaped cellular Si-based non-oxide ceramic architectures while preserving the structure. 3D-Printed honeycomb polylactic acid (PLA) lattices were dip-coated with two preceramic polymers (polyvinylsilazane and allylhydridopolycarbosilane) and then converted by pyrolysis respectively into SiCN and SiC ceramics. All the steps of the process (printing resolution and surface finishing, cross-linking, dip-coating, drying and pyrolysis) were optimized and controlled. Despite some internal and surface defects observed by topography, 3D-printed materials exhibited a retention of the highly porous honeycomb shape after pyrolysis. Weight loss, volume shrinkage, roughness and microstructural evolution with high annealing temperatures are discussed. Our results show that the sacrificial mold-assisted 3D printing is a suitable rapid approach for producing customizable lightweight highly stable Si-based 3D non-oxide ceramics.",physical chemistry of materials,0.139
,,"The Mg-rich phase NdNiMg15: structural and magnetic properties
E Al Asmar, S Tencé, JL Bobet, B Ourane, M Nakhl… - Inorganic Chemistry, 2018
Cited by 16 Related articles All 6 versions",2018/11/8,57.0,https://hal.science/hal-01942628/file/2018-171.pdf,,,,14152-14158,Physical Chemistry of materials,Cited by 16,Mirvat ZAKHOUR,,,The Mg-Rich Phase NdNiMg15: Structural and Magnetic Properties,,Inorganic Chemistry,,https://scholar.google.com/citations?view_op=view_citation&hl=en&user=SLitJSsAAAAJ&cstart=20&pagesize=80&citation_for_view=SLitJSsAAAAJ:8k81kl-MbHgC,22,American Chemical Society,"Eliane Al Asmar, Sophie Tencé, Jean-Louis Bobet, Bassem Ourane, Michel Nakhl, Mirvat Zakhour, Etienne Gaudin","The intermetallic NdNiMg15 is the Mg-richest phase (more than 88 atom % of Mg) discovered in the Mg–Nd–Ni system. Its structure was determined by X-ray diffraction on single crystal with the following crystal data: tetragonal system, P4/nmm, Z = 2, a = 10.0602(1) Å, c = 7.7612(2) Å, dcalc = 2.40 g·cm–3. Its structure is made of a three-dimensional framework of magnesium atoms showing channels filled by one-dimensional chain consisting of alternating Nd and Ni atoms along the c-axis. Anti-ferromagnetic ordering was observed with TN = 9 K, which is remarkably high considering the long distances between magnetic atoms, that is, Nd atoms. The effective magnetic moment μeff is equal to 3.58 μB, which is consistent with magnetic Nd3+ ions and weakly or nonmagnetic Ni atoms. Below TN, the M(H) curves show field-induced metamagnetic transitions at critical fields increasing with decreasing temperatures. The …",Unclassified,0.0
,,"Fabrication of biomimetic titanium laminated material using flakes powder metallurgy
D Mereib, UCC Seu, M Zakhour, M Nakhl… - Journal of materials science, 2018
Cited by 16 Related articles All 12 versions",2018/5,53.0,https://hal.science/hal-01737289/document,,,,7857-7868,Physical Chemistry of materials,Cited by 16,Mirvat ZAKHOUR,,,Fabrication of biomimetic titanium laminated material using flakes powder metallurgy,,Journal of materials science,,https://scholar.google.com/citations?view_op=view_citation&hl=en&user=SLitJSsAAAAJ&cstart=20&pagesize=80&citation_for_view=SLitJSsAAAAJ:qjMakFHDy7sC,10,Springer US,"Diaa Mereib, U-Chan Chung Seu, Mirvat Zakhour, Michel Nakhl, Nicolas Tessier-Doyen, Jean-louis Bobet, Jean-François Silvain","Inspired from the microstructure of natural biological materials, a laminated titanium material was successfully elaborated using a novel approach of “flakes powder metallurgy.” Ti flakes powders, used as building blocks of the layers microstructure, were prepared by ball milling. They were then assembled into fully dense laminated materials using the spark plasma sintering technique. The results show (1) an anisotropy microstructure of the sintered material prepared from the flakes powder, (2) 15% of contribution of the lamellar architecture to the strength (hardness) of the material, and (3) faster densification of the flakes powder compared to unmilled powder.",physical chemistry of materials,0.145
,,"Effect of microwave irradiation on hydrogen sorption properties of hand mixed MgH2–10 wt.% carbon fibers
AS Awad, M Nakhl, M Zakhour, SF Santos, FL Souza… - Journal of Alloys and Compounds, 2016
Cited by 16 Related articles All 3 versions",2016/8/15,676.0,,,,,1-8,Physical Chemistry of materials,Cited by 16,Mirvat ZAKHOUR,,,Effect of microwave irradiation on hydrogen sorption properties of hand mixed MgH2–10 wt.% carbon fibers,,Journal of Alloys and Compounds,,https://scholar.google.com/citations?view_op=view_citation&hl=en&user=SLitJSsAAAAJ&cstart=20&pagesize=80&citation_for_view=SLitJSsAAAAJ:zYLM7Y9cAGgC,,Elsevier,"Abdel Salam Awad, Michel Nakhl, Mirvat Zakhour, SF Santos, FL Souza, J-L Bobet","The effect of microwave (MW) irradiation on the hydrogen sorption properties of magnesium powder is explored in the present work. MgH2 – 10 wt.% CFs (CFs = Carbons Fibers) was prepared by hand mixing, dehydrogenated under microwave irradiation for 20 s and then hydrogenated/dehydrogenated at about 300 °C – 1 MPa and 330 °C–0.03 MPa to investigate the effect of microwave irradiation on the solid/gas sorption properties. It has to be noted that the hydrogen absorption capacity and sorption kinetics of the MgH2 – 10 wt.% CFs mixture increased after dehydriding under MW irradiation. The MgH2 – 10 wt.% CFs mixture dehydrogenated by microwave irradiation can absorb about 5.8 wt.% and 5.3 wt.% H at 330 and 300 °C, respectively, within 2 h while the as-prepared MgH2 – 10 wt.% CFs mixture absorb only 4.6 wt.% H within the same duration. It is also demonstrated that MgH2 – 10 wt.% CFs mixture …",Unclassified,0.0
,,"Valorization of AZ91 by the hydrolysis reaction for hydrogen production (Electrochemical approach)
S Al Bacha, I Aubert, M Zakhour, M Nakhl, JL Bobet - Journal of Magnesium and Alloys, 2021
Cited by 15 Related articles All 4 versions",2021/11/15,9.0,https://www.sciencedirect.com/science/article/pii/S2213956721000177,,,,1942-1953,Physical Chemistry of materials,Cited by 15,Mirvat ZAKHOUR,,,Valorization of AZ91 by the hydrolysis reaction for hydrogen production (Electrochemical approach),,Journal of Magnesium and Alloys,,https://scholar.google.com/citations?view_op=view_citation&hl=en&user=SLitJSsAAAAJ&cstart=20&pagesize=80&citation_for_view=SLitJSsAAAAJ:HDshCWvjkbEC,6,Elsevier,"Serge Al Bacha, Isabelle Aubert, Mirvat Zakhour, Michel Nakhl, Jean-Louis Bobet","The hydrolysis of Mg-based materials appears to be an ideal solution for clean energy production. Green hydrogen was produced by the hydrolysis reaction of a “standard” AZ91 alloy (called AZ91 in the following) in “model” seawater solution. Two milling speeds (i.e. 250 rpm and 350 rpm) were tested to enhance the reactivity of AZ91. Graphite and AlCl3 were used as ball milling additives. Milling at higher rotational speed is more energetic, hence it ameliorates the most the hydrolysis performance of AZ91. Comparing both milling additives, AlCl3 enhances the most the hydrolysis of AZ91 with a generation of 65% of its theoretical H2 generation capacity. The best material was obtained by milling AZ91 at 350 rpm with graphite for 2 h followed by a further milling with AlCl3 for 2 h – a yield of 75% of its theoretical H2 generation capacity was reached within a few minutes. The corrosion behavior of milled AZ91 …",physical chemistry of materials,0.142
,,"Ab initioMolecular and Solid State Studies of the FeII Spin Cross-over System [Fe (btz) 2 (NCS) 2](btz= 2.2’-bis-4.5-dihydrothiazine)
L Kabalan, SF Matar, M Zakhour, JF Létarda - Zeitschrift für Naturforschung B, 2008
Cited by 15 Related articles All 11 versions",2008/2/1,63.0,https://www.degruyter.com/document/doi/10.1515/znb-2008-0207/pdf,,,,154-160,Physical Chemistry of materials,Cited by 15,Mirvat ZAKHOUR,,,Ab initioMolecular and Solid State Studies of the FeII Spin Cross-over System [Fe(btz)2(NCS)2] (btz = 2.2’-bis-4.5-dihydrothiazine),,Zeitschrift für Naturforschung B,,https://scholar.google.com/citations?view_op=view_citation&hl=en&user=SLitJSsAAAAJ&cstart=20&pagesize=80&citation_for_view=SLitJSsAAAAJ:YsMSGLbcyi4C,2,Verlag der Zeitschrift für Naturforschung,"Lara Kabalan, Samir F Matar, Mirvat Zakhour, Jean François Létarda","Ab initio computations within the density functional theory are reported for the spin cross-over complex [Fe(btz)2(NCS)2] (btz = 2.2'-bis-4.5-dihydrothiazine), where 3d6 FeII is characterized by high-spin (HS t2g4, eg2) and low-spin (LS t2g6, eg0) states. Results of infrared and Raman spectra for the isolated molecule are complemented for the crystalline solid with a full account of the electronic band structure properties: the density of states assessing the crystal field effects and the chemical bonding, assigning a specific role to the Fe-N interactions within the coordination sphere of FeII",Unclassified,0.0
,,"Local enhancement of hydrogen production by the hydrolysis of Mg17Al12 with Mg “model” material
S Al Bacha, ED Farias, P Garrigue, M Zakhour, M Nakhl… - Journal of Alloys and Compounds, 2022
Cited by 14 Related articles All 11 versions",2022/2/25,895.0,https://www.sciencedirect.com/science/article/am/pii/S0925838821039700,,,,162560,Physical Chemistry of materials,Cited by 14,Mirvat ZAKHOUR,,,Local enhancement of hydrogen production by the hydrolysis of Mg17Al12 with Mg “model” material,,Journal of Alloys and Compounds,,https://scholar.google.com/citations?view_op=view_citation&hl=en&user=SLitJSsAAAAJ&cstart=20&pagesize=80&citation_for_view=SLitJSsAAAAJ:4JMBOYKVnBMC,,Elsevier,"Serge Al Bacha, Eliana Desireé Farias, Philippe Garrigue, Mirvat Zakhour, Michel Nakhl, J-L Bobet, Dodzi Zigah",The effect of galvanic coupling on the corrosion behavior of Mg and Mg17Al12 in Mg-Al alloys was studied by Scanning ElectroChemical Microscopy (SECM). The effect of galvanic coupling between Mg and Mg17Al12 was investigated using a “model” Mg+Mg17Al12 material with a controlled microstructure to evaluate the hydrogen evolution at a micrometric scale. SECM maps revealed that galvanic coupling between Mg and Mg17Al12 accelerates the corrosion rate (formation of a thicker passive layer) of both components. Mg17Al12 acts controversially to a conventional cathode in galvanic system since hydrogen production by its hydrolysis reaction was found to increase due to the electron transfer with the anode (Mg).,physical chemistry of materials,0.139
,,"Incorporation of zinc in calcium sulfoaluminate cement clinker
J Kleib, G Aouad, N Khalil, M Zakhour - Advances in Cement Research, 2021
Cited by 12 Related articles All 4 versions",2021/7,33.0,,,,,311-317,Physical Chemistry of materials,Cited by 12,Mirvat ZAKHOUR,,,Incorporation of zinc in calcium sulfoaluminate cement clinker,,Advances in Cement Research,,https://scholar.google.com/citations?view_op=view_citation&hl=en&user=SLitJSsAAAAJ&cstart=20&pagesize=80&citation_for_view=SLitJSsAAAAJ:hFOr9nPyWt4C,7,Thomas Telford Ltd,"Joelle Kleib, Georges Aouad, Noura Khalil, Mirvat Zakhour","Several types of industrial wastes can be used as raw materials to obtain calcium sulfoaluminate (CSA) cement clinker. The first aim of this work was to define the maximum content of zinc that could be incorporated in CSA clinker in order to obtain the threshold limit. The second aim was to study the effect of CSA clinker composition on the threshold limits for zinc. Threshold limits for three CSA clinkers containing 25–75 wt% of ye'elimite were investigated. It was found that, beyond the defined threshold limits, the stability of ye'elimite and belite was not affected and the formation of a zinc oxide phase was detected. The threshold limit for zinc was identified to be 0.3 wt% for all the tested clinkers. Assessment of the reactivity of cements at the threshold limits was followed by calorimetric and compressive strength measurements. The results showed that the doped cements were at least as reactive as the reference cement.",physical chemistry of materials,0.142
,,"Investigation of the structure and compressive strength of a bioceramic root canal sealer reinforced with nanomaterials
I Baghdadi, BJ AbuTarboush, A Zaazou, H Skienhe… - Journal of Applied Biomaterials & Functional Materials, 2021
Cited by 11 Related articles All 8 versions",2021/7,19.0,https://journals.sagepub.com/doi/full/10.1177/22808000211014747,,,,22808000211014747,Physical Chemistry of materials,Cited by 11,Mirvat ZAKHOUR,,,Investigation of the structure and compressive strength of a bioceramic root canal sealer reinforced with nanomaterials,,Journal of Applied Biomaterials & Functional Materials,,https://scholar.google.com/citations?view_op=view_citation&hl=en&user=SLitJSsAAAAJ&cstart=20&pagesize=80&citation_for_view=SLitJSsAAAAJ:_Qo2XoVZTnwC,,SAGE Publications,"Inaam Baghdadi, Belal J AbuTarboush, Ashraf Zaazou, Hasan Skienhe, Mutlu Özcan, Mirvat Zakhour, Ziad Salameh","Objectives
A root canal sealer that can increase the resistance of endodontically treated teeth to compressive strength would be of great advantage. The purpose of this study is to use three different nanoparticles: multi-walled carbon nanotubes (MWCNTs), Titanium carbides (TC), and Boron nitrides (BN) into a bioceramic adhesive root canal sealer; BioRoot™ RCS, in an attempt to improve its structural and compressive strength properties.
Methods
Three composites of two weight fractions (1- and 2-wt.%) were produced by mixing each nanomaterial separately with a pre-weighed mass of Bioroot powder. The microstructural properties and compressive strength of the different hardened composites obtained were investigated. The composites have been characterized by X-ray Diffraction, Fourier transform infrared spectroscopy, and scanning electron microscopy. Compression testing was performed.
Results
The 1-wt …",physical chemistry of materials,0.137
,,"Effect of sintering temperature on the physiochemical properties, microstructure, and compressive strength of a bioceramic root canal sealer reinforced with multi-walled carbon nanotubes and titanium carbide
I Baghdadi, BJ AbuTarboush, A Zaazou, H Skienhe… - Journal of the mechanical behavior of biomedical …, 2021
Cited by 11 Related articles All 8 versions",2021/7/1,119.0,https://scholarworks.aub.edu.lb/bitstream/handle/10938/26603/2021-2599.pdf?sequence=1,,,,104524,Physical Chemistry of materials,Cited by 11,Mirvat ZAKHOUR,,,"Effect of sintering temperature on the physiochemical properties, microstructure, and compressive strength of a bioceramic root canal sealer reinforced with multi-walled carbon …",,Journal of the mechanical behavior of biomedical materials,,https://scholar.google.com/citations?view_op=view_citation&hl=en&user=SLitJSsAAAAJ&cstart=20&pagesize=80&citation_for_view=SLitJSsAAAAJ:R3hNpaxXUhUC,,Elsevier,"Inaam Baghdadi, BelalJ AbuTarboush, Ashraf Zaazou, Hasan Skienhe, Mutlu Özcan, Mirvat Zakhour, Ziad Salameh","Aim
Bioceramic root canal sealers like BioRoot RCS have received significant attention for use in endodontics. The addition of a nanophase material like multi-walled carbon nanotubes (MWCNTs) and titanium carbide (TC) to its matrix combined with pressureless sintering might have the potential for improved physiochemical, microstructure, and compressive strength properties.
Method
ology: MWCNTs and TC nanomaterials were added at a percentage of 1 wt% to a definite weight of pristine BioRoot RCS. Two composites were prepared by ball milling followed by pressureless sintering in static nitrogen at temperatures 600 °C and 800 °C. The setting time, solubility, pH, compressive strength, and density were determined and compared to pristine BioRoot RCS. The microstructural properties of the composites were investigated by XRD, FTIR, Raman spectroscopy, and SEM.
Results
The final setting time before and …",physical chemistry of materials,0.138
,,"Mechanism of hydrogen formation during the corrosion of Mg17Al12
S Al Bacha, A Desmedt, M Zakhour, M Nakhl, JL Bobet - Electrochemistry Communications, 2020
Cited by 11 Related articles All 4 versions",2020/10/1,119.0,https://www.sciencedirect.com/science/article/pii/S1388248120301648,,,,106813,Physical Chemistry of materials,Cited by 11,Mirvat ZAKHOUR,,,Mechanism of hydrogen formation during the corrosion of Mg17Al12,,Electrochemistry Communications,,https://scholar.google.com/citations?view_op=view_citation&hl=en&user=SLitJSsAAAAJ&cstart=20&pagesize=80&citation_for_view=SLitJSsAAAAJ:qUcmZB5y_30C,,Elsevier,"Serge Al Bacha, Arnaud Desmedt, Mirvat Zakhour, Michel Nakhl, J-L Bobet","Previous investigations (DFT calculations) showed that hydrogen atoms adsorption and H2 desorption can occur on MgO and Al2O3 and that H atoms can diffuse on Mg and Al surfaces. However, these three simultaneous actions, i.e. H adsorption, H diffusion and H2 desorption, have not been experimentally proved. In this paper, we propose a mechanism of formation of H2 during the corrosion of an intermetallic compound Mg17Al12 in 3.5 wt.% NaCl aqueous solution based on in situ Raman spectroscopy analysis. We found that, through the passivation zone (e.g. E varying from the open circuit potential (OCP) to +100 mV/OCP), the oxide layer is destroyed in favor of the appearance of Mg and H atoms. Moreover, the formed H atoms are adsorbed on the oxide surface and then diffuse on either the oxide surface or the unreacted metal surface where they recombine forming H2. In situ Raman measurements during …",Unclassified,0.0
,,"Rapid and direct reactive synthesis of Ti–Al intermetallics by microwave heating of TiH2 and Al powder without microwave susceptor
AS Awad, D Merheb, M Zakhour, M Nakhl, JL Bobet - Journal of Alloys and Compounds, 2017
Cited by 11 Related articles All 3 versions",2017/10/5,720.0,,,,,182-186,Physical Chemistry of materials,Cited by 11,Mirvat ZAKHOUR,,,Rapid and direct reactive synthesis of Ti–Al intermetallics by microwave heating of TiH2 and Al powder without microwave susceptor,,Journal of Alloys and Compounds,,https://scholar.google.com/citations?view_op=view_citation&hl=en&user=SLitJSsAAAAJ&cstart=20&pagesize=80&citation_for_view=SLitJSsAAAAJ:dhFuZR0502QC,,Elsevier,"Abdel Salam Awad, Diaa Merheb, Mirvat Zakhour, Michel Nakhl, J-L Bobet","TiAl and TiAl3 titanium aluminide intermetallic compounds are synthesized directly within a few ten seconds by microwave technique. An initial mixture of TiH2 and Al powders has been used. Such mixture avoids the use of a microwaves susceptor. The hydrogen desorbed during the experiment keep the mixture in a reductive atmosphere thus avoiding possible oxidation. The role of TiH2 is then: (i) to act as a microwave absorber, (ii) to provide a reductive atmosphere and (iii) to provide energy through the hydrogen release reaction. The formation of the various intermetallics has been highlighted by X-ray diffraction and EPMA analysis.",Unclassified,0.0
,,"Effect of plasma power on the semiconducting behavior of low-frequency PECVD TiO 2 and nitrogen-doped TiO 2 anodic thin coatings: photo-electrochemical studies in a single compartment cell for hydrogen generation by solar water splitting
L Youssef, S Roualdes, J Bassil, M Zakhour… - Journal of Applied Electrochemistry, 2019
Cited by 10 Related articles All 11 versions",2019/2/15,49.0,https://hal.umontpellier.fr/hal-02022812/document,,,,135-150,Physical Chemistry of materials,Cited by 10,Mirvat ZAKHOUR,,,Effect of plasma power on the semiconducting behavior of low-frequency PECVD TiO2 and nitrogen-doped TiO2 anodic thin coatings: photo-electrochemical …,,Journal of Applied Electrochemistry,,https://scholar.google.com/citations?view_op=view_citation&hl=en&user=SLitJSsAAAAJ&cstart=20&pagesize=80&citation_for_view=SLitJSsAAAAJ:Y0pCki6q_DkC,,Springer Netherlands,"Loraine Youssef, Stephanie Roualdes, Joelle Bassil, Mirvat Zakhour, Vincent Rouessac, Claude Lamy, Michel Nakhl","Abstract
Previously optimized anatase and nitrogen-doped anatase TiO2 coatings have been grown by low-frequency plasma-enhanced chemical vapor deposition (PECVD) on different kinds of substrates at low plasma power (64 W) and high plasma power (100 W) for photo-electrochemical studies. Nitrogen-doped TiO2 layers exhibit better photoactivity and also higher electronic conductivity under UV and visible irradiations than non-doped materials. The main reason is that nitrogen introduction induces TiO2 band gap tailoring towards higher wavelengths. In addition, films prepared at low plasma power present a ‘typical photo-material’ behavior (whose activity depends directly on the presence of light) while layers synthesized at higher plasma power contain an initial conductive phase giving them an activity that exists in the dark yet and can be slightly enhanced by illumination. Such …",physical chemistry of materials,0.141
,,"“Covalent Magnetism” and Invar-like Behavior within Ternary Nitrides: An ab initio Study
SF Matar, A Houari, MA Belkhir, M Zakhour - Zeitschrift für Naturforschung B, 2007
Cited by 10 Related articles All 11 versions",2007/7/1,62.0,https://www.degruyter.com/document/doi/10.1515/znb-2007-0702/pdf,,,,881-890,Physical Chemistry of materials,Cited by 10,Mirvat ZAKHOUR,,,“Covalent Magnetism” and Invar-like Behavior within Ternary Nitrides: An ab initio Study,,Zeitschrift für Naturforschung B,,https://scholar.google.com/citations?view_op=view_citation&hl=en&user=SLitJSsAAAAJ&cstart=20&pagesize=80&citation_for_view=SLitJSsAAAAJ:LkGwnXOMwfcC,7,Verlag der Zeitschrift für Naturforschung,"Samir F Matar, Abdesalem Houari, Mohamed A Belkhir, Mirvat Zakhour","Magnetic properties and bonding analyses of perovskite structure-derived TFe3N (T = Ru, Os) nitrides have been investigated within density functional theory using both pseudo potential and all electron methods. At equilibrium, spin degenerate non-magnetic (NM) and ferromagnetic (FM) calculations of energy versus volume show that the ground state of the two compounds is ferromagnetic. Magnetic moments of Ru/Os and Fe, respectively, being situated at two different crystallographic sites are studied over a wide range of the cubic lattice parameter. The volume expansion indicates that iron atoms show itinerant magnetism while Ru and Os exhibit a localized behavior. Important magnetovolume effects are observed, with saturation of the magnetic moment reached in RuFe3N but not in OsFe3N. The electronic structure is visualized for the different binding characters Fe-N versus Ru/Os-N with the help of electron …",Unclassified,0.0
,,"Elaboration and characterization of barium titanate powders obtained by the mechanical activation of barium nitrate and titanate oxide, and electrical properties of the ceramics sintered by SPS
T Al-Naboulsi, M Boulos, C Tenailleau, P Dufour… - Journal of Ceramic Processing Research, 2016
Cited by 9 Related articles All 7 versions",2016,17.0,https://hal.science/hal-01477140v1/file/Al_Naboulsi_16679.pdf,,,,870-875,Physical Chemistry of materials,Cited by 9,Mirvat ZAKHOUR,,,"Elaboration and characterization of barium titanate powders obtained by the mechanical activation of barium nitrate and titanate oxide, and electrical properties of the …",,Journal of Ceramic Processing Research,,https://scholar.google.com/citations?view_op=view_citation&hl=en&user=SLitJSsAAAAJ&cstart=20&pagesize=80&citation_for_view=SLitJSsAAAAJ:eQOLeE2rZwMC,8,,"Tawfik Al-Naboulsi, Madona Boulos, Christophe Tenailleau, Pascal Dufour, Mirvat Zakhour, Sophie Guillemet-Fritsch","The current work aims to reduce the energy required to obtain a high quality barium titanate nanocrystals via solid-state reaction. In order to achieve this challenge, Ba(NO3)2 and TiO2 were mechanically activated by high-energy ball milling, and then heat treated at moderate temperature (600 oC). When stoichiometric mixture was used, the formation of BT and minor BaCO3 and TiO2 impurities was observed. The use of Ba(NO3)2 excess leads to the formation of BT and a minor BaCO3 impurity. A simple acid wash treatment was used to remove the carbonate impurity and to provide a high purity BT. The powders were characterized by XRD, BET, Raman spectroscopy, and SEM-FEG. Spark Plasma Sintering (SPS) technique was used to get the dense nanoceramics. These materials show, at room temperature and at 1 kHz, colossal permittivity (ε = 105) associated with low dielectric loss (tg δ = 0.07).",physical chemistry of materials,0.14
,,"3D printed bioactive calcium silicate ceramics as antibacterial scaffolds for hard tissue engineering
J El Hayek, H Belaid, LC de Saint Cyr, G El Chawich… - Materials Advances, 2024
Cited by 7 Related articles All 3 versions",2024,5.0,https://pubs.rsc.org/en/content/articlehtml/2024/ma/d3ma01088k,,,,3228-3246,Physical Chemistry of materials,Cited by 7,Mirvat ZAKHOUR,,,3D printed bioactive calcium silicate ceramics as antibacterial scaffolds for hard tissue engineering,,Materials Advances,,https://scholar.google.com/citations?view_op=view_citation&hl=en&user=SLitJSsAAAAJ&cstart=20&pagesize=80&citation_for_view=SLitJSsAAAAJ:M3NEmzRMIkIC,8,Royal Society of Chemistry,"Joelle El Hayek, Habib Belaid, Louis Cornette de Saint Cyr, Ghenwa El Chawich, Emerson Coy, Igor Iatsunskyi, Christel Gervais, Jeevithan Elango, Camilo Zamora-Ledezma, Mikhael Bechelany, Michel Nakhl, Damien Voiry, Philippe Miele, Mirvat Zakhour, Laurence Soussan, Chrystelle Salameh","VAT photopolymerization technology was applied to fabricate three-dimensional (3D) porous β-Ca2SiO4 ceramic scaffolds functionalized with graphene oxide (GO) sheets decorated with silver nanoparticles (AgNPs). We achieved this by utilizing commercial resin blends and “customized” resin both loaded with CaCO3 particles. The dual functionality of the “customized” resin, which serves as both a preceramic polymer and photocurable resin, is exploited. To assess the properties of these ceramics, we carried out an in-depth comparative analysis using a combination of spectroscopic, microscopic and analytical techniques. After annealing at 1200 °C, the as-prepared ceramics achieved a relative density of 65% leading to high compressive strength (≈40 MPa). Importantly, β-Ca2SiO4 ceramic scaffolds demonstrated good in vitro bioactivity by promoting hydroxyapatite formation. When subjected to E. coli, scaffolds …",Unclassified,0.0
,,"Molecular and all-solid DFT studies of the magnetic and chemical bonding properties within KM [Cr (CN) 6](M= V, Ni) complexes
L Kabalan, SF Matar, C Desplanches, JF Létard… - Chemical Physics, 2008
Cited by 7 Related articles All 10 versions",2008/9/3,352.0,https://arxiv.org/pdf/0802.3619,,,,85-91,Physical Chemistry of materials,Cited by 7,Mirvat ZAKHOUR,,,"Molecular and all-solid DFT studies of the magnetic and chemical bonding properties within KM [Cr (CN) 6](M= V, Ni) complexes",,Chemical Physics,,https://scholar.google.com/citations?view_op=view_citation&hl=en&user=SLitJSsAAAAJ&cstart=20&pagesize=80&citation_for_view=SLitJSsAAAAJ:Zph67rFs4hoC,1-3,North-Holland,"Lara Kabalan, Samir F Matar, Cédric Desplanches, Jean-François Létard, M Zakhour","A study at both the molecular and extended solid levels in the framework of DFT is carried out for KM[Cr(CN)6] (M=V, Ni). From molecular calculations, the exchange parameters J are obtained, pointing to the expected magnetic ground states, i.e., antiferromagnetic for M=V with J=−296.5cm−1 and ferromagnetic for M=Ni with J=+40.5cm−1. From solid state computations the same ground states and J magnitudes are confirmed from energy differences. Furthermore, an analysis of the site projected density of states and of the chemical bonding is developed in which the cyanide ion linkage is analyzed addressing some isomerism aspects.",Unclassified,0.0
,,"Synthesis and characterisation of the new cubic phase CsVTeO5 and re-investigation of the pyrochlore CsVTeO6
YS Hong, M Zakhour, MA Subramanian, J Darriet - Journal of Materials Chemistry, 1998
Cited by 7 Related articles All 6 versions",1998/1/1,8.0,,,,,1889-1892,Physical Chemistry of materials,Cited by 7,Mirvat ZAKHOUR,,,Synthesis and characterisation of the new cubic phase CsVTeO5 and re-investigation of the pyrochlore CsVTeO6,,Journal of Materials Chemistry,,https://scholar.google.com/citations?view_op=view_citation&hl=en&user=SLitJSsAAAAJ&cstart=20&pagesize=80&citation_for_view=SLitJSsAAAAJ:Tyk-4Ss8FVUC,8,The Royal Society of Chemistry,"Young-Sik Hong, M Zakhour, MA Subramanian, J Darriet","The compound CsVTeO5 has been synthesized by solid state reactions and studied by X-ray powder diffraction. CsVTeO5 is polymorphic with a cubic high temperature variety, space group Fd3m and a=10.482(2). The observed X-ray powder pattern of this cubic phase is similar to the AB2O6 pyrochlore-type structure and also to those reported for ATiXO5 phases (A=Rb, Cs, Tl and X=P, As). These phases correspond to the high temperature cubic polymorph of KTiOPO4 (KTP). The framework of these cubic phases consists of randomly disordered TiO6 octahedra and XO4 (X=P, As) tetrahedra with the A+ cation occupying large cavities within this framework. The cubic phase 6' [a=10.483(1)], previously reported as a pyrochlore-type structure, corresponds in fact to CsVTeO5. The cubic CsVTeO6 phase, with a pyrochlore related structure, has also been synthesized and the structure was refined by Rietveld profiling of …",Unclassified,0.0
,,"Preparation of colloidal solution of silica encapsulating cyanobiphenyl unit-capped ZnO QD emitting in the blue region
C Neaime, M Amela-Cortes, F Grasset, M Zakhour… - Dalton Transactions, 2016
Cited by 6 Related articles All 7 versions",2016,45.0,https://pubs.rsc.org/en/content/getauthorversionpdf/c5dt03851k,,,,886-890,Physical Chemistry of materials,Cited by 6,Mirvat ZAKHOUR,,,Preparation of colloidal solution of silica encapsulating cyanobiphenyl unit-capped ZnO QD emitting in the blue region,,Dalton Transactions,,https://scholar.google.com/citations?view_op=view_citation&hl=en&user=SLitJSsAAAAJ&cstart=20&pagesize=80&citation_for_view=SLitJSsAAAAJ:WF5omc3nYNoC,3,Royal Society of Chemistry,"C Neaime, M Amela-Cortes, F Grasset, M Zakhour, Y Molard",The encapsulation of ZnO nanoparticles (5 nm) coated by cyanobiphenyl units by the sol–gel technique leads to spherical ZnO@SiO2 nanoparticles displaying blue emission under UV excitation.,Unclassified,0.0
,,"Colossal and frequency stable permittivity of barium titanate nanoceramics derived from mechanical activation and SPS sintering
T Al-Naboulsi, M Boulos, C Tenailleau, P Dufour… - International Journal of Engineering Research & …, 2015
Cited by 6 Related articles All 5 versions",2015,1.0,https://hal.science/hal-02089346v1/file/Al-Naboulsi_23561.pdf,,,,25-33,Physical Chemistry of materials,Cited by 6,Mirvat ZAKHOUR,,,Colossal and frequency stable permittivity of barium titanate nanoceramics derived from mechanical activation and SPS sintering,,International Journal of Engineering Research & Science,,https://scholar.google.com/citations?view_op=view_citation&hl=en&user=SLitJSsAAAAJ&cstart=20&pagesize=80&citation_for_view=SLitJSsAAAAJ:9ZlFYXVOiuMC,7,,"Tawfik Al-Naboulsi, Madona Boulos, Christophe Tenailleau, Pascal Dufour, Mirvat Zakhour, Sophie Guillemet-Fritsch","Highly dense barium titanate nanoceramics have been successfully prepared via a mechanical activation synthesis method and Spark Plasma sintering. Attractive electrical properties have been evidenced in these materials: a colossal permittivity, (3.5. 105) and low loss (0.07) at room temperature and 1 kHz, that are stable over a wide frequency range (from 40 Hz to 40 kHz). Surprisingly, the ferroelectric transition is still observed, for the first time to our knowledge, in these colossal permittivity materials.",physical chemistry of materials,0.145
,,"Effect of the Ball Milling Conditions, under Air, on the Preliminary Hydriding Properties of the Mixtures Mg-x Wt% Graphite. Role of Solvent
M Nakhl, M Zakhour, C Amine, H El-Rassy, SF Matar - Advanced Materials Research, 2011
Cited by 6 Related articles All 5 versions",2011/10/1,324.0,https://www.researchgate.net/profile/Houssam-Rassy/publication/230886528_Effect_of_the_Ball_Milling_Conditions_under_Air_on_the_Preliminary_Hydriding_Properties_of_the_Mixtures_Mg-x_Wt_Graphite_Role_of_Solvent/links/09e41505c4eb210b58000000/Effect-of-the-Ball-Milling-Conditions-under-Air-on-the-Preliminary-Hydriding-Properties-of-the-Mixtures-Mg-x-Wt-Graphite-Role-of-Solvent.pdf,,,,119-124,Physical Chemistry of materials,Cited by 6,Mirvat ZAKHOUR,,,"Effect of the Ball Milling Conditions, under Air, on the Preliminary Hydriding Properties of the Mixtures Mg-x Wt% Graphite. Role of Solvent",,Advanced Materials Research,,https://scholar.google.com/citations?view_op=view_citation&hl=en&user=SLitJSsAAAAJ&cstart=20&pagesize=80&citation_for_view=SLitJSsAAAAJ:UebtZRa9Y70C,,Trans Tech Publications Ltd,"Michel Nakhl, Mirvat Zakhour, Charbel Amine, Houssam El-Rassy, Samir F Matar","The effect of wet milling on the hydriding properties of magnesium based mixture has been investigated. To prepare these mixtures, magnesium was ball milled with different weight percent of graphite (5, 10 and 25), at 300 rpm under air, for various duration using a ball miller apparatus Retsch S100 (R=12). Different solvents have been used such as benzene, heptane, styrene, DMSO. The hydriding properties were studied using a manual Sievert-type apparatus, at different temperatures (25°C, 100°C, 150°C and 200°C). The mixture Mg + 5wt% graphite milled during 6 hours in presence of 5mL heptane has shown the best hydriding properties at 150°C. The improvement of these properties has been related to the dielectric constant of the solvent and to the small size of the particles. The different mixtures have been analysed by means of scanning electron microscopy and laser granulometry.",Unclassified,0.0
,,"Etude ab initio de l'effet d'insertion de l'hydrogène sur les propriétés magnétiques et chimiques dans les phases de laves: cas de ZrFe2
SF Matar, M Nakhl, M Zakhour, N Ouaini - Lebanese Science Journal, 2005
Cited by 6 Related articles",2005,6.0,,,,,107-117,Physical Chemistry of materials,Cited by 6,Mirvat ZAKHOUR,,,Etude ab initio de l'effet d'insertion de l'hydrogène sur les propriétés magnétiques et chimiques dans les phases de laves: cas de ZrFe2,,Lebanese Science Journal,,https://scholar.google.com/citations?view_op=view_citation&hl=en&user=SLitJSsAAAAJ&cstart=20&pagesize=80&citation_for_view=SLitJSsAAAAJ:qxL8FJ1GzNcC,,,"Samir F Matar, M Nakhl, M Zakhour, N Ouaini","The electronic and magnetic properties of the cubic Laves phases ZrFe2 and of its hydride ZrFe2H3, 5 are studied within the density functional theory (DFT) in its local spin density approximation (LSDA) for the purpose of assessing the interplay between chemical pressures versus chemical bonding effects due to the insertion of hydrogen...",Unclassified,0.0
,,"Managing the heat release of calcium sulfoaluminate cement by modifying the ye’elimite content
J Kleib, G Aouad, M Benzerzour, NE Abriak, M Zakhour - Materials, 2023
Cited by 5 Related articles All 10 versions",2023/3/20,16.0,https://www.mdpi.com/1996-1944/16/6/2470,,,,2470,Physical Chemistry of materials,Cited by 5,Mirvat ZAKHOUR,,,Managing the heat release of calcium sulfoaluminate cement by modifying the ye’elimite content,,Materials,,https://scholar.google.com/citations?view_op=view_citation&hl=en&user=SLitJSsAAAAJ&cstart=20&pagesize=80&citation_for_view=SLitJSsAAAAJ:isC4tDSrTZIC,6,MDPI,"Joelle Kleib, Georges Aouad, Mahfoud Benzerzour, Nor Edine Abriak, Mirvat Zakhour","Nowadays, calcium sulfoaluminate cement (CSA) is garnering a large amount of attention worldwide and is being promoted as a sustainable alternative to Portland cement for specific applications. This study aimed to control the heat release of CSA cement paste by choosing the appropriate composition. For this purpose, different calcium sulfoaluminate clinkers with up to 75 wt. % of ye’elimite were synthetized. Then, a reactivity study on the synthesized clinkers was conducted while varying the amount of gypsum added. The heat of hydration was measured by isothermal calorimetry. The influence of the ye’elimite content on the heat release and on the compressive strength was investigated. According to the findings, the amount of ye’elimite in the cement has a direct relationship with the heat release. The heat release as well as the mechanical performance increase with the increase in the ye’elimite content in the CSA cement. An equation allowing the prediction of the total heat release after 24 h is provided. Such data can be of particular interest to consultants aiming at the reduction of thermal cracking in massive concrete.",Unclassified,0.0
,,"Ab initio proposition of novel BCN3 hard material based on the intergrowth of wurtzite and pyrite-like motifs
SF Matar, M Nakhl, M Zakhour, C Kfoury, AF Al Alam… - Computational Condensed Matter, 2016
Cited by 4 Related articles All 2 versions",2016/6/1,7.0,https://www.sciencedirect.com/science/article/pii/S2352214316300053,,,,14-19,Physical Chemistry of materials,Cited by 4,Mirvat ZAKHOUR,,,Ab initio proposition of novel BCN3 hard material based on the intergrowth of wurtzite and pyrite-like motifs,,Computational Condensed Matter,,https://scholar.google.com/citations?view_op=view_citation&hl=en&user=SLitJSsAAAAJ&cstart=20&pagesize=80&citation_for_view=SLitJSsAAAAJ:_kc_bZDykSQC,,Elsevier,"Samir F Matar, Michel Nakhl, Mirvat Zakhour, Charbel Kfoury, Adel F Al Alam, Naïm Ouaini","A novel hard material, orthorhombic BCN3 based on the intergrowth of non-centrosymmetric wurtzite CN+ and centrosymmetric pyrite BN2− motifs alike in fully characterized AlSiP3 ternary is proposed from calculations within DFT methodology. BCN3 is identified as a “nitride-dinitride” related with Zintl phases. The ground state structure exhibits significantly short interatomic distances: d(C-N) = 1.47 Å and d(N-N) = 1.43 Å as compared to d(Si-P) = 2.24 Å and d(P-P) = 2.18 Å in the phosphide, resulting into high magnitude bulk modulus obtained from E,V equation of state (EOS) with B0 = 371 GPa versus B0 = 97 GPa in the phosphide. The complete set of elastic constants complies with the mechanical stability conditions of the new system and equally produces high hardness magnitude (384 GPa). Ratio of bulk/shear modules of 0.85 characterizes a brittle material. Electronic band structures identify small indirect gap …",physical chemistry of materials,0.137
,,"Electronic structure and bonding of the hydrides Mg3TH7 (T= Mn, Re) from first principles
SF Matar, M Nakhl, M Zakhour - Solid state sciences, 2012
Cited by 4 Related articles All 4 versions",2012/5/1,14.0,,,,,639-643,Physical Chemistry of materials,Cited by 4,Mirvat ZAKHOUR,,,"Electronic structure and bonding of the hydrides Mg3TH7 (T= Mn, Re) from first principles",,Solid state sciences,,https://scholar.google.com/citations?view_op=view_citation&hl=en&user=SLitJSsAAAAJ&cstart=20&pagesize=80&citation_for_view=SLitJSsAAAAJ:aqlVkmm33-oC,5,Elsevier Masson,"Samir F Matar, Michel Nakhl, Mirvat Zakhour","From pseudo-potentials and all-electrons computations within density functional theory, desorption energies within range of MgH2 and covalent like hydrogenated intermetallic compounds are identified for hydrogen rich Mg3TH7, (T = Mn, Re). The rhenium based compound is found with a lower desorption energy which has been quantified from the analysis of the Bader charges within the {TH6}5- complex anion as related with a decreasingly ionic charge on hydrogen from Mn to Re. The electronic densities of states show insulating compounds in agreement with literature relevant to this class of salt-like hydrides with a larger band gap for the Re compound. From chemical bonding analyses stronger Mn–H bonding versus Re–H is identified in agreement with desorption energies magnitudes favoring Mg3ReH7.",Unclassified,0.0
,,"Ab initio investigations of the perovskite and K2NiF4 phases in the Cs–Ca–H system
SF Matar, M Nakhl, AF Al Alam, M Zakhour, N Ouaini - Solid state sciences, 2011
Cited by 4 Related articles All 5 versions",2011/3/1,13.0,,,,,569-573,Physical Chemistry of materials,Cited by 4,Mirvat ZAKHOUR,,,Ab initio investigations of the perovskite and K2NiF4 phases in the Cs–Ca–H system,,Solid state sciences,,https://scholar.google.com/citations?view_op=view_citation&hl=en&user=SLitJSsAAAAJ&cstart=20&pagesize=80&citation_for_view=SLitJSsAAAAJ:MXK_kJrjxJIC,3,Elsevier Masson,"Samir F Matar, Michel Nakhl, Adel F Al Alam, Mirvat Zakhour, Naïm Ouaini","Deriving the energy–volume equation of state within DFT for CsCaH3 and Cs2CaH4 has allowed predicting significant changes within the ionic behavior of hydrogen. In Cs2CaH4, apical H1 and equatorial H2 are found as less and more ionic respectively as compared to the perovskite hydride. This leads to a larger overall binding both from energy differences and chemical bonding analysis.",Unclassified,0.0
,,"Carbon-modified MgH2: Experimental and ab-initio Investigations
T Tayeh, AS Awad, M Nakhl, JL Bobet, M Zakhour… - Zeitschrift für Naturforschung B, 2014
Cited by 2 Related articles All 7 versions",2014/7/1,69.0,http://www.znaturforsch.com/s69b/s69b0804.pdf,,,,804-810,Physical Chemistry of materials,Cited by 2,Mirvat ZAKHOUR,,,Carbon-modified MgH2: Experimental and ab-initio Investigations,,Zeitschrift für Naturforschung B,,https://scholar.google.com/citations?view_op=view_citation&hl=en&user=SLitJSsAAAAJ&cstart=20&pagesize=80&citation_for_view=SLitJSsAAAAJ:kNdYIx-mwKoC,7,Verlag der Zeitschrift für Naturforschung,"Toufic Tayeh, Abdel Salam Awad, Michel Nakhl, Jean-Louis Bobet, Mirvat Zakhour, Samir F Matar","The results of experimental and theoretical investigations of carbon-modified MgH2 for improving its sorption performances in hydrogen storage devices are reported. Large changes on its absorption/desorption capacities have been found. The following aspects are considered: size effects where finer particles obtained by energetic ball milling enable easier penetration, catalytic effects of carbon at the surface, and entrance of small quantities of C interstitially into the MgH2 structure. The energies and charge densities as studied by DFT suggest the activation of MgH2 through a decrease of the cohesive energy of the pristine hydride and a reduced ionic charge on hydrogen.",Unclassified,0.0
,,"From Crushing Energetic Influence On The Structural and Magnetic Properties intermetallic GDNI2 And GDCU2
M Nakhl, B Chevalier, M Zakhour, N Ouaini, JL Bobet - Lebanese Science Journal, 2005
Cited by 2 Related articles",2005,6.0,,,,,121-128,Physical Chemistry of materials,Cited by 2,Mirvat ZAKHOUR,,,From Crushing Energetic Influence On The Structural and Magnetic Properties intermetallic GDNI2 And GDCU2,,Lebanese Science Journal,,https://scholar.google.com/citations?view_op=view_citation&hl=en&user=SLitJSsAAAAJ&cstart=20&pagesize=80&citation_for_view=SLitJSsAAAAJ:TFP_iSt0sucC,2,,"M Nakhl, B Chevalier, M Zakhour, N Ouaini, JL Bobet","GdNi [2] et GdCu [2] were submitted to a high-energy ball-milling using a planetary ball-miller. The products were investigated by X-ray powder diffraction, electron microscopy and magnetic measurements. The X-ray diffraction patterns of these products did not show any amorphization after the milling treatment. Furthermore, this treatment preserves the ferromagnetic behavior of GdNi [2] but induces a magnetic transition from antiferromagnetism [T [N]= 40 K] to spin glass [T [f]= 26 K] for GdCu [2]",Unclassified,0.0
,,"Computational Condensed Matter
O Nafa, B Bourahla - 2018
Cited by 1 Related articles All 8 versions
Computational Condensed Matter*
MA Rahman, MZ Rahaman, MAR Sarker - 2016
Related articles All 8 versions",2018,,https://www.academia.edu/download/110933777/j.cocom.2018.e0030120240128-1-t84gv9.pdf,,,,,Physical Chemistry of materials,Cited by 1,Mirvat ZAKHOUR,,,Computational Condensed Matter,,,,https://scholar.google.com/citations?view_op=view_citation&hl=en&user=SLitJSsAAAAJ&cstart=20&pagesize=80&citation_for_view=SLitJSsAAAAJ:Se3iqnhoufwC,,,"Ouahiba Nafa, Boualem Bourahla","In this paper, we introduce a theoretical approach, based on the matching technique, to study the magnetic properties and the spin dynamics in ferromagnetic thin film A containing an ordered magnetic impurities B with antiferromagnetic coupling between A and B sites. We examine, in particular, the coherent spinwaves diffusion via the A/B nanocontact. The total spinwaves transmittance by the B slab, taken as an impurity sites, in the system is calculated and analyzed for different cases of the spin intensity and the magnetic exchange constant values. The obtained results are compared, also, to those of the perfect ferromagnetic thin film A. The calculated properties are presented for all accessible frequencies in the propagating bands. The results highlight the localized spin states on the interface zone and their interactions with incident spinwaves and demonstrate the dependence of the magnetic properties on the interface parameters.© 2018 Elsevier BV All rights reserved.",Unclassified,0.0
,,"Synthesis, crystal structure and magnetic properties of Ba [sub 5] Ru [sub 2] O [sub 9](O [sub 2]), Ba [sub 5] Nb [sub 2] O [sub 9](O [sub 2]) and Ba [sub 5] Ru [sub 2] O [sub 10] related to the perovskite-type structure, and structural relationships with corresponding sulfides
F Grasset, M Zakhour, J Darriet - Journal of Alloys and Compounds, 1999
Cited by 1 Related articles",1999/6/1,287.0,https://www.osti.gov/etdeweb/biblio/6304709,,,,,Physical Chemistry of materials,Cited by 1,Mirvat ZAKHOUR,,,"Synthesis, crystal structure and magnetic properties of Ba [sub 5] Ru [sub 2] O [sub 9](O [sub 2]), Ba [sub 5] Nb [sub 2] O [sub 9](O [sub 2]) and Ba [sub 5] Ru [sub 2] O [sub …",,Journal of Alloys and Compounds,,https://scholar.google.com/citations?view_op=view_citation&hl=en&user=SLitJSsAAAAJ&cstart=20&pagesize=80&citation_for_view=SLitJSsAAAAJ:W7OEmFMy1HYC,,,"F Grasset, M Zakhour, J Darriet","The compound Ba[sub 5]Nb[sub 2]O[sub 9](O[sub 2]) has been synthesized by solid state reactions. The crystal structure has been refined from X-ray powder data. Ba[sub 5]Nb[sub 2]O[sub 9](O[sub 2]) is isostructural with Ba[sub 5]Ru[sub 2]O[sub 9](O[sub 2]) with the cell parameters a=6.045(1)A, c=18.316(3)A (P6[sub 3]/mmc). Perpendicular to the c-axis, the structure is built up by the periodic stacking of three close packed [BaO[sub 3]] layers separated by a layer of composition [Ba[sub 2]O[sub 2]] containing (O[sub 2])[sup 2-] peroxide ions. The compound Ba[sub 5]Ru[sub 2]O[sub 10] has been obtained by thermal decomposition of Ba[sub 5]Ru[sub 2]O[sub 9](O[sub 2]). The structure has been refined from X-ray powder data. The structure is similar to Ba[sub 5]Ru[sub 2]O[sub 9](O[sub 2]) but now the composition of the layer is [Ba[sub 2]O]. The magnetic properties of Ba[sub 5]Ru[sub 2]O[sub 9](O[sub 2]) and Ba[sub 5]Ru[sub 2]O[sub 10] have been interpreted in terms of isolated dimers and confirm the structural results. All these phases belong to a new family of compounds formulated as [A[sub 2](O[sub 2])][A[sub n]B[sub n-1]O[sub 3n]] where n represents the number of [AO[sub 3]] successive layers in the hexagonal perovskite slabs. This series is extended to ternary barium sulfides. (orig.) 25 refs.",Unclassified,0.0
,20th International Cyclodextrin Symposium (ICS2022),"Cyclodextrin-based low melting mixtures as novel systems for the solubilization of poorly-water soluble drugs
S El Masri, S Ruellan, M Zakhour, L Auezova… - 20th International Cyclodextrin Symposium (ICS2022), 2022
Related articles",2022/6/13,,,,,,,Physical Chemistry of materials,,Mirvat ZAKHOUR,,,Cyclodextrin-based low melting mixtures as novel systems for the solubilization of poorly-water soluble drugs,,,,https://scholar.google.com/citations?view_op=view_citation&hl=en&user=SLitJSsAAAAJ&cstart=20&pagesize=80&citation_for_view=SLitJSsAAAAJ:blknAaTinKkC,,,"Sarah El Masri, Steven Ruellan, M Zakhour, Lizette Auezova, Sophie Fourmentin","Cyclodextrin-based low melting mixtures as novel systems for the solubilization of poorly-water soluble drugs - Archive ouverte HAL Recherche Accéder directement au contenu Pied de page Logo Logo Documentation FR Français (FR) Anglais (EN) Se connecter HAL science ouverte Recherche Loading... Recherche avancée Information de documents Titres Titres Sous-titre Titre de l'ouvrage Titre du volume (Série) Champ de recherche par défaut (multicritères) + texte intégral des PDF Résumé Texte intégral indexé des documents PDF Mots-clés Type de document Sous-type de document Tous les identifiants du document Identifiant HAL du dépôt Langue du document (texte) Pays (Texte) Ville À paraître (true ou false) Ajouter Auteur Auteur (multicritères) Auteur (multicritères) Auteur : Nom complet Auteur : Nom de famille Auteur : Prénom Auteur : Complément de nom, deuxième prénom Auteur : Organisme payeur …",Unclassified,0.0
,SolvATE2020: Scientific Meeting of the GdR SolvATE,"Supramolecular Eutectics as Solubilizers for Active Pharmaceutical Ingredients
S El Masri, S Ruellan, FX Legrand, S Bouttier, G Barratt… - SolvATE2020: Scientific Meeting of the GdR SolvATE, 2020
Related articles",2020/11/25,,,,,,,Physical Chemistry of materials,,Mirvat ZAKHOUR,,,Supramolecular Eutectics as Solubilizers for Active Pharmaceutical Ingredients,,,,https://scholar.google.com/citations?view_op=view_citation&hl=en&user=SLitJSsAAAAJ&cstart=20&pagesize=80&citation_for_view=SLitJSsAAAAJ:maZDTaKrznsC,,,"Sarah El Masri, Steven Ruellan, François-Xavier Legrand, Sylvie Bouttier, G Barratt, Mirvat Zakhour, Lizette Auezova, Sophie Fourmentin","Supramolecular Eutectics as Solubilizers for Active Pharmaceutical Ingredients - Archive ouverte HAL Accéder directement au contenu Documentation FR Français (FR) Anglais (EN) Se connecter HAL science ouverte Recherche Loading... Recherche avancée Information de documents Titres Titres Sous-titre Titre de l'ouvrage Titre du volume (Série) Champ de recherche par défaut (multicritères) + texte intégral des PDF Résumé Texte intégral indexé des documents PDF Mots-clés Type de document Sous-type de document Tous les identifiants du document Identifiant HAL du dépôt Langue du document (texte) Pays (Texte) Ville À paraître (true ou false) Ajouter Auteur Auteur (multicritères) Auteur (multicritères) Auteur : Nom complet Auteur : Nom de famille Auteur : Prénom Auteur : Complément de nom, deuxième prénom Auteur : Organisme payeur Auteur : IdHal (chaîne de caractères) Auteur : Fonction Auteur : …",Unclassified,0.0
,3ème Colloque International Francophone: Nouveaux Matériaux et Durabilité (NoMaD),"Etude des potentialités des ciments sulfo-alumineux pour inhiber la réaction alcali-silice
J Kleib, G Aouad, G Louis, M Zakhour, M Boulos… - 3ème Colloque International Francophone: Nouveaux …, 2018
Related articles",2018/11/7,,,,,,,Physical Chemistry of materials,,Mirvat ZAKHOUR,,,Etude des potentialités des ciments sulfo-alumineux pour inhiber la réaction alcali-silice,,,,https://scholar.google.com/citations?view_op=view_citation&hl=en&user=SLitJSsAAAAJ&cstart=20&pagesize=80&citation_for_view=SLitJSsAAAAJ:j3f4tGmQtD8C,,,"J Kleib, G Aouad, G Louis, M Zakhour, M Boulos, A Rousselet, D Bulteel",,Unclassified,0.0
,"ICIM 2018,","An innovative plasma multi-layered photo-electrochemical cell for water splitting
S Roualdes, AJK Leoga, L Youssef, V Rouessac… - ICIM 2018,, 2018
Related articles All 2 versions",2018/6/18,,,,,,,Physical Chemistry of materials,,Mirvat ZAKHOUR,,,An innovative plasma multi-layered photo-electrochemical cell for water splitting,,,,https://scholar.google.com/citations?view_op=view_citation&hl=en&user=SLitJSsAAAAJ&cstart=20&pagesize=80&citation_for_view=SLitJSsAAAAJ:9yKSN-GCB0IC,,,"S Roualdes, AJ Kinfack Leoga, Laurène Youssef, V Rouessac, Joelle Bassil, M Zakhour, M Nakhl","An innovative plasma multi-layered photo-electrochemical cell for water splitting - Université de Montpellier Recherche Accéder directement au contenu Pied de page Logo Logo Documentation Se connecter Portail HAL Um Recherche Loading... Recherche avancée Information de documents Titres Titres Sous-titre Titre de l'ouvrage Titre du volume (Série) Champ de recherche par défaut (multicritères) + texte intégral des PDF Résumé Texte intégral indexé des documents PDF Mots-clés Type de document Sous-type de document Tous les identifiants du document Identifiant HAL du dépôt Langue du document (texte) Pays (Texte) Ville À paraître (true ou false) Ajouter Auteur Auteur (multicritères) Auteur (multicritères) Auteur : Nom complet Auteur : Nom de famille Auteur : Prénom Auteur : Complément de nom, deuxième prénom Auteur : Organisme payeur Auteur : IdHal (chaîne de caractères) Auteur : Fonction Auteur …",Unclassified,0.0
,,"Fabrication of
D Mereib, UC Chung, M Zakhour, M Nakhl, NT Doyen - Situ, 2018
Related articles All 2 versions",2018,,https://www.researchgate.net/profile/U-Chan-Chung/publication/328189912_Fabrication_of_In_situ_TiTiC_laminated_composite_material_using_flakes_powder_metallurgy/links/5f5a15514585154dbbc45518/Fabrication-of-In-situ-Ti-TiC-laminated-composite-material-using-flakes-powder-metallurgy.pdf?origin=journalDetail&_tp=eyJwYWdlIjoiam91cm5hbERldGFpbCJ9,,,,2,Physical Chemistry of materials,,Mirvat ZAKHOUR,,,Fabrication of,,Situ,,https://scholar.google.com/citations?view_op=view_citation&hl=en&user=SLitJSsAAAAJ&cstart=20&pagesize=80&citation_for_view=SLitJSsAAAAJ:hqOjcs7Dif8C,,,"D Mereib, UC Chung, M Zakhour, M Nakhl, NT Doyen","Fabrication of in Situ Ti/TiC Laminated Composite Material Using Flakes Powder Metallurgy Page 1 Volume 7 • Issue 2 • 1000192 J Powder Metall Min, an open access journal ISSN: 2168-9806 Research Article Open Access Mereib et al., J Powder Metall Min 2018, 7:2 DOI: 10.4172/2168-9806.1000192 Research Article Open Access Journal of Powder Metallurgy & Mining Jo u rn al o f Powder Metallurgy & M in in g ISSN: 2168-9806 *Corresponding author: Diaa Mereib, CNRS, Université de Bordeaux, ICMCB, France, Tel: +33540002542; E-mail: diaa.mereib@u-bordeaux.fr Received July 10, 2018; Accepted September 20, 2018; Published September 27, 2018 Citation: Mereib D, Chung UC, Zakhour M, Nakhl M, Doyen NT, et al. (2018) Fabrication of In Situ Ti/TiC Laminated Composite Material Using Flakes Powder Metallurgy. J Powder Metall Min 7: 192. doi:10.4172/2168-9806.1000192 Copyright: © 2018 Mereib …",physical chemistry of materials,0.138
,EMRS Spring 2017,"Development by Low-Frequency PECVD process of Nitrogen-doped TiO2 Thin Films for Water Photo-oxidation by Solar Energy
L Youssef, S Roualdes, J Bassil, M Zakhour, M Nakhl… - EMRS Spring 2017, 2017
Related articles All 2 versions",2017/5/22,,,,,,,Physical Chemistry of materials,,Mirvat ZAKHOUR,,,Development by Low-Frequency PECVD process of Nitrogen-doped TiO2 Thin Films for Water Photo-oxidation by Solar Energy,,,,https://scholar.google.com/citations?view_op=view_citation&hl=en&user=SLitJSsAAAAJ&cstart=20&pagesize=80&citation_for_view=SLitJSsAAAAJ:Wp0gIr-vW9MC,,,"Loraine Youssef, S Roualdes, J Bassil, M Zakhour, M Nakhl, V Rouessac, A Ayral","Development by Low-Frequency PECVD process of Nitrogen-doped TiO2 Thin Films for Water Photo-oxidation by Solar Energy - Archive ouverte HAL Recherche Accéder directement au contenu Pied de page Logo Logo Documentation FR Français (FR) Anglais (EN) Se connecter HAL science ouverte Recherche Loading... Recherche avancée Information de documents Titres Titres Sous-titre Titre de l'ouvrage Titre du volume (Série) Champ de recherche par défaut (multicritères) + texte intégral des PDF Résumé Texte intégral indexé des documents PDF Mots-clés Type de document Sous-type de document Tous les identifiants du document Identifiant HAL du dépôt Langue du document (texte) Pays (Texte) Ville À paraître (true ou false) Ajouter Auteur Auteur (multicritères) Auteur (multicritères) Auteur : Nom complet Auteur : Nom de famille Auteur : Prénom Auteur : Complément de nom, deuxième prénom Auteur : …",Unclassified,0.0
,Journée de Chimie du Grand Sud-Ouest-GSO 2016,"Développement par procédé PECVD-Basse Fréquence de films minces de TiO2 dopés à l’azote pour la photo-oxydation de l’eau sous lumière solaire
L Youssef, S Roualdes, J Bassil, M Zakhour, M Nakhl… - Journée de Chimie du Grand Sud-Ouest-GSO 2016, 2016
Related articles",2016/11/25,,,,,,,Physical Chemistry of materials,,Mirvat ZAKHOUR,,,Développement par procédé PECVD-Basse Fréquence de films minces de TiO2 dopés à l’azote pour la photo-oxydation de l’eau sous lumière solaire,,,,https://scholar.google.com/citations?view_op=view_citation&hl=en&user=SLitJSsAAAAJ&cstart=20&pagesize=80&citation_for_view=SLitJSsAAAAJ:u-x6o8ySG0sC,,,"L Youssef, S Roualdes, J Bassil, M Zakhour, M Nakhl, V Rouessac, A Ayral","Développement par procédé PECVD-Basse Fréquence de films minces de TiO2 dopés à l’azote pour la photo-oxydation de l’eau sous lumière solaire - Archive ouverte HAL Recherche Accéder directement au contenu Pied de page Logo Logo Documentation FR Français (FR) Anglais (EN) Se connecter HAL science ouverte Recherche Loading... Recherche avancée Information de documents Titres Titres Sous-titre Titre de l'ouvrage Titre du volume (Série) Champ de recherche par défaut (multicritères) + texte intégral des PDF Résumé Texte intégral indexé des documents PDF Mots-clés Type de document Sous-type de document Tous les identifiants du document Identifiant HAL du dépôt Langue du document (texte) Pays (Texte) Ville À paraître (true ou false) Ajouter Auteur Auteur (multicritères) Auteur (multicritères) Auteur : Nom complet Auteur : Nom de famille Auteur : Prénom Auteur : Complément de nom, …",Unclassified,0.0
,,"Ab initio investigations of the perovskite and K2NiF4 phases in the CseCaeH system
SF Matara, M Nakhl, AF Al Alam, M Zakhour, N Ouaini - Solid State Sciences, 2011
Related articles All 3 versions",2011,13.0,https://www.academia.edu/download/98002280/20130111Doc09.pdf,,,,569e573,Physical Chemistry of materials,,Mirvat ZAKHOUR,,,Ab initio investigations of the perovskite and K2NiF4 phases in the CseCaeH system,,Solid State Sciences,,https://scholar.google.com/citations?view_op=view_citation&hl=en&user=SLitJSsAAAAJ&cstart=20&pagesize=80&citation_for_view=SLitJSsAAAAJ:hMod-77fHWUC,,,"SF Matara, M Nakhl, AF Al Alam, M Zakhour, N Ouaini","Deriving the energyevolume equation of state within DFT for CsCaH3 and Cs2CaH4 has allowed predicting significant changes within the ionic behavior of hydrogen. In Cs2CaH4, apical H1 and equatorial H2 are found as less and more ionic respectively as compared to the perovskite hydride. This leads to a larger overall binding both from energy differences and chemical bonding analysis.© 2010 Elsevier Masson SAS. All rights reserved.",Unclassified,0.0
,,"Ab initio study of on the insert effect of hydrogen on the magnetic and chemical properties of in phases laves: case ZRFE2
S Matar, M Nakhl, M Zakhour, N Ouaini - Lebanese Science Journal, 2005
Related articles",2005,6.0,,,,,107-119,Physical Chemistry of materials,,Mirvat ZAKHOUR,,,Ab initio study of on the insert effect of hydrogen on the magnetic and chemical properties of in phases laves: case ZRFE2,,Lebanese Science Journal,,https://scholar.google.com/citations?view_op=view_citation&hl=en&user=SLitJSsAAAAJ&cstart=20&pagesize=80&citation_for_view=SLitJSsAAAAJ:e5wmG9Sq2KIC,2,,"S Matar, M Nakhl, M Zakhour, N Ouaini",The electronic and magnetic properties of the cubic Laves phase ZrFe [2] and of its hydride ZrFe [2] H [3.5] are studied within the density functional theory [DFT] in its local spin density approximation [LSDA] for the purpose of assessing the interplay between chemical pressures versus chemical bonding effects due to the insertion of hydrogen. The observed changes of the magnetic moments and of the spin resolved chemical bonding properties upon the insertion of hydrogen are discussed. A comparison with experiment and with data for formerly studied YFe [2] and its hydride is carried out,Unclassified,0.0
,,"Influence du broyage énergétique sur les propriétés structurales et magnétiques des intermétalliques GdNi2 et GdCu2
JL Bobet, B Chevalier, M Nakhl, N Ouaini, M Zakhour - Lebanese Science Journal, 2005
Related articles",2005,6.0,,,,,121-128,Physical Chemistry of materials,,Mirvat ZAKHOUR,,,Influence du broyage énergétique sur les propriétés structurales et magnétiques des intermétalliques GdNi2 et GdCu2,,Lebanese Science Journal,,https://scholar.google.com/citations?view_op=view_citation&hl=en&user=SLitJSsAAAAJ&cstart=20&pagesize=80&citation_for_view=SLitJSsAAAAJ:0EnyYjriUFMC,2,,"Jean-Louis Bobet, Bernard Chevalier, M Nakhl, N Ouaini, M Zakhour",GdNi2 and GdCu2 were submitted to a high-energy ball-milling using a planetary ball-miller...,Unclassified,0.0
,,"Laves phases intermetallics C14 and C15 and their hydrides. Theoretical study of their electronic and magnetic structures; Les intermetalliques a base de phases de laves C14 et C15 et leurs hydrures. Etude theorique de leurs structures electroniques et magnetiques
M Nakhl, M Zakhour, JP Atanas, S Matar - 2004
Related articles",2004/7/1,,,,,,,Physical Chemistry of materials,,Mirvat ZAKHOUR,,,Laves phases intermetallics C14 and C15 and their hydrides. Theoretical study of their electronic and magnetic structures; Les intermetalliques a base de phases de laves C14 et …,,,,https://scholar.google.com/citations?view_op=view_citation&hl=en&user=SLitJSsAAAAJ&cstart=20&pagesize=80&citation_for_view=SLitJSsAAAAJ:2osOgNQ5qMEC,,,"M Nakhl, M Zakhour, JP Atanas, S Matar",,Unclassified,0.0
,,"Etudes structurales dans l'approche du formalisme de superespace de nouvelles phases modulées de type composite de la série Ba1+ x (A'xB1-x) O3 (0 inférieur ou égal x inférieur ou égal à 1/2; A', B= élément de transition d)
M Zakhour - 2000
Related articles All 5 versions",2000/7/21,,,,,,,Physical Chemistry of materials,,Mirvat ZAKHOUR,,,Etudes structurales dans l'approche du formalisme de superespace de nouvelles phases modulées de type composite de la série Ba1+ x (A'xB1-x) O3 (0 inférieur ou égal x inférieur …,Université Sciences et Technologies-Bordeaux I,,,https://scholar.google.com/citations?view_op=view_citation&hl=en&user=SLitJSsAAAAJ&cstart=20&pagesize=80&citation_for_view=SLitJSsAAAAJ:5nxA0vEk-isC,,,Mirvat Zakhour,"Un modèle structural est proposé pour décrire les structures de famille de composés à chaînes unidimensionnelles, dérivée de la pervoskite 2H, de formulation A1+x(A'xB1-x)O3 (0 ≤ x ≤ 1/2 ; A = Ba, A', B = élément de transition d). Chaque membre de cette famille peut être décrit par un modèle structural unique de type composite, dans le formalisme de superespace avec des fonctions de modulation de type ""créneau"" pour l'occupation et de type ""dents de scie"" pour la position...",Unclassified,0.0
,,"STUDY OF INCOMMENSURATE AND COMMENSURATE PHASES IN Ba-Pt-O SYSTEM
F WEILL, F GRASSET, M ZAKHOUR, J DARRIET - Aperiodic'97-Proceedings Of The International …, 1999
Related articles",1999/1/29,,,,,,353,Physical Chemistry of materials,,Mirvat ZAKHOUR,,,STUDY OF INCOMMENSURATE AND COMMENSURATE PHASES IN Ba-Pt-O SYSTEM,,Aperiodic'97-Proceedings Of The International Conference On Aperiodic Crystals,,https://scholar.google.com/citations?view_op=view_citation&hl=en&user=SLitJSsAAAAJ&cstart=20&pagesize=80&citation_for_view=SLitJSsAAAAJ:JV2RwH3_ST0C,,World Scientific,"F WEILL, F GRASSET, M ZAKHOUR, J DARRIET","In the barium rich region of Ba-Pt-O system, a solid solution corresponding to the general formula Ba12 [BaxPt3-x] Pt6O27 (0≤ x≤ 3) has been pointed out. The structure of Ba₁2Pt9027 (x= 0) appears to be incommensurate. The electron diffraction study of this compound indicates it is a composite crystal which can be described with two subsystems: the [Ba] subsystem and the [PtO3] subsystem. The X ray diffraction pattem is indexed using this result. The second extrem compound Ba₁5Pt6027 (x= 3) appears to be commensurate.",Unclassified,0.0
,,"Laves phases intermetallics C14 and C15 and their hydrides. Theoretical study of their electronic and magnetic structures
M Nakhl, M Zakhour, JP Atanas, S Matar
Related articles",,,,,,,,Physical Chemistry of materials,,Mirvat ZAKHOUR,,,Laves phases intermetallics C14 and C15 and their hydrides. Theoretical study of their electronic and magnetic structures,,,,https://scholar.google.com/citations?view_op=view_citation&hl=en&user=SLitJSsAAAAJ&cstart=20&pagesize=80&citation_for_view=SLitJSsAAAAJ:3fE2CSJIrl8C,,,"M Nakhl, M Zakhour, JP Atanas, S Matar",Laves phases intermetallics C14 and C15 and their hydrides. T..|INIS IAEA NUCLEUS Sign In Sign In Register Help 50+ years of INIS International Nuclear Information System International Nuclear Information System Home INIS Home Thesaurus Browse Search My Selection Search History Clear All ä Insert Unicode Subscribe Email Search INIS Repository for documents that... Include: Add Another But do not include: Add Another Also Search: العربية 中文 English Français Deutsch 日本語 Русский Español Legend: BT: Broader Term NT: Narrower Term RT: Related Term SF: Seen For SEE: See USE: Use UF: Used For Search the INIS Repository Search Advanced Search Limit to results with full text Select All Expand All Citation Export Print Primary Subject MATERIALS SCIENCE (1) Subject Area Nuclear Materials (1) Record Type Miscellaneous (1) Literature Type Conference (1) Conference Title 4. Franco-…,physical chemistry of materials,0.141
,,"R-074 ÉTUDE DES POTENTIALITÉS DES CIMENTS SULFO-ALUMINEUX POUR INHIBER LA RÉACTION ALCALI-SILICE
J KLEIB, G AOUAD, G LOUIS, M ZAKHOUR… - NoMaD 2018
Related articles",,,,,,,,Physical Chemistry of materials,,Mirvat ZAKHOUR,,,R-074 ÉTUDE DES POTENTIALITÉS DES CIMENTS SULFO-ALUMINEUX POUR INHIBER LA RÉACTION ALCALI-SILICE,,NoMaD 2018,,https://scholar.google.com/citations?view_op=view_citation&hl=en&user=SLitJSsAAAAJ&cstart=20&pagesize=80&citation_for_view=SLitJSsAAAAJ:ufrVoPGSRksC,,,"Joelle KLEIB, Georges AOUAD, Ghislain LOUIS, Mirvat ZAKHOUR, Madona BOULOS, Angélique ROUSSELET, David BULTEEL","La Réaction Alcali-Silice (RAS) est une des pathologies qui affecte la durabilité du béton. Le résultat de cette réaction est le gonflement du béton. À ce jour, l’essentiel des travaux concernant la RAS reposent sur l’utilisation du ciment Portland (OPC). L’objectif de cette étude est de voir si le ciment sulfoalumineux (CSA) peut être une alternative à l’OPC lors de l’utilisation des granulats réactifs. Le ciment CSA est connu pour sa faible teneur en alcalins et son pH plus faible que celui de l’OPC dans la solution interstitielle de sa matrice cimentaire. Ces deux caractéristiques sont connues pour influencer la RAS. Dans ce but, un granulat réactif qu’est le silex a été utilisé dans cette étude pour initier le phénomène de la RAS avec deux types de ciment: le ciment Portland CEMI 52, 5 de Holcim et le ciment sulfoalumineux Alpenat de Vicat. Les alcalins ont été ajoutés dans la solution de gâchage par un dopage NaOH ou …",Unclassified,0.0
