Book,Conference,Scholar articles,Publication date,Volume,PDF Link,Patent office,Report number,Source,Pages,Research Interests,Total citations,Researcher Name,Inventors,Patent number,Title,Institution,Journal,Application number,Scholar Link,Issue,Publisher,Authors,Description,Classified_Topic,Classification_Confidence
,,"Smart antenna array patterns synthesis: Null steering and multi-user beamforming by phase control
M Mouhamadou, P Vaudon, M Rammal - Progress In Electromagnetics Research, 2006
Cited by 234 Related articles All 5 versions",2006,60.0,https://www.jpier.org/ac_api/download.php?id=0511281,,,,95-106,antennas,Cited by 234,Mohamed Rammal,,,Smart antenna array patterns synthesis: Null steering and multi-user beamforming by phase control,,Progress In Electromagnetics Research,,https://scholar.google.com/citations?view_op=view_citation&hl=en&user=TVtdu6wAAAAJ&citation_for_view=TVtdu6wAAAAJ:Zph67rFs4hoC,,EMW Publishing,"Moctar Mouhamadou, Patrick Vaudon, Mohammed Rammal","In this article, an efficient method for the pattern synthesis of the linear antenna arrays with the prescribed null and multi-lobe Beamforming is presented. Multi-lobe pattern and adaptive nulling of the pattern is achieved by controlling only the phase of each array element. The proposed method is based on the Sequential Quadratic Programming (SQP) algorithm and the linear antenna array synthesis was modelled as a multi-ob jective optimization problem. Multi-ob jective optimization is concerned with the maximization (or minimization) of a vector of ob jectives functions in the directions of desired signal that can be sub ject of a number of constraints (in our case, the constraints can be imposed as the null in the direction of interfering signal). To verify the validity of the technique, several illustrative examples of uniform excited array patterns with the main beam is placed in the direction of the useful signal and null is placed in the direction of potential interferers, and multi-beam patterns are demonstrated.",antennas,0.4
,,"New multi-band microstrip antenna design for wireless communications
J Costantine, KY Kabalan, EIH Al, M Rammal - IEEE Antennas and Propagation Magazine, 2008
Cited by 93 Related articles All 7 versions",2008/2/25,49.0,http://tech.mweda.com/download/hwrf/cst/CST-new%20multiband%20microstrip%20antenna%20design%20wireless%20communications.pdf,,,,181-186,antennas,Cited by 93,Mohamed Rammal,,,New multi-band microstrip antenna design for wireless communications,,IEEE Antennas and Propagation Magazine,,https://scholar.google.com/citations?view_op=view_citation&hl=en&user=TVtdu6wAAAAJ&citation_for_view=TVtdu6wAAAAJ:9ZlFYXVOiuMC,6.0,IEEE,"Joseph Costantine, Karim Y Kabalan, EI-Hajj Al, Mohammad Rammal","This paper presents a new approach for the design of a multi-wideband microstrip-patch antenna. The radiating elements in this antenna are composed of rectangular slots following a Chebyshev distribution of order 10 around a center rectangular slot, and an additional triangular slot. These slots are engraved in the rectangular and triangular patch, joined together in one structure, and fed by one probe feed. A sample antenna was analyzed, simulated, fabricated, and tested. There was good agreement between the computed and test results. The new antenna can be used for several applications, especially in the GSM domain, and for Wi-Fi, Bluetooth, and several other applications, as detailed in this paper.",antennas,0.4
,,"Design and characterization of high-Q SAW resonators based on the AlN/Sapphire structure intended for high-temperature wireless sensor applications
J Streque, J Camus, T Laroche, S Hage-Ali, H M'Jahed… - IEEE Sensors Journal, 2020
Cited by 65 Related articles All 7 versions",2020/3/4,20.0,https://hal.science/hal-02865522/document,,,,6985-6991,antennas,Cited by 65,Mohamed Rammal,,,Design and characterization of high-Q SAW resonators based on the AlN/Sapphire structure intended for high-temperature wireless sensor applications,,IEEE Sensors Journal,,https://scholar.google.com/citations?view_op=view_citation&hl=en&user=TVtdu6wAAAAJ&citation_for_view=TVtdu6wAAAAJ:J_g5lzvAfSwC,13.0,IEEE,"Jeremy Streque, Julien Camus, Thierry Laroche, Sami Hage-Ali, Hamid M’Jahed, Mohammad Rammal, Thierry Aubert, Mohamed Abdou Djouadi, Sylvain Ballandras, Omar Elmazria","Aluminium nitride piezoelectric thin films grown on sapphire are strong candidates for high-temperature surface acoustic wave (SAW) sensors, due to their thermal stability, large bandgap, high acoustic velocity and suitable electromechanical coupling. However, thin-film resonators need more design efforts than those based on bulk crystals, due to the usually limited thickness of the piezoelectric films, and to acoustic properties disparities between the latters and their host substrate. This work presents an optimization of AlN/Sapphire-based SAW resonators with high quality factors for high-temperature applications. It combines specifically grown, 3 μm-thick aluminium nitride films, with the use of aluminium electrodes for their low density and resistivity, as an alternative to heavier electrodes like Pt. These electrodes allow for much lower mechanical losses and higher quality factors, in spite of needing passivation for …",Unclassified,0.0
,,"Interference supression of the linear antenna arrays controlled by phase with use of SQP algorithm
M Mouhamadou, P Armand, P Vaudon, M Rammal - Progress In Electromagnetics Research, 2006
Cited by 64 Related articles All 8 versions",2006,59.0,https://www.jpier.org/ac_api/download.php?id=0510063,,,,251-265,antennas,Cited by 64,Mohamed Rammal,,,Interference supression of the linear antenna arrays controlled by phase with use of SQP algorithm,,Progress In Electromagnetics Research,,https://scholar.google.com/citations?view_op=view_citation&hl=en&user=TVtdu6wAAAAJ&citation_for_view=TVtdu6wAAAAJ:ULOm3_A8WrAC,,EMW Publishing,"Moctar Mouhamadou, Paul Armand, Patrick Vaudon, Mohammed Rammal","The performance of mobile cellular radio networks is limited by the level of cochannel interference that can be tolerated. The use of antennas arrays is very helpful in enhancing the performance and capacity of the wireless communication system. This paper presents a method for antenna pattern synthesis that suppress multiple interfering narrow or wide band signals while receiving the desired signal by controlling only the phase. Excitation phases are computed using the Sequential Quadratic Programming (SQP) technique. This method transforms the nonlinear minimization (or maximization) problem to a sequence of quadratic subproblems, based on a quadratic approximation of the Lagrangian function.",antennas,0.605
,,"Phase-only adaptive nulling with neural networks for antenna array synthesis
R Ghayoula, N Fadlallah, A Gharsallah, M Rammal - IET microwaves, antennas & propagation, 2009
Cited by 49 Related articles All 8 versions",2009/2/2,3.0,https://www.researchgate.net/profile/Ridha-Ghayoula/publication/224651344_Application_of_neural_network_to_the_synthesis_of_linear_antenna_array's_radiance_diagram/links/5979d4deaca272177c2cec66/Application-of-neural-network-to-the-synthesis-of-linear-antenna-arrays-radiance-diagram.pdf,,,,154-163,antennas,Cited by 49,Mohamed Rammal,,,Phase-only adaptive nulling with neural networks for antenna array synthesis,,"IET microwaves, antennas & propagation",,https://scholar.google.com/citations?view_op=view_citation&hl=en&user=TVtdu6wAAAAJ&citation_for_view=TVtdu6wAAAAJ:u-x6o8ySG0sC,1.0,IET,"R Ghayoula, N Fadlallah, A Gharsallah, M Rammal","A new approach to adaptive phase-only nulling with phased arrays is described. An efficient method is presented to synthesise directive beam and multi-beam patterns and create adaptive nulls in interference direction. The proposed method is based on iterative minimisation of a function that incorporates constraints imposed in each direction with respect to excitation phases and neural network technique. Various results are presented to show the advantages and limitations of this approach. The back-propagation algorithm proves to be better than previous phase-only adaptive algorithms. To verify the performances of the proposed technique, an eight-element array has been realised and tested for various types of beam configurations.",antennas,0.4
,,"Preoperative biliary drainage for malignant biliary obstruction: results from a national database
Y Shaib, MA Rahal, MO Rammal, A Mailhac, H Tamim - Journal of Hepato‐Biliary‐Pancreatic Sciences, 2017
Cited by 36 Related articles All 5 versions",2017/11,24.0,https://onlinelibrary.wiley.com/doi/am-pdf/10.1002/jhbp.505,,,,637-642,antennas,Cited by 36,Mohamed Rammal,,,Preoperative biliary drainage for malignant biliary obstruction: results from a national database,,Journal of Hepato‐Biliary‐Pancreatic Sciences,,https://scholar.google.com/citations?view_op=view_citation&hl=en&user=TVtdu6wAAAAJ&citation_for_view=TVtdu6wAAAAJ:yD5IFk8b50cC,11.0,,"Yasser Shaib, Mahmoud A Rahal, Mohammad O Rammal, Aurelie Mailhac, Hani Tamim","Background
The impact of preoperative biliary drainage (PBD) on postoperative morbidity and mortality in patients with malignant biliary obstruction is still unclear. We examined short‐term surgical outcomes among drained and non‐drained patients.
Methods
Patients who underwent surgical resection for their malignancies with biliary obstruction were identified using the American College of Surgeons National Surgical Quality Improvement Program Participant Use Files from 2014 to 2015. Mortality and morbidity were compared among patients who had PBD to those who did not undergo biliary drainage prior to surgery.
Results
A total of 2,306 patients were included; of these 1,803 (77.8%) had PBD. The postoperative mortality was 3.0% and 2.2% among direct surgery (DS) group and PBD group, respectively (P = 0.3). Postoperative complications were higher in the PBD group compared to the DS group (27.1 …",Unclassified,0.0
,,"Intragastric balloon treatment of obesity: Long-term results and patient satisfaction
A El Haddad, MO Rammal, A Soweid, AI Sharara… - The Turkish Journal of Gastroenterology, 2019
Cited by 31 Related articles All 8 versions",2019/4/8,30.0,https://pmc.ncbi.nlm.nih.gov/articles/PMC6505645/,,,,461,antennas,Cited by 31,Mohamed Rammal,,,Intragastric balloon treatment of obesity: Long-term results and patient satisfaction,,The Turkish Journal of Gastroenterology,,https://scholar.google.com/citations?view_op=view_citation&hl=en&user=TVtdu6wAAAAJ&citation_for_view=TVtdu6wAAAAJ:u_35RYKgDlwC,5.0,,"Aline El Haddad, Mohammad O Rammal, Assaad Soweid, Ala I Sharara, Fady Daniel, Mahmoud A Rahal, Yasser Shaib","Background/Aims Intragastric balloon (IGB) treatment of obesity is a minimally invasive outpatient procedure that has been shown to help weight loss in some patients. The aim of this study is to analyze the long-term results regarding the effectiveness, tolerability, and patient satisfaction in a cohort of patients undergoing the IGB insertion. Materials and Methods Using a retrospective cohort study design, patients who had their IGB inserted/removed between the years 2009 and 2016 were contacted by phone and asked to answer a short questionnaire. The baseline characteristics, pre- and post- IGB weight, as well as their current weight were recorded. Different parameters of satisfaction were noted in addition to whether patients resorted to alternative weight-reduction measures. Results Ninety-nine eligible patients were contacted, and 65 consented to the study. The average weight loss achieved at the end of the …",Unclassified,0.0
,,"Hetero-epitaxial growth of AlN deposited by DC magnetron sputtering on Si (111) using a AlN buffer layer
B Riah, J Camus, A Ayad, M Rammal, R Zernadji… - Coatings, 2021
Cited by 21 Related articles All 10 versions",2021/9/3,11.0,https://www.mdpi.com/2079-6412/11/9/1063,,,,1063,antennas,Cited by 21,Mohamed Rammal,,,Hetero-epitaxial growth of AlN deposited by DC magnetron sputtering on Si (111) using a AlN buffer layer,,Coatings,,https://scholar.google.com/citations?view_op=view_citation&hl=en&user=TVtdu6wAAAAJ&citation_for_view=TVtdu6wAAAAJ:ldfaerwXgEUC,9.0,MDPI,"Badis Riah, Julien Camus, Abdelhak Ayad, Mohammad Rammal, Raouia Zernadji, Nadjet Rouag, Mohamed Abdou Djouadi","This paper reports the effect of Silicon substrate orientation and Aluminum nitride buffer layer deposited by molecular beam epitaxy on the growth of aluminum nitride thin films deposited by a DC magnetron sputtering technique at low temperatures. The structural analysis has revealed a strong (0001) fiber texture for both Si(100) and (111) substrates, and a hetero-epitaxial growth on a AlN buffer layer, which is only a few nanometers in size, grown by MBE onthe Si(111) substrate. SEM images and XRD characterization have shown an enhancement in AlN crystallinity. Raman spectroscopy indicated that the AlN film was relaxed when it deposited on Si(111), in compression on Si(100) and under tension on a AlN buffer layer grown by MBE/Si(111) substrates, respectively. The interface between Si(111) and AlN grown by MBE is abrupt and well defined, contrary to the interface between AlN deposited using PVD and AlN grown by MBE. Nevertheless, AlN hetero-epitaxial growth was obtained at a low temperature (<250 °C).",Unclassified,0.0
,,"Textured hexagonal and cubic phases of AlN films deposited on Si (100) by DC magnetron sputtering and high power impulse magnetron sputtering
B Riah, A Ayad, J Camus, M Rammal, F Boukari… - Thin Solid Films, 2018
Cited by 21 Related articles All 4 versions",2018/6/1,655.0,,,,,34-40,antennas,Cited by 21,Mohamed Rammal,,,Textured hexagonal and cubic phases of AlN films deposited on Si (100) by DC magnetron sputtering and high power impulse magnetron sputtering,,Thin Solid Films,,https://scholar.google.com/citations?view_op=view_citation&hl=en&user=TVtdu6wAAAAJ&citation_for_view=TVtdu6wAAAAJ:JV2RwH3_ST0C,,Elsevier,"B Riah, A Ayad, J Camus, M Rammal, F Boukari, L Chekour, MA Djouadi, N Rouag","In this work we are interested in analyzing the texture of aluminum nitride thin films deposited by direct-current magnetron sputtering and high-power impulse magnetron sputtering on silicon (100) substrates. The texture characterization of aluminum nitride films was performed by X-ray diffraction. The pole figures have indicated that in both methods direct-current magnetron sputtering and high-power impulse magnetron sputtering, the microstructure is a (0001) strong fiber texture, with a tilted c-axis in the case of direct-current magnetron sputtering. Moreover, the texture analysis allowed the characterization of the cubic phase of aluminum nitride, which most likely constitutes a transition layer between the hexagonal aluminum nitride and the silicon substrate. The misfits' calculations between the different structure cells (silicon, hexagonal aluminum nitride and cubic aluminum nitride) confirm that the growth of the …",Unclassified,0.0
,,"Comparison between real and power optimisation methods for arrays synthesis of antennas
D Eclercy, M Rammal, A Reineix, B Jecko - Electronics letters, 1996
Cited by 18 Related articles All 3 versions",1996/1/18,32.0,,,,,84-85,antennas,Cited by 18,Mohamed Rammal,,,Comparison between real and power optimisation methods for arrays synthesis of antennas,,Electronics letters,,https://scholar.google.com/citations?view_op=view_citation&hl=en&user=TVtdu6wAAAAJ&citation_for_view=TVtdu6wAAAAJ:u5HHmVD_uO8C,2.0,IEE,"D Eclercy, M Rammal, A Reineix, B Jecko",The purpose of this communication is to compare real and power far field patterns synthesis arrays. The synthesised pattern is an optimum approximation to the prescribed power pattern in a minmax sense. A comparison between real and power formulations is realised for shaped (cosecante) and pencil beams.,antennas,0.611
,,"Predictors of bile tree pathology in patients presenting with gallbladder disease
MA Rahal, MO Rammal, W Karaoui, A Hallal, H Tamim… - European Journal of Gastroenterology & Hepatology, 2017
Cited by 17 Related articles All 6 versions",2017/9/1,29.0,https://scholarworks.aub.edu.lb/bitstream/handle/10938/30970/2017-9108.pdf?sequence=1,,,,1017-1021,antennas,Cited by 17,Mohamed Rammal,,,Predictors of bile tree pathology in patients presenting with gallbladder disease,,European Journal of Gastroenterology & Hepatology,,https://scholar.google.com/citations?view_op=view_citation&hl=en&user=TVtdu6wAAAAJ&citation_for_view=TVtdu6wAAAAJ:fPk4N6BV_jEC,9.0,LWW,"Mahmoud A Rahal, Mohammad O Rammal, Walid Karaoui, Ali Hallal, Hani Tamim, Yasser Shaib","Background Patients with gallstone disease can present with elevated liver function tests (LFTs). It is often challenging to differentiate those with a common bile duct (CBD) stone from those without a CBD stone on the basis of the LFTs levels. In this study, we aim to evaluate the predictors of a CBD stones among patients presenting with symptomatic gallbladder disease and elevated LFTs.
Patients and methods We retrospectively examined all patients who had undergone a cholecystectomy between January 2010 and December 2015. Patients with symptomatic cholelithiasis and increased LFTs were included. Patient characteristics, imaging findings, lab findings, endoscopic interventions, and operative report were recorded and evaluated. The diagnosis of CBD stones was made on the basis of ERCP and IOC findings.
Results We included 354 patients in the final analysis. Of these, 113 (32%) had confirmed …",Unclassified,0.0
,Proceedings of the Twenty Third National Radio Science Conference (NRSC'2006),"A smart antenna simulation for (DOA) estimation using MUSIC and ESPRIT algorithms
A Abdallah, S Abou Chahine, M Rammal, G Neveux… - Proceedings of the Twenty Third National Radio …, 2006
Cited by 17 Related articles All 2 versions",2006/3/14,,,,,,1-10,antennas,Cited by 17,Mohamed Rammal,,,A smart antenna simulation for (DOA) estimation using MUSIC and ESPRIT algorithms,,,,https://scholar.google.com/citations?view_op=view_citation&hl=en&user=TVtdu6wAAAAJ&citation_for_view=TVtdu6wAAAAJ:_kc_bZDykSQC,,IEEE,"Ayman Abdallah, Soubhi Abou Chahine, Mouhammed Rammal, Guillaumme Neveux, Patrick Vaudon, Michel Campovecchio","In this paper we propose an approach to design a smart antenna system that uses six-port reflectometer. This is done to detect the DOA arrival angles of five incoming RF signals using MUSIC and ESPRIT algorithms. The characteristic of each algorithm are critical in the DOA precisions. The results are deduced from the simulation of the characteristics of the system, using the advanced design system (ADS) and MATLAB",antennas,0.4
,,"Study of mutual coupling effect on radiated patterns of antenna arrays
M Rammal, D Eclercy, A Reineix, B Jecko - IEE Proceedings-Microwaves, Antennas and …, 1997
Cited by 17 Related articles All 4 versions",1997/10/9,144.0,https://www.academia.edu/download/46462554/ip-map_3A1997123120160614-10321-v8mmkv.pdf,,,,389-391,antennas,Cited by 17,Mohamed Rammal,,,Study of mutual coupling effect on radiated patterns of antenna arrays,,"IEE Proceedings-Microwaves, Antennas and Propagation",,https://scholar.google.com/citations?view_op=view_citation&hl=en&user=TVtdu6wAAAAJ&citation_for_view=TVtdu6wAAAAJ:d1gkVwhDpl0C,5.0,IEE,"M Rammal, D Eclercy, A Reineix, B Jecko",The purpose of this communication is to study the effect of the mutual coupling between element arrays on radiated patterns. This effect is directly introduced into a power far-field patterns synthesis arrays to be compensated. In this paper two cases are considered: pencil and shaped sloping beams.,antennas,0.4
,,"Effects of long term exposure to RF/MW radiations on the expression of mRNA of stress proteins in Lycopersicon esculentum
M Rammal, F Jebai, H Rammal, WH Joumaa - WSEAS Transactions on Biology and Biomedicine, 2014
Cited by 16 Related articles All 5 versions",2014,11.0,https://www.wseas.com/journals/bab/2014/a045708-113.pdf,,,,10-14,antennas,Cited by 16,Mohamed Rammal,,,Effects of long term exposure to RF/MW radiations on the expression of mRNA of stress proteins in Lycopersicon esculentum,,WSEAS Transactions on Biology and Biomedicine,,https://scholar.google.com/citations?view_op=view_citation&hl=en&user=TVtdu6wAAAAJ&citation_for_view=TVtdu6wAAAAJ:BqipwSGYUEgC,,WSEAS,"Marwa Rammal, FATIMA Jebai, Hassan Rammal, Wissam H Joumaa","Low levels of RF radiation exposure can modify the protein’s activity by stimulating or inhibiting their expression in cells. The proteinase inhibitor (Pin II) and Lycospersicon esculentum basic leucine Zipper1 (lebZIP1) are two wound-plants genes. The aim of this work is to study the rate of accumulation of pin II and lebZIP1 at the level of messenger RNA after 10 days of electromagnetic waves exposure. Using RT-PCR and RT-qPCR, the results show that Pin II and lebZIP1synthesis change at the level of cDNA. PinII and lebZIP1 surexpression influence the growth and the differentiation and evoke an increase of protein accumulation in the cell.",Unclassified,0.0
,,"A new agile radiating system called electromagnetic band gap matrix antenna
H Abou Taam, M Salah Toubet, T Monediere, B Jecko… - International Journal of Antennas and Propagation, 2014
Cited by 15 Related articles All 8 versions",2014,2014.0,https://onlinelibrary.wiley.com/doi/pdf/10.1155/2014/342518,,,,342518,antennas,Cited by 15,Mohamed Rammal,,,A new agile radiating system called electromagnetic band gap matrix antenna,,International Journal of Antennas and Propagation,,https://scholar.google.com/citations?view_op=view_citation&hl=en&user=TVtdu6wAAAAJ&citation_for_view=TVtdu6wAAAAJ:dhFuZR0502QC,1.0,Hindawi Publishing Corporation,"Hussein Abou Taam, Moustapha Salah Toubet, Thierry Monediere, Bernard Jecko, Mohammad Rammal","Civil and military applications are increasingly in need for agile antenna devices which respond to wireless telecommunications, radars, and electronic warfare requirements. The objective of this paper is to design a new agile antenna system called electromagnetic band gap (EBG) matrix. The working principle of this antenna is based on the radiating aperture theory and constitutes the subject of an accepted CNRS patent. In order to highlight the interest and the originality of this antenna, we present a comparison between it and a classical patch array only for the (one‐dimensional) 1D configuration by using a rigorous full wave simulation (CST Microwave software). In addition, EBG matrix antenna can be controlled by specific synthesis algorithms. These algorithms use inside their; optimization loop an analysis procedure to evaluate the radiation pattern. The analysis procedure is described and validated at the …",antennas,0.4
,,"General synthesis method for linear phased antenna array
N Fadlallah, M Rammal, H Rammal, P Vaudon… - IET microwaves, antennas & propagation, 2008
Cited by 15 Related articles All 6 versions",2008/6/2,2.0,https://www.academia.edu/download/46462552/iet-map_3A2007000420160614-10750-ccwg09.pdf,,,,338-342,antennas,Cited by 15,Mohamed Rammal,,,General synthesis method for linear phased antenna array,,"IET microwaves, antennas & propagation",,https://scholar.google.com/citations?view_op=view_citation&hl=en&user=TVtdu6wAAAAJ&citation_for_view=TVtdu6wAAAAJ:2osOgNQ5qMEC,4.0,IET,"N Fadlallah, M Rammal, H Rammal, P Vaudon, R Ghayoula, A Gharsallah","An efficient phase-only control method is presented to synthesise directive lobe and multilobe patterns, and create adaptive nulls in interference direction. The proposed method is based on iterative minimisation of a function that incorporates constraints imposed in each direction with respect to excitation phases. To verify the performances of the proposed technique, an eight-element array has been realised and tested for various types of beam configurations.",antennas,0.4
,,"Wideband patch antennas for mobile communications
K Alameddine, S Abou Chahine, M Rammal, Z Osman - AEU-International Journal of Electronics and …, 2006
Cited by 15 Related articles",2006/9/1,60.0,,,,,596-598,antennas,Cited by 15,Mohamed Rammal,,,Wideband patch antennas for mobile communications,,AEU-International Journal of Electronics and Communications,,https://scholar.google.com/citations?view_op=view_citation&hl=en&user=TVtdu6wAAAAJ&citation_for_view=TVtdu6wAAAAJ:Tyk-4Ss8FVUC,8.0,Urban & Fischer,"K Alameddine, S Abou Chahine, M Rammal, Z Osman","This paper describes a new technique for bandwidth enhancement of microstrip patch antennas. An electromagnetically coupled (EMC) feeding structure was employed to increase the bandwidth. L-strip feeding rectangular and triangular patches were simulated and tested. The obtained bandwidth (SWR⩽2) is about 1200MHz (52%) for the rectangular patch, while that of the triangular one is around 1300MHz (56%). These results provide evidence that the proposed designs can be used in the DCS, PCS, UMTS, WLAN and IMT-2000 service frequency bands.",antennas,0.606
,2011 11th Mediterranean Microwave Symposium (MMS),"Phase-only array beam control using a Taguchi optimization method
N Nemri, A Smida, R Ghayoula, H Trabelsi… - 2011 11th Mediterranean Microwave Symposium …, 2011
Cited by 13 Related articles All 3 versions",2011/9/8,,https://www.academia.edu/download/46514006/Phase-only_array_beam_control_using_a_Ta20160615-5297-18pexpe.pdf,,,,97-100,antennas,Cited by 13,Mohamed Rammal,,,Phase-only array beam control using a Taguchi optimization method,,,,https://scholar.google.com/citations?view_op=view_citation&hl=en&user=TVtdu6wAAAAJ&citation_for_view=TVtdu6wAAAAJ:4DMP91E08xMC,,IEEE,"N Nemri, A Smida, R Ghayoula, H Trabelsi, A Gharsallah",This paper introduces the developed hardware platforms of the smart antenna transmitter system and its implementation details and presents the novel concept of smart antenna system which requires digital beamforming based on Taguchi Method. This paper investigates how the implementation on STM8 of the signal processing in hardware affects the performance of the adaptive array antenna. This system shows excellent performance for the radiation pattern and capable to steering by adjusting the relative phases of the signal received or transmitted by each antenna. The objective of the design is to construct smart antenna beamforming systems with hardware-software implemented Taguchi Method.,antennas,0.4
,"2009 16th IEEE International Conference on Electronics, Circuits and Systems-(ICECS 2009)","Steering an adaptive antenna array by LMS algorithm
L Gargouri, R Ghayoula, N Fadlallah, A Gharsallah… - 2009 16th IEEE International Conference on …, 2009
Cited by 12 Related articles",2009/12/13,,,,,,459-462,antennas,Cited by 12,Mohamed Rammal,,,Steering an adaptive antenna array by LMS algorithm,,,,https://scholar.google.com/citations?view_op=view_citation&hl=en&user=TVtdu6wAAAAJ&citation_for_view=TVtdu6wAAAAJ:9yKSN-GCB0IC,,IEEE,"L Gargouri, Ridha Ghayoula, Najib Fadlallah, Ali Gharsallah, Mohamed Rammal","An adaptive antenna system consists of a combination of multiple antenna elements with a signal-processing capability to optimize its radiation and/or reception pattern automatically in response to the signal environment. In a telecommunication system, adaptive antenna system is the port through which radio frequency (RF) energy is coupled from the transmitter to the environment and, in reverse, to the receiver from the environment. In this paper, an efficient method for the pattern synthesis of the linear antenna arrays with the prescribed nulling and steering lobe is presented. The proposed method is based on LMS algorithm. This paper proposes the novel architecture for implementing a least mean square (LMS) algorithm, using an 8 quasi-Yagi array with its feeding system.",antennas,0.4
,,"Synthesis of phased cylindrical arc antenna arrays
H Rammal, C Olleik, K Sabbah, M Rammal, P Vaudon - International Journal of Antennas and Propagation, 2009
Cited by 12 Related articles All 12 versions",2009,2009.0,https://onlinelibrary.wiley.com/doi/pdf/10.1155/2009/691625,,,,691625,antennas,Cited by 12,Mohamed Rammal,,,Synthesis of phased cylindrical arc antenna arrays,,International Journal of Antennas and Propagation,,https://scholar.google.com/citations?view_op=view_citation&hl=en&user=TVtdu6wAAAAJ&citation_for_view=TVtdu6wAAAAJ:M3ejUd6NZC8C,1.0,Hindawi Publishing Corporation,"Hussein Rammal, Charif Olleik, Kamal Sabbah, Mohammad Rammal, Patrick Vaudon","This paper describes a new approach to synthesize cylindrical antenna arrays controlled by the phase excitation, to synthesize directive lobe and multilobe patterns with steered zero. The proposed method is based on iterative minimization of a function that incorporates constraints imposed in each direction. An 8‐element cylindrical antenna has been simulated and tested for various types of beam configurations.",antennas,0.4
,,"A novel low SAR water-based mobile handset antenna
N Nasser, D Serhal, R Barake, M Rammal, P Vaudon - Analog Integrated Circuits and Signal Processing, 2018
Cited by 8 Related articles All 5 versions",2018/8,96.0,,,,,353-361,antennas,Cited by 8,Mohamed Rammal,,,A novel low SAR water-based mobile handset antenna,,Analog Integrated Circuits and Signal Processing,,https://scholar.google.com/citations?view_op=view_citation&hl=en&user=TVtdu6wAAAAJ&cstart=20&pagesize=80&citation_for_view=TVtdu6wAAAAJ:TFP_iSt0sucC,,Springer US,"Najat Nasser, Dina Serhal, Rabih Barake, Mohammad Rammal, Patrick Vaudon","The effect of mobile phones on human health is becoming a serious concern in the last decade. This paper suggests a novel water-based cellular phone antenna for reducing the electromagnetic wave radiation toward human head. Two antennas are considered: a single band PIFA operating at 1.8 GHz, and a dual band PIFA operating at 900 MHz and 1.8 GHz. The specific absorption rate (SAR) is decreased up to 0.6 W/kg by limiting the propagation of near electromagnetic fields toward the human head and therefore reducing the current density distribution. The reduction of SAR is carried out by introducing an U-edge wall made of an absorbing water material at each corner of the ground plane.",antennas,0.605
,2014 International Radar Conference,"Agile radiating matrix antenna system for radar applications
H Abou Taam, GZ El Nashef, B Jecko, M Rammal - 2014 International Radar Conference, 2014
Cited by 8 Related articles All 2 versions",2014/10/13,,https://www.researchgate.net/profile/Georges-Zakka-El-Nashef/publication/267923814_Agile_Radiating_Matrix_Antenna_System_For_Radar_Applications/links/5469b8e10cf2397f782d85ac/Agile-Radiating-Matrix-Antenna-System-For-Radar-Applications.pdf,,,,1-4,antennas,Cited by 8,Mohamed Rammal,,,Agile radiating matrix antenna system for radar applications,,,,https://scholar.google.com/citations?view_op=view_citation&hl=en&user=TVtdu6wAAAAJ&cstart=20&pagesize=80&citation_for_view=TVtdu6wAAAAJ:qUcmZB5y_30C,,IEEE,"Hussein Abou Taam, Georges Zakka El Nashef, Bernard Jecko, Mohamed Rammal",This paper presents an agile radiating matrix antenna which is formed by an association of several and identical special radiating elements called `pixels'. Those pixels have special properties concerning its radiating apertures. The matrix antenna working principle is based on the equivalent radiating surface approach and not on the classical array approach. The aim of this paper is to show the matrix antenna performances concerning its ability to achieve a great beam steering for high scanning angles which is used for target following and military bases monitoring in radar applications. The principle of this antenna constitutes the subject of an accepted CNRS (Centre National de la Recherche Scientifique) patent.,antennas,0.4
,,"Neural network synthesis beamforming model for one-dimensional antenna arrays
R Ghayoula, N Fadlallah, A Gharsallah, M Rammal - The Mediterranean Journal of Electronics and …, 2008
Cited by 8 Related articles",2008,4.0,,,,,126-131,antennas,Cited by 8,Mohamed Rammal,,,Neural network synthesis beamforming model for one-dimensional antenna arrays,,The Mediterranean Journal of Electronics and Communications,,https://scholar.google.com/citations?view_op=view_citation&hl=en&user=TVtdu6wAAAAJ&cstart=20&pagesize=80&citation_for_view=TVtdu6wAAAAJ:aqlVkmm33-oC,1.0,,"R Ghayoula, N Fadlallah, A Gharsallah, M Rammal",,antennas,0.4
,,"Design, modelling, and synthesis of radiation pattern of intelligent antenna by artificial neural networks
R Ghayoula, A Gharsallah, N Fadlallah, M Rammal - Applied Computational Electromagnetics Society …, 2008
Cited by 8 Related articles All 2 versions",2008,,https://journals.riverpublishers.com/index.php/ACES/article/download/16105/13105,,,,336-344,antennas,Cited by 8,Mohamed Rammal,,,"Design, modelling, and synthesis of radiation pattern of intelligent antenna by artificial neural networks",,Applied Computational Electromagnetics Society Journal (ACES),,https://scholar.google.com/citations?view_op=view_citation&hl=en&user=TVtdu6wAAAAJ&cstart=20&pagesize=80&citation_for_view=TVtdu6wAAAAJ:UeHWp8X0CEIC,,,"R Ghayoula, A Gharsallah, N Fadlallah, M Rammal","The work presented in this paper refers to the synthesis of the radiation pattern of intelligent antennas by the artificial neural networks (ANN) based on linear antennas array supplied with coaxial lines. The method of synthesis implemented for this type of antennas makes it possible to approach with an optimal desired radiation pattern specified by a gauge with modifying amplitude, phase excitation and sources space distribution. The approach used is based on geometry of the antennas and the artificial neural networks (ANN) which are able to model the linear antennas array. Our principal contribution in this paper is the extension of a synthesis model of the radiation pattern. The developed synthesis is based on the neural networks technique.",antennas,0.606
,2013 7th European Conference on Antennas and Propagation (EuCAP),"Interests of a 1D EBG Matrix compared to a patch array in terms of mutual coupling and grating lobe
H Abou Taam, MS Toubet, T Monediere, B Jecko… - 2013 7th European Conference on Antennas and …, 2013
Cited by 7 Related articles All 3 versions",2013/4/8,,,,,,1045-1048,antennas,Cited by 7,Mohamed Rammal,,,Interests of a 1D EBG Matrix compared to a patch array in terms of mutual coupling and grating lobe,,,,https://scholar.google.com/citations?view_op=view_citation&hl=en&user=TVtdu6wAAAAJ&cstart=20&pagesize=80&citation_for_view=TVtdu6wAAAAJ:0EnyYjriUFMC,,IEEE,"Hussein Abou Taam, Moutapha Salah Toubet, Thierry Monediere, Bernard Jecko, Mohamed Rammal","In this paper, we present a theoretical study on the interests of a 1D (one-dimensional) EBG Matrix versus the patch array, in terms of mutual coupling and grating lobes. To prove this interest, a comparison is made between these two antenna systems. The aim of this paper is to offer new antenna systems to the market for specific applications.",antennas,0.4
,,"Antennas Propag.,“
R Ghayoula, N Fadlallah, A Gharsallah, M Rammal - Phase-Only Adaptive Nulling with Neural Networks for …, 2009
Cited by 7 Related articles",2009,3.0,,,,,154-163,antennas,Cited by 7,Mohamed Rammal,,,"Antennas Propag.,“",,Phase-Only Adaptive Nulling with Neural Networks for Antenna Array Synthesis,,https://scholar.google.com/citations?view_op=view_citation&hl=en&user=TVtdu6wAAAAJ&cstart=20&pagesize=80&citation_for_view=TVtdu6wAAAAJ:4JMBOYKVnBMC,,,"R Ghayoula, N Fadlallah, A Gharsallah, M Rammal",,antennas,0.8
,,"Study of mutual coupling effects in adaptive-beam antenna arrays
C Olleik, N Fadlallah, M Rammal - Proceedings of the Technical-Scientific International …, 2008
Cited by 7 Related articles",2008/10,,,,,,,antennas,Cited by 7,Mohamed Rammal,,,Study of mutual coupling effects in adaptive-beam antenna arrays,,Proceedings of the Technical-Scientific International Conference,,https://scholar.google.com/citations?view_op=view_citation&hl=en&user=TVtdu6wAAAAJ&cstart=20&pagesize=80&citation_for_view=TVtdu6wAAAAJ:g5m5HwL7SMYC,,,"C Olleik, N Fadlallah, M Rammal",,antennas,0.4
,2007 IEEE Radar Conference,"Artificial Neural Networks ANN Approach for the Synthesis of Patch Antennas
R Ghayoula, A Gharsallah, N Fadlallah, M Rammal - 2007 IEEE Radar Conference, 2007
Cited by 7 Related articles All 2 versions",2007/4/17,,https://www.researchgate.net/profile/Ridha-Ghayoula/publication/4256044_Artificial_Neural_Networks_ANN_Approach_for_the_Synthesis_of_Patch_Antennas/links/6031e482299bf1cc26dda58a/Artificial-Neural-Networks-ANN-Approach-for-the-Synthesis-of-Patch-Antennas.pdf,,,,285-290,antennas,Cited by 7,Mohamed Rammal,,,Artificial Neural Networks ANN Approach for the Synthesis of Patch Antennas,,,,https://scholar.google.com/citations?view_op=view_citation&hl=en&user=TVtdu6wAAAAJ&cstart=20&pagesize=80&citation_for_view=TVtdu6wAAAAJ:roLk4NBRz8UC,,IEEE,"R Ghayoula, A Gharsallah, N Fadlallah, M Rammal","Patch antennas plane networks have been used largely in communication systems. Their capability to change radiation pattern electronically, multi-beam capacity and high spatial resolution has made them attractive for mobile communication applications. The work presented in this paper refers to the synthesis of periodic patch antennas plane networks supplied with coaxial lines. The method of synthesis used for this type of networks let's possible an optimal approach for the desired radiation pattern specified by a gauge sensible for source excitation and space distribution of the radiant sources. The development of the synthesis is based on the neural networks technique.",antennas,0.605
,,"Wideband reconfigurable millimeter-wave linear array antenna using liquid crystal for 5G networks
AEH Hassan, N Fadlallah, M Rammal, GZ El Nashef… - Wireless Engineering and Technology, 2021
Cited by 4 Related articles All 2 versions",2021/1/29,12.0,https://www.scirp.org/journal/paperinformation?paperid=107463,,,,1-14,antennas,Cited by 4,Mohamed Rammal,,,Wideband reconfigurable millimeter-wave linear array antenna using liquid crystal for 5G networks,,Wireless Engineering and Technology,,https://scholar.google.com/citations?view_op=view_citation&hl=en&user=TVtdu6wAAAAJ&cstart=20&pagesize=80&citation_for_view=TVtdu6wAAAAJ:35N4QoGY0k4C,1.0,Scientific Research Publishing,"Ali El Hajj Hassan, Najib Fadlallah, Mohammad Rammal, Georges Zakka El Nashef, Elias Rachid","The advanced design of a 10 × 1 linear antenna array system with the capa-bility of frequency tunability using GT3-23001 liquid crystal (LC) is pro-posed. The design for this reconfigurable wideband antenna array for 5G ap-plications at Ka-band millimeter-wave (mmw) consists of a double layer of stacked patch antenna with aperture coupled feeding. The bias voltage over LC varies from 0 V to 10.6 V to achieve a frequency tunability of 1.18 GHz. The array operates from 25.3 GHz to 33.8 GHz with a peak gain of 19.2 dB and a beamwidth of 5.2° at 30 GHz. The proposed reconfigurable antenna ar-ray represents a real and efficient solution for the recent and future mmw 5G networks. The proposed antenna is suitable for 5G base stations in stadiums, malls and convention centers. It is proper for satellite communications and radars at mmw.",antennas,0.4
,2019 2nd IEEE Middle East and North Africa COMMunications Conference (MENACOMM),"Compact reconfigurable stacked patch antenna using liquid crystal for 5G networks
AEH Hassan, N Fadlallah, G El Nashef, M Rammal… - 2019 2nd IEEE Middle East and North Africa …, 2019
Cited by 4 Related articles",2019/11/19,,,,,,1-4,antennas,Cited by 4,Mohamed Rammal,,,Compact reconfigurable stacked patch antenna using liquid crystal for 5G networks,,,,https://scholar.google.com/citations?view_op=view_citation&hl=en&user=TVtdu6wAAAAJ&cstart=20&pagesize=80&citation_for_view=TVtdu6wAAAAJ:NaGl4SEjCO4C,,IEEE,"Ali El Hajj Hassan, Najib Fadlallah, Georges El Nashef, Mohammad Rammal, Elias Rachid","In this paper, an improved design is presented to achieve a compact reconfigurable wideband antenna based on GT3-23001 liquid crystal (LC) for millimeter wave (mmw) 5G networks. The proposed design consists of two stacked patch antenna using aperture coupled feeding. The GT3-23001 LC is an anisotropic dielectric material used as substrate and it has a variable permittivity that can be controlled by a biasing voltage. The dimensions of the designed stacked patch antenna are (5.34 × 5.34 × 2.06) in mm. The proposed antenna is suitable for radar, satellite communications and for 5G applications, such as theatres, shopping malls, convention centers and stadiums. It operates at millimeter wave from 25.4 to 33.5 GHz with a bandwidth of 8.16 GHz and a maximum antenna gain of 6.75 dB is achieved.",antennas,0.4
,,"ARMA feeding techniques for isoflux coverage from a micro satellite
A Siblini, HA Taam, B Jecko, M Ramma, A Bellion… - Advances in Science, Technology and Engineering …, 2017
Cited by 4 Related articles",2017,2.0,,,,,63-69,antennas,Cited by 4,Mohamed Rammal,,,ARMA feeding techniques for isoflux coverage from a micro satellite,,"Advances in Science, Technology and Engineering Systems Journal",,https://scholar.google.com/citations?view_op=view_citation&hl=en&user=TVtdu6wAAAAJ&cstart=20&pagesize=80&citation_for_view=TVtdu6wAAAAJ:maZDTaKrznsC,,,"A Siblini, HA Taam, B Jecko, M Ramma, A Bellion, E Arnaud",,Unclassified,0.0
,2016 Wireless Telecommunications Symposium (WTS),"New circularly polarized Matrix antenna for space applications
A Siblini, B Jecko, H Abou Taam, M Rammal, A Bellion - 2016 Wireless Telecommunications Symposium (WTS), 2016
Cited by 4 Related articles All 6 versions",2016/4/18,,https://hal.science/hal-01321034/document,,,,1-4,antennas,Cited by 4,Mohamed Rammal,,,New circularly polarized Matrix antenna for space applications,,,,https://scholar.google.com/citations?view_op=view_citation&hl=en&user=TVtdu6wAAAAJ&cstart=20&pagesize=80&citation_for_view=TVtdu6wAAAAJ:e5wmG9Sq2KIC,,IEEE,"Ali Siblini, Bernard Jecko, Hussein Abou Taam, Mohamed Rammal, Anthony Bellion","This paper presents a new electromagnetic approach of matrix antenna, specialized for circularly polarized space applications. The design of the proposed antenna matrix is based on small pixels which generate circular polarization field. The concept of the pixels is well demonstrated as a patent and verified for the use in antenna arrays. The design will be used for several space applications with directive and wide angle beams.",antennas,0.4
,,"Design development and experimental validation of an EBG matrix antenna for tracking application
H Abou Taam, GZ El Nashef, E Arnaud, N Chevalier… - International Journal of Microwave and Wireless …, 2017
Cited by 3 Related articles All 3 versions",2017/2,9.0,,,,,231-239,antennas,Cited by 3,Mohamed Rammal,,,Design development and experimental validation of an EBG matrix antenna for tracking application,,International Journal of Microwave and Wireless Technologies,,https://scholar.google.com/citations?view_op=view_citation&hl=en&user=TVtdu6wAAAAJ&cstart=20&pagesize=80&citation_for_view=TVtdu6wAAAAJ:HDshCWvjkbEC,1.0,Cambridge University Press,"Hussein Abou Taam, Georges Zakka El Nashef, Eric Arnaud, Nicolas Chevalier, Bertrand Lenoir, Bernard Jecko, Mohamed Rammal","Today's increase of functions, improvement of performances, and cost reductions required on an agile electronically scanned antenna, drive researchers to develop an innovative antennas’ concept in order to deal with the proposed challenge. In this context, this article describes and demonstrates an experimental prototype to show the reliability and efficiency of the electromagnetic band gap (EBG) matrix antenna theoretical aspect, for beam forming and beam steering applications. The originality of this work is the antenna itself which constitutes the subject of an accepted national and international patent. In fact, the proposed antenna is based on the equivalent radiating surface approach and used special EBG antennas called “pixels” to overcome some of the array approach defects. The antenna has demonstrated different electromagnetic behaviors, such as low mutual coupling, high gain preservation for high …",antennas,0.604
,,"Scan Performance and Reconfigurability of Agile Radiating Matrix Antenna Prototype
H Abou Taam, G Zakka El Nashef, M Salah Toubet… - International Journal of Antennas and Propagation, 2015
Cited by 3 Related articles All 11 versions",2015,2015.0,https://onlinelibrary.wiley.com/doi/pdf/10.1155/2015/169303,,,,169303,antennas,Cited by 3,Mohamed Rammal,,,Scan Performance and Reconfigurability of Agile Radiating Matrix Antenna Prototype,,International Journal of Antennas and Propagation,,https://scholar.google.com/citations?view_op=view_citation&hl=en&user=TVtdu6wAAAAJ&cstart=20&pagesize=80&citation_for_view=TVtdu6wAAAAJ:hC7cP41nSMkC,1.0,Hindawi Publishing Corporation,"H Abou Taam, G Zakka El Nashef, M Salah Toubet, E Arnaud, B Jecko, T Monediere, M Rammal","This paper is dedicated to different experimental validations concerning a novel concept of beam forming and beam steering antenna. The working principle of the antenna is based on the equivalent radiating surface approach and inspired from an electromagnetic band gap antenna. The theoretical aspect and some numerical validations have been already published in the work of Abou Taam et al. (2014). Different electromagnetic behaviors have been demonstrated, such as low mutual coupling, and high gain preservation for high scanning angles values. In this paper, some of these electromagnetic behaviors will be proven experimentally by the means of two different feeding configurations.",antennas,0.4
,,"A New Agile Radiating System Called Electromagnetic Band Gap Matrix Antenna.
HA Taam, MS Toubet, T Monediere, B Jecko… - International Journal of Antennas & Propagation, 2014
Cited by 3 Related articles",2014/1/1,,,,,,,antennas,Cited by 3,Mohamed Rammal,,,A New Agile Radiating System Called Electromagnetic Band Gap Matrix Antenna.,,International Journal of Antennas & Propagation,,https://scholar.google.com/citations?view_op=view_citation&hl=en&user=TVtdu6wAAAAJ&cstart=20&pagesize=80&citation_for_view=TVtdu6wAAAAJ:RYcK_YlVTxYC,,,"Hussein Abou Taam, Moustapha Salah Toubet, Thierry Monediere, Bernard Jecko, Mohammad Rammal","Civil and military applications are increasingly in need for agile antenna devices which respond to wireless telecommunications, radars, and electronic warfare requirements. The objective of this paper is to design a new agile antenna system called electromagnetic band gap (EBG) matrix. The working principle of this antenna is based on the radiating aperture theory and constitutes the subject of an accepted CNRS patent. In order to highlight the interest and the originality of this antenna, we present a comparison between it and a classical patch array only for the (one-dimensional) 1D configuration by using a rigorous full wave simulation (CST Microwave software). In addition, EBG matrix antenna can be controlled by specific synthesis algorithms. These algorithms use inside their; optimization loop an analysis procedure to evaluate the radiation pattern. The analysis procedure is described and validated at the …",antennas,0.4
,,"A novel design of phased antenna array based on digital beamforming
R Ghayoula, N Fadlallah, B Granado, A Gharsallah… - International Journal of Research and Reviews in …, 2011
Cited by 3 Related articles All 3 versions",2011/9,1.0,https://www.academia.edu/download/46462565/A_Novel_Design_of_Phased_Antenna_Array_B20160614-8954-vup6ww.pdf,,,,,antennas,Cited by 3,Mohamed Rammal,,,A novel design of phased antenna array based on digital beamforming,,International Journal of Research and Reviews in Wireless Communications (IJRRWC),,https://scholar.google.com/citations?view_op=view_citation&hl=en&user=TVtdu6wAAAAJ&cstart=20&pagesize=80&citation_for_view=TVtdu6wAAAAJ:IjCSPb-OGe4C,3.0,,"Ridha Ghayoula, Najib Fadlallah, Bertand Granado, Ali Gharsallah, Mohamed Rammal","The phased antenna array consists of a combination of multiple antenna elements with a signal-processing capability to optimize its radiation and/or reception pattern automatically in response to the signal environment. In a telecommunication, the phased antenna array is the port through which radio frequency (RF) energy is coupled from the transmitter to the environment and, in reverse, to the receiver from the environment. In this paper, a novel design of phased antenna array based on digital beamforming is proposed. The goal of the design is to construct smart antenna beamforming systems with hardware-software implemented neural network. A newly proposed synthesis method is used to design antenna arrays capable of delivering a much better radiation performance in terms of homogenous coverage and reduced interference with phased arrays and capable to beamforming and electronic steering by adjusting the relative phases of the signal received or transmitted by each antenna. To verify the performances of the proposed technique, an 8-element array has been realized and tested for various types of beam configurations.",antennas,0.4
,,"Synthèse de diagramme de rayonnement d’un réseau d’antennes linéaires par la méthode Dolph-Tchebycheff
R GHAYOULA, A GHARSALLAH, N FADLALLAH… - … Conference: Sciences of Electronic, technologics of …, 2007
Cited by 3 Related articles All 2 versions",2007/3/25,,https://www.researchgate.net/profile/Mohammad-Rammal-3/publication/267801563_Synthese_de_diagramme_de_rayonnement_d%27un_reseau_d%27antennes_lineaires_par_la_methode_Dolph-Tchebycheff/links/550bb17c0cf265693cef90e3/Synthese-de-diagramme-de-rayonnement-dun-reseau-dantennes-lineaires-par-la-methode-Dolph-Tchebycheff.pdf,,,,,antennas,Cited by 3,Mohamed Rammal,,,Synthèse de diagramme de rayonnement d’un réseau d’antennes linéaires par la méthode Dolph-Tchebycheff,,"4thInternational Conference: Sciences of Electronic, technologics of Information and Telecommunications",,https://scholar.google.com/citations?view_op=view_citation&hl=en&user=TVtdu6wAAAAJ&cstart=20&pagesize=80&citation_for_view=TVtdu6wAAAAJ:eQOLeE2rZwMC,,,"Ridha GHAYOULA, Ali GHARSALLAH, Najib FADLALLAH, Mohamed RAMMAL","L'objectif de cet article est l'étude du phénomène de rayonnement du réseau d’antennes linéaire lorsque les sources sont pondérées, en particulier comment choisir la loi de pondérations pour que la répartition spatiale de la puissance rayonnée par le réseau considère satisfasse à des contraintes que l'on se fixe. La synthèse développée est basée sur la méthode de Dolphh-Tchebycheff.",antennas,0.4
,,"Compensating for the mutual coupling effect on a synthesized pattern array
D Eclercy, M Rammal, A Reineix, B Jecko - Microwave and Optical Technology Letters, 1996
Cited by 3 Related articles All 3 versions",1996/5,12.0,,,,,50-52,antennas,Cited by 3,Mohamed Rammal,,,Compensating for the mutual coupling effect on a synthesized pattern array,,Microwave and Optical Technology Letters,,https://scholar.google.com/citations?view_op=view_citation&hl=en&user=TVtdu6wAAAAJ&cstart=20&pagesize=80&citation_for_view=TVtdu6wAAAAJ:zYLM7Y9cAGgC,1.0,"Wiley Subscription Services, Inc., A Wiley Company","D Eclercy, M Rammal, A Reineix, B Jecko","The purpose of this communication is to discuss the effect of the mutual coupling between element arrays on the radiation pattern, and to compensate for this effect in introducing them into a power far‐field pattern synthesis array. The synthesized pattern is an optimum approximation to the prescribed power pattern in the minmax sense. A study is realized for shaped sectarian and cosecant beams. © 1996 John Wiley & Sons, Inc.",Unclassified,0.0
,,"Contribution à l'étude et à la synthèse de réseaux d'antennes imprimées: Application à la conception de réseaux à lobes formés
M Rammal - 1993
Cited by 3 Related articles All 3 versions",1993/1/1,,,,,,,antennas,Cited by 3,Mohamed Rammal,,,Contribution à l'étude et à la synthèse de réseaux d'antennes imprimées: Application à la conception de réseaux à lobes formés,Limoges,,,https://scholar.google.com/citations?view_op=view_citation&hl=en&user=TVtdu6wAAAAJ&cstart=20&pagesize=80&citation_for_view=TVtdu6wAAAAJ:YsMSGLbcyi4C,,,Mohamed Rammal,"Une methode de synthese de reseaux d'antennes a rayonnements specifies est presentee de maniere detaillee tout le long de la these. La technique numerique developpee permet la prise en compte: du diagramme de rayonnement de la source elementaire, du couplage entre les elements, des contraintes imposees sur les coefficients d'excitation ou sur la geometrie du reseau. On definit deux types de solutions: une reelle, qui implique une loi d'excitation symetrique complexe conjuguee par rapport au centre de l'alignement, une telle loi donnant des resultats optimaux pour des reseaux directifs; l'autre complexe, qui ne fait pas d'hypothese a priori sur la loi d'excitation, elle se revele meilleure pour la qualite de formation du lobe. De nombreuses realisations pratiques de reseaux d'antennes imprimees a rayonnements specifies sont presentes",antennas,0.4
,,"Analysis of Human Head Interaction in Handset Antennas Using Ground Plane Corrugation
H Moghnieh, M Rammal, R Barakeh, E Rachid - IEEE Access, 2024
Cited by 2 Related articles All 2 versions",2024/10/8,,https://ieeexplore.ieee.org/iel8/6287639/6514899/10707628.pdf,,,,,antennas,Cited by 2,Mohamed Rammal,,,Analysis of Human Head Interaction in Handset Antennas Using Ground Plane Corrugation,,IEEE Access,,https://scholar.google.com/citations?view_op=view_citation&hl=en&user=TVtdu6wAAAAJ&cstart=20&pagesize=80&citation_for_view=TVtdu6wAAAAJ:rO6llkc54NcC,,IEEE,"Hawraa Moghnieh, Mohammad Rammal, Rabih Barakeh, Elias Rachid","This paper presents a novel approach for designing a mobile antenna with a Low Specific Absorption Rate (SAR). First, the relationship between the electric field and the SAR value is constructed based on the Poynting Theorem studied in the near-field interaction area. Then, the relationship between the surface current and the magnetic field was examined, establishing a connection between the SAR and the surface current on the ground of the antenna. Next, the interaction mechanism of the radiation fields of the antennas with nearby human tissues was studied using electromagnetic boundary conditions derived from Maxwell’s equations. The approach of reducing the antenna radiated electric field was proposed by directly amending the antenna surface current, thereby reducing the SAR levels in human tissues. Finally, three low-SAR antennas are designed according to the proposed approach. This approach …",antennas,0.605
,2023 IEEE Conference on Antenna Measurements and Applications (CAMA),"A Novel SAR Reduction Technique in Antennas for Mobile Communication Using Loaded U-Shaped Edges
H Moghnieh, R Barake, M Rammal, E Rachid… - 2023 IEEE Conference on Antenna Measurements and …, 2023
Cited by 2 Related articles",2023/11/15,,,,,,522-525,antennas,Cited by 2,Mohamed Rammal,,,A Novel SAR Reduction Technique in Antennas for Mobile Communication Using Loaded U-Shaped Edges,,,,https://scholar.google.com/citations?view_op=view_citation&hl=en&user=TVtdu6wAAAAJ&cstart=20&pagesize=80&citation_for_view=TVtdu6wAAAAJ:SeFeTyx0c_EC,,IEEE,"Hawraa Moghnieh, Rabih Barake, Mohammad Rammal, Elias Rachid, Mohammad Shaaban",This paper proposes a new SAR reduction technique for a dual band Planar Inverted F Antenna (PIFA) operating at GSM 900 MHz and at DCS 1800 MHz. Loaded U-edges surrounding ground plane to control the current density. The optimal structure reduces SAR of the PIFA by 60% at 900 MHz and 70% at 1800 MHz. The technique is validated using time domain simulation.,antennas,0.607
,,"Beam-steering improvements using agile beam radiating surfaces
B Jecko, M Majed, M Rammal, H Abou Taam, J Andrieu - Fermat, 2021
Cited by 2 Related articles",2021/3,44.0,https://www.researchgate.net/profile/B-Jecko/publication/355369322_Beam-steering_improvements_using_agile_beam_radiating_surfaces/links/616d36da951b3574c65e46fb/Beam-steering-improvements-using-agile-beam-radiating-surfaces.pdf,,,,,antennas,Cited by 2,Mohamed Rammal,,,Beam-steering improvements using agile beam radiating surfaces,,Fermat,,https://scholar.google.com/citations?view_op=view_citation&hl=en&user=TVtdu6wAAAAJ&cstart=20&pagesize=80&citation_for_view=TVtdu6wAAAAJ:70eg2SAEIzsC,3.0,,"B Jecko, M Majed, M Rammal, H Abou Taam, J Andrieu","The beam-steering procedure is usually performed using the AESA (Agile Electronically Scanned Array) technique which presents some limitations. Therefore, the question is: Is the array technique the best solution to perform the beam-steering? To answer this question, a rigorous approach has been performed and after, sampling procedures were applied to introduce the agility. The use of a Dirac Comb sampler leads to the array solution (AESA), while a more accurate sampling procedure based on rectangular functions leads to an intrinsically better design than the array, based on “pixels”. The advantage is highly significant in order to obtain beams corresponding to high steering angles; particularly wide frequency band solutions are obtained with pixelization lobes more than 6 dBi lower than AESA grating lobes.",Unclassified,0.0
,,"AlN Etching under ICP Cl2/BCl3/Ar Plasma Mixture: Experimental Characterization and Plasma Kinetic Model
M Rammal, A Rhallabi, D Néel, D Make, A Shen… - MRS Advances, 2019
Cited by 2 Related articles All 5 versions",2019/1,4.0,https://www.researchgate.net/profile/Mohammad-Rammal/publication/330763537_AlN_Etching_under_ICP_Cl2BCl3Ar_Plasma_Mixture_Experimental_Characterization_and_Plasma_Kinetic_Model/links/5cdd3f6d458515712eae4277/AlN-Etching-under-ICP-Cl2-BCl3-Ar-Plasma-Mixture-Experimental-Characterization-and-Plasma-Kinetic-Model.pdf,,,,1579-1587,antennas,Cited by 2,Mohamed Rammal,,,AlN Etching under ICP Cl2/BCl3/Ar Plasma Mixture: Experimental Characterization and Plasma Kinetic Model,,MRS Advances,,https://scholar.google.com/citations?view_op=view_citation&hl=en&user=TVtdu6wAAAAJ&cstart=20&pagesize=80&citation_for_view=TVtdu6wAAAAJ:blknAaTinKkC,27.0,Materials Research Society,"Mohammad Rammal, Ahmed Rhallabi, Delphine Néel, Dalila Make, Alexandre Shen, Abdou Djouadi","AlN etching with chloride plasmas is studied. The experimental results show that the etching of AlN under a low pressure Cl2/Ar plasma mixture in moderate DC bias is not possible. The addition of BCl3 gas to Cl2/Ar mixture allows the etching of AlN materials. However the obtained properties of etched AlN is still not in conformity with the technological specification especially for the condition which the etched AlN must be kept only along the sidewall of the InP laser cavity and be removed elsewhere (selective etching). To know more about the effect of the BCl3 addition to the Cl2/Ar plasma mixture, global model of BCl3/Cl2/Ar is developed to quantify the neutral and ion densities as well as the electron density and temperature. The simulation results show that the electron density and low pressure linearly varies with the RF power. The negative ion density decreases with the percentage of BCl3 leading to the …",Unclassified,0.0
"International conference on the Sciences of Electronics, Technologies of Information and Telecommunications",,"Impact of Phone and Hand Position on SAR Distribution Using Liquid-Based PIFA Antenna
D Serhal, N Nasser, M Rammal, P Vaudon - International conference on the Sciences of Electronics …, 2018
Cited by 2 Related articles",2018/12/18,,,,,,312-320,antennas,Cited by 2,Mohamed Rammal,,,Impact of Phone and Hand Position on SAR Distribution Using Liquid-Based PIFA Antenna,,,,https://scholar.google.com/citations?view_op=view_citation&hl=en&user=TVtdu6wAAAAJ&cstart=20&pagesize=80&citation_for_view=TVtdu6wAAAAJ:YFjsv_pBGBYC,,Springer International Publishing,"Dina Serhal, Najat Nasser, Mohamed Rammal, Patrick Vaudon","This paper presents a new design of PIFA antenna used for mobile phones with a very low specific absorption rate (SAR). Our proposed antenna structure is based on reshaping the ground plane by adding metallic walls filled with an absorbing liquid in order to limit the distribution of the surface current existing on the antenna. This will lead to reducing the electromagnetic radiation toward the human head and therefore the SAR, to attain less than 0.7 W/kg averaged over 10 g in presence of the human head. The effect of the tilting positions of the phone with respect to the human head and the rotation angle of the user’s hand on the SAR is also investigated. Simulation results show that the SAR can be reduced by more than 85% when the mobile phone is tilted upwards by 20° with respect to the horizon. Moreover, the presence of the hand reduces the SAR by 35%. However, the tilt position of the human …",antennas,0.4
,International Heat Transfer Conference Digital Library,"High thermal conductivity thin film for heat spreading enhancement in microelectronic measured using short pulsed photothermal technique
M Rammal, B Garnier, P Jayapragasam, C Rodiet… - International Heat Transfer Conference Digital Library, 2018
Cited by 2 Related articles All 4 versions",2018,,https://www.researchgate.net/profile/Mohammad-Rammal/publication/331207493_High_thermal_conductivity_thin_film_for_heat_spreading_enhancement_in_microelectronic_measured_using_short_pulsed_photothermal_technique/links/5e64e61a92851c7ce04f6510/High-thermal-conductivity-thin-film-for-heat-spreading-enhancement-in-microelectronic-measured-using-short-pulsed-photothermal-technique.pdf,,,,,antennas,Cited by 2,Mohamed Rammal,,,High thermal conductivity thin film for heat spreading enhancement in microelectronic measured using short pulsed photothermal technique,,,,https://scholar.google.com/citations?view_op=view_citation&hl=en&user=TVtdu6wAAAAJ&cstart=20&pagesize=80&citation_for_view=TVtdu6wAAAAJ:NMxIlDl6LWMC,,Begel House Inc.,"M Rammal, Bertrand Garnier, P Jayapragasam, C Rodiet, BE Belkerk, J Camus, MA Djouadi","Due to increase in density and performance of electronic devices, heat dissipation in multilayer assembly has to be managed carefully especially close to the heat sources. Heat transfer can be improved with the implementation of a heat spreader such as a thermally conductive thin film. However, their elaboration is critical since the obtained thermal conductivities are very sensitive to synthesis condition and growth mechanism of thin film which involve various crystalline qualities and microstructures. Pulsed photothermal technique is one of the few techniques that can provide thin film high thermal conductivity measurement. Nevertheless, due to the very small involved time scales about 50 to 100 ns for heat transfer inside such a thin film, one has to be very careful in order to avoid several bias during parameter estimation. This work will present the effect of various heat flux evolution showing that traditional use of a …",Unclassified,0.0
,2013 IEEE Radar Conference (RadarCon13),"1D Ultra Low-Profile (ULP) EBG matrix for radar applications
MS Toubet, H Abou Taam, B Jecko, M Rammal - 2013 IEEE Radar Conference (RadarCon13), 2013
Cited by 2 Related articles All 2 versions",2013/4/29,,,,,,1-4,antennas,Cited by 2,Mohamed Rammal,,,1D Ultra Low-Profile (ULP) EBG matrix for radar applications,,,,https://scholar.google.com/citations?view_op=view_citation&hl=en&user=TVtdu6wAAAAJ&cstart=20&pagesize=80&citation_for_view=TVtdu6wAAAAJ:hqOjcs7Dif8C,,IEEE,"Moustapha Salah Toubet, Hussein Abou Taam, Bernard Jecko, Mohamed Rammal","This article presents a new antenna for radar applications. It is composed by a Joint Ultra Low-Profile EBG antennas (or pixels) which form a 1D Matrix. The advantage of this solution is the fact that each pixel is isolated to the neighboring ones by metallic walls which make them independent of each other and reduce the coupling levels. With this design it is possible to cover a zone with a constant energy over an angle of 40° ([−20°, 20°]), without changing the maximum directivity (12.8 dBi), the angular aperture and the sidelobes levels (less than −18 dB from the maximum directivity).",antennas,0.605
,,"Stability study of smart antenna systems using homodyne receivers for DOA estimation
A Abdallah, M Abou Chahine, K Sabbah… - WSEAS Transactions on Communications, 2007
Cited by 2 Related articles All 2 versions",2007/1/15,6.0,,,,,INCONNU,antennas,Cited by 2,Mohamed Rammal,,,Stability study of smart antenna systems using homodyne receivers for DOA estimation,,WSEAS Transactions on Communications,,https://scholar.google.com/citations?view_op=view_citation&hl=en&user=TVtdu6wAAAAJ&cstart=20&pagesize=80&citation_for_view=TVtdu6wAAAAJ:_FxGoFyzp5QC,1.0,,"Ayman Abdallah, Mouhamad Abou Chahine, Kamal Sabbah, Moctar Mouhamadou, Mohamed Rammal, Guillaume Neveux, Michel Campovecchio","Stability Study of Smart Antenna Systems using Homodyne Receivers for DOA Estimation - Archive ouverte HAL Recherche Accéder directement au contenu Pied de page Logo Logo Documentation FR Français (FR) Anglais (EN) Se connecter HAL science ouverte Recherche Loading... Recherche avancée Information de documents Titres Titres Sous-titre Titre de l'ouvrage Titre du volume (Série) Champ de recherche par défaut (multicritères) + texte intégral des PDF Résumé Texte intégral indexé des documents PDF Mots-clés Type de document Sous-type de document Tous les identifiants du document Identifiant HAL du dépôt Langue du document (texte) Pays (Texte) Ville À paraître (true ou false) Ajouter Auteur Auteur (multicritères) Auteur (multicritères) Auteur : Nom complet Auteur : Nom de famille Auteur : Prénom Auteur : Complément de nom, deuxième prénom Auteur : Organisme payeur Auteur : IdHal (…",antennas,0.4
,LAPC (Loughborough Antennas & Propagation Conference),"Adaptive beamforming synthesis for linear antenna array controlling only by phase with interference canceller.
M Mouhamadou, N Fadlallah, P Vaudon, M Rammal - LAPC (Loughborough Antennas & Propagation …, 2006
Cited by 2 Related articles",2006/4/11,,,,,,,antennas,Cited by 2,Mohamed Rammal,,,Adaptive beamforming synthesis for linear antenna array controlling only by phase with interference canceller.,,,,https://scholar.google.com/citations?view_op=view_citation&hl=en&user=TVtdu6wAAAAJ&cstart=20&pagesize=80&citation_for_view=TVtdu6wAAAAJ:W7OEmFMy1HYC,,,"Moctar Mouhamadou, N Fadlallah, Patrick Vaudon, Mohamed Rammal","Adaptive beamforming synthesis for linear antenna array controlling only by phase with interference canceller. - Archive ouverte HAL Recherche Accéder directement au contenu Pied de page Logo Logo Documentation FR Français (FR) Anglais (EN) Se connecter HAL science ouverte Recherche Loading... Recherche avancée Information de documents Titres Titres Sous-titre Titre de l'ouvrage Titre du volume (Série) Champ de recherche par défaut (multicritères) + texte intégral des PDF Résumé Texte intégral indexé des documents PDF Mots-clés Type de document Sous-type de document Tous les identifiants du document Identifiant HAL du dépôt Langue du document (texte) Pays (Texte) Ville À paraître (true ou false) Ajouter Auteur Auteur (multicritères) Auteur (multicritères) Auteur : Nom complet Auteur : Nom de famille Auteur : Prénom Auteur : Complément de nom, deuxième prénom Auteur : Organisme payeur …",antennas,0.4
,Proceedings of the Twentieth National Radio Science Conference (NRSC'2003)(IEEE Cat. No. 03EX665),"An improved FDTD design of a wideband GSM patch antenna
M Rammal, S Abou Chahine, N Fadlallah - Proceedings of the Twentieth National Radio Science …, 2003
Cited by 2 Related articles",2003/3/20,,,,,,B17-1,antennas,Cited by 2,Mohamed Rammal,,,An improved FDTD design of a wideband GSM patch antenna,,,,https://scholar.google.com/citations?view_op=view_citation&hl=en&user=TVtdu6wAAAAJ&cstart=20&pagesize=80&citation_for_view=TVtdu6wAAAAJ:qjMakFHDy7sC,,IEEE,"M Rammal, S Abou Chahine, N Fadlallah",This paper describes a wideband resonant patch antenna for GSM system applications. A thick substrate is used to increase the bandwidth of such antenna. A new design method is suggested to solve the problem due to the inductance created by the probe feed. The 3D FDTD is used for the simulation of the antenna. A wide impedance matching bandwidth of 8% was reached. A good agreement is obtained between theoretical and practical results.,antennas,0.4
,,"Effect of aluminum nitride buffer layer deposited by molecular beam epitaxy on the growth of aluminum nitride thin films deposited by DC magnetron sputtering technique
B Riah, J Camus, A Ayad, M Rammal, R Zernadji… - 2021
Cited by 1 Related articles All 6 versions",2021/7/14,,https://www.preprints.org/frontend/manuscript/89baf957f7618d0e1a27690122d50f71/download_pub,,,,,antennas,Cited by 1,Mohamed Rammal,,,Effect of aluminum nitride buffer layer deposited by molecular beam epitaxy on the growth of aluminum nitride thin films deposited by DC magnetron sputtering technique,,,,https://scholar.google.com/citations?view_op=view_citation&hl=en&user=TVtdu6wAAAAJ&cstart=20&pagesize=80&citation_for_view=TVtdu6wAAAAJ:2P1L_qKh6hAC,,,"B Riah, J Camus, A Ayad, M Rammal, R Zernadji, N Rouag, MA Djouadi","This paper reports the effect of silicon substrate orientation and aluminum nitride buffer layer deposited by molecular beam epitaxy on the growth of aluminum nitride thin films deposited by DC magnetron sputtering technique at low temperature. The structural analysis has revealed a strong (0001) fiber texture for both substrates Si (100) and (111) and a hetero-epitaxial growth on few nanometers AlN buffer layer grown by MBE on Si (111) substrate. SEM images and XRD characterization have shown an enhancement in AlN crystallinity thanks to AlN (MBE) buffer layer. Raman spectroscopy indicated that the AlN film was relaxed when it deposited on Si (111), in compression on Si (100) and under tension on AlN buffer layer grown by MBE/Si (111) substrates, respectively. The interface between Si (111) and AlN grown by MBE is abrupt and well defined; contrary to the interface between AlN deposited using PVD and AlN grown by MBE. Nevertheless, AlN hetero-epitaxial growth was obtained at low temperature (< 250 C).",Unclassified,0.0
,2019 IEEE Conference on Antenna Measurements & Applications (CAMA),"Reconfigurable Stacked Patch Antenna Using Liquid Crystal for Millimeter Wave
AEH Hassan, N Fadlallah, M Rammal, G El Nashef… - 2019 IEEE Conference on Antenna Measurements & …, 2019
Cited by 1 Related articles",2019/10/23,,,,,,57-60,antennas,Cited by 1,Mohamed Rammal,,,Reconfigurable Stacked Patch Antenna Using Liquid Crystal for Millimeter Wave,,,,https://scholar.google.com/citations?view_op=view_citation&hl=en&user=TVtdu6wAAAAJ&cstart=20&pagesize=80&citation_for_view=TVtdu6wAAAAJ:RGFaLdJalmkC,,IEEE,"Ali El Hajj Hassan, Najib Fadlallah, Mohammad Rammal, Georges El Nashef, Elias Rachid","This paper presents a novel technique to achieve a broad impedance bandwidth required to pursue the development in the field of wireless communication by proposing a design of a reconfigurable broadband stacked patch antenna, based on liquid crystal and aperture coupled feeding with two square patch elements. The MDA-00-3506 liquid crystal (LC) is used as a dielectric. The antenna operates at millimeter wave from 24.4 GHz to 32.8 GHz with a bandwidth of 7.8 GHz. The maximum achievable antenna gain is 7 dB.",antennas,0.4
,2017 Sensors Networks Smart and Emerging Technologies (SENSET),"Pixel and patch comparison circular polarization: For arma new agile circularly polarized approach
A Siblini, H Abou Taam, B Jecko, M Rammal, A Bellion - 2017 Sensors Networks Smart and Emerging …, 2017
Cited by 1 Related articles",2017/9/12,,,,,,1-4,antennas,Cited by 1,Mohamed Rammal,,,Pixel and patch comparison circular polarization: For arma new agile circularly polarized approach,,,,https://scholar.google.com/citations?view_op=view_citation&hl=en&user=TVtdu6wAAAAJ&cstart=20&pagesize=80&citation_for_view=TVtdu6wAAAAJ:isC4tDSrTZIC,,IEEE,"Ali Siblini, Hussein Abou Taam, Bernard Jecko, Mohamed Rammal, Anthony Bellion",This paper presents the new approach for building agile antenna beam forming ARMA. The concept of this antenna is based on the pixel derived from electromagnetic band-gap material antenna. ARMA was published in many papers concerning the linearly polarized agile matrix antennas that show the performances and the interest of this new approach in comparison with the classical agile antennas. In this paper we study the pixel generating circularly polarized field and a comparison with the patch antenna.,antennas,0.608
,,"Predictors of bile tree pathology in patients presenting with gallbladder disease
YH Shaib, M Rahal, W Karaoui, M Rammal, A Hallal - Gastroenterology, 2017
Cited by 1 Related articles",2017/4/1,152.0,,,,,S501-S502,antennas,Cited by 1,Mohamed Rammal,,,Predictors of bile tree pathology in patients presenting with gallbladder disease,,Gastroenterology,,https://scholar.google.com/citations?view_op=view_citation&hl=en&user=TVtdu6wAAAAJ&cstart=20&pagesize=80&citation_for_view=TVtdu6wAAAAJ:dfsIfKJdRG4C,5.0,Elsevier,"Yasser H Shaib, Mahmoud Rahal, Walid Karaoui, Mohammad Rammal, Ali Hallal","OBJECTIVES: Gallstone diseases (GD) including the status of gallstone or cholecystectomy could be associated with metabolic syndrome, fatty liver, or intestinal bacteria. We investigated the relationship of GD with fatty liver, metabolic syndrome, and small intestinal bacterial overgrowth (SIBO). METHODS: We prospectively evaluated the consecutive outpatients with GD without any surgical abdominal symptoms attending a hepato-gastrointestinal clinic, who underwent demographic investigation, blood test for metabolic diseases, abdominal ultrasonography, glucose breath test (GBT). The 39 health controls were also enrolled. RESULTS: 265 patients with GD (200 gallstone, 65 cholecystectomy) were finally enrolled. The mean age of the patients were 57.7 years (range: 19-80) and 36.2% were male. The prevalence of fatty liver (42.6%), diabetes (24.2%), hypertension (35.5%), metabolic syndrome (27.2%), and …",Unclassified,0.0
,,"Intragastric balloon treatment for obesity: Medium, long-term results, and patient satisfaction
YH Shaib, AK El Haddad, A Soweid, AI Sharara… - Gastroenterology, 2017
Cited by 1 Related articles",2017/4/1,152.0,,,,,S637,antennas,Cited by 1,Mohamed Rammal,,,"Intragastric balloon treatment for obesity: Medium, long-term results, and patient satisfaction",,Gastroenterology,,https://scholar.google.com/citations?view_op=view_citation&hl=en&user=TVtdu6wAAAAJ&cstart=20&pagesize=80&citation_for_view=TVtdu6wAAAAJ:4OULZ7Gr8RgC,5.0,Elsevier,"Yasser H Shaib, Aline K El Haddad, Assaad Soweid, Ala I Sharara, Fady Daniel, Mohammad Rammal, Mahmoud Rahal","Background
Intragastric balloon (IGB) treatment for obesity is a minimally-invasive outpatient procedure that is currently recommended for weight loss in some patients who fail lifestyle interventions. The aim of this study is to analyze the long-term results regarding efficacy, tolerability and patient satisfaction, in a cohort of patients who undergone IGB insertion.
Methods
All the patients that had their IGB inserted or removed between the years 2009 and 2016 at the American University of Beirut Medical Center were contacted by phone and asked to answer a short questionnaire. Baseline characteristics, pre and post IGB weight, as well as their current weight were recorded. Different parameters of satisfaction were noted in addition to whether or not they resorted to alternative weight reduction measures.
Results
A total of 99 patients were identified, 65 of which agreed to participate and were included in the final …",Unclassified,0.0
,2016 46th European Microwave Conference (EuMC),"New agile EBG matrix antenna for space applications
A Siblini, H Abou Taam, B Jecko, M Rammal, A Bellion - 2016 46th European Microwave Conference (EuMC), 2016
Cited by 1 Related articles",2016/10/4,,,,,,874-877,antennas,Cited by 1,Mohamed Rammal,,,New agile EBG matrix antenna for space applications,,,,https://scholar.google.com/citations?view_op=view_citation&hl=en&user=TVtdu6wAAAAJ&cstart=20&pagesize=80&citation_for_view=TVtdu6wAAAAJ:r0BpntZqJG4C,,IEEE,"Ali Siblini, Hussein Abou Taam, Bernard Jecko, Mohamed Rammal, Anthony Bellion",This paper presents a new agile matrix antenna specialized for circularly polarized space applications. The design of the proposed antenna matrix is based on elementary pixel which generates circularly polarized field. The concept of the pixel is briefly demonstrated as a patent and verified with several fabrications in antenna arrays for linear polarization beam forming and steering. The design will be used for several space applications with directive and wide angle beams.,antennas,0.4
,2015 9th European Conference on Antennas and Propagation (EuCAP),"A developed excitation law for beam forming and steering applied to a novel electromagnetic band gap antenna
H Abou Taam, GZ El Nashef, E Arnaud, T Monediere… - 2015 9th European Conference on Antennas and …, 2015
Cited by 1 Related articles",2015/4/13,,,,,,1-4,antennas,Cited by 1,Mohamed Rammal,,,A developed excitation law for beam forming and steering applied to a novel electromagnetic band gap antenna,,,,https://scholar.google.com/citations?view_op=view_citation&hl=en&user=TVtdu6wAAAAJ&cstart=20&pagesize=80&citation_for_view=TVtdu6wAAAAJ:hFOr9nPyWt4C,,IEEE,"H Abou Taam, G Zakka El Nashef, E Arnaud, T Monediere, B Jecko, M Rammal","This paper presents an experimental validation of a developed feeding technique applied to a novel antenna system called ‘electromagnetic band gap matrix antenna’. The experimental validation will not only demonstrate the theoretical concept of the antenna, but it will also show the efficiency of applying a developed excitation law which enables us to obtain a sectorial radiation pattern presenting a quasi-constant gain over an angular range of 18° with low side lobes level less than −20 dB. The feeding technique process is described in this paper and some experimental results are presented to demonstrate the beam forming and steering capabilities of the matrix antenna.",antennas,0.4
,,"optimisation à la synthèse des diagrammes de rayonnement de réseau d’antennes linéaires par les réseaux de neurones
R Ghayoula, A Gharsallah, N Fadlallah, M Rammal - 4th International conference: Sciences of Electronic …, 2007
Cited by 1 Related articles All 2 versions",2007/3/25,,https://www.researchgate.net/profile/Mohammad-Rammal-3/publication/228832772_optimisation_a_la_synthese_des_diagrammes_de_rayonnement_de_reseau_d%27antennes_lineaires_par_les_reseaux_de_neurones/links/550bb17c0cf285564097246f/optimisation-a-la-synthese-des-diagrammes-de-rayonnement-de-reseau-dantennes-lineaires-par-les-reseaux-de-neurones.pdf,,,,,antennas,Cited by 1,Mohamed Rammal,,,optimisation à la synthèse des diagrammes de rayonnement de réseau d’antennes linéaires par les réseaux de neurones,,"4th International conference: Sciences of Electronic, technologies of information and telecommunication, Tunisia",,https://scholar.google.com/citations?view_op=view_citation&hl=en&user=TVtdu6wAAAAJ&cstart=20&pagesize=80&citation_for_view=TVtdu6wAAAAJ:WF5omc3nYNoC,,,"Ridha Ghayoula, Ali Gharsallah, Najib Fadlallah, Mohamed Rammal","Le travail présenté dans cet article se rapporte à l’optimisation de la synthèse des diagrammes de rayonnements de réseau d’antennes linéaires. La méthode de synthèse mise en oeuvre pour ce type de réseaux permet d’approcher à un diagramme de rayonnement désiré et trouver les pondérations complexes wij pour que la fonction FR (ө, φ) réponde à des spécifications précises, souvent d’écrites par un gabarit. L’approche utilisée est basée sur de la méthode de Dolph-Tchebycheff et sur les réseaux de neurones qui sont capables de modéliser les diagrammes de rayonnements de réseau d’antennes linéaires, compte tenu de critères généraux prédéterminés, et finalement il permet de prédire le diagramme désiré à partir du modèle neural. Notre contribution principale dans cet article est l’extension d’un modèle de synthèse des diagrammes de rayonnement de ces réseaux à partir des pondérations.",antennas,0.4
,,"Mathematical constraints for building learning rules in the Purkinje cell system
B Daya, P Chauvet, M Rammal - Journal of Integrative Neuroscience, 2006
Cited by 1 Related articles All 9 versions",2006/6,5.0,,,,,171-185,antennas,Cited by 1,Mohamed Rammal,,,Mathematical constraints for building learning rules in the Purkinje cell system,,Journal of Integrative Neuroscience,,https://scholar.google.com/citations?view_op=view_citation&hl=en&user=TVtdu6wAAAAJ&cstart=20&pagesize=80&citation_for_view=TVtdu6wAAAAJ:qxL8FJ1GzNcC,2.0,Imperial College Press,"Bassam Daya, Pierre Chauvet, Mohamad Rammal","We first present a method to mathematically build a learning rule for closed-loop neural networks. This rule is then applied to climbing fibers in the cerebellar cortex. Our analytical study is based on previous experimental non-analytical studies, which suggests that climbing fibers carry out an error signal to the brain. Thus, our goal is to find the class of functions for the activity propagated by climbing fibers, allowing the output of the Purkinje cell to converge towards a desired output. These functions must tend towards zero when the objective is reached. Our techniques are generalized to other network models.",Unclassified,0.0
,,"Rigorous design of omnidirectional antennas using the FDTD method
M Rammal, P Roy, P Dufrane, B Jecko - Microwave Engineering Europe, 1997
Cited by 1 Related articles",1997,,,,,,37-41,antennas,Cited by 1,Mohamed Rammal,,,Rigorous design of omnidirectional antennas using the FDTD method,,Microwave Engineering Europe,,https://scholar.google.com/citations?view_op=view_citation&hl=en&user=TVtdu6wAAAAJ&cstart=20&pagesize=80&citation_for_view=TVtdu6wAAAAJ:Y0pCki6q_DkC,,,"M Rammal, P Roy, Ph Dufrane, B Jecko","The finite difference time domain method can be used to study the radiation characteristics of an arbitrary shaped rotationally symmetric monopole antenna. The method is easily adapted to model a complex geometry which is a rigorous approach, and the solution allows the radiation pattern and input impedance of radiation to be determined. Moment method formulation or surface integral equation are used to predict the radiator characteristics. A finite element method was developed and numerical results were obtained for a monopole above a flat disc with arbitrary dimensions.",antennas,0.606
,,"New series‐fed traveling‐wave array
A Alaeddine, M Rammal, A Reineix, B Jecko - Microwave and Optical Technology Letters, 1994
Cited by 1 Related articles All 5 versions",1994/6/5,7.0,https://www.academia.edu/download/46462557/mop.465007080220160614-8954-7q7ina.pdf,,,,343-344,antennas,Cited by 1,Mohamed Rammal,,,New series‐fed traveling‐wave array,,Microwave and Optical Technology Letters,,https://scholar.google.com/citations?view_op=view_citation&hl=en&user=TVtdu6wAAAAJ&cstart=20&pagesize=80&citation_for_view=TVtdu6wAAAAJ:ufrVoPGSRksC,8.0,"Wiley Subscription Services, Inc., A Wiley Company","A Alaeddine, M Rammal, A Reineix, B Jecko","A method of designing a series‐fed microstrip traveling‐wave array to produce a shaped pattern is described. A theoretical analysis of the traveling‐wave element is given and experimental results are presented. High efficiency and good directivity have been observed on the array. © 1994 John Wiley & Sons, Inc.",Unclassified,0.0
,,"Thermal conductivity of AlN thin films deposited by reactive DC magnetron sputtering on different substrates using ultra-fast transient hot strip technique
R Zernadji, BE Belkerk, B Riah, A Ayad, M Rammal… - Applied Physics Letters, 2025
Related articles All 4 versions",2025/1/13,126.0,,,,,,antennas,,Mohamed Rammal,,,Thermal conductivity of AlN thin films deposited by reactive DC magnetron sputtering on different substrates using ultra-fast transient hot strip technique,,Applied Physics Letters,,https://scholar.google.com/citations?view_op=view_citation&hl=en&user=TVtdu6wAAAAJ&cstart=20&pagesize=80&citation_for_view=TVtdu6wAAAAJ:zA6iFVUQeVQC,2.0,AIP Publishing,"R Zernadji, BE Belkerk, B Riah, A Ayad, M Rammal, J Camus, B Garnier, MA Djouadi","In the frame of this work, we report a profound insight into the thermal conductivity (k) of aluminum nitride (AlN) thin films deposited on AlN-molecular beam epitaxy (MBE)/Si (111) and AlN-Kyma/Si (111) substrates at low temperatures (< 200 C) using reactive direct current magnetron sputtering (DCMS). Our concern is not on the thermal properties at the nanoscale, but rather on relating thermal macroscopic properties to the microstructure for submicronic to micronic AlN films. As the mean free path for AlN material is about 100 nm, the thickness of our films lies between 400 nm and 2 μm. The k measurements were conducted using the ultra-fast transient hot strip technique. It was found that the k values of the deposited films change depending on both the substrate type and the film thickness. For the 500 nm AlN thick film, k value was about 250 W m− 1 K− 1 for AlN-DCMS films grown on 10 nm AlN-MBE/Si against 90 …",Unclassified,0.0
,2021 IEEE Conference on Antenna Measurements & Applications (CAMA),"New Concept for SAR Reduction in 5G Antenna Application
H Moghnieh, M Rammal, N Nasser, E Rachid - 2021 IEEE Conference on Antenna Measurements & …, 2021
Related articles",2021/11/15,,,,,,79-82,antennas,,Mohamed Rammal,,,New Concept for SAR Reduction in 5G Antenna Application,,,,https://scholar.google.com/citations?view_op=view_citation&hl=en&user=TVtdu6wAAAAJ&cstart=20&pagesize=80&citation_for_view=TVtdu6wAAAAJ:pqnbT2bcN3wC,,IEEE,"Hawraa Moghnieh, Mohammad Rammal, Najat Nasser, Elias Rachid",A new SAR reduction technique for 5G antenna application is proposed. U-edges combined with corrugated ground plane to control the surface current distribution and reducing SAR. Analysis of the effects of corrugated ground plane with metallic U edge surrounding the ground plan is presented. The design parameters of both corrugations and U-edges is optimized to maintain impedance matching and SAR reduction over 3.4GHz to 3.8GHz. The proposed structure can reduce SAR by 60%.,antennas,0.4
,2019 7th Mediterranean Congress of Telecommunications (CMT),"High Gain Planar Matrix Antenna Equipped by Large Radiating Pixels (1.2 λ× 1.2 λ)
M Mehdi, H Abou Taam, A Siblini, B Jecko, M Rammal - 2019 7th Mediterranean Congress of …, 2019
Related articles All 2 versions",2019/10/24,,https://www.researchgate.net/profile/Ali-Siblini/publication/337977468_High_Gain_Planar_Matrix_Antenna_Equipped_by_Large_Radiating_Pixels_12l12l/links/5dfd0a08299bf10bc36baba0/High-Gain-Planar-Matrix-Antenna-Equipped-by-Large-Radiating-Pixels-12l12l.pdf,,,,1-3,antennas,,Mohamed Rammal,,,High Gain Planar Matrix Antenna Equipped by Large Radiating Pixels (1.2 λ× 1.2 λ),,,,https://scholar.google.com/citations?view_op=view_citation&hl=en&user=TVtdu6wAAAAJ&cstart=20&pagesize=80&citation_for_view=TVtdu6wAAAAJ:O3NaXMp0MMsC,,IEEE,"Mahmoud Mehdi, Hussein Abou Taam, Ali Siblini, Bernard Jecko, Mohamed Rammal","This paper presents a new electromagnetic aspect of the antenna matrix which concerns the realization of high gains by using radiating pixels with large dimensions greater than (0.8λ × 0.8λ). The electromagnetic advantages are shown through a comparative study made between a 1D matrix antenna and a conventional linear antenna array. Comparison concerns bandwidth, radiating surfaces, surface efficiency and grating lobes. The comparison shows the possibility of eliminating grating lobes with large matrix antenna thus breaking the periodicity of conventional arrays.",antennas,0.4
,European Materials Research and Society (E-MRS19),"Main key points for developing environmental friendly solid state cooling system based on the elastocaloric effect in rubber
G Sebald, A Komiya, JM Chenal, L Chazeau, F Dalmas… - European Materials Research and Society (E-MRS19), 2019
Related articles",2019/9/16,,,,,,,antennas,,Mohamed Rammal,,,Main key points for developing environmental friendly solid state cooling system based on the elastocaloric effect in rubber,,,,https://scholar.google.com/citations?view_op=view_citation&hl=en&user=TVtdu6wAAAAJ&cstart=20&pagesize=80&citation_for_view=TVtdu6wAAAAJ:vV6vV6tmYwMC,,,"Gaël Sebald, A Komiya, JM Chenal, Laurent Chazeau, Florent Dalmas, Michel Vigouroux, François Rousset, M’hamed Boutaous, Jacques Jay, Bertrand Garnier, Mohammad Rammal, Ahmed Ould El Moctar, H Haissoune, Gildas Coativy, L Seveyrat, Kaori Yuse, L Lebrun","Main key points for developing environmental friendly solid state cooling system based on the elastocaloric effect in rubber - Archive ouverte HAL Recherche Accéder directement au contenu Pied de page Logo Logo Documentation FR Français (FR) Anglais (EN) Se connecter HAL science ouverte Recherche Loading... Recherche avancée Information de documents Titres Titres Sous-titre Titre de l'ouvrage Titre du volume (Série) Champ de recherche par défaut (multicritères) + texte intégral des PDF Résumé Texte intégral indexé des documents PDF Mots-clés Type de document Sous-type de document Tous les identifiants du document Identifiant HAL du dépôt Langue du document (texte) Pays (Texte) Ville À paraître (true ou false) Ajouter Auteur Auteur (multicritères) Auteur (multicritères) Auteur : Nom complet Auteur : Nom de famille Auteur : Prénom Auteur : Complément de nom, deuxième prénom Auteur : …",Unclassified,0.0
,,"Sa1993-The Clinical Significance of Incidental GI Tract Uptake on Pet/Ct: Radiologic, Endoscopic, and Pathologic Correlation
YH Shaib, MN Hosni, AK El Haddad, MI Itani, MA Rahal… - Gastroenterology, 2018
Related articles",2018/5/1,154.0,,,,,S-440,antennas,,Mohamed Rammal,,,"Sa1993-The Clinical Significance of Incidental GI Tract Uptake on Pet/Ct: Radiologic, Endoscopic, and Pathologic Correlation",,Gastroenterology,,https://scholar.google.com/citations?view_op=view_citation&hl=en&user=TVtdu6wAAAAJ&cstart=20&pagesize=80&citation_for_view=TVtdu6wAAAAJ:cFHS6HbyZ2cC,6.0,WB Saunders,"Yasser H Shaib, Mohammad N Hosni, Aline K El Haddad, Mohamad I Itani, Mahmoud A Rahal, Mohammad Rammal, Mohamad Haidar","Figure: Representative case Sa1993 THE CLINICAL SIGNIFICANCE OF INCIDENTAL GI TRACT UPTAKE ON PET/CT: RADIOLOGIC, ENDOSCOPIC, AND PATHOLOGIC CORRELATION Yasser H. Shaib, Mohammad N. Hosni, Aline K. El Haddad, Mohamad I. Itani, Mahmoud A. Rahal, Mohammad Rammal, Mohamad Haidar Background: The gastrointestinal tract (GIT) has normal physiologic uptake on positron emission tomography (PET) however the clinicians are frequently challenged with incidental positive PET uptake. In this study we evaluate the radiologic, endoscopic and histopathological correlates in patients with incidental positive PET in GIT. Methods: Medical records of 7200 patients who underwent PET/CT imaging between 2013 and 2017 were reviewed. All patients with incidental positive PET uptake in the GIT followed by endoscopic evaluation were included while those with history of GI …",Unclassified,0.0
,3rd Thermal and Fluids Engineering Conference,"Thermal characterization of aluminum nitride thin films for the thermal management of power lasers
M Rammal, B Garnier, C Rodier, J Camus - 3rd Thermal and Fluids Engineering Conference, 2018
Related articles",2018/3/4,,,,,,,antennas,,Mohamed Rammal,,,Thermal characterization of aluminum nitride thin films for the thermal management of power lasers,,,,https://scholar.google.com/citations?view_op=view_citation&hl=en&user=TVtdu6wAAAAJ&cstart=20&pagesize=80&citation_for_view=TVtdu6wAAAAJ:lSLTfruPkqcC,,,"Mohammad Rammal, Bertrand Garnier, Christophe Rodier, Julien Camus","Thermal characterization of aluminum nitride thin films for the thermal management of power lasers - Archive ouverte HAL Recherche Accéder directement au contenu Pied de page Logo Logo Documentation FR Français (FR) Anglais (EN) Se connecter HAL science ouverte Recherche Loading... Recherche avancée Information de documents Titres Titres Sous-titre Titre de l'ouvrage Titre du volume (Série) Champ de recherche par défaut (multicritères) + texte intégral des PDF Résumé Texte intégral indexé des documents PDF Mots-clés Type de document Sous-type de document Tous les identifiants du document Identifiant HAL du dépôt Langue du document (texte) Pays (Texte) Ville À paraître (true ou false) Ajouter Auteur Auteur (multicritères) Auteur (multicritères) Auteur : Nom complet Auteur : Nom de famille Auteur : Prénom Auteur : Complément de nom, deuxième prénom Auteur : Organisme payeur Auteur : …",Unclassified,0.0
,,"Tu1298 Common Bile Duct Stones in the Setting of Symptomatic Cholelithiasis: Challenging the Current Guidelines
YH Shaib, M Rammal, M Rahal, A Hallal, W Karaoui - Gastrointestinal Endoscopy, 2017
Related articles",2017/5/1,85.0,,,,,AB607,antennas,,Mohamed Rammal,,,Tu1298 Common Bile Duct Stones in the Setting of Symptomatic Cholelithiasis: Challenging the Current Guidelines,,Gastrointestinal Endoscopy,,https://scholar.google.com/citations?view_op=view_citation&hl=en&user=TVtdu6wAAAAJ&cstart=20&pagesize=80&citation_for_view=TVtdu6wAAAAJ:a0OBvERweLwC,5.0,Elsevier,"Yasser H Shaib, Mohammad Rammal, Mahmoud Rahal, Ali Hallal, Walid Karaoui","Background
Current guidelines suggest an algorithm for predicting choledocholithiasis. The probability of CBD stone is based on the presence of certain predictors. One very strong predictor (Total Bilirubin> 4 mg/dL, common bile duct stone on ultrasound, or clinical ascending cholangitis) or two strong predictors (Total Bilirubin between 1.8 and 4 mg/dL, and dilated common bile duct on ultrasound) depict a high (> 50%) probability of having a common bile duct stone (CBDs). The absence of these predictors present lower probability (< 10%) of choledocholithiasis. Other combinations of predictors have intermediate risk of CBDs.",Unclassified,0.0
,2015 European Microwave Conference (EuMC),"An agile electronically scanned EBG matrix antenna for monitoring target activity
H Abou Taam, A Siblini, GZ El Nashef, B Jecko… - 2015 European Microwave Conference (EuMC), 2015
Related articles All 7 versions",2015/9/7,,https://hal.science/hal-01321026/file/An%20Agile%20Electronically%20Scanned%20EBG%20Matrix%20Antenna%20For%20Monitoring%20Target%20Activity.pdf,,,,1435-1438,antennas,,Mohamed Rammal,,,An agile electronically scanned EBG matrix antenna for monitoring target activity,,,,https://scholar.google.com/citations?view_op=view_citation&hl=en&user=TVtdu6wAAAAJ&cstart=20&pagesize=80&citation_for_view=TVtdu6wAAAAJ:TQgYirikUcIC,,IEEE,"Hussein Abou Taam, Ali Siblini, Georges Zakka El Nashef, Bernard Jecko, Eric Arnaud, Nicolas Chevalier, Mohamed Rammal","Telecommunications, civil and military radars, RFID (Radio Frequency IDentification) and all the radiating systems are evolving towards the spatial agility that associates « range » and « coverage ». In this context, this article describes and demonstrates an experimental prototype to show the reliability and efficiency of the EBG matrix antenna theoretical aspect, for beam forming and beam steering applications.",antennas,0.4
,2015 9th European Conference on Antennas and Propagation (EuCAP),"Experimental validation of an agile electromagnetic band gap matrix antenna
H Abou Taam, GZ El Nashef, E Arnaud, T Monediere… - 2015 9th European Conference on Antennas and …, 2015
Related articles",2015/4/13,,,,,,1-4,antennas,,Mohamed Rammal,,,Experimental validation of an agile electromagnetic band gap matrix antenna,,,,https://scholar.google.com/citations?view_op=view_citation&hl=en&user=TVtdu6wAAAAJ&cstart=20&pagesize=80&citation_for_view=TVtdu6wAAAAJ:mB3voiENLucC,,IEEE,"H Abou Taam, G Zakka El Nashef, E Arnaud, T Monediere, B Jecko, M Rammal","This paper presents an experimental validation of a novel antenna system called ‘electromagnetic band gap matrix antenna’. The theoretical concept is based on the equivalent radiating surface approach and the antenna design is inspired from the electromagnetic band gap antennas. In this paper, an experimental validation is demonstrated to validate the theoretical concept of the antenna and several electromagnetic performances such as the low mutual coupling and the beam steering.",antennas,0.609
,,"Feeding technique for the experimental validation of EBG matrix antenna
HA Taam, GZ El Nashef, MS Toubet, E Arnaud, B Jecko… - Microwave and Optical Technology Letters, 2015
Related articles",2015/3,57.0,,,,,533-537,antennas,,Mohamed Rammal,,,Feeding technique for the experimental validation of EBG matrix antenna,,Microwave and Optical Technology Letters,,https://scholar.google.com/citations?view_op=view_citation&hl=en&user=TVtdu6wAAAAJ&cstart=20&pagesize=80&citation_for_view=TVtdu6wAAAAJ:ZeXyd9-uunAC,3.0,,"Hussein Abou Taam, Georges Zakka El Nashef, Moustapha Salah Toubet, Eric Arnaud, Bernard Jecko, Mohamed Rammal","An experimental validation for the concept of a novel agile electromagnetic band gap matrix antenna is presented. It is used for beam forming and steering. It is fed by a cardinal sine excitation. A sectorial pattern is obtained. This pattern presents a special shape with low side lobes level. © 2015 Wiley Periodicals, Inc. Microwave Opt Technol Lett 57:533–537, 2015",antennas,0.4
,2013 13th Mediterranean Microwave Symposium (MMS),"Radiation control of an agile Matrix antenna by using specific algorithm
H Abou Taam, MS Toubet, T Monediere, B Jecko… - 2013 13th Mediterranean Microwave Symposium …, 2013
Related articles All 2 versions",2013/9/2,,,,,,1-4,antennas,,Mohamed Rammal,,,Radiation control of an agile Matrix antenna by using specific algorithm,,,,https://scholar.google.com/citations?view_op=view_citation&hl=en&user=TVtdu6wAAAAJ&cstart=20&pagesize=80&citation_for_view=TVtdu6wAAAAJ:5nxA0vEk-isC,,IEEE,"Hussein Abou Taam, Moutapha Salah Toubet, Thierry Monediere, Bernard Jecko, Mohamed Rammal","Civil and military applications increasingly require agile antenna devices which respond to wireless telecommunications, radars and electronic warfare requirements. The objective in this paper is to present the design of a new agile antenna system called EBG Matrix antenna which must be controlled by a synthesis algorithm; this algorithm uses in its loop an analysis procedure which evaluates the radiation patterns. The principle of the antenna is explained and constitutes the subject of an accepted CNRS patent, numbered FR 11 62141. The results obtained by this antenna are good and interesting for many important applications. In order to optimize these results and to respond to several radiation targets, an analysis procedure and synthesis algorithms are indispensable. The aim of this paper is to design a new antenna system which will be used for beam forming, beam steering and geographical coverage …",antennas,0.4
,"JNM 2013, 18ème Journées Nationales Microondes","L'intérêt de la Matrice BIE 1D par rapport au Réseau des Patchs en termes de Couplage Mutuel et de Lobes Réseaux
H Abou Taam, MS Toubet, T Monédière, B Jecko… - JNM 2013, 18ème Journées Nationales Microondes, 2013
Related articles",2013/5/14,,,,,,?,antennas,,Mohamed Rammal,,,L'intérêt de la Matrice BIE 1D par rapport au Réseau des Patchs en termes de Couplage Mutuel et de Lobes Réseaux,,,,https://scholar.google.com/citations?view_op=view_citation&hl=en&user=TVtdu6wAAAAJ&cstart=20&pagesize=80&citation_for_view=TVtdu6wAAAAJ:3fE2CSJIrl8C,,,"Hussein Abou Taam, Moustapha Salah Toubet, Thierry Monédière, Bernard Jecko, Mohamed Rammal","L'intérêt de la Matrice BIE 1D par rapport au Réseau des Patchs en termes de Couplage Mutuel et de Lobes Réseaux - Archive ouverte HAL Recherche Accéder directement au contenu Pied de page Logo Logo Documentation FR Français (FR) Anglais (EN) Se connecter HAL science ouverte Recherche Loading... Recherche avancée Information de documents Titres Titres Sous-titre Titre de l'ouvrage Titre du volume (Série) Champ de recherche par défaut (multicritères) + texte intégral des PDF Résumé Texte intégral indexé des documents PDF Mots-clés Type de document Sous-type de document Tous les identifiants du document Identifiant HAL du dépôt Langue du document (texte) Pays (Texte) Ville À paraître (true ou false) Ajouter Auteur Auteur (multicritères) Auteur (multicritères) Auteur : Nom complet Auteur : Nom de famille Auteur : Prénom Auteur : Complément de nom, deuxième prénom Auteur : Organisme …",Unclassified,0.0
,19th International Conférence on Telecommunication ICT'2012CAP,"Study of Wave Propagation on the Human Body Surface in Normal Polarisation
R Barake, P Vaudon, M Rammal - 19th International Conférence on Telecommunication …, 2012
Related articles All 2 versions",2012/4/23,,,,,,Inconnu,antennas,,Mohamed Rammal,,,Study of Wave Propagation on the Human Body Surface in Normal Polarisation,,,,https://scholar.google.com/citations?view_op=view_citation&hl=en&user=TVtdu6wAAAAJ&cstart=20&pagesize=80&citation_for_view=TVtdu6wAAAAJ:kNdYIx-mwKoC,,,"Rabih Barake, Patrick Vaudon, Mohamed Rammal","Study of Wave Propagation on the Human Body Surface in Normal Polarisation - Archive ouverte HAL Accéder directement au contenu Documentation FR Français (FR) Anglais (EN) Se connecter HAL science ouverte Recherche Loading... Recherche avancée Information de documents Titres Titres Sous-titre Titre de l'ouvrage Titre du volume (Série) Champ de recherche par défaut (multicritères) + texte intégral des PDF Résumé Texte intégral indexé des documents PDF Mots-clés Type de document Sous-type de document Tous les identifiants du document Identifiant HAL du dépôt Langue du document (texte) Pays (Texte) Ville À paraître (true ou false) Ajouter Auteur Auteur (multicritères) Auteur (multicritères) Auteur : Nom complet Auteur : Nom de famille Auteur : Prénom Auteur : Complément de nom, deuxième prénom Auteur : Organisme payeur Auteur : IdHal (chaîne de caractères) Auteur : Fonction Auteur : …",Unclassified,0.0
,"Sciences of Electronics, Technologies of Information and Telecommunications-SETIT 2012 IEEE Conference","Surface wave propagation on humain body communications links
R Barake, P Vaudon, M Rammal - Sciences of Electronics, Technologies of Information …, 2012
Related articles All 2 versions",2012/3/21,,,,,,Inconnu,antennas,,Mohamed Rammal,,,Surface wave propagation on humain body communications links,,,,https://scholar.google.com/citations?view_op=view_citation&hl=en&user=TVtdu6wAAAAJ&cstart=20&pagesize=80&citation_for_view=TVtdu6wAAAAJ:MXK_kJrjxJIC,,,"Rabih Barake, Patrick Vaudon, Mohamed Rammal","Surface wave propagation on humain body communications links - Archive ouverte HAL Recherche Accéder directement au contenu Pied de page Logo Logo Documentation FR Français (FR) Anglais (EN) Se connecter HAL science ouverte Recherche Loading... Recherche avancée Information de documents Titres Titres Sous-titre Titre de l'ouvrage Titre du volume (Série) Champ de recherche par défaut (multicritères) + texte intégral des PDF Résumé Texte intégral indexé des documents PDF Mots-clés Type de document Sous-type de document Tous les identifiants du document Identifiant HAL du dépôt Langue du document (texte) Pays (Texte) Ville À paraître (true ou false) Ajouter Auteur Auteur (multicritères) Auteur (multicritères) Auteur : Nom complet Auteur : Nom de famille Auteur : Prénom Auteur : Complément de nom, deuxième prénom Auteur : Organisme payeur Auteur : IdHal (chaîne de caractères) Auteur …",Unclassified,0.0
,"Deuxième colloque francophone PLUridisciplinaire sur les Matériaux, l'Environnement et l'Electronique, PLUMEE 2011","Communication entre antennes implantées sur le corps humain par ondes de surface
R Barake, P Vaudon, M Rammal - … francophone PLUridisciplinaire sur les Matériaux, l' …, 2011
Related articles",2011/5/30,,,,,,Poster session 1A-63 PLUMEE,antennas,,Mohamed Rammal,,,Communication entre antennes implantées sur le corps humain par ondes de surface,,,,https://scholar.google.com/citations?view_op=view_citation&hl=en&user=TVtdu6wAAAAJ&cstart=20&pagesize=80&citation_for_view=TVtdu6wAAAAJ:LkGwnXOMwfcC,,,"Rabih Barake, Patrick Vaudon, Mohamed Rammal","Communication entre antennes implantées sur le corps humain par ondes de surface - Archive ouverte HAL Recherche Accéder directement au contenu Pied de page Logo Logo Documentation FR Français (FR) Anglais (EN) Se connecter HAL science ouverte Recherche Loading... Recherche avancée Information de documents Titres Titres Sous-titre Titre de l'ouvrage Titre du volume (Série) Champ de recherche par défaut (multicritères) + texte intégral des PDF Résumé Texte intégral indexé des documents PDF Mots-clés Type de document Sous-type de document Tous les identifiants du document Identifiant HAL du dépôt Langue du document (texte) Pays (Texte) Ville À paraître (true ou false) Ajouter Auteur Auteur (multicritères) Auteur (multicritères) Auteur : Nom complet Auteur : Nom de famille Auteur : Prénom Auteur : Complément de nom, deuxième prénom Auteur : Organisme payeur Auteur : IdHal (chaîne …",antennas,0.4
,"17es Journées Nationales Micro-ondes, BREST 2011-JNMO","Analyse du canal de propagation corporel en régime impulsionnel
R Barake, P Vaudon, M Rammal - 17es Journées Nationales Micro-ondes, BREST 2011 …, 2011
Related articles",2011/5/18,,,,,,oral session 7A-1,antennas,,Mohamed Rammal,,,Analyse du canal de propagation corporel en régime impulsionnel,,,,https://scholar.google.com/citations?view_op=view_citation&hl=en&user=TVtdu6wAAAAJ&cstart=20&pagesize=80&citation_for_view=TVtdu6wAAAAJ:8k81kl-MbHgC,,,"Rabih Barake, Patrick Vaudon, Mohamed Rammal","Analyse du canal de propagation corporel en régime impulsionnel - Archive ouverte HAL Recherche Accéder directement au contenu Pied de page Logo Logo Documentation FR Français (FR) Anglais (EN) Se connecter HAL science ouverte Recherche Loading... Recherche avancée Information de documents Titres Titres Sous-titre Titre de l'ouvrage Titre du volume (Série) Champ de recherche par défaut (multicritères) + texte intégral des PDF Résumé Texte intégral indexé des documents PDF Mots-clés Type de document Sous-type de document Tous les identifiants du document Identifiant HAL du dépôt Langue du document (texte) Pays (Texte) Ville À paraître (true ou false) Ajouter Auteur Auteur (multicritères) Auteur (multicritères) Auteur : Nom complet Auteur : Nom de famille Auteur : Prénom Auteur : Complément de nom, deuxième prénom Auteur : Organisme payeur Auteur : IdHal (chaîne de caractères) …",Unclassified,0.0
,"2009 16th IEEE International Conference on Electronics, Circuits and Systems-(ICECS 2009)","General synthesis method for cylindrical antenna arrays for directive and conformal pattern
H Rammal, C Olleik, N Fadlallah, M Rammal… - 2009 16th IEEE International Conference on …, 2009
Related articles All 2 versions",2009/12/13,,,,,,455-458,antennas,,Mohamed Rammal,,,General synthesis method for cylindrical antenna arrays for directive and conformal pattern,,,,https://scholar.google.com/citations?view_op=view_citation&hl=en&user=TVtdu6wAAAAJ&cstart=20&pagesize=80&citation_for_view=TVtdu6wAAAAJ:_Qo2XoVZTnwC,,IEEE,"Hussein Rammal, Charif Olleik, Najib Fadlallah, Mohammad Rammal, Patrick Vaudon","This paper describes a new approach to cylindrical antenna controlled by the excitation (amplitude and phase) to synthesize directive lobe and multilobe patterns, and create adaptive nulls in interference direction and large lobe pattern. The proposed method is based on iterative minimization of a function that incorporates constraints imposed in each direction with respect to excitation (amplitude and phase). To verify the performances of the proposed technique, an 16-element cylindrical antenna has been simulated for various types of beam configurations.",antennas,0.4
,,"Application Article Synthesis of Phased Cylindrical Arc Antenna Arrays
H Rammal, C Olleik, K Sabbah, M Rammal, P Vaudon - 2009
Related articles All 6 versions",2009,,https://citeseerx.ist.psu.edu/document?repid=rep1&type=pdf&doi=9133e858c60e7ee47d0f422ae0268070887225ca,,,,,antennas,,Mohamed Rammal,,,Application Article Synthesis of Phased Cylindrical Arc Antenna Arrays,,,,https://scholar.google.com/citations?view_op=view_citation&hl=en&user=TVtdu6wAAAAJ&cstart=20&pagesize=80&citation_for_view=TVtdu6wAAAAJ:M3NEmzRMIkIC,,,"Hussein Rammal, Charif Olleik, Kamal Sabbah, Mohammad Rammal, Patrick Vaudon","The utilization of conformal antennas finds its interest, when the antenna is placed on nonplanar support [1] or when we desire to form specific lobes, which benefit from the geometry of array; the desired beam pattern can vary widely depending on the application. There are directional antennas with low level side lobes or with high gain [2, 3], and antennas with cosecant lobe [4] or double pencil beam [5]. Most of synthesis methods use complex excitation (amplitudes and phases)[6]; it allows better control of the quality of beam shape or sidelobe level. Some applications propose a phase adjustment in order to take into account coupling between elements [7]. Interferences can be rejected by placing nulls in theirs directions; in [8] the authors presents phase control methods for null steering with a broadside beam arrays.
In a linear phased array antenna, the beam can usually not be steered more than about 60◦–70◦ from the normal of the array [9]. The limitation is due to beam broadening (reducing directivity) and element impedance variations due to mutual coupling, resulting in increased mismatch at large scanning angles.",antennas,0.603
,Conference on Sciences and Techniques of Automatic control and computer engineering,"Smart Antenna Implementation Based on Digital Beamforming
R Ghayoula, N Fadlallah, B Granado, A Gharsallah… - Conference on Sciences and Techniques of Automatic …, 2008
Related articles",2008,,,,,,,antennas,,Mohamed Rammal,,,Smart Antenna Implementation Based on Digital Beamforming,,,,https://scholar.google.com/citations?view_op=view_citation&hl=en&user=TVtdu6wAAAAJ&cstart=20&pagesize=80&citation_for_view=TVtdu6wAAAAJ:bEWYMUwI8FkC,,,"Ridha Ghayoula, Najib Fadlallah, Bertrand Granado, Ali Gharsallah, Mohamad Rammal","Smart Antenna Implementation Based on Digital Beamforming - Archive ouverte HAL Recherche Accéder directement au contenu Pied de page Logo Logo Documentation FR Français (FR) Anglais (EN) Se connecter HAL science ouverte Recherche Loading... Recherche avancée Information de documents Titres Titres Sous-titre Titre de l'ouvrage Titre du volume (Série) Champ de recherche par défaut (multicritères) + texte intégral des PDF Résumé Texte intégral indexé des documents PDF Mots-clés Type de document Sous-type de document Tous les identifiants du document Identifiant HAL du dépôt Langue du document (texte) Pays (Texte) Ville À paraître (true ou false) Ajouter Auteur Auteur (multicritères) Auteur (multicritères) Auteur : Nom complet Auteur : Nom de famille Auteur : Prénom Auteur : Complément de nom, deuxième prénom Auteur : Organisme payeur Auteur : IdHal (chaîne de caractères) Auteur : …",antennas,0.4
"Proceedings of the 4th WSEAS International Conference on Electromagnetics, Wireless and Optical Communications",,"Performance Comparison between 6-Port and 5-Port homodyne circuits for DOA Estimation
A Abdallah, S Abou Chahine, K Sabbah, M Rammal… - Proceedings of the 4th WSEAS International …, 2006
Related articles All 5 versions",2006/11/20,,https://www.academia.edu/download/46462562/539-383.pdf,,,,85-90,antennas,,Mohamed Rammal,,,Performance Comparison between 6-Port and 5-Port homodyne circuits for DOA Estimation,,,,https://scholar.google.com/citations?view_op=view_citation&hl=en&user=TVtdu6wAAAAJ&cstart=20&pagesize=80&citation_for_view=TVtdu6wAAAAJ:4TOpqqG69KYC,,,"Ayman Abdallah, Soubhi Abou Chahine, Kamal Sabbah, Mouhammed Rammal, Guillaumme Neveux, Patrick Vaudon","In this paper, we propose two approaches to provide direction of arrival using homodyne detection systems technologies like six-port and five port reflectometers. The choice of the reflectometers' type becomes critical in parallel of the circuit capability, ie in terms of the number of signals to be detected simultaneously. We present our study by implementing MUSIC algorithm at the output of two different homodyne receivers. The results are deduced from the simulation of the characteristics of each system, using the Advanced Design System (ADS) and MATLAB.",Unclassified,0.0
,,"New electronic scanning traveling‐wave antenna array
A Alaeddine, M Rammal, O Bazzi, Y Mohanna… - Microwave and Optical Technology Letters, 2006
Related articles All 5 versions",2006/11,48.0,https://www.academia.edu/download/107573313/mop.2188220231120-1-f2xnm4.pdf,,,,2186-2189,antennas,,Mohamed Rammal,,,New electronic scanning traveling‐wave antenna array,,Microwave and Optical Technology Letters,,https://scholar.google.com/citations?view_op=view_citation&hl=en&user=TVtdu6wAAAAJ&cstart=20&pagesize=80&citation_for_view=TVtdu6wAAAAJ:KlAtU1dfN6UC,11.0,"Wiley Subscription Services, Inc., A Wiley Company","A Alaeddine, M Rammal, O Bazzi, Y Mohanna, A Reineix","A plan traveling‐wave array to realize an electronic scanning antenna is described. A theoretical analysis of the microstrip antenna and experimental results of the series‐fed element array are presented. An efficient synthesis method is used to produce the desired radiated patterns like side lobes and high gain. Eight elements of the linear traveling‐wave series‐fed array were used and tested. High performance and good gain have been observed over a relatively large band. For a frequency shift of 100 GHz, the lobe scanned 2°. This array promises to be a candidate in an electronic scanning antenna. © 2006 Wiley Periodicals, Inc. Microwave Opt Technol Lett 48: 2186–2189, 2006; Published online in Wiley InterScience (www.interscience.wiley.com). DOI 10.1002/mop.21882",antennas,0.4
,,"Study of thermal effect due to exposure to radiation in on mobile emission station GSM
M Rammal, T Sahili, K Sabbah, F Jebai - Lebanese Science Journal, 2005
Related articles",2005,6.0,,,,,129-136,antennas,,Mohamed Rammal,,,Study of thermal effect due to exposure to radiation in on mobile emission station GSM,,Lebanese Science Journal,,https://scholar.google.com/citations?view_op=view_citation&hl=en&user=TVtdu6wAAAAJ&cstart=20&pagesize=80&citation_for_view=TVtdu6wAAAAJ:HoB7MX3m0LUC,2.0,,"Mohamed Rammal, Talal Sahili, Kamal Sabbah, Fatme Jebai",In this paper the thermal effect of GSM base station exposition is presented. Finite difference time domain FDTD method has been used to simulate a typical exposition case for human body behind a GSM station. Obtained results have been presented and discussed,Unclassified,0.0
,"JINA2004, 13th International Symposium on Antennas","Low Power Injection for Direction Finding with Six-Port Reflectometer Array
AS Abdallah, S Sadek, M Rammal, P Vaudon… - JINA2004, 13th International Symposium on Antennas, 2004
Related articles All 2 versions",2004,,,,,,pp. 316-319,antennas,,Mohamed Rammal,,,Low Power Injection for Direction Finding with Six-Port Reflectometer Array,,,,https://scholar.google.com/citations?view_op=view_citation&hl=en&user=TVtdu6wAAAAJ&cstart=20&pagesize=80&citation_for_view=TVtdu6wAAAAJ:7PzlFSSx8tAC,,,"AS Abdallah, S Sadek, M Rammal, Patrick Vaudon, Michel Campovecchio","Low Power Injection for Direction Finding with Six-Port Reflectometer Array - Archive ouverte HAL Recherche Accéder directement au contenu Pied de page Logo Logo Documentation FR Français (FR) Anglais (EN) Se connecter HAL science ouverte Recherche Loading... Recherche avancée Information de documents Titres Titres Sous-titre Titre de l'ouvrage Titre du volume (Série) Champ de recherche par défaut (multicritères) + texte intégral des PDF Résumé Texte intégral indexé des documents PDF Mots-clés Type de document Sous-type de document Tous les identifiants du document Identifiant HAL du dépôt Langue du document (texte) Pays (Texte) Ville À paraître (true ou false) Ajouter Auteur Auteur (multicritères) Auteur (multicritères) Auteur : Nom complet Auteur : Nom de famille Auteur : Prénom Auteur : Complément de nom, deuxième prénom Auteur : Organisme payeur Auteur : IdHal (chaîne de …",Unclassified,0.0
,,"Conception and realization of millimeter wave monopole antenna with desired performances
M Rammal, P Dufrane, B Jecko - Microwave and Optical Technology Letters, 1997
Related articles All 3 versions",1997/8/5,15.0,,,,,295-297,antennas,,Mohamed Rammal,,,Conception and realization of millimeter wave monopole antenna with desired performances,,Microwave and Optical Technology Letters,,https://scholar.google.com/citations?view_op=view_citation&hl=en&user=TVtdu6wAAAAJ&cstart=20&pagesize=80&citation_for_view=TVtdu6wAAAAJ:UebtZRa9Y70C,5.0,"Wiley Subscription Services, Inc., A Wiley Company","M Rammal, Ph Dufrane, B Jecko","In this article we describe the design and test of low‐cost millimeter‐wave omnidirectional antenna for mobile communication links. The desired radiated pattern will cover −17 to 53 degrees in the elevation plane. A monopole antenna on the conical ground plane is considered, and theoretical and experimental results are presented. © 1997 John Wiley & Sons, Inc. Microwave Opt Technol Lett 15: 295–297, 1997",antennas,0.4
,,"Performances of sequentially rotated microstrip antenna sub-arrays generating circular polarization
R Besancon, P Dufrane, S Solignac, M Rammal… - Journal of electromagnetic waves and applications, 1996
Related articles All 5 versions",1996/1/1,10.0,,,,,1601-1611,antennas,,Mohamed Rammal,,,Performances of sequentially rotated microstrip antenna sub-arrays generating circular polarization,,Journal of electromagnetic waves and applications,,https://scholar.google.com/citations?view_op=view_citation&hl=en&user=TVtdu6wAAAAJ&cstart=20&pagesize=80&citation_for_view=TVtdu6wAAAAJ:Se3iqnhoufwC,12.0,Taylor & Francis Group,"R Besancon, Ph Dufrane, S Solignac, M Rammal, B Jecko","This paper presents the axial ratio beamwidth results obtained by different sequentially rotated microstrip patch antenna sub-array configurations. Simplified formulae of electrical radiation pattern allow a direct polarization estimation. To validate these formulae, a comparison with a rigorous calculation code using the Finite Difference Time Domain method (F.D.T.D.), through same cases simulated, gives good agreement. Finally, excitation errors introduced in simple analytical expressions are taken into account for two particular sub-arrays.",antennas,0.4
2016 IEEE Middle East Conference on Antennas and Propagation (MECAP),,"Wideband circularly polarized pixel antenna using special EBG approach: Building of agile antenna ARMA for space applications
A Siblini, H Abou Taam, B Jecko, M Rammal, A Bellion - 2016 IEEE Middle East Conference on Antennas and …
Related articles",,,,,,,,antennas,,Mohamed Rammal,,,Wideband circularly polarized pixel antenna using special EBG approach: Building of agile antenna ARMA for space applications,,,,https://scholar.google.com/citations?view_op=view_citation&hl=en&user=TVtdu6wAAAAJ&cstart=20&pagesize=80&citation_for_view=TVtdu6wAAAAJ:3s1wT3WcHBgC,,,"Ali Siblini, Hussein Abou Taam, Bernard Jecko, Mohamed Rammal, Anthony Bellion",This paper presents a circularly polarized antenna based on new electromagnetic band-gap material antenna approach called pixel. The pixel concept was published in many papers concerning the agile radiating matrix antenna. In this paper we study the pixel generating circularly polarized field. This study will be the main step to introduce agility in beam forming of the matrix antenna for the space applications. Also a comparison between the pixel and patch antenna is done.,antennas,0.4
,,"Journal Antennas № 10 for 2009 г. Article in number: General Synthesis Method for Cylindrical Antenna Arrays with Directive and Conformal Patterns
C Olleik, H Rammal, M Rammal
Related articles",,,,,,,,antennas,,Mohamed Rammal,,,Journal Antennas № 10 for 2009 г. Article in number: General Synthesis Method for Cylindrical Antenna Arrays with Directive and Conformal Patterns,,,,https://scholar.google.com/citations?view_op=view_citation&hl=en&user=TVtdu6wAAAAJ&cstart=20&pagesize=80&citation_for_view=TVtdu6wAAAAJ:M05iB0D1s5AC,,,"Ch Olleik, H Rammal, M Rammal","This paper describes a new approach to the synthesis of cylindrical antennas controlled by the excitation (amplitude and phase). It can be used to synthesize directive-lobe and multilobe patterns, and create adaptive nulls in interference direction as well as wide-lobe pattern. The proposed method is based on iterative minimization of a function that incorporates constraints imposed in each direction with respect to excitation (amplitude and phase). To verify the performances of the proposed technique, a 16-elements cylindrical antenna has been simulated for various types of beam configurations.",antennas,0.605
,,"Thermal management of organic semi-conducting materials: improved 3 omega measurement and effect of a future implementation of an active cooling device
B Garnier, F Reisdorffer, M Rammal, TP Nguyen
Related articles",,,https://www.researchgate.net/profile/Mohammad-Rammal/publication/309187307_Thermal_management_of_organic_semi-conducting_materials_improved_3_omega_measurement_and_effect_of_a_future_implementation_of_an_active_cooling_device/links/5803a11f08ae310e0d9f3dd2/Thermal-management-of-organic-semi-conducting-materials-improved-3-omega-measurement-and-effect-of-a-future-implementation-of-an-active-cooling-device.pdf,,,,,antennas,,Mohamed Rammal,,,Thermal management of organic semi-conducting materials: improved 3 omega measurement and effect of a future implementation of an active cooling device,,,,https://scholar.google.com/citations?view_op=view_citation&hl=en&user=TVtdu6wAAAAJ&cstart=20&pagesize=80&citation_for_view=TVtdu6wAAAAJ:hMod-77fHWUC,,,"B Garnier, F Reisdorffer, M Rammal, TP Nguyen","Besides the characterisation of the active organic material for thermal management of organic device, one can get improvement in their stability by implementing a specific active cooling device. In a previous work [3], an organic Pektier cell was integrated during the fabrication of OLED device using the same materials (Alq3 and TPD). It was shown that the organic Peltier cell was working and could provide energy harvesting but due its laboratory fabrication its performance was not sufficient to produce active cooling. In the present work, we propose a heat transfer model to investigate the effect of an active cooling device on the average temperature of an organic device as function of the Seebeck coefficient of the added organic Peltier cell and also as function of the surrounding heat transfer coefficient. It is shown that with uptodate organic Peltier cell an active cooling between 3 to 8 C could be reached. As mentioned by [4], a temperature decrease of 5 C would notably prolong the organic diode lifetime by 25%, this highlights the benefit of the implementation of an organic Peltier cell.",Unclassified,0.0
,,"SENSET 2017 committees
A Farhat, A Arab, A Shamim, B Jecko, G El Zein…
Related articles",,,,,,,,antennas,,Mohamed Rammal,,,SENSET 2017 committees,,,,https://scholar.google.com/citations?view_op=view_citation&hl=en&user=TVtdu6wAAAAJ&cstart=20&pagesize=80&citation_for_view=TVtdu6wAAAAJ:k_IJM867U9cC,,,"Ahmad Farhat, Ahmed Arab, Atif Shamim, Bernard Jecko, Ghais El Zein, Mohamad Essaaidi, Mohamad Khalil, Mohamad Sharawi, Nazih Khaddaj Mallat, Raed Shubair, Tayfun Nesimoglu, Siddik Yarman, Yahia Antar, Abdelkarim Kassem, Ammar Assoum, Anis Ismail, Bachar Elhassan, Bassam Daya, Fadi Hage Chehade, Hanna Farhat, Hussein Jardali, Marwan Sadek, Mohamad Husseini, Mohammad Rammal",Provides a listing of current committee members and society officers.,Unclassified,0.0
,,"Validation Expérimentale d’une Matrice Antennaire Agile Rayonnante pour la Formation de Faisceaux et le Pointage Electronique
H Abou Taam, A Siblini, E Arnaud, B Jecko, M Rammal
Related articles",,,https://www.researchgate.net/profile/Ali-Siblini/publication/313220530_Validation_Experimentale_d'une_Matrice_Antennaire_Agile_Rayonnante_pour_la_Formation_de_Faisceaux_et_le_Pointage_Electronique/links/58930240aca272f9a558e93f/Validation-Experimentale-dune-Matrice-Antennaire-Agile-Rayonnante-pour-la-Formation-de-Faisceaux-et-le-Pointage-Electronique.pdf,,,,,antennas,,Mohamed Rammal,,,Validation Expérimentale d’une Matrice Antennaire Agile Rayonnante pour la Formation de Faisceaux et le Pointage Electronique,,,,https://scholar.google.com/citations?view_op=view_citation&hl=en&user=TVtdu6wAAAAJ&cstart=20&pagesize=80&citation_for_view=TVtdu6wAAAAJ:iH-uZ7U-co4C,,,"Hussein Abou Taam, Ali Siblini, Eric Arnaud, Bernard Jecko, Mohamed Rammal","Ce résumé est dédié pour différentes validations expérimentales d’un nouveau système antennaire à agilité de rayonnement. Le principe de fonctionnement de cette antenne est basé sur l’approche des surfaces rayonnantes équivalentes et inspiré des antennes à bandes interdites électromagnétiques. Le principe théorique et des validations numériques ont été déjà montrés dans différentes publications. Dans ce papier, des résultats expérimentaux sont montrées pour valider les capacités de notre système antennaire dans la formation de faisceaux et le pointage électronique spatial.",antennas,0.4
,,"Agile Radiating Matrix Antenna System For Radar Applications
A Hussein, BJ NASHEF, M RAMMAL
Related articles",,,https://www.academia.edu/download/46462561/Agile_Radiating_Matrix_Antenna_System_Fo20160614-10745-1nn4ofe.pdf,,,,,antennas,,Mohamed Rammal,,,Agile Radiating Matrix Antenna System For Radar Applications,,,,https://scholar.google.com/citations?view_op=view_citation&hl=en&user=TVtdu6wAAAAJ&cstart=20&pagesize=80&citation_for_view=TVtdu6wAAAAJ:j3f4tGmQtD8C,,,"ABOU Hussein, Bernard JECKO NASHEF, Mohamed RAMMAL",This paper presents an agile radiating matrix antenna which is formed by an association of several and identical special radiating elements called ‘pixels’. Those pixels have special properties concerning its radiating apertures. The matrix antenna working principle is based on the equivalent radiating surface approach and not on the classical array approach. The aim of this paper is to show the matrix antenna performances concerning its ability to achieve a great beam steering for high scanning angles which is used for target following and military bases monitoring in radar applications. The principle of this antenna constitutes the subject of an accepted CNRS (Centre National de la Recherche Scientifique) patent.,antennas,0.4
,,"Projet Européen TIPS et Conseil régional PdL. Management thermique des lasers de puissance: Intégration de films minces AlN et BN et mesures des performances thermiques des dispositifs Laser.
M Rammal
Related articles",,,https://www.researchgate.net/profile/Ngor-Mbaye-Seck/publication/314847055_Characterization_of_nano_graphene_based_sample_by_Raman_scattering_and_Absorption_Spectroscopy/links/58c68b9392851c0ccbff6062/Characterization-of-nano-graphene-based-sample-by-Raman-scattering-and-Absorption-Spectroscopy.pdf,,,,,antennas,,Mohamed Rammal,,,Projet Européen TIPS et Conseil régional PdL. Management thermique des lasers de puissance: Intégration de films minces AlN et BN et mesures des performances thermiques des …,,,,https://scholar.google.com/citations?view_op=view_citation&hl=en&user=TVtdu6wAAAAJ&cstart=20&pagesize=80&citation_for_view=TVtdu6wAAAAJ:RHpTSmoSYBkC,,,Mohammad Rammal,"Inconel alloy 690 replaces the inconel alloy 600, for the fabrication of certain kind of the primary and secondary circuit components of the first generation of nuclear power plant. This alloy, and its welding filler metals (52 and 152), are sensitive to hot cracking during welding operation. This type of cracks is called “ductility dip cracking”. The aim of the thesis is to identify the mechanism which leads the ductility dip cracking (grain boundaries sliding? secondary carbides precipitation? Impurities segregation?). To do this, 3 grades are tested with a hot crack sensibility test (Varestraint test). Those results are compared to hot tensile tests performed in Gleeble machine in association with advanced characterisation tests means: metallography, SEM, EBSD, WDS, Auger spectrospcopy.",Unclassified,0.0
