Book,Conference,Scholar articles,Publication date,Volume,PDF Link,Patent office,Report number,Source,Pages,Research Interests,Total citations,Researcher Name,Inventors,Patent number,Title,Institution,Journal,Application number,Scholar Link,Issue,Publisher,Authors,Description,Classified_Topic,Classification_Confidence
,2015 international conference on advances in biomedical engineering (ICABME),"Driver stress level detection using HRV analysis
N Munla, M Khalil, A Shahin, A Mourad - 2015 international conference on advances in …, 2015
Cited by 163 Related articles All 3 versions",2015/9/16,,https://www.researchgate.net/profile/Azzam-Mourad/publication/308831349_Driver_stress_level_detection_using_HRV_analysis/links/5bdd863b299bf1124fb6f5c7/Driver-stress-level-detection-using-HRV-analysis.pdf,,,,61-64,"signal processing, detection, classification, Biomedical signals, Neurology",Cited by 163,Mohamad KHALIL,,,Driver stress level detection using HRV analysis,,,,https://scholar.google.com/citations?view_op=view_citation&hl=en&user=0DzJpLQAAAAJ&citation_for_view=0DzJpLQAAAAJ:kh2fBNsKQNwC,,IEEE,"Nermine Munla, Mohamad Khalil, Ahmad Shahin, Azzam Mourad","This paper intends to investigate stress level detection of a driver during real world driving experiment. This detection is based on heart rate variability (HRV) analysis which is derived from ECG signal and reflects autonomic nervous system state of the human body. The alteration of autonomic nervous system predicts the stress level of drivers during driving operation and permits a safe driving by the possibility of an early warning. This stress, taking place during driving, is caused by diverse factors such as changing mood, bio rhythm, fatigue, boredom or disease which can prevent the driver from reaching inappropriate state for driving. In our study, the ECG signal of the driver is extracted and preprocessed in order to perform the HRV analysis. This analysis is accomplished using one of the domain analysis approach such as time, frequency, time-frequency or non-linear methods including Wavelet and STFT. After …",detection,0.604
,,"The dynamic functional core network of the human brain at rest
A Kabbara, W El Falou, M Khalil, F Wendling… - Scientific reports, 2017
Cited by 142 Related articles All 13 versions",2017/6/7,7.0,https://www.nature.com/articles/s41598-017-03420-6,,,,2936,"signal processing, detection, classification, Biomedical signals, Neurology",Cited by 142,Mohamad KHALIL,,,The dynamic functional core network of the human brain at rest,,Scientific reports,,https://scholar.google.com/citations?view_op=view_citation&hl=en&user=0DzJpLQAAAAJ&citation_for_view=0DzJpLQAAAAJ:MhiOAD_qIWkC,1,Nature Publishing Group UK,"Aya Kabbara, W El Falou, M Khalil, F Wendling, M Hassan","The human brain is an inherently complex and dynamic system. Even at rest, functional brain networks dynamically reconfigure in a well-organized way to warrant an efficient communication between brain regions. However, a precise characterization of this reconfiguration at very fast time-scale (hundreds of millisecond) during rest remains elusive. In this study, we used dense electroencephalography data recorded during task-free paradigm to track the fast temporal dynamics of spontaneous brain networks. Results obtained from network-based analysis methods revealed the existence of a functional dynamic core network formed of a set of key brain regions that ensure segregation and integration functions. Brain regions within this functional core share high betweenness centrality, strength and vulnerability (high impact on the network global efficiency) and low clustering coefficient. These regions are mainly …",Unclassified,0.0
,,"Advanced biosignal processing
A Naït-Ali - 2009
Cited by 141 Related articles All 6 versions",2009/4/7,,,,,,,"signal processing, detection, classification, Biomedical signals, Neurology",Cited by 141,Mohamad KHALIL,,,Advanced biosignal processing,,,,https://scholar.google.com/citations?view_op=view_citation&hl=en&user=0DzJpLQAAAAJ&citation_for_view=0DzJpLQAAAAJ:2P1L_qKh6hAC,,Springer,Amine Naït-Ali,"Generally speaking, Biosignals refer to signals recorded from the human body. They can be either electrical (eg Electrocardiogram (ECG), Electroencephalogram (EEG), Electromyogram (EMG), etc.) or non-electrical (eg breathing, movements, etc.). The acquisition and processing of such signals play an important role in clinical routines. They are usually considered as major indicators which provide clinicians and physicians with useful information during diagnostic and monitoring processes. In some applications, the purpose is not necessarily medical. It may also be industrial. For instance, a real-time EEG system analysis can be used to control and analyze the vigilance of a car driver. In this case, the purpose of such a system basically consists of preventing crash risks. Furthermore, in certain other appli-tions, asetof biosignals (eg ECG, respiratorysignal, EEG, etc.) can be used toc-trol or analyze human emotions. This is the case of the famous polygraph system, also known as the “lie detector”, the ef ciency of which remains open to debate! Thus when one is dealing with biosignals, special attention must be given to their acquisition, their analysis and their processing capabilities which constitute the nal stage preceding the clinical diagnosis. Naturally, the diagnosis is based on the information provided by the processing system.",signal processing,0.403
,,"Elder tracking and fall detection system using smart tiles
M Daher, A Diab, MEB El Najjar, MA Khalil, F Charpillet - IEEE Sensors Journal, 2016
Cited by 138 Related articles All 8 versions",2016/11/3,17.0,https://www.researchgate.net/profile/Mhd-Daher/publication/309691537_Elder_Tracking_and_Fall_Detection_System_Using_Smart_Tiles/links/59ecdfc60f7e9bfdeb71a8be/Elder-Tracking-and-Fall-Detection-System-Using-Smart-Tiles.pdf,,,,469-479,"signal processing, detection, classification, Biomedical signals, Neurology",Cited by 138,Mohamad KHALIL,,,Elder tracking and fall detection system using smart tiles,,IEEE Sensors Journal,,https://scholar.google.com/citations?view_op=view_citation&hl=en&user=0DzJpLQAAAAJ&citation_for_view=0DzJpLQAAAAJ:ubry08Y2EpUC,2,IEEE,"Mohamad Daher, Ahmad Diab, Maan El Badaoui El Najjar, Mohamad Ali Khalil, François Charpillet","Fall detection for elderly and patient is a very important service that has the potential of increasing autonomy of elders while minimizing the risks of living alone. It has been an active research topic due to the fact that health care industry has a big demand for products and technology of fall detection systems. Owing to the recent rapid advancement in sensing and wireless communication technologies, fall detection systems have become possible. They allow detecting fall events for the elderly, monitoring them, and consequently providing necessary help whenever needed. This paper describes the ongoing work of detecting falls in independent living senior apartments using force sensors and three-axis accelerometers concealed under intelligent tiles. The force sensors permit detecting elders’ falls, locating, tracking, and recognizing human activities (walking, standing, sitting, lying down, falling, and the transitions …",detection,0.604
,,"Uterine EMG analysis: a dynamic approach for change detection and classification
M Khalil, J Duchêne - IEEE Transactions on Biomedical Engineering, 2002
Cited by 117 Related articles All 7 versions",2002/8/6,47.0,https://www.researchgate.net/profile/Mohamad-Khalil-4/publication/12484033_Uterine_EMG_analysis_A_dynamic_approach_for_change_detection_and_classification/links/5491da8c0cf2484a3f3e062c/Uterine-EMG-analysis-A-dynamic-approach-for-change-detection-and-classification.pdf,,,,748-756,"signal processing, detection, classification, Biomedical signals, Neurology",Cited by 117,Mohamad KHALIL,,,Uterine EMG analysis: a dynamic approach for change detection and classification,,IEEE Transactions on Biomedical Engineering,,https://scholar.google.com/citations?view_op=view_citation&hl=en&user=0DzJpLQAAAAJ&citation_for_view=0DzJpLQAAAAJ:uJ-U7cs_P_0C,6,IEEE,"Mohamad Khalil, Jacques Duchêne","Toward the goal of detecting preterm birth by characterizing events in the uterine electromyogram (EMG), the authors propose a method of detection and classification of events in this signal. Uterine EMG is considered as a nonstationary signal and the authors' approach consists of assuming piecewise stationarity and using a dynamic change detector with no a priori knowledge of the parameters of the hypotheses on the process state to be detected. The detection approach is based on the dynamic cumulative sum (DCS) of the local generalized likelihood ratios associated with a multiscale decomposition using wavelet transform. This combination of DCS and multiscale decomposition was shown to be very efficient for detection of both frequency and energy changes. An unsupervised classification based on the comparison between variance-covariance matrices computed from selected scales of the decomposition …",detection,0.605
,,"Self adaptive growing neural network classifier for faults detection and diagnosis
M Barakat, F Druaux, D Lefebvre, M Khalil, O Mustapha - Neurocomputing, 2011
Cited by 102 Related articles All 4 versions",2011/11/1,74.0,,,,,3865-3876,"signal processing, detection, classification, Biomedical signals, Neurology",Cited by 102,Mohamad KHALIL,,,Self adaptive growing neural network classifier for faults detection and diagnosis,,Neurocomputing,,https://scholar.google.com/citations?view_op=view_citation&hl=en&user=0DzJpLQAAAAJ&citation_for_view=0DzJpLQAAAAJ:VLnqNzywnoUC,18,Elsevier,"Mustapha Barakat, Fabrice Druaux, Dimitri Lefebvre, Mohamad Khalil, Oussama Mustapha","Fault detection and diagnosis have gained widespread industrial interest in machine monitoring due to their potential advantage that results from reducing maintenance costs, improving productivity and increasing machine availability. This article develops an adaptive intelligent technique based on artificial neural networks combined with advanced signal processing methods for systematic detection and diagnosis of faults in industrial systems based on a classification method. It uses discrete wavelet transform and training techniques based on locating and adjusting the Gaussian neurons in activation zones of training data. The learning (1) provides minimization in the number of neurons depending on cost error function and other stopping criterions; (2) offers rapid training and testing processes; (3) provides accuracy in classification as confirmed by the results on real signals. The method is applied to classify …",signal processing,0.608
,,"Recent advances in medical image processing for the evaluation of chronic kidney disease
I Alnazer, P Bourdon, T Urruty, O Falou, M Khalil… - Medical Image Analysis, 2021
Cited by 96 Related articles All 6 versions",2021/4/1,69.0,https://hal.science/hal-03107259v1/file/S1361841521000062.pdf,,,Medical Image Analysis,101960,"signal processing, detection, classification, Biomedical signals, Neurology",Cited by 96,Mohamad KHALIL,,,Recent advances in medical image processing for the evaluation of chronic kidney disease,,,,https://scholar.google.com/citations?view_op=view_citation&hl=en&user=0DzJpLQAAAAJ&citation_for_view=0DzJpLQAAAAJ:z8nqeaKD1nsC,,Elsevier,"Israa Alnazer, Pascal Bourdon, Thierry Urruty, Omar Falou, Mohamad Khalil, Ahmad Shahin, Christine Fernandez-Maloigne","Assessment of renal function and structure accurately remains essential in the diagnosis and prognosis of Chronic Kidney Disease (CKD). Advanced imaging, including Magnetic Resonance Imaging (MRI), Ultrasound Elastography (UE), Computed Tomography (CT) and scintigraphy (PET, SPECT) offers the opportunity to non-invasively retrieve structural, functional and molecular information that could detect changes in renal tissue properties and functionality. Currently, the ability of artificial intelligence to turn conventional medical imaging into a full-automated diagnostic tool is widely investigated. In addition to the qualitative analysis performed on renal medical imaging, texture analysis was integrated with machine learning techniques as a quantification of renal tissue heterogeneity, providing a promising complementary tool in renal function decline prediction. Interestingly, deep learning holds the ability to be a …",detection,0.4
,,"Reduced integration and improved segregation of functional brain networks in Alzheimer’s disease
A Kabbara, H Eid, W El Falou, M Khalil, F Wendling… - Journal of neural engineering, 2018
Cited by 85 Related articles All 8 versions",2018/2/16,15.0,https://arxiv.org/pdf/1802.06017,,,,026023,"signal processing, detection, classification, Biomedical signals, Neurology",Cited by 85,Mohamad KHALIL,,,Reduced integration and improved segregation of functional brain networks in Alzheimer’s disease,,Journal of neural engineering,,https://scholar.google.com/citations?view_op=view_citation&hl=en&user=0DzJpLQAAAAJ&citation_for_view=0DzJpLQAAAAJ:ce2CqMG-AY4C,2,IOP Publishing,"A Kabbara, H Eid, W El Falou, M Khalil, F Wendling, M Hassan","Objective
Emerging evidence shows that cognitive deficits in Alzheimer's disease (AD) are associated with disruptions in brain functional connectivity. Thus, the identification of alterations in AD functional networks has become a topic of increasing interest. However, to what extent AD induces disruption of the balance of local and global information processing in the human brain remains elusive. The main objective of this study is to explore the dynamic topological changes of AD networks in terms of brain network segregation and integration.
Approach
We used electroencephalography (EEG) data recorded from 20 participants (10 AD patients and 10 healthy controls) during resting state. Functional brain networks were reconstructed using EEG source connectivity computed in different frequency bands. Graph theoretical analyses were performed assess differences between both groups.
Main results
Results …",signal processing,0.204
,,"EEGNET: An open source tool for analyzing and visualizing M/EEG connectome
M Hassan, M Shamas, M Khalil, W El Falou… - PloS one, 2015
Cited by 83 Related articles All 14 versions",2015/9/17,10.0,https://journals.plos.org/plosone/article?id=10.1371/journal.pone.0138297,,,,e0138297,"signal processing, detection, classification, Biomedical signals, Neurology",Cited by 83,Mohamad KHALIL,,,EEGNET: An open source tool for analyzing and visualizing M/EEG connectome,,PloS one,,https://scholar.google.com/citations?view_op=view_citation&hl=en&user=0DzJpLQAAAAJ&citation_for_view=0DzJpLQAAAAJ:a9-T7VOCCH8C,9,Public Library of Science,"Mahmoud Hassan, Mohamad Shamas, Mohamad Khalil, Wassim El Falou, Fabrice Wendling","The brain is a large-scale complex network often referred to as the “connectome”. Exploring the dynamic behavior of the connectome is a challenging issue as both excellent time and space resolution is required. In this context Magneto/Electroencephalography (M/EEG) are effective neuroimaging techniques allowing for analysis of the dynamics of functional brain networks at scalp level and/or at reconstructed sources. However, a tool that can cover all the processing steps of identifying brain networks from M/EEG data is still missing. In this paper, we report a novel software package, called EEGNET, running under MATLAB (Math works, inc), and allowing for analysis and visualization of functional brain networks from M/EEG recordings. EEGNET is developed to analyze networks either at the level of scalp electrodes or at the level of reconstructed cortical sources. It includes i) Basic steps in preprocessing M/EEG signals, ii) the solution of the inverse problem to localize / reconstruct the cortical sources, iii) the computation of functional connectivity among signals collected at surface electrodes or/and time courses of reconstructed sources and iv) the computation of the network measures based on graph theory analysis. EEGNET is the unique tool that combines the M/EEG functional connectivity analysis and the computation of network measures derived from the graph theory. The first version of EEGNET is easy to use, flexible and user friendly. EEGNET is an open source tool and can be freely downloaded from this webpage: https://sites.google.com/site/eegnetworks/.",signal processing,0.403
,,"Comparison of different EHG feature selection methods for the detection of preterm labor
D Alamedine, M Khalil, C Marque - Computational and mathematical methods in medicine, 2013
Cited by 83 Related articles All 14 versions",2013,2013.0,https://onlinelibrary.wiley.com/doi/pdf/10.1155/2013/485684,,,,485684,"signal processing, detection, classification, Biomedical signals, Neurology",Cited by 83,Mohamad KHALIL,,,Comparison of different EHG feature selection methods for the detection of preterm labor,,Computational and mathematical methods in medicine,,https://scholar.google.com/citations?view_op=view_citation&hl=en&user=0DzJpLQAAAAJ&citation_for_view=0DzJpLQAAAAJ:uc_IGeMz5qoC,1,Hindawi Publishing Corporation,"Dima Alamedine, Mohamad Khalil, Catherine Marque","Numerous types of linear and nonlinear features have been extracted from the electrohysterogram (EHG) in order to classify labor and pregnancy contractions. As a result, the number of available features is now very large. The goal of this study is to reduce the number of features by selecting only the relevant ones which are useful for solving the classification problem. This paper presents three methods for feature subset selection that can be applied to choose the best subsets for classifying labor and pregnancy contractions: an algorithm using the Jeffrey divergence (JD) distance, a sequential forward selection (SFS) algorithm, and a binary particle swarm optimization (BPSO) algorithm. The two last methods are based on a classifier and were tested with three types of classifiers. These methods have allowed us to identify common features which are relevant for contraction classification.",detection,0.604
,,"A new algorithm for spatiotemporal analysis of brain functional connectivity
A Mheich, M Hassan, M Khalil, C Berrou, F Wendling - Journal of neuroscience methods, 2015
Cited by 73 Related articles All 8 versions",2015/3/15,242.0,https://hal.science/hal-01118260v1/file/A%20new%20algorithm%20for%20spatiotemporal%20analysis%20of%20brain.pdf,,,,77-81,"signal processing, detection, classification, Biomedical signals, Neurology",Cited by 73,Mohamad KHALIL,,,A new algorithm for spatiotemporal analysis of brain functional connectivity,,Journal of neuroscience methods,,https://scholar.google.com/citations?view_op=view_citation&hl=en&user=0DzJpLQAAAAJ&citation_for_view=0DzJpLQAAAAJ:zLWjf1WUPmwC,,Elsevier,"Ahmad Mheich, M Hassan, M Khalil, C Berrou, F Wendling","Specific networks of interacting neuronal assemblies distributed within and across distinct brain regions underlie brain functions. In most cognitive tasks, these interactions are dynamic and take place at the millisecond time scale. Among neuroimaging techniques, magneto/electroencephalography – M/EEG – allows for detection of very short-duration events and offers the single opportunity to follow, in time, the dynamic properties of cognitive processes (sub-millisecond temporal resolution).
In this paper, we propose a new algorithm to track the functional brain connectivity dynamics. During a picture naming task, this algorithm aims at segmenting high-resolution EEG signals (hr-EEG) into functional connectivity microstates. The proposed algorithm is based on the K-means clustering of the connectivity graphs obtained from the phase locking value (PLV) method applied on hr-EEG. Results show that the analyzed …",detection,0.604
,,"Human-exoskeleton joint misalignment: A systematic review
R Mallat, M Khalil, G Venture, V Bonnet, S Mohammed - 2019 fifth international conference on advances in …, 2019
Cited by 58 Related articles All 3 versions",2019/10/17,,,,,2019 fifth international conference on advances in biomedical engineering (ICABME),1-4,"signal processing, detection, classification, Biomedical signals, Neurology",Cited by 58,Mohamad KHALIL,,,Human-exoskeleton joint misalignment: A systematic review,,,,https://scholar.google.com/citations?view_op=view_citation&hl=en&user=0DzJpLQAAAAJ&citation_for_view=0DzJpLQAAAAJ:C33y2ycGS3YC,,IEEE,"Randa Mallat, Mohamad Khalil, Gentiane Venture, Vincent Bonnet, Samer Mohammed","Powered exoskeletons are gaining increasing attention in both assistance and rehabilitation fields. The misalignment between human and exoskeleton joints is an inevitable challenge that may hinder the user's safety, comfort, and assistance efficiency while wearing the exoskeleton. This paper presents a systematic review of the latest research studies on joint misalignment, its effects, and the solutions proposed to deal with, in the literature.",Unclassified,0.0
,,"Classification for uterine EMG signals: comparison between AR model and statistical classification method
MO Diab, C Marque, MA Khalil - International Journal of Computational Cognition (http …, 2007
Cited by 56 Related articles All 4 versions",2007/3,5.0,https://www.researchgate.net/profile/Catherine-Marque/publication/228358247_Classification_for_uterine_EMG_signals_Comparison_between_AR_model_and_statistical_classification_method/links/02bfe510fdc9969f03000000/Classification-for-uterine-EMG-signals-Comparison-between-AR-model-and-statistical-classification-method.pdf,,,,,"signal processing, detection, classification, Biomedical signals, Neurology",Cited by 56,Mohamad KHALIL,,,Classification for uterine EMG signals: comparison between AR model and statistical classification method,,International Journal of Computational Cognition (http://www. ijcc. us),,https://scholar.google.com/citations?view_op=view_citation&hl=en&user=0DzJpLQAAAAJ&citation_for_view=0DzJpLQAAAAJ:t7zJ5fGR-2UC,1,,"Mohamad O Diab, Catherine Marque, Mohamad A Khalil","This article proposes a method for modeling and classification apply on the uterine contractions in the electromyogram (EMG) signal for the detection of preterm birth. The frequency content of the contraction changes from one woman to another and during pregnancy. Firstly we apply an AR model on the Uterine EMG signal for the calculation of the ai parameters. Wavelet decomposition is used to extract the parameters of each simulated contraction, and an unsupervised statistical classification method based on Fisher test is used to classify the signals. A principal component analysis projection is then used to evidence the groups resulting from this classification. Results show that uterine contractions may be classified into independent groups according to their frequency content and according to term (at the recording, or at delivery). Copyright cO 2007 Yang’s Scientific",detection,0.605
,,"Selection algorithm for parameters to characterize uterine EHG signals for the detection of preterm labor
D Alamedine, A Diab, C Muszynski, B Karlsson… - Signal, Image and Video Processing, 2014
Cited by 50 Related articles All 2 versions",2014/9,8.0,,,,,1169-1178,"signal processing, detection, classification, Biomedical signals, Neurology",Cited by 50,Mohamad KHALIL,,,Selection algorithm for parameters to characterize uterine EHG signals for the detection of preterm labor,,"Signal, Image and Video Processing",,https://scholar.google.com/citations?view_op=view_citation&hl=en&user=0DzJpLQAAAAJ&citation_for_view=0DzJpLQAAAAJ:e_rmSamDkqQC,,Springer London,"Dima Alamedine, Ahmad Diab, Charles Muszynski, Brynjar Karlsson, Mohamad Khalil, Catherine Marque","This article proposes a selection method that can be applied to choose the best parameters to classify contractions in the uterine electrohysterography (EHG) signal for the detection of preterm labor. Several types of parameters have historically been extracted from the electrohysterogram. These can be divided into three classes: linear parameters, nonlinear parameters and parameters related to the electrohyterogram propagation. Frequency band enhancement EHG characterization has also been extensively studied. Our work is divided in two parts. The first part is to implement and compute all the parameters already extracted from the EHG that have been published in the literature. These parameters were computed both on the original EHG and on different frequency bands obtained using wavelet packet decomposition. In the second part, we will use a new parameters selection method to eliminate all …",detection,0.605
,,"Towards a legal rule-based system grounded on the integration of criminal domain ontology and rules
M El Ghosh, H Naja, H Abdulrab, M Khalil - Procedia computer science, 2017
Cited by 49 Related articles All 5 versions",2017/1/1,112.0,https://www.sciencedirect.com/science/article/pii/S1877050917314643/pdf?md5=ad8617972c71e73e809869fec0677e1e&pid=1-s2.0-S1877050917314643-main.pdf,,,,632-642,"signal processing, detection, classification, Biomedical signals, Neurology",Cited by 49,Mohamad KHALIL,,,Towards a legal rule-based system grounded on the integration of criminal domain ontology and rules,,Procedia computer science,,https://scholar.google.com/citations?view_op=view_citation&hl=en&user=0DzJpLQAAAAJ&citation_for_view=0DzJpLQAAAAJ:OBSaB-F7qqsC,,Elsevier,"Mirna El Ghosh, Hala Naja, Habib Abdulrab, Mohamad Khalil","This research aims to define an integrated strategy for modelling legal norms in the criminal domain for supporting the legal reasoning. For this purpose, OWL-DL criminal domain ontology is captured from legal texts, using a middle-out approach, and legal rules are then formalized based on the ontology. The goal is to construct a legal rule-based decision support system for the Lebanese criminal domain, grounded on the integration of the criminal domain ontology and set of logic rules which are defined using the expressive ability of SWRL rule language.",Unclassified,0.0
,,"Parameter selection algorithm with self adaptive growing neural network classifier for diagnosis issues
M Barakat, D Lefebvre, M Khalil, F Druaux, O Mustapha - International journal of machine learning and …, 2013
Cited by 49 Related articles All 7 versions",2013/6,4.0,https://www.academia.edu/download/109067829/s13042-012-0089-520231216-1-7pfirh.pdf,,,,217-233,"signal processing, detection, classification, Biomedical signals, Neurology",Cited by 49,Mohamad KHALIL,,,Parameter selection algorithm with self adaptive growing neural network classifier for diagnosis issues,,International journal of machine learning and cybernetics,,https://scholar.google.com/citations?view_op=view_citation&hl=en&user=0DzJpLQAAAAJ&citation_for_view=0DzJpLQAAAAJ:9Nmd_mFXekcC,,Springer-Verlag,"Mustapha Barakat, Dimitri Lefebvre, Mohamad Khalil, Fabrice Druaux, Oussama Mustapha","Neural networks have been widely used in the field of intelligent information processing such as classification, clustering, prediction, and recognition. In this paper, a non-parametric supervised classifier based on neural networks is proposed for diagnosis issues. A parameter selection with self adaptive growing neural network (SAGNN) is developed for automatic fault detection and diagnosis in industrial environments. The growing and adaptive skill of SAGNN allows it to change its size and structure according to the training data. An advanced parameter selection criterion is embedded in SAGNN algorithm based on the computed performance rate of training samples. This approach (1) improves classification results in comparison to recent works, (2) achieves more optimization at both stages preprocessing and classification stage, (3) facilitates data visualization and data understanding, (4) reduces the …",detection,0.604
,2021 12th International renewable engineering conference (IREC),"Transfer learning approach for occupancy prediction in smart buildings
M Khalil, S McGough, Z Pourmirza, M Pazhoohesh… - 2021 12th International renewable engineering …, 2021
Cited by 48 Related articles All 4 versions",2021/4/14,,https://core.ac.uk/download/pdf/427748743.pdf,,,,1-6,"signal processing, detection, classification, Biomedical signals, Neurology",Cited by 48,Mohamad KHALIL,,,Transfer learning approach for occupancy prediction in smart buildings,,,,https://scholar.google.com/citations?view_op=view_citation&hl=en&user=0DzJpLQAAAAJ&citation_for_view=0DzJpLQAAAAJ:RMgMIBzvq-4C,,IEEE,"Mohamad Khalil, Stephen McGough, Zoya Pourmirza, Mehdi Pazhoohesh, Sara Walker","Accurate occupancy prediction in smart buildings is a key element to reduce building energy consumption and control HVAC systems (Heating – Ventilation and– Air Conditioning) efficiently, resulting in an increment of human comfort. This work focuses on the problem of occupancy prediction modelling (occupied / unoccupied) in smart buildings using environmental sensor data. A novel transfer learning approach was used to enhance occupancy prediction accuracy when the amounts of historical training data are limited. The proposed approach and models are applied to a case study of three office rooms in an educational building. The data sets used in this work are actual data collected from the Urban Sciences Building (USB) in Newcastle University. The results of the proposed transfer learning approach have been compared with the models from Support Vector Machine and Random Forest algorithms. The …",Unclassified,0.0
,2017 international conference on rehabilitation robotics (ICORR),"Active impedance control of a knee-joint orthosis during swing phase
F el Zahraa Wehbi, W Huo, Y Amirat, M El Rafei… - 2017 international conference on rehabilitation robotics …, 2017
Cited by 48 Related articles All 5 versions",2017/7/17,,https://www.researchgate.net/profile/Fatima-Wehbi/publication/319118080_Active_impedance_control_of_a_knee-joint_orthosis_during_swing_phase/links/5c1cdc98a6fdccfc705ee089/Active-impedance-control-of-a-knee-joint-orthosis-during-swing-phase.pdf,,,,435-440,"signal processing, detection, classification, Biomedical signals, Neurology",Cited by 48,Mohamad KHALIL,,,Active impedance control of a knee-joint orthosis during swing phase,,,,https://scholar.google.com/citations?view_op=view_citation&hl=en&user=0DzJpLQAAAAJ&citation_for_view=0DzJpLQAAAAJ:WC23djZS0W4C,,IEEE,"Fatima el Zahraa Wehbi, Weiguang Huo, Yacine Amirat, Maher El Rafei, Mohamad Khalil, Samer Mohammed","In this paper, an active impedance control strategy for a knee-joint orthosis is proposed to assist individuals suffering from lower-limb muscular weaknesses during the swing phase of walking activities. The goal of the proposed strategy is to decrease the human effort required for ensuring a successful knee joint movement during walking without sacrificing the wearer's control priority. In this study, a gait-phase based desired knee-joint admittance model is designed by analyzing the kinematic and kinetic characteristics of the wearer's shank-foot segment during walking. Moreover, the mechanical impedance of the human/orthosis system is adapted to the desired one using an active impedance compensation. The control approach was implemented using a knee joint orthosis and tested with four healthy subjects. The EMG signals of the short head of the biceps femoris and the vastus medialis are used as metrics to …",biomedical signals,0.205
,,"Detection and classification of multiple events in piecewise stationary signals: comparison between autoregressive and multiscale approaches
M Khalil, J Duchêne - Signal processing, 1999
Cited by 46 Related articles All 9 versions",1999/6/1,75.0,,,,,239-251,"signal processing, detection, classification, Biomedical signals, Neurology",Cited by 46,Mohamad KHALIL,,,Detection and classification of multiple events in piecewise stationary signals: comparison between autoregressive and multiscale approaches,,Signal processing,,https://scholar.google.com/citations?view_op=view_citation&hl=en&user=0DzJpLQAAAAJ&citation_for_view=0DzJpLQAAAAJ:z_wVstp3MssC,3,Elsevier,"Mohamad Khalil, Jacques Duchêne","In this paper, we present methods of detection and classification of events in nonstationary signals which are well adapted to uterine EMG processing. Two sequential methods of detection are presented: the first one is monodimensional and based on AR modelling, the second is multidimensional and achieved by decomposing the signal onto scales using wavelet transform. Hypothesis rejection is achieved using either AR coefficients or a variance covariance matrix computed from the scales. Both methods are adaptive and allow event detection without necessarily returning to the null hypothesis H0. They have been applied to simulated data and uterine EMG. Their performances have been compared together.",detection,0.605
,2018 25th IEEE International Conference on Image Processing (ICIP),"Light field image compression based on convolutional neural networks and linear approximation
N Bakir, W Hamidouche, O Déforges, K Samrouth… - 2018 25th IEEE International Conference on Image …, 2018
Cited by 45 Related articles All 6 versions",2018/10/7,,http://openhevc.insa-rennes.fr/wp-content/uploads/2018/02/Template-7.pdf,,,,1128-1132,"signal processing, detection, classification, Biomedical signals, Neurology",Cited by 45,Mohamad KHALIL,,,Light field image compression based on convolutional neural networks and linear approximation,,,,https://scholar.google.com/citations?view_op=view_citation&hl=en&user=0DzJpLQAAAAJ&citation_for_view=0DzJpLQAAAAJ:mUJArPsKIAAC,,IEEE,"Nader Bakir, Wassim Hamidouche, Olivier Déforges, Khouloud Samrouth, Mohamad Khalil","Computer vision applications such as refocusing, segmentation and classification become one of the most advanced imaging services. Light Field (LF) imaging systems provide a rich semantic information of the scene. Using a dense set of cameras and microlens arrays (Plenoptic camera), the direction of each ray coming from the scene toward the LF capture system can be extracted and represented by spatial and angular coordinates. However, such imaging system induces many drawbacks including the large amount of data produced and complexity increase for scene representation. In this paper, we propose an efficient LF image coding scheme. This scheme first encodes a sparse set of views using the latest hybrid video encoder (JEM). Then, it estimates a second sparse set of views using a linear approximation. At the decoder side, we use a Deep Learning (DL) approach to estimate the whole LF image from …",classification,0.604
,ICAART (2),"Ontology Learning Process as a Bottom-up Strategy for Building Domain-specific Ontology from Legal Texts.
M El Ghosh, H Naja, H Abdulrab, M Khalil - ICAART (2), 2017
Cited by 45 Related articles All 7 versions",2017/2/24,,https://pdfs.semanticscholar.org/13dd/74d88e197528544eb8c13bc7080abc82e74f.pdf,,,,473-480,"signal processing, detection, classification, Biomedical signals, Neurology",Cited by 45,Mohamad KHALIL,,,Ontology Learning Process as a Bottom-up Strategy for Building Domain-specific Ontology from Legal Texts.,,,,https://scholar.google.com/citations?view_op=view_citation&hl=en&user=0DzJpLQAAAAJ&cstart=20&pagesize=80&citation_for_view=0DzJpLQAAAAJ:jE2MZjpN3IcC,,,"Mirna El Ghosh, Hala Naja, Habib Abdulrab, Mohamad Khalil","The objective of this paper is to present the role of Ontology Learning Process in supporting an ontology engineer for creating and maintaining ontologies from textual resources. The knowledge structures that interest us are legal domain-specific ontologies. We will use these ontologies to build legal domain ontology for a Lebanese legal knowledge based system. The domain application of this work is the Lebanese criminal system. Ontologies can be learnt from various sources, such as databases, structured and unstructured documents. Here, the focus is on the acquisition of ontologies from unstructured text, provided as input. In this work, the Ontology Learning Process represents a knowledge extraction phase using Natural Language Processing techniques. The resulted ontology is considered as inexpressive ontology. There is a need to reengineer it in order to build a complete, correct and more expressive domain-specific ontology.",signal processing,0.204
,2011 Annual International Conference of the IEEE Engineering in Medicine and Biology Society,"Classification performance of the frequency-related parameters derived from uterine EMG signals
B Moslem, B Karlsson, MO Diab, M Khalil, C Marque - 2011 Annual International Conference of the IEEE …, 2011
Cited by 44 Related articles All 6 versions",2011/8/30,,https://www.academia.edu/download/45261126/Classification_performance_of_the_freque20160501-50808-1ktfj0q.pdf,,,,3371-3374,"signal processing, detection, classification, Biomedical signals, Neurology",Cited by 44,Mohamad KHALIL,,,Classification performance of the frequency-related parameters derived from uterine EMG signals,,,,https://scholar.google.com/citations?view_op=view_citation&hl=en&user=0DzJpLQAAAAJ&cstart=20&pagesize=80&citation_for_view=0DzJpLQAAAAJ:ipzZ9siozwsC,,IEEE,"Bassam Moslem, Brynjar Karlsson, Mohamad O Diab, Mohamad Khalil, Catherine Marque","Frequency-related parameters derived from the uterine electromyogram (EMG) signals are widely used in many pregnancy monitoring and preterm delivery prediction studies. Although they are classical parameters, they are well suited for quantifying uterine EMG signals and have many advantages over amplitude-related parameters. The present work aims to compare various frequency-related parameters according to their classification performances (pregnancy vs. labor) using the receiver operating characteristic (ROC) curve analysis. The comparison between the parameters indicates that median frequency is the best frequency-related parameter that can be used for distinguishing between pregnancy and labor contractions. We conclude that median frequency can be the representative frequency-related parameter for classification problems of uterine EMG.",classification,0.606
,,"Functional brain connectivity as a new feature for P300 speller
A Kabbara, M Khalil, W El-Falou, H Eid, M Hassan - PLoS One, 2016
Cited by 42 Related articles All 15 versions",2016/1/11,11.0,https://journals.plos.org/plosone/article?id=10.1371/journal.pone.0146282,,,,e0146282,"signal processing, detection, classification, Biomedical signals, Neurology",Cited by 42,Mohamad KHALIL,,,Functional brain connectivity as a new feature for P300 speller,,PLoS One,,https://scholar.google.com/citations?view_op=view_citation&hl=en&user=0DzJpLQAAAAJ&cstart=20&pagesize=80&citation_for_view=0DzJpLQAAAAJ:4hFrxpcac9AC,1,Public Library of Science,"Aya Kabbara, Mohamad Khalil, Wassim El-Falou, Hassan Eid, Mahmoud Hassan","The brain is a large-scale complex network often referred to as the “connectome”. Cognitive functions and information processing are mainly based on the interactions between distant brain regions. However, most of the ‘feature extraction’ methods used in the context of Brain Computer Interface (BCI) ignored the possible functional relationships between different signals recorded from distinct brain areas. In this paper, the functional connectivity quantified by the phase locking value (PLV) was introduced to characterize the evoked responses (ERPs) obtained in the case of target and non-targets visual stimuli. We also tested the possibility of using the functional connectivity in the context of ‘P300 speller’. The proposed approach was compared to the well-known methods proposed in the state of the art of “P300 Speller”, mainly the peak picking, the area, time/frequency based features, the xDAWN spatial filtering and the stepwise linear discriminant analysis (SWLDA). The electroencephalographic (EEG) signals recorded from ten subjects were analyzed offline. The results indicated that phase synchrony offers relevant information for the classification in a P300 speller. High synchronization between the brain regions was clearly observed during target trials, although no significant synchronization was detected for a non-target trial. The results showed also that phase synchrony provides higher performance than some existing methods for letter classification in a P300 speller principally when large number of trials is available. Finally, we tested the possible combination of both approaches (classical features and phase synchrony). Our findings …",classification,0.603
,,"SimiNet: a novel method for quantifying brain network similarity
A Mheich, M Hassan, M Khalil, V Gripon, O Dufor… - IEEE transactions on pattern analysis and machine …, 2017
Cited by 39 Related articles All 17 versions",2017/9/8,40.0,https://arxiv.org/pdf/1709.07211,,,,2238-2249,"signal processing, detection, classification, Biomedical signals, Neurology",Cited by 39,Mohamad KHALIL,,,SimiNet: a novel method for quantifying brain network similarity,,IEEE transactions on pattern analysis and machine intelligence,,https://scholar.google.com/citations?view_op=view_citation&hl=en&user=0DzJpLQAAAAJ&cstart=20&pagesize=80&citation_for_view=0DzJpLQAAAAJ:CB2v5VPnA5kC,9,IEEE,"Ahmad Mheich, Mahmoud Hassan, Mohamad Khalil, Vincent Gripon, Olivier Dufor, Fabrice Wendling","Quantifying the similarity between two networks is critical in many applications. A number of algorithms have been proposed to compute graph similarity, mainly based on the properties of nodes and edges. Interestingly, most of these algorithms ignore the physical location of the nodes, which is a key factor in the context of brain networks involving spatially defined functional areas. In this paper, we present a novel algorithm called “SimiNet” for measuring similarity between two graphs whose nodes are defined a priori within a 3D coordinate system. SimiNet provides a quantified index (ranging from 0 to 1) that accounts for node, edge and spatiality features. Complex graphs were simulated to evaluate the performance of SimiNet that is compared with eight state-of-art methods. Results show that SimiNet is able to detect weak spatial variations in compared graphs in addition to computing similarity using both nodes …",detection,0.4
,"Systems, Signal Processing and their Applications (WOSSPA), 2011 7th International Workshop on","Hidden biometrics: Towards using biosignals and biomedical images for security applications
A Nait-Ali - International Workshop on Systems, Signal Processing …, 2011
Cited by 37 Related articles",2011/5/9,,,,,,352-356,"signal processing, detection, classification, Biomedical signals, Neurology",Cited by 37,Mohamad KHALIL,,,Hidden biometrics: Towards using biosignals and biomedical images for security applications,,,,https://scholar.google.com/citations?view_op=view_citation&hl=en&user=0DzJpLQAAAAJ&cstart=20&pagesize=80&citation_for_view=0DzJpLQAAAAJ:u_35RYKgDlwC,,IEEE,A Nait-Ali,"When dealing with biometrics, we generally refer to security biometrics which is a set of techniques used to identify an individual using his biological or behavioral features. But sometimes, biometrics, in particular medical biometrics, refers to some specific methods that are used to quantify or to measure some parameters extracted from medical data. In this paper, we bridge the gap between the security biometrics and the medical biometrics and we try to discuss and highlight the idea which consists in using medical data, such as biosignals, MRI images and X-Ray images for the purpose of individual identification or verification. This is what we call the “Hidden biometrics” or “Intrinsic biometrics”. As we will see, some of the techniques using biosignals are suited for applications requiring frequent up-dates and other approaches which use medical images are particularly robust regarding any potential forgery.",biomedical signals,0.404
,,"Parameters extraction and monitoring in uterine EMG signals. Detection of preterm deliveries
D Alamedine, M Khalil, C Marque - Irbm, 2013
Cited by 35 Related articles All 2 versions",2013/11/1,34.0,,,,,322-325,"signal processing, detection, classification, Biomedical signals, Neurology",Cited by 35,Mohamad KHALIL,,,Parameters extraction and monitoring in uterine EMG signals. Detection of preterm deliveries,,Irbm,,https://scholar.google.com/citations?view_op=view_citation&hl=en&user=0DzJpLQAAAAJ&cstart=20&pagesize=80&citation_for_view=0DzJpLQAAAAJ:kz9GbA2Ns4gC,4-5,Elsevier Masson,"Dima Alamedine, Mohamad Khalil, Catherine Marque","The aim of this paper is to classify between labor contractions and pregnancy contractions. Various types of parameters have been extracted from the electrohysterogram (EHG), mainly from the original EHG or from different frequency bands. They have been computed from different signal databases obtained with different recording protocols. The results of these studies are sometime controversial. The aim of this paper is to compute 17 parameters selected from the literature on the same signal database, either on the original EHG or after wavelet packet decomposition, and then to compare their power to discriminate between contractions recorded during pregnancy and labor. We thus obtain a selection of parameters that allow the best discrimination between pregnancy and labor contractions, when computed on the same signals, either on the original EHG or on selected frequency bands.",detection,0.605
,,"Designing two secure keyed hash functions based on sponge construction and the chaotic neural network
N Abdoun, S El Assad, T Manh Hoang, O Deforges… - Entropy, 2020
Cited by 34 Related articles All 13 versions",2020/9/10,22.0,https://www.mdpi.com/1099-4300/22/9/1012,,,,1012,"signal processing, detection, classification, Biomedical signals, Neurology",Cited by 34,Mohamad KHALIL,,,Designing two secure keyed hash functions based on sponge construction and the chaotic neural network,,Entropy,,https://scholar.google.com/citations?view_op=view_citation&hl=en&user=0DzJpLQAAAAJ&cstart=20&pagesize=80&citation_for_view=0DzJpLQAAAAJ:mel-f30kHHgC,9,MDPI,"Nabil Abdoun, Safwan El Assad, Thang Manh Hoang, Olivier Deforges, Rima Assaf, Mohamad Khalil","In this paper, we propose, implement, and analyze the structures of two keyed hash functions using the Chaotic Neural Network (CNN). These structures are based on Sponge construction, and they produce two variants of hash value lengths, i.e., 256 and 512 bits. The first structure is composed of two-layered CNN, while the second one is formed by one-layered CNN and a combination of nonlinear functions. Indeed, the proposed structures employ two strong nonlinear systems, precisely a chaotic system and a neural network system. In addition, the proposed study is a new methodology of combining chaotic neural networks and Sponge construction that is proved secure against known attacks. The performance of the two proposed structures is analyzed in terms of security and speed. For the security measures, the number of hits of the two proposed structures doesn’t exceed 2 for 256-bit hash values and does not exceed 3 for 512-bit hash values. In terms of speed, the average number of cycles to hash one data byte (NCpB) is equal to 50.30 for Structure 1, and 21.21 and 24.56 for Structure 2 with 8 and 24 rounds, respectively. In addition, the performance of the two proposed structures is compared with that of the standard hash functions SHA-3, SHA-2, and with other classical chaos-based hash functions in the literature. The results of cryptanalytic analysis and the statistical tests highlight the robustness of the proposed keyed hash functions. It also shows the suitability of the proposed hash functions for the application such as Message Authentication, Data Integrity, Digital Signature, and Authenticated Encryption with Associated Data.",classification,0.4
,"2012 3rd International Conference on Image Processing Theory, Tools and Applications (IPTA)","Harris, SIFT and SURF features comparison for vehicle localization based on virtual 3D model and camera
M Dawood, C Cappelle, ME El Najjar, M Khalil… - 2012 3rd International Conference on Image …, 2012
Cited by 34 Related articles All 3 versions",2012/10/15,,https://www.academia.edu/download/49865865/dawood2012.pdf,,,,307-312,"signal processing, detection, classification, Biomedical signals, Neurology",Cited by 34,Mohamad KHALIL,,,"Harris, SIFT and SURF features comparison for vehicle localization based on virtual 3D model and camera",,,,https://scholar.google.com/citations?view_op=view_citation&hl=en&user=0DzJpLQAAAAJ&cstart=20&pagesize=80&citation_for_view=0DzJpLQAAAAJ:gsN89kCJA0AC,,IEEE,"Maya Dawood, Cindy Cappelle, Maan E El Najjar, Mohamad Khalil, Denis Pomorski","This paper proposed a new vehicle geo-localization method in urban environment integrating a new source of information that is a virtual 3D city model. This 3D model provides a realistic representation of the navigation environment of the vehicle. To optimize the performance of vehicle geo-localization system, several sources of information are integrated for their complementarity and redundancy: a GPS receiver, proprioceptive sensors (odometers and gyrometer), a video camera and a virtual 3D city model. The pose estimation algorithm used to fuse the different sensors data is an IMM-UKF (Interacting Multiple Model - Unscented Kalman Filter). The proprioceptive sensors allow to continuously estimating the dead-reckoning position and orientation of the vehicle. This dead-reckoning estimation of the pose is corrected by GPS measurements. Moreover, a 3D model/camera based observation of the vehicle pose is …",Unclassified,0.0
,,"On the origin of epileptic high frequency oscillations observed on clinical electrodes
M Shamas, P Benquet, I Merlet, M Khalil, W El Falou… - Clinical Neurophysiology, 2018
Cited by 32 Related articles All 8 versions",2018/4/1,129.0,https://univ-rennes.hal.science/hal-01740202/file/Shamas%20et%20al_On%20the%20origin%20of%20epileptic%20High%20Frequency%20Oscillations%20observed%20on%20clinical.pdf,,,,829-841,"signal processing, detection, classification, Biomedical signals, Neurology",Cited by 32,Mohamad KHALIL,,,On the origin of epileptic high frequency oscillations observed on clinical electrodes,,Clinical Neurophysiology,,https://scholar.google.com/citations?view_op=view_citation&hl=en&user=0DzJpLQAAAAJ&cstart=20&pagesize=80&citation_for_view=0DzJpLQAAAAJ:mKu_rENv82IC,4,Elsevier,"Mohamad Shamas, Pascal Benquet, Isabelle Merlet, Mohamad Khalil, Wassim El Falou, Anca Nica, Fabrice Wendling","Objective
In this study we aim to identify the key (patho)physiological mechanisms and biophysical factors which impact the observability and spectral features of High Frequency Oscillations (HFOs).
Methods
In order to accurately replicate HFOs we developed virtual-brain/virtual-electrode simulation environment combining novel neurophysiological models of neuronal populations with biophysical models for the source/sensor relationship. Both (patho)physiological mechanisms (synaptic transmission, depolarizing GABAA effect, hyperexcitability) and physical factors (geometry of extended cortical sources, size and position of electrodes) were taken into account. Simulated HFOs were compared to real HFOs extracted from intracerebral recordings of 2 patients.
Results
Our results revealed that HFO pathological activity is being generated by feed-forward activation of cortical interneurons that produce fast depolarizing …",Unclassified,0.0
,,"Towards a middle-out approach for building legal domain reference ontology
M El Ghosh, H Naja, H Abdulrab, M Khalil - International Journal of Knowledge Engineering, 2016
Cited by 32 Related articles All 4 versions",2016,2.0,https://hal.science/hal-01627322/file/63-K08.pdf,,,,109-114,"signal processing, detection, classification, Biomedical signals, Neurology",Cited by 32,Mohamad KHALIL,,,Towards a middle-out approach for building legal domain reference ontology,,International Journal of Knowledge Engineering,,https://scholar.google.com/citations?view_op=view_citation&hl=en&user=0DzJpLQAAAAJ&cstart=20&pagesize=80&citation_for_view=0DzJpLQAAAAJ:CaZNVDsoPx4C,3,,"Mirna El Ghosh, H Naja, H Abdulrab, M Khalil","This article presents a middle-out approach to build legal domain reference ontology for a Legal Knowledge Based System (LKBS). The proposed approach is a combination of top-down and bottom-up strategies. In particular, we propose to develop legal domain reference ontology, splitted into modules or fragments, based on merging two processes: Conceptual Modeling Process, by reusing foundational ontologies (top-down strategy) and Ontology Learning Process from textual resources (bottom-up strategy).",signal processing,0.2
,2011 IEEE Intelligent Vehicles Symposium (IV),"Vehicle geo-localization based on IMM-UKF data fusion using a GPS receiver, a video camera and a 3D city model
M Dawood, C Cappelle, ME El Najjar, M Khalil… - 2011 IEEE Intelligent Vehicles Symposium (IV), 2011
Cited by 32 Related articles All 3 versions",2011/6/5,,,,,,510-515,"signal processing, detection, classification, Biomedical signals, Neurology",Cited by 32,Mohamad KHALIL,,,"Vehicle geo-localization based on IMM-UKF data fusion using a GPS receiver, a video camera and a 3D city model",,,,https://scholar.google.com/citations?view_op=view_citation&hl=en&user=0DzJpLQAAAAJ&cstart=20&pagesize=80&citation_for_view=0DzJpLQAAAAJ:yB1At4FlUx8C,,IEEE,"Maya Dawood, Cindy Cappelle, Maan E El Najjar, Mohamad Khalil, Denis Pomorski","Vehicle geo-localization in urban areas remains to be challenging problems. For this purpose, Global Positioning System (GPS) receiver is usually the main sensor. But, the use of GPS alone is not sufficient in many urban environments due to wave multi-path. In order to provide accurate and robust localization, GPS has so to be helped with other sensors like dead-reckoned sensors, map data, cameras or LIDAR. In this paper, a new observation of the absolute pose of the vehicle is proposed to back up GPS measurements. The proposed approach exploits a virtual 3D model managed by a 3D geographical information system (3D GIS) and a video camera. The concept is to register the acquired image to the 3D model that is geo-localized. For that, two images have to be matched: the real image and the virtual image. The real image is acquired by the on board camera and provides the real view of the scene viewed …",Unclassified,0.0
,,"Classification of uterine EMG signals using supervised classification method
MO Diab, A El-Merhie, N El-Halabi, L Khoder - Journal of Biomedical Science and Engineering, 2010
Cited by 31 Related articles All 8 versions",2010/9/29,3.0,https://www.scirp.org/pdf/jbise20100900002_51143624.pdf,,,,837-842,"signal processing, detection, classification, Biomedical signals, Neurology",Cited by 31,Mohamad KHALIL,,,Classification of uterine EMG signals using supervised classification method,,Journal of Biomedical Science and Engineering,,https://scholar.google.com/citations?view_op=view_citation&hl=en&user=0DzJpLQAAAAJ&cstart=20&pagesize=80&citation_for_view=0DzJpLQAAAAJ:35N4QoGY0k4C,9,Scientific Research Publishing,"Mohamad O Diab, Amira El-Merhie, Nour El-Halabi, Layal Khoder","Aim
The main purpose of this article is to detect any risk of preterm deliveries at an early gestation period using uterine electromyography signals. Detecting such uterine signals can yield a promising approach to determine and take actions to prevent this potential risk.
Methods
The best position for the detection of different uterine signals is the median vertical axis of the abdomen. These signals differ from each other by their frequency content. Initially, simulation is done for the real detected EMG signals: preterm deliveries (PD) EMGs and deliveries at term (DT) EMGs. This is performed by applying autoregressive model (AR) of specific order to estimate AR coefficients of these real EMG signals. Finally, after calculation of the AR parameters of the two types of deliveries, we generate two types of simulated uterine contractions by using White Gaussian Noise (WGN). Frequency parameter extraction and classification are first applied on simulated signals to test the limits and performance of the used methods. The last remaining step is the classification of the contractions using supervised classification method.
Results
Results show that uterine contractions may be classified using the Artificial Neural Networks (ANNs). The Simple Perceptron ANN is applied on the signals for their supervised classification into independent groups: preterm deliveries (PD) and deliveries at term (TD) according to their frequency content.",detection,0.603
,,"Detecting modular brain states in rest and task
A Kabbara, M Khalil, G O'Neill, K Dujardin… - Network Neuroscience, 2019
Cited by 30 Related articles All 9 versions",2019/7/1,3.0,https://direct.mit.edu/netn/article/3/3/878/2182,,,,878-901,"signal processing, detection, classification, Biomedical signals, Neurology",Cited by 30,Mohamad KHALIL,,,Detecting modular brain states in rest and task,,Network Neuroscience,,https://scholar.google.com/citations?view_op=view_citation&hl=en&user=0DzJpLQAAAAJ&cstart=20&pagesize=80&citation_for_view=0DzJpLQAAAAJ:IsPWOBWtZBwC,3,MIT Press,"Aya Kabbara, Mohamad Khalil, Georges O’Neill, Kathy Dujardin, Youssof El Traboulsi, Fabrice Wendling, Mahmoud Hassan","The human brain is a dynamic networked system that continually reconfigures its functional connectivity patterns over time. Thus, developing approaches able to adequately detect fast brain dynamics is critical. Of particular interest are the methods that analyze the modular structure of brain networks, that is, the presence of clusters of regions that are densely interconnected. In this paper, we propose a novel framework to identify fast modular states that dynamically fluctuate over time during rest and task. We started by demonstrating the feasibility and relevance of this framework using simulated data. Compared with other methods, our algorithm was able to identify the simulated networks with high temporal and spatial accuracies. We further applied the proposed framework on MEG data recorded during a finger movement task, identifying modular states linking somatosensory and primary motor regions. The …",detection,0.4
,,"Embedding prior knowledge within compressed sensing by neural networks
D Merhej, C Diab, M Khalil, R Prost - IEEE transactions on neural networks, 2011
Cited by 30 Related articles All 5 versions",2011/9/5,22.0,,,,,1638-1649,"signal processing, detection, classification, Biomedical signals, Neurology",Cited by 30,Mohamad KHALIL,,,Embedding prior knowledge within compressed sensing by neural networks,,IEEE transactions on neural networks,,https://scholar.google.com/citations?view_op=view_citation&hl=en&user=0DzJpLQAAAAJ&cstart=20&pagesize=80&citation_for_view=0DzJpLQAAAAJ:hMsQuOkrut0C,10,IEEE,"Dany Merhej, Chaouki Diab, Mohamad Khalil, Rémy Prost","In the compressed sensing framework, different algorithms have been proposed for sparse signal recovery from an incomplete set of linear measurements. The most known can be classified into two categories: norm minimization-based algorithms and pseudo-norm minimization with greedy matching pursuit algorithms. In this paper, we propose a modified matching pursuit algorithm based on the orthogonal matching pursuit (OMP). The idea is to replace the correlation step of the OMP, with a neural network. Simulation results show that in the case of random sparse signal reconstruction, the proposed method performs as well as the OMP. Complexity overhead, for training and then integrating the network in the sparse signal recovery is thus not justified in this case. However, if the signal has an added structure, it is learned and incorporated in the proposed new OMP. We consider three structures: first, the sparse …",classification,0.4
,,"Effect of channel density, inverse solutions and connectivity measures on EEG resting-state networks reconstruction: A simulation study
S Allouch, A Kabbara, J Duprez, M Khalil, J Modolo… - NeuroImage, 2023
Cited by 28 Related articles All 5 versions",2023/5/1,271.0,https://www.sciencedirect.com/science/article/pii/S1053811923001520,,,,120006,"signal processing, detection, classification, Biomedical signals, Neurology",Cited by 28,Mohamad KHALIL,,,"Effect of channel density, inverse solutions and connectivity measures on EEG resting-state networks reconstruction: A simulation study",,NeuroImage,,https://scholar.google.com/citations?view_op=view_citation&hl=en&user=0DzJpLQAAAAJ&cstart=20&pagesize=80&citation_for_view=0DzJpLQAAAAJ:KTwcwpFFj4wC,,Academic Press,"Sahar Allouch, Aya Kabbara, Joan Duprez, Mohamad Khalil, Julien Modolo, Mahmoud Hassan","Along with the study of brain activity evoked by external stimuli, the past two decades witnessed an increased interest in characterizing the spontaneous brain activity occurring during resting conditions. The identification of connectivity patterns in this so-called ""resting-state"" has been the subject of a great number of electrophysiology-based studies, using the Electro/Magneto-Encephalography (EEG/MEG) source connectivity method. However, no consensus has been reached yet regarding a unified (if possible) analysis pipeline, and several involved parameters and methods require cautious tuning. This is particularly challenging when different analytical choices induce significant discrepancies in results and drawn conclusions, thereby hindering the reproducibility of neuroimaging research. Hence, our objective in this study was to shed light on the effect of analytical variability on outcome consistency by …",Unclassified,0.0
,,"Design and security analysis of two robust keyed hash functions based on chaotic neural networks
N Abdoun, S El Assad, O Deforges, R Assaf, M Khalil - Journal of Ambient Intelligence and Humanized …, 2020
Cited by 28 Related articles All 3 versions",2020/5,11.0,https://hal.science/hal-02048419v1/file/Abdoun-2019-Design%20and%20security%20analysis%20of%20two%20robust%20keyed%20hash%20functions.pdf,,,,2137-2161,"signal processing, detection, classification, Biomedical signals, Neurology",Cited by 28,Mohamad KHALIL,,,Design and security analysis of two robust keyed hash functions based on chaotic neural networks,,Journal of Ambient Intelligence and Humanized Computing,,https://scholar.google.com/citations?view_op=view_citation&hl=en&user=0DzJpLQAAAAJ&cstart=20&pagesize=80&citation_for_view=0DzJpLQAAAAJ:DkZNVXde3BIC,5,Springer Berlin Heidelberg,"Nabil Abdoun, Safwan El Assad, Olivier Deforges, Rima Assaf, Mohamad Khalil","In this paper, we designed, implemented, and analyzed the performance, in terms of security and speed, of two proposed keyed Chaotic Neural Network (CNN) hash functions based on Merkle–D$$\mathring{\rm a}$$mgard (MD) construction with three output schemes: CNN-Matyas–Meyer–Oseas, Modified CNN-Matyas–Meyer–Oseas, and CNN-Miyaguchi–Preneel. The first hash function’s structure is composed of two-layer chaotic neural network while the structure of the second hash function is formed of one-layer chaotic neural network followed by non-linear layer functions. The obtained results of several statistical tests and cryptanalytic analysis highlight the robustness of the proposed keyed CNN hash functions, which is fundamentally due to the strong non-linearity of both the chaotic systems and the neural networks. The comparison of the performance analysis with some chaos-based hash functions of the …",Unclassified,0.0
,,"An unsupervised classification method of uterine electromyography signals: Classification for detection of preterm deliveries
MO Diab, C Marque, M Khalil - Journal of Obstetrics and Gynaecology Research, 2009
Cited by 27 Related articles All 8 versions",2009/2,35.0,https://www.academia.edu/download/95623180/j.1447-0756.2008.00981.x20221212-1-1csw3te.pdf,,,,9-19,"signal processing, detection, classification, Biomedical signals, Neurology",Cited by 27,Mohamad KHALIL,,,An unsupervised classification method of uterine electromyography signals: Classification for detection of preterm deliveries,,Journal of Obstetrics and Gynaecology Research,,https://scholar.google.com/citations?view_op=view_citation&hl=en&user=0DzJpLQAAAAJ&cstart=20&pagesize=80&citation_for_view=0DzJpLQAAAAJ:AvfA0Oy_GE0C,1,Blackwell Publishing Asia,"MO Diab, C Marque, M Khalil","Aim:  This article proposes an unsupervised classification method that can be applied to the electromyography signal of uterine contractions for the detection of preterm birth.
Methods:  The frequency content of the electromyography changes from one woman to another, and during pregnancy, so wavelet decomposition is first used to extract the parameters of each contraction, and an unsupervised statistical classification method based on Fisher's test is used to classify the events. A principal component analysis projection is then used as evidence of the groups resulting from this classification. Another method of classification based on a competitive neural network is also applied on the same signals. Both methods are compared.
Results:  Results show that uterine contractions may be classified into independent groups according to their frequency content and according to term (either at recording or at delivery).",detection,0.605
,,"Upper limbs kinematics estimation using affordable visual-inertial sensors
R Mallat, V Bonnet, MA Khalil, S Mohammed - IEEE Transactions on Automation Science and …, 2020
Cited by 26 Related articles All 2 versions",2020/10/7,19.0,,,,,207-217,"signal processing, detection, classification, Biomedical signals, Neurology",Cited by 26,Mohamad KHALIL,,,Upper limbs kinematics estimation using affordable visual-inertial sensors,,IEEE Transactions on Automation Science and Engineering,,https://scholar.google.com/citations?view_op=view_citation&hl=en&user=0DzJpLQAAAAJ&cstart=20&pagesize=80&citation_for_view=0DzJpLQAAAAJ:c_xDhezhKKUC,1,IEEE,"Randa Mallat, Vincent Bonnet, Mohamad Ali Khalil, Samer Mohammed","This study aims at developing and evaluating an affordable and user-friendly motion capture system for human upper limbs’ joint kinematics estimation. The objective is to provide quantitative assessments during the clinical evaluation of poststroke patients performing daily living activities. The proposed system is based on the simultaneous use of affordable inertial measurement units, and a set of augmented reality markers tracked with an affordable RGB camera. Two practical calibration processes were developed to calibrate the sensors modules and then to determine their location on body segments. Then, all measured quantities were fused into a constrained extended Kalman filter based on an upper limbs’ biomechanical model. The proposed system was validated with nine healthy volunteers performing five daily living activities. Joint angles estimated using the proposed affordable system were compared …",signal processing,0.2
,2016 IEEE International Multidisciplinary Conference on Engineering Technology (IMCET),"New feature selection method based on neural network and machine learning
N Challita, M Khalil, P Beauseroy - 2016 IEEE International Multidisciplinary Conference …, 2016
Cited by 26 Related articles All 3 versions",2016/11/2,,,,,,81-85,"signal processing, detection, classification, Biomedical signals, Neurology",Cited by 26,Mohamad KHALIL,,,New feature selection method based on neural network and machine learning,,,,https://scholar.google.com/citations?view_op=view_citation&hl=en&user=0DzJpLQAAAAJ&cstart=20&pagesize=80&citation_for_view=0DzJpLQAAAAJ:MpfHP-DdYjUC,,IEEE,"Nicole Challita, Mohamad Khalil, Pierre Beauseroy","Feature selection becomes the focus of much research in many areas of applications for which datasets with large number of features are available. Feature selection is a problem of choosing a subset of relevant features to increase the execution speed of the algorithm and the classification accuracy. It also removes inappropriate features to increase the precision and improve the performances. There has been much effort for solving the feature selection problem up to now and many researchers have proposed and developed many feature selection algorithms in this purpose. In this paper, we propose a new feature selection method based on neural network and machine learning. This new algorithm tends to highlight the best features among existing ones: new weighting-based method of the input features is used in the neural network to choose the best features. Performances show that this method selects the …",classification,0.605
,The Third International Conference on e-Technologies and Networks for Development (ICeND2014),"Data mining in healthcare information systems: case studies in Northern Lebanon
A Shahin, W Moudani, F Chakik, M Khalil - The Third International Conference on e-Technologies …, 2014
Cited by 25 Related articles",2014/4/29,,,,,,151-155,"signal processing, detection, classification, Biomedical signals, Neurology",Cited by 25,Mohamad KHALIL,,,Data mining in healthcare information systems: case studies in Northern Lebanon,,,,https://scholar.google.com/citations?view_op=view_citation&hl=en&user=0DzJpLQAAAAJ&cstart=20&pagesize=80&citation_for_view=0DzJpLQAAAAJ:q3CdL3IzO_QC,,IEEE,"Ahmad Shahin, Walid Moudani, Fadi Chakik, Mohamad Khalil","The growing demands on service quality and cost containment challenge the healthcare organizations around the world. They are particularly crucial with respect to common illness or medical conditions. One strategy that can be used to address these issues is the utilization of healthcare information systems (HIS) for decision support and knowledge management. Indeed, healthcare facilities have at their disposal vast amounts of data which are often organized into useful models. The most critical defy is to generate relevant information from this data. The extracted knowledge should support system to act in an appropriate manner. In this paper, we offer four case studies from the Lebanese healthcare domain (acute appendicitis, premature birth, Osteoporosis, and coronary heart disease) in which prediction systems were developed for decision support using data mining. Our contribution is the application, of our …",biomedical signals,0.2
,,"Combining data fusion with multiresolution analysis for improving the classification accuracy of uterine EMG signals
B Moslem, M Diab, M Khalil, C Marque - EURASIP Journal on Advances in Signal Processing, 2012
Cited by 25 Related articles All 12 versions",2012/12,2012.0,https://link.springer.com/article/10.1186/1687-6180-2012-167,,,,1-9,"signal processing, detection, classification, Biomedical signals, Neurology",Cited by 25,Mohamad KHALIL,,,Combining data fusion with multiresolution analysis for improving the classification accuracy of uterine EMG signals,,EURASIP Journal on Advances in Signal Processing,,https://scholar.google.com/citations?view_op=view_citation&hl=en&user=0DzJpLQAAAAJ&cstart=20&pagesize=80&citation_for_view=0DzJpLQAAAAJ:tYavs44e6CUC,,Springer International Publishing,"Bassam Moslem, Mohamad Diab, Mohamad Khalil, Catherine Marque","Multisensor data fusion is a powerful solution for solving difficult pattern recognition problems such as the classification of bioelectrical signals. It is the process of combining information from different sensors to provide a more stable and more robust classification decisions. We combine here data fusion with multiresolution analysis based on the wavelet packet transform (WPT) in order to classify real uterine electromyogram (EMG) signals recorded by 16 electrodes. Herein, the data fusion is done at the decision level by using a weighted majority voting (WMV) rule. On the other hand, the WPT is used to achieve significant enhancement in the classification performance of each channel by improving the discrimination power of the selected feature. We show that the proposed approach tested on our recorded data can improve the recognition accuracy in labor prediction and has a competitive and promising …",classification,0.604
,2010 Annual International Conference of the IEEE Engineering in Medicine and Biology,"Complexity analysis of the uterine electromyography
B Moslem, M Khalil, C Marque, MO Diab - 2010 Annual International Conference of the IEEE …, 2010
Cited by 25 Related articles All 3 versions",2010/8/31,,,,,,2802-2805,"signal processing, detection, classification, Biomedical signals, Neurology",Cited by 25,Mohamad KHALIL,,,Complexity analysis of the uterine electromyography,,,,https://scholar.google.com/citations?view_op=view_citation&hl=en&user=0DzJpLQAAAAJ&cstart=20&pagesize=80&citation_for_view=0DzJpLQAAAAJ:epqYDVWIO7EC,,IEEE,"B Moslem, M Khalil, C Marque, MO Diab","In respect to the main goal of our ongoing work for predicting preterm birth, we analyze in this paper the complexity of the uterine electromyography (EMG) by using the sample entropy (SampEn) algorithm. By considering recent methodological developments, we measure the SampEn over multiple scales using the wavelet packet decomposition method. The results obtained from the analyzed data indicate that SampEn decreases along pregnancy. Furthermore, we demonstrate that the computed SampEn parameter may discriminate between the two classes (pregnancy/labor). The results are supported by statistical analysis using t-test indicating good statistical significance with a confidence level of 95%. A surrogate data test is also performed to investigate the nature of the underlying dynamics of our experimental data. The results are very promising for monitoring pregnancy and detecting labor to help identify …",detection,0.4
,,"A segmentation approach to long duration surface EMG recordings
W El Falou, J Duchêne, D Hewson, M Khalil… - Journal of Electromyography and Kinesiology, 2005
Cited by 25 Related articles All 8 versions",2005/2/1,15.0,https://www.academia.edu/download/48013317/A_segmentation_approach_to_long_duration20160812-11714-1bi4wtw.pdf,,,,111-119,"signal processing, detection, classification, Biomedical signals, Neurology",Cited by 25,Mohamad KHALIL,,,A segmentation approach to long duration surface EMG recordings,,Journal of Electromyography and Kinesiology,,https://scholar.google.com/citations?view_op=view_citation&hl=en&user=0DzJpLQAAAAJ&cstart=20&pagesize=80&citation_for_view=0DzJpLQAAAAJ:EkHepimYqZsC,1,Elsevier,"Wassim El Falou, Jacques Duchêne, David Hewson, Mohamad Khalil, Michel Grabisch, Frédéric Lino","The purpose of this study was to develop an automatic segmentation method in order to identify postural surface EMG segments in long-duration recordings. Surface EMG signals were collected from the cervical erector spinae (CES), erector spinae (ES), external oblique (EO), and tibialis anterior (TA) muscles of 11 subjects using a bipolar electrode configuration. Subjects remained seated in a car seat over the 150-min data-collection period. The modified dynamic cumulative sum (MDCS) algorithm was used to automatically segment the surface EMG signals. Signals were rejected by comparison with an exponential mathematical model of the spectrum of a surface EMG signal. The average power ratio computed between two successive retained segments was used to classify segments as postural or surface EMG. The presence of a negative slope of a regression line fitted to the median frequency values of …",classification,0.4
,2012 16th IEEE Mediterranean Electrotechnical Conference,"Classification of uterine EMG signals by using normalized wavelet packet energy
MO Diab, B Moslem, M Khalil, C Marque - 2012 16th IEEE Mediterranean Electrotechnical …, 2012
Cited by 24 Related articles All 2 versions",2012/3/25,,https://scholar.archive.org/work/t6eykfrrx5eo3nettpdbqkppai/access/wayback/http://www.utc.fr/umr6600/doc/ABS/MELECON2012%20-%20Classification%20Wavelet%20Packet.pdf,,,,335-338,"signal processing, detection, classification, Biomedical signals, Neurology",Cited by 24,Mohamad KHALIL,,,Classification of uterine EMG signals by using normalized wavelet packet energy,,,,https://scholar.google.com/citations?view_op=view_citation&hl=en&user=0DzJpLQAAAAJ&cstart=20&pagesize=80&citation_for_view=0DzJpLQAAAAJ:BUYA1_V_uYcC,,IEEE,"Mohamad O Diab, Bassam Moslem, Mohamad Khalil, Catherine Marque","The aim of this work is to detect labor by classifying uterine electromyogram (EMG) signals into 2 classes: pregnancy and labor. Based on the fact that the energy distribution of the uterine EMG signals varies throughout pregnancy, the recorded signals are first decomposed into a 3-level wavelet packet tree then the Normalized Wavelet Packets Energies (NWPEs) are calculated and used to classify the signals. The high percentage of correctly classified events indicates that the use of NWPE can be a suitable choice for solving classification problems of electrophysiological signals and proves the efficiency of this approach in detecting labor.",classification,0.606
,2011 1st Middle East Conference on Biomedical Engineering,"Detrended fluctuation analysis of uterine electromyography
B Moslem, MO Diab, M Khalil, C Marque - 2011 1st Middle East Conference on Biomedical …, 2011
Cited by 24 Related articles All 3 versions",2011/2/21,,https://www.academia.edu/download/45261082/Detrended_Fluctuation_Analysis_of_uterin20160501-50816-118rl32.pdf,,,,450-453,"signal processing, detection, classification, Biomedical signals, Neurology",Cited by 24,Mohamad KHALIL,,,Detrended fluctuation analysis of uterine electromyography,,,,https://scholar.google.com/citations?view_op=view_citation&hl=en&user=0DzJpLQAAAAJ&cstart=20&pagesize=80&citation_for_view=0DzJpLQAAAAJ:4MWp96NkSFoC,,IEEE,"Bassam Moslem, Mohamad O Diab, Mohamad Khalil, Catherine Marque","In respect to the main goal of our ongoing work for predicting preterm birth, we analyze in this paper uterine EMG recordings of 11 pregnant and laboring women by means of Detrended Fluctuation Analysis (DFA), a scaling analysis method that quantifies a simple parameter to represent the correlation properties of a time series. Our study provides convincing evidence that pregnancy progress is typically associated to an alteration in the long-range correlation of the uterine EMG recordings. The results obtained from the analyzed data indicate that the correlation in the contractions increases during pregnancy. Furthermore, we demonstrate that the long-range parameter may discriminate between the two classes (pregnancy/labor). The results are supported by statistical analysis using t-test indicating good statistical significance with a confidence level of 95%. A surrogate data test is also performed to investigate the …",classification,0.4
,2016 International Conference on Communications (COMM),"Secure hash algorithm based on efficient chaotic neural network
N Abdoun, S El Assad, MA Taha, R Assaf, O Deforges… - 2016 International Conference on Communications …, 2016
Cited by 23 Related articles All 4 versions",2016/6/9,,,,,,405-410,"signal processing, detection, classification, Biomedical signals, Neurology",Cited by 23,Mohamad KHALIL,,,Secure hash algorithm based on efficient chaotic neural network,,,,https://scholar.google.com/citations?view_op=view_citation&hl=en&user=0DzJpLQAAAAJ&cstart=20&pagesize=80&citation_for_view=0DzJpLQAAAAJ:8xutWZnSdmoC,,IEEE,"Nabil Abdoun, Safwan El Assad, Mohammad Abu Taha, Rima Assaf, Olivier Deforges, Mohamad Khalil","Secure Hash Algorithm (SHA) is the most popular standard of Cryptographic Hash functions. Several security protocols use SHA to provide message integrity, authentication and digital signature. Nowadays, a new technology based on Chaotic Neural Networks is used to design Hash functions due to the following important properties of Chaos and Neural Networks: non-linearity, compression, confusion and diffusion. Compared to existing Hash functions based on Chaotic Neural Networks, the proposed structure integrates a strong Chaotic generator into neurons instead of using simple Chaotic maps. In fact, simple chaotic maps are not very robust, even against some statistical attacks (Uniformity and NIST). To also reduce the complexity of hash function proposed in ICITST conference (2015), while maintaining strength, we present in this paper a new structure of Hash function. The theoretical analysis and the …",neurology,0.4
,"2011 18th IEEE International Conference on Electronics, Circuits, and Systems","Combining multiple support vector machines for boosting the classification accuracy of uterine EMG signals
B Moslem, M Khalil, MO Diab, A Chkeir, C Marque - 2011 18th IEEE International Conference on …, 2011
Cited by 23 Related articles All 3 versions",2011/12/11,,https://www.academia.edu/download/45261083/Combining_multiple_support_vector_machin20160501-28720-1qfv2yi.pdf,,,,631-634,"signal processing, detection, classification, Biomedical signals, Neurology",Cited by 23,Mohamad KHALIL,,,Combining multiple support vector machines for boosting the classification accuracy of uterine EMG signals,,,,https://scholar.google.com/citations?view_op=view_citation&hl=en&user=0DzJpLQAAAAJ&cstart=20&pagesize=80&citation_for_view=0DzJpLQAAAAJ:tuHXwOkdijsC,,IEEE,"Bassam Moslem, Mohamad Khalil, Mohamad O Diab, Aly Chkeir, Catherine Marque","A defining feature of physiological systems is the complexity both in their structures and functions. As a result, classifying physiological data is a difficult task. In this paper, we propose the use of a committee machines with a Support Vector Machines (SVM) as the component classifier in order to boost the classification accuracy of multichannel uterine electromyogram (EMG) signals. The approach was applied on each channel and a majority voting rule was used in order to determine the final decision of the committee. The results indicate that a committee machines exhibits performance unobtainable by an individual committee member on its own. We conclude that this approach can improve the recognition accuracy and has a competitive and promising performance.",classification,0.605
,,"Energy distribution analysis of uterine electromyography signals
B Moslem, M Khalil, C Marque, MO Diab - Journal of Medical and Biological Engineering, 2010
Cited by 23 Related articles All 6 versions",2010/1/1,30.0,https://www.academia.edu/download/90752904/545-2222-1-PB.pdf,,,,361-366,"signal processing, detection, classification, Biomedical signals, Neurology",Cited by 23,Mohamad KHALIL,,,Energy distribution analysis of uterine electromyography signals,,Journal of Medical and Biological Engineering,,https://scholar.google.com/citations?view_op=view_citation&hl=en&user=0DzJpLQAAAAJ&cstart=20&pagesize=80&citation_for_view=0DzJpLQAAAAJ:vDijr-p_gm4C,6,中華民國生物醫學工程學會,"Bassam Moslem, Mohamad Khalil, Catherine Marque, Mohamad O Diab","Today, many of the characteristics of the transabdominal uterine electromyogram (EMG) are well established. Some of these characteristics are currently used to monitor pregnancy and detect labor. However, further investigations are needed in order to improve true labor detection. We investigated in this study the way the energy distribution of the uterine EMG signal is modified during pregnancy and in labor. We analyzed recordings of uterine electrical activity in eleven women at different increasing pregnancy terms and at labor. We introduced a method for pregnancy monitoring based on the evolution of the energy distribution of the uterine EMG throughout gestation using wavelet packet transform (WPT). The results obtained from the analyzed data indicate that energy emerges significantly towards higher frequencies along gestation. Furthermore, we observed a noticeable difference in the energy distribution between two studied classes (pregnancy and labor). The results are supported by statistical analysis using t-test indicating good statistical significance with a confidence level of 95%. Our study provides convincing evidence that pregnancy can be monitored and labor can be detected by the means of uterine EMG using its energy distribution. Therefore, the analysis of uterine electrical activity can be very promising to identify preterm labor.",detection,0.603
,,"Methodology of wavelet packet selection for event detection
M Chendeb, M Khalil, J Duchêne - Signal Processing, 2006
Cited by 23 Related articles All 7 versions",2006/12/1,86.0,,,,,3826-3841,"signal processing, detection, classification, Biomedical signals, Neurology",Cited by 23,Mohamad KHALIL,,,Methodology of wavelet packet selection for event detection,,Signal Processing,,https://scholar.google.com/citations?view_op=view_citation&hl=en&user=0DzJpLQAAAAJ&cstart=20&pagesize=80&citation_for_view=0DzJpLQAAAAJ:XD-gHx7UXLsC,12,Elsevier,"Marwa Chendeb, Mohamad Khalil, Jacques Duchêne","Uterine EMG is very useful for pregnancy and parturition monitoring but its analysis requires efficient tools for detection and identification of events contained in the recordings. The present work is based on the use of wavelet packet (WP) decomposition and direct use of WP coefficients (after delay correction) for change detection. The first step is to select the only WP of the decomposition tree that are able to highlight changes in the recordings using a training set of signals. In this way, one of the main contributions of the current work is to propose and test a criterion based on a model of the distribution of the estimated Kullback–Leibler distance. As WP decomposition produces a redundant tree, a second step proposes a best basis selection based on the suppression of WP without any specificity in terms of change detection. Results evidenced the efficiency of the method for simulated signals (detection probability …",detection,0.604
,,"Mean-field modeling of brain-scale dynamics for the evaluation of EEG source-space networks
S Allouch, M Yochum, A Kabbara, J Duprez, M Khalil… - Brain Topography, 2022
Cited by 22 Related articles All 10 versions",2022/1,35.0,https://www.biorxiv.org/content/biorxiv/early/2021/03/14/2020.09.16.299305.full.pdf,,,,54-65,"signal processing, detection, classification, Biomedical signals, Neurology",Cited by 22,Mohamad KHALIL,,,Mean-field modeling of brain-scale dynamics for the evaluation of EEG source-space networks,,Brain Topography,,https://scholar.google.com/citations?view_op=view_citation&hl=en&user=0DzJpLQAAAAJ&cstart=20&pagesize=80&citation_for_view=0DzJpLQAAAAJ:RtRctb2lSbAC,1,Springer US,"Sahar Allouch, Maxime Yochum, Aya Kabbara, Joan Duprez, Mohamad Khalil, Fabrice Wendling, Mahmoud Hassan, Julien Modolo","Understanding the dynamics of brain-scale functional networks at rest and during cognitive tasks is the subject of intense research efforts to unveil fundamental principles of brain functions. To estimate these large-scale brain networks, the emergent method called “electroencephalography (EEG) source connectivity” has generated increasing interest in the network neuroscience community, due to its ability to identify cortical brain networks with satisfactory spatio-temporal resolution, while reducing mixing and volume conduction effects. However, no consensus has been reached yet regarding a unified EEG source connectivity pipeline, and several methodological issues have to be carefully accounted to avoid pitfalls. Thus, a validation toolbox that provides flexible ""ground truth"" models is needed for an objective methods/parameters evaluation and, thereby an optimization of the EEG source connectivity …",Unclassified,0.0
,2016 3rd Middle East Conference on Biomedical Engineering (MECBME),"Recognition of different daily living activities using hidden Markov model regression
K Safi, S Mohammed, F Attal, M Khalil, Y Amirat - 2016 3rd Middle East Conference on Biomedical …, 2016
Cited by 22 Related articles",2016/10/6,,,,,,16-19,"signal processing, detection, classification, Biomedical signals, Neurology",Cited by 22,Mohamad KHALIL,,,Recognition of different daily living activities using hidden Markov model regression,,,,https://scholar.google.com/citations?view_op=view_citation&hl=en&user=0DzJpLQAAAAJ&cstart=20&pagesize=80&citation_for_view=0DzJpLQAAAAJ:43bX7VzcjpAC,,IEEE,"Khaled Safi, Samer Mohammed, Ferhat Attal, Mohamad Khalil, Yacine Amirat","The human activity recognition is widely used for human behavior prediction especially for dependent people. This is achieved to provide safety, health monitoring, and well being of this population at home. In this paper, the problem of human activity recognition is reformulated as joint segmentation of multidimensional time series. The hidden Markov model regression (HMMR) is used to perform unsupervised segmentation strategy between activities using the expectation-maximization algorithm. This is accomplished over six logical scenarios of twelve daily activities such as stair descent, standing, sitting down, sitting, From sitting to sitting on the ground and sitting on the ground. To evaluate the performance of HMMR model, other unsupervised methods are used including K-means, Gaussian mixtures model and the hidden Markov model. The results show that the HMMR model provides the best results for the …",Unclassified,0.0
,"2011 18th IEEE International Conference on Electronics, Circuits, and Systems","A multisensor data fusion approach for improving the classification accuracy of uterine EMG signals
B Moslem, M Khalil, MO Diab, A Chkeir, C Marque - 2011 18th IEEE International Conference on …, 2011
Cited by 22 Related articles All 3 versions",2011/12/11,,https://www.researchgate.net/profile/Catherine-Marque/publication/221457308_A_multisensor_data_fusion_approach_for_improving_the_classification_accuracy_of_uterine_EMG_signals/links/0deec52efa6e0daa75000000/A-multisensor-data-fusion-approach-for-improving-the-classification-accuracy-of-uterine-EMG-signals.pdf,,,,93-96,"signal processing, detection, classification, Biomedical signals, Neurology",Cited by 22,Mohamad KHALIL,,,A multisensor data fusion approach for improving the classification accuracy of uterine EMG signals,,,,https://scholar.google.com/citations?view_op=view_citation&hl=en&user=0DzJpLQAAAAJ&cstart=20&pagesize=80&citation_for_view=0DzJpLQAAAAJ:TIZ-Mc8IlK0C,,IEEE,"Bassam Moslem, Mohamad Khalil, Mohamad O Diab, Aly Chkeir, Catherine Marque","Multisensor data fusion is an important technique used for solving various pattern recognition problems. In this paper, we used data fusion for improving the classification of uterine electromyogram (EMG) signals recorded by 16 electrodes positioned on the abdominal wall of the pregnant women. First, we evaluated the classification performance of each channel. Then, we applied a decision-level fusion method based first on the majority voting (MV), then on the weighted majority voting (WMV) rules. The results were very promising. The fusion of data from multiple sensors improved the accuracy of uterine EMG classification. The high percentage of correctly classified events, compared with earlier results, proves the efficiency of this approach for detecting labor.",classification,0.605
,,"Fault detection algorithm using DCS method combined with filters bank derived from the wavelet transform
O Mustapha, D Lefebvre, M Khalil, G Hoblos… - INTERNATIONAL JOURNAL OF INNOVATIVE …, 2009
Cited by 22 Related articles",2009/5/1,5.0,,,,,1313-1327,"signal processing, detection, classification, Biomedical signals, Neurology",Cited by 22,Mohamad KHALIL,,,Fault detection algorithm using DCS method combined with filters bank derived from the wavelet transform,,INTERNATIONAL JOURNAL OF INNOVATIVE COMPUTING INFORMATION AND CONTROL,,https://scholar.google.com/citations?view_op=view_citation&hl=en&user=0DzJpLQAAAAJ&cstart=20&pagesize=80&citation_for_view=0DzJpLQAAAAJ:WzTVkKNmPSkC,5,ICIC INT,"Oussama Mustapha, Dimitri Lefebvre, Mohamad Khalil, Ghaleb Hoblos, Houcine Chafouk","This paper aims at proposing an algorithm that improves fault detection, through on-line monitoring, in industrial systems. This is accomplished by analyzing and detecting frequency changes in signal generated by these systems. Early fault detection, which reduces the possibility of catastrophic damage, is possible, by detecting the changes of characteristic features of the signal itself. This approach combines the Filters Bank technique, for extracting frequency and energy characteristic features, and the Dynamic Cumulative Sum method (DCS), which is a recursive calculation of the logarithm of the likelihood ratio between two local hypotheses. The goal of features extraction/detection of signals is to classify the obtained components into two segments (hypotheses), which correspond to healthy and faulty behaviors. The main contribution of this paper is to derive the filters coefficients from the wavelet in order to use …",detection,0.604
,,"An electroencephalography connectome predictive model of major depressive disorder severity
A Kabbara, G Robert, M Khalil, M Verin, P Benquet… - Scientific Reports, 2022
Cited by 21 Related articles All 13 versions",2022/4/26,12.0,https://www.nature.com/articles/s41598-022-10949-8,,,,6816,"signal processing, detection, classification, Biomedical signals, Neurology",Cited by 21,Mohamad KHALIL,,,An electroencephalography connectome predictive model of major depressive disorder severity,,Scientific Reports,,https://scholar.google.com/citations?view_op=view_citation&hl=en&user=0DzJpLQAAAAJ&cstart=20&pagesize=80&citation_for_view=0DzJpLQAAAAJ:wLxue7F8ec0C,1,Nature Publishing Group UK,"Aya Kabbara, Gabriel Robert, Mohamad Khalil, Marc Verin, Pascal Benquet, Mahmoud Hassan","Emerging evidence showed that major depressive disorder (MDD) is associated with disruptions of brain structural and functional networks, rather than impairment of isolated brain region. Thus, connectome-based models capable of predicting the depression severity at the individual level can be clinically useful. Here, we applied a machine-learning approach to predict the severity of depression using resting-state networks derived from source-reconstructed Electroencephalography (EEG) signals. Using regression models and three independent EEG datasets (N = 328), we tested whether resting state functional connectivity could predict individual depression score. On the first dataset, results showed that individuals scores could be reasonably predicted (r = 0.6, p = 4 × 10–18) using intrinsic functional connectivity in the EEG alpha band (8–13 Hz). In particular, the brain regions which contributed the most …",biomedical signals,0.204
,2015 37th Annual International Conference of the IEEE Engineering in Medicine and Biology Society (EMBC),"Classification of pregnancy and labor contractions using a graph theory based analysis
N Nader, M Hassan, W Falou, A Diab, S Al-Omar… - 2015 37th Annual International Conference of the IEEE …, 2015
Cited by 21 Related articles All 5 versions",2015/8/25,,,,,,2876-2879,"signal processing, detection, classification, Biomedical signals, Neurology",Cited by 21,Mohamad KHALIL,,,Classification of pregnancy and labor contractions using a graph theory based analysis,,,,https://scholar.google.com/citations?view_op=view_citation&hl=en&user=0DzJpLQAAAAJ&cstart=20&pagesize=80&citation_for_view=0DzJpLQAAAAJ:P7Ujq4OLJYoC,,IEEE,"Noujoud Nader, Mahmoud Hassan, W Falou, Ahmad Diab, Sally Al-Omar, Mohamad Khalil, Catherine Marque","In this paper, we propose a new framework to characterize the electrohysterographic (EHG) signals recorded during pregnancy and labor. The approach is based on the analysis of the propagation of the uterine electrical activity. The processing pipeline includes i) the estimation of the statistical dependencies between the different recorded EHG signals, ii) the characterization of the obtained connectivity matrices using network measures and iii) the use of these measures in clinical application: the classification between pregnancy and labor. Due to its robustness to volume conductor, we used the imaginary part of coherence in order to produce the connectivity matrix which is then transformed into a graph. We evaluate the performance of several graph measures. We also compare the results with the parameter mostly used in the literature: the peak frequency combined with the propagation velocity (PV +PF). Our …",classification,0.605
,"6th European Conference of the International Federation for Medical and Biological Engineering: MBEC 2014, 7-11 September 2014, Dubrovnik, Croatia","Spatiotemporal analysis of brain functional connectivity
A Mheich, M Hassan, O Dufor, M Khalil, C Berrou… - 6th European Conference of the International …, 2015
Cited by 21 Related articles All 10 versions",2015,,https://inserm.hal.science/inserm-01071395/document,,,,934-937,"signal processing, detection, classification, Biomedical signals, Neurology",Cited by 21,Mohamad KHALIL,,,Spatiotemporal analysis of brain functional connectivity,,,,https://scholar.google.com/citations?view_op=view_citation&hl=en&user=0DzJpLQAAAAJ&cstart=20&pagesize=80&citation_for_view=0DzJpLQAAAAJ:KUbvn5osdkgC,,Springer International Publishing,"Ahmad Mheich, Mahmoud Hassan, Olivier Dufor, Mohamad Khalil, Claude Berrou, Fabrice Wendling","Brain functions are based on interactions between neural assemblies distributed within and across distinct cerebral regions. During cognitive tasks, these interactions are dynamic and take place at the millisecond time scale. In this context, the excellent temporal resolution (<1 ms) of the Electroencephalographic –EEG- signals allows for detection of very short-duration events and therefore, offers the unique opportunity to follow, over time, the dynamic properties of cognitive processes.
In this paper we propose a new algorithm to track the functional brain connectivity dynamics. During picture recognition and naming task, this algorithm aims at segmenting high resolution (hr) EEG functional connectivity microstates. The proposed algorithm is based on the K-means clustering of the connectivity graphs obtained from the Phase Locking Values (PLV). Results show that the algorithm is able to track the …",detection,0.604
,,"ECG modelling using wavelet networks: application to biometrics
S Chantaf, A Nait-Ali, P Karasinski, M Khalil - International Journal of Biometrics, 2010
Cited by 21 Related articles All 7 versions",2010/1/1,2.0,https://www.academia.edu/download/91593679/ijbm.2010.03338820220926-1-1xccami.pdf,,,,236-249,"signal processing, detection, classification, Biomedical signals, Neurology",Cited by 21,Mohamad KHALIL,,,ECG modelling using wavelet networks: application to biometrics,,International Journal of Biometrics,,https://scholar.google.com/citations?view_op=view_citation&hl=en&user=0DzJpLQAAAAJ&cstart=20&pagesize=80&citation_for_view=0DzJpLQAAAAJ:oNZyr7d5Mn4C,3,Inderscience Publishers,"Samer Chantaf, Amine Nait-Ali, Patrick Karasinski, Mohamad Khalil","This paper deals with human identification using normal ECGs. Precisely, we would like to highlight how one can achieve human identification by considering only the most significant parameters extracted from a model. In this work, parameters are extracted by modelling the ECG using wavelet networks. The radial basis neural network method is then used to classify these parameters. Thus, a useful analysis is performed to evaluate the robustness of the identification. For each recording condition, the proposed technique has been evaluated on a set of ECG signals corresponding to normal subjects. Consequently, very encouraging results have been obtained.",classification,0.4
,2022 44th annual international conference of the IEEE engineering in medicine & Biology society (EMBC),"Comparison of Stress Detection through ECG and PPG signals using a Random Forest-based Algorithm
M Benchekroun, B Chevallier, H Beaouiss, D Istrate… - 2022 44th annual international conference of the IEEE …, 2022
Cited by 20 Related articles All 5 versions",2022/7/11,,https://www.researchgate.net/profile/Mouna-Benchekroun/publication/363385695_Comparison_of_Stress_Detection_through_ECG_and_PPG_signals_using_a_Random_Forest-based_Algorithm/links/6344117776e39959d6b32381/Comparison-of-Stress-Detection-through-ECG-and-PPG-signals-using-a-Random-Forest-based-Algorithm.pdf,,,,3150-3153,"signal processing, detection, classification, Biomedical signals, Neurology",Cited by 20,Mohamad KHALIL,,,Comparison of Stress Detection through ECG and PPG signals using a Random Forest-based Algorithm,,,,https://scholar.google.com/citations?view_op=view_citation&hl=en&user=0DzJpLQAAAAJ&cstart=20&pagesize=80&citation_for_view=0DzJpLQAAAAJ:bVQMTfhMCi4C,,IEEE,"Mouna Benchekroun, Baptiste Chevallier, Hamza Beaouiss, Dan Istrate, Vincent Zalc, Mohamad Khalil, Dominique Lenne","Stress has been classified as the health epidemic of the 21st century with an increasingly active research interest within the fields of psychology, neuroscience, medicine, and more recently affective computing. At present, stress is identified through cortisol levels in saliva but there is no unanimously accepted standard for continuous stress evaluation. With recent development in wearable sensors, many scientists are interested in stress identification through physiological signals such as the Heart rate variability (HRV). In this paper, we present a supervised machine learning-based algorithm to detect stress from HRV derived from electrocardiograms (ECG) as well as photoplethysmograms (PPG), as a low cost alternative to ECG. HRV features from ECG and PPG signals of 46 healthy subjects were analysed and used to separately train and test a subject-independent Random Forest algorithm. In both datasets …",detection,0.604
,,"Monitoring the progress of pregnancy and detecting labor using uterine electromyography
B Moslem, M Hassan, M Khalil, C Marque, MO Diab - Proceedings of the International Symposium on …, 2009
Cited by 20 Related articles All 4 versions",2009/12,,https://www.academia.edu/download/73151778/Monitoring_the_progress_of_pregnancy_and20211019-6547-13m78qf.pdf,,,,160-163,"signal processing, detection, classification, Biomedical signals, Neurology",Cited by 20,Mohamad KHALIL,,,Monitoring the progress of pregnancy and detecting labor using uterine electromyography,,Proceedings of the International Symposium on Bioelectronics and Bioinformatics,,https://scholar.google.com/citations?view_op=view_citation&hl=en&user=0DzJpLQAAAAJ&cstart=20&pagesize=80&citation_for_view=0DzJpLQAAAAJ:URolC5Kub84C,,,"B Moslem, M Hassan, M Khalil, C Marque, MO Diab","In respect to the main goal of our ongoing work of detecting preterm birth, we investigate in this paper whether pregnancy can be successfully monitored and labor can be accurately predicted using transabdominal uterine electromyography. We observed the evolution of some extracted features from data recorded on eleven women at different increasing pregnancy terms. Additionally, we compared the values of these features for two different classes of contractions (pregnancy, labor). The results obtained from the recorded data indicate first, that the values of the extracted features exhibit a longitudinal evolution along gestation, and second, there are measurable differences in the features values between the two studied classes (pregnancy, labor). Therefore, the analysis of uterine electrical activity can be very promising for monitoring pregnancy and detecting labor and may help identify preterm labor.",detection,0.4
,,"Privacy-preserving deep neural network methods: computational and perceptual methods—an overview
R El Saj, E Sedgh Gooya, A Alfalou, M Khalil - Electronics, 2021
Cited by 19 Related articles All 5 versions",2021/6/7,10.0,https://www.mdpi.com/2079-9292/10/11/1367,,,Electronics,1367,"signal processing, detection, classification, Biomedical signals, Neurology",Cited by 19,Mohamad KHALIL,,,Privacy-preserving deep neural network methods: computational and perceptual methods—an overview,,,,https://scholar.google.com/citations?view_op=view_citation&hl=en&user=0DzJpLQAAAAJ&cstart=20&pagesize=80&citation_for_view=0DzJpLQAAAAJ:Ic1VZgkJnDsC,11,MDPI,"Raghida El Saj, Ehsan Sedgh Gooya, Ayman Alfalou, Mohamad Khalil","Privacy-preserving deep neural networks have become essential and have attracted the attention of many researchers due to the need to maintain the privacy and the confidentiality of personal and sensitive data. The importance of privacy-preserving networks has increased with the widespread use of neural networks as a service in unsecured cloud environments. Different methods have been proposed and developed to solve the privacy-preserving problem using deep neural networks on encrypted data. In this article, we reviewed some of the most relevant and well-known computational and perceptual image encryption methods. These methods as well as their results have been presented, compared, and the conditions of their use, the durability and robustness of some of them against attacks, have been discussed. Some of the mentioned methods have demonstrated an ability to hide information and make it difficult for adversaries to retrieve it while maintaining high classification accuracy. Based on the obtained results, it was suggested to develop and use some of the cited privacy-preserving methods in applications other than classification.",classification,0.604
,2013 2nd International Conference on Advances in Biomedical Engineering,"An automatic algorithm for human identification using hand X-ray images
Y Kabbara, A Shahin, A Nait-Ali, M Khalil - 2013 2nd International Conference on Advances in …, 2013
Cited by 19 Related articles All 2 versions",2013/9/11,,,,,,167-170,"signal processing, detection, classification, Biomedical signals, Neurology",Cited by 19,Mohamad KHALIL,,,An automatic algorithm for human identification using hand X-ray images,,,,https://scholar.google.com/citations?view_op=view_citation&hl=en&user=0DzJpLQAAAAJ&cstart=20&pagesize=80&citation_for_view=0DzJpLQAAAAJ:i2xiXl-TujoC,,IEEE,"Yeihya Kabbara, Ahmad Shahin, Amine Nait-Ali, Mohamad Khalil","In this work we propose a fully automatic algorithm for human identification using hand X-ray images. More specifically, this approach is appropriate to prevent forgeries in high security level systems. The proposed algorithm consists of three steps, namely: (1) segmentation of phalanges, (2) feature extraction using complex Fourier descriptors, (3) identification based on k-nearest neighbor method. To evaluate the proposed protocol, we have constructed a database containing 32 hand X-ray images, acquired using Apollo EZ X-ray machine from 16 non-pathological adult individuals. Preliminary results show that a 100% identification rate is obtained in some specific conditions.",Unclassified,0.0
,2011 Annual International Conference of the IEEE Engineering in Medicine and Biology Society,"Classification of multichannel uterine EMG signals
B Moslem, MO Diab, C Marque, M Khalil - 2011 Annual International Conference of the IEEE …, 2011
Cited by 19 Related articles All 5 versions",2011/8/30,,http://139.91.210.27/CBML/PROCEEDINGS/2011_EMBC/PDFs/Papers/06881193.pdf,,,,2602-2605,"signal processing, detection, classification, Biomedical signals, Neurology",Cited by 19,Mohamad KHALIL,,,Classification of multichannel uterine EMG signals,,,,https://scholar.google.com/citations?view_op=view_citation&hl=en&user=0DzJpLQAAAAJ&cstart=20&pagesize=80&citation_for_view=0DzJpLQAAAAJ:Z5m8FVwuT1cC,,IEEE,"Bassam Moslem, Mohamad O Diab, Catherine Marque, Mohamad Khalil","Classification of multichannel uterine electromyogram (EMG) signals is addressed. Signals were recorded by a matrix of 16 electrodes. First, signals corresponding to each channel were individually classified using an artificial neural network (ANN) based on radial basis functions (RBF). The results have shown that the classification performance varies from one channel to another. Then, a decision fusion method based on these classification performances was tested. After fusion, the network yielded better classification accuracy than any individual channel could provide. The high percentage of correctly classified labor/non-labor events proves the efficiency of multichannel recordings in detecting labor. These findings can be very useful for the aim of classifying antepartum versus labor patients.",classification,0.605
,,"Une approche de la détection et de la classification dans les signaux non stationnaires: application à l'EGM uterin
M Khalil - 1999
Cited by 18 Related articles All 4 versions",1999/1/1,,,,,,,"signal processing, detection, classification, Biomedical signals, Neurology",Cited by 18,Mohamad KHALIL,,,Une approche de la détection et de la classification dans les signaux non stationnaires: application à l'EGM uterin,Troyes,,,https://scholar.google.com/citations?view_op=view_citation&hl=en&user=0DzJpLQAAAAJ&cstart=20&pagesize=80&citation_for_view=0DzJpLQAAAAJ:0KyAp5RtaNEC,,,Mohamad Khalil,"L'objectif de ce travail est de contribuer au developpement de methodes de detection adaptees aux cas ou l'espace des hypotheses et le nombre des hypotheses a detecter ne sont que partiellement connus, en tenant compte du fait que la plupart des ruptures se traduisent par des modifications du contenu frequentiel et/ou de l'energie du signal. Le cadre applicatif global est la detection d'evenements dans le signal emg uterin, utilise pour la prevention des accouchements prematures. Le chapitre 1 est consacre a la presentation du signal emg uterin, son contenu, sa decomposition, sa variation en fonction du terme et d'une femme a l'autre. Dans le chapitre 2, deux approches de modelisation sont utilisees pour mettre en evidence le contenu frequentiel des evenements : la premiere est fondee sur une modelisation autoregressive, la deuxieme sur une decomposition en details utilisant les ondelettes. La detection et la classification sont appliquees ensuite sur ces modelisations une premiere approche de detection classique est presentee dans le chapitre 3. C'est une approche multi-hypotheses fondee sur le calcul de plusieurs sommes cumulees entre l'hypothese courante et toutes les hypotheses deja identifiees. Dans le chapitre 4, une deuxieme approche est proposee. Elle est fondee sur le calcul d'une seule somme cumulee dynamique entre deux hypotheses estimees avant et apres chaque instant t. Pour les deux methodes de detection des chapitres 3 et 4, une classification non supervisee est utilisee. Elle est fondee sur la comparaison de matrices de variance covariance calculees a partir des details ou sur la comparaison des modeles …",detection,0.603
,,"Triple differential cross sections for the ionization of formic acid by electron impact
L Mouawad, PA Hervieux, C Dal Cappello, J Pansanel… - Journal of Physics B: Atomic, Molecular and Optical …, 2017
Cited by 17 Related articles All 4 versions",2017/10/23,50.0,,,,,215204,"signal processing, detection, classification, Biomedical signals, Neurology",Cited by 17,Mohamad KHALIL,,,Triple differential cross sections for the ionization of formic acid by electron impact,,"Journal of Physics B: Atomic, Molecular and Optical Physics",,https://scholar.google.com/citations?view_op=view_citation&hl=en&user=0DzJpLQAAAAJ&cstart=20&pagesize=80&citation_for_view=0DzJpLQAAAAJ:jU7OWUQzBzMC,21,IOP Publishing,"L Mouawad, PA Hervieux, C Dal Cappello, J Pansanel, A Osman, M Khalil, Z El Bitar","Theoretical triple differential cross sections for the simple ionization of the two outermost valence orbitals of formic acid monomer are given in this work. The first Born approximation is used to describe the collision dynamics with one Coulomb wave function for the ejected electron. Single-center molecular wave functions are generated using the Gaussian 09 program. The cross sections are calculated for an average molecular orientation with the proper average method. The results show that the proposed framework provides better agreement with experimental data than the previously used orientation averaged molecular orbital approximation. Consequently, this work shows the importance of performing the orientation averaging on the cross sections and not on the molecular wave functions. It also provides a methodology that reduces the complexity of calculations while maintaining a good quality of the results.",Unclassified,0.0
,,"Automatic fall detection system using sensing floors
M Daher, A Diab, MEB El Najjar, M Khalil, F Charpillet… - Int. J. Comput. Inf. Sci, 2016
Cited by 17 Related articles All 7 versions",2016/9,12.0,https://www.academia.edu/download/121008566/Vol12N1PP75-82OK.pdf,,,,75-82,"signal processing, detection, classification, Biomedical signals, Neurology",Cited by 17,Mohamad KHALIL,,,Automatic fall detection system using sensing floors,,Int. J. Comput. Inf. Sci,,https://scholar.google.com/citations?view_op=view_citation&hl=en&user=0DzJpLQAAAAJ&cstart=20&pagesize=80&citation_for_view=0DzJpLQAAAAJ:jgBuDB5drN8C,1,,"Mohamad Daher, Ahmad Diab, M El Badaoui El Najjar, Mohamad Khalil, François Charpillet, M Daher, A Diab, MEB El Najjar, M Khalil, F Charpillet","Automatic fall detection is a major issue in taking care of the health of elderly people and has the potential of increasing autonomy and independence while minimizing the risks of living alone. It has been an active research area due to the large demand of the healthcare association for fall detection goods. Fortunately, due to the recent fast progression in sensing technologies, fall detection system becomes prospective. It permits to monitor elders and detect their falls, and consequently provides emergency support whenever needed. This paper describes the current work of detecting falls in independent living apartments using accelerometer concealed under tiles. We present the up-to-date advancement of data collection, feature extraction, feature selection, and signal changing detection, which are essential phases of this work.",detection,0.604
,2011 1st Middle East Conference on Biomedical Engineering,"An automated method for analysis of gait data to aid clinical interpretation
G Salim, E David, K Mohammad - 2011 1st Middle East Conference on Biomedical …, 2011
Cited by 17 Related articles",2011/2/21,,,,,,119-121,"signal processing, detection, classification, Biomedical signals, Neurology",Cited by 17,Mohamad KHALIL,,,An automated method for analysis of gait data to aid clinical interpretation,,,,https://scholar.google.com/citations?view_op=view_citation&hl=en&user=0DzJpLQAAAAJ&cstart=20&pagesize=80&citation_for_view=0DzJpLQAAAAJ:PVgj2kMGcgYC,,IEEE,"Ghoussayni Salim, Ewins David, Khalil Mohammad","Gait analysis is often defined as the study of human walking; typically involving computerised and instrumented measurement of the movement patterns that make up walking. It is gaining acceptance as a clinical tool for the investigation of complex gait disorders to inform treatment plans. However, although the raw results can be printed in minutes, the clinical team may spend many hours in interpreting the data. For this reason, the focus in this project is in developing a technique for the analysis of gait data to aid clinical interpretation. A software package will be developed based on automating the Rancho Observational Gait Analysis approach. An automated method will be used to denote gait deviations. Causes related to deviations will be listed and the results of additional tests that may help prove or refute any cause will also be included. A report will then be generated that includes all the above. The software …",Unclassified,0.0
,,"Classification of non stationary signals using multiscale decomposition
M Chendeb, M Khalil, D Hewson, J Duchên - Journal of Biomedical Science and Engineering, 2010
Cited by 17 Related articles All 8 versions",2010/3/1,3.0,https://www.scirp.org/pdf/jbise20100200010_89721058.pdf,,,,193-199,"signal processing, detection, classification, Biomedical signals, Neurology",Cited by 17,Mohamad KHALIL,,,Classification of non stationary signals using multiscale decomposition,,Journal of Biomedical Science and Engineering,,https://scholar.google.com/citations?view_op=view_citation&hl=en&user=0DzJpLQAAAAJ&cstart=20&pagesize=80&citation_for_view=0DzJpLQAAAAJ:M7yex6snE4oC,2,Scientific Research Publishing,"Marwa Chendeb, Mohamad Khalil, David Hewson, Jacques Duchên","The aim of this article is to develop an automatic algorithm for the classification of non stationary signals. The application context is to classify uterine electromyogram (EMG) events to prevent the onset of preterm birth. The idea is to discriminate between the events by allocating them to the physiological classes: contractions, foetus motions, Alvarez or Long Duration Low Frequency waves. Our method is based on the Wavelet Packet (WP) decomposition and the choice of a best basis for classification purpose. Before classification, there is a need to detect events in the recorded signals. The discrimination criterion is based on the calculation of the ratio between intra-class variance and total variance (sum of the intra-class and inter-class variances), calculated directly from the coefficients of the selected WP. We evaluated the performance of the algorithm on real signals by using the classification methods Neural Networks (NN) and Support Vector Machines (SVM). Subband energies of the best selected WP are used as effective features. The determined best basis is applicable to a wide range of uterine EMG signals from large range of patients. In most cases, more than 85% of events are well classified whatever the term of gestation.",classification,0.603
,2018 IEEE International Conference on Robotics and Automation (ICRA),"Human-exoskeleton system dynamics identification using affordable sensors
R Mallat, V Bonnet, W Huo, P Karasinski, Y Amirat… - 2018 IEEE International Conference on Robotics and …, 2018
Cited by 16 Related articles All 4 versions",2018/5/21,,https://www.researchgate.net/profile/Vincent-Bonnet-3/publication/327804443_Human-Exoskeleton_System_Dynamics_Identification_Using_Affordable_Sensors/links/6035005692851c4ed58f9c75/Human-Exoskeleton-System-Dynamics-Identification-Using-Affordable-Sensors.pdf,,,,6759-6765,"signal processing, detection, classification, Biomedical signals, Neurology",Cited by 16,Mohamad KHALIL,,,Human-exoskeleton system dynamics identification using affordable sensors,,,,https://scholar.google.com/citations?view_op=view_citation&hl=en&user=0DzJpLQAAAAJ&cstart=20&pagesize=80&citation_for_view=0DzJpLQAAAAJ:ziOE8S1-AIUC,,IEEE,"Randa Mallat, Vincent Bonnet, Weiguang Huo, Patrick Karasinski, Yacine Amirat, Mohamad Khalil, Samer Mohammed","This paper presents a practical method to identify body segments inertial parameters of a human-exoskeleton system using affordable and easy-to-use sensors. First, the joints and the base kinematics are estimated based on the use of an extended Kalman filter and QR visual markers. Then, joints kinematics are used in a dynamic identification pipeline together with the ground reaction force and moments collected with an affordable Wii Balance Board. The identification process is done using an augmented regressor matrix to identify at once each segment mass, center of mass 3D position and inertia tensor elements of both human locomotor apparatus and exoskeleton. The proposed method is able to accurately estimate external force and moments, with less than 6 % of normalized RMS difference in average, and is experimentally validated with a subject wearing a full lower limb exoskeleton.",signal processing,0.2
,,"Physical activity recognition using inertial wearable sensors—A review of supervised classification algorithms
K Safi, F Attal, S Mohammed, M Khalil, Y Amirat - 2015 International Conference on Advances in …, 2015
Cited by 16 Related articles",2015/9/16,,,,,2015 International Conference on Advances in Biomedical Engineering (ICABME),313-316,"signal processing, detection, classification, Biomedical signals, Neurology",Cited by 16,Mohamad KHALIL,,,Physical activity recognition using inertial wearable sensors—A review of supervised classification algorithms,,,,https://scholar.google.com/citations?view_op=view_citation&hl=en&user=0DzJpLQAAAAJ&cstart=20&pagesize=80&citation_for_view=0DzJpLQAAAAJ:IUKN3-7HHlwC,,IEEE,"Khaled Safi, Ferhat Attal, Samer Mohammed, Mohamad Khalil, Yacine Amirat","The goal of this paper is to compare the performances of various supervised algorithms in classifying physical daily living activities. Six healthy subjects were asked to perform twelve static and dynamic activities such as walking, running, sitting down, standing-up, lying, climbing stairs, etc. Three triaxial accelerometers are used to measure the human movements resulting from each activity. Seven supervised classification techniques are used: K-Nearest Neighbors (K-NN), Support Vector Machine (SVM), Random Forest (RF), Multi-Layer Perceptron (MLP), Classification And Regression Tree (CART), Naive Bayes (NB), and Gaussian Mixture Model (GMM). These methods are compared in terms of correct classification rate (Accuracy), Recall, Precision, F-measure and execution time. The 10-fold cross validation is used as a validation procedure. The obtained results show that K-NN gives the best results with 96.26 …",classification,0.604
,2015 7th International IEEE/EMBS Conference on Neural Engineering (NER),"A novel algorithm for measuring graph similarity: application to brain networks
A Mheich, M Hassan, V Gripon, M Khalil, C Berrou… - 2015 7th International IEEE/EMBS Conference on …, 2015
Cited by 16 Related articles All 7 versions",2015/4/22,,http://www.vincent-gripon.com/files/conf/2015-EMBS.pdf,,,,1068-1071,"signal processing, detection, classification, Biomedical signals, Neurology",Cited by 16,Mohamad KHALIL,,,A novel algorithm for measuring graph similarity: application to brain networks,,,,https://scholar.google.com/citations?view_op=view_citation&hl=en&user=0DzJpLQAAAAJ&cstart=20&pagesize=80&citation_for_view=0DzJpLQAAAAJ:rmuvC79q63oC,,IEEE,"Ahmad Mheich, Mahmoud Hassan, Vincent Gripon, Mohamad Khalil, Claude Berrou, Olivier Dufor, Fabrice Wendling","Measuring similarity among graphs is a challenging issue in many disciplines including neuroscience. Several algorithms, mainly based on vertices or edges properties, were proposed to address this issue. Most of them ignore the physical location of the vertices, which is a crucial factor in the analysis of brain networks. Indeed, functional brain networks are usually represented as graphs composed of vertices (brain regions) connected by edges (functional connectivity). In this paper, we propose a novel algorithm to measure a similarity between graphs. The novelty of our approach is to account for vertices, edges and spatiality at the same time. The proposed algorithm is evaluated using synthetic graphs. It shows high ability to detect and measure similarity between graphs. An application to real functional brain networks is then described. The algorithm allows for quantification of the inter-subjects variability during a …",detection,0.4
,,"New prognosis approach for preventive and predictive maintenance—Application to a distillation column
A Daher, G Hoblos, M Khalil, Y Chetouani - Chemical Engineering Research and Design, 2020
Cited by 15 Related articles All 3 versions",2020/1/1,153.0,,,,,162-174,"signal processing, detection, classification, Biomedical signals, Neurology",Cited by 15,Mohamad KHALIL,,,New prognosis approach for preventive and predictive maintenance—Application to a distillation column,,Chemical Engineering Research and Design,,https://scholar.google.com/citations?view_op=view_citation&hl=en&user=0DzJpLQAAAAJ&cstart=20&pagesize=80&citation_for_view=0DzJpLQAAAAJ:g5Ck-dwhA_QC,,Elsevier,"Alaa Daher, Ghaleb Hoblos, Mohamad Khalil, Yahya Chetouani","The maintenance, repair, and rehabilitation of industrial reactors are expensive and time-consuming. Sudden interruptions may adversely affect the production process and may lead to harmful effects and disastrous results. Therefore, lifetime prediction is extremely important to prevent catastrophic breakdowns leading to complete cessation of production. This paper aims to propose a prognosis reliable method that can be used to estimate the degradation path of a distillation column and calculate the lifetime percentage of this system. The work presents a direct monitoring approach based on the technique of adaptive neuro-fuzzy inference system (ANFIS) combined with fuzzy C-means algorithm (FCM). At the beginning, ANFIS is used to detect the small variations in the signal over time. Secondly, a new strategy is proposed to find the system degradation path. Thirdly, ANFIS is combined with FCM to predict the …",signal processing,0.404
,,"Early syncope detection during head up tilt test by analyzing interactions between cardio-vascular signals
N Khodor, G Carrault, D Matelot, H Amoud, M Khalil… - Digital Signal Processing, 2016
Cited by 15 Related articles All 6 versions",2016/2/1,49.0,,,,,86-94,"signal processing, detection, classification, Biomedical signals, Neurology",Cited by 15,Mohamad KHALIL,,,Early syncope detection during head up tilt test by analyzing interactions between cardio-vascular signals,,Digital Signal Processing,,https://scholar.google.com/citations?view_op=view_citation&hl=en&user=0DzJpLQAAAAJ&cstart=20&pagesize=80&citation_for_view=0DzJpLQAAAAJ:r_AWSJRzSzQC,,Academic Press,"Nadine Khodor, Guy Carrault, David Matelot, Hassan Amoud, Mohamad Khalil, Nathalie Thillaye Du Boullay, François Carre, Alfredo Hernández","Head up tilt test is a well-known medical procedure used to diagnose vasovagal syncope. Several studies have focused on the early prediction of the outcomes of this test to predict syncope before its occurrence. Therefore, the evaluation of the dynamic interactions between several cardiovascular variables can play an important role to improve our understanding on the function of the baroreflex control of arterial blood pressure and can help to enhance the prediction performance. In this aim, the smoothed pseudo-Wigner–Ville distribution (SPWD) approach was used to characterize the time–frequency relationship between time series extracted from ECG (RR-interval) and blood pressure (amplitudes of the systolic blood pressure, the peak amplitude of the first derivative of the blood pressure, dP/dt and the variability of the pulse transit time, PTT). Two new indexes quantifying the relationship between time series …",detection,0.604
,2015 International Conference on Advances in Biomedical Engineering (ICABME),"An efficient P300-speller for Arabic letters
A Kabbara, M Hassan, M Khalil, H Eid, W El-Falou - 2015 International Conference on Advances in …, 2015
Cited by 15 Related articles All 2 versions",2015/9/16,,https://www.researchgate.net/profile/Aya-Kabbara/publication/285288687_An_efficient_P300-speller_for_Arabic_letters/links/565d3eae08aeafc2aac730c1/An-efficient-P300-speller-for-Arabic-letters.pdf,,,,142-145,"signal processing, detection, classification, Biomedical signals, Neurology",Cited by 15,Mohamad KHALIL,,,An efficient P300-speller for Arabic letters,,,,https://scholar.google.com/citations?view_op=view_citation&hl=en&user=0DzJpLQAAAAJ&cstart=20&pagesize=80&citation_for_view=0DzJpLQAAAAJ:lvd772isFD0C,,IEEE,"Aya Kabbara, Mahmoud Hassan, Mohamad Khalil, Hassan Eid, Wassim El-Falou","Brain-computer interfaces (BCI) aim at enabling the brain to directly control an artificial device. One of the most popular BCI paradigms is the so called ‘P300 speller’ whose aim is to offer patients unable to speak and neither move to communicate. In this work, we present a ‘P300 speller’ developed for Arabic letters for the first time. We propose a new automatic algorithm based on the independent component analysis (ICA) to remove eye blinks artifacts, and an adaptive channel selection procedure is also proposed. Results show that the classification performance of the ‘P300-speller’ increase significantly using these two proposed techniques. Four classification algorithms were compared for offline classification from eleven participants. The results indicate that while all methods attained acceptable performance levels, the classical Support Vector Machine (SVM) classifier provide the best performance for …",classification,0.604
,2011 IEEE Workshop on Signal Processing Systems (SiPS),"Classification of multichannel uterine EMG signals by using unsupervised competitive learning
B Moslem, MO Diab, M Khalil, C Marque - 2011 IEEE Workshop on Signal Processing Systems …, 2011
Cited by 15 Related articles All 4 versions",2011/10/4,,https://www.researchgate.net/profile/Catherine-Marque/publication/220803622_Classification_of_multichannel_uterine_EMG_signals_by_using_unsupervised_competitive_learning/links/0deec52efa6e108c7c000000/Classification-of-multichannel-uterine-EMG-signals-by-using-unsupervised-competitive-learning.pdf,,,,267-272,"signal processing, detection, classification, Biomedical signals, Neurology",Cited by 15,Mohamad KHALIL,,,Classification of multichannel uterine EMG signals by using unsupervised competitive learning,,,,https://scholar.google.com/citations?view_op=view_citation&hl=en&user=0DzJpLQAAAAJ&cstart=20&pagesize=80&citation_for_view=0DzJpLQAAAAJ:kuK5TVdYjLIC,,IEEE,"Bassam Moslem, Mohamad O Diab, Mohamad Khalil, Catherine Marque","Multichannel analysis is an innovative technique used for the analysis of bioelectrical signals. In this paper, we analyzed uterine Electromyogram (EMG) signals recorded by means of a 4×4 electrode matrix positioned on the woman's abdomen by using a multichannel approach. Relevant features were extracted from each channel and fed to a competitive neural network (CNN). First, we evaluated the classification performance of each channel. Then, we compared these performances to see which channel ranks better than the others. Finally, a decision fusion method based on the weighted sum of the individual decision of each channel was tested. The results showed that data can be grouped into 2 different groups. Furthermore, they showed that the classification performance varies according to the position of the electrode. Therefore, when a decision fusion rule was applied, the network yielded better …",classification,0.604
,,"Virtual 3D city model as a priori information source for vehicle localization system
M Dawood, C Cappelle, ME El Najjar, M Khalil… - Transportation Research Part C: Emerging …, 2016
Cited by 14 Related articles All 5 versions",2016/2/1,63.0,,,,,1-22,"signal processing, detection, classification, Biomedical signals, Neurology",Cited by 14,Mohamad KHALIL,,,Virtual 3D city model as a priori information source for vehicle localization system,,Transportation Research Part C: Emerging Technologies,,https://scholar.google.com/citations?view_op=view_citation&hl=en&user=0DzJpLQAAAAJ&cstart=20&pagesize=80&citation_for_view=0DzJpLQAAAAJ:anf4URPfarAC,,Pergamon,"Maya Dawood, Cindy Cappelle, Maan E El Najjar, Mohamad Khalil, Bachar El Hassan, Denis Pomorski, Jing Peng","This paper aims at demonstrating the usefulness of integrating virtual 3D models in vehicle localization systems. Usually, vehicle localization algorithms are based on multi-sensor data fusion. Global Navigation Satellite Systems GNSS, as Global Positioning System GPS, are used to provide measurements of the geographic location. Nevertheless, GNSS solutions suffer from signal attenuation and masking, multipath phenomena and lack of visibility, especially in urban areas. That leads to degradation or even a total loss of the positioning information and then unsatisfactory performances. Dead-reckoning and inertial sensors are then often added to back up GPS in case of inaccurate or unavailable measurements or if high frequency location estimation is required. However, the dead-reckoning localization may drift in the long term due to error accumulation. To back up GPS and compensate the drift of the dead …",signal processing,0.204
,,"Kernel based support vector machine for the early detection of syncope during head-up tilt test
N Khodor, D Matelot, G Carrault, H Amoud, M Khalil… - Physiological measurement, 2014
Cited by 14 Related articles All 8 versions",2014/9/22,35.0,https://www.researchgate.net/profile/Hassan-Amoud/publication/265968118_Kernel_based_support_vector_machine_for_the_early_detection_of_syncope_during_head-up_tilt_test/links/5841d70908ae2d21756149c1/Kernel-based-support-vector-machine-for-the-early-detection-of-syncope-during-head-up-tilt-test.pdf,,,,2119,"signal processing, detection, classification, Biomedical signals, Neurology",Cited by 14,Mohamad KHALIL,,,Kernel based support vector machine for the early detection of syncope during head-up tilt test,,Physiological measurement,,https://scholar.google.com/citations?view_op=view_citation&hl=en&user=0DzJpLQAAAAJ&cstart=20&pagesize=80&citation_for_view=0DzJpLQAAAAJ:LI9QrySNdTsC,10,IOP Publishing,"N Khodor, D Matelot, G Carrault, H Amoud, M Khalil, N Ville, F Carre, A Hernandez","This study aims to analyze the autonomic nervous system response during head-up tilt test (HUTT), by exploring the changes in dynamic properties of heart rate variability in subjects with and without syncopes, to predict the outcome of HUTT. Baroreflex response, as well as linear and non-linear parameters of RR-interval time series, have been extracted from the ECG of 66 subjects: 35 with and 31 without syncope during HUTT. The results show that, when considering the first 15 min of tilting position, the total power spectrum, the standard deviation, the long-term fractal scale of RR-interval and ΔRR-interval of time series increase, while the sample entropy decreases in the positive group compared to the negative one. These indices may be good predictors of positive response in patients with reflex syncope. Additionally, an analysis of the first 15 min of tilting position using kernel support vector machines leads to a …",detection,0.604
,2012 8th International Symposium on Mechatronics and its Applications,"Classification of multichannel uterine EMG signals using a reduced number of channels
B Moslem, MO Diab, M Khalil, C Marque - 2012 8th International Symposium on Mechatronics …, 2012
Cited by 14 Related articles",2012/4/10,,,,,,1-4,"signal processing, detection, classification, Biomedical signals, Neurology",Cited by 14,Mohamad KHALIL,,,Classification of multichannel uterine EMG signals using a reduced number of channels,,,,https://scholar.google.com/citations?view_op=view_citation&hl=en&user=0DzJpLQAAAAJ&cstart=20&pagesize=80&citation_for_view=0DzJpLQAAAAJ:edDO8Oi4QzsC,,IEEE,"Bassam Moslem, Mohamad O Diab, Mohamad Khalil, Catherine Marque","Multisensor recording is an important technique used for solving various pattern recognition problems such as the classification of electrophysiological signals. Studies have shown that, although there is a correlation between the electrical activities recorded at different sites, the characteristics of the recorded signal depend on the position of the recording electrode. In this study, we search for the combination of channels that can provide the highest classification accuracy of multichannel uterine (electromyogram) EMG signals. The procedure of reducing the total number of channels is described. Our approach is tested by calculating 4 statistical measures. Results have shown that our proposed approach is capable of reducing the number of recording channels and improving the global classification accuracy.",classification,0.605
,2005 IEEE Engineering in Medicine and Biology 27th Annual Conference,"Unsupervised classification in uterine electromyography signal: toward the detection of preterm birth
MO Diab, C Marque, MA Khalil - 2005 IEEE Engineering in Medicine and Biology 27th …, 2006
Cited by 14 Related articles All 4 versions",2006/1/17,,,,,,5660-5663,"signal processing, detection, classification, Biomedical signals, Neurology",Cited by 14,Mohamad KHALIL,,,Unsupervised classification in uterine electromyography signal: toward the detection of preterm birth,,,,https://scholar.google.com/citations?view_op=view_citation&hl=en&user=0DzJpLQAAAAJ&cstart=20&pagesize=80&citation_for_view=0DzJpLQAAAAJ:vbGhcppDl1QC,,IEEE,"Mohamad O Diab, Catherine Marque, Mohamad A Khalil","The purpose of this study is to classify the uterine contractions in the electromyography (EMG) signal. As the frequency content of the contraction changes from one woman to another and during the pregnancy, wavelet decomposition is used to extract the parameters of each contraction, and an unsupervised statistical classification method based on competitive artificial neural network is then used to classify events. A principal component analysis projection is then used to evidence the groups resulting from this classification. Results show that uterine contractions may be classified into independent groups according to their frequency content and so according to the pregnancy terms. This classification will be used to detect the preterm birth",detection,0.606
,2013 2nd International Conference on Advances in Biomedical Engineering,"Walking analysis: Empirical relation between kurtosis and degree of cyclostationarity
FA Zakaria, M El-Badaoui, S Maiz, F Guillet, M Khalil… - 2013 2nd International Conference on Advances in …, 2013
Cited by 13 Related articles All 5 versions",2013/9/11,,https://www.academia.edu/download/51702161/Walking_analysis_Empirical_Relation_betw20170208-13846-15z6rc3.pdf,,,,93-96,"signal processing, detection, classification, Biomedical signals, Neurology",Cited by 13,Mohamad KHALIL,,,Walking analysis: Empirical relation between kurtosis and degree of cyclostationarity,,,,https://scholar.google.com/citations?view_op=view_citation&hl=en&user=0DzJpLQAAAAJ&cstart=20&pagesize=80&citation_for_view=0DzJpLQAAAAJ:xtoqd-5pKcoC,,IEEE,"FA Zakaria, M El-Badaoui, S Maiz, F Guillet, M Khalil, K Khalil, M Halimi","The objective of the research is to develop new methods or indicators regarding cyclostationarity (CS) that could clearly point out and differentiate between walking disorder signals. Normal human locomotion is the rather grand term given to the description of walking by individuals who fall within the range considered as “normal”, and is seen as a sequence of cyclic and repeated gestures. It is a highly individual and variable activity influenced by many various factors. Analysis and treatment of such sequences, are demonstrated, and have proved that such processes are cyclostationary. This article suggests that “Kurtosis” provides a strong indicator of CS, and shows empirically the existence of a relationship between the “Kurtosis” and the known indicator of CS; specifically “the degree of cyclostationarity (DCS)”. An empirical study on the biomechanics of locomotion is performed with the objective of using it as …",signal processing,0.4
,,"Une approche de classification des contractions utérines basée sur la théorie des ondelettes et la statistique.
MO Diab, C Marque, M Khalil - Lebanese Science Journal, 2006
Cited by 13 Related articles All 2 versions",2006,7.0,,,,,91-102,"signal processing, detection, classification, Biomedical signals, Neurology",Cited by 13,Mohamad KHALIL,,,Une approche de classification des contractions utérines basée sur la théorie des ondelettes et la statistique.,,Lebanese Science Journal,,https://scholar.google.com/citations?view_op=view_citation&hl=en&user=0DzJpLQAAAAJ&cstart=20&pagesize=80&citation_for_view=0DzJpLQAAAAJ:p__nRnzSRKYC,,,"MO Diab, C Marque, M Khalil","Une approche de classification des contractions utérines basée sur la théorie des ondelettes et la statistique. - Université de technologie de Compiègne Recherche Accéder directement au contenu Pied de page Logo Logo Documentation FR Français (FR) Anglais (EN) Se connecter Portail HAL UTC Recherche Loading... Recherche avancée Information de documents Titres Titres Sous-titre Titre de l'ouvrage Titre du volume (Série) Champ de recherche par défaut (multicritères) + texte intégral des PDF Résumé Texte intégral indexé des documents PDF Mots-clés Type de document Sous-type de document Tous les identifiants du document Identifiant HAL du dépôt Langue du document (texte) Pays (Texte) Ville À paraître (true ou false) Ajouter Auteur Auteur (multicritères) Auteur (multicritères) Auteur : Nom complet Auteur : Nom de famille Auteur : Prénom Auteur : Complément de nom, deuxième prénom Auteur : …",classification,0.605
,2005 13th European Signal Processing Conference,"The use of wavelet packets for event detection
M Chendeb, M Khalil, J Duchêne - 2005 13th European Signal Processing Conference, 2005
Cited by 13 Related articles All 13 versions",2005/9/4,,https://eurasip.org/Proceedings/Eusipco/Eusipco2005/defevent/papers/cr1477.pdf,,,,1-4,"signal processing, detection, classification, Biomedical signals, Neurology",Cited by 13,Mohamad KHALIL,,,The use of wavelet packets for event detection,,,,https://scholar.google.com/citations?view_op=view_citation&hl=en&user=0DzJpLQAAAAJ&cstart=20&pagesize=80&citation_for_view=0DzJpLQAAAAJ:BwyfMAYsbu0C,,IEEE,"Marwa Chendeb, Mohamad Khalil, Jacques Duchêne","In this paper, we propose a best basis selection method to choose a set of packets from a wavelet packet tree. Our goal is to obtain packets that show changes in both energy and frequency. The criterion adapted to choose the best basis is the Kullback-Leibler Distance (KLD). When there is no event to be detected, the estimated KLD follows roughly an exponential distribution depending on only one parameter: the length of the windows partitioning the signal. When events are detected in a packet, the distribution of the estimated KLD deviates from the exponential distribution. The statistics Kolmogorov-Smirnov are used to measure the separation between experimental and theoretical cumulative distributions in order to highlight the presence of ruptures, then to select the most relevant packets.",detection,0.605
,,"Uterine synchronization analysis during pregnancy and labor using graph theory, classification based on neural network and deep learning
KB El Dine, N Nader, M Khalil, C Marque - IRBM, 2022
Cited by 12 Related articles All 2 versions",2022/10/1,43.0,https://www.sciencedirect.com/science/article/am/pii/S1959031821001147,,,,333-339,"signal processing, detection, classification, Biomedical signals, Neurology",Cited by 12,Mohamad KHALIL,,,"Uterine synchronization analysis during pregnancy and labor using graph theory, classification based on neural network and deep learning",,IRBM,,https://scholar.google.com/citations?view_op=view_citation&hl=en&user=0DzJpLQAAAAJ&cstart=20&pagesize=80&citation_for_view=0DzJpLQAAAAJ:naSTrk-c4S8C,5,Elsevier Masson,"KB El Dine, N Nader, M Khalil, C Marque","1) Objectives
Preterm birth caused by preterm labor is one of the major health problems in the world. In this article, we present a new framework for dealing with this problem through the processing of electrohysterographic signals (EHG) that are recorded during labor and pregnancy. The objective in this research is to improve the classification between labor and pregnancy contractions by using a new approach that focuses on the connectivity analysis based on graph parameters, representative of uterine synchronization, and comparing neural network and machine learning methods in order to classify between labor and pregnancy.
2) Material and methods
after denoising of the 16 EHG signals recorded from pregnant women abdomen, we applied different connectivity methods to obtain connectivity matrices; then by using the graph theory, we extracted some graph parameters from the connectivity matrices; finally …",classification,0.605
,,"Dynamics of task-related electrophysiological networks: a benchmarking study
J Tabbal, A Kabbara, M Khalil, P Benquet, M Hassan - NeuroImage, 2021
Cited by 12 Related articles All 10 versions",2021/5/1,231.0,https://www.sciencedirect.com/science/article/pii/S1053811921001063,,,,117829,"signal processing, detection, classification, Biomedical signals, Neurology",Cited by 12,Mohamad KHALIL,,,Dynamics of task-related electrophysiological networks: a benchmarking study,,NeuroImage,,https://scholar.google.com/citations?view_op=view_citation&hl=en&user=0DzJpLQAAAAJ&cstart=20&pagesize=80&citation_for_view=0DzJpLQAAAAJ:JP7YXuLIOvAC,,Academic Press,"Judie Tabbal, Aya Kabbara, Mohamad Khalil, Pascal Benquet, Mahmoud Hassan","Motor, sensory and cognitive functions rely on dynamic reshaping of functional brain networks. Tracking these rapid changes is crucial to understand information processing in the brain, but challenging due to the great variety of dimensionality reduction methods used at the network-level and the limited evaluation studies. Using Magnetoencephalography (MEG) combined with Source Separation (SS) methods, we present an integrated framework to track fast dynamics of electrophysiological brain networks. We evaluate nine SS methods applied to three independent MEG databases (N=95) during motor and memory tasks. We report differences between these methods at the group and subject level. We seek to help researchers in choosing objectively the appropriate SS method when tracking fast reconfiguration of functional brain networks, due to its enormous benefits in cognitive and clinical neuroscience.",signal processing,0.204
,2017 fourth international conference on advances in biomedical engineering (ICABME),"Graph analysis of uterine networks using EHG source connectivity
N Nader, S Zahran, C Marque, M Hassan, M Yochum… - 2017 fourth international conference on advances in …, 2017
Cited by 12 Related articles All 4 versions",2017/10/19,,https://hal.science/hal-01544687/file/icabme17.pdf,,,,1-4,"signal processing, detection, classification, Biomedical signals, Neurology",Cited by 12,Mohamad KHALIL,,,Graph analysis of uterine networks using EHG source connectivity,,,,https://scholar.google.com/citations?view_op=view_citation&hl=en&user=0DzJpLQAAAAJ&cstart=20&pagesize=80&citation_for_view=0DzJpLQAAAAJ:7H_MAutzIkAC,,IEEE,"Noujoud Nader, Saeed Zahran, Catherine Marque, Mahmoud Hassan, Maxime Yochum, Wassim Falou, Mohamad Khalil","Emerging evidence show that the connectivity analysis of the uterine signals is a powerful tool in characterizing pregnancy and labor contractions. Here, we present the results of studying the connectivity between uterine sources identified from the electrohysterogram (EHG) signals, which reflects the electrical activity of the uterine muscle. We started by evaluating the effect of the two key steps involved in EHG source connectivity processing: i) the algorithm used in the solution of the inverse problem and ii) the method used for the estimation of the functional connectivity. We evaluate three different inverse solutions (to reconstruct the dynamics of uterine sources) and three connectivity measures (to compute statistical couplings between the reconstructed sources). The networks obtained by each combination of the inverse/connectivity methods were compared to a reference network (ground truth) generated by the …",signal processing,0.405
,The 26th Annual International Conference of the IEEE Engineering in Medicine and Biology Society,"Wavelet based method for detection: application in proprioceptive rehabilitation
M Chendeb, M Khalil, J Duchene - The 26th Annual International Conference of the IEEE …, 2004
Cited by 12 Related articles All 5 versions",2004/9/1,1.0,,,,,37-40,"signal processing, detection, classification, Biomedical signals, Neurology",Cited by 12,Mohamad KHALIL,,,Wavelet based method for detection: application in proprioceptive rehabilitation,,,,https://scholar.google.com/citations?view_op=view_citation&hl=en&user=0DzJpLQAAAAJ&cstart=20&pagesize=80&citation_for_view=0DzJpLQAAAAJ:L7CI7m0gUJcC,,IEEE,"Marwa Chendeb, Mohamad Khalil, Jacques Duchene","After knee or ankle injury, Freeman has proposed a rehabilitation program consisting in a prolonged maintain of monopodal equilibrium on an unstable plateform. The efficacy of such programs, often debated, is evaluated in the present study by a quantification of equilibrium criteria and electromyographical activities along the rehabilitation program. Our aim is to detect all events in the four EMG signals of soleus, tibialis anterior, peroneus longus and vastus medialis muscles and then deduce the stability of the person. To achieve the detection in EMG, the signals are considered to be piecewise stationary, with no a priori knowledge of the parameters of the hypotheses on the process state to be detected. The detector is based on a combination of dynamic cumulative sum (DCS) and the detail coefficients obtained after the application of the Mallat's fast decomposition algorithm without reconstruction of the detail …",detection,0.604
,,"Sparse visual-inertial measurement units placement for gait kinematics assessment
R Mallat, V Bonnet, R Dumas, M Adjel, G Venture… - IEEE Transactions on Neural Systems and …, 2021
Cited by 11 Related articles All 12 versions",2021/6/17,29.0,https://ieeexplore.ieee.org/iel7/7333/4359219/09457244.pdf,,,,1300-1311,"signal processing, detection, classification, Biomedical signals, Neurology",Cited by 11,Mohamad KHALIL,,,Sparse visual-inertial measurement units placement for gait kinematics assessment,,IEEE Transactions on Neural Systems and Rehabilitation Engineering,,https://scholar.google.com/citations?view_op=view_citation&hl=en&user=0DzJpLQAAAAJ&cstart=20&pagesize=80&citation_for_view=0DzJpLQAAAAJ:pQTOvowfQioC,,IEEE,"Randa Mallat, Vincent Bonnet, Raphaël Dumas, Mohamed Adjel, Gentiane Venture, Mohamad Khalil, Samer Mohammed","This study investigates the possibility of estimating lower-limb joint kinematics and meaningful performance indexes for physiotherapists, during gait on a treadmill based on data collected from a sparse placement of new Visual Inertial Measurement Units (VIMU) and the use of an Extended Kalman Filter (EKF). The proposed EKF takes advantage of the biomechanics of the human body and of the investigated task to reduce sensor inaccuracies. Two state-vector formulations, one based on the use of constant acceleration model and one based on Fourier series, and the tuning of their corresponding parameters were analyzed. The constant acceleration model, due to its inherent inconsistency for human motion, required a cumbersome optimisation process and needed the a-priori knowledge of reference joint trajectories for EKF parameters tuning. On the other hand, the Fourier series formulation could be used …",signal processing,0.2
,,"Fatigue study of ultra-runners: Presentation of a new approach for the separation of GRF signals components
FA Zakaria, M El Badaoui, M Lamraoui, M Khalil - Mechanical Systems and Signal Processing, 2016
Cited by 11 Related articles All 2 versions",2016/6/15,75.0,,,,,648-667,"signal processing, detection, classification, Biomedical signals, Neurology",Cited by 11,Mohamad KHALIL,,,Fatigue study of ultra-runners: Presentation of a new approach for the separation of GRF signals components,,Mechanical Systems and Signal Processing,,https://scholar.google.com/citations?view_op=view_citation&hl=en&user=0DzJpLQAAAAJ&cstart=20&pagesize=80&citation_for_view=0DzJpLQAAAAJ:HIFyuExEbWQC,,Academic Press,"FA Zakaria, M El Badaoui, M Lamraoui, M Khalil","In recent years, ultra-marathon running has become increasingly popular in many countries around the world. The ability to run for long hours has played a role in human evolution. It is known that the etiology of fatigue depends upon the exercise under consideration. In order to characterize and find a full description of the fatigue and its effects on the human locomotion mechanics, and to extract the relevant parameters and information for diagnosis, we have investigated the changes in running mechanics. More specifically, the ground reaction force (GRF) manifestations of fatigue, have been investigated by using advanced signal processing tools. GRF signals are composed of two parts: an active peak representing the propulsive force and a passive peak that represents the impact force. The impact force is the major factor indicating the reaction of muscle, that may reflects the fatigue state and performance of the …",signal processing,0.608
,2015 International Conference on Advances in Biomedical Engineering (ICABME),"Pregnancy monitoring using graph theory based analysis
N Nader, C Marque, M Hassan, W Falou, A Diab… - 2015 International Conference on Advances in …, 2015
Cited by 11 Related articles All 2 versions",2015/9/16,,https://www.researchgate.net/profile/Nader-Noujoud/publication/303307801_Pregnancy_Monitoring_using_graph_theory_based_analysis/links/573c3dd908ae9f741b2e76c2/Pregnancy-Monitoring-using-graph-theory-based-analysis.pdf,,,,73-76,"signal processing, detection, classification, Biomedical signals, Neurology",Cited by 11,Mohamad KHALIL,,,Pregnancy monitoring using graph theory based analysis,,,,https://scholar.google.com/citations?view_op=view_citation&hl=en&user=0DzJpLQAAAAJ&cstart=20&pagesize=80&citation_for_view=0DzJpLQAAAAJ:Aul-kAQHnToC,,IEEE,"Noujoud Nader, Catherine Marque, Mahmoud Hassan, Wassim Falou, Ahmad Diab, Mohamad Khalil","Monitoring pregnancy using noninvasive recordings of uterine contractions is still an unsolved issue. Here, we propose a new way to tackle this problem using the electrohysterographic (EHG) signals recorded during pregnancy and labor. The new approach is based on the analysis of the propagation of the uterine electrical activity. The proposed pipeline includes i) the computation of the statistical dependencies between the multichannel (4 × 4 matrix) EHG signals, ii) the characterization of the connectivity matrices using network measures (graph-theory based analysis) and iii) the use of these measures in pregnancy monitoring. Due to its robustness to volume conduction, we used the imaginary part of coherence function to create the connectivity matrices transformed then into graphs. The method is evaluated on a dataset of EHG signals to track the correlation between uterine signals with weeks before labor …",biomedical signals,0.205
,,"Chaos-based spatial steganography system for images
D Battikh, S El Assad, B Bakhache, O Déforges… - International Journal of Chaotic Computing, 2014
Cited by 11 Related articles",2014,3.0,,,,,36-44,"signal processing, detection, classification, Biomedical signals, Neurology",Cited by 11,Mohamad KHALIL,,,Chaos-based spatial steganography system for images,,International Journal of Chaotic Computing,,https://scholar.google.com/citations?view_op=view_citation&hl=en&user=0DzJpLQAAAAJ&cstart=20&pagesize=80&citation_for_view=0DzJpLQAAAAJ:nRpfm8aw39MC,1,,"Dalia Battikh, Safwan El Assad, Bassem Bakhache, Oliver Déforges, Mohamad Khalil","In this paper, we propose a chaos-based enhancement of two spatial steganographic algorithms; the AE-LSB and the EA-LSBMR and our objective is to study their performances. The first algorithm is an adaptive LSB (Least Significant Bit) steganographic method using pixel value difference that provides a large embedding capacity and imperceptible stego images. The second method is an edge adaptive scheme which can select the embedding region according to the size of secret message and the difference between two adjacent pixels in the cover image. The two methods suffer from low security against attacks that try to recover secret data.To overcome this weakness, we propose to enhance the message security of these methods. The enhancement consists of using an efficient chaotic system in order to choose in a pseudo-chaotic manner the pixels in the cover image where the bits of the secret message will be embedded. In this way, the inserted message becomes secure against message recovery attacks and becomes as well spread over the whole image in a uniform manner. Experiments show that the security of the algorithms is increased.",Unclassified,0.0
,,"Classification of the car seats by detecting the muscular fatigue in the EMG signal
M Atieh, R Younes, M Khalil, H Akdag - Journal of Computational Cognition, 2005
Cited by 11 Related articles All 4 versions",2005/12,3.0,https://www.researchgate.net/profile/Mohamad-Khalil-4/publication/258909931_Classification_of_the_Car_Seats_by_Detecting_the_Muscular_Fatigue_in_the_EMG_Signal/links/00b495315c87f0bf9e000000/Classification-of-the-Car-Seats-by-Detecting-the-Muscular-Fatigue-in-the-EMG-Signal.pdf,,,,,"signal processing, detection, classification, Biomedical signals, Neurology",Cited by 11,Mohamad KHALIL,,,Classification of the car seats by detecting the muscular fatigue in the EMG signal,,Journal of Computational Cognition,,https://scholar.google.com/citations?view_op=view_citation&hl=en&user=0DzJpLQAAAAJ&cstart=20&pagesize=80&citation_for_view=0DzJpLQAAAAJ:EYYDruWGBe4C,4,,"Mirna Atieh, Rafic Younes, Mohamad Khalil, Herman Akdag","The objective of this paper is to evaluate and detect muscular tiredness in natural activities, in particular, to select the most comfortable car seat. This work consists to identifying and to classify the EMG signal of the techniques from data mining and from the statistical techniques. We thus tried hybridization between some to lead to a better separation between the classes. The methods of clustering will be applied to some signals resulting from the experiments of discomfort of long duration on seats of different vehicles. These methods consist in separating segments EMG in two classes corresponding to the frequential variation from EMG signal. Copyright cO 2005 Yang’s Scientific Research Institute, LLC. All rights reserved.",classification,0.605
,"ICECS 2000. 7th IEEE International Conference on Electronics, Circuits and Systems (Cat. No. 00EX445)","AR-based method for change detection using dynamic cumulative sum
W El Falou, M Khalil, J Duchene - ICECS 2000. 7th IEEE International Conference on …, 2000
Cited by 11 Related articles All 2 versions",2000/12/17,1.0,https://www.researchgate.net/profile/Wassim-El-Falou-2/publication/3890862_AR-based_method_for_change_detection_using_dynamic_cumulative_sum/links/54ddf92e0cf2814662ec23dd/AR-based-method-for-change-detection-using-dynamic-cumulative-sum.pdf,,,,157-160,"signal processing, detection, classification, Biomedical signals, Neurology",Cited by 11,Mohamad KHALIL,,,AR-based method for change detection using dynamic cumulative sum,,,,https://scholar.google.com/citations?view_op=view_citation&hl=en&user=0DzJpLQAAAAJ&cstart=20&pagesize=80&citation_for_view=0DzJpLQAAAAJ:MLfJN-KU85MC,,IEEE,"Wassim El Falou, Mohamad Khalil, Jacques Duchene",In this paper we propose a new method of signal detection when the parameters of the hypotheses to be detected are unknown. Detection method is based on dynamic cumulative sum of the local generalized likelihood ratios associated with Autoregressive (AR) modeling.,detection,0.611
,,"Parzen window distribution as new membership function for ANFIS algorithm-Application to a distillation column faults prediction
A Daher, G Hoblos, M Khalil, Y Chetouani - Chemometrics and Intelligent Laboratory Systems, 2018
Cited by 10 Related articles All 5 versions",2018/4/15,175.0,https://www.academia.edu/download/104501028/j.chemolab.2018.01.00220230724-1-d6j8ml.pdf,,,,1-12,"signal processing, detection, classification, Biomedical signals, Neurology",Cited by 10,Mohamad KHALIL,,,Parzen window distribution as new membership function for ANFIS algorithm-Application to a distillation column faults prediction,,Chemometrics and Intelligent Laboratory Systems,,https://scholar.google.com/citations?view_op=view_citation&hl=en&user=0DzJpLQAAAAJ&cstart=20&pagesize=80&citation_for_view=0DzJpLQAAAAJ:U_HPUtbDl20C,,Elsevier,"Alaa Daher, Ghaleb Hoblos, Mohamad Khalil, Yahya Chetouani","The distillation column is one of the most important unit operations used in the chemical engineering. The continuous distillation process is largely used in many applications such as petrochemical production, natural gas processing, and petroleum refineries, and many others. Corrective maintenance of the chemical reactors represents a consequential problem because it is very costly and it disrupts production for long periods of time. In addition, most of the time, this may lead to harmful effects and disastrous results. The most common solution has been to rely on preventive maintenance. Unfortunately, this has been both expensive and inadequate. Therefore, the optimal solution is to resort to predictive maintenance that involves the design of a pre-crash control system and a higher ex-ante understanding of the future path of the reactor. This research paper aims to propose the Adaptive Neuro Fuzzy Inference …",neurology,0.4
,2017 12th International Conference for Internet Technology and Secured Transactions (ICITST),"New keyed chaotic neural network hash function based on sponge construction
N Abdoun, S El Assad, K Hammoud, R Assaf, M Khalil… - 2017 12th International Conference for Internet …, 2017
Cited by 10 Related articles All 3 versions",2017/12/11,,https://www.researchgate.net/profile/Nabil-Abdoun/publication/325075246_New_keyed_chaotic_neural_network_hash_function_based_on_sponge_construction/links/5b0ff1acaca27273d3c67745/New-keyed-chaotic-neural-network-hash-function-based-on-sponge-construction.pdf,,,,35-38,"signal processing, detection, classification, Biomedical signals, Neurology",Cited by 10,Mohamad KHALIL,,,New keyed chaotic neural network hash function based on sponge construction,,,,https://scholar.google.com/citations?view_op=view_citation&hl=en&user=0DzJpLQAAAAJ&cstart=20&pagesize=80&citation_for_view=0DzJpLQAAAAJ:HGTzPopzzJcC,,IEEE,"Nabil Abdoun, Safwan El Assad, Khodor Hammoud, Rima Assaf, Mohamad Khalil, Olivier Deforges","This paper presents a new structure for keyed hash function based on chaotic maps, neural network and sponge construction. The structure of proposed Keyed Sponge Chaotic Neural Network KSCNN hash function is composed of three phases: the initialization phase pads the message M and divides it into q message blocks Mi of fixed size r, the absorbing phase hashes the message blocks by using CNN — Blocki and produces the intermediate hash value HMi and the squeezing phase produces, starting from HMq, the final hash value h with desired length. The combining of sponge construction with the CNN — Blocki improves, on one hand, the security of proposed hash function and makes, on the other hand, the length of hash value more dynamic. Our theoretical analysis and experimental simulations show that the proposed hash function KSCNN has good statistical properties, strong collision resistance …",Unclassified,0.0
,2017 Fourth International Conference on Advances in Biomedical Engineering (ICABME),"Multichannel EHG segmentation for automatically identifying contractions and motion artifacts
A Zaylaa, A Diab, M Khalil, C Marque - 2017 Fourth International Conference on Advances in …, 2017
Cited by 10 Related articles All 12 versions",2017/10/19,,https://theses.hal.science/tel-02522288/file/These_UTC_Amer_Zaylaa.pdf,,,,1-4,"signal processing, detection, classification, Biomedical signals, Neurology",Cited by 10,Mohamad KHALIL,,,Multichannel EHG segmentation for automatically identifying contractions and motion artifacts,,,,https://scholar.google.com/citations?view_op=view_citation&hl=en&user=0DzJpLQAAAAJ&cstart=20&pagesize=80&citation_for_view=0DzJpLQAAAAJ:1DsIQWDZLl8C,,IEEE,"Amer Zaylaa, Ahmad Diab, Mohamad Khalil, Catherine Marque","In a recent past, several techniques have been developed to analyze the events contained in the electrohysterogram signals (EHG). But, the most of them focused on offline methods. In this study, we use an online method which is developed previously and known by Dynamic Cumulative Sum (DCS). The approach is applied on real EHG signals database through a 4×4 electrodes matrix. For this purpose, two parameters affecting the DCS method, the size of analyzing window and the function detection thresholding value, were first tuned in order to identify the recommended values for ruptures detection from the EHG signals by comparing to the same labeled signals. Furthermore, data fusion of the contraction extracted data has been applied and then analyzed by extracting the contractions detection performance and the performance on electrodes. According to the obtained results, DCS seems to be an …",detection,0.604
,,"Postural stability analysis—A review of techniques and methods for human stability assessment
K Safi, S Mohammed, Y Amirat, M Khalil - 2017 Fourth international conference on advances in …, 2017
Cited by 10 Related articles All 2 versions",2017/10/19,,,,,2017 Fourth international conference on advances in biomedical engineering (ICABME),1-4,"signal processing, detection, classification, Biomedical signals, Neurology",Cited by 10,Mohamad KHALIL,,,Postural stability analysis—A review of techniques and methods for human stability assessment,,,,https://scholar.google.com/citations?view_op=view_citation&hl=en&user=0DzJpLQAAAAJ&cstart=20&pagesize=80&citation_for_view=0DzJpLQAAAAJ:kWvqk_afx_IC,,IEEE,"Khaled Safi, Samer Mohammed, Yacine Amirat, Mohamad Khalil","The tonic postural system guarantees the stability of the human body in upright stance and during locomotion. It is considered as a complex organization which involves several internal systems and has multiple sources of information. In this paper, we provide a review of techniques and materials for human stability assessment. The primary tools to record and evaluate human sways in static posture are presented such as video-based methods, sensors-based methods and force platform-based methods. Moreover, various protocols and postural conditions in the literature are presented for recording the center of pressure (CoP) displacements. In addition, several relevant studies in the literature are shown and analyzed by highlighting the performances and limitations of the proposed techniques.",Unclassified,0.0
,,"Automatic analysis of human posture equilibrium using empirical mode decomposition
K Safi, S Mohammed, IM Albertsen, E Delechelle… - Signal, Image and Video Processing, 2017
Cited by 10 Related articles",2017/9,11.0,,,,,1081-1088,"signal processing, detection, classification, Biomedical signals, Neurology",Cited by 10,Mohamad KHALIL,,,Automatic analysis of human posture equilibrium using empirical mode decomposition,,"Signal, Image and Video Processing",,https://scholar.google.com/citations?view_op=view_citation&hl=en&user=0DzJpLQAAAAJ&cstart=20&pagesize=80&citation_for_view=0DzJpLQAAAAJ:j7_hQOaDUrUC,,Springer London,"Khaled Safi, Samer Mohammed, Inke Marie Albertsen, Eric Delechelle, Yacine Amirat, Mohamad Khalil, Jean-Michel Gracies, Emilie Hutin","The present study proposes a new approach for the assessment of the human balance control. This approach is based on the decomposition of the center of pressure displacement using empirical mode decomposition (EMD) that provides an effective time-frequency analysis of non-stationary signals. Twenty-eight healthy subjects performed quiet standing in four conditions—feet apart/together with respect to eyes open/closed—while recording the stabilometric signals in the anteroposterior (AP) and mediolateral (ML) directions. The EMD method decomposes each stabilometric signal into several subsignals called intrinsic mode functions (IMFs). Stabilogram-diffusion analysis technique is applied to generate the diffusion curve of each IMF signal. Each diffusion curve is modeled as a second-order system and provides representative features, such as the gain parameter. Analysis of the gain parameter …",signal processing,0.204
,,"First-and second-order cyclostationary signal separation using morphological component analysis
FA Zakaria, S Maiz, M El Badaoui, M Khalil - Digital Signal Processing, 2016
Cited by 10 Related articles All 3 versions",2016/11/1,58.0,,,,,134-144,"signal processing, detection, classification, Biomedical signals, Neurology",Cited by 10,Mohamad KHALIL,,,First-and second-order cyclostationary signal separation using morphological component analysis,,Digital Signal Processing,,https://scholar.google.com/citations?view_op=view_citation&hl=en&user=0DzJpLQAAAAJ&cstart=20&pagesize=80&citation_for_view=0DzJpLQAAAAJ:48xauSegjOkC,,Academic Press,"Firas A Zakaria, Sofiane Maiz, Mohamed El Badaoui, Mohamad Khalil","Cyclostationarity (CS) has proven to be effective in the treatment and identification of signal components for diagnostic and prognosis purposes. CS research has focused on algorithms, in terms of simplicity and computational efficiency. The performance of algorithms largely depends on the signals being analyzed.
The objective of this research paper is to exploit the CS characteristics of signals in the context of morphological component analysis (MCA) method. It proposes a novel methodology used for separating between the periodic (First-Order Cyclostationarity: CS1) and random (Second-Order Cyclostationarity: CS2) sources by means of one sensor measurement. This MCACS2 methodology is based on MCA, where each of the two sources is sparsely represented by a special dictionary: i) the CS1 periodic structure is sparsely represented by means of the Discrete Cosine Transform dictionary, and ii) the CS2 …",signal processing,0.205
,"2015 Third International Conference on Technological Advances in Electrical, Electronics and Computer Engineering (TAEECE)","New technique for feature selection: Combination between elastic net and relief
N Challita, M Khalil, P Beauseroy - 2015 Third International Conference on Technological …, 2015
Cited by 10 Related articles All 3 versions",2015/4/29,,,,,,262-267,"signal processing, detection, classification, Biomedical signals, Neurology",Cited by 10,Mohamad KHALIL,,,New technique for feature selection: Combination between elastic net and relief,,,,https://scholar.google.com/citations?view_op=view_citation&hl=en&user=0DzJpLQAAAAJ&cstart=20&pagesize=80&citation_for_view=0DzJpLQAAAAJ:kzcrU_BdoSEC,,IEEE,"Nicole Challita, Mohamad Khalil, Pierre Beauseroy","One of the most advanced forms of industrial maintenance is predictive maintenance. Indeed, the present analysis of the behavior of a material helps to predict future behavior. The analysis is also used to predict the nature of the failure and to minimize the delay in the fault detection. So as the diagnosis of faults in rotating machines is an important subject in order to increase their productivity and reliability, the choice of features to be used for classification and diagnosis constitutes a crucial point. The use of all the possible features will cause an increase in the computational cost and it will even lead to the increase of the classification error because of the existence of redundant and non-significant features. In this context, we are interested in presenting different methods of feature selection and proposing a new approach that tends to select the best features among existing ones and perform the classification …",detection,0.604
,2013 2nd International Conference on Advances in Biomedical Engineering,"Binary particle swarm optimization for feature Selection on uterine electrohysterogram signal
D Alamedine, C Marque, M Khalil - 2013 2nd International Conference on Advances in …, 2013
Cited by 10 Related articles",2013/9/11,,,,,,125-128,"signal processing, detection, classification, Biomedical signals, Neurology",Cited by 10,Mohamad KHALIL,,,Binary particle swarm optimization for feature Selection on uterine electrohysterogram signal,,,,https://scholar.google.com/citations?view_op=view_citation&hl=en&user=0DzJpLQAAAAJ&cstart=20&pagesize=80&citation_for_view=0DzJpLQAAAAJ:a3BOlSfXSfwC,,IEEE,"Dima Alamedine, Catherine Marque, Mohamad Khalil","The Selection of pertinent features is a very important problem in pattern recognition. Therefore, we need reliable feature selection methods to reduce the number of features, through the elimination of irrelevant and noisy features. In our study we try to detect the pertinent features extracted from uterine electrohysterography that permit to classify at best labor and pregnancy contractions. The global aim of this work is to detect the preterm deliveries. In this paper we present a feature selection method based on binary particle swarm optimization. The performance of this method was tested by using three types of classifiers. The results show that this method gives common features whatever the type of classifiers.",detection,0.4
,,"Automatic threshold determination for a local approach of change detection in long-term signal recordings
W El Falou, M Khalil, J Duchêne, D Hewson - EURASIP journal on Advances in Signal Processing, 2007
Cited by 10 Related articles All 10 versions",2007/12,2007.0,https://link.springer.com/content/pdf/10.1155/2007/24748.pdf,,,,1-7,"signal processing, detection, classification, Biomedical signals, Neurology",Cited by 10,Mohamad KHALIL,,,Automatic threshold determination for a local approach of change detection in long-term signal recordings,,EURASIP journal on Advances in Signal Processing,,https://scholar.google.com/citations?view_op=view_citation&hl=en&user=0DzJpLQAAAAJ&cstart=20&pagesize=80&citation_for_view=0DzJpLQAAAAJ:g3aElNc5_aQC,,Springer International Publishing,"Wassim El Falou, Mohamad Khalil, Jacques Duchêne, David Hewson","CUSUM (cumulative sum) is a well-known method that can be used to detect changes in a signal when the parameters of this signal are known. This paper presents an adaptation of the CUSUM-based change detection algorithms to long-term signal recordings where the various hypotheses contained in the signal are unknown. The starting point of the work was the dynamic cumulative sum (DCS) algorithm, previously developed for application to long-term electromyography (EMG) recordings. DCS has been improved in two ways. The first was a new procedure to estimate the distribution parameters to ensure the respect of the detectability property. The second was the definition of two separate, automatically determined thresholds. One of them (lower threshold) acted to stop the estimation process, the other one (upper threshold) was applied to the detection function. The automatic determination of the …",detection,0.605
,The 26th Annual International Conference of the IEEE Engineering in Medicine and Biology Society,"An unsupervised classification method of uterine electromyography signals using wavelet decomposition
MO Diab, C Marque, M Khalil - The 26th Annual International Conference of the IEEE …, 2004
Cited by 10 Related articles All 4 versions",2004/9/1,1.0,,,,,192-195,"signal processing, detection, classification, Biomedical signals, Neurology",Cited by 10,Mohamad KHALIL,,,An unsupervised classification method of uterine electromyography signals using wavelet decomposition,,,,https://scholar.google.com/citations?view_op=view_citation&hl=en&user=0DzJpLQAAAAJ&cstart=100&pagesize=100&citation_for_view=0DzJpLQAAAAJ:ML0RJ9NH7IQC,,IEEE,"MO Diab, C Marque, M Khalil","The purpose of this study is to classify the uterine contractions in the electromyography (EMG) signal. As the frequency content of the contraction changes from one woman to another and during the pregnancy, wavelet decomposition is used to extract the parameters of each contraction, and an unsupervised statistical classification method based on Fisher test is used to classify events. A principal component analysis projection is then used to evidence the groups resulting from this classification. Results show that uterine contractions may be classified into independent groups according to their frequency content.",classification,0.606
,2016 IEEE Middle East Conference on Antennas and Propagation (MECAP),"Compact multi-layer band-pass filter in Substrate Integrated Waveguide (SIW) technology
M Khalil, M Kamarei, J Jomaah, H Ayad - 2016 IEEE Middle East Conference on Antennas and …, 2016
Cited by 9 Related articles",2016/9/20,,,,,,1-4,"signal processing, detection, classification, Biomedical signals, Neurology",Cited by 9,Mohamad KHALIL,,,Compact multi-layer band-pass filter in Substrate Integrated Waveguide (SIW) technology,,,,https://scholar.google.com/citations?view_op=view_citation&hl=en&user=0DzJpLQAAAAJ&cstart=100&pagesize=100&citation_for_view=0DzJpLQAAAAJ:AXkvAH5U_nMC,,IEEE,"Mohamad Khalil, Mahmoud Kamarei, Jalal Jomaah, Hussam Ayad","In this paper, a new miniaturized wide Band-Pass Substrate Integrated Waveguide (SIW) filter is proposed. The miniaturized design is based on two techniques, combining the Slow-Wave and Half-Mode SIW principles. Also different substrates for each layer with high contrast in the effective permittivity are used. This technique shows that the SIW filter is 90% miniaturized with a bandwidth covering the X-band, insertion loss are less than 2dB and return loss under -12.5dB. Results are compared with previous published papers and show a good efficiency when miniaturizing.",Unclassified,0.0
,2015 10th International Conference for Internet Technology and Secured Transactions (ICITST),"Hash function based on efficient chaotic neural network
N Abdoun, S El Assad, MA Taha, R Assaf, O Deforges… - 2015 10th International Conference for Internet …, 2015
Cited by 9 Related articles All 4 versions",2015/12/14,,https://www.researchgate.net/profile/Mohammed-Abutaha/publication/283071749_Hash_Function_based_on_Efficient_Chaotic_Neural_Network/links/57e286f708aed96fbbb26b6d/Hash-Function-based-on-Efficient-Chaotic-Neural-Network.pdf,,,,32-37,"signal processing, detection, classification, Biomedical signals, Neurology",Cited by 9,Mohamad KHALIL,,,Hash function based on efficient chaotic neural network,,,,https://scholar.google.com/citations?view_op=view_citation&hl=en&user=0DzJpLQAAAAJ&cstart=100&pagesize=100&citation_for_view=0DzJpLQAAAAJ:yFnVuubrUp4C,,IEEE,"Nabil Abdoun, Safwan El Assad, Mohammad Abu Taha, Rima Assaf, Olivier Deforges, Mohamad Khalil","This paper presents an efficient algorithm for constructing a secure Hash function based on Chaotic Neural Network structure. The proposed Hash function includes two main operations: Generation of Neural Network parameters using fast and efficient Chaotic Generator and Iteration of the message through the Chaotic Neural Network. Our theoretical analysis and experimental simulations showed that the implemented Hash function has good statistical properties, strong Collision Resistance and High Message Sensitivity.",Unclassified,0.0
,,"Selection of EHG parameter characteristics for the classification of uterine contractions
D Alamedine - 2015
Cited by 9 Related articles All 3 versions",2015/7/21,,https://theses.hal.science/tel-01241368/file/These_UTC_Dima_Alamedine.pdf,,,,,"signal processing, detection, classification, Biomedical signals, Neurology",Cited by 9,Mohamad KHALIL,,,Selection of EHG parameter characteristics for the classification of uterine contractions,Université de Technologie de Compiègne; Université Libanaise,,,https://scholar.google.com/citations?view_op=view_citation&hl=en&user=0DzJpLQAAAAJ&cstart=100&pagesize=100&citation_for_view=0DzJpLQAAAAJ:SnGPuo6Feq8C,,,Dima Alamedine,"One of the most promising biophysical markers of preterm labor is the electrical activity of the uterus, picked up on woman’s abdomen, the electrohysterogram (EHG). Several processing tools of the EHG signal (linear, nonlinear), allow the analysis of both excitability and propagation of the uterine electrical activity in order to differentiate between pregnancy contractions, which are ineffective, from labor effective contractions that might cause preterm birth. Therefore, on these multiple studies, the parameters being computed from different signal databases, obtained with different recording protocols, it is sometimes difficult to compare their results in order to choose the “best” parameter for preterm labor detection. Additionally, this large number of parameters increases the computational complexity for diagnostic purpose. Therefore, the main objective of this thesis is to select, among all the features of interest extracted from multiple studies, the most pertinent feature subsets in order to discriminate, on a given population, pregnancy and labor contractions. For this purpose, several methods for feature selection are tested. The first one, developed in this work, is based on the measurement of the Jeffrey divergence (JD) distance between the histograms of the parameters of the 2 classes, pregnancy and labor. The other are “Filter” and “Wrapper” Data Mining methods, extracted from the literature. In our work monovariate (in one given EHG channel) and bivariate analysis (propagation of EHG by measuring the coupling between channels) are used. The EHG signals are recorded using a multichannel system positioned on the woman’s abdomen for the …",detection,0.603
,2012 16th IEEE Mediterranean Electrotechnical Conference,"Classification of multichannel uterine EMG signals by using a weighted majority voting decision fusion rule
B Moslem, M Khalil, MO Diab, C Marque - 2012 16th IEEE Mediterranean Electrotechnical …, 2012
Cited by 9 Related articles",2012/3/25,,,,,,331-334,"signal processing, detection, classification, Biomedical signals, Neurology",Cited by 9,Mohamad KHALIL,,,Classification of multichannel uterine EMG signals by using a weighted majority voting decision fusion rule,,,,https://scholar.google.com/citations?view_op=view_citation&hl=en&user=0DzJpLQAAAAJ&cstart=100&pagesize=100&citation_for_view=0DzJpLQAAAAJ:PoWvk5oyLR8C,,IEEE,"Bassam Moslem, Mohamad Khalil, Mohamad O Diab, Catherine Marque","Recording the bioelectrical signals by using multiple sensors has been the subject of considerable research effort in the recent years. The multisensor recordings have opened the way to the application of more advanced signal processing techniques and the extraction of new parameters. The focus of this paper is to demonstrate the importance of multisensor recordings for classifying multichannel uterine EMG signals recorded by 16 electrodes. First, we showed that mapping the characteristics of the multichannel uterine EMG signals may allow to set some peculiar properties of these channels. Then, data recorded from each channel were individually classified. Based on the variability between the classification performances of each channel, a weighted majority voting (WMV) decision fusion rule was applied. The classification network yielded better classification accuracy than any individual channel could provide …",signal processing,0.608
,,"Artificial Neural Network for Transfer Function Placental Development: DCT and DWT Approach
M Ayache, M Khalil, F Tranquart - International Journal of Computer Science Issues …, 2011
Cited by 9 Related articles All 6 versions",2011/9/1,8.0,https://www.researchgate.net/profile/Rubeena-Vohra/publication/374629366_Image_Restoration_Using_Thresholding_Techniques_on_Wavelet_Coefficients/links/6527995a61c4044c404db433/Image-Restoration-Using-Thresholding-Techniques-on-Wavelet-Coefficients.pdf#page=44,,,,21,"signal processing, detection, classification, Biomedical signals, Neurology",Cited by 9,Mohamad KHALIL,,,Artificial Neural Network for Transfer Function Placental Development: DCT and DWT Approach,,International Journal of Computer Science Issues (IJCSI),,https://scholar.google.com/citations?view_op=view_citation&hl=en&user=0DzJpLQAAAAJ&cstart=100&pagesize=100&citation_for_view=0DzJpLQAAAAJ:VaXvl8Fpj5cC,5,International Journal of Computer Science Issues (IJCSI),"Mohammad Ayache, Mohamad Khalil, Francois Tranquart","The aim of our study is to propose an approach for transfer function placental development using ultrasound images. This approach is based to the selection of tissues, feature extraction by discrete cosine transform DCT, discrete wavelet transform DWT and classification of different grades of placenta by artificial neural network and especially the multi layer perceptron MLP. The proposed approach is tested for ultrasound images of placenta, resulting in 75% success rate of classification using DCT and 92% using DWT. The method based on multi resolution decomposition analysis and on supervised neural network technique MLP, seems a good method to study the transfer function of placental development in ultrasound.",classification,0.606
,2011 19th Mediterranean Conference on Control & Automation (MED),"Monitoring of rotary machine by mean of self adaptive growing neural network
M Barakat, F Druaux, D Lefebvre, M Khalil, O Mustapha - 2011 19th Mediterranean Conference on Control & …, 2011
Cited by 9 Related articles",2011/6/20,,,,,,132-137,"signal processing, detection, classification, Biomedical signals, Neurology",Cited by 9,Mohamad KHALIL,,,Monitoring of rotary machine by mean of self adaptive growing neural network,,,,https://scholar.google.com/citations?view_op=view_citation&hl=en&user=0DzJpLQAAAAJ&cstart=100&pagesize=100&citation_for_view=0DzJpLQAAAAJ:0izLItjtcgwC,,IEEE,"M Barakat, F Druaux, D Lefebvre, M Khalil, O Mustapha","For the improvement of reliability, safety and efficiency advanced methods of supervision, fault detection and fault diagnosis become increasingly important for many technical processes. To determine the condition of an inaccessible fault in an operating mechanical system, the vibration signal of the machine is continuously monitored by placing sensors close to the source of the vibrations. These signals are further processed to extract the features and identify the status of the machine. This paper deals with a new scheme for the detection and diagnosis of localized defects in machine rotating components based on Self Adaptive Growing Neural Network (SAGNN) classifier which is a novel approach to pattern classification propounded for tackling fault diagnosis tasks. Feature vector is extracted from signal in time domain and SAGNN is trained and used as a diagnosis classifier. In order to evaluate SAGNN, the data …",detection,0.604
,Proceedings of the 19th Annual International Conference of the IEEE Engineering in Medicine and Biology Society.'Magnificent Milestones and Emerging Opportunities in Medical Engineering'(Cat. No. 97CH36136),"Detection and classification in uterine electromyography by multiscale representation
M Khalil, J Duchene, C Marque, H Leman - Proceedings of the 19th Annual International …, 1997
Cited by 9 Related articles All 3 versions",1997/10/30,4.0,,,,,1606-1608,"signal processing, detection, classification, Biomedical signals, Neurology",Cited by 9,Mohamad KHALIL,,,Detection and classification in uterine electromyography by multiscale representation,,,,https://scholar.google.com/citations?view_op=view_citation&hl=en&user=0DzJpLQAAAAJ&cstart=100&pagesize=100&citation_for_view=0DzJpLQAAAAJ:ILKRHgRFtOwC,,IEEE,"Mohamad Khalil, Jacques Duchene, Catherine Marque, Hélène Leman","The purpose of this study was to detect the uterine contraction and other events in uterine electromyography (EMG). Classical statistical algorithms of change detection use a criterion based on signal variance in a sequential manner. The idea of the present work is to generalize these algorithms in a multidimensional way using a multiscale signal decomposition. In this case, the classical algorithms are modified by use of a criterion based on covariance matrix estimates. The isolation is achieved by a multi-hypothesis test. Thus, the successive events are detected by a single multidimensional detector and classified regarding their covariance matrix. This approach leads to different detection and isolation delays, the former being defined by the detection threshold, the latter depending on the estimation time of the covariance matrix.",detection,0.605
,2018 International Arab Conference on Information Technology (ACIT),"Automatic segmentation of contractions and other events in Monopolar EHGs-Monodimensional Study
Z Amer, D Ahmad, K Mohamad, M Catherine - 2018 International Arab Conference on Information …, 2018
Cited by 8 Related articles All 4 versions",2018/11/28,,https://www.researchgate.net/profile/Amer-Zaylaa/publication/337199563_Automatic_Segmentation_of_Contractions_and_Other_Events_in_Monopolar_EHGs-Monodimensional_Study/links/5dcb115e92851c818049e573/Automatic-Segmentation-of-Contractions-and-Other-Events-in-Monopolar-EHGs-Monodimensional-Study.pdf,,,,1-4,"signal processing, detection, classification, Biomedical signals, Neurology",Cited by 8,Mohamad KHALIL,,,Automatic segmentation of contractions and other events in Monopolar EHGs-Monodimensional Study,,,,https://scholar.google.com/citations?view_op=view_citation&hl=en&user=0DzJpLQAAAAJ&cstart=100&pagesize=100&citation_for_view=0DzJpLQAAAAJ:rTD5ala9j4wC,,IEEE,"Zaylaa Amer, Diab Ahmad, Khalil Mohamad, Marque Catherine","Until recently, many studies have been achieved for the sake of automatically segmentation of the electrohysterogram (EHG) in order to identify the efficient uterine contractions but the most of them encountered the presence of other events such as motion artifacts and other kind of contractions despite of the use of efficient filtering methods. In this study, we apply an online method which is developed previously and known by Dynamic Cumulative Sum (DCS) on monopolar EHG signals acquired through a 4×4 electrodes matrix with and without CCA-EMD denoising method. The detected segments are driven through an automatic concatenation technique of detected event time from all channels in order to reduce the unwanted segments, the obtained segments then undergo to implemented Margin validation test in order to classify among them. Sensitivity of detected contractions and other detected events rate …",detection,0.4
,2018 International Conference on Computer and Applications (ICCA),"Multi-sensory assistive living system for elderly in-home staying
M Daher, MEB El Najjar, A Diab, M Khalil, F Charpillet - 2018 International Conference on Computer and …, 2018
Cited by 8 Related articles All 3 versions",2018/8/25,,https://www.researchgate.net/profile/Mhd-Daher/publication/327638412_Multi-Sensory_Assistive_Living_System_for_Elderly_in-Home_Staying/links/5bbdfbe5299bf1010175bdcb/Multi-Sensory-Assistive-Living-System-for-Elderly-in-Home-Staying.pdf,,,,168-171,"signal processing, detection, classification, Biomedical signals, Neurology",Cited by 8,Mohamad KHALIL,,,Multi-sensory assistive living system for elderly in-home staying,,,,https://scholar.google.com/citations?view_op=view_citation&hl=en&user=0DzJpLQAAAAJ&cstart=100&pagesize=100&citation_for_view=0DzJpLQAAAAJ:YsrPvlHIBpEC,,IEEE,"Mohamad Daher, Maan El Badaoui El Najjar, Ahmad Diab, Mohamad Khalil, François Charpillet","One of the Ambient Intelligence (AmI) systems nowadays, is the Assisted Living System (ALS) that helps elderly people to live in an intelligent and pro-active environment. It is charged with the supervision and control of the entrusted space, monitoring events and human well-being through a network of heterogeneous sensors. This paper shows the capabilities of depth images extracted from RGB-D Microsoft Kinect camera fixed on the wall and 3-axis accelerometer concealed under smart tiles to localize and track elders, recognize their main Activities of Daily Living (ADLs) (walking, standing, sitting, lying down and the transitions between them) as well as detect falling down cases. While the proposed approach remains simple and non-intrusive, the experimental results show that it is able to achieve the aim with a high precision (sensitivity more than 95%).",detection,0.4
,2017 Fourth International Conference on Advances in Biomedical Engineering (ICABME),"Ambient assistive living system using RGB-D camera
M Daher, MEB El Najjar, A Diab, M Khalil, A Dib… - 2017 Fourth International Conference on Advances in …, 2017
Cited by 8 Related articles All 2 versions",2017/10/19,,https://www.researchgate.net/profile/Mhd-Daher/publication/320433519_Ambient_Assistive_Living_System_Using_RGB-D_Camera/links/59ece802aca272cddde05c1b/Ambient-Assistive-Living-System-Using-RGB-D-Camera.pdf,,,,1-4,"signal processing, detection, classification, Biomedical signals, Neurology",Cited by 8,Mohamad KHALIL,,,Ambient assistive living system using RGB-D camera,,,,https://scholar.google.com/citations?view_op=view_citation&hl=en&user=0DzJpLQAAAAJ&cstart=100&pagesize=100&citation_for_view=0DzJpLQAAAAJ:1Ye0OR6EYb4C,,IEEE,"Mohamad Daher, Maan El Badaoui El Najjar, Ahmad Diab, Mohamad Khalil, Abdallah Dib, François Charpillet","One of the main problems that are being addressed intensively in modern societies is the ageing of population. Today's challenge is to allow elderly people to remain autonomous at their home as much as possible. Currently, one of the active research fields is the development of an assistive living system (ALS) that aims to support people at home. This can help elderly people to stay at home as long as possible, which consequently satisfies elders and reduces the health care cost. In this paper, we propose a simple and efficient way to track and recognize basic elderly activities using a single RGB-D camera. The main benefit of this method is the low cost and the effortless deployment and installation, as well as an overall recall of 97%.",Unclassified,0.0
,,"Automatic segmentation of stabilometric signals using hidden markov model regression
K Safi, S Mohammed, F Attal, Y Amirat, L Oukhellou… - IEEE Transactions on Automation Science and …, 2017
Cited by 8 Related articles All 2 versions",2017/2/2,15.0,,,,,545-555,"signal processing, detection, classification, Biomedical signals, Neurology",Cited by 8,Mohamad KHALIL,,,Automatic segmentation of stabilometric signals using hidden markov model regression,,IEEE Transactions on Automation Science and Engineering,,https://scholar.google.com/citations?view_op=view_citation&hl=en&user=0DzJpLQAAAAJ&cstart=100&pagesize=100&citation_for_view=0DzJpLQAAAAJ:7BrZ7Jt4UNcC,2,IEEE,"Khaled Safi, Samer Mohammed, Ferhat Attal, Yacine Amirat, Latifa Oukhellou, Mohamad Khalil, Jean-Michel Gracies, Emilie Hutin","Posture analysis in quiet standing is an essential element in evaluating human balance control. Many factors enhance the human control system's ability to maintain stability, such as the visual system and base of support (feet) placement. In contrast, many neural pathologies, such as Parkinson's disease (PD) and cerebellar disorder, disturb human stability. This paper addresses the problem of the automatic segmentation of stabilometric signals recorded under four different conditions related to vision and foot position. This is achieved for both control subjects and PD subjects. A hidden Markov model (HMM)regression-based approach is used to carry out the segmentation between the different conditions using simple and multiple regression processes. Twenty-eight control subjects and thirty-two PD subjects participated in this study. They were asked to stand upright while recording stabilometric signals in …",signal processing,0.4
,2013 2nd International Conference on Advances in Biomedical Engineering,"Classification of EEG signals to detect epilepsy problems
S Al-Omar, W Kamali, M Khalil, A Daher - 2013 2nd International Conference on Advances in …, 2013
Cited by 8 Related articles",2013/9/11,,,,,,5-8,"signal processing, detection, classification, Biomedical signals, Neurology",Cited by 8,Mohamad KHALIL,,,Classification of EEG signals to detect epilepsy problems,,,,https://scholar.google.com/citations?view_op=view_citation&hl=en&user=0DzJpLQAAAAJ&cstart=100&pagesize=100&citation_for_view=0DzJpLQAAAAJ:gVv57TyPmFsC,,IEEE,"Sally Al-Omar, Walid Kamali, Mohamad Khalil, Alaa Daher","Epilepsy is a condition that affects 0.6-0.8% of the world population, rendering it the most common neurological disorder after stroke. It is characterized by recurrent unprovoked seizures, due to abnormal, excessive or synchronous neuronal activity in the brain and by a vast range of causes, triggering events, symptoms and brain locations where the seizures originate.This project is about detecting epilepsy problems using the electroencephalogram (EEG) data acquisition system. In order to do that a number of parameters was extracted from EEG signals using the MATLAB software. Then these parameters were used in the classification of the signals via the Feedforward Neural Network method in order to make the right diagnostic of the problem. In addition, this project presents four tests done in order to compare the performance of several parameters and to select the most efficient one.",classification,0.604
,2010 Conference on Control and Fault-Tolerant Systems (SysTol),"Bsp-bdt classification technique: Application to rolling elements bearing
M Barakat, D Lefebvre, M Khalil, O Mustapha, F Druaux - 2010 Conference on Control and Fault-Tolerant …, 2010
Cited by 8 Related articles",2010/10/6,,,,,,654-659,"signal processing, detection, classification, Biomedical signals, Neurology",Cited by 8,Mohamad KHALIL,,,Bsp-bdt classification technique: Application to rolling elements bearing,,,,https://scholar.google.com/citations?view_op=view_citation&hl=en&user=0DzJpLQAAAAJ&cstart=100&pagesize=100&citation_for_view=0DzJpLQAAAAJ:S16KYo8Pm5AC,,IEEE,"M Barakat, D Lefebvre, M Khalil, O Mustapha, F Druaux","To maintain an efficient operating unit and avoid failure of mineral critical equipment, fault detection and diagnosis are the solution for the critical parts of these equipments. This paper presents a non parametric classification technique using Best Selective Parameters (BSP) embedded in Binary Decision Tree (BDT). The method arises from the question: how can we choose suitable types of parameters in order to achieve accurate classification? DSP-BDT technique answers this question and provides the solution. BSP-BDT method is based on multi-class Support Vector Machines (SVM). BSP-BDT takes advantage of both: the efficient computation of tree by selecting appropriate parameters and the high classification accuracy of SVM. BSP-BDT method is applied on rolling elements bearing not only to detect and diagnose faults (inner race, ball, outer race) but also to identify the magnitudes of these faults. Results …",detection,0.604
,GRETSI 99,"Une approche pour la détection fondée sur une somme cumulée dynamique associée à une décomposition multiéchelle. Application à l'EMG utérin
M Khalil, J Duchene - GRETSI 99, 1999
Cited by 8 Related articles All 2 versions",1999,,,,,,,"signal processing, detection, classification, Biomedical signals, Neurology",Cited by 8,Mohamad KHALIL,,,Une approche pour la détection fondée sur une somme cumulée dynamique associée à une décomposition multiéchelle. Application à l'EMG utérin,,,,https://scholar.google.com/citations?view_op=view_citation&hl=en&user=0DzJpLQAAAAJ&cstart=100&pagesize=100&citation_for_view=0DzJpLQAAAAJ:pqnbT2bcN3wC,,,"Mohamad Khalil, Jacques Duchene",Une approche pour la détection fondée sur une somme cumulée dynamique associée à une décomposition multiéchelle. Application a l'EMG utérin - Université de technologie de Troyes Recherche Accéder directement au contenu Pied de page Logo Logo Documentation FR Français (FR) Anglais (EN) Se connecter Portail HAL UTT Recherche Loading... Recherche avancée Information de documents Titres Titres Sous-titre Titre de l'ouvrage Titre du volume (Série) Champ de recherche par défaut (multicritères) + texte intégral des PDF Résumé Texte intégral indexé des documents PDF Mots-clés Type de document Sous-type de document Tous les identifiants du document Identifiant HAL du dépôt Langue du document (texte) Pays (Texte) Ville À paraître (true ou false) Ajouter Auteur Auteur (multicritères) Auteur (multicritères) Auteur : Nom complet Auteur : Nom de famille Auteur : Prénom Auteur : Complément de …,Unclassified,0.0
,2021 Sixth International Conference on Advances in Biomedical Engineering (ICABME),"Retrieving motor unit depth using inverse approach on HD-sEMG signals
S Berro, A Diab, M Hajj-Hassan, M Khalil, H Amoud… - 2021 Sixth International Conference on Advances in …, 2021
Cited by 7 Related articles All 2 versions",2021/10/7,,,,,,159-162,"signal processing, detection, classification, Biomedical signals, Neurology",Cited by 7,Mohamad KHALIL,,,Retrieving motor unit depth using inverse approach on HD-sEMG signals,,,,https://scholar.google.com/citations?view_op=view_citation&hl=en&user=0DzJpLQAAAAJ&cstart=100&pagesize=100&citation_for_view=0DzJpLQAAAAJ:wSy_KLzO7YEC,,IEEE,"Soumaya Berro, Ahmad Diab, Mohamad Hajj-Hassan, Mohamad Khalil, Hassan Amoud, Sofiane Boudaoud","The position identification of underlying activated motor units from the surface potential map that those motor units had produced constitutes a challenging inverse problem in the electromyography community. This field has gained wide interest due to the various medical applications that it enhances. Some of the most important medical applications are focused on the areas of prosthetic control enhancement and improving the efficiency of rehabilitation following an impairment. The proposed study includes the testing of an inverse problem methodology on electromyography data simulated on a vertical alignment of motor units (depth varying) using minimum norm estimation. This study also proposes a methodology for decreasing the number of sources needed in a simulation by formulating a fitting equation, which is formed by a limited number of sources of a definite configuration. The obtained results are …",biomedical signals,0.404
,,"Comparative Study of Three Steganographic Methods Using a Chaotic System and Their Universal Steganalysis Based on Three Feature Vectors
D Battikh, S El Assad, TM Hoang, B Bakhache… - Entropy, 2019
Cited by 7 Related articles All 11 versions",2019/7/30,21.0,https://www.mdpi.com/1099-4300/21/8/748,,,,748,"signal processing, detection, classification, Biomedical signals, Neurology",Cited by 7,Mohamad KHALIL,,,Comparative Study of Three Steganographic Methods Using a Chaotic System and Their Universal Steganalysis Based on Three Feature Vectors,,Entropy,,https://scholar.google.com/citations?view_op=view_citation&hl=en&user=0DzJpLQAAAAJ&cstart=100&pagesize=100&citation_for_view=0DzJpLQAAAAJ:LXmCCkuhhTsC,8,MDPI,"Dalia Battikh, Safwan El Assad, Thang Manh Hoang, Bassem Bakhache, Olivier Deforges, Mohamad Khalil","In this paper, we firstly study the security enhancement of three steganographic methods by using a proposed chaotic system. The first method, namely the Enhanced Edge Adaptive Image Steganography Based on LSB Matching Revisited (EEALSBMR), is present in the spatial domain. The two other methods, the Enhanced Discrete Cosine Transform (EDCT) and Enhanced Discrete Wavelet transform (EDWT), are present in the frequency domain. The chaotic system is extremely robust and consists of a strong chaotic generator and a 2-D Cat map. Its main role is to secure the content of a message in case a message is detected. Secondly, three blind steganalysis methods, based on multi-resolution wavelet decomposition, are used to detect whether an embedded message is hidden in the tested image (stego image) or not (cover image). The steganalysis approach is based on the hypothesis that message-embedding schemes leave statistical evidence or structure in images that can be exploited for detection. The simulation results show that the Support Vector Machine (SVM) classifier and the Fisher Linear Discriminant (FLD) cannot distinguish between cover and stego images if the message size is smaller than 20% in the EEALSBMR steganographic method and if the message size is smaller than 15% in the EDCT steganographic method. However, SVM and FLD can distinguish between cover and stego images with reasonable accuracy in the EDWT steganographic method, irrespective of the message size.",detection,0.603
,DCC,"RDO-Based Light Field Image Coding Using Convolutional Neural Networks and Linear Approximation.
N Bakir, W Hamidouche, O Déforges, K Samrouth… - DCC, 2019
Cited by 7 Related articles All 4 versions",2019/3/26,,https://www.researchgate.net/profile/Wassim-Hamidouche-2/publication/331823943_RDO-Based_Light_Field_Image_Coding_Using_Convolutional_Neural_Networks_and_Linear_Approximation/links/5ceaf51192851c4eabc1138e/RDO-Based-Light-Field-Image-Coding-Using-Convolutional-Neural-Networks-and-Linear-Approximation.pdf,,,,554,"signal processing, detection, classification, Biomedical signals, Neurology",Cited by 7,Mohamad KHALIL,,,RDO-Based Light Field Image Coding Using Convolutional Neural Networks and Linear Approximation.,,,,https://scholar.google.com/citations?view_op=view_citation&hl=en&user=0DzJpLQAAAAJ&cstart=100&pagesize=100&citation_for_view=0DzJpLQAAAAJ:jSAVyFp_754C,,,"Nader Bakir, Wassim Hamidouche, Olivier Déforges, Khouloud Samrouth, Sid Ahmed Fezza, Mohamad Khalil","The increasing penetration of acquisition and display devices for Light Field (LF) content in the consumer market leads to the high proliferation of this new immersive media. This growing interest to LF images thus urgently raises the question of their compression. In this paper, we propose a convolutional neural networks (CNN)-based LF image coding scheme including both Rate Distortion Optimization (RDO) and post-processing steps. First, at the encoder side, the views are rearranged in sparse set of views and dropped views sets. The former are compressed with a standard encoder and transmitted, while the dropped views are either linearly approximated or synthesized by a CNN using the encoded views as input. This choice is made on the basis of the proposed RDO process. At the decoder side, once the dropped views are either linearly approximated or synthesized by a CNN block, a post-processing step is performed to further enhance the quality of the reconstructed views. This post-processing block is based on superpixel to pixel-matching. Experimental results show that the proposed scheme provides views with high visual quality and overcomes the state-of-the-art LF image compression solutions by− 30% in terms of BD-BR and 0.62 dB in BD-PSNR.",signal processing,0.203
,2016 38th Annual International Conference of the IEEE Engineering in Medicine and Biology Society (EMBC),"Human static postures analysis using empirical mode decomposition
K Safi, E Hutin, S Mohammed, IM Albertsen… - 2016 38th Annual International Conference of the IEEE …, 2016
Cited by 7 Related articles All 4 versions",2016/8/16,,,,,,3765-3768,"signal processing, detection, classification, Biomedical signals, Neurology",Cited by 7,Mohamad KHALIL,,,Human static postures analysis using empirical mode decomposition,,,,https://scholar.google.com/citations?view_op=view_citation&hl=en&user=0DzJpLQAAAAJ&cstart=100&pagesize=100&citation_for_view=0DzJpLQAAAAJ:lgwcVrK6X84C,,IEEE,"Khaled Safi, Emilie Hutin, Samer Mohammed, Inke Marie Albertsen, Eric Delechelle, Yacine Amirat, Mohamad Khalil, Jean-Michel Gracies","The goal of this paper is to analyze the human stability during static postures using stabilometric signals. The effects of subject's visual input, feet position, age and gender are analyzed. Twenty eight healthy subjects have participated in this study. The center of pressure displacements were measured along the Medio-Lateral (ML) and Antero-Posterior (AP) directions. Empirical mode decomposition method is used to decompose the stabilometric signal into several elementary signals called Intrinsic Mode Functions (IMF). A stabilogram-diffusion method is used to generate the related diffusion curve of each IMF and a resulting index called Critical Point (CP) is calculated. The CP parameter showed significant differences between groups using repeated measure ANOVA, particularly in the ML direction in terms of visual modality, feet position, age and gender. The present findings may guide the rehabilitation process …",signal processing,0.404
,2016 38th Annual International Conference of the IEEE Engineering in Medicine and Biology Society (EMBC),"A node-wise analysis of the uterine muscle networks for pregnancy monitoring
N Nader, M Hassan, W Falou, C Marque, M Khalil - 2016 38th Annual International Conference of the IEEE …, 2016
Cited by 7 Related articles All 11 versions",2016/8/16,,https://arxiv.org/pdf/1607.06754,,,,712-715,"signal processing, detection, classification, Biomedical signals, Neurology",Cited by 7,Mohamad KHALIL,,,A node-wise analysis of the uterine muscle networks for pregnancy monitoring,,,,https://scholar.google.com/citations?view_op=view_citation&hl=en&user=0DzJpLQAAAAJ&cstart=100&pagesize=100&citation_for_view=0DzJpLQAAAAJ:wMgC3FpKEyYC,,IEEE,"Noujoud Nader, Mahmoud Hassan, W Falou, Catherine Marque, Mohamad Khalil","The recent past years have seen a noticeable increase of interest in the correlation analysis of electrohysterographic (EHG) signals in the perspective of improving the pregnancy monitoring. Here we propose a new approach based on the functional connectivity between multichannel (4×4 matrix) EHG signals recorded from the women's abdomen. The proposed pipeline includes i) the computation of the statistical couplings between the multichannel EHG signals, ii) the characterization of the connectivity matrices, computed by using the imaginary part of the coherence, based on the graph-theory analysis and iii) the use of these measures for pregnancy monitoring. The method was evaluated on a dataset of EHGs, in order to track the correlation between EHGs collected by each electrode of the matrix (called `node-wise' analysis) and follow their evolution along weeks before labor. Results showed that the strength …",biomedical signals,0.204
,"2015 International Conference on Image Processing Theory, Tools and Applications (IPTA)","Hidden biometrie identification/authentication based on phalanx selection from hand X-ray images with safety considerations
Y Kabbara, A Naït-Ali, A Shahin, M Khalil - 2015 International Conference on Image Processing …, 2015
Cited by 7 Related articles All 2 versions",2015/11/10,,,,,,423-428,"signal processing, detection, classification, Biomedical signals, Neurology",Cited by 7,Mohamad KHALIL,,,Hidden biometrie identification/authentication based on phalanx selection from hand X-ray images with safety considerations,,,,https://scholar.google.com/citations?view_op=view_citation&hl=en&user=0DzJpLQAAAAJ&cstart=100&pagesize=100&citation_for_view=0DzJpLQAAAAJ:WJVC3Jt7v1AC,,IEEE,"Yeihya Kabbara, Amine Naït-Ali, Ahmad Shahin, Mohamad Khalil","The paper presents a new approach called ""Phalanx-Code"" based on hand X-Ray image. The main motivation is to prove the effectiveness of hidden biometrics, based on the mentioned modality applied with few selected phalanges, in the context of human identification/authentication processes. Indeed, the proposed approach aims at preventing forgeries when used in highly secured systems such as Vital Records, Airport Control, Forensic Medicine, etc. During the acquisition process, we use an X-Ray machine with controlled voltage and current exposure. Each image will follow an automatic low level processing in order to extract some reference points. These points will guide the extraction of Hand phalanges during the segmentation phase. Hence, the hand will be modeled by features extracted from the phalange structures using Fourier Descriptors and Eigen Vectors. To evaluate the performance and the …",signal processing,0.204
,2015 International Conference on Advances in Biomedical Engineering (ICABME),"Towards a usable and an efficient elder fall detection system
M Daher, MEB El Najjar, A Diab, M Khalil, F Charpillet - 2015 International Conference on Advances in …, 2015
Cited by 7 Related articles All 6 versions",2015/9/16,,https://www.researchgate.net/profile/Mhd-Daher/post/How_can_I_select_the_most_informative_features_from_a_big_feature_set/attachment/5c4cd1d9cfe4a781a57a3580/AS%3A719436050870273%401548538329723/download/ICABME3+%28official%29.pdf,,,,93-96,"signal processing, detection, classification, Biomedical signals, Neurology",Cited by 7,Mohamad KHALIL,,,Towards a usable and an efficient elder fall detection system,,,,https://scholar.google.com/citations?view_op=view_citation&hl=en&user=0DzJpLQAAAAJ&cstart=100&pagesize=100&citation_for_view=0DzJpLQAAAAJ:6ZxmRoH8BuwC,,IEEE,"Mohamad Daher, Maan El Badaoui El Najjar, Ahmad Diab, Mohamad Khalil, François Charpillet","In-house monitoring of elders and automatic fall detection using intelligent sensors is a very desirable service that has the potential of increasing autonomy and independence while minimizing the risks of living alone. The efforts of building such systems have been spanning for decades, but there still is a lot of room for improvement. This paper proposes a novel approach to make a successful monitoring and assistive services for elderly. Moreover, we present our current progress of data collection, parameters extraction and parameters selection that are essential phases of our project. Our results on the data demonstrate that the proposed system methods are efficient and accurate and can be easily used in a real fall detection system.",detection,0.605
,2015 37th Annual International Conference of the IEEE Engineering in Medicine and Biology Society (EMBC),"Detecting labor using graph theory on connectivity matrices of uterine EMG
S Al-Omar, A Diab, N Nader, M Khalil, B Karlsson… - 2015 37th Annual International Conference of the IEEE …, 2015
Cited by 7 Related articles All 5 versions",2015/8/25,,,,,,2195-2198,"signal processing, detection, classification, Biomedical signals, Neurology",Cited by 7,Mohamad KHALIL,,,Detecting labor using graph theory on connectivity matrices of uterine EMG,,,,https://scholar.google.com/citations?view_op=view_citation&hl=en&user=0DzJpLQAAAAJ&cstart=100&pagesize=100&citation_for_view=0DzJpLQAAAAJ:_OXeSy2IsFwC,,IEEE,"Sally Al-Omar, Ahmad Diab, Noujoud Nader, Mohamad Khalil, Brynjar Karlsson, Catherine Marque","Premature labor is one of the most serious health problems in the developed world. One of the main reasons for this is that no good way exists to distinguish true labor from normal pregnancy contractions. The aim of this paper is to investigate if the application of graph theory techniques to multi-electrode uterine EMG signals can improve the discrimination between pregnancy contractions and labor. To test our methods we first applied them to synthetic graphs where we detected some differences in the parameters results and changes in the graph model from pregnancy-like graphs to labor-like graphs. Then, we applied the same methods to real signals. We obtained the best differentiation between pregnancy and labor through the same parameters. Major improvements in differentiating between pregnancy and labor were obtained using a low pass windowing preprocessing step. Results show that real graphs …",signal processing,0.4
,2014 IEEE International Conference on Image Processing (ICIP),"An optimal elastic partial shape matching via shape geodesics
M Merhy, A Benzinou, K Nasreddine, M Khalil, G Faour - 2014 IEEE International Conference on Image …, 2014
Cited by 7 Related articles All 3 versions",2014/10/27,,,,,,4742-4746,"signal processing, detection, classification, Biomedical signals, Neurology",Cited by 7,Mohamad KHALIL,,,An optimal elastic partial shape matching via shape geodesics,,,,https://scholar.google.com/citations?view_op=view_citation&hl=en&user=0DzJpLQAAAAJ&cstart=100&pagesize=100&citation_for_view=0DzJpLQAAAAJ:Fu2w8maKXqMC,,IEEE,"Mayss' aa Merhy, Abdesslam Benzinou, Kamal Nasreddine, Mohamad Khalil, Ghaleb Faour","This paper presents a planar curve matching framework based on computing similarities between shape parts. We propose an elastic similarity measure issued from shape geodesics in the shape space. As the transition from global matching to partial matching leads to additional difficulties, we bypass them with a shape decomposition process based on the discrete curve evolution (DCE). This decomposition aims to obtain significant parts to match and it leads to a robust and efficient 2D shape matching algorithm. The comparison of the proposed method with the state of the art demonstrates its ability to handle elastic deformations leading to an overall optimal partial correspondence between shapes.",signal processing,0.2
,"2014 IEEE 16th International Conference on e-Health Networking, Applications and Services (Healthcom)","Contribution of the cyclic correlation in gait analysis: Variation between fallers and non-fallers
FA Zakaria, CV Toulouse, M El Badaoui, C Serviere… - 2014 IEEE 16th International Conference on e-Health …, 2014
Cited by 7 Related articles",2014/10/15,,,,,,176-181,"signal processing, detection, classification, Biomedical signals, Neurology",Cited by 7,Mohamad KHALIL,,,Contribution of the cyclic correlation in gait analysis: Variation between fallers and non-fallers,,,,https://scholar.google.com/citations?view_op=view_citation&hl=en&user=0DzJpLQAAAAJ&cstart=100&pagesize=100&citation_for_view=0DzJpLQAAAAJ:HtEfBTGE9r8C,,IEEE,"Firas A Zakaria, Claude-Vivien Toulouse, Mohamed El Badaoui, Christine Serviere, Mohamad Khalil","There have been numerous studies involving research and development, for detecting falls exhibited by the elderly. Considering that the prevention of a falling elderly is much more complex to address and estimate, very little research has been done. In fact research is often strictly limited resourceful medical organizations that have specialized clinical tools. Human locomotion, particularly “Walking” is defined by sequences of cyclic and repeated gestures. The variability of such sequences can reveal information about drive failure and motor / motor-neuron disorders. Studying and exploiting the Cyclostationary (CS) properties of such sequences, offers a complementary way to quantify human locomotion and its changes with progressing aging and the development of diseases. This quantization may provide an insight into the neural function and the neural control of walking which would be altered by changes …",detection,0.4
,,"Fast multidimensional NMR spectroscopy for sparse spectra
D Merhej, H Ratiney, C Diab, M Khalil, M Sdika, R Prost - NMR in Biomedicine, 2014
Cited by 7 Related articles All 5 versions",2014/6,27.0,,,,,640-655,"signal processing, detection, classification, Biomedical signals, Neurology",Cited by 7,Mohamad KHALIL,,,Fast multidimensional NMR spectroscopy for sparse spectra,,NMR in Biomedicine,,https://scholar.google.com/citations?view_op=view_citation&hl=en&user=0DzJpLQAAAAJ&cstart=100&pagesize=100&citation_for_view=0DzJpLQAAAAJ:foquWX3nUaYC,6,,"Dany Merhej, Hélène Ratiney, Chaouki Diab, Mohamad Khalil, Michaël Sdika, Rémy Prost","Multidimensional NMR spectroscopy is widely used for studies of molecular and biomolecular structure. A major disadvantage of multidimensional NMR is the long acquisition time which, regardless of sensitivity considerations, may be needed to obtain the final multidimensional frequency domain coefficients. In this article, a method for under‐sampling multidimensional NMR acquisition of sparse spectra is presented. The approach is presented in the case of two‐dimensional NMR acquisitions. It relies on prior knowledge about the support in the two‐dimensional frequency domain to recover an over‐determined system from the under‐determined system induced in the linear acquisition model when under‐sampled acquisitions are performed. This over‐determined system can then be solved with linear least squares. The prior knowledge is obtained efficiently at a low cost from the one‐dimensional NMR …",Unclassified,0.0
,2012 Annual International Conference of the IEEE Engineering in Medicine and Biology Society,"Detecting missing signals in multichannel recordings by using higher order statistics
R Halabi, MO Diab, B Moslem, M Khalil, C Marque - 2012 Annual International Conference of the IEEE …, 2012
Cited by 7 Related articles All 5 versions",2012/8/28,,https://www.academia.edu/download/69373252/Detecting_missing_signals_in_multichanne20210911-12986-16r2zvb.pdf,,,,3110-3113,"signal processing, detection, classification, Biomedical signals, Neurology",Cited by 7,Mohamad KHALIL,,,Detecting missing signals in multichannel recordings by using higher order statistics,,,,https://scholar.google.com/citations?view_op=view_citation&hl=en&user=0DzJpLQAAAAJ&cstart=100&pagesize=100&citation_for_view=0DzJpLQAAAAJ:FPJr55Dyh1AC,,IEEE,"Ramzi Halabi, Mohamad O Diab, Bassam Moslem, Mohamad Khalil, Catherine Marque","In real world applications, a multichannel acquisition system is susceptible of having one or many of its sensors displaced or detached, leading therefore to the loss or corruption of the recorded signals. In this paper, we present a technique for detecting missing or corrupted signals in multichannel recordings. Our approach is based on Higher Order Statistics (HOS) analysis. Our approach is tested on real uterine electromyogram (EMG) signals recorded by 4×4 electrode grid. Results have shown that HOS descriptors can discriminate between the two classes of signals (missing vs. non-missing). These results are supported by statistical analysis using the t-test which indicated good statistical significance of 95% confidence level.",detection,0.4
,,"Dynamic Cumulative Sum approach for change detection
M Khalil, J Duchêne - IEEE Transactions on Signal Processing, 1999
Cited by 7 Related articles",1999/4,47.0,,,,,1205,"signal processing, detection, classification, Biomedical signals, Neurology",Cited by 7,Mohamad KHALIL,,,Dynamic Cumulative Sum approach for change detection,,IEEE Transactions on Signal Processing,,https://scholar.google.com/citations?view_op=view_citation&hl=en&user=0DzJpLQAAAAJ&cstart=100&pagesize=100&citation_for_view=0DzJpLQAAAAJ:-FonjvnnhkoC,4,,"Mohamad Khalil, Jacques Duchêne","Detection and segmentation of a nonstationary process con-sists of assuming piecewise stationarity and detecting the instants of change. In this paper, we propose an approach to change detection with no a priori knowledge of the parameters of the hypotheses on the process states to be detected. This approach is based on a dynamic cumulative sum (DCS) computed from a local generalized likelihood ratio. It is applied in association with multiscale decomposition using the wavelet transform. This combination of DCS and multiscale decomposition has been shown to be very efficient for detection of both frequency and energy changes. An unsupervised classification based on the comparison between variance–covariance matrices has been implemented after detection. Matrices are computed from the selected scales. Simulation and application to real data are proposed.",detection,0.605
,,"Authenticated encryption based on chaotic neural networks and duplex construction
N Abdoun, S El Assad, T Manh Hoang, O Deforges… - Symmetry, 2021
Cited by 6 Related articles All 6 versions",2021/12/16,13.0,https://www.mdpi.com/2073-8994/13/12/2432,,,,2432,"signal processing, detection, classification, Biomedical signals, Neurology",Cited by 6,Mohamad KHALIL,,,Authenticated encryption based on chaotic neural networks and duplex construction,,Symmetry,,https://scholar.google.com/citations?view_op=view_citation&hl=en&user=0DzJpLQAAAAJ&cstart=100&pagesize=100&citation_for_view=0DzJpLQAAAAJ:2vr6o8x5NLkC,12,MDPI,"Nabil Abdoun, Safwan El Assad, Thang Manh Hoang, Olivier Deforges, Rima Assaf, Mohamad Khalil","In this paper, we propose, implement and analyze an Authenticated Encryption with Associated Data Scheme (AEADS) based on the Modified Duplex Construction (MDC) that contains a chaotic compression function (CCF) based on our chaotic neural network revised (CNNR). Unlike the standard duplex construction (SDC), in the MDC there are two phases: the initialization phase and the duplexing phase, each contain a CNNR formed by a neural network with single layer, and followed by a set of non-linear functions. The MDC is implemented with two variants of width, i.e., 512 and 1024 bits. We tested our proposed scheme against the different cryptanalytic attacks. In fact, we evaluated the key and the message sensitivity, the collision resistance analysis and the diffusion effect. Additionally, we tested our proposed AEADS using the different statistical tests such as NIST, Histogram, chi-square, entropy, and correlation analysis. The experimental results obtained on the security performance of the proposed AEADS system are notable and the proposed system can then be used to protect data and authenticate their sources.",Unclassified,0.0
,KEOD,"Using the Unified Foundational Ontology (UFO) for Grounding Legal Domain Ontologies.
M El Ghosh, H Abdulrab, H Naja, M Khalil - KEOD, 2017
Cited by 6 Related articles All 6 versions",2017/11/1,,https://www.scitepress.org/Papers/2017/65073/65073.pdf,,,,219-225,"signal processing, detection, classification, Biomedical signals, Neurology",Cited by 6,Mohamad KHALIL,,,Using the Unified Foundational Ontology (UFO) for Grounding Legal Domain Ontologies.,,,,https://scholar.google.com/citations?view_op=view_citation&hl=en&user=0DzJpLQAAAAJ&cstart=100&pagesize=100&citation_for_view=0DzJpLQAAAAJ:MAUkC_7iAq8C,,,"Mirna El Ghosh, Habib Abdulrab, Hala Naja, Mohamad Khalil","In this paper, the concept of ontology-driven conceptual modelling is outlined where grounding a modular legal domain ontology in the unified foundational ontology UFO is overviewed. The domain ontology is modularized in four independent modules. The top ontology modules are discussed in this work: upper and core. The ontology modelling language OntoUML is used for the conceptual modelling process.",signal processing,0.2
,2016 IEEE International Multidisciplinary Conference on Engineering Technology (IMCET),"Modified fuzzy c-means combined with neural network based fault diagnosis approach for a distillation column
A Daher, Y Chetouani, G Hoblos, M Khalil - 2016 IEEE International Multidisciplinary Conference …, 2016
Cited by 6 Related articles All 2 versions",2016/11/2,,,,,,185-190,"signal processing, detection, classification, Biomedical signals, Neurology",Cited by 6,Mohamad KHALIL,,,Modified fuzzy c-means combined with neural network based fault diagnosis approach for a distillation column,,,,https://scholar.google.com/citations?view_op=view_citation&hl=en&user=0DzJpLQAAAAJ&cstart=100&pagesize=100&citation_for_view=0DzJpLQAAAAJ:7Hz3ACDFbsoC,,IEEE,"Alaa Daher, Yahya Chetouani, Ghaleb Hoblos, Mohamad Khalil","This work aims to propose a reliable method that can be used in the steady-state regime of a nonlinear procedure. Such method should be able to distinguish between normal and abnormal operations. Moreover, we propose a modified procedure of the fuzzy c-means clustering method (MFCM) that can be used in place of classical features extraction and selection step. MFCM calculates the percent variation between two clustered classes i.e., normal and faulty modes. This step is followed by the application of artificial neural network (ANN) classifier. Then, this methodology is tested on real experimental data obtained from the distillation column, in order to capture and diagnose the faults that may occur during the automated continuous distillation process. The aim of using MFCM is to decrease the calculation time and increase the performance of the classifier. The results of the proposed method confirm the ability …",classification,0.4
,2015 International Conference on Advances in Biomedical Engineering (ICABME),"SimNet: A new algorithm for measuring brain networks similarity
A Mheich, M Hassan, F Wendling, M Khalil, O Dufor… - 2015 International Conference on Advances in …, 2015
Cited by 6 Related articles All 7 versions",2015/9/16,,https://www.academia.edu/download/99458329/2015-ICABME.pdf,,,,119-122,"signal processing, detection, classification, Biomedical signals, Neurology",Cited by 6,Mohamad KHALIL,,,SimNet: A new algorithm for measuring brain networks similarity,,,,https://scholar.google.com/citations?view_op=view_citation&hl=en&user=0DzJpLQAAAAJ&cstart=100&pagesize=100&citation_for_view=0DzJpLQAAAAJ:mWEH9CqjF64C,,IEEE,"Ahmad Mheich, Mahmoud Hassan, Fabrice Wendling, Mohammad Khalil, Olivier Dufor, Vincent Gripon, Claude Berrou","Measuring similarity among graphs is recognized as a non-trivial problem. Most of the algorithms proposed so far ignore the spatial location of vertices, which is a crucial factor in the context of brain networks. In this paper, we present a novel algorithm, called “SimNet”, for measuring the similarity between two graphs whose vertices represent the position of sources over the cortex. The novelty is to account for differences at the level of spatially-registered vertices and edges. Simulated graphs are used to evaluate the algorithm performance and to compare it with methods reported elsewhere. Results show that SimNet is able to quantify the similarity between two graphs under a spatial constraint based on the 3D location of edges. The application of SimNet on real data (dense EEG) reveals the presence of spatially-different brain networks modules activating during cognitive activity.",Unclassified,0.0
,Journées RITS 2015,"Comparison of Feature selection for Monopolar and Bipolar EHG signal
D Alamadine, M Khalil, C Marque - Journées RITS 2015, 2015
Cited by 6 Related articles All 5 versions",2015/3/25,,,,,,pp 100-101,"signal processing, detection, classification, Biomedical signals, Neurology",Cited by 6,Mohamad KHALIL,,,Comparison of Feature selection for Monopolar and Bipolar EHG signal,,,,https://scholar.google.com/citations?view_op=view_citation&hl=en&user=0DzJpLQAAAAJ&cstart=100&pagesize=100&citation_for_view=0DzJpLQAAAAJ:tH6gc1N1XXoC,,,"Dima Alamadine, Mohamad Khalil, Catherine Marque","Different categories of features have been extracted from the uterine Electrohysterography Signal (EHG), in order to find specific useful information that can be used to classify between labor and pregnancy contractions. The selection of pertinent features is very important to solve classification problem. In our study we selected 26 features (linear, nonlinear and features related to the EHG propagation) extracted from the literature. In this paper we present two feature selection methods. The first one is a filter method named F-score. The second one is a wrapper method named Genetic algorithm. The aim of this paper is to compare the results of feature selection methods and classification obtained by using monopolar and then bipolar EHG signals.",classification,0.605
,,"Physiological and biomechanical approach for human finger movement: Modeling, simulation and experimental validation
S Allouch, R Younes, S Boudaoud, M Khalil - Journal of Mechanics in Medicine and Biology, 2014
Cited by 6 Related articles All 4 versions",2014/6/10,14.0,https://www.researchgate.net/profile/Rafic-Younes/publication/260192038_Physiological_and_biomechanical_approach_for_human_finger_movement_Modeling_simulation_and_experimental_validation/links/00463531b46b4398df000000/Physiological-and-biomechanical-approach-for-human-finger-movement-Modeling-simulation-and-experimental-validation.pdf,,,,1450040,"signal processing, detection, classification, Biomedical signals, Neurology",Cited by 6,Mohamad KHALIL,,,"Physiological and biomechanical approach for human finger movement: Modeling, simulation and experimental validation",,Journal of Mechanics in Medicine and Biology,,https://scholar.google.com/citations?view_op=view_citation&hl=en&user=0DzJpLQAAAAJ&cstart=100&pagesize=100&citation_for_view=0DzJpLQAAAAJ:5qfkUJPXOUwC,03,World Scientific Publishing Company,"Samar Allouch, Rafic Younes, Sofiane Boudaoud, Mohamad Khalil","The work presented in this paper deals with the description of an analytic modeling of the neuromusculoskeletal system responsible for the finger movement. This simulation task is complex due to the interacting processes (physiological and biomechanical) represented by muscles, joints and bones. In this study, we focused on the presentation of a complete model for the finger motion decomposed in quasi-static positions. In fact, this model can be considered as a preliminary step before dynamic modeling. The proposed model is composed of several compartments: biomechanical finger model, mechanical muscle model and muscle/neural activation model. The main objective of this study is to estimate, by inverse procedure, the muscle forces, muscle activations and neural activations that are responsible for generating a given finger movement decomposed in successive quasi-static positions. The anatomical …",signal processing,0.2
,2013 2nd International Conference on Advances in Biomedical Engineering,"CIMOR: An automatic segmentation to extract bone tissue in hand x-ray images
K El Soufi, Y Kabbara, A Shahin, M Khalil, A Nait-Ali - 2013 2nd International Conference on Advances in …, 2013
Cited by 6 Related articles All 2 versions",2013/9/11,,https://www.researchgate.net/profile/Yeihya-Kabbara/publication/260955777_CIMOR_An_Automatic_Segmentation_To_Extract_Bone_Tissue_in_Hand_X-Ray_Images/links/55aa248208aea99467225526/CIMOR-An-Automatic-Segmentation-To-Extract-Bone-Tissue-in-Hand-X-Ray-Images.pdf,,,,171-174,"signal processing, detection, classification, Biomedical signals, Neurology",Cited by 6,Mohamad KHALIL,,,CIMOR: An automatic segmentation to extract bone tissue in hand x-ray images,,,,https://scholar.google.com/citations?view_op=view_citation&hl=en&user=0DzJpLQAAAAJ&cstart=100&pagesize=100&citation_for_view=0DzJpLQAAAAJ:yqoGN6RLRZoC,,IEEE,"Karim El Soufi, Yeihya Kabbara, Ahmad Shahin, Mohamad Khalil, Amine Nait-Ali","This paper presents a new method to segment bone tissue in an x-ray images. The proposed method is completely automatic. First of all, it enhances the contrast of the grayscale image using contrast-limited adaptive histogram equalization. Afterwards, the image intensity values are further modified by removing the background and soft tissue. Then a series of morphological operators, a opening-by-reconstruction followed by a closing-by-reconstruction, are applied to enhance the image by defining foreground objects and clean up the image. Finally holes are filled to preserve the bone structure.",Unclassified,0.0
,2012 2nd International Conference on Advances in Computational Tools for Engineering Applications (ACTEA),"Heart rate variability (HRV) analysis using DSP for the detection of myocardial infarction
F Zakaria, M Khalil - 2012 2nd International Conference on Advances in …, 2012
Cited by 6 Related articles All 4 versions",2012/12/12,,https://www.researchgate.net/profile/Firas-Zakaria/publication/258337867_Heart_Rate_Variability_HRV_Analysis_Using_DSP_For_The_Detection_Of_Myocardial_Infarction/links/02e7e527de31034bdc000000/Heart-Rate-Variability-HRV-Analysis-Using-DSP-For-The-Detection-Of-Myocardial-Infarction.pdf,,,,15-19,"signal processing, detection, classification, Biomedical signals, Neurology",Cited by 6,Mohamad KHALIL,,,Heart rate variability (HRV) analysis using DSP for the detection of myocardial infarction,,,,https://scholar.google.com/citations?view_op=view_citation&hl=en&user=0DzJpLQAAAAJ&cstart=100&pagesize=100&citation_for_view=0DzJpLQAAAAJ:k8Z6L05lTy4C,,IEEE,"Firas Zakaria, Mohamad Khalil","Spectral analysis of heart rate fluctuations are commonly used as quantitative and non-invasive techniques for the study of short-term cardiovascular control functions. Such fluctuations contain key information relating to sympathetic and parasympathetic activity within the cardiovascular control system. This employs ECG complexes to determine the R-wave occurrences and IBI interval lengths. It has been shown that the variations in the interbeat interval time series show key frequency-specific properties. This work demonstrates high precision algorithms (Matlab and MikroC algorithms) and a state of the art “interpolation process”, to accurately detect R-points and translate them into uniformly sampled signals. Power Spectrum analysis of HRV signals has shown distinct differences between MI patients versus normal subjects. This provides the opportunity to quantify ANS imbalances, leading to distinct classification …",detection,0.604
,2012 Annual International Conference of the IEEE Engineering in Medicine and Biology Society,"Cross-correlation analysis of multichannel uterine EMG signals
R Halabi, MO Diab, B Moslem, M Khalil, C Marque - 2012 Annual International Conference of the IEEE …, 2012
Cited by 6 Related articles All 4 versions",2012/8/28,,https://www.academia.edu/download/69373268/Cross-correlation_analysis_of_multichann20210911-32473-ckb61y.pdf,,,,3106-3109,"signal processing, detection, classification, Biomedical signals, Neurology",Cited by 6,Mohamad KHALIL,,,Cross-correlation analysis of multichannel uterine EMG signals,,,,https://scholar.google.com/citations?view_op=view_citation&hl=en&user=0DzJpLQAAAAJ&cstart=100&pagesize=100&citation_for_view=0DzJpLQAAAAJ:8d8msizDQcsC,,IEEE,"Ramzi Halabi, Mohamad O Diab, Bassam Moslem, Mohamad Khalil, Catherine Marque","The prevention of preterm labor remains one of the primary goals of obstetric research. One way to achieve this goal effectively is to understand the mechanisms regulating the uterine contractility. Herein, we evaluate the correlation between uterine electrical activities recorded from spatially-distributed regions by calculating the nonlinear regression coefficient. Results have shown that, during pregnancy, the degree of interdependence between signals is very high whereas, at labor, the correlation between the signals decreases remarkably. We conclude that pregnancy is characterized by the presence of few local potential sources dominating the other sources while at the onset of labor, the number of these sources increases remarkably which affects therefore the correlation between the signals.",biomedical signals,0.205
,,"Assessing HD-EEG functional connectivity states using a human brain computational model
J Tabbal, A Kabbara, M Yochum, M Khalil, M Hassan… - Journal of Neural Engineering, 2022
Cited by 5 Related articles All 7 versions",2022/10/11,19.0,https://www.biorxiv.org/content/biorxiv/early/2022/06/10/2021.10.14.464481.full.pdf,,,,056032,"signal processing, detection, classification, Biomedical signals, Neurology",Cited by 5,Mohamad KHALIL,,,Assessing HD-EEG functional connectivity states using a human brain computational model,,Journal of Neural Engineering,,https://scholar.google.com/citations?view_op=view_citation&hl=en&user=0DzJpLQAAAAJ&cstart=100&pagesize=100&citation_for_view=0DzJpLQAAAAJ:BOlwja0KXvYC,5,IOP Publishing,"Judie Tabbal, Aya Kabbara, Maxime Yochum, Mohamad Khalil, Mahmoud Hassan, Pascal Benquet","Objective
Electro/Magnetoencephalography (EEG/MEG) source-space network analysis is increasingly recognized as a powerful tool for tracking fast electrophysiological brain dynamics. However, an objective and quantitative evaluation of pipeline steps is challenging due to the lack of realistic'controlled'data. Here, our aim is two-folded:(a) provide a quantitative assessment of the advantages and limitations of the analyzed techniques and (b) introduce (and share) a complete framework that can be used to optimize the entire pipeline of EEG/MEG source connectivity.
Approach
We used a human brain computational model containing both physiologically based cellular GABAergic and Glutamatergic circuits coupled through Diffusion Tensor Imaging, to generate high-density EEG recordings. We designed a scenario of successive gamma-band oscillations in distinct cortical areas to emulate a virtual picture-naming …",Unclassified,0.0
,,"Toward bio-kinematic for secure use of rehabilitation exoskeleton
J Charafeddine, D Pradon, S Alfayad, S Chevallier… - Computer Methods in Biomechanics and Biomedical …, 2019
Cited by 5 Related articles All 5 versions",2019/5/1,22.0,https://www.tandfonline.com/doi/full/10.1080/10255842.2020.1714968,,,,S424-S426,"signal processing, detection, classification, Biomedical signals, Neurology",Cited by 5,Mohamad KHALIL,,,Toward bio-kinematic for secure use of rehabilitation exoskeleton,,Computer Methods in Biomechanics and Biomedical Engineering,,https://scholar.google.com/citations?view_op=view_citation&hl=en&user=0DzJpLQAAAAJ&cstart=100&pagesize=100&citation_for_view=0DzJpLQAAAAJ:unp9ATQDT5gC,sup1,Taylor & Francis,"J Charafeddine, D Pradon, S Alfayad, Sylvain Chevallier, M Khalil","Neurological lesions cause spasticity, which leads to movement disorders, as in celebrity palsy (CP) or stroke (S). These patients could benefit from the most advanced rehabilitation techniques, such as mechatronic systems and exoskeletons. Unfortunately, these systems face a control problem when dealing with movement disorders. An ideal control strategy is to follow a co-robotic approach where the patient and the exoskeleton collaborate to complete a task. The control should detect the patient intention, capture his variability, ensure the stability, characterize the deviation induced by a change of speed in the movement (Pons 2010). To provide this collaboration, the first challenge is to determine the specific admissible range for each joint, then to optimize the movement amplitude that avoids the patient pain. Regarding the two control methods described in the literature, either the control using impedance or …",detection,0.4
,,"Automatic Monodimensional EHG Contractions' Segmentation
A Zaylaa, A Diab, M Khalil, C Marque - The international Arab journal of information …, 2019
Cited by 5 Related articles All 11 versions",2019,16.0,https://hal.science/hal-02431272v1/file/AZayla_2019.pdf,,,,609-615,"signal processing, detection, classification, Biomedical signals, Neurology",Cited by 5,Mohamad KHALIL,,,Automatic Monodimensional EHG Contractions' Segmentation,,The international Arab journal of information technology,,https://scholar.google.com/citations?view_op=view_citation&hl=en&user=0DzJpLQAAAAJ&cstart=100&pagesize=100&citation_for_view=0DzJpLQAAAAJ:k_7cPK9k7w8C,3A,,"Amer Zaylaa, Ahmad Diab, Mohamad Khalil, Catherine Marque","Until recently, many studies have been achieved for the sake of automatically segmentation of the Electrohysterogram (EHG) in order to identify the efficient uterine contractions but the most of them encountered the presence of other events such as motion artifacts and other kind of contractions despite of the use of efficient filtering methods. In this study, we apply an online method which is developed previously and known by Dynamic Cumulative Sum (DCS) on monopolar EHG signals acquired through a 4x4 electrodes matrix with and without Canonical Correlation Analysis and Empirical Mode Decomposition (CCA-EMD) denoising method, then on monopolar EHG after wavelet decomposition. The detected segments are driven through an automatic concatenation technique of detected event time from all channels in order to reduce the unwanted segments, the obtained segments then undergo to implemented Margin validation test in order to classify among them. Sensitivity of detected contractions and other detected events rate referring to identified contractions by expert have been calculated in order to track the efficiency of the fully automated multichannel segmentation method. Additional EHG filtering techniques like CCA-EMD method seems to be better but effective time cost. Further studies should be achieved in order to decreasing the other events rate for the sake of fully identifying the uterine contractions.",detection,0.4
,,"Design and implementation of robust Keyed Hash functions based on Chaotic Neural Network
N Abdoun, S El Assad, R Assaf, O Déforges, M Khalil… - 2018
Cited by 5 Related articles",2018,,,,,,,"signal processing, detection, classification, Biomedical signals, Neurology",Cited by 5,Mohamad KHALIL,,,Design and implementation of robust Keyed Hash functions based on Chaotic Neural Network,,,,https://scholar.google.com/citations?view_op=view_citation&hl=en&user=0DzJpLQAAAAJ&cstart=100&pagesize=100&citation_for_view=0DzJpLQAAAAJ:BrOSOlqYqPUC,,,"Nabil Abdoun, Safwan El Assad, Rima Assaf, Olivier Déforges, Mohamad Khalil, Safya Belghith","Due to the important properties of Chaos and Neural Networks, such as non-linearity, confusion, diffusion, one-way and parallel implementation, nowadays, Keyed Chaotic Neural Network (KCNN) is used to design new cryptographic hash functions. These hash functions are used to provide message integrity, authentication and digital signature. In our thesis, we designed and implemented two structures of KCNN: the first one is based on Merkle-Dåmgard construction and the second one is based on Sponge function, used by the standards SHA-2 and SHA-3, respectively. For the first structure, we proposed two architectures, each includes three output schemes namely: Matyas-Meyer-Oseas (MMO), Modified Matyas-Meyer-Oseas (MMMO) and Miyaguchi-Preneel (MP). The first architecture is based on two-layer neural network and the second one is based on one layer neural network followed by a combination of nonlinear functions. For these two proposed architectures, the length of hash value is 256 bits. For the second structure, we also proposed two similar architectures as structure 1, with length of hash value equal to 256 and 512 bits, respectively. The theoretical analysis and the obtained experimental performances demonstrate the robustness and efficiency of our proposed structures in terms of Collision Resistance, Message Sensitivity, Key Sensitivity, Diffusion effect, Hash throughput and Immunity against many attacks compared to other proposed CNN hash functions in the literature as well as the standard SHA-2.",signal processing,0.2
,2016 38th Annual International Conference of the IEEE Engineering in Medicine and Biology Society (EMBC),"Computational modeling of high frequency oscillations recorded with clinical intracranial macroelectrodes
M Shamas, P Benquet, I Merlet, W El Falou, M Khalil… - 2016 38th Annual International Conference of the IEEE …, 2016
Cited by 5 Related articles All 5 versions",2016/8/16,,,,,,1014-1017,"signal processing, detection, classification, Biomedical signals, Neurology",Cited by 5,Mohamad KHALIL,,,Computational modeling of high frequency oscillations recorded with clinical intracranial macroelectrodes,,,,https://scholar.google.com/citations?view_op=view_citation&hl=en&user=0DzJpLQAAAAJ&cstart=100&pagesize=100&citation_for_view=0DzJpLQAAAAJ:ALROH1vI_8AC,,IEEE,"Mohamad Shamas, Pascal Benquet, Isabelle Merlet, Wassim El Falou, Mohamad Khalil, Fabrice Wendling","High Frequency Oscillations (HFOs) are a potential biomarker of epileptogenic regions. They have been extensively investigated in terms of automatic detection, classification and feature extraction. However, the mechanisms governing the generation of HFOs as well as the observability conditions on clinical intracranial macroelectrodes remain elusive. In this paper, we propose a novel physiologically-relevant macroscopic model for accurate simulation of HFOs as invasively recorded in epileptic patients. This model accounts for both the temporal and spatial properties of the cortical patch at the origin of epileptiform activity. Indeed, neuronal populations are combined with a 3D geometrical representation to simulate an extended epileptic source. Then, by solving the forward problem, the contributions of neuronal population signals are projected onto intracerebral electrode contacts. The obtained signals are …",detection,0.604
,,"Graph analysis of spontaneous brain network using EEG source connectivity
A Kabbara, WE Falou, M Khalil, F Wendling, M Hassan - arXiv preprint arXiv:1607.00952, 2016
Cited by 5 Related articles All 3 versions",2016/7/4,,https://arxiv.org/pdf/1607.00952,,,,,"signal processing, detection, classification, Biomedical signals, Neurology",Cited by 5,Mohamad KHALIL,,,Graph analysis of spontaneous brain network using EEG source connectivity,,arXiv preprint arXiv:1607.00952,,https://scholar.google.com/citations?view_op=view_citation&hl=en&user=0DzJpLQAAAAJ&cstart=100&pagesize=100&citation_for_view=0DzJpLQAAAAJ:buQ7SEKw-1sC,,,"Aya Kabbara, Wassim El Falou, Mohamad Khalil, Fabrice Wendling, Mahmoud Hassan","Exploring the human brain networks during rest is a topic of great interest. Several structural and functional studies have previously been conducted to study the intrinsic brain networks. In this paper, we focus on investigating the human brain network topology using dense Electroencephalography (EEG) source connectivity approach. We applied graph theoretical methods on functional networks reconstructed from resting state data acquired using EEG in 14 healthy subjects. Our findings confirmed the existence of sets of brain regions considered as functional hubs. In particular, the isthmus cingulate and the orbitofrontal regions reveal high levels of integration. Results also emphasize on the critical role of the default mode network (DMN) in enabling an efficient communication between brain regions.",Unclassified,0.0
International Workshop on AI Approaches to the Complexity of Legal Systems,,"Application of ontology modularization for building a criminal domain ontology
M El Ghosh, H Naja, H Abdulrab, M Khalil - International Workshop on AI Approaches to the …, 2015
Cited by 5 Related articles All 3 versions",2015/12/12,,,,,,394-409,"signal processing, detection, classification, Biomedical signals, Neurology",Cited by 5,Mohamad KHALIL,,,Application of ontology modularization for building a criminal domain ontology,,,,https://scholar.google.com/citations?view_op=view_citation&hl=en&user=0DzJpLQAAAAJ&cstart=100&pagesize=100&citation_for_view=0DzJpLQAAAAJ:Dem6FJhTUoYC,,Springer International Publishing,"Mirna El Ghosh, Hala Naja, Habib Abdulrab, Mohamad Khalil","The Ontology modularization is an essential field in the ontology engineering domain helping to reduce the complexity and the difficulties of building, reusing, managing and reasoning on domain ontologies either by applying partitioning or composition approaches. This paper carries out a survey on ontology modularization and presents a modular approach to build criminal modular domain ontology (CriMOnto) for modelling the legal norms of the Lebanese criminal system. CriMOnto, which will be used later for a legal reasoning system, is composed of four independent modules. The modules will be combined together to compose the whole ontology.",Unclassified,0.0
,Journées RITS 2015,"From EHG signals to graphs: A new method for predicting premature birth.
N Nader, M Hassan, M Khalil, C Marque, W Falou - Journées RITS 2015, 2015
Cited by 5 Related articles All 8 versions",2015/3/25,,,,,,pp 182-183,"signal processing, detection, classification, Biomedical signals, Neurology",Cited by 5,Mohamad KHALIL,,,From EHG signals to graphs: A new method for predicting premature birth.,,,,https://scholar.google.com/citations?view_op=view_citation&hl=en&user=0DzJpLQAAAAJ&cstart=100&pagesize=100&citation_for_view=0DzJpLQAAAAJ:GFxP56DSvIMC,,,"Noujoud Nader, Mahmoud Hassan, Mohamad Khalil, Catherine Marque, Wassim Falou","The objective of this paper is to present the framework of an advanced approach aiming at characterizing the electrohysterographic (EHG) signals recorded during pregnancy and labor. The approach is based on the analysis of the propagation of the uterine electrical activity. The processing include i) the estimation of the statistical independences between the recorded EHG signals, ii) the characterization of the obtained connectivity matrices using network measures (graph-theory based analysis) and iii) the use of these measures in clinical application: the classification of signals recorded during pregnancy and labor. However, a number of methodological questions are still open regarding the optimal way to process the data in order to achieve the clinical application. In this abstract we tackle one of these issues related to the connectivity methods to be used in order to produce the connectivity matrices. We evaluate more than one method using a physiological uterine EMG model developed recently in our team.",classification,0.604
,"Pattern Recognition and Image Analysis: 7th Iberian Conference, IbPRIA 2015, Santiago de Compostela, Spain, June 17-19, 2015, Proceedings 7","Dimension reduction of hyperspectral image with rare event preserving
J Khoder, R Younes, H Obeid, M Khalil - Pattern Recognition and Image Analysis: 7th Iberian …, 2015
Cited by 5 Related articles All 3 versions",2015,,https://www.researchgate.net/profile/Jihan-Khoder/publication/298213912_Dimension_Reduction_of_Hyperspectral_Image_with_Rare_Event_Preserving/links/56e70ffa08ae4c354b1a6130/Dimension-Reduction-of-Hyperspectral-Image-with-Rare-Event-Preserving.pdf,,,,621-629,"signal processing, detection, classification, Biomedical signals, Neurology",Cited by 5,Mohamad KHALIL,,,Dimension reduction of hyperspectral image with rare event preserving,,,,https://scholar.google.com/citations?view_op=view_citation&hl=en&user=0DzJpLQAAAAJ&cstart=100&pagesize=100&citation_for_view=0DzJpLQAAAAJ:yMeIxYmEMEAC,,Springer International Publishing,"Jihan Khoder, Rafic Younes, Hussein Obeid, Mohamad Khalil","Rare events can potentially occur in many applications, particularly in hyperspectral image analysis. In this work, we focus on the rare event preservation rate of the different dimension reduction approaches. The objective is to test whether the rare event is preserved after dimension reduction, or not. This paper introduced an improvement on the principal component analysis method (PCA) with added constraint related based on the Chi2 density function to rare event preservation, it was shown that the performance of the new method is better on the reduced image tested on natural hyperspectral images. Then we must use the constrained dimension reduction method for the rare event to be preserved. Given these results, we believe that it is very important to integrate this constraint to all the other dimension reduction methods, and then compare the potential contributions of information losses.",Unclassified,0.0
,2013 IEEE International Conference on Multimedia and Expo Workshops (ICMEW),"Efficient depth map compression exploiting correlation with texture data in multiresolution predictive image coders
K Samrouth, O Deforges, Y Liu, F Pasteau, M Khalil… - 2013 IEEE International Conference on Multimedia and …, 2013
Cited by 5 Related articles All 10 versions",2013/7/15,,https://nantes-universite.hal.science/hal-00881063/file/W16.pdf,,,,1-6,"signal processing, detection, classification, Biomedical signals, Neurology",Cited by 5,Mohamad KHALIL,,,Efficient depth map compression exploiting correlation with texture data in multiresolution predictive image coders,,,,https://scholar.google.com/citations?view_op=view_citation&hl=en&user=0DzJpLQAAAAJ&cstart=100&pagesize=100&citation_for_view=0DzJpLQAAAAJ:SpbeaW3--B0C,,IEEE,"Khouloud Samrouth, Olivier Deforges, Yi Liu, François Pasteau, Mohamad Khalil, Wassim Falou","New 3D applications such as 3DTV and FVV require not only a large amount of data, but also high-quality visual rendering. Based on one or several depth maps, intermediate views can be synthesized using a depth image-based rendering technique. Many compression schemes have been proposed for texture-plus-depth data, but the exploitation of the correlation between the two representations in enhancing compression performances is still an open research issue. In this paper, we present a novel compression scheme that aims at improving the depth coding using a joint depth/texture coding scheme. This method is an extension of the LAR (Locally Adaptive Resolution) codec, initially designed for 2D images. The LAR coding framework provides a lot of functionalities such as lossy/lossless compression, low complexity, resolution and quality scalability and quality control. Experimental results address both …",Unclassified,0.0
,"2010 IEEE International Conference on Systems, Man and Cybernetics","Input—Output Classification Mapping for the fault detection, identification and accommodation
M Barakat, D Lefebvre, M Khalil, O Mustapha, F Druaux - 2010 IEEE International Conference on Systems, Man …, 2010
Cited by 5 Related articles All 3 versions",2010/10/10,,https://www.academia.edu/download/45858645/icsmc.2010.564176320160522-32224-1qi3e9d.pdf,,,,403-410,"signal processing, detection, classification, Biomedical signals, Neurology",Cited by 5,Mohamad KHALIL,,,"Input—Output Classification Mapping for the fault detection, identification and accommodation",,,,https://scholar.google.com/citations?view_op=view_citation&hl=en&user=0DzJpLQAAAAJ&cstart=100&pagesize=100&citation_for_view=0DzJpLQAAAAJ:WZBGuue-350C,,IEEE,"Mustapha Barakat, Dimitri Lefebvre, Mohamad Khalil, Oussama Mustapha, Fabrice Druaux","Early detection and isolation of faults can help avoid major system breakdowns. This paper presents a non parametric fault diagnosis method to detect and isolate faults in industrial environment. The proposed Input Output Classification Mapping (IOCM) algorithm is based on mapping the input parameters from Gaussian hidden layer functions of an RBF neural network to an output layer. In result the input data of each situation is clustered in a specific surface so every machine state, whether it is normal or faulty it will be represented with its own output layer. Parameters are extracted from input signals or input sub-signals after applying wavelet decomposition and then classified using IOCM. The two techniques before and after decomposition are applied on mechanical system and Tennessee Eastman Challenge Process (TECP) chemical reactor to detect and identify the faults.",detection,0.604
,,"DWT to classify automatically the placental tissues development: neural network approach
M Ayache, M Khalil, F Tranquart - Journal of Computer Science, 2010
Cited by 5 Related articles",2010,6.0,,,,,634,"signal processing, detection, classification, Biomedical signals, Neurology",Cited by 5,Mohamad KHALIL,,,DWT to classify automatically the placental tissues development: neural network approach,,Journal of Computer Science,,https://scholar.google.com/citations?view_op=view_citation&hl=en&user=0DzJpLQAAAAJ&cstart=100&pagesize=100&citation_for_view=0DzJpLQAAAAJ:PVjk1bu6vJQC,6,,"Mohammad Ayache, Mohamad Khalil, Francois Tranquart",,classification,0.4
,,"Fault detection algorithm based on filters bank derived from wavelet packets
O Mustapha, M Khalil, G Hoblos, H Chafouk… - Robotics, Automation and Control, I-Tech, 2008
Cited by 5 Related articles All 5 versions",2008/10/1,,https://www.academia.edu/download/103564063/external_content.pdf,,,,183-204,"signal processing, detection, classification, Biomedical signals, Neurology",Cited by 5,Mohamad KHALIL,,,Fault detection algorithm based on filters bank derived from wavelet packets,,"Robotics, Automation and Control, I-Tech",,https://scholar.google.com/citations?view_op=view_citation&hl=en&user=0DzJpLQAAAAJ&cstart=100&pagesize=100&citation_for_view=0DzJpLQAAAAJ:GtLg2Ama23sC,,,"Oussama Mustapha, Mohamad Khalil, Ghaleb Hoblos, Houcine Chafouk, Dimitri Lefebvre","The fault detection and isolation (FDI) are of particular importance in industry. In fact, the early fault detection in industrial systems can reduce the personal damages and economical losses. Basically, model-based and data-based methods can be distinguished. Model-based techniques require a sufficiently accurate mathematical model of the process and compare the measured data with the estimations provided by the model in order to detect and isolate the faults that disturb the process. Parity space approach, observers design and parameters estimators are well known examples of model-based methods (Patton et al, 2000),(Zwingelstein, 1995),(Blanke et al., 2003),(Maquin & Ragot, 2000). In contrast, data-based methods require a lot of measurements and can also be divided into signal processing methods and artificial intelligence approaches. Many researchers have performed fault detection by using vibration analysis for mechanical systems, or current and voltage signature analysis for electromechanical systems (Awadallah & Morcos 2003),(Benbouzid et al., 1999). Other researchers use the artificial intelligence (AI) tools for faults diagnosis (Awadallah & Morcos 2003) and the frequency methods for faults detection and isolation (Benbouzid et al., 1999). This study continues our research in frequency domain, concerning fault detection by means of filters bank (Mustapha et al-a, 2007),(Mustapha et al-b, 2007). The aim of this article is to propose a method for the on-line detection of changes applied after a modeling of the original signal. This modeling is based on a filters bank decomposition that is needed to explore the frequency and …",signal processing,0.606
,2019 Fifth International Conference on Advances in Biomedical Engineering (ICABME),"Neuromotor strategy of gait rehabilitation for lower-limb spasticity
J Charafeddine, D Pradon, S Chevallier, S Alfayad… - 2019 Fifth International Conference on Advances in …, 2019
Cited by 4 Related articles All 6 versions",2019/10/17,,https://uvsq.hal.science/hal-02541681/document,,,,1-4,"signal processing, detection, classification, Biomedical signals, Neurology",Cited by 4,Mohamad KHALIL,,,Neuromotor strategy of gait rehabilitation for lower-limb spasticity,,,,https://scholar.google.com/citations?view_op=view_citation&hl=en&user=0DzJpLQAAAAJ&cstart=100&pagesize=100&citation_for_view=0DzJpLQAAAAJ:tHtfpZlB6tUC,,IEEE,"Jinan Charafeddine, Didier Pradon, Sylvain Chevallier, Samer Alfayad, Mohamad Khalil","Assisting users and restoring human locomotion for patients with lower limb spasticity is a challenging task. Studies on gait disorders are rare where there is an important variability in movement parameters between patients. Those patients could benefit the most from rehabilitation and assistive mechatronic devices; there is no generic controlling scheme or any dynamical gain indicator. This contribution introduces a bio-kinematic index which is called Neuro-motor index (NMI), based on electromyographic (EMG) and joint angles measurements. NMI is derived from the nonlinear regression with a combination of two co-contraction indices (CCI), which allows addressing the variability of walking situations. This new index is evaluated on patients with cerebral palsy and a stroke. Then, the estimation error was calculated in comparison with the other co-contraction indices. This estimation shows that this index has the …",neurology,0.4
,2019 Fifth International Conference on Advances in Biomedical Engineering (ICABME),"ADC maps texture analysis for the evaluation of kidney function: a preliminary study
I Alnazer, P Bourdon, T Urruty, C Guillevin, M Naudin… - 2019 Fifth International Conference on Advances in …, 2019
Cited by 4 Related articles All 2 versions",2019/10/17,,,,,,1-4,"signal processing, detection, classification, Biomedical signals, Neurology",Cited by 4,Mohamad KHALIL,,,ADC maps texture analysis for the evaluation of kidney function: a preliminary study,,,,https://scholar.google.com/citations?view_op=view_citation&hl=en&user=0DzJpLQAAAAJ&cstart=100&pagesize=100&citation_for_view=0DzJpLQAAAAJ:AYInfyleIOsC,,IEEE,"Israa Alnazer, Pascal Bourdon, Thierry Urruty, Carole Guillevin, Mathieu Naudin, Mohamad Khalil, Ahmad Shahin, Omar Falou, Christine Fernandez-Maloigne","Assessment of renal microstructure and function non-invasively, has an important role in monitoring and predicting chronic kidney disease (CKD). The goal of this study is to differentiate healthy and CKD patients using texture analysis. Apparent diffusion coefficient (ADC) maps were generated from diffusion weighted magnetic resonance images (DWI), from which statistical and wavelet-transform based texture parameters were extracted. The results of this preliminary study indicated that chronic kidney disease affects texture parameters. The correlation and the energy of wavelet coefficient in “low-high” energy components in the third wavelet decomposition level were found to be the best textural predictors of kidney dysfunction.",Unclassified,0.0
,2019 Fifth International Conference on Advances in Biomedical Engineering (ICABME),"Pregnancy Labor classification using neural network based analysis
KB El Dine, C Marque, N Nader, W Falou, M Khalil - 2019 Fifth International Conference on Advances in …, 2019
Cited by 4 Related articles All 2 versions",2019/10/17,,,,,,1-4,"signal processing, detection, classification, Biomedical signals, Neurology",Cited by 4,Mohamad KHALIL,,,Pregnancy Labor classification using neural network based analysis,,,,https://scholar.google.com/citations?view_op=view_citation&hl=en&user=0DzJpLQAAAAJ&cstart=100&pagesize=100&citation_for_view=0DzJpLQAAAAJ:isU91gLudPYC,,IEEE,"Kamil Bader El Dine, Catherine Marque, Noujoud Nader, Wassim Falou, Mohamad Khalil","Preterm labor (PL) is a major health issue worldwide. In this paper, we present a new framework to deal with this problem through processing of the electrohysterographic (EHG) signals which are recorded during labor and pregnancy. This new method is based on the neural network analysis to enhance the classification between labor and pregnancy. The proposed pipeline includes; i) using 16 EHG signals recorded from pregnant women's abdomen; ii) Using network measures in order to characterize the connectivity matrices through graph-theory based analysis; iii) and classifying between labor and pregnancy contractions based on neural network methods. Results showed that the logistic regression method gives the best classification between pregnancy and labor. Neural network based analysis can be a beneficial tool to enhance the classification between labor and pregnancy EHG signals.",classification,0.605
,,"Performance of source imaging techniques of spatially extended generators of uterine activity
S Zahran, A Diab, RA Chowdhury, T Hedrich… - Informatics in Medicine Unlocked, 2019
Cited by 4 Related articles All 10 versions",2019/1/1,16.0,https://www.sciencedirect.com/science/article/pii/S2352914818302053,,,,100167,"signal processing, detection, classification, Biomedical signals, Neurology",Cited by 4,Mohamad KHALIL,,,Performance of source imaging techniques of spatially extended generators of uterine activity,,Informatics in Medicine Unlocked,,https://scholar.google.com/citations?view_op=view_citation&hl=en&user=0DzJpLQAAAAJ&cstart=100&pagesize=100&citation_for_view=0DzJpLQAAAAJ:UmS_249rOGwC,,Elsevier,"Saeed Zahran, Ahmad Diab, Rasheda Arman Chowdhury, Tanguy Hedrich, Mahmoud Hassan, Christophe Grova, Maxime Yochum, Mohamad Khalil, Catherine Marque","Preterm birth (PTB) is one of the most important complications in pregnancy. Reliable diagnosis means are lacking and the underlying physiological mechanisms are unclear. Determining the location of various correlated and simultaneously active uterus sources from abdominal ElectroHysterogram (EHG) recordings and extracting the corresponding uterus signals is a challenging problem. The use of the EHG for imaging the sources of the uterine electrical activity could be a new and powerful diagnosis technique. In this paper we compare the ability of six distributed source localization methods to recover extended sources of uterus activity from abdominal EHG. As no gold standard to evaluate source localization methods, exists, we perform our evaluation by using a well-controlled realistic simulations of EHG signals, involving several locations. Simulated data were corrupted by physiological EHG noise. The …",biomedical signals,0.204
,2018 IEEE 4th Middle East Conference on Biomedical Engineering (MECBME),"Source localization of uterine activity using maximum entropy on the mean approach
S Zahran, A Diab, M Khalil, C Marque - 2018 IEEE 4th Middle East Conference on Biomedical …, 2018
Cited by 4 Related articles All 2 versions",2018/3/28,,,,,,247-251,"signal processing, detection, classification, Biomedical signals, Neurology",Cited by 4,Mohamad KHALIL,,,Source localization of uterine activity using maximum entropy on the mean approach,,,,https://scholar.google.com/citations?view_op=view_citation&hl=en&user=0DzJpLQAAAAJ&cstart=100&pagesize=100&citation_for_view=0DzJpLQAAAAJ:oi2SiIJ9l4AC,,IEEE,"Saeed Zahran, Ahmad Diab, Mohamad Khalil, Catherine Marque","This study evaluates the ability of distributed source localization methods to accurately estimate the location of the sources as well as their sensitivity to the spatial extent of the sources when using EHG data. We use here realistic simulations of uterine electrical activity based on a realistically uterus shape and take into account 16 electrodes for simulated recorde EHG signal, A Data Driven Parcellization (DDP) method was used to segment the uterus surface into non-overlapping regions. Our results showed that the localization is sensitive to the spatial extents of the sources (range from 11 cm2 to 29 cm2, and also to the number and size of the regions defining the model. Our analysis of the evolution of the real sources during contraction showed a non linear propagation of uterine electrical activity.",signal processing,0.204
,2015 International Conference on Advances in Biomedical Engineering (ICABME),"Non-linear analysis of human stability during static posture
K Safi, A Diab, IM Albertsen, E Hutin, S Mohammed… - 2015 International Conference on Advances in …, 2015
Cited by 4 Related articles",2015/9/16,,,,,,285-288,"signal processing, detection, classification, Biomedical signals, Neurology",Cited by 4,Mohamad KHALIL,,,Non-linear analysis of human stability during static posture,,,,https://scholar.google.com/citations?view_op=view_citation&hl=en&user=0DzJpLQAAAAJ&cstart=100&pagesize=100&citation_for_view=0DzJpLQAAAAJ:LgRImbQfgY4C,,IEEE,"Khaled Safi, Ahmad Diab, Inke Marie Albertsen, Emilie Hutin, Samer Mohammed, Mohamad Khalil, Yacine Amirat, Jean-Michel Gracies","The goal of this paper is to analyze the human stability in the upright position. This is achieved by analyzing the visual input, feet placement, and age affects on the human body equilibrium using stabilometric signals. Twenty eight healthy subjects (14 young and 14 elderly subjects) participated to this study to collect their stabilometric signals under four conditions. Three non linear methods are used: time reversibility, sample Entropy and Lyapunov exponents methods. Lyapunov exponents show the best results especially between feet apart and feet together condition and between young and elderly subjects with significant differences. ROC analysis and Anova test were used and the results show significant differences between groups with p-values less than 0.001.",biomedical signals,0.205
,,"Feature selection algorithm used to classify faults in turbine bearings
M Khalil, J Al Hage, K Khalil - Int J Comput Sci Appl, 2015
Cited by 4 Related articles All 6 versions",2015/4/1,4.0,https://www.destechpub.com/wp-content/uploads/2019/01/IJCSA-Volume-4-Issue-1-April-2015.pdf,,,,12324-7037,"signal processing, detection, classification, Biomedical signals, Neurology",Cited by 4,Mohamad KHALIL,,,Feature selection algorithm used to classify faults in turbine bearings,,Int J Comput Sci Appl,,https://scholar.google.com/citations?view_op=view_citation&hl=en&user=0DzJpLQAAAAJ&cstart=100&pagesize=100&citation_for_view=0DzJpLQAAAAJ:AHdEip9mkN0C,1,,"Mohamad Khalil, Joelle Al Hage, Khaled Khalil","Feature Selection is a very important step that select a few number of feature used for the classification in order to reduce execution time, to improve accuracy and to enhance performance of the identification system. In this paper we propose new feature selection methods by combining between relief, mutual information and sequential selection. The new approach is compared with other existing and we demonstrate some improvement when they are applied to a random dataset and on real data acquired from wind turbine bearings aiming to detect fault in the turbine using vibration signal.",classification,0.605
,Computing in Cardiology 2014,"A new phase space analysis algorithm for the early detection of syncope during head-up tilt tests
N Khodor, G Carrault, D Matelot, H Amoud, N Ville… - Computing in Cardiology 2014, 2014
Cited by 4 Related articles All 5 versions",2014/9/7,,https://ieeexplore.ieee.org/iel7/7035785/7042955/07042999.pdf,,,,141-144,"signal processing, detection, classification, Biomedical signals, Neurology",Cited by 4,Mohamad KHALIL,,,A new phase space analysis algorithm for the early detection of syncope during head-up tilt tests,,,,https://scholar.google.com/citations?view_op=view_citation&hl=en&user=0DzJpLQAAAAJ&cstart=100&pagesize=100&citation_for_view=0DzJpLQAAAAJ:YohjEiUPhakC,,IEEE,"Nadine Khodor, Guy Carrault, David Matelot, Hassan Amoud, Nathalie Ville, Mohamad Khalil, Francois Carre, Alfredo Hernández","In this study, we evaluate the ability to automatically predict syncope and differentiate between patients with positive response to head up tilt test (HUTT) and other with negative response, using only 12-min RR-interval time series for the supine position, preceding HUTT. An original method, based on the analysis of heart rate variability dynamics and a combination of phase space (PS) analysis and kernel support vector machine (KSVM), is proposed. The dynamic behavior of the RR-interval time series was analyzed using reconstructed phase space (RSP). Parameters computed from the phase space area such as the phase space density and indices derived from the recurrence quantification analysis were computed. Only parameters, displaying a statistical difference, are used for further classification using KSVM, to identify negative and positive patients. By applying a cross validation procedure repeated 10 times …",detection,0.604
,,"Real-time ECG transmission from multi-patient toward multi-physician using wireless communications technologies
S Sadek, M Khalil, S Merheb, K Houssein, M Sayed - network, 2011
Cited by 4 Related articles All 4 versions",2011,1.0,https://www.researchgate.net/profile/Sawsan-Sadek/publication/260516696_Real-time_ECG_transmission_from_multi-patient_toward_multi-physician_using_wireless_communications_technologies/links/0046353178db048c1d000000/Real-time-ECG-transmission-from-multi-patient-toward-multi-physician-using-wireless-communications-technologies.pdf,,,,4,"signal processing, detection, classification, Biomedical signals, Neurology",Cited by 4,Mohamad KHALIL,,,Real-time ECG transmission from multi-patient toward multi-physician using wireless communications technologies,,network,,https://scholar.google.com/citations?view_op=view_citation&hl=en&user=0DzJpLQAAAAJ&cstart=100&pagesize=100&citation_for_view=0DzJpLQAAAAJ:mlAyqtXpCwEC,,,"Sawsan Sadek, Mohamad Khalil, Sahar Merheb, Khaled Houssein, Mohamad Sayed","This paper presents the tool system design for an application that provides Real Time Remote Monitoring for ECG signals and ensures mobility for both patients and physicians all over the world. With friendly user interface, an authenticated physician can monitor in real time the patient’s ECG and retrieve older sessions in order to follow his recovery and healing. Telemedicine application is presented which allows doctor to view his patient’s ECG signal remotely and dynamically in a web page in real-time, and doesn’t need to have any special requirements on his PC, all he needs is an internet access. These aims are achieved using TCP protocol which is implemented in LabVIEW.",signal processing,0.204
,"18th Mediterranean Conference on Control and Automation, MED'10","FDI based on WD combined with PEM and RBF networks: application to the diagnosis of TECP reactor
M Barakat, D Lefebvre, M Kalil, O Mustapha, F Druaux - 18th Mediterranean Conference on Control and …, 2010
Cited by 4 Related articles",2010/6/23,,,,,,1347-1352,"signal processing, detection, classification, Biomedical signals, Neurology",Cited by 4,Mohamad KHALIL,,,FDI based on WD combined with PEM and RBF networks: application to the diagnosis of TECP reactor,,,,https://scholar.google.com/citations?view_op=view_citation&hl=en&user=0DzJpLQAAAAJ&cstart=100&pagesize=100&citation_for_view=0DzJpLQAAAAJ:RGFaLdJalmkC,,IEEE,"M Barakat, D Lefebvre, M Kalil, O Mustapha, F Druaux","The objective of our work is to detect and isolate the faults that occur in large scale systems with many measurements. An advanced fault detection and isolation (FDI) method is proposed based on wavelet decomposition, Parameters Elimination Method (PEM) and Radial Basis Function (RBF) networks. Input signals are decomposed into approximations (low frequencies) and details (high frequencies). The extracted statistical parameters from approximation and detail signals pass through Parameters Elimination Method (PEM) to get rid from parameters that are useless for accurate classification. The selected parameters are used to classify the faults using a supervised RBF network. The performance of our algorithm is compared with a usual method based on classification without decomposition technique and parameters selection. The two methods are compared on the simulator of a chemical reactor: the …",detection,0.605
,2008 3rd International Conference on Information and Communication Technologies: From Theory to Applications,"Tracking System using GPS, vision and 3D virtual Model
M Dawoud, M Khalil, ME El Najjar, B El Hassan… - 2008 3rd International Conference on Information and …, 2008
Cited by 4 Related articles All 2 versions",2008/4/7,,https://www.researchgate.net/profile/Wassim-El-Falou-2/publication/238510702_Tracking_System_using_GPS_vision_and_3D_virtual_Model/links/54de02570cf23bf20439767d/Tracking-System-using-GPS-vision-and-3D-virtual-Model.pdf,,,,1-6,"signal processing, detection, classification, Biomedical signals, Neurology",Cited by 4,Mohamad KHALIL,,,"Tracking System using GPS, vision and 3D virtual Model",,,,https://scholar.google.com/citations?view_op=view_citation&hl=en&user=0DzJpLQAAAAJ&cstart=100&pagesize=100&citation_for_view=0DzJpLQAAAAJ:b1wdh0AR-JQC,,IEEE,"Maya Dawoud, Mohamad Khalil, Maan E El Najjar, Bachar El Hassan, Haissam Ziade, Wassim El Falou","In order to improve the vehicle tracking quality in the cities and especially in urban area, the following article handles the correspondence between real and virtual images to find the closest virtual image to the real one. Real image are extracted from cameras equipped by a GPS system, together installed in the vehicle. Virtual images are extracted using a GPS from a database managed by 3D Geographical Information System (3D-GIS). It is known that GPS cannot give accurately the coordinates of a vehicle so it is necessary to use other kind of information using embedded sensors like camera. A way to compute a position using vision is to find the closest image in a 3D cartographical database which corresponds to the real one seen by the camera. Two methods are developed and tested with real data : the first method uses the Hough transform where each line corresponds to a point in the polar coordinate then …",Unclassified,0.0
,,"Uterine electromyography signals: Classification and interpretation
D MO - Proceedings of the 2nd Cairo International Biomedical …, 2004
Cited by 4 Related articles",2004,,,,,,1-4,"signal processing, detection, classification, Biomedical signals, Neurology",Cited by 4,Mohamad KHALIL,,,Uterine electromyography signals: Classification and interpretation,,"Proceedings of the 2nd Cairo International Biomedical Engineering Conference (CIBEC, IEEE EMBS), Cairo, Egypt, 27-28 December 2004",,https://scholar.google.com/citations?view_op=view_citation&hl=en&user=0DzJpLQAAAAJ&cstart=100&pagesize=100&citation_for_view=0DzJpLQAAAAJ:NaGl4SEjCO4C,,,DIAB MO,Uterine electromyography signals : Classification and interpretation | CiNii Research CiNii 国立 情報学研究所 学術情報ナビゲータ[サイニィ] 詳細へ移動 検索フォームへ移動 論文・データをさがす 大学図書館の本をさがす 日本の博士論文をさがす English 検索 タイトル 人物/団体名 所属機関 ISSN DOI 期間 ~ 本文リンク 本文リンクあり データソース JaLC IRDB Crossref DataCite NDLサーチ NDLデジコレ(旧NII-ELS) RUDA JDCat NINJAL CiNii Articles CiNii Books DBpedia Nikkei BP KAKEN Integbio PubMed LSDB Archive 極地研ADS 極地研学術DB OpenAIRE 公共データ カタログ ムーンショット型研究開発事業 すべて 研究データ 論文 本 博士論文 プロジェクト [2024年 12月9日更新]CiNii Dissertations及びCiNii BooksのCiNii Researchへの統合について CiNii Research自動翻訳機能(試行版)をCiNii Labsにて公開しました 日経BP社提供データの更新停止 及び削除について 「研究データ」「根拠データ」の収録について Uterine electromyography signals : …,classification,0.605
,,"Optimizing uterine synchronization analysis in pregnancy and labor through window selection and node optimization
KB El Dine, N Nader, M Khalil, C Marque - IRBM, 2024
Cited by 3 Related articles All 2 versions",2024/8/1,45.0,https://arxiv.org/pdf/2402.14827,,,,100843,"signal processing, detection, classification, Biomedical signals, Neurology",Cited by 3,Mohamad KHALIL,,,Optimizing uterine synchronization analysis in pregnancy and labor through window selection and node optimization,,IRBM,,https://scholar.google.com/citations?view_op=view_citation&hl=en&user=0DzJpLQAAAAJ&cstart=100&pagesize=100&citation_for_view=0DzJpLQAAAAJ:3lUAU8Oskd0C,4,Elsevier Masson,"Kamil Bader El Dine, Noujoud Nader, Mohamad Khalil, Catherine Marque","1) Introduction: Preterm labor (PL) has globally become the leading cause of death in children under the age of 5 years. One of the most significant keys to preventing preterm labor is its early detection. 2) Objectives: The primary objectives of this study are to address the problem of PL by providing a new approach by analyzing the electrohysterographic (EHG) signals, which are recorded on the mother's abdomen during labor and pregnancy. 3) Methods: The EHG signal reflects the electrical activity that induces the mechanical contraction of the myometrium. Because EHGs are known to be non-stationary signals, and because we anticipate connectivity to alter during contraction (due to electrical diffusion and the mechanotransduction process), we applied the windowing approach on real signals to identify the best windows and the best nodes with the most significant data to be used for classification. The suggested …",detection,0.604
,,"Curve Fitting Based Minimum Norm Estimation (CFB-MNE) for motor unit spatial localization using high density surface electromyogram signals
S Berro, I Douania, A Diab, M Hajj-Hassan, M Khalil… - Biomedical Signal Processing and Control, 2023
Cited by 3 Related articles All 3 versions",2023/9/1,86.0,https://www.sciencedirect.com/science/article/am/pii/S1746809423006912,,,,105258,"signal processing, detection, classification, Biomedical signals, Neurology",Cited by 3,Mohamad KHALIL,,,Curve Fitting Based Minimum Norm Estimation (CFB-MNE) for motor unit spatial localization using high density surface electromyogram signals,,Biomedical Signal Processing and Control,,https://scholar.google.com/citations?view_op=view_citation&hl=en&user=0DzJpLQAAAAJ&cstart=100&pagesize=100&citation_for_view=0DzJpLQAAAAJ:In6cVmBjs0IC,,Elsevier,"Soumaya Berro, Ines Douania, Ahmad Diab, Mohamad Hajj-Hassan, Mohamad Khalil, Sofiane Boudaoud","The purpose of the study is the real time spatial localization of single motor units using simulated Motor Unit Action Potential dictionary from a cylindrical muscle volume conductor model by means of a state-of-the-art curve fitting method. This Curve Fitting Based Minimum Norm Estimation (CFB-MNE) was made possible by using minimum norm estimation methods to solve an underdetermined inverse problem knowing produced HD-sEMG signals. Specific data extracted from the inverse problem of a pre-determined number of simulated motor units were used to create a 3D curve, which can be used as a fitting curve to anticipate the unknown location of motor units. Results show that the proposed algorithms succeeded in accurately localizing motor units with varying noise levels in a fast duration (less than 100 ms). From all the simulations, a mean root mean square error of maximum 1 mm was recorded for the …",biomedical signals,0.204
,2022 44th Annual International Conference of the IEEE Engineering in Medicine & Biology Society (EMBC),"Methods used to estimate EEG source-space networks: A comparative simulation-based study
S Allouch, J Duprez, M Khalil, M Hassan, J Modolo… - 2022 44th Annual International Conference of the IEEE …, 2022
Cited by 3 Related articles All 4 versions",2022/7/11,,,,,,3590-3593,"signal processing, detection, classification, Biomedical signals, Neurology",Cited by 3,Mohamad KHALIL,,,Methods used to estimate EEG source-space networks: A comparative simulation-based study,,,,https://scholar.google.com/citations?view_op=view_citation&hl=en&user=0DzJpLQAAAAJ&cstart=100&pagesize=100&citation_for_view=0DzJpLQAAAAJ:yTLRzDEmwhEC,,IEEE,"Sahar Allouch, Joan Duprez, Mohamad Khalil, Mahmoud Hassan, Julien Modolo, Aya Kabbara","Along with the study of the brain activity evoked by external stimuli, an important advance in current neuroscience involves understanding the spontaneous brain activity that occurs during resting conditions. Interestingly, the identification of the connectivity patterns in “resting-state” has been the subject of a great number of electrophysiology-based studies. In this context, the Electroencephalography (EEG) source connectivity method enables estimating resting-state cortical networks from scalp-EEG recordings. However, there is still no consensus over a unified pipeline adapted in all cases (e.g., type of task, a priori on studied networks) and numerous methodological questions remain unanswered. In order to address this problem, we simulated, using neural mass models, EEG data corresponding to the default mode network (DMN), the most widely studied resting-state network, and tested the effect of different …",Unclassified,0.0
,2020 IEEE 5th Middle East and Africa Conference on Biomedical Engineering (MECBME),"Exploration of motor unit activation pattern using high density sEMG minimum norm estimation
S Berro, A Diab, M Hajj-Hassan, M Khalil, H Amoud… - 2020 IEEE 5th Middle East and Africa Conference on …, 2020
Cited by 3 Related articles All 3 versions",2020/10/27,,,,,,1-6,"signal processing, detection, classification, Biomedical signals, Neurology",Cited by 3,Mohamad KHALIL,,,Exploration of motor unit activation pattern using high density sEMG minimum norm estimation,,,,https://scholar.google.com/citations?view_op=view_citation&hl=en&user=0DzJpLQAAAAJ&cstart=100&pagesize=100&citation_for_view=0DzJpLQAAAAJ:_AeoHAGD03cC,,IEEE,"Soumaya Berro, Ahmad Diab, Mohamad Hajj-Hassan, Mohamad Khalil, Hassan Amoud, Sofiane Boudaoud","when speaking of the electrical activity of the muscles, major data can be extracted from such signals. One significant piece of information that can be extracted from those signals is the spatial positioning of the active regions within the muscle with major applications it participate in, starting from the improved diagnosis of neuromuscular diseases, and ending in a better prosthetic control. This study is an extended and improved version of a recent work previously done that included proposing the creation of a modified lead field matrix for High-Density surface EMG signals. This was proceeded by solving the corresponding inverse problem by the classical methods of minimum norm estimation (regular and weighted) and the comparison of the two methods by considering two different scenarios of activation patterns; one which only takes into consideration the superficial sources and the other that takes into …",classification,0.4
,"XV Mediterranean Conference on Medical and Biological Engineering and Computing–MEDICON 2019: Proceedings of MEDICON 2019, September 26-28, 2019, Coimbra, Portugal","Automatic segmentation of bipolar EHGs’ contractions using wavelet transform
A Zaylaa, A Diab, Z Fawal, M Khalil, C Marque - XV Mediterranean Conference on Medical and …, 2020
Cited by 3 Related articles All 5 versions",2020,,https://www.researchgate.net/profile/Amer-Zaylaa/publication/336025615_Automatic_Segmentation_of_Bipolar_EHGs%27_Contractions_Using_Wavelet_Transform/links/5fdf4ab0299bf140882afb60/Automatic-Segmentation-of-Bipolar-EHGs-Contractions-Using-Wavelet-Transform.pdf,,,,174-183,"signal processing, detection, classification, Biomedical signals, Neurology",Cited by 3,Mohamad KHALIL,,,Automatic segmentation of bipolar EHGs’ contractions using wavelet transform,,,,https://scholar.google.com/citations?view_op=view_citation&hl=en&user=0DzJpLQAAAAJ&cstart=100&pagesize=100&citation_for_view=0DzJpLQAAAAJ:CYCckWUYoCcC,,Springer International Publishing,"Amer Zaylaa, Ahmad Diab, Ziad Fawal, Mohamad Khalil, Catherine Marque","Until recently, many segmentation research trials on uterine EMG have been recorded for the sake of not only automatic detection of contractions but also curtailment of other events presents in the electrohysterogram (EHG). In this study, we use an online segmentation method, which has proven its efficiency and known by Dynamic Cumulative Sum (DCS). The method is first applied on real bipolar EHGs signals then on their details obtained by wavelet transform. The detected rupture instants are driven through an enhanced technique of faulty rupture instants elimination, dynamic selection of multichannel bipolar EHG signals and its details after wavelet transform and event tracking algorithm. Therefore, enhanced method sensitivity and “other events” rate of bipolar EHGs with and without wavelet are computed using Margin validation test in order to classify among events as contractions or not referring to …",detection,0.604
,,"Biokinematic Control Strategy for Rehabilitation Exoskeleton Based on User Intention
J Charafeddine, S Chevallier, S Alfayad, M Khalil… - International Journal of Modeling and Optimization, 2019
Cited by 3 Related articles All 7 versions",2019/12/1,9.0,https://uvsq.hal.science/hal-02421115/document,,,,322-328,"signal processing, detection, classification, Biomedical signals, Neurology",Cited by 3,Mohamad KHALIL,,,Biokinematic Control Strategy for Rehabilitation Exoskeleton Based on User Intention,,International Journal of Modeling and Optimization,,https://scholar.google.com/citations?view_op=view_citation&hl=en&user=0DzJpLQAAAAJ&cstart=100&pagesize=100&citation_for_view=0DzJpLQAAAAJ:Xz60mAmATU4C,6,,"Jinan Charafeddine, Sylvain Chevallier, Samer Alfayad, Mohamad Khalil, Didier Pradon","Rehabilitation exoskeletons require a control interface for the direct transfer of mechanical power and exchange of information in order to assist the patient in his/her movements. By using co-contraction indexes (CCI), it is possible to accurately characterize human movement and joint stability. But when dealing with human movement disorders, no existing index allows to achieve neuro-motor control with bio-kinematic sensors. Thus, we propose a neuro-motor interactive method for lower-body exoskeleton control. A novel dynamic index called neuro-motor index (NMI) is introduced to estimate the relation between muscular co-contraction derived from electromyography signals (EMG) and joint angles. To estimate the correlation in the state space and enhance the precision of the NMI, we describe an estimation method relying on a two-way analysis of canonical correlation (CCA). A thorough assessment is presented, by conducting two studies on control subjects and on patients with abnormal gait in a medical environment. i) An offline study on control patients showed that NMI captures the complex variation induced by changing walking speed more accurately than CCI, ii) an online study, applied on successive gait cycles of patients with abnormal walk indicates that the existing CCI have a low accuracy related with joint angles while it is significantly higher with NMI.",biomedical signals,0.403
,2019 Fifth International Conference on Advances in Biomedical Engineering (ICABME),"Using Bio-Kinematic signals for Rehabilitation Exoskeleton Control
AL Nehma, J CHARAFEDDINE, M KHALIL, ALF Samer - 2019 Fifth International Conference on Advances in …, 2019
Cited by 3 Related articles",2019/10/17,,,,,,1-4,"signal processing, detection, classification, Biomedical signals, Neurology",Cited by 3,Mohamad KHALIL,,,Using Bio-Kinematic signals for Rehabilitation Exoskeleton Control,,,,https://scholar.google.com/citations?view_op=view_citation&hl=en&user=0DzJpLQAAAAJ&cstart=100&pagesize=100&citation_for_view=0DzJpLQAAAAJ:D_tqNUsBuKoC,,IEEE,"AL Nehma, Jinan CHARAFEDDINE, Mohamad KHALIL, AL-FAYAD Samer","Rehabilitation exoskeletons require a control strategy in order to assist patients with extremity disorders in their gait movements. A neuro-motor interactive method represents a novel Neuro-Motor Index that allows to achieve a bio-kinematic control. This NMI is used to estimate the relation between muscular co-contraction derived from electromyography (EMG) signals and joint angles. The control input which is the correction angle is then computed based on this relation, yielding the almost normal gait angles as output in the control chain.",neurology,0.4
,,"Uterine muscle networks: Connectivity analysis of the ehg during pregnancy and labor
N Nader, M Hassan, W Falou, M Khalil, B Karlsson… - arXiv preprint arXiv:1904.05021, 2019
Cited by 3 Related articles All 2 versions",2019/4/10,,https://arxiv.org/pdf/1904.05021,,,,,"signal processing, detection, classification, Biomedical signals, Neurology",Cited by 3,Mohamad KHALIL,,,Uterine muscle networks: Connectivity analysis of the ehg during pregnancy and labor,,arXiv preprint arXiv:1904.05021,,https://scholar.google.com/citations?view_op=view_citation&hl=en&user=0DzJpLQAAAAJ&cstart=100&pagesize=100&citation_for_view=0DzJpLQAAAAJ:rbm3iO8VlycC,,,"Noujoud Nader, Mahmoud Hassan, Wassim Falou, Mohamad Khalil, Brynjar Karlsson, Catherine Marque","In this paper, we propose a new framework to analyze the electrical activity of the uterus recorded by electrohysterography (EHG), from abdominal electrodes (a grid of 4x4 electrodes) during pregnancy and labor. We evaluate the potential use of the synchronization between EHG signals in characterizing electrical activity of the uterus during pregnancy and labor. The complete processing pipeline consists of i) estimating the correlation between the different EHG signals, ii) quantifying the connectivity matrices using graph theory-based analysis and iii) testing the clinical impact of network measures in pregnancy monitoring and labor detection. We first compared several connectivity methods to compute the adjacency matrix represented as a graph of a set of nodes (electrodes) connected by edges (connectivity values). We then evaluated the performance of different graph measures in the classification of pregnancy and labor contractions (number of women=35). A comparison with the already existing parameters used in the state of the art of labor detection and preterm labor prediction was also performed. Results show higher performance of connectivity methods when combined with network measures. Denser graphs were observed during labor than during pregnancy. The network-based metrics showed the highest classification rate when compared to already existing features. This network-based approach can be used not only to characterize the propagation of the uterine contractions, but also may have high clinical impact in labor detection and likely in the prediction of premature labor.",detection,0.603
,,"Toward high Integrity personal localization system based on informational formalism
M Daher, J Al Hage, MEB El Najjar, A Diab, MA Khalil… - IEEE transactions on instrumentation and …, 2019
Cited by 3 Related articles All 8 versions",2019/1/4,68.0,https://inria.hal.science/hal-02427488/document,,,,4590-4599,"signal processing, detection, classification, Biomedical signals, Neurology",Cited by 3,Mohamad KHALIL,,,Toward high Integrity personal localization system based on informational formalism,,IEEE transactions on instrumentation and measurement,,https://scholar.google.com/citations?view_op=view_citation&hl=en&user=0DzJpLQAAAAJ&cstart=100&pagesize=100&citation_for_view=0DzJpLQAAAAJ:2l5NCbZemmgC,11,IEEE,"Mohamad Daher, Joelle Al Hage, Maan El Badaoui El Najjar, Ahmad Diab, Mohamad Ali Khalil, François Charpillet","Several computing techniques and sensor technologies have been proposed in the past two decades to provide indoor localization systems for personal in-home staying. This field known as personal localization system (PLS) is quite challenging due to some faulty sensor measurements as well as people random movements. This paper describes the ongoing work of in-home PLS using data fusion between an inertial measurement unit and a load pressure sensing floor. In addition, a fault-tolerant fusion method is proposed using a purely informational formalism: information filter on the one hand and information theory tools on the other hand. Residues based on the Kullback-Leibler divergence are used. Using an appropriate threshold, these residues lead to the detection and exclusion of sensors faults. The experimental results show that the proposed approach is very promising, a fault-tolerant PLS that localizes …",detection,0.604
International Symposium on Wearable Robotics,,"Toward an affordable multi-modal motion capture system framework for human kinematics and kinetics assessment
R Mallat, V Bonnet, M Khalil, S Mohammed - International Symposium on Wearable Robotics, 2018
Cited by 3 Related articles All 4 versions",2018/10/14,,,,,,65-69,"signal processing, detection, classification, Biomedical signals, Neurology",Cited by 3,Mohamad KHALIL,,,Toward an affordable multi-modal motion capture system framework for human kinematics and kinetics assessment,,,,https://scholar.google.com/citations?view_op=view_citation&hl=en&user=0DzJpLQAAAAJ&cstart=100&pagesize=100&citation_for_view=0DzJpLQAAAAJ:WAzi4Gm8nLoC,,Springer International Publishing,"Randa Mallat, Vincent Bonnet, Mohamad Khalil, Samer Mohammed","The present study aims at designing and evaluating a low-cost, simple and portable system for human kinematics (joint angles) and kinetics (joint torques) motion assessment. The system is based on a single camera, a set of customized markers, low-cost inertial measurement units and an affordable Wii Balance board. The automatically detected and tracked marker positions and orientations were used synchronously with other sensors data as inputs to an Extended Kalman Filter based on a biomechanical model of the investigated tasks. The method was validated with arm motions and with lower-limb motions of a subject wearing an exoskeleton. External ground reaction forces measured with a Wii Balance board were compared to the estimated ones based on the proposed low-cost system. Comparative analysis shows good accuracy with a low average NRMS error.",detection,0.4
,2017 Fourth International Conference on Advances in Biomedical Engineering (ICABME),"Separation and localization of EHG sources using tensor models
S Zahran, B Alrifai, A Diab, M Khalil, C Marque - 2017 Fourth International Conference on Advances in …, 2017
Cited by 3 Related articles All 2 versions",2017/10/19,,https://www.academia.edu/download/113480059/Zahran2017_ICABME.pdf,,,,1-4,"signal processing, detection, classification, Biomedical signals, Neurology",Cited by 3,Mohamad KHALIL,,,Separation and localization of EHG sources using tensor models,,,,https://scholar.google.com/citations?view_op=view_citation&hl=en&user=0DzJpLQAAAAJ&cstart=100&pagesize=100&citation_for_view=0DzJpLQAAAAJ:pAkWuXOU-OoC,,IEEE,"Saeed Zahran, Bayan Alrifai, Ahmad Diab, Mohamad Khalil, Catherine Marque","The use of the Electrohysterogram (EHG) for imaging the sources of the uterine electrical activity is a new and powerful diagnosis technique. However, its performance is limited as the uterus often demonstrates several simultaneously active regions and as EHGs present low signal-to-noise ratios. To overcome these problems, tensor-based preprocessing can be applied, which consists in constructing a space-time-frequency (STF) or space-time-wave-vector (STWV) tensor and decomposing it by using the Canonical Polyadic (CP) decomposition. In this paper, we present an algorithm for the accurate localization of extended sources based on the results of the tensor decomposition. Furthermore, we analyse its performance on realistic simulated data in comparison to conventional source localization algorithms.",signal processing,0.405
,2017 Fourth International Conference on Advances in Biomedical Engineering (ICABME),"Dynamic identification of a human-exoskeleton system
R Mallat, V Bonnet, S Mohammed, M Khalil - 2017 Fourth International Conference on Advances in …, 2017
Cited by 3 Related articles All 2 versions",2017/10/19,,,,,,1-4,"signal processing, detection, classification, Biomedical signals, Neurology",Cited by 3,Mohamad KHALIL,,,Dynamic identification of a human-exoskeleton system,,,,https://scholar.google.com/citations?view_op=view_citation&hl=en&user=0DzJpLQAAAAJ&cstart=100&pagesize=100&citation_for_view=0DzJpLQAAAAJ:KNjnJ3z-R6IC,,IEEE,"Randa Mallat, Vincent Bonnet, Samer Mohammed, Mohamad Khalil","Body segment inertial parameters of an exoskeleton and human being are of crucial importance for the development of model-based controllers and for the monitoring of rehabilitation processes. These parameters are usually provided using Computer Aided Design (CAD) models or averaged Anthropometric Tables (AT) for human. However, CAD models are often not sufficiently accurate and particularly if the robot is interacting with the environment, also the use of AT for inertial parameters estimation concerns only variations within a relatively small category of subjects. Thus, robust and simple to use identification methods based on kinematic and dynamometric measurements should be developed. In this paper, an identification model of both the human locomotor apparatus and an exoskeleton system is proposed. The proposed approach is able to estimate accurately and with physical consistency the individual …",signal processing,0.2
,2017 Fourth International Conference on Advances in Biomedical Engineering (ICABME),"Automatic reading and interpretation of an antibiogram
A Diab, A Raad, M Chakouch, M Osman, M Hamze… - 2017 Fourth International Conference on Advances in …, 2017
Cited by 3 Related articles",2017/10/19,,,,,,1-4,"signal processing, detection, classification, Biomedical signals, Neurology",Cited by 3,Mohamad KHALIL,,,Automatic reading and interpretation of an antibiogram,,,,https://scholar.google.com/citations?view_op=view_citation&hl=en&user=0DzJpLQAAAAJ&cstart=100&pagesize=100&citation_for_view=0DzJpLQAAAAJ:uVUOdF_882EC,,IEEE,"Ahmad Diab, Abdelwahab Raad, Mashhour Chakouch, Marwan Osman, Monzer Hamze, Mohamad Khalil, Walid Kamali","Nowadays, the reading and interpretation of antibiogram tests is a frequently performed task by doctors, researchers and technicians at hospitals and laboratories. An antibiogram is a test of the sensitivity of a microorganism to given antibiotics. Reading an interpretation of the antibiogram results is usually performed manually, which leads to human errors and a great waste of time. There are few automated devices that reads and interprets antibiograms but they are expensive and costly to run. This paper aimed to present a prototype that reads and interprets antibiograms. In this paper, we show the algorithm of detection and interpretation using the recent image processing techniques. The two principle techniques used for circles detection are the Circular Hough Transform (CHT) and the Pixel Value Checking (PVC).",detection,0.605
,2017 Fourth International Conference on Advances in Biomedical Engineering (ICABME),"A scalp-EEG network-based analysis of Alzheimer's disease patients at rest
A Kabbara, W El Falou, M Khalil, H Eid, M Hassan - 2017 Fourth International Conference on Advances in …, 2017
Cited by 3 Related articles All 4 versions",2017/10/19,,https://arxiv.org/pdf/1706.03839,,,,1-4,"signal processing, detection, classification, Biomedical signals, Neurology",Cited by 3,Mohamad KHALIL,,,A scalp-EEG network-based analysis of Alzheimer's disease patients at rest,,,,https://scholar.google.com/citations?view_op=view_citation&hl=en&user=0DzJpLQAAAAJ&cstart=100&pagesize=100&citation_for_view=0DzJpLQAAAAJ:WHdLCjDvYFkC,,IEEE,"Aya Kabbara, Wassim El Falou, Mohamad Khalil, Hassan Eid, Mahmoud Hassan","Most brain disorders including Alzheimer's disease (AD) are related to alterations in the normal brain network organization and function. Exploring these network alterations using non-invasive and easy to use technique is a topic of great interest. In this paper, we collected EEG resting-state data from AD patients and healthy control subjects. Functional connectivity between scalp EEG signals was quantified using the phase locking value (PLV) for 6 frequency bands, θ (4-8 Hz), α1(8-10 Hz), α2(10-13 Hz), ß(13-30 Hz), γ(30-45 Hz), and broad band (0.2-45 Hz). To assess the differences in network properties, graph-theoretical analysis was performed. AD patients showed decrease of mean connectivity, average clustering and global efficiency in the lower alpha band. Positive correlation between the cognitive score and the extracted graph measures was obtained, suggesting that EEG could be a promising technique …",biomedical signals,0.204
,,"Connectivity analysis of the EHG during pregnancy and Labor
N Nader - 2017
Cited by 3 Related articles All 2 versions",2017/1/31,,https://hal.science/tel-01544158v1/file/th%C3%A8se_NNader.pdf,,,,,"signal processing, detection, classification, Biomedical signals, Neurology",Cited by 3,Mohamad KHALIL,,,Connectivity analysis of the EHG during pregnancy and Labor,UTC Compiègne; Université Libanaise (Liban),,,https://scholar.google.com/citations?view_op=view_citation&hl=en&user=0DzJpLQAAAAJ&cstart=100&pagesize=100&citation_for_view=0DzJpLQAAAAJ:TlpoogIpr_IC,,,Noujoude Nader,"Preterm birth remains a major problem in obstetrics. Therefore, it has been a topic of interest for many researchers. Among the many methods used to record the uterine contractility, the most used is the abdominal EHG, as being an easy to use and a non-invasive tool. Many studies have reported that the use of this signal could be a very powerful tool to monitor pregnancy and to detect labor. It indeed permits to access the uterine as well as the synchronization of the uterine activity, by using multiple signals. It has been shown that the connectivity analysis gave promising results when using EHG recordings in clinical application, such as the classification labor/pregnancy contractions. However, in almost all previous studies EHG correlation matrices were often reduced keeping only their mean and standard deviations thus relevant information may have been missed due to this averaging, which may induce the relatively low classification rate reported so far. To characterize precisely the correlation matrix and quantify the associated connectivity, we proposed in this thesis to use a network measure technique based on graph theory. According to this approach, the obtained correlation matrix can be represented as graphs consisting of a set of nodes (electrodes) interconnected by edges (connectivity/correlation values between electrodes). The new framework, to analyze the EHG signals recorded during pregnancy and labor, is based on the characterization of the correlation between the uterine electrical activities and on its precise quantification by using graph theory approach. The processing pipeline includes i) the estimation of the statistical …",classification,0.603
,,"Half-mode slow-wave substrate integrated waveguide analysis
M Khalil, M Kamarei, J Jomaah, H Ayad - Progress in Electromagnetics Research M, 2017
Cited by 3 Related articles All 6 versions",2017,60.0,https://www.jpier.org/ac_api/download.php?id=17010401,,,,169-178,"signal processing, detection, classification, Biomedical signals, Neurology",Cited by 3,Mohamad KHALIL,,,Half-mode slow-wave substrate integrated waveguide analysis,,Progress in Electromagnetics Research M,,https://scholar.google.com/citations?view_op=view_citation&hl=en&user=0DzJpLQAAAAJ&cstart=100&pagesize=100&citation_for_view=0DzJpLQAAAAJ:jFemdcug13IC,,EMW Publishing,"Mohamad Khalil, Mahmoud Kamarei, Jalal Jomaah, Hussam Ayad","Design of a compact Substrate Integrated Waveguide (SIW) transmission line is presented in this paper. The main parameters of SIW were parametrically studied, and nal designed component was fabricated and measured, which showed very good matching (near 90%) with simulations, demonstrating significant miniaturization factor. The miniaturization was done using Half-Mode (HM) and Slow-Wave (SW) principles together. It was found that the HM-SW method for SIW miniaturization reduced the SIW surface area with a remarkable factor value (70%) while maintaining acceptable characteristics compared to the original SIW. In fact, HM technique reduced 40% the lateral dimension of the SIW, and using the SW technique allowed 30% of size reduction added to the HM principle. Furthermore, a proper microstrip to HM-SW-SIW tapered transition was designed, which showed a return loss decrease between 3 dB and 7.5 dB, as well as facilitating measurement. On the other hand, the proposed transmission line could lead to a size reduction of 30% compared to the HM-SIW miniaturization technique. The HM-SW-SIW transmission line concept presented in this paper can be used to design other compact SIW components such as bandpass filters, couplers, and power divider.",Unclassified,0.0
,2016 3rd Middle East Conference on Biomedical Engineering (MECBME),"Brain network modules of meaningful and meaningless objects
J Rizkallah, P Benquet, F Wendling, M Khalil, A Mheich… - 2016 3rd Middle East Conference on Biomedical …, 2016
Cited by 3 Related articles All 8 versions",2016/10/6,,https://arxiv.org/pdf/1607.00516,,,,34-37,"signal processing, detection, classification, Biomedical signals, Neurology",Cited by 3,Mohamad KHALIL,,,Brain network modules of meaningful and meaningless objects,,,,https://scholar.google.com/citations?view_op=view_citation&hl=en&user=0DzJpLQAAAAJ&cstart=100&pagesize=100&citation_for_view=0DzJpLQAAAAJ:otzGkya1bYkC,,IEEE,"J Rizkallah, P Benquet, F Wendling, M Khalil, Ahmad Mheich, O Dufor, M Hassan","Network modularity is a key feature for efficient information processing in the human brain. This information processing is however dynamic and networks can reconfigure at very short time period (few hundreds of millisecond). This requires neuroimaging techniques with sufficient time resolution. Here the dense electroencephalography (EEG) source connectivity methods were used to identify cortical networks with excellent time resolution (in the order of millisecond). Functional networks were identified during picture naming task. Two categories of visual stimuli were presented: meaningful (tools, animals…) and meaningless (scrambled) objects. In this paper, we report the reconfiguration of brain network modularity for meaningful and meaningless objects. Results showed mainly that networks of meaningful objects were more modular than those of meaningless objects. Networks of the ventral visual pathway were …",signal processing,0.205
,2015 International Conference on Advances in Biomedical Engineering (ICABME),"Channel selection for monovariate analysis on EHG
D Alamedine, C Marque, M Khalil - 2015 International Conference on Advances in …, 2015
Cited by 3 Related articles",2015/9/16,,,,,,85-88,"signal processing, detection, classification, Biomedical signals, Neurology",Cited by 3,Mohamad KHALIL,,,Channel selection for monovariate analysis on EHG,,,,https://scholar.google.com/citations?view_op=view_citation&hl=en&user=0DzJpLQAAAAJ&cstart=100&pagesize=100&citation_for_view=0DzJpLQAAAAJ:ODE9OILHJdcC,,IEEE,"Dima Alamedine, Catherine Marque, Mohamad Khalil","A multichannel system was used in order to record simultaneous EHG at different locations on the woman's abdomen. Using all channels leads to a large dimension of data for EHG processing. The aim of this paper is first the selection of the best channel(s) that provide the most useful information to discriminate between pregnancy and labor classes. For this purpose, the Relieff method is used in order to select the best discriminant channels. Then, after channel selection, a feature selection method named binary particle swarm optimization is used to select the best features (from the linear and nonlinear features used in this study) from the selected channels. This step is very important to facilitate classification problem. Additionally, the aim of this paper is to compare the results obtained by using monopolar and then bipolar EHG signals.",classification,0.605
,8th International Conference for Internet Technology and Secured Transactions (ICITST-2013),"Enhancement of two spatial steganography algorithms by using a chaotic system: Comparative analysis
D Battikh, S El Assad, B Bakhache, O Déforges… - 8th International Conference for Internet Technology …, 2013
Cited by 3 Related articles All 3 versions",2013/12/9,,,,,,20-25,"signal processing, detection, classification, Biomedical signals, Neurology",Cited by 3,Mohamad KHALIL,,,Enhancement of two spatial steganography algorithms by using a chaotic system: Comparative analysis,,,,https://scholar.google.com/citations?view_op=view_citation&hl=en&user=0DzJpLQAAAAJ&cstart=100&pagesize=100&citation_for_view=0DzJpLQAAAAJ:XoXfffV-tXoC,,IEEE,"Dalia Battikh, Safwan El Assad, Bassem Bakhache, Olivier Déforges, Mohamad Khalil","In this paper we propose a chaos-based enhancement of two spatial steganographic algorithms the AE-LSB and the EA-LSBMR and we study their performances. The first algorithm is an adaptive LSB (Least Significant Bit) steganographic method using pixel value differencing that provides a large embedding capacity and imperceptible stego images. The second method is an edge adaptive scheme which can select the embedding region according to the size of secret message and the difference between two adjacent pixels in the cover image. The two methods suffer from low security against attacks to recover secret data. To overcome this weakness, we propose an enhancement of the message security of these methods. The enhancement consists by using an efficient chaotic system to choose in a pseudo-chaotic manner, the pixels in the cover image where the bits of the secret message will be embedded. In …",Unclassified,0.0
,,"Bearing and gear fault detection using artificial neural networks
M Hajar, A Raad, M Khalil - Proceedings of 7th International Conference on …, 2013
Cited by 3 Related articles All 3 versions",2013,7.0,http://surveillance7.sciencesconf.org/conference/surveillance7/13_bearing_and_gear_fault_detection_using_artificial_neural_network.pdf,,,,29-30,"signal processing, detection, classification, Biomedical signals, Neurology",Cited by 3,Mohamad KHALIL,,,Bearing and gear fault detection using artificial neural networks,,Proceedings of 7th International Conference on Surveillance,,https://scholar.google.com/citations?view_op=view_citation&hl=en&user=0DzJpLQAAAAJ&cstart=100&pagesize=100&citation_for_view=0DzJpLQAAAAJ:KbBQZpvPDL4C,,,"Mayssa Hajar, Amani Raad, Mohamad Khalil","Rotating machinery plays an important role in industrial applications. When these machines recently are getting more complicated, fault diagnosis techniques have become more and more significant. In order to keep the machine performing at its best, one of the principal tools for the diagnosis of rotating machinery problems is the vibration analysis, which can be used to extract the fault features and then identify the fault patterns. In addition, there is a demand for techniques that can make decision on the running health of the machine automatically and reliably. Artificial intelligent techniques have been successfully applied to automated detection and diagnosis of machine conditions. They largely increase the reliability of fault detection and diagnosis systems. Accordingly, the aim of this paper is to apply a feed-forward efficient neural network to classify a large number of vibration signals acquired from rotating machinery in different states: normal, good gear but faulty bearing, good bearing but faulty gear and faulty gear and bearing. The parameters given to the neural networks have been extracted from the power spectral density of the signals. The main impact of this neural network is to generate answers that give the combined state of gears and bearings simultaneously whereas most of previous neural networks have focalized mainly on gears or on bearings alone.",detection,0.603
,2012 IEEE International Conference on Vehicular Electronics and Safety (ICVES 2012),"Vehicle geo-localization using IMM-UKF multi-sensor data fusion based on virtual 3D city model as a priori information
M Dawood, ME El Najjar, C Cappelle, J Peng, M Khalil… - 2012 IEEE International Conference on Vehicular …, 2012
Cited by 3 Related articles All 4 versions",2012/7/24,,,,,,7-12,"signal processing, detection, classification, Biomedical signals, Neurology",Cited by 3,Mohamad KHALIL,,,Vehicle geo-localization using IMM-UKF multi-sensor data fusion based on virtual 3D city model as a priori information,,,,https://scholar.google.com/citations?view_op=view_citation&hl=en&user=0DzJpLQAAAAJ&cstart=100&pagesize=100&citation_for_view=0DzJpLQAAAAJ:Ug5p-4gJ2f0C,,IEEE,"Maya Dawood, Maan E El Najjar, Cindy Cappelle, Jing Peng, Mohamad Khalil, Denis Pomorski","The major contribution of this paper concerns vehicle geo-localization in urban environment by integrating a new source of information that is a virtual 3D city model. The 3D model provides a realistic representation of the vehicle's navigation environment. To optimize the performance of vehicle geo-localization system, several sources of information are used for their complementarity and redundancy: a GPS receiver, proprioceptive sensors (odometers and gyrometer), exteroceptive sensors (video camera or laser scanner) and a virtual 3D city model as a priori information. The proprioceptive sensors allow to continuously estimate the dead-reckoning position and orientation of the vehicle. Moreover, two concepts based on 3D virtual model and exteroceptive sensors could be envisaged to compensate the drift of the dead-reckoning localization when GPS measurements are unavailable for a long time. The first …",Unclassified,0.0
,,"A wavelet package-based energetic approach for the analysis of the uterine EMG
B Moslem, M Khalil, C Marque, MO Diab - ISSNIP Biosignals and Biorobotics Conference, 2010
Cited by 3 Related articles",2010,,,,,,98-102,"signal processing, detection, classification, Biomedical signals, Neurology",Cited by 3,Mohamad KHALIL,,,A wavelet package-based energetic approach for the analysis of the uterine EMG,,ISSNIP Biosignals and Biorobotics Conference,,https://scholar.google.com/citations?view_op=view_citation&hl=en&user=0DzJpLQAAAAJ&cstart=100&pagesize=100&citation_for_view=0DzJpLQAAAAJ:_axFR9aDTf0C,,,"Bassam Moslem, Mohamad Khalil, Catherine Marque, Mohamad O Diab","In respect to the main goal of our ongoing work for predicting preterm birth, we investigate in this paper whether the spectral content energy distribution of the transabdominal uterine electromyography (EMG) signals is modified during pregnancy and in parturition. We analyzed recordings of uterine electrical activity on eleven women at different increasing pregnancy term. We introduced a method based on the evolution of the energy distribution of the uterine EMG along gestation using wavelet packet transform (WPT). The results obtained from the analyzed data indicate that energy emerges significantly towards higher frequencies along gestation. Furthermore, we also observed a noticeable difference in the energy distribution between two studied classes (pregnancy, labor). These results are very promising for monitoring pregnancy and detecting labor. It may help in identifying preterm labor.",detection,0.4
,,"A neural network approach for classification of placental tissues using discrete wavelet transform
M Ayache, M Khalil, C Paillet, F Perrotin, F Tranquart - Lebanese science journal, 2009
Cited by 3 Related articles All 2 versions",2009/7/1,,,,,,,"signal processing, detection, classification, Biomedical signals, Neurology",Cited by 3,Mohamad KHALIL,,,A neural network approach for classification of placental tissues using discrete wavelet transform,,Lebanese science journal,,https://scholar.google.com/citations?view_op=view_citation&hl=en&user=0DzJpLQAAAAJ&cstart=100&pagesize=100&citation_for_view=0DzJpLQAAAAJ:OTTXONDVkokC,,,"M Ayache, M Khalil, C Paillet, F Perrotin, F Tranquart","This paper proposes an efficient method for the classification of placental development with normal tissues. The proposed method consists of selection of tissues, feature extraction using discrete wavelet transform and classification of the tissue by the multi layer perceptron. The method is tested for placental images acquired by ultrasound techniques; resulting in 95% success rate. The proposed method showed a good classification rate. The method will be useful for detection of the anomalies those concerning premature birth and intra-uterine growth retardation. (author)",detection,0.607
,2008 3rd International Conference on Information and Communication Technologies: From Theory to Applications,"Filters bank derived from the wavelet transform for real time change detection in signal
O Mustapha, D Lefebvre, M Khalil, G Hoblos… - 2008 3rd International Conference on Information and …, 2008
Cited by 3 Related articles All 2 versions",2008/4/7,,,,,,1-6,"signal processing, detection, classification, Biomedical signals, Neurology",Cited by 3,Mohamad KHALIL,,,Filters bank derived from the wavelet transform for real time change detection in signal,,,,https://scholar.google.com/citations?view_op=view_citation&hl=en&user=0DzJpLQAAAAJ&cstart=100&pagesize=100&citation_for_view=0DzJpLQAAAAJ:nVrZBo8bIpAC,,IEEE,"Oussama Mustapha, Dimitri Lefebvre, Mohamad Khalil, Ghaleb Hoblos, Houcine Chafouk","The aim of this paper is to detect the faults in industrial systems, through on-line monitoring. The faults that are concerned correspond to changes in frequency components of the signal. Thus, early fault detection, which reduces the possibility of catastrophic damage, is possible by detecting the changes of characteristic features of the signal. This approach combines the filters bank technique, for extracting frequency and energy characteristic features, and the dynamic cumulative sum method (DCS), which is a recursive calculation of the logarithm of the likelihood ratio between two local hypotheses. The main contribution is to derive the filters coefficients from the wavelet in order to use the filters bank as a wavelet transform. The advantage of our approach is that the filters bank can be hardware implemented and can be used for online detection.",detection,0.605
,,"Fault detection algorithm using DCS method combined with filters bank derived from the wavelet transform
O Mustapha, M Khalil, G Hoblos, H Chafouk… - detail, 2007
Cited by 3 Related articles All 7 versions",2007/5/9,1.0,https://www.academia.edu/download/104501032/ee7f62860a6c2e7ea990bbe0d3ecdb9ff154.pdf,,,,1,"signal processing, detection, classification, Biomedical signals, Neurology",Cited by 3,Mohamad KHALIL,,,Fault detection algorithm using DCS method combined with filters bank derived from the wavelet transform,,detail,,https://scholar.google.com/citations?view_op=view_citation&hl=en&user=0DzJpLQAAAAJ&cstart=100&pagesize=100&citation_for_view=0DzJpLQAAAAJ:nrtMV_XWKgEC,,,"Oussama Mustapha, Mohamad Khalil, Ghaleb Hoblos, Houcine Chafouk, Dimitri Lefebvre","1 University Le Havre, GREAH, Le Havre, France 2 Lebanese University, Faculty of Engineering, Section I-El Arz Street, El Kobbe, Lebanon 3 Islamic University of Lebanon, Faculty of engineering, Biomedical Department, Khaldé, Lebanon 4 ESIGELEC, IRSEEM, Saint Etienne de Rouvray, France oussama_mustapha@ hotmail. com, mkhalil@ ieee. org, ghaleb. holos@ esigelec. fr houcine. chafouk@ esigelec. fr, dimitri. lefebvre@ univ-lehavre. fr",detection,0.607
,,"Current advances in uterine SEMG processing methods
J Duchene, M Khalil, D Hewson - Recent research developments in biomedical …, 2002
Cited by 3 Related articles All 4 versions",2002,,,,,Recent research developments in biomedical engineering,149-170,"signal processing, detection, classification, Biomedical signals, Neurology",Cited by 3,Mohamad KHALIL,,,Current advances in uterine SEMG processing methods,,,,https://scholar.google.com/citations?view_op=view_citation&hl=en&user=0DzJpLQAAAAJ&cstart=100&pagesize=100&citation_for_view=0DzJpLQAAAAJ:Dip1O2bNi0gC,,,"Jacques Duchene, Mohamad Khalil, David Hewson","Current advances in Uterine SEMG Processing Methods - Université de technologie de Troyes Recherche Accéder directement au contenu Pied de page Logo Logo Documentation FR Français (FR) Anglais (EN) Se connecter Portail HAL UTT Recherche Loading... Recherche avancée Information de documents Titres Titres Sous-titre Titre de l'ouvrage Titre du volume (Série) Champ de recherche par défaut (multicritères) + texte intégral des PDF Résumé Texte intégral indexé des documents PDF Mots-clés Type de document Sous-type de document Tous les identifiants du document Identifiant HAL du dépôt Langue du document (texte) Pays (Texte) Ville À paraître (true ou false) Ajouter Auteur Auteur (multicritères) Auteur (multicritères) Auteur : Nom complet Auteur : Nom de famille Auteur : Prénom Auteur : Complément de nom, deuxième prénom Auteur : Organisme payeur Auteur : IdHal (chaîne de caractères) …",signal processing,0.205
,,"An autoregressive-based technique for event extraction associated with multiscale classification in non stationary signals
M Khalil, J Duchene, C Marque - Smart Engineering Systems Design, 2000
Cited by 3 Related articles All 4 versions",2000,2.0,,,,,147-158,"signal processing, detection, classification, Biomedical signals, Neurology",Cited by 3,Mohamad KHALIL,,,An autoregressive-based technique for event extraction associated with multiscale classification in non stationary signals,,Smart Engineering Systems Design,,https://scholar.google.com/citations?view_op=view_citation&hl=en&user=0DzJpLQAAAAJ&cstart=100&pagesize=100&citation_for_view=0DzJpLQAAAAJ:ruyezt5ZtCIC,,,"Mohamad Khalil, Jacques Duchene, Catherine Marque","An autoregressive-based technique for event extraction associated with multiscale classification in non stationary signals - Université de technologie de Compiègne Recherche Accéder directement au contenu Pied de page Logo Logo Documentation FR Français (FR) Anglais (EN) Se connecter Portail HAL UTC Recherche Loading... Recherche avancée Information de documents Titres Titres Sous-titre Titre de l'ouvrage Titre du volume (Série) Champ de recherche par défaut (multicritères) + texte intégral des PDF Résumé Texte intégral indexé des documents PDF Mots-clés Type de document Sous-type de document Tous les identifiants du document Identifiant HAL du dépôt Langue du document (texte) Pays (Texte) Ville À paraître (true ou false) Ajouter Auteur Auteur (multicritères) Auteur (multicritères) Auteur : Nom complet Auteur : Nom de famille Auteur : Prénom Auteur : Complément de nom, deuxième prénom …",classification,0.605
,,"Detection and isolation of multiple events in a non-stationnary signal by multiscale decomposition. Application to uterine EMG
M Khalil, J Duchene, C Marque - Intelligent Engineering Systems Through Artificial …, 1997
Cited by 3 Related articles All 2 versions",1997,,,,,,691-696,"signal processing, detection, classification, Biomedical signals, Neurology",Cited by 3,Mohamad KHALIL,,,Detection and isolation of multiple events in a non-stationnary signal by multiscale decomposition. Application to uterine EMG,,Intelligent Engineering Systems Through Artificial Neural Networks,,https://scholar.google.com/citations?view_op=view_citation&hl=en&user=0DzJpLQAAAAJ&cstart=100&pagesize=100&citation_for_view=0DzJpLQAAAAJ:YTuZlYwrTOUC,,,"Mohamad Khalil, Jacques Duchene, Catherine Marque","Detection and isolation of multiple events in a non-stationnary signal by multiscale decomposition. Application to uterine EMG - Université de technologie de Troyes Recherche Accéder directement au contenu Pied de page Logo Logo Documentation FR Français (FR) Anglais (EN) Se connecter Portail HAL UTT Recherche Loading... Recherche avancée Information de documents Titres Titres Sous-titre Titre de l'ouvrage Titre du volume (Série) Champ de recherche par défaut (multicritères) + texte intégral des PDF Résumé Texte intégral indexé des documents PDF Mots-clés Type de document Sous-type de document Tous les identifiants du document Identifiant HAL du dépôt Langue du document (texte) Pays (Texte) Ville À paraître (true ou false) Ajouter Auteur Auteur (multicritères) Auteur (multicritères) Auteur : Nom complet Auteur : Nom de famille Auteur : Prénom Auteur : Complément de nom, deuxième prénom …",detection,0.605
,World Congress on Medical Physics and Biomedical Engineering,"Reassignment method in time-scale representation, application to uterine EMG
M Khalil, J Duchene, C Marque - World Congress on Medical Physics and Biomedical …, 1997
Cited by 3 Related articles All 2 versions",1997,,,,,,,"signal processing, detection, classification, Biomedical signals, Neurology",Cited by 3,Mohamad KHALIL,,,"Reassignment method in time-scale representation, application to uterine EMG",,,,https://scholar.google.com/citations?view_op=view_citation&hl=en&user=0DzJpLQAAAAJ&cstart=100&pagesize=100&citation_for_view=0DzJpLQAAAAJ:ldfaerwXgEUC,,,"Mohamad Khalil, Jacques Duchene, Catherine Marque","Reassignment method in time-scale representation, application to uterine EMG - Archive ouverte HAL Recherche Accéder directement au contenu Pied de page Logo Logo Documentation FR Français (FR) Anglais (EN) Se connecter HAL science ouverte Recherche Loading... Recherche avancée Information de documents Titres Titres Sous-titre Titre de l'ouvrage Titre du volume (Série) Champ de recherche par défaut (multicritères) + texte intégral des PDF Résumé Texte intégral indexé des documents PDF Mots-clés Type de document Sous-type de document Tous les identifiants du document Identifiant HAL du dépôt Langue du document (texte) Pays (Texte) Ville À paraître (true ou false) Ajouter Auteur Auteur (multicritères) Auteur (multicritères) Auteur : Nom complet Auteur : Nom de famille Auteur : Prénom Auteur : Complément de nom, deuxième prénom Auteur : Organisme payeur Auteur : IdHal (chaîne de …",Unclassified,0.0
,,"Decentralized Wetland-Aquaponics Addressing Environmental Degradation and Food Security Challenges in Disadvantaged Rural Areas: A Nature-Based Solution Driven by Mediterranean Living Labs
F Yahya, A El Samrani, M Khalil, AED Abdin… - Sustainability, 2023
Cited by 2 Related articles All 7 versions",2023/10/18,15.0,https://www.mdpi.com/2071-1050/15/20/15024,,,,15024,"signal processing, detection, classification, Biomedical signals, Neurology",Cited by 2,Mohamad KHALIL,,,Decentralized Wetland-Aquaponics Addressing Environmental Degradation and Food Security Challenges in Disadvantaged Rural Areas: A Nature-Based Solution Driven by Mediterranean …,,Sustainability,,https://scholar.google.com/citations?view_op=view_citation&hl=en&user=0DzJpLQAAAAJ&cstart=100&pagesize=100&citation_for_view=0DzJpLQAAAAJ:BAanoTsO0WEC,20,MDPI,"Fatima Yahya, Antoine El Samrani, Mohamad Khalil, Alaa El-Din Abdin, Rasha El-Kholy, Mohamed Embaby, Mohab Negm, Dirk De Ketelaere, Anna Spiteri, Eleanna Pana, Vasileios Takavakoglou","The Mediterranean region is highly vulnerable to climate change, soil and water resource degradation, and biodiversity loss. These challenges disproportionately affect disadvantaged rural areas, impacting both natural resources and the livelihoods of local agricultural societies. Urgent transformative measures are essential to address land and water management as well as food security challenges in these disadvantaged areas. Living labs are being called upon to play a key role in addressing these challenges through the development of Nature-based Solutions (NbSs) that are able to provide environmental and socioeconomic benefits towards the achievement of Sustainable Development Goals. The aim of this work is to provide insights on an open innovation ecosystem of Mediterranean Living Labs for the synergetic development and participatory assessment of decentralized wetland-aquaponics, as NbSs are able to address environmental and food security challenges in disadvantaged rural areas. The study addresses the knowledge gap of Living Labs contribution to the development of decentralized wetland-aquaponics and the limited research on small-scale aquaponics systems in rural Mediterranean settings, while revealing the role of public participation in ascertaining the solution and evaluating its feasibility and impacts in light of the local social values and interests in the mountainous area of Akkar al-Atika in Lebanon.",Unclassified,0.0
,Pattern Recognition and Tracking XXXIV,"Generative classifier pix2pix
R El Saj, ES Gooya, A Alfalou, M Khalil - Pattern Recognition and Tracking XXXIV, 2023
Cited by 2 Related articles All 3 versions",2023/6/13,12527.0,https://www.spiedigitallibrary.org/conference-proceedings-of-spie/12527/125270C/Generative-classifier-pix2pix/10.1117/12.2663377.pdf,,,,85-92,"signal processing, detection, classification, Biomedical signals, Neurology",Cited by 2,Mohamad KHALIL,,,Generative classifier pix2pix,,,,https://scholar.google.com/citations?view_op=view_citation&hl=en&user=0DzJpLQAAAAJ&cstart=100&pagesize=100&citation_for_view=0DzJpLQAAAAJ:PlWzFYVEG4EC,,SPIE,"Raghida El Saj, Ehsan Sedgh Gooya, Ayman Alfalou, Mohamad Khalil","Generative adversarial networks have been widely developed to generate new data, and they have been used for several different applications. Some networks have been developed to classify data at the discriminator level, either by modifying the loss function or by adding a classifier. In this paper, the generative classifier pix2pix, a classifier based on generative adversarial networks, specifically the pix2pix, has been introduced. The classification is done without the need to keep the discriminator or to add additional networks, only the generator is used to classify the data. This classification requires the preparation of a reference dataset. The generative classifier pix2pix was applied to the GC character recognition task using 50000 images for training, it achieved 99.36%. It was also applied to the ORL face recognition task using 360 images for training, and it achieved an average of 97.99%.",classification,0.605
,Pattern Recognition and Tracking XXXIV,"Face recognition and access control applications of the generative classifier pix2pix
R El Saj, ES Gooya, A Alfalou, M Khalil - Pattern Recognition and Tracking XXXIV, 2023
Cited by 2 Related articles All 3 versions",2023/6/13,12527.0,https://www.spiedigitallibrary.org/conference-proceedings-of-spie/12527/1252708/Face-recognition-and-access-control-applications-of-the-generative-classifier/10.1117/12.2663380.pdf,,,,60-66,"signal processing, detection, classification, Biomedical signals, Neurology",Cited by 2,Mohamad KHALIL,,,Face recognition and access control applications of the generative classifier pix2pix,,,,https://scholar.google.com/citations?view_op=view_citation&hl=en&user=0DzJpLQAAAAJ&cstart=100&pagesize=100&citation_for_view=0DzJpLQAAAAJ:natZJ_-F0IUC,,SPIE,"Raghida El Saj, Ehsan Sedgh Gooya, Ayman Alfalou, Mohamad Khalil","Identification of individuals based on their images has become increasingly important, to give access to certain users and to block the unknowns, in order to maintain security. A new access control approach based on facial recognition using the pix2pix generative classifier with a new decision making method was tested using the Olivetti Research Laboratory database. This approach requires a simple comparison between the generated data and the reference database using a predefined threshold. For the testing, a different number of individuals were excluded from the training database and the network was generally able to reject unknown individuals, recognize and identify individuals having access. Out of 200 unknowns, an average of 92.12% unknowns were rejected and the remaining 7.88% were considered known.",classification,0.4
,CAD Conference,"3D Modeling for Multimodal Visualization of Medical Data
HAA Obeid, R Zrour, B Mercier, S Horna, C Guillevin… - CAD Conference, 2023
Cited by 2 Related articles All 4 versions",2023,,https://www.cad-journal.net/files/vol_21/CAD_21(5)_2024_778-790.pdf,,,,195-199,"signal processing, detection, classification, Biomedical signals, Neurology",Cited by 2,Mohamad KHALIL,,,3D Modeling for Multimodal Visualization of Medical Data,,,,https://scholar.google.com/citations?view_op=view_citation&hl=en&user=0DzJpLQAAAAJ&cstart=100&pagesize=100&citation_for_view=0DzJpLQAAAAJ:xyvS_IvSCKsC,,,"Hayssam AA Obeid, Rita Zrour, Bruno Mercier, Sébastien Horna, Carole Guillevin, M Kahlil","Magnetic resonance imaging (MRI) is a medical imaging technique used in radiology to produce anatomical images and physiological information of the brain. Based on the principle of magnetic resonance, this non-invasive tool provides numerous types of advanced acquisitions. Some of these acquisitions can provide information on the concentrations of molecules within a well-localized volume in the cortex. Several studies have shown the important role of modeling and visualizing these concentrations according to brain anatomy and in high resolution to improve the diagnosis and treatment of tumor areas. To visualize this data, physicians use the concentrations estimated after an acquisition in a grid composed of large voxels. In this acquisition grid, each voxel has a concentration value distributed evenly over its entire 3D space. Interpolation algorithms are usually applied on this grid in order to improve the spatial resolution. However, none of them takes into account the anatomical composition of the acquisition volume, which is a mixture of three substances that constitute a brain for a healthy subject, while in the case of a tumor subject, it also includes the presence of a tumor. These partial volumes, which make up the acquisition volume, admit very di erent molecular concentrations. In this work, we present a multimodal process that allows us to model molecular concentrations, taking into account the heterogeneity of the tissues making up the acquisition volume. This process also makes it possible to visualize it in a higher resolution and in 3D. This new method ensures a better distribution of molecular concentrations by considering the real …",signal processing,0.2
,,"Usefulness of computed tomography textural analysis in renal cell carcinoma nuclear grading
I Alnazer, O Falou, P Bourdon, T Urruty, R Guillevin… - Journal of Medical Imaging, 2022
Cited by 2 Related articles All 5 versions",2022/9/1,9.0,https://www.spiedigitallibrary.org/journals/journal-of-medical-imaging/volume-9/issue-05/054501/Usefulness-of-computed-tomography-textural-analysis-in-renal-cell-carcinoma/10.1117/1.JMI.9.5.054501.pdf,,,,054501-054501,"signal processing, detection, classification, Biomedical signals, Neurology",Cited by 2,Mohamad KHALIL,,,Usefulness of computed tomography textural analysis in renal cell carcinoma nuclear grading,,Journal of Medical Imaging,,https://scholar.google.com/citations?view_op=view_citation&hl=en&user=0DzJpLQAAAAJ&cstart=100&pagesize=100&citation_for_view=0DzJpLQAAAAJ:yeL6HyUMUGUC,5,Society of Photo-Optical Instrumentation Engineers,"Israa Alnazer, Omar Falou, Pascal Bourdon, Thierry Urruty, Rémy Guillevin, Mohamad Khalil, Ahmad Shahin, Christine Fernandez-Maloigne","Purpose: To evaluate the usefulness of computed tomography (CT) texture descriptors integrated with machine-learning (ML) models in the identification of clear cell renal cell carcinoma (ccRCC) and for the first time papillary renal cell carcinoma (pRCC) tumor nuclear grades [World Health Organization (WHO)/International Society of Urologic Pathologists (ISUP) 1, 2, 3, and 4].
Approach: A total of 143 ccRCC and 21 pRCC patients were analyzed in this study. Texture features were extracted from late arterial phase CT images. A complete separation of training/validation and testing subsets from the beginning to the end of the pipeline was adopted. Feature dimension was reduced by collinearity analysis and Gini impurity-based feature selection. The synthetic minority over-sampling technique was employed for imbalanced datasets. The ML classifiers were logistic regression, SVM, RF, multi-layer perceptron, and K …",classification,0.4
,,"Effect of channel density, inverse solutions and connectivity measures on EEG resting-state networks: a simulation study
S Allouch, A Kabbara, J Duprez, M Khalil, J Modolo… - bioRxiv, 2022
Cited by 2 Related articles All 3 versions",2022/6/2,,https://www.biorxiv.org/content/10.1101/2022.06.01.494301.full.pdf,,,,2022.06. 01.494301,"signal processing, detection, classification, Biomedical signals, Neurology",Cited by 2,Mohamad KHALIL,,,"Effect of channel density, inverse solutions and connectivity measures on EEG resting-state networks: a simulation study",,bioRxiv,,https://scholar.google.com/citations?view_op=view_citation&hl=en&user=0DzJpLQAAAAJ&cstart=100&pagesize=100&citation_for_view=0DzJpLQAAAAJ:xm0LlTxljI0C,,Cold Spring Harbor Laboratory,"Sahar Allouch, Aya Kabbara, Joan Duprez, Mohamad Khalil, Julien Modolo, Mahmoud Hassan","Along with the study of brain activity evoked by external stimuli, the past two decades witnessed an increased interest in characterizing the spontaneous brain activity occurring during resting conditions. The identification of the connectivity patterns in this so-called “resting-state” has been the subject of a great number of electrophysiology-based studies, using the Electro/Magneto-Encephalography (EEG/MEG) source connectivity method. However, no consensus has been reached yet regarding a unified (if possible) analysis pipeline, and several involved parameters and methods require cautious tuning. This is particularly challenging when different choices induce significant discrepancy in results and drawn conclusions, thereby hindering reproducibility of neuroimaging research. Hence, our objective in this study was to evaluate some of the parameters related to the EEG source connectivity analysis and shed light on their implications on the accuracy of the resulting networks. We simulated, using neural mass models, EEG data corresponding to two of the resting-state networks (RSNs), namely the default mode network (DMN) and the dorsal attentional network (DAN). We investigated the impact of five channel densities (19, 32, 64, 128, 256), three inverse solutions (weighted minimum norm estimate (wMNE), exact low resolution brain electromagnetic tomography (eLORETA), and linearly constrained minimum variance (LCMV) beamforming) and four functional connectivity measures (phase-locking value (PLV), phase-lag index (PLI), and amplitude envelope correlation (AEC) with and without source leakage correction), on the …",Unclassified,0.0
,2021 Sixth International Conference on Advances in Biomedical Engineering (ICABME),"Automatic segmentation of uterine contractions in EHG signals: Hardware implementation with Raspberry Pi and Arduino Mega
F Naaman, F Zakaria, A Zaylaa, M Khalil, K Mechref - 2021 Sixth International Conference on Advances in …, 2021
Cited by 2 Related articles",2021/10/7,,,,,,15-18,"signal processing, detection, classification, Biomedical signals, Neurology",Cited by 2,Mohamad KHALIL,,,Automatic segmentation of uterine contractions in EHG signals: Hardware implementation with Raspberry Pi and Arduino Mega,,,,https://scholar.google.com/citations?view_op=view_citation&hl=en&user=0DzJpLQAAAAJ&cstart=100&pagesize=100&citation_for_view=0DzJpLQAAAAJ:Og1tA8FjbJAC,,IEEE,"Farah Naaman, Firas Zakaria, Amer Zaylaa, Mohamad Khalil, Khaled Mechref","Premature birth is one of the major problems in obstetrics. Early detection of preterm birth is an important key to prevent and reduce its consequences. As a result, it has been a subject of interest for many researchers. The current work is placed as part of the development of a non-invasive clinical aid tool. We implement a portable and easy-to-use device for pregnant women be able to automatically detect signs associated with uterine contractions. The device is able to detect EHG segments associated with uterine contractions during pregnancy. EHG signals are acquired, in real time, from 12 bipolar electrodes placed on the abdomen of pregnant women. The data are then analyzed and processed with a powerful processor. The technique used for detection is based on the Dynamic Cumulative Sum (DCS) method which has already demonstrated its strong potential in event detection when applied to non-stationary …",detection,0.604
,2021 Sixth International Conference on Advances in Biomedical Engineering (ICABME),"Usefulness of functional MRI textures in the evaluation of renal function
I Alnazer, O Falou, T Urruty, P Bourdon, C Guillevin… - 2021 Sixth International Conference on Advances in …, 2021
Cited by 2 Related articles",2021/10/7,,,,,,34-38,"signal processing, detection, classification, Biomedical signals, Neurology",Cited by 2,Mohamad KHALIL,,,Usefulness of functional MRI textures in the evaluation of renal function,,,,https://scholar.google.com/citations?view_op=view_citation&hl=en&user=0DzJpLQAAAAJ&cstart=100&pagesize=100&citation_for_view=0DzJpLQAAAAJ:yY3RG6sOEgwC,,IEEE,"Israa Alnazer, Omar Falou, Thierry Urruty, Pascal Bourdon, Carole Guillevin, Mathieu Naudin, Mohamad Khalil, Ahmad Shahin, Christine Fernandez-Maloigne","Non-invasive assessment of kidney function and structure remains of clinical importance in the diagnosis and prognosis of chronic kidney disease. This work aims to evaluate the role of textures extracted from functional magnetic resonance imaging in renal dysfunction detection by differentiating healthy and chronic kidney disease patients. Textural descriptors are extracted from apparent diffusion coefficient, blood oxygenation level dependent images and T2 maps. Synthetic resampling technique is performed to account for imbalanced classes and increase the variety of sample domain. Principal component analysis projection is applied to eliminate irrelevant features and compact the dataset. The performance of linear discriminant analysis, logistic regression and Naïve Bayes classifiers in terms of discriminating healthy and affected kidney is evaluated. The results of this preliminary study support the fact that …",detection,0.604
,2020 8th IEEE RAS/EMBS International Conference for Biomedical Robotics and Biomechatronics (BioRob),"Dynamics Assessment and Minimal Model of an Orthosis-Assisted Knee Motion
R Mallat, V Bonnet, G Venture, R Dumas, M Khalil… - 2020 8th IEEE RAS/EMBS International Conference for …, 2020
Cited by 2 Related articles All 4 versions",2020/11/29,,https://www.researchgate.net/profile/Vincent-Bonnet-3/publication/338369941_Human-Exoskeleton_Joint_Misalignment_A_Systematic_Review/links/603500134585158939c420e5/Human-Exoskeleton-Joint-Misalignment-A-Systematic-Review.pdf,,,,352-357,"signal processing, detection, classification, Biomedical signals, Neurology",Cited by 2,Mohamad KHALIL,,,Dynamics Assessment and Minimal Model of an Orthosis-Assisted Knee Motion,,,,https://scholar.google.com/citations?view_op=view_citation&hl=en&user=0DzJpLQAAAAJ&cstart=100&pagesize=100&citation_for_view=0DzJpLQAAAAJ:zUl2_INMlC4C,,IEEE,"Randa Mallat, Vincent Bonnet, Gentiane Venture, Raphaël Dumas, M Khalil, Samer Mohammed","Assisting a human motion with an orthosis requires the modeling of the human-orthosis system to estimate online human joint torque. The current paper proposes an assessment framework for: (i) the analysis of the sources of inaccuracies in joint torque estimation and (ii) the selection of the minimal dynamic model required to estimate joint torque. The proposed framework was validated with eight-healthy subjects wearing a knee joint orthosis and performing standardized sitting knee flexion/extension motions. As a result, the misalignment between the orthosis and wearer knee joint axis was quantified, as well as the influence of the kinematic and dynamic measurements in the knee joint torque estimation. Based on these results, a minimal dynamic model, of only two parameters, estimating 97.5% of the reference knee joint torque was selected.",Unclassified,0.0
,"2020 2nd International Conference on Electrical, Control and Instrumentation Engineering (ICECIE)","Renal function evaluation survey: artificial intelligence for the next decade?
I Alnazer, P Bourdon, T Urruty, O Falou, M Khalil… - 2020 2nd International Conference on Electrical …, 2020
Cited by 2 Related articles All 2 versions",2020/11/28,,,,,,1-4,"signal processing, detection, classification, Biomedical signals, Neurology",Cited by 2,Mohamad KHALIL,,,Renal function evaluation survey: artificial intelligence for the next decade?,,,,https://scholar.google.com/citations?view_op=view_citation&hl=en&user=0DzJpLQAAAAJ&cstart=200&pagesize=100&citation_for_view=0DzJpLQAAAAJ:X0DADzN9RKwC,,IEEE,"Israa Alnazer, Pascal Bourdon, Thierry Urruty, Omar Falou, Mohamad Khalil, Ahmad Shahin, Christine Fernandez-Maloigne","Accurate assessment of renal microstructure and function remains a key point for the prediction and diagnosis of chronic kidney disease (CKD). Applications of novel medical imaging techniques offer a non-invasive and safer tool for analyzing CKD as it allows health care providers to identify morphological, functional and molecular information that detects changes in renal tissue properties and functionalities. Recently, the ability of artificial intelligence to address information retrieval and other critical issues in big medical data analytics has led to a great interest in CKD diagnosis. Besides qualitative analysis of renal medical imaging, texture analysis combined with machine learning has emerged as a promising technique to quantify renal tissue heterogeneity, thus providing a complementary tool for renal function decline prediction. Most importantly, deep learning holds the potential to be a novel approach for renal …",detection,0.4
,2019 Fifth International Conference on Advances in Biomedical Engineering (ICABME),"Identification of motor unit spatial activation by minimum norm estimation
S Berro, A Diab, M Hajj-Hassan, M Khalil, H Amoud… - 2019 Fifth International Conference on Advances in …, 2019
Cited by 2 Related articles All 3 versions",2019/10/17,,,,,,1-4,"signal processing, detection, classification, Biomedical signals, Neurology",Cited by 2,Mohamad KHALIL,,,Identification of motor unit spatial activation by minimum norm estimation,,,,https://scholar.google.com/citations?view_op=view_citation&hl=en&user=0DzJpLQAAAAJ&cstart=200&pagesize=100&citation_for_view=0DzJpLQAAAAJ:eAlLMO4JVmQC,,IEEE,"Soumaya Berro, Ahmad Diab, Mohamad Hajj-Hassan, Mohamad Khalil, Hassan Amoud, Sofiane Boudaoud","In the context of exploring the internal muscle activity, information such as the location of the muscle electrical sources play a vital role in the diagnosis of neuromuscular diseases, biomechanics, medical robotics research, and better prosthetic control. In this paper the inverse problem of surface electromyography (sEMG) source estimation, tested on simulated data only, was solved by two approaches; the regularized minimum norm estimation (MNE) and the weighted minimum norm (wMNE) estimation. Using a single layer volume conductor, we compared simulated sEMG signals to reconstructed signals after the application of the inverse problem by the two methods. The novelty in the work is that those two methods are compared on a sEMG adapted lead field. Results showed the effectiveness of the MNE and wMNE approaches according to mean square error (MSE) when comparing the original signal and the …",biomedical signals,0.404
,2018 International Arab Conference on Information Technology (ACIT),"Pregnancy/Labor Discrimination and Monitoring: An Investigation Using Nonlinear Methods
M Mourad, A Diab, M Khalil, C Marque - 2018 International Arab Conference on Information …, 2018
Cited by 2 Related articles All 2 versions",2018/11/28,,,,,,1-4,"signal processing, detection, classification, Biomedical signals, Neurology",Cited by 2,Mohamad KHALIL,,,Pregnancy/Labor Discrimination and Monitoring: An Investigation Using Nonlinear Methods,,,,https://scholar.google.com/citations?view_op=view_citation&hl=en&user=0DzJpLQAAAAJ&cstart=200&pagesize=100&citation_for_view=0DzJpLQAAAAJ:pS0ncopqnHgC,,IEEE,"Mohamad Mourad, Ahmad Diab, Mohamad Khalil, Catherine Marque","In the last ten years the ratio of preterm labor mortality increases. Many studies were done about the cause of gestation as well as preterm labor. Nowadays, studies are dealing with the signal detection of uterus contraction which can be used by analysis methods in order to determine its features and its role in labor. In this study, many Non-linear methods are used to extract features from the signal in order to differentiate between pregnancy and labor signals and to monitor pregnancy of women for each week before labor (WBL): Lempel-Ziv complexity (lzc), Fractal Dimension (FD), Hjorth parameter. All data recorded between Lebanon and France from 12 WBL until 1 WBL and labor using a 4×4 matrix of electrodes. Methods were tested first on synthetic signals to test their sensitivity to nonlinearity change then they were applied on real signals. Results show the implementation of the nonlinear analysis methods of …",detection,0.604
,,"Human postural stability analysis: Application to Parkinsonian subjects
K Safi - 2016
Cited by 2 Related articles All 4 versions",2016/12/14,,https://theses.hal.science/tel-01546084/file/TH2016PESC1066.pdf,,,,,"signal processing, detection, classification, Biomedical signals, Neurology",Cited by 2,Mohamad KHALIL,,,Human postural stability analysis: Application to Parkinsonian subjects,Université Paris-Est; Université Libanaise,,,https://scholar.google.com/citations?view_op=view_citation&hl=en&user=0DzJpLQAAAAJ&cstart=200&pagesize=100&citation_for_view=0DzJpLQAAAAJ:JTqpx9DYBaYC,,,Khaled Safi,"Recently, human balance control analysis has received an increasing interest from the research community. The human postural system maintains the stability of the body both in the static posture (quiet standing) and during locomotion. This ability to maintain stability becomes hard with aging and Parkinson's disease (PD) subjects. PD has a strong effect on postural stability during quiet standing situations, and during locomotion. One effective way to assess human stability is to analyze the center of pressure (CoP) displacements of the human body during quiet standing. The recorded CoP displacements in quiet standing are called stabilometric signals. This thesis aims to develop efficient approaches to analyze the human postural stability in quiet standing under visual and feet position conditions, as well as under age and gender. This is achieved using Empirical Mode Decomposition (EMD) method and stabilogram-diffusion technique. In the other part, the discrimination between healthy and PD subjects is very important for diagnosing Parkinson's disease, as well as for evaluating the disease level of the patient. In this context, two approaches are proposed; the first approach consists of an EMD-based temporal and spectral feature extraction from the stabilometric signals. The second approach is based on a Hidden Markov Model (HMM) using the raw stabilometric signals. The HMM model is an efficient tool to analyze temporal and sequential data. Another approach is proposed in order to segment the stabilometric signals according to the visual and feet position conditions. This is achieved using a Hidden Markov Model Regression (HMMR …",biomedical signals,0.203
,2016 3rd Middle East Conference on Biomedical Engineering (MECBME),"Channel combination selection for EHG bivariate analysis
D Alamedine, M Khalil, C Marque - 2016 3rd Middle East Conference on Biomedical …, 2016
Cited by 2 Related articles",2016/10/6,,,,,,59-62,"signal processing, detection, classification, Biomedical signals, Neurology",Cited by 2,Mohamad KHALIL,,,Channel combination selection for EHG bivariate analysis,,,,https://scholar.google.com/citations?view_op=view_citation&hl=en&user=0DzJpLQAAAAJ&cstart=200&pagesize=100&citation_for_view=0DzJpLQAAAAJ:kVjdVfd2voEC,,IEEE,"D Alamedine, M Khalil, C Marque","The EHG signals are recorded using a multichannel system positioned on the woman's abdomen for the simultaneous recording of 16 channels of EHG. Several studies calculated the features related to EHG propagation by studying the coupling between all possible channels (bivariate analysis). Using all the possible features extracted to characterize propagation, from all possible combinations of channels, lead to a very large dimension of search and to a complex classification. Therefore, the aim of this paper is the selection of the most relevant channel combinations (using Fscore method), that provide the most useful information to discriminate between pregnancy and labor classes. This channel combination selection step is then followed by a feature selection method named genetic algorithm that is used to select the best features (from the propagation features used in this study) from the selected channel …",classification,0.605
,,"Combining eeg source connectivity and network similarity: Application to object categorization in the human brain
A Mheich, M Hassan, O Dufor, M Khalil, F Wendling - arXiv preprint arXiv:1606.01017, 2016
Cited by 2 Related articles All 5 versions",2016/6/3,,https://arxiv.org/pdf/1606.01017,,,,,"signal processing, detection, classification, Biomedical signals, Neurology",Cited by 2,Mohamad KHALIL,,,Combining eeg source connectivity and network similarity: Application to object categorization in the human brain,,arXiv preprint arXiv:1606.01017,,https://scholar.google.com/citations?view_op=view_citation&hl=en&user=0DzJpLQAAAAJ&cstart=200&pagesize=100&citation_for_view=0DzJpLQAAAAJ:NyGDZy8z5eUC,,,"Ahmad Mheich, Mahmoud Hassan, Olivier Dufor, Mohamad Khalil, Fabrice Wendling","A major challenge in cognitive neuroscience is to evaluate the ability of the human brain to categorize or group visual stimuli based on common features. This categorization process is very fast and occurs in few hundreds of millisecond time scale. However, an accurate tracking of the spatiotemporal dynamics of large-scale brain networks is still an unsolved issue. Here, we show the combination of recently developed method called dense-EEG source connectivity to identify functional brain networks with excellent temporal and spatial resolutions and an algorithm, called SimNet, to compute brain networks similarity. Two categories of visual stimuli were analysed in this study: immobile and mobile. Networks similarity was assessed within each category (intra-condition) and between categories (inter-condition). Results showed high similarity within each category and low similarity between the two categories. A significant difference between similarities computed in the intra and inter-conditions was observed at the period of 120-190ms supposed to be related to visual recognition and memory access. We speculate that these observations will be very helpful toward understanding the object categorization in the human brain from a network perspective.",signal processing,0.2
,2015 International Conference on Advances in Biomedical Engineering (ICABME),"The random slope modulation: A new cyclostationarity model applied to biomechanical signals
FA Zakaria, M El-Badaoui, M Khalil - 2015 International Conference on Advances in …, 2015
Cited by 2 Related articles All 2 versions",2015/9/16,,https://www.researchgate.net/profile/Firas-Zakaria/publication/286879272_The_random_slope_modulation_A_new_cyclostationarity_model_applied_to_biomechanical_signals/links/566ed54108ae1a797e407947/The-random-slope-modulation-A-new-cyclostationarity-model-applied-to-biomechanical-signals.pdf,,,,297-300,"signal processing, detection, classification, Biomedical signals, Neurology",Cited by 2,Mohamad KHALIL,,,The random slope modulation: A new cyclostationarity model applied to biomechanical signals,,,,https://scholar.google.com/citations?view_op=view_citation&hl=en&user=0DzJpLQAAAAJ&cstart=200&pagesize=100&citation_for_view=0DzJpLQAAAAJ:fFSKOagxvKUC,,IEEE,"Firas A Zakaria, M El-Badaoui, M Khalil","This paper provides a new model useful for studying and characterizing cyclostationarity. It presents the impact of random slope variation on the cyclic spectrum of the signal. We call such model the random slope modulation (RSM). We apply this model for studying biomechanical signals where we consider the slope as a specific measure extracted from the vertical ground reaction forces. The slope is random and different for every peak. This randomness introduces a cyclostationarity of order 2. We obtain a signal with random phenomenon (i.e., the slope that vary randomly) but repeated periodically. For such signals, the origin of cyclostationarity might come from the random variation of the slope. The results show that the slope can play an important role and provide interesting information concerning Fatigue and concerning running / walking performance.",signal processing,0.205
,,"Study of strip spectro-Imaging detectors for a future space MeV telescope
M Khalil - 2014
Cited by 2 Related articles All 2 versions",2014/10,,https://www.researchgate.net/profile/Mohamad-Khalil-6/publication/316621046_Study_of_Strip_Spectro-Imaging_Detectors_for_a_Future_Space_MeV_Telescope/links/59084932a6fdccd580dd6b6b/Study-of-Strip-Spectro-Imaging-Detectors-for-a-Future-Space-MeV-Telescope.pdf,,,,,"signal processing, detection, classification, Biomedical signals, Neurology",Cited by 2,Mohamad KHALIL,,,Study of strip spectro-Imaging detectors for a future space MeV telescope,"Ph. D Thesis), University of Paris Diderot-France and University of Ferrara-Italy",,,https://scholar.google.com/citations?view_op=view_citation&hl=en&user=0DzJpLQAAAAJ&cstart=200&pagesize=100&citation_for_view=0DzJpLQAAAAJ:PYBJJbyH-FwC,,,Mohamad Khalil,"This doctorate is part of the ‘International Doctorate on Astroparticle Physics (IDAPP)’program. Following the protocols of this program, the research activities carried out during the time span of this doctorate were pursued in two IDAPP universities (University Paris Diderot-France and University of Ferrara-Italy).
CGRO/COMPTEL has taught us that the MeV sky is rich in high energy phenomena. Unfortunately we haven’t had any instrument with a good enough sensitivity that could unveil the promising science in this energy range. The INTEGRAL satellite (2002-2015) has failed to outperform COMTPEL above about 1 MeV. On the other hand, at energies> 100 MeV the FERMI mission (2008-current) has allowed an increase in sensitivity by a factor of 30 over the CGRO/EGRET telescope. The CGRO/EGRET itself improved the sensitivity by a factor of 30 over its predecessor the COS-B mission (1975-1982). The progress in the MeV range has not been in the same pace. The planned ASTRO-H mission will slightly improve the situation below 1 MeV.",detection,0.4
,2014 10th International Conference on Communications (COMM),"Steganalysis of a chaos-based steganographic method
D Battikh, S El Assad, B Bakhache, O Déforges… - 2014 10th International Conference on …, 2014
Cited by 2 Related articles All 2 versions",2014/5/29,,,,,,1-4,"signal processing, detection, classification, Biomedical signals, Neurology",Cited by 2,Mohamad KHALIL,,,Steganalysis of a chaos-based steganographic method,,,,https://scholar.google.com/citations?view_op=view_citation&hl=en&user=0DzJpLQAAAAJ&cstart=200&pagesize=100&citation_for_view=0DzJpLQAAAAJ:3htObqc8RwsC,,IEEE,"Dalia Battikh, Safwan El Assad, Bassem Bakhache, Olivier Déforges, Mohamad Khalil","Hiding information in a cover image can be regarded as introducing some stego-noise. These alterations may produce some form of degradation or some unusual characteristics and can then be exploited for the sake of detecting the hidden message. In this paper, we analyze the security of a chaos-based steganographic method, namely the Chaotic Edge adaptive Least Significant Bit Matching Revisited (Chaotic EA-LSBMR). We focus on the universal image steganalysis method which uses the higher-order statistics as features taken from the wavelet multiresolution approach. A Fisher Linear Discriminant classifier is used to classify cover and stego images.",detection,0.4
,"XIII Mediterranean Conference on Medical and Biological Engineering and Computing 2013: MEDICON 2013, 25-28 September 2013, Seville, Spain","Feature selection techniques in uterine electrohysterography signal
D Alamedine, M Khalil, C Marque - XIII Mediterranean Conference on Medical and …, 2014
Cited by 2 Related articles",2014,,,,,,779-782,"signal processing, detection, classification, Biomedical signals, Neurology",Cited by 2,Mohamad KHALIL,,,Feature selection techniques in uterine electrohysterography signal,,,,https://scholar.google.com/citations?view_op=view_citation&hl=en&user=0DzJpLQAAAAJ&cstart=200&pagesize=100&citation_for_view=0DzJpLQAAAAJ:4X0JR2_MtJMC,,Springer International Publishing,"D Alamedine, M Khalil, C Marque","To classify between labor and pregnancy contractions, feature extraction from uterine electrohysterography (EHG) signal has been used by many researchers. The number of features (linear and nonlinear) becomes huge when using them for classification techniques. The aim of this paper is to reduce the number of features and use only the pertinent ones to achieve the classification problem. In this paper, we compare the results of three selection methods. The first one is based on measuring the distance between the feature histograms of the 2 studied classes (pregnancy and labor). The second one is the Sequential Forward Selection method (SFS) and the third method is based on the Binary Particle Swarm Optimization techniques (BPSO). All methods give common pertinent features whatever the type of classifiers. These features will be used in future works to classify between labor contractions and …",classification,0.605
,,"Uterine EMG Analysis: Time-Frequency Based Techniques for Preterm Birth Detection
M Khalil, M Chendeb, M Diab, C Marque, J Duchêne - Advanced Biosignal Processing, 2009
Cited by 2 Related articles All 5 versions",2009,,,,,,245-266,"signal processing, detection, classification, Biomedical signals, Neurology",Cited by 2,Mohamad KHALIL,,,Uterine EMG Analysis: Time-Frequency Based Techniques for Preterm Birth Detection,,Advanced Biosignal Processing,,https://scholar.google.com/citations?view_op=view_citation&hl=en&user=0DzJpLQAAAAJ&cstart=200&pagesize=100&citation_for_view=0DzJpLQAAAAJ:LO7wyVUgiFcC,,Springer Berlin Heidelberg,"Mohamad Khalil, Marwa Chendeb, Mohamad Diab, Catherine Marque, Jacques Duchêne","The global aim of this work is to detect preterm deliveries using the uterine electromyography signal. For this purpose, two steps are required: the first step aims to detect all events in this signal and to identify these events by allocating them to physiological classes: contractions, foetus motions, Alvarez or Long Duration Low Frequency (LDBF) waves. The second step consists of the identification of contractions between normal contractions and preterm birth contractions. Detection and identification of events are based on the use of Wavelet Packet Transform (WPT) to select the best basis for both detection and classification goals. This is achieved by selecting the only WPs of the decomposition tree that are able to highlight changes in the recordings using a training set of signals. The selection criterion is based on the Kullback Leibler distance and the Generalised Gaussian Distribution (GGD). The detection …",detection,0.604
,,"Pre-processing deconvolution based technique for improving the performances of ECG codecs: Comparison to SPIHT
L El Khansa, A Nait-Ali, M Khalil - Digital Signal Processing, 2008
Cited by 2 Related articles All 4 versions",2008/11/1,18.0,,,,,900-906,"signal processing, detection, classification, Biomedical signals, Neurology",Cited by 2,Mohamad KHALIL,,,Pre-processing deconvolution based technique for improving the performances of ECG codecs: Comparison to SPIHT,,Digital Signal Processing,,https://scholar.google.com/citations?view_op=view_citation&hl=en&user=0DzJpLQAAAAJ&cstart=200&pagesize=100&citation_for_view=0DzJpLQAAAAJ:_5tno0g5mFcC,6,Academic Press,"Lina El Khansa, Amine Nait-Ali, Mohamad Khalil","In this paper, a deconvolution preprocessing module for ECG codec performance improvement (DPM-ECPI) is presented. The idea is simple but efficient. Primary, it consists in transforming an ECG signal to an impulsional one using a deconvolution process. The obtained signal is then encoded for either transmission or storage. In this work we take into consideration the well known SPIHT algorithm, used also for efficient comparison purpose. To reconstruct the signal, a simple convolution is however applied to the decoded impulsional signal. For high compression ratios, we show that this new compression scheme is particularly interesting than a direct coding. As it is common, real signals from MIT-BIH arrhythmia database have been used to validate the proposed scheme.",signal processing,0.409
,2006 2nd International Conference on Information & Communication Technologies,"On-line fault detection by using filters bank and artificial neural networks
O Mustapha, M Khalil, G Hoblos, H Chafouk, H Ziadeh… - 2006 2nd International Conference on Information & …, 2006
Cited by 2 Related articles All 2 versions",2006/4/24,1.0,,,,,1630-1634,"signal processing, detection, classification, Biomedical signals, Neurology",Cited by 2,Mohamad KHALIL,,,On-line fault detection by using filters bank and artificial neural networks,,,,https://scholar.google.com/citations?view_op=view_citation&hl=en&user=0DzJpLQAAAAJ&cstart=200&pagesize=100&citation_for_view=0DzJpLQAAAAJ:9pM33mqn1YgC,,IEEE,"Oussama Mustapha, Mohamad Khalil, Ghaleb Hoblos, Houcine Chafouk, Hayssam Ziadeh, Dimitri Lefebvre","The aim of this paper is to propose a method for the detection of faults in industrial systems, such as electrical machines and drives, through on-line monitoring system. Early fault detection, which reduces the possibility of catastrophic damage, is possible by comparing the measured signals with a database that contains characteristic signals for machines operating with and without faulty conditions. This approach is based on a Filters Bank that extracts frequency and energy characteristic features, and an Artificial Neural Networks (ANN) that classifies these features. A link with the wavelet transform for features extraction is also presented. The faults that are concerned correspond to a change in frequency components of the signal.",detection,0.605
,2nd European Medical and Biological Engineering Conference EMBEC'02,"Optimisation of the segmentation process for automatic identification of the events present on uterine EMG recorded during pregnancy (SS3 Antepartum Fetal and Maternal Monitoring)
J Terrien, C Marque, M Khalil, H Brejaud, J Duchene - 2nd European Medical and Biological Engineering …, 2002
Cited by 2 Related articles All 2 versions",2002,,,,,,,"signal processing, detection, classification, Biomedical signals, Neurology",Cited by 2,Mohamad KHALIL,,,Optimisation of the segmentation process for automatic identification of the events present on uterine EMG recorded during pregnancy (SS3 Antepartum Fetal and Maternal Monitoring),,,,https://scholar.google.com/citations?view_op=view_citation&hl=en&user=0DzJpLQAAAAJ&cstart=200&pagesize=100&citation_for_view=0DzJpLQAAAAJ:t-hv7AR41mYC,,,"Jérôme Terrien, Catherine Marque, Mohamad Khalil, Hélène Brejaud, Jacques Duchene",Optimisation of the segmentation process for automatic identification of the events present on uterine EMG recorded during pregnancy (SS3 Antepartum Fetal and Maternal Monitoring) - Université de technologie de Troyes Accéder directement au contenu Documentation FR Français (FR) Anglais (EN) Se connecter Portail HAL UTT Recherche Loading... Recherche avancée Information de documents Titres Titres Sous-titre Titre de l'ouvrage Titre du volume (Série) Champ de recherche par défaut (multicritères) + texte intégral des PDF Résumé Texte intégral indexé des documents PDF Mots-clés Type de document Sous-type de document Tous les identifiants du document Identifiant HAL du dépôt Langue du document (texte) Pays (Texte) Ville À paraître (true ou false) Ajouter Auteur Auteur (multicritères) Auteur (multicritères) Auteur : Nom complet Auteur : Nom de famille Auteur : Prénom Auteur : Complément de nom…,signal processing,0.2
,,"Efficacité de la réallocation pour la caractérisation de bouffées EMG dans le plan temps-fréquence
M Khalil, J Duchene, C Marque - Innovation et Technologie en Biologie et Medecine …, 1998
Cited by 2 Related articles All 5 versions",1998,19.0,,,,,203-211,"signal processing, detection, classification, Biomedical signals, Neurology",Cited by 2,Mohamad KHALIL,,,Efficacité de la réallocation pour la caractérisation de bouffées EMG dans le plan temps-fréquence,,"Innovation et Technologie en Biologie et Medecine, ITBM",,https://scholar.google.com/citations?view_op=view_citation&hl=en&user=0DzJpLQAAAAJ&cstart=200&pagesize=100&citation_for_view=0DzJpLQAAAAJ:HbR8gkJAVGIC,3,,"Mohamad Khalil, Jacques Duchene, Catherine Marque","Efficacité de la réallocation pour la caractérisation de bouffées EMG dans le plan temps-fréquence - Archive ouverte HAL Recherche Accéder directement au contenu Pied de page Logo Logo Documentation FR Français (FR) Anglais (EN) Se connecter HAL science ouverte Recherche Loading... Recherche avancée Information de documents Titres Titres Sous-titre Titre de l'ouvrage Titre du volume (Série) Champ de recherche par défaut (multicritères) + texte intégral des PDF Résumé Texte intégral indexé des documents PDF Mots-clés Type de document Sous-type de document Tous les identifiants du document Identifiant HAL du dépôt Langue du document (texte) Pays (Texte) Ville À paraître (true ou false) Ajouter Auteur Auteur (multicritères) Auteur (multicritères) Auteur : Nom complet Auteur : Nom de famille Auteur : Prénom Auteur : Complément de nom, deuxième prénom Auteur : Organisme payeur Auteur : …",Unclassified,0.0
,,"Effect of soil salinity on cooking properties and chemical composition of faba bean (Vicia faba L.).
AME Shehata, MA Khalil, MM Youssef, MM El-Rouby… - 1988
Cited by 2 Related articles",1988,16.0,,,,,111-126,"signal processing, detection, classification, Biomedical signals, Neurology",Cited by 2,Mohamad KHALIL,,,Effect of soil salinity on cooking properties and chemical composition of faba bean (Vicia faba L.).,,,,https://scholar.google.com/citations?view_op=view_citation&hl=en&user=0DzJpLQAAAAJ&cstart=200&pagesize=100&citation_for_view=0DzJpLQAAAAJ:txeM2kYbVNMC,1-2,,"AME Shehata, MA Khalil, MM Youssef, MM El-Rouby, MH Abd-El-Aal","The effect of degree and type of salinity on the properties and chemical composition of Vicia faba was investigated. Five irrigating solutions were used, containing varying amounts of CaCl2, and a mixture of NaCl, CaCl2 and MgCl2. Soil analysis revealed that Ca and Mg content was higher, and Na content lower, for CaCl2 treatments compared to the salt treatment. Ca had a significant effect on seed properties and cooking properties of V. faba seeds. Irrigation with CaCl2 solution gave harder beans with a lower hydration coefficient. Although phytate, pectic fractions and mineral contents of dry beans and cooking liquor were affected by soil ions, no significant correlation was found between them (except certain pectic fractions and K) and the texture of cooked beans. Soil ions may affect cooking properties through changes in functional properties of the beans' main constituents.",Unclassified,0.0
,,"The influence of osmotic pressure and specific effect of single salts on respiratory activity of germinating Vicia faba seeds.
I Anter, M Khalil, MN Hassan - 1978
Cited by 2 Related articles All 2 versions",1978,56.0,,,,,85-91,"signal processing, detection, classification, Biomedical signals, Neurology",Cited by 2,Mohamad KHALIL,,,The influence of osmotic pressure and specific effect of single salts on respiratory activity of germinating Vicia faba seeds.,,,,https://scholar.google.com/citations?view_op=view_citation&hl=en&user=0DzJpLQAAAAJ&cstart=200&pagesize=100&citation_for_view=0DzJpLQAAAAJ:vVJNg6_NJEsC,5,,"I Anter, M Khalil, MN Hassan","Respiration of V. faba cv. Giza 159 seeds during soaking was in 3 distinct stages which were markedly affected by the osmotic pressure (OP) of the sol. Mannitol had little effect on respiration up to an OP of 12 atm, but Li, Na, K, NH4, Ba, Ca and Mg ions markedly inhibited respiration at 0.94-3.44 atm. Low conc. of KCl, K2SO4 and NH4Cl stimulated respiration. LiCl was most inhibitory.",Unclassified,0.0
,,"Predicting epileptic seizures using efficientnet-B0 and SVMs: A deep learning methodology for EEG analysis
YA Saadoon, M Khalil, D Battikh - Bioengineering, 2025
Cited by 1 Related articles",2025/1/24,12.0,https://pmc.ncbi.nlm.nih.gov/articles/PMC11851970/,,,,109,"signal processing, detection, classification, Biomedical signals, Neurology",Cited by 1,Mohamad KHALIL,,,Predicting epileptic seizures using efficientnet-B0 and SVMs: A deep learning methodology for EEG analysis,,Bioengineering,,https://scholar.google.com/citations?view_op=view_citation&hl=en&user=0DzJpLQAAAAJ&cstart=200&pagesize=100&citation_for_view=0DzJpLQAAAAJ:NtCmTCuxid4C,2,,"Yousif A Saadoon, Mohamad Khalil, Dalia Battikh","Seizure prediction is a critical challenge in epilepsy management, offering the potential to improve patient outcomes through timely interventions. This study proposes a novel framework combining a convolutional neural network (CNN) based on EfficientNet-B0 and an ensemble of six Support Vector Machines (SVMs) with a voting mechanism for robust seizure prediction. The framework leverages normalized Short-Time Fourier Transform (STFT) and channel correlation features extracted from EEG signals to capture both spectral and spatial information. The methodology was validated on the CHB-MIT dataset across preictal windows of 10, 20, and 30 min, achieving accuracies of 96.12%, 94.89%, and 94.21%, and sensitivities of 95.21%, 93.98%, and 93.55%, respectively. Comparing the results with state-of-the-art methods, we highlight the framework’s robustness and adaptability. The EfficientNet-B0 backbone …",biomedical signals,0.204
,"2023 Twelfth International Conference on Image Processing Theory, Tools and Applications (IPTA)","Privacy preserving encoder classifier for access control based on face recognition
R El Saj, CH Pham, ES Gooya, A Alfalou, M Khalil - 2023 Twelfth International Conference on Image …, 2023
Cited by 1 Related articles",2023/10/16,,,,,,1-5,"signal processing, detection, classification, Biomedical signals, Neurology",Cited by 1,Mohamad KHALIL,,,Privacy preserving encoder classifier for access control based on face recognition,,,,https://scholar.google.com/citations?view_op=view_citation&hl=en&user=0DzJpLQAAAAJ&cstart=200&pagesize=100&citation_for_view=0DzJpLQAAAAJ:TGkaJS32XoUC,,IEEE,"Raghida El Saj, Chi-Hieu Pham, Ehsan Sedgh Gooya, Ayman Alfalou, Mohamad Khalil","Processing private data to control the access of a system by identifying users and blocking unknowns is becoming increasingly important and requires the development of a privacy-preserving approach. This article presents a privacy-preserving access control method based on facial recognition. This method highlights the performance of classifiers based on generated output. A classifier based on generated output, a ResNet encoder, was used and tested on both clear data and encrypted data. The private data, the face images, were encrypted using a new perceptual image encryption method based on the discrete cosine transform.",classification,0.4
,2023 Seventh International Conference on Advances in Biomedical Engineering (ICABME),"3D Multimodal Visualization of Medical Data: Applied to Perfusion-Weighted MRI
HAA Obeid, B Mercier, R Zrour, S Horna, M Naudin… - 2023 Seventh International Conference on Advances …, 2023
Cited by 1 Related articles All 2 versions",2023/10/12,,,,,,167-173,"signal processing, detection, classification, Biomedical signals, Neurology",Cited by 1,Mohamad KHALIL,,,3D Multimodal Visualization of Medical Data: Applied to Perfusion-Weighted MRI,,,,https://scholar.google.com/citations?view_op=view_citation&hl=en&user=0DzJpLQAAAAJ&cstart=200&pagesize=100&citation_for_view=0DzJpLQAAAAJ:PuOEWVtPfzwC,,IEEE,"Hayssam Abd Alaziz Obeid, Bruno Mercier, Rita Zrour, Sebastien Horna, Mathieu Naudin, Mohamad Khalil","Magnetic Resonance Imaging (MRI) is a non-invasive medical imaging method used in radiology to create detailed images of anatomy and provide physiological data about the brain. Perfusion-weighted magnetic resonance imaging (PW-MRI) is one of MRI techniques used to study blood flow in the brain. This technique aims to estimate the parameters that characterize cerebral blood flow in a regular grid formed by large volume voxels, called the acquisition grid. One of the primary metrics assessed in PW-MRI is cerebral blood volume (CBV), which quantifies the amount of blood flowing through a specific brain region within a defined time frame. The accuracy of the quantification of CBV in each voxel of the acquisition grid is affected by the partial volume effect (PVE), which introduces a significant bias in cerebral perfusion measurements. In this research, we introduce an innovative multimodal technique aimed at …",biomedical signals,0.2
,,"Secure and resilient authenticated encryption approach based on chaotic neural networks and duplex construction
N Abdoun, S El Assad, TM Hoang, O Deforges, R Assaf… - Advances and Challenges in Science and Technology …, 2023
Cited by 1 Related articles",2023/10/9,,,,,,146-191,"signal processing, detection, classification, Biomedical signals, Neurology",Cited by 1,Mohamad KHALIL,,,Secure and resilient authenticated encryption approach based on chaotic neural networks and duplex construction,,Advances and Challenges in Science and Technology Vol. 6,,https://scholar.google.com/citations?view_op=view_citation&hl=en&user=0DzJpLQAAAAJ&cstart=200&pagesize=100&citation_for_view=0DzJpLQAAAAJ:3A3nxV7CjKIC,,BP International (a part of SCIENCEDOMAIN International),"Nabil Abdoun, Safwan El Assad, Thang Manh Hoang, Olivier Deforges, Rima Assaf, Mohamad Khalil","This chapter delves deep into the intricate interplay of procedures that underline the foundations of Authenticated Encryption (AE) and its significance in preserving the confidentiality and authenticity of our digital communications. As the digital age progresses, telecommunication systems have shifted towards digital paradigms, driven not only by the affordability and accessibility of digital components but also by the inherent benefits they bring. Herein, we introduce a distinct approach from the Standard Duplex Construction (SDC) known as the Modified Duplex Construction (MDC). The MDC incorporates two pivotal phases: the initialization phase and the duplexing phase, each encompassing a Chaotic Neural Network Revised (CNNR) defined by a singular-layered neural structure enriched with non-linear functionalities. The chapter further discusses the implementation of MDC in two specific widths of 512 and 1024 bits. A rigorous evaluation of this construction against various cryptanalytic threats showcases its resilience and robustness. In this discourse, readers will encounter the development, realization, and analysis of a novel Authenticated Encryption with Associated Data Scheme (AEADS), conceived from the chaotic realms of neural networks. The chapter explicates the encryption and decryption processes of AEADS, emphasizing the crucial role of variables such as IV, K, AD, and M in encryption, and C and T in decryption. The reliability of the decryption is contingent on the alignment of computed and received tags, dictating either the decryption of the original message or the generation of an error. The decryption intricacies …",signal processing,0.2
,,"Effect of analytical variability in estimating EEG-based functional connectivity
S Allouch, A Kabbara, J Duprez, V Paban, M Khalil… - bioRxiv, 2023
Cited by 1 Related articles All 2 versions",2023/8/18,,https://www.biorxiv.org/content/10.1101/2023.08.17.553675.full.pdf,,,,2023.08. 17.553675,"signal processing, detection, classification, Biomedical signals, Neurology",Cited by 1,Mohamad KHALIL,,,Effect of analytical variability in estimating EEG-based functional connectivity,,bioRxiv,,https://scholar.google.com/citations?view_op=view_citation&hl=en&user=0DzJpLQAAAAJ&cstart=200&pagesize=100&citation_for_view=0DzJpLQAAAAJ:Y9VhQm-5nPIC,,Cold Spring Harbor Laboratory,"Sahar Allouch, Aya Kabbara, Joan Duprez, Véronique Paban, Mohamad Khalil, Julien Modolo, Mahmoud Hassan","The significant degree of variability and flexibility in neuroimaging analysis approaches has recently raised concerns. When running any neuroimaging study, the researcher is faced with a large number of methodological choices, often made arbitrarily. This can produce substantial variability in the results, ultimately hindering research replicability, and thus, robust conclusions. Here, we addressed the analytical variability in the EEG source connectivity pipeline and its effects on outcomes consistency. Like most neuroimaging analyses, the EEG source connectivity analysis involves the processing of high-dimensional data and is characterized by a complex workflow that leads to high analytical variability. In this study, we focused on source functional connectivity variability induced by three key factors along the analysis pipeline: 1) number of EEG electrodes, 2) inverse solution algorithms, and 3) functional connectivity metrics. Outcomes variability was assessed in terms of group-level consistency, inter-, and intra-subjects similarity, using resting-state EEG data (n = 88). As expected, our results showed that different choices related to the number of electrodes, source reconstruction algorithm, and functional connectivity measure substantially affect group-level consistency, between-, and within-subjects similarity. We believe that the significant impact of such methodological variability represents a critical issue for neuroimaging studies that should be prioritized.
Highlights
The significant impact of methodological variability is a recognized critical priority issue for neuroimaging studies.
Analytical variability related to the number of electrodes, source …",signal processing,0.203
,,"An Overview of Regulations and Ethics of Artificial Intelligence in the Financial Services: Recent Developments, Current Challenges and Future Perspectives
J Geelal, M Khalil, O Samko, R Chung, S Yang - 2023
Cited by 1 Related articles",2023,,https://www.researchgate.net/profile/Mohamad-Khalil-2/publication/374062322_An_Overview_of_Regulations_and_Ethics_of_Artificial_Intelligence_in_the_Financial_Services_Recent_Developments_Current_Challenges_and_Future_Perspectives/links/650c2cf7c05e6d1b1c1f419b/An-Overview-of-Regulations-and-Ethics-of-Artificial-Intelligence-in-the-Financial-Services-Recent-Developments-Current-Challenges-and-Future-Perspectives.pdf,,,,,"signal processing, detection, classification, Biomedical signals, Neurology",Cited by 1,Mohamad KHALIL,,,"An Overview of Regulations and Ethics of Artificial Intelligence in the Financial Services: Recent Developments, Current Challenges and Future Perspectives",,,,https://scholar.google.com/citations?view_op=view_citation&hl=en&user=0DzJpLQAAAAJ&cstart=200&pagesize=100&citation_for_view=0DzJpLQAAAAJ:I858iXPj1OkC,,,"Jai Geelal, Mohamad Khalil, Oxana Samko, Ronnie Chung, Shenzhangyin Yang","With the rapid advancement of artificial intelligence (AI) systems, financial services (FS) has started to deploy these systems in several applications, for example, client-services, fraud detection, future client predictions, credit decisioning, cash flow forecasting, and anti-money laundering, which results in an improvement to their business transformation programmes and increased operational efficiency. As these systems, commonly known as black-box systems, are difficult to understand, governments and regulators alike across the sector is placing emphasis on regulating these systems to ensure they promote efficiency, innovation and societal good. In this work, we first present an overview of the existing research studies, and recent developments that have been utilized in the interdisciplinary domain around ethics and regulation of AI as applied to financial services. Our approach is to review and examine the proposed legislation, law, and guidance in the existing literature, as well as frameworks that are used to measure the ethical and responsible elements of AI systems in financial services. Furthermore, we also propose an AI framework that incorporates the regulatory considerations as well as risk identification process throughout the AI development lifecycle. Finally, the current challenges and limitations in the subject of this study are highlighted, with possible research directions are also suggested to pave the way for future work.",detection,0.603
,2022 IEEE Mediterranean and Middle-East Geoscience and Remote Sensing Symposium (M2GARSS),"Spatio-temporal analysis of particulate matter based on ground and satellite derived observations: United Arab Emirates
I Khalifa, R Al-Ruzouq, A Shanableh, K Hamad… - 2022 IEEE Mediterranean and Middle-East …, 2022
Cited by 1 Related articles All 2 versions",2022/3/7,,,,,,41-45,"signal processing, detection, classification, Biomedical signals, Neurology",Cited by 1,Mohamad KHALIL,,,Spatio-temporal analysis of particulate matter based on ground and satellite derived observations: United Arab Emirates,,,,https://scholar.google.com/citations?view_op=view_citation&hl=en&user=0DzJpLQAAAAJ&cstart=200&pagesize=100&citation_for_view=0DzJpLQAAAAJ:R22Rs3tN8aoC,,IEEE,"Inas Khalifa, Rami Al-Ruzouq, Abdallah Shanableh, Khaled Hamad, Sama Al-Ani, Mohamed Barakat A Gibril, Mohamad Ali Khalil","Particulate matter (PM) is a composition of air-borne particles and liquid droplets containing acids. PM is a major air pollutant that causes harm to both human health and the environment. The main categories of PM include coarse particles (PM10), and fine particles (PM2.5). Relying only on ground monitoring stations while assessing PM trends is challenging due to limited data availability. Therefore, satellite remote sensing for Aerosols optical depth (AOD) is essential for the long-term analysis of PM. This research investigates the variation of AOD across the United Arab Emirates (UAE) and to cross-verify results using PM ground monitoring stations data as there is a lack of studies in this region. Yearly satellite images for AOD obtained using Moderate Resolution Imaging Spectroradiometer (MODIS) will be used to demonstrate the change across the UAE for the past 16 years (2005–2020). Moreover, trend …",Unclassified,0.0
,"5th International Conference on Advances in Biomedical Engineering, ICABME 2019","Altered motor performance in Alzheimer's disease A dynamic analysis using EEG
S Allouch, J Tabbal, A Nasser, M Hassan, M Khalil… - 5th International Conference on Advances in …, 2019
Cited by 1 Related articles All 3 versions",2019/10/17,2019.0,,,,,8940204,"signal processing, detection, classification, Biomedical signals, Neurology",Cited by 1,Mohamad KHALIL,,,Altered motor performance in Alzheimer's disease A dynamic analysis using EEG,,,,https://scholar.google.com/citations?view_op=view_citation&hl=en&user=0DzJpLQAAAAJ&cstart=200&pagesize=100&citation_for_view=0DzJpLQAAAAJ:qE4H1tSSYIIC,,Institute of Electrical and Electronics Engineers Inc.,"Sahar Allouch, Judie Tabbal, Abdelkader Nasser, Mahmoud Hassan, Mohamad Khalil, Aya Kabbara","Alzheimer's disease (AD) is a neurodegenerative disease characterized by progressive memory impairment and cognitive deficits. Many previous studies assumed stationarity of the brain activity while quantifying differences between AD patients and controls. However, the human brain is a dynamic system, and cognitive processes may change at sub-second timescale. The main objective of this study is to investigate the advantage of dynamic analysis over static analysis in detecting the brain alterations occurred in AD. Therefore, using electroencephalography data recorded from 10 AD patients and 12 healthy elderly controls while performing a motor task, we investigated the channel-level differences in voltage distribution between AD and controls with both, static and dynamic approaches. While static analysis showed similar response for both groups, dynamic analysis revealed significant differences in different brain regions during the first 200 ms following stimulus onset. These findings highlight the necessity of adopting a dynamic analysis when exploring brain activity differences between AD and controls. © 2019 IEEE.",detection,0.4
,2019 Fifth International Conference on Advances in Biomedical Engineering (ICABME),"Automatic segmentation of bipolar EHGs’ contractions using wavelet decomposition-Mono & Multi-dimensional Study
A Zaylaa, A Diab, Z Fawal, M Khalil, C Marque - 2019 Fifth International Conference on Advances in …, 2019
Cited by 1 Related articles All 3 versions",2019/10/17,,https://www.researchgate.net/profile/Amer-Zaylaa/publication/338209218_Automatic_segmentation_of_bipolar_EHGs%27_contractions_using_wavelet_decomposition_-Mono_Multi-dimensional_Study/links/5e070ae492851c83649fdaee/Automatic-segmentation-of-bipolar-EHGs-contractions-using-wavelet-decomposition-Mono-Multi-dimensional-Study.pdf,,,,1-4,"signal processing, detection, classification, Biomedical signals, Neurology",Cited by 1,Mohamad KHALIL,,,Automatic segmentation of bipolar EHGs’ contractions using wavelet decomposition-Mono & Multi-dimensional Study,,,,https://scholar.google.com/citations?view_op=view_citation&hl=en&user=0DzJpLQAAAAJ&cstart=200&pagesize=100&citation_for_view=0DzJpLQAAAAJ:Wq2b2clWBLsC,,IEEE,"Amer Zaylaa, Ahmad Diab, Ziad Fawal, Mohamad Khalil, Catherine Marque","Automatic segmentation of contractions in multichannel uterine EMG signals is the main issue of interest in many recent studies. Most of them are faced with the problem of the detecting other events than contractions. Wavelets have the great advantage of being able to separate the fine details in a signal. Many studies applied wavelets for sake of detecting and analyzing abrupt changes in non-stationary signals. This study is another step of our project focused on the automatic contractions segmentation of uterine EMG signals. Indeed, we will focus on the application of dynamic cumulative sum method (DCS) with over-segmentation elimination techniques on details after wavelet decomposition of bipolar uterine EMG records. DCS will be applied in mono- and multi-dimensional. Detected events are then compared to contractions identified by expert using Margin validation test. Regarding the obtained sensitivity …",detection,0.4
,,"Detecting M/EEG modular brain states in rest and task
A Kabbara, M Khalil, G O'Neill, K Dujardin… - bioRxiv, 2019
Cited by 1 Related articles All 3 versions",2019/1/8,,https://www.biorxiv.org/content/10.1101/510727.full.pdf,,,,510727,"signal processing, detection, classification, Biomedical signals, Neurology",Cited by 1,Mohamad KHALIL,,,Detecting M/EEG modular brain states in rest and task,,bioRxiv,,https://scholar.google.com/citations?view_op=view_citation&hl=en&user=0DzJpLQAAAAJ&cstart=200&pagesize=100&citation_for_view=0DzJpLQAAAAJ:H_jBuBxbQIAC,,Cold Spring Harbor Laboratory,"Aya Kabbara, M Khalil, George O’Neill, Kathy Dujardin, Youssof El Traboulsi, Fabrice Wendling, Mahmoud Hassan","The human brain is a dynamic networked system that continually reconfigures its connectivity patterns over time. Thus, developing approaches able to adequately detect fast brain dynamics is critical. Of particular interest are the methods that analyze the modular structure of brain networks, i.e. the presence of clusters of regions that are densely inter-connected. In this paper, we propose a novel framework to identify fast modular states that dynamically fluctuate over time during rest and task. We validated our method using MEG data recorded during a finger movement task, identifying modular states linking somatosensory and primary motor regions. The algorithm was also validated on dense-EEG data recorded during picture naming task, revealing the sub-second transition between several modular states which relate to visual processing, semantic processing and language. Next, we validated our method on a dataset of resting state dense-EEG signals recorded from 124 patients with Parkinson’s disease and different cognitive phenotypes. Results disclosed brain modular states that differentiate cognitively intact patients, patients with moderate cognitive deficits and patients with severe cognitive deficits. Our new approach tracks the brain modular states, in healthy subjects and patients, on an adequate task-specific timescale.",signal processing,0.403
,,"Compact substrate integrated waveguide sensor for liquids permittivity measurement
M Khalil, M Kamarei, J Jomaah, M Fadlallah - Analog Integrated Circuits and Signal Processing, 2018
Cited by 1 Related articles All 4 versions",2018/8,96.0,https://www.academia.edu/download/101130835/s10470-018-1192-720230416-1-rd95l9.pdf,,,,317-326,"signal processing, detection, classification, Biomedical signals, Neurology",Cited by 1,Mohamad KHALIL,,,Compact substrate integrated waveguide sensor for liquids permittivity measurement,,Analog Integrated Circuits and Signal Processing,,https://scholar.google.com/citations?view_op=view_citation&hl=en&user=0DzJpLQAAAAJ&cstart=200&pagesize=100&citation_for_view=0DzJpLQAAAAJ:FiDNX6EVdGUC,,Springer US,"Mohamad Khalil, Mahmoud Kamarei, Jalal Jomaah, Majida Fadlallah","A compact substrate integrated waveguide (SIW) liquids permittivity sensor structure that utilizes half-mode (HM) and slow-wave (SW) techniques for the miniaturization of SIW sensor is presented in this paper. First, HM miniaturization technique is applied to SIW resonator cavity. Sensor width is reduced by 50% in comparison to the conventional resonator. Due to the complexity of the relationship between the complex permittivity of the substrate and liquids under test, artificial neural network tool is used as a simple and fast method to determine liquids’ complex permittivity through the measured resonant frequency and unloaded quality factor. The sensor is fabricated, and good agreement with simulations is observed according to the obtained experimental results. In the second step, SW and HM techniques are applied to the SIW sensor. The application of the HM and SW techniques indicate that an …",Unclassified,0.0
,,"Efficiency and stability of EN-ReliefF, a new method for feature selection
N Challita, MA Khalil, P Beauseroy - International Journal of Computer Aided Engineering …, 2018
Cited by 1 Related articles All 5 versions",2018,10.0,,,,,320-339,"signal processing, detection, classification, Biomedical signals, Neurology",Cited by 1,Mohamad KHALIL,,,"Efficiency and stability of EN-ReliefF, a new method for feature selection",,International Journal of Computer Aided Engineering and Technology,,https://scholar.google.com/citations?view_op=view_citation&hl=en&user=0DzJpLQAAAAJ&cstart=200&pagesize=100&citation_for_view=0DzJpLQAAAAJ:VN7nJs4JPk0C,3,Inderscience Publishers (IEL),"Nicole Challita, Mohamad Ali Khalil, Pierre Beauseroy","One of the most advanced forms of industrial maintenance is predictive maintenance. Indeed, the present analysis of the behaviour of a material helps to predict future behaviour. So as the diagnosis of faults in rotating machines is an important subject in order to increase their productivity and reliability, the choice of features to be used for classification and diagnosis constitutes a crucial point. The use of all the possible features will cause an increase in the computational cost and it will even lead to the increase of the classification error because of the existence of redundant and non-significant features. In this context, we are interested in presenting different methods of feature selection and proposing a new approach that tends to select the best features among existing ones and perform the classification-identification using the selected features. A study of the proposed method stability is also provided.",classification,0.604
,,"Triply Differential Ionization Cross Sections of atomic and molecular targets by single electron impact
L Mouawad, Z El Bitar, A Osman, M Khalil, PA Hervieux… - EPJ Web of Conferences, 2018
Cited by 1 Related articles All 12 versions",2018,170.0,https://www.epj-conferences.org/articles/epjconf/pdf/2018/05/epjconf_animma2018_01012.pdf,,,,01012,"signal processing, detection, classification, Biomedical signals, Neurology",Cited by 1,Mohamad KHALIL,,,Triply Differential Ionization Cross Sections of atomic and molecular targets by single electron impact,,EPJ Web of Conferences,,https://scholar.google.com/citations?view_op=view_citation&hl=en&user=0DzJpLQAAAAJ&cstart=200&pagesize=100&citation_for_view=0DzJpLQAAAAJ:QyXJ3EUuO1IC,,EDP Sciences,"Lena Mouawad, Ziad El Bitar, Ahmad Osman, Mohamad Khalil, Paul Antoine Hervieux, Claude Dal Cappello","We present numerically calculated triply differential cross sections for the simple ionization of two targets, atomic hydrogen and ammonia, in the First Born Approximation framework with one Coulomb wave describing the ejected electron. The partial wave series of the wavefunctions centered around the same origin were used and the intial state molecular wavefunction was derived using information provided by Gaussian03 software for ammonia. The theoretical results are calculated in the geometrical settings and kinematical conditions of previous experiments and are compared to published experimental and theoretical data. The results show good agreement with previous studies based on the same model for hydrogen. The general shape of the triply differential cross sections obtained for ammonia are in acceptable agreement with experimental data in the binary region but not in the recoil region where our …",Unclassified,0.0
Conference of the Italian Association for Artificial Intelligence,,"A criminal domain ontology for modelling legal norms
M El Ghosh, H Abdulrab, H Naja, M Khalil - Conference of the Italian Association for Artificial …, 2017
Cited by 1 Related articles All 4 versions",2017/11/7,,,,,,282-294,"signal processing, detection, classification, Biomedical signals, Neurology",Cited by 1,Mohamad KHALIL,,,A criminal domain ontology for modelling legal norms,,,,https://scholar.google.com/citations?view_op=view_citation&hl=en&user=0DzJpLQAAAAJ&cstart=200&pagesize=100&citation_for_view=0DzJpLQAAAAJ:KaMxkj08jr0C,,Springer International Publishing,"Mirna El Ghosh, Habib Abdulrab, Hala Naja, Mohamad Khalil",This work discusses an ontological model for legal norms of the criminal domain. An ontology-based modelling approach is proposed for this purpose. The approach tends to build a criminal domain ontology and then formalize the legal rules based on it. A middle-out approach is applied for building the criminal domain ontology based on ontology reuse and modularization processes. This approach tends to simplify the complexity and difficulty of ontology building process by reusing foundational and legal core ontologies.,signal processing,0.2
,2017 Fourth International Conference on Advances in Biomedical Engineering (ICABME),"Estimating the dominant frequency of High Frequency Oscillations in depth-EEG signals
M Shamas, I Merlet, A Nica, P Benquet, M Khalil… - 2017 Fourth International Conference on Advances in …, 2017
Cited by 1 Related articles",2017/10/19,,,,,,1-3,"signal processing, detection, classification, Biomedical signals, Neurology",Cited by 1,Mohamad KHALIL,,,Estimating the dominant frequency of High Frequency Oscillations in depth-EEG signals,,,,https://scholar.google.com/citations?view_op=view_citation&hl=en&user=0DzJpLQAAAAJ&cstart=200&pagesize=100&citation_for_view=0DzJpLQAAAAJ:RoXSNcbkSzsC,,IEEE,"Mohamad Shamas, Isabelle Merlet, Anca Nica, Pascal Benquet, Mohamad Khalil, Wassim El Faou, Fabrice Wendling","Pathological high-frequency oscillations (HFOs, 200–600 Hz) observed in depth-EEG and on scalp EEG recordings are recognized to be potentially valuable biomarkers of the epileptogenic zone responsible for generating seizures. Many research studies have been dedicated to detect, classify, simulate and understand the underlying mechanisms responsible for their generation. However, broadly classifying the HFOs into classes of wide frequency bands may negatively impact the quality of information carried by these electrophysiological biomarkers. In this paper, we perform a comparative study of various signal processing methods for estimating the dominant frequency of HFOs. The novelty is to make use of a physiologically-plausible computational model in which the HFO frequency can be tuned a priori. Results indicate that non-parametric methods best estimate the frequency of the low-amplitude fast …",signal processing,0.608
,,"Modeling Roadway Traffic Noise in Sharjah, United Arab Emirates
K Hamad, MA Khalil, A Shanableh - 2016
Cited by 1 Related articles",2016,,,,,Transportation Research Board 95th Annual MeetingTransportation Research Board,,"signal processing, detection, classification, Biomedical signals, Neurology",Cited by 1,Mohamad KHALIL,,,"Modeling Roadway Traffic Noise in Sharjah, United Arab Emirates",,,,https://scholar.google.com/citations?view_op=view_citation&hl=en&user=0DzJpLQAAAAJ&cstart=200&pagesize=100&citation_for_view=0DzJpLQAAAAJ:sfnaS5RM6jYC,16-2271,,"Khaled Hamad, Mohamad Ali Khalil, Abdallah Shanableh","Traffic noise is the World’s most prevalent form of environmental noise which negatively affects human health. Traffic noise varies among countries due to differences in many factors, such as vehicle classifications, type and condition of the pavement surface, and metrological conditions. Given the growing interest in environmental noise in United Arab Emirates, this paper discusses the development of a traffic noise model for Sharjah City, the third largest city in the Country. After field data collection, a few widely-used traffic noise models were calibrated and tested to select a traffic noise model to better suit local conditions. The performance of the calibrated models while following their original form were statistically acceptable; the performance of these models was significantly improved when roadway temperature was also considered. Very few researchers around the world considered this factor. While the …",classification,0.4
,2015 International Conference on Advances in Biomedical Engineering (ICABME),"Beam shaping systems for small animal proton therapy
L Mouawad, M Rousseau, D Brasse, Z El Bitar… - 2015 International Conference on Advances in …, 2015
Cited by 1 Related articles All 3 versions",2015/9/16,,https://www.researchgate.net/profile/Ahmad-El-Osman-2/publication/312213975_Beam_shaping_systems_for_small_animal_proton_therapy/links/5876b3b808ae329d62260e0c/Beam-shaping-systems-for-small-animal-proton-therapy.pdf,,,,174-177,"signal processing, detection, classification, Biomedical signals, Neurology",Cited by 1,Mohamad KHALIL,,,Beam shaping systems for small animal proton therapy,,,,https://scholar.google.com/citations?view_op=view_citation&hl=en&user=0DzJpLQAAAAJ&cstart=200&pagesize=100&citation_for_view=0DzJpLQAAAAJ:9c2xU6iGI7YC,,IEEE,"Lena Mouawad, Marc Rousseau, David Brasse, Ziad El Bitar, Ahmad Osman, Mohamad Khalil, Ziad Francis","Pre-clinical research using small animal models is of crucial importance in cancer research. Small animal radiotherapy platforms have been established allowing the evaluation of therapies and treatment plans in the pre-clinical setting before applying them in human radiotherapy. This work is done in the aim of developing a proton therapy treatment plan for small animals. It deals in particular with the optimization, using Monte Carlo simulations, of a beam shaping device that conforms the dose profile to a subcutaneous tumor five millimeters deep. Three models are compared: A range compensator, attenuator slabs each with a specific collimator, and attenuator slabs with a fixed-size collimator. Using Aluminium slabs of different thicknesses, that can be inserted manually one by one before the tumor in a way to cover all the tumor volume, with a collimator to shield unwanted protons, is judged to be the best method …",Unclassified,0.0
,"Proc. Of the 20th LAAS International Science Conference, LAAS 20","Gender Classification by X-Ray Images of Hand
Y Kabbara, A Shahin, AA Nait-Ali, M Khalil - Proc. Of the 20th LAAS International Science …, 2014
Cited by 1 Related articles",2014/3/29,,,,,,,"signal processing, detection, classification, Biomedical signals, Neurology",Cited by 1,Mohamad KHALIL,,,Gender Classification by X-Ray Images of Hand,,,,https://scholar.google.com/citations?view_op=view_citation&hl=en&user=0DzJpLQAAAAJ&cstart=200&pagesize=100&citation_for_view=0DzJpLQAAAAJ:ZzlSgRqYykMC,,,"Yeihya Kabbara, Ahmad Shahin, AA Nait-Ali, Mohamad Khalil","Gender Classification by X-Ray Images of Hand - Archive ouverte HAL Recherche Accéder directement au contenu Pied de page Logo Logo Documentation FR Français (FR) Anglais (EN) Se connecter HAL science ouverte Recherche Loading... Recherche avancée Information de documents Titres Titres Sous-titre Titre de l'ouvrage Titre du volume (Série) Champ de recherche par défaut (multicritères) + texte intégral des PDF Résumé Texte intégral indexé des documents PDF Mots-clés Type de document Sous-type de document Tous les identifiants du document Identifiant HAL du dépôt Langue du document (texte) Pays (Texte) Ville À paraître (true ou false) Ajouter Auteur Auteur (multicritères) Auteur (multicritères) Auteur : Nom complet Auteur : Nom de famille Auteur : Prénom Auteur : Complément de nom, deuxième prénom Auteur : Organisme payeur Auteur : IdHal (chaîne de caractères) Auteur : Fonction Auteur …",classification,0.605
,"2013 1st International Conference on Communications, Signal Processing, and their Applications (ICCSPA)","Differentiating between patients with vasovagal syncope using the analysis of heart rate variability during head-up tilt test
N Khodor, H Amoud, M Khalil, D Matelot, A Hernandez… - 2013 1st International Conference on Communications …, 2013
Cited by 1 Related articles",2013/2/12,,,,,,1-4,"signal processing, detection, classification, Biomedical signals, Neurology",Cited by 1,Mohamad KHALIL,,,Differentiating between patients with vasovagal syncope using the analysis of heart rate variability during head-up tilt test,,,,https://scholar.google.com/citations?view_op=view_citation&hl=en&user=0DzJpLQAAAAJ&cstart=200&pagesize=100&citation_for_view=0DzJpLQAAAAJ:cWzG1nlazyYC,,IEEE,"Nadine Khodor, Hassan Amoud, Mohamad Khalil, David Matelot, Alfredo Hernandez, Guy Carrault, Francois Carre","The aim of this paper is to improve the physiological understanding in order to differentiate between the two types of vasovagal syncope by performing a Head-up Tilt Test. The Head-up Tilt Test is a well known procedure to reproduce vasovagal syncope, patients who had syncope during the test show different orthostatic response depending on they are cardioinhibitory or vasodepressor patients which can be explain by different pathogeneses, although existing knowledge of the autonomic balance in patients with positive response is still not completely clear. The Electrocardiogram signal from 20 patients, 12 cardioinhibitory and 8 vasodepressor were analyzed with the validated software Segmenta (Laboratory of Signal and Image Processing, Rennes) to extract classical heart rate variability parameters then comparison were made within and between group for 5 minutes of resting, the first 5 minutes of the tilt test …",signal processing,0.408
,2012 2nd International Conference on Advances in Computational Tools for Engineering Applications (ACTEA),"Bearing fault detection using neural networks
M Hajar, M Khalil - 2012 2nd International Conference on Advances in …, 2012
Cited by 1 Related articles",2012/12/12,,,,,,57-60,"signal processing, detection, classification, Biomedical signals, Neurology",Cited by 1,Mohamad KHALIL,,,Bearing fault detection using neural networks,,,,https://scholar.google.com/citations?view_op=view_citation&hl=en&user=0DzJpLQAAAAJ&cstart=200&pagesize=100&citation_for_view=0DzJpLQAAAAJ:6yz0xqPARnAC,,IEEE,"Mayssa Hajar, Mohamad Khalil","In this paper we present an application for the Artificial Neural Networks in industrial monitoring domain. Because it is frequently defected, we chose the bearing element to diagnose. Applying the pattern recognition principle, we used the bearing vibration signals which represent this element in its different states (normal, defected and severely defected) to extract their power spectral density parameters and classify them using the Feed Forward Neural Networks. The performance of the used networks reached 100% in some cases.",detection,0.607
,ESMRMB,"Undersampling for fast multidimensional spectroscopy with sparse frequency domain
D Merhej, H Ratiney, C Diab, M Khalil, R Prost - ESMRMB, 2011
Cited by 1 Related articles",2011,,,,,,,"signal processing, detection, classification, Biomedical signals, Neurology",Cited by 1,Mohamad KHALIL,,,Undersampling for fast multidimensional spectroscopy with sparse frequency domain,,,,https://scholar.google.com/citations?view_op=view_citation&hl=en&user=0DzJpLQAAAAJ&cstart=200&pagesize=100&citation_for_view=0DzJpLQAAAAJ:5bg8sr1QxYwC,,,"Dany Merhej, H Ratiney, Chaouki Diab, Mohamad Khalil, R Prost","Undersampling for fast multidimensional spectroscopy with sparse frequency domain - Archive ouverte HAL Recherche Accéder directement au contenu Pied de page Logo Logo Documentation FR Français (FR) Anglais (EN) Se connecter HAL science ouverte Recherche Loading... Recherche avancée Information de documents Titres Titres Sous-titre Titre de l'ouvrage Titre du volume (Série) Champ de recherche par défaut (multicritères) + texte intégral des PDF Résumé Texte intégral indexé des documents PDF Mots-clés Type de document Sous-type de document Tous les identifiants du document Identifiant HAL du dépôt Langue du document (texte) Pays (Texte) Ville À paraître (true ou false) Ajouter Auteur Auteur (multicritères) Auteur (multicritères) Auteur : Nom complet Auteur : Nom de famille Auteur : Prénom Auteur : Complément de nom, deuxième prénom Auteur : Organisme payeur Auteur : IdHal (chaîne …",Unclassified,0.0
,"International Conference on Informatics in Control, Automation and Robotics","Fault Detection by Means of DCS Algorithm Combined with Filters Bank-Application to the Tennessee Eastman Challenge Process
O Mustapha, M Khalil, G Hoblos, H Chafouk… - International Conference on Informatics in Control …, 2008
Cited by 1 Related articles All 6 versions",2008/5/11,2.0,https://www.scitepress.org/PublishedPapers/2008/14816/14816.pdf,,,,102-107,"signal processing, detection, classification, Biomedical signals, Neurology",Cited by 1,Mohamad KHALIL,,,Fault Detection by Means of DCS Algorithm Combined with Filters Bank-Application to the Tennessee Eastman Challenge Process,,,,https://scholar.google.com/citations?view_op=view_citation&hl=en&user=0DzJpLQAAAAJ&cstart=200&pagesize=100&citation_for_view=0DzJpLQAAAAJ:0CzhzZyukY4C,,SCITEPRESS,"Oussama Mustapha, Mohamad Khalil, Ghaleb Hoblos, Houcine Chafouk, Dimitri Lefebvre","Early fault detection, which reduces the possibility of catastrophic damage, is possible by detecting the change of characteristic features of the signals. The aim of this article is to detect faults in complex industrial systems, like the Tennessee Eastman Challenge Process, through on-line monitoring. The faults that are concerned correspond to a change in frequency components of the signal. The proposed approach combines the filters bank technique, for extracting frequency and energy characteristic features, and the Dynamic Cumulative Sum method (DCS), which is a recursive calculation of the logarithm of the likelihood ratio between two local segments. The method is applied to detect the perturbations that disturb the Tennessee Eastman Challenge Process and may lead the process to shut down.",detection,0.605
,,"Faults identification in industrial machines using non parametric classification methods
M Khalil, K Khalil - Int J Comput Cognit, 2007
Cited by 1 Related articles All 2 versions",2007/12,5.0,https://www.researchgate.net/profile/Khaled-Khalil-4/publication/229020944_Faults_Identification_in_Industrial_Machines_Using_Nonparametric_Classification_Methods/links/00b4952b88dd550c04000000/Faults-Identification-in-Industrial-Machines-Using-Nonparametric-Classification-Methods.pdf,,,,21-26,"signal processing, detection, classification, Biomedical signals, Neurology",Cited by 1,Mohamad KHALIL,,,Faults identification in industrial machines using non parametric classification methods,,Int J Comput Cognit,,https://scholar.google.com/citations?view_op=view_citation&hl=en&user=0DzJpLQAAAAJ&cstart=200&pagesize=100&citation_for_view=0DzJpLQAAAAJ:NXb4pA-qfm4C,,,"Mohamad Khalil, Khaled Khalil","he aim of this paper is to propose a method for the detection of faults in industrial systems, such as electrical machines and drives, through on-line monitoring system. Early fault detection, which reduces the possibility of catastrophic damage, is possible by comparing the measured signals with a database that contains characteristic signals for machines operating with or without faulty conditions. he aim of this paper is to propose a method for the detection of faults in industrial systems, such as electrical machines and drives, through on-line monitoring system. Early fault detection, which reduces the possibility of catastrophic damage, is possible by comparing the measured signals with a database that contains characteristic signals for machines operating with or without faulty conditions. T This approach is based on non parametric methods applied after extracting frequency and energy characteristic features from the vibration signal attached to the machine. Two types of faults are tested: fault in the belt and fault in the gears. Three methods of classification are tested: Artificial Neural Network based method, Parzen window based method and K-nearest neighbor based method. These three methods are compared and the Parzen window based method gives good result: more than 90% of segments are well classified. Copyright cO 2007 Yang’s",detection,0.604
,Third International Conference on Information Technology and Applications (ICITA'05),"New approach for detection using wavelet coefficients
M Chendeb, M Khalil, J Duchêne - … on Information Technology and Applications (ICITA'05), 2005
Cited by 1 Related articles All 5 versions",2005/7/4,2.0,,,,,603-607,"signal processing, detection, classification, Biomedical signals, Neurology",Cited by 1,Mohamad KHALIL,,,New approach for detection using wavelet coefficients,,,,https://scholar.google.com/citations?view_op=view_citation&hl=en&user=0DzJpLQAAAAJ&cstart=200&pagesize=100&citation_for_view=0DzJpLQAAAAJ:bz8QjSJIRt4C,,IEEE,"Marwa Chendeb, Mohamad Khalil, Jacques Duchêne","Our aim is to detect events in digital signals. To make this detection the signals are considered to be piecewise stationary, with no a priori knowledge of the parameters of the hypotheses on the process state to be detected. The detector is applied on the detail coefficients obtained after the application of the Mallat's fast decomposition algorithm without reconstruction of the detail signals. The association of wavelet transform and an algorithm of detection such as the cumulative sum applied on adaptive windows produces satisfactory results. The moments of detection obtained on each scale are shifted because the decimation and the convolution between a sequence of an approximation coefficients of a precedent level and the impulsion responses of low pass and high pass filters corresponding to the scaling and wavelet functions respectively. Equations of retiming to obtain the correct moment in original signal show …",detection,0.604
,3rd European Medical and Biological Engineering Conference (EMBEC): Advancement of Medicine and Health Care through Technology,"The use of wavelet packets for detection and identification of events in uterine EMG
M Chendeb, M Khalil, J Duchene - 3rd European Medical and Biological Engineering …, 2005
Cited by 1 Related articles All 2 versions",2005,,,,,,,"signal processing, detection, classification, Biomedical signals, Neurology",Cited by 1,Mohamad KHALIL,,,The use of wavelet packets for detection and identification of events in uterine EMG,,,,https://scholar.google.com/citations?view_op=view_citation&hl=en&user=0DzJpLQAAAAJ&cstart=200&pagesize=100&citation_for_view=0DzJpLQAAAAJ:SxCCDk4iOpsC,,,"Marwa Chendeb, Mohamad Khalil, Jacques Duchene","In this paper, we propose a best basis selection method to choose a set of packets from a wavelet packet tree. Our goal is to obtain packets that show changes in both energy and frequency. The criterion adapted to choose the best basis is the Kullback-Leibler Distance (KLD). When there is no event to be detected, the estimated KLD follows roughly an exponential distribution depending on only one parameter: the length of the windows partitioning the signal. When events are detected in a packet, the distribution of the estimated KLD deviates from the exponential distribution. The statistics Kolmogorov-Smirnov are used to measure the separation between experimental and theoretical cumulative distributions in order to highlight the presence of ruptures, then to select the most relevant packets.",detection,0.605
,"Conférence Internationale SETIT'2005 Sciences Electroniques, Technologiques de l'Information et des Télécommunications","Identification des segments EMG par Data Mining et Statistiques
M Atieh, R Younes, M Khalil, N Matta, H Akdag - … '2005 Sciences Electroniques, Technologiques de l' …, 2005
Cited by 1 Related articles All 4 versions",2005,,https://www.researchgate.net/profile/Rafic-Younes/publication/228878412_Identification_des_segments_EMG_par_Data_Mining_et_Statistiques/links/00b4951b8a77485cb1000000/Identification-des-segments-EMG-par-Data-Mining-et-Statistiques.pdf,,,,104-104,"signal processing, detection, classification, Biomedical signals, Neurology",Cited by 1,Mohamad KHALIL,,,Identification des segments EMG par Data Mining et Statistiques,,,,https://scholar.google.com/citations?view_op=view_citation&hl=en&user=0DzJpLQAAAAJ&cstart=200&pagesize=100&citation_for_view=0DzJpLQAAAAJ:PaBasH6fAo0C,,,"Mirna Atieh, Rafic Younes, Mohamad Khalil, Nada Matta, Herman Akdag","The objective of this paper is to evaluate and detect muscular tiredness in natural activities, in particular, to select the most comfortable car seat. This work consists to identifying and to classify the EMG signal of the techniques from data mining and from the statistical techniques. We thus tried hybridization between some to lead to a better separation between the classes. The methods of clustering will be applied to some signals resulting from the experiments of discomfort of long duration on seats of different vehicles. These methods consist in separating segments EMG in two classes corresponding to the frequential variation from EMG signal.",detection,0.4
,GRETSI 2001,"Segmentation avec rejet de signaux EMG posturaux par une méthode locale
W El Falou, J Duchene, M Khalil, Y Langeron - GRETSI 2001, 2001
Cited by 1 Related articles All 4 versions",2001,,,,,,,"signal processing, detection, classification, Biomedical signals, Neurology",Cited by 1,Mohamad KHALIL,,,Segmentation avec rejet de signaux EMG posturaux par une méthode locale,,,,https://scholar.google.com/citations?view_op=view_citation&hl=en&user=0DzJpLQAAAAJ&cstart=200&pagesize=100&citation_for_view=0DzJpLQAAAAJ:FAceZFleit8C,,,"Wassim El Falou, Jacques Duchene, Mohamad Khalil, Yves Langeron","Segmentation avec rejet de signaux EMG posturaux par une méthode locale - Archive ouverte HAL Recherche Accéder directement au contenu Pied de page Logo Logo Documentation FR Français (FR) Anglais (EN) Se connecter HAL science ouverte Recherche Loading... Recherche avancée Information de documents Titres Titres Sous-titre Titre de l'ouvrage Titre du volume (Série) Champ de recherche par défaut (multicritères) + texte intégral des PDF Résumé Texte intégral indexé des documents PDF Mots-clés Type de document Sous-type de document Tous les identifiants du document Identifiant HAL du dépôt Langue du document (texte) Pays (Texte) Ville À paraître (true ou false) Ajouter Auteur Auteur (multicritères) Auteur (multicritères) Auteur : Nom complet Auteur : Nom de famille Auteur : Prénom Auteur : Complément de nom, deuxième prénom Auteur : Organisme payeur Auteur : IdHal (chaîne de …",signal processing,0.2
,Proceedings of the First Joint BMES/EMBS Conference. 1999 IEEE Engineering in Medicine and Biology 21st Annual Conference and the 1999 Annual Fall Meeting of the Biomedical Engineering Society (Cat. N,"Uterine EMG processing: dynamic detection associated with multiscale classification of events
M Khalil, J Duchene, C Marque - Proceedings of the First Joint BMES/EMBS Conference …, 1999
Cited by 1 Related articles All 3 versions",1999/10/13,2.0,,,,,938 vol. 2,"signal processing, detection, classification, Biomedical signals, Neurology",Cited by 1,Mohamad KHALIL,,,Uterine EMG processing: dynamic detection associated with multiscale classification of events,,,,https://scholar.google.com/citations?view_op=view_citation&hl=en&user=0DzJpLQAAAAJ&cstart=200&pagesize=100&citation_for_view=0DzJpLQAAAAJ:Ri6SYOTghG4C,,IEEE,"Mohamad Khalil, Jacques Duchene, Catherine Marque","Towards the goal of detecting preterm birth by characterizing the events in the uterine electromyogram (EMG), we propose a new approach for detection and classification of events in this signal. Detection is based on the Dynamic Cumulative Sum (DCS) of the local generalized likelihood ratio associated with a multiscale decomposition using wavelet transform. An unsupervised classification based on the comparison between variance-covariance matrices computed from selected scales has been implemented after detection. Finally a class identification based on a neural network is used. This algorithm of detection-classification-labelling gives satisfactory results on uterine EMG: in most cases more than 80% of events are well-detected and classified whatever the term of gestation.",detection,0.605
,"GRETSI 97: seizième colloque sur le traitement du signal et des images (Grenoble, 15-19 septembre 1997)","Détection et classification d’évènements en représentation multidimensionnelle Application sur l’EMG utérin.
M Khalil, J Duchêne, C Marque - GRETSI 97: seizième colloque sur le traitement du …, 1997
Cited by 1 Related articles All 4 versions",1997,,https://www.gretsi.fr/data/colloque/pdf/1997_001-0083_12616.pdf,,,,331-334,"signal processing, detection, classification, Biomedical signals, Neurology",Cited by 1,Mohamad KHALIL,,,Détection et classification d’évènements en représentation multidimensionnelle Application sur l’EMG utérin.,,,,https://scholar.google.com/citations?view_op=view_citation&hl=en&user=0DzJpLQAAAAJ&cstart=200&pagesize=100&citation_for_view=0DzJpLQAAAAJ:_FM0Bhl9EiAC,,,"Mohamad Khalil, Jacques Duchêne, Catherine Marque","RÉSUMÉ L’EMG utérin peut être représenté par un processus AR où plusieurs évènements sont superposés. Dans ce cas, la détection peut être faite en utilisant des algorithmes de détection classiques. Cependant, l’algorithme de classification doit prendre en compte les formes spécifiques de ces évènements superposés. Dans ce travail, la classification est basée sur la décomposition multi-échelle et sur le test multihypothèse. Après détection utlisant le modèle AR adaptatif, le signal est décomposé en plusieurs échelles et classifié suivant une matrice de variance-covariance calculée à partir de la décomposition multiéchelle. Cet approche aboutit à deux retards différents pour la détection et la classification. Ils dépendent du seuil de détection et du temps d’estimation de la matrice de variance covariance, respectivement.",classification,0.605
,,"Interaction effects of soil alkalinity and salinity of irrigation water on yield of grain and protein of Giza and Mexican wheat.
M Khalil, I Anter, H Bokhati, A Ismail - 1977
Cited by 1 Related articles",1977,55.0,,,,,63-70,"signal processing, detection, classification, Biomedical signals, Neurology",Cited by 1,Mohamad KHALIL,,,Interaction effects of soil alkalinity and salinity of irrigation water on yield of grain and protein of Giza and Mexican wheat.,,,,https://scholar.google.com/citations?view_op=view_citation&hl=en&user=0DzJpLQAAAAJ&cstart=200&pagesize=100&citation_for_view=0DzJpLQAAAAJ:JH5k92_tO-AC,5,,"M Khalil, I Anter, H Bokhati, A Ismail","In pot trials at Alexandria, wheat cv. Giza 155 and Mexican 69 were grown in soil of 15, 30 or 45 ESP value and irrigated with tap water or 10 or 20% sea water. Grain yield increased with ESP values up to 30 in Giza 155 and 45 in Mexican 69 when irrigated with tap water and 10% sea water. With 20% sea water, grain yields decreased with increasing ESP values. Grain yield was not affected by 10% sea water but was increased by irrigation with 20% sea water at low ESP values. Straw yield was reduced by increasing ESP values and high salinity levels. Grain CP content increased with ESP values up to 30 and with salinity whereas the N content was adversely affected. Increasing ESP values caused an increase in Na and decrease in K content of the plant. At ESP values up to 30, sea water irrigation tended to reverse this trend.",Unclassified,0.0
,,"CriMOnto: A generalized domain-specific ontology for modeling procedural norms of the Lebanese criminal law
M El Ghosh, H Naja, H Abdulrab, M Khalil - Data & Knowledge Engineering, 2025
Related articles",2025/7/1,158.0,,,,,102419,"signal processing, detection, classification, Biomedical signals, Neurology",,Mohamad KHALIL,,,CriMOnto: A generalized domain-specific ontology for modeling procedural norms of the Lebanese criminal law,,Data & Knowledge Engineering,,https://scholar.google.com/citations?view_op=view_citation&hl=en&user=0DzJpLQAAAAJ&cstart=200&pagesize=100&citation_for_view=0DzJpLQAAAAJ:rbGdIwl2e6cC,,North-Holland,"Mirna El Ghosh, Hala Naja, Habib Abdulrab, Mohamad Khalil","Criminal (or penal) law regulates offenses, offenders, and legal punishments. Modeling criminal law is gaining much attention in the ontology engineering community. However, a significant aspect is neglected: the explicit representation of procedural knowledge. Procedural norms, such as regulative norms, are addressed to agents in the normative system. They govern the different interactions among these agents. In this study, we propose a formal and faithful representation of the procedural aspect of legal norms in the context of the Lebanese Criminal Code. A modular domain-specific ontology named CriMOnto is developed for this purpose. CriMOnto is grounded in the Unified Foundational Ontology (UFO) and the legal core ontology UFO-L by applying the Ontology-Driven Conceptual Modeling (ODCM) process. Conceptual Ontology Patterns (COPs) are reused from UFO and UFO-L to build the hierarchical …",signal processing,0.2
,,"Simulated uterine contractions: Graph theory and connectivity-based analysis of EHG signals
KB Eldine, N Nader, M Khalil, C Marque - Biomedical Engineering Advances, 2025
Related articles",2025/6/1,9.0,https://www.sciencedirect.com/science/article/pii/S2667099225000349,,,,100178,"signal processing, detection, classification, Biomedical signals, Neurology",,Mohamad KHALIL,,,Simulated uterine contractions: Graph theory and connectivity-based analysis of EHG signals,,Biomedical Engineering Advances,,https://scholar.google.com/citations?view_op=view_citation&hl=en&user=0DzJpLQAAAAJ&cstart=200&pagesize=100&citation_for_view=0DzJpLQAAAAJ:hHIA4WEVY-EC,,Elsevier,"Kamil Bader Eldine, Noujoud Nader, Mohamad Khalil, Catherine Marque","Preterm labor represents the prominent cause of mortality and morbidity, highlighting the important need for improved preterm contraction prediction and management. One promising approach to resolving this challenge is to analyze the electrohysterographic (EHG) signal, which records the electrical activity regulating uterine contractions. Analyzing the features of the EHG signal contributes valuable data to detect labor. In this paper, we propose a new framework using simulated EHG signals to identify features sensitive to uterine connectivity. We focus on EHG signal propagation during labor, recorded by multiple electrodes. We simulated EHG signals in different groups to determine which connectivity methods and graph parameters best represent the two main factors driving uterine synchronization: short-distance propagation (via electrical diffusion, ED) and long-distance synchronization (via …",detection,0.4
,,"Electrical and Mechanical Modeling of Uterine Contractions Analysis Using Connectivity Methods and Graph Theory
KBE Dine, N Nader, M Khalil, C Marque - arXiv preprint arXiv:2501.10544, 2025
Related articles",2025/1/17,,https://arxiv.org/pdf/2501.10544,,,,,"signal processing, detection, classification, Biomedical signals, Neurology",,Mohamad KHALIL,,,Electrical and Mechanical Modeling of Uterine Contractions Analysis Using Connectivity Methods and Graph Theory,,arXiv preprint arXiv:2501.10544,,https://scholar.google.com/citations?view_op=view_citation&hl=en&user=0DzJpLQAAAAJ&cstart=200&pagesize=100&citation_for_view=0DzJpLQAAAAJ:q0uBw5dMOAkC,,,"Kamil Bader El Dine, Noujoud Nader, Mohamad Khalil, Catherine Marque","Premature delivery is a leading cause of fetal death and morbidity, making the prediction and treatment of preterm contractions critical. The electrohysterographic (EHG) signal measures the electrical activity controlling uterine contraction. Analyzing EHG features can provide valuable insights for labor detection. In this paper, we propose a framework using simulated EHG signals to identify features sensitive to uterine connectivity. We focus on EHG signal propagation during delivery, recorded by multiple electrodes. Simulated EHG signals were generated using electrical diffusion (ED) and mechanotransduction (EDM) to identify which connectivity methods and graph parameters best represent uterine synchronization. The signals were simulated in two scenarios: using only ED by modifying tissue resistance, and using both ED and EDM by varying mechanotransduction model parameters. A matrix of 16 surface electrodes was used for the simulations. Our results show that a simplified electromechanical model can monitor uterine synchronization. Feature selection using Fscore on real and simulated EHG signals highlighted that the best features for detecting mechanotransduction shifts were H2 alone or combined with Str, R2(PR), and ICOH(Str). The best features for detecting electrical diffusion shifts were H2, Eff, PR, and BC.",detection,0.604
,,"Electrical and Mechanical Modeling of Uterine Contractions Analysis Using Connectivity Methods and Graph Theory
K Bader El Dine, N Nader, M Khalil, C Marque - arXiv e-prints, 2025
Related articles",2025/1,,,,,,arXiv: 2501.10544,"signal processing, detection, classification, Biomedical signals, Neurology",,Mohamad KHALIL,,,Electrical and Mechanical Modeling of Uterine Contractions Analysis Using Connectivity Methods and Graph Theory,,arXiv e-prints,,https://scholar.google.com/citations?view_op=view_citation&hl=en&user=0DzJpLQAAAAJ&cstart=200&pagesize=100&citation_for_view=0DzJpLQAAAAJ:idthP5jqfYAC,,,"Kamil Bader El Dine, Noujoud Nader, Mohamad Khalil, Catherine Marque","Premature delivery is a leading cause of fetal death and morbidity, making the prediction and treatment of preterm contractions critical. The electrohysterographic (EHG) signal measures the electrical activity controlling uterine contraction. Analyzing EHG features can provide valuable insights for labor detection. In this paper, we propose a framework using simulated EHG signals to identify features sensitive to uterine connectivity. We focus on EHG signal propagation during delivery, recorded by multiple electrodes. Simulated EHG signals were generated using electrical diffusion (ED) and mechanotransduction (EDM) to identify which connectivity methods and graph parameters best represent uterine synchronization. The signals were simulated in two scenarios: using only ED by modifying tissue resistance, and using both ED and EDM by varying mechanotransduction model parameters. A matrix of 16 surface …",detection,0.605
,2024 International Conference on Smart Systems and Power Management (IC2SPM),"Personalized Game Design for Balance Rehabilitation in Multiple Sclerosis: Insights from Neuroimaging and Neurophysiological Test
H Ibrahim, A Diab, M Khalil, E Guardiola - 2024 International Conference on Smart Systems and …, 2024
Related articles",2024/11/28,,,,,,17-22,"signal processing, detection, classification, Biomedical signals, Neurology",,Mohamad KHALIL,,,Personalized Game Design for Balance Rehabilitation in Multiple Sclerosis: Insights from Neuroimaging and Neurophysiological Test,,,,https://scholar.google.com/citations?view_op=view_citation&hl=en&user=0DzJpLQAAAAJ&cstart=200&pagesize=100&citation_for_view=0DzJpLQAAAAJ:as0KMg8qHbkC,,IEEE,"Hiyam Ibrahim, Ahmad Diab, Mohamad Khalil, Emmanuel Guardiola","The application of exergames as tools for balance rehabilitation in patients with multiple sclerosis (PwMS) has demonstrated promising results. However, despite these findings, the efficacy of these games remains inconclusive, largely due to the reliance on commercially available games. This highlights the necessity for the design of personalized games that better address patients' needs. The development of such games requires an understanding of the mechanisms underlying balance dysfunction in PwMS. Previous research has identified impairments in sensory integration and reweighting process among the key contributors to this issue. These observations were based on correlations between balance measures and both neuroimaging and neurophysiological test findings from various regions of the central nervous system (CNS). Consequently, this study aimed to develop a personalized game that …",signal processing,0.2
,2024 Second Jordanian International Biomedical Engineering Conference (JIBEC),"Biological age estimation from ECG using Artificial Intelligence approaches
J Sleiman, M Daher, M Khalil, A Diab, A Kassem - 2024 Second Jordanian International Biomedical …, 2024
Related articles",2024/11/27,,,,,,78-83,"signal processing, detection, classification, Biomedical signals, Neurology",,Mohamad KHALIL,,,Biological age estimation from ECG using Artificial Intelligence approaches,,,,https://scholar.google.com/citations?view_op=view_citation&hl=en&user=0DzJpLQAAAAJ&cstart=200&pagesize=100&citation_for_view=0DzJpLQAAAAJ:BJtnxTr0fRcC,,IEEE,"Jana Sleiman, Mohamad Daher, Mohamad Khalil, Ahmad Diab, Abdallah Kassem","This paper explores the application of Artificial Intelligence (AI) techniques in healthcare, specifically focusing on electrocardiogram (ECG) data analysis and biological age estimation. The study begins with an overview of ECG as a diagnostic tool and discusses the integration of Deep Learning (DL) models, particularly Convolutional Neural Networks (CNNs), in healthcare for various applications. Previous studies reviewed in this context consistently identify CNNs as the superior model for ECG analysis and prediction tasks. The primary research investigates the use of Machine Learning (ML) algorithms to estimate biological age from ECG data, employing metrics such as Mean Absolute Error (MAE) and variance to evaluate model performance. Subsequently, DL models are implemented and compared, demonstrating superior accuracy in estimating the biological age of new patients. While both ML and DL …",Unclassified,0.0
,,"Optimizing Uterine Synchronization Analysis in Pregnancy and Labor through Window Selection and Node Optimization
K Bader El Dine, N Nader, M Khalil, C Marque - arXiv e-prints, 2024
Related articles",2024/2,,,,,,arXiv: 2402.14827,"signal processing, detection, classification, Biomedical signals, Neurology",,Mohamad KHALIL,,,Optimizing Uterine Synchronization Analysis in Pregnancy and Labor through Window Selection and Node Optimization,,arXiv e-prints,,https://scholar.google.com/citations?view_op=view_citation&hl=en&user=0DzJpLQAAAAJ&cstart=200&pagesize=100&citation_for_view=0DzJpLQAAAAJ:60iIaj97TE0C,,,"Kamil Bader El Dine, Noujoud Nader, Mohamad Khalil, Catherine Marque","Preterm labor (PL) has globally become the leading cause of death in children under the age of 5 years. To address this problem, this paper will provide a new approach by analyzing the EHG signals, which are recorded on the abdomen of the mother during labor and pregnancy. The EHG signal reflects the electrical activity that induces the mechanical contraction of the myometrium. Because EHGs are known to be non-stationary signals, and because we anticipate connectivity to alter during contraction, we applied the windowing approach on real signals to help us identify the best windows and the best nodes with the most significant data to be used for classification. The suggested pipeline includes i) divide the 16 EHG signals that are recorded from the abdomen of pregnant women in N windows; ii) apply the connectivity matrices on each window; iii) apply the Graph theory-based measures on the connectivity …",classification,0.604
,2023 Seventh International Conference on Advances in Biomedical Engineering (ICABME),"Robustness Analysis of the CFB-MNE Approach
S Berro, A Diab, M Hajj-Hassan, M Khalil, S Boudaoud - 2023 Seventh International Conference on Advances …, 2023
Related articles All 3 versions",2023/10/12,,,,,,206-209,"signal processing, detection, classification, Biomedical signals, Neurology",,Mohamad KHALIL,,,Robustness Analysis of the CFB-MNE Approach,,,,https://scholar.google.com/citations?view_op=view_citation&hl=en&user=0DzJpLQAAAAJ&cstart=200&pagesize=100&citation_for_view=0DzJpLQAAAAJ:vnF2_uLGgtgC,,IEEE,"Soumaya Berro, Ahmad Diab, Mohamad Hajj-Hassan, Mohamad Khalil, Sofiane Boudaoud","The aim of this study is to assess the robustness of a recent Motor Unit (MU) spatial localization method, namely, the Curve Fitting Based Minimum Norm Estimation (CFB-MNE) to several perturbations. This approach is based on using a MU dictionary for spatial localization. In other words, we want to evaluate if a unified dictionary works for any instrumental/physiological configuration or if there is a need for dictionary personalization. Firstly, to do that, we assumed that there was a difference between one of these parameters (Signal to Noise level (SNR), Conduction Velocity (CV), Muscle Fiber length) when constructing the dictionary and between the same parameter in the tested muscle configuration. Results showed that varying Signal to Noise Ratio (SNR) in a specific range, does not affect the performance of the algorithm. However, other parameters, like the CV mean value and the fiber length were influencing …",signal processing,0.204
,,"Decentralized Wetland-Aquaponics Addressing Environmental Degradation and Food Security Challenges in Disadvantaged Rural Areas: A Nature-Based Solution Driven by Mediterranean Living Labs. Sustainability 2023, 15, 15024
F Yahya, A El Samrani, M Khalil, AED Abdin… - 2023
Related articles",2023,,https://www.academia.edu/download/117350090/pdf.pdf,,,,,"signal processing, detection, classification, Biomedical signals, Neurology",,Mohamad KHALIL,,,Decentralized Wetland-Aquaponics Addressing Environmental Degradation and Food Security Challenges in Disadvantaged Rural Areas: A Nature-Based Solution Driven by Mediterranean …,,,,https://scholar.google.com/citations?view_op=view_citation&hl=en&user=0DzJpLQAAAAJ&cstart=200&pagesize=100&citation_for_view=0DzJpLQAAAAJ:Ej9njvOgR2oC,,,"F Yahya, A El Samrani, M Khalil, AED Abdin, R El-Kholy, M Embaby, M Negm, D De Ketelaere, A Spiteri, E Pana","The Mediterranean region is highly vulnerable to climate change, soil and water resource degradation, and biodiversity loss. These challenges disproportionately affect disadvantaged rural areas, impacting both natural resources and the livelihoods of local agricultural societies. Urgent transformative measures are essential to address land and water management as well as food security challenges in these disadvantaged areas. Living labs are being called upon to play a key role in addressing these challenges through the development of Nature-based Solutions (NbSs) that are able to provide environmental and socioeconomic benefits towards the achievement of Sustainable Development Goals. The aim of this work is to provide insights on an open innovation ecosystem of Mediterranean Living Labs for the synergetic development and participatory assessment of decentralized wetland-aquaponics, as NbSs are able to address environmental and food security challenges in disadvantaged rural areas. The study addresses the knowledge gap of Living Labs contribution to the development of decentralized wetland-aquaponics and the limited research on small-scale aquaponics systems in rural Mediterranean settings, while revealing the role of public participation in ascertaining the solution and evaluating its feasibility and impacts in light of the local social values and interests in the mountainous area of Akkar al-Atika in Lebanon.",Unclassified,0.0
International Conference on Wave Mechanics and Vibrations,,"New Model to Characterize the Cyclostationarity of Walking and Running Biomechanical Signals
M Lamraoui, F Zakaria, ME Badaoui, M Khalil - International Conference on Wave Mechanics and …, 2022
Related articles",2022/7/4,,,,,,267-276,"signal processing, detection, classification, Biomedical signals, Neurology",,Mohamad KHALIL,,,New Model to Characterize the Cyclostationarity of Walking and Running Biomechanical Signals,,,,https://scholar.google.com/citations?view_op=view_citation&hl=en&user=0DzJpLQAAAAJ&cstart=200&pagesize=100&citation_for_view=0DzJpLQAAAAJ:I8rxH6phXEkC,,Springer International Publishing,"Mourad Lamraoui, Firas Zakaria, Mohamed El Badaoui, Mohamad Khalil","Sports and physical activities cause different effects within the body systems. They may affect the equilibrium of the internal environment. The relationship between physical exercise and muscle fatigue has particularly attracted attention, by many researchers for more than a century. Such a relationship is very complex and still needs further research.
Human locomotion analysis is used extensively by physicians for pre-treatment analysis. In general, human locomotion can be defined as sequences of cyclic and repeated gestures. Previous analyses have proved the cyclostationarity behavior of vertical ground reaction forces (VGRF) recorded during walking and running. In this article, the Random Slope Modulation (RSM) is introduced as a new model for characterizing cyclostationarity. This model presents the impact of random slope variation on the cyclic spectrum of the signal and, hence, it lends itself the ability to …",signal processing,0.204
,2021 Sixth International Conference on Advances in Biomedical Engineering (ICABME),"COALIA: a ground-truth for the evaluation of the EEG source connectivity
S Allouch, M Hassan, M Yochum, J Duprez, M Khalil… - 2021 Sixth International Conference on Advances in …, 2021
Related articles All 2 versions",2021/10/7,,,,,,180-183,"signal processing, detection, classification, Biomedical signals, Neurology",,Mohamad KHALIL,,,COALIA: a ground-truth for the evaluation of the EEG source connectivity,,,,https://scholar.google.com/citations?view_op=view_citation&hl=en&user=0DzJpLQAAAAJ&cstart=200&pagesize=100&citation_for_view=0DzJpLQAAAAJ:AZju0d2GQJ0C,,IEEE,"Sahar Allouch, Mahmoud Hassan, Maxime Yochum, Joan Duprez, Mohamad Khalil, Fabrice Wendling, Julien Modolo, Aya Kabbara","In the past years, the emergent method called ""electroencephalography (EEG) source connectivity"" has gained increased interest due to its ability to identify large-scale brain networks with satisfactory spatio-temporal resolution. However, many related methodological questions remain unanswered and no consensus has been reached yet over a unified EEG source connectivity pipeline. The objective evaluation of the pipeline is challenged by the absence of a ground truth when dealing with real EEG data. In this paper, we show how a recently developed, large-scale, physiologically-grounded computational model, named COALIA, can provide such ""ground-truth"" models by generating cortical and scalp-level realistic simulations of brain activity. We investigated the effect of three factors involved in the ""EEG source connectivity"" pipeline: the number of EEG sensors, the solution of the inverse problem, and the …",Unclassified,0.0
"International Conference on Geographical Information Systems Theory, Applications and Management",,"Analytical Hierarchical Processing to Delineate Artificial Groundwater Recharge Zones
R Al-Ruzouq, A Shanableh, AG Yilmaz, S Mukherjee… - International Conference on Geographical Information …, 2021
Related articles All 3 versions",2021/4/23,,,,,,38-51,"signal processing, detection, classification, Biomedical signals, Neurology",,Mohamad KHALIL,,,Analytical Hierarchical Processing to Delineate Artificial Groundwater Recharge Zones,,,,https://scholar.google.com/citations?view_op=view_citation&hl=en&user=0DzJpLQAAAAJ&cstart=200&pagesize=100&citation_for_view=0DzJpLQAAAAJ:XDrR66g3YHsC,,Springer Nature Switzerland,"Rami Al-Ruzouq, Abdallah Shanableh, Abdullah Gokhan Yilmaz, Sunanda Mukherjee, Mohamad Ali Khalil","Scarcity of water has impacted the Gulf countries and one of them is the United Arab Emirates (UAE). Among the many possibilities, a viable approach for water preservation in arid regions is Artificial Groundwater Recharging (AGR). Fresh water from multiple sources are fetched and reserved in aquifers and pumped out during lean phases. This research endeavors to delineate AGR zones in Northern part of UAE taking into account of precipitation, drainage density, geomorphology, geology, groundwater level, total dissolved solids, elevation, lineament density, and distance from residences with the aid of Remote Sensing (RS) and Geographic Information System (GIS). Parameters were measured to criteria weightings by Analytical Hierarchical Process (AHP), and then overlay analysis was performed to deduce the potential AGR map. The map was categorized in a scale ranging from very high suitability to low …",signal processing,0.204
,,"Biomedical computing in the Arab world: unlocking the potential of a growing research community
S Eldawlatly, M Abouelhoda, OS Al-Kadi, T Gojobori… - Communications of the ACM, 2021
Related articles All 7 versions",2021/3/22,64.0,https://dl.acm.org/doi/fullHtml/10.1145/3447746,,,,108-113,"signal processing, detection, classification, Biomedical signals, Neurology",,Mohamad KHALIL,,,Biomedical computing in the Arab world: unlocking the potential of a growing research community,,Communications of the ACM,,https://scholar.google.com/citations?view_op=view_citation&hl=en&user=0DzJpLQAAAAJ&cstart=200&pagesize=100&citation_for_view=0DzJpLQAAAAJ:ijdKiLOsEJMC,4,ACM,"Seif Eldawlatly, Mohamed Abouelhoda, Omar S Al-Kadi, Takashi Gojobori, Boris Jankovic, Mohamad Khalil, Ahsan H Khandoker, Ahmed Morsy","110 COMMUNICATIONS OF THE ACM| APRIL 2021| VOL. 64| NO. 4 cardiogram as well as adult Electrocardiogram (ECG) signal processing techniques to prevent stillbirths and sudden cardiac deaths. The KU team successfully demonstrated the first proof of concept that a low-cost phonocardiogram sensor can detect fetal heart sounds and give a reliable estimation of the fetal heart rate and its variability, which were validated by simultaneously recorded fetal ECG signals. 17 The work in this study resulted in a handheld fetal phonogram working prototype, which was validated in a number of healthy pregnancies. Additionally, the KU team has contributed to the worldwide research efforts to diagnose and predict cardiac arrhythmia complications. The KU team has developed a new device presenting a novel algorithm which was implemented in an application specific integrated circuit (ASIC) chip by using ECG …",signal processing,0.608
,,"Authenticated Encryption Based on Chaotic Neural Networks and Duplex Construction. Symmetry 2021, 13, 2432
N Abdoun, S El Assad, T Manh Hoang, O Deforges… - 2021
Related articles All 2 versions",2021,,https://www.academia.edu/download/77902110/pdf.pdf,,,,,"signal processing, detection, classification, Biomedical signals, Neurology",,Mohamad KHALIL,,,"Authenticated Encryption Based on Chaotic Neural Networks and Duplex Construction. Symmetry 2021, 13, 2432",,,,https://scholar.google.com/citations?view_op=view_citation&hl=en&user=0DzJpLQAAAAJ&cstart=200&pagesize=100&citation_for_view=0DzJpLQAAAAJ:9shLKfS_uJEC,,s Note: MDPI stays neutral with regard to jurisdictional claims in published maps and institutional affil-iations.,"N Abdoun, S El Assad, T Manh Hoang, O Deforges, R Assaf, M Khalil","In this paper, we propose, implement and analyze an Authenticated Encryption with Associated Data Scheme (AEADS) based on the Modified Duplex Construction (MDC) that contains a chaotic compression function (CCF) based on our chaotic neural network revised (CNNR). Unlike the standard duplex construction (SDC), in the MDC there are two phases: the initialization phase and the duplexing phase, each contain a CNNR formed by a neural network with single layer, and followed by a set of non-linear functions. The MDC is implemented with two variants of width, ie, 512 and 1024 bits. We tested our proposed scheme against the different cryptanalytic attacks. In fact, we evaluated the key and the message sensitivity, the collision resistance analysis and the diffusion effect. Additionally, we tested our proposed AEADS using the different statistical tests such as NIST, Histogram, chi-square, entropy, and correlation analysis. The experimental results obtained on the security performance of the proposed AEADS system are notable and the proposed system can then be used to protect data and authenticate their sources.",Unclassified,0.0
,,"Workshop 1: Chaos-Information Hiding and Security
M Koscina, D Caragata, N Abdoun, S El Assady… - 2020
Related articles All 2 versions",2020/12/9,,,,,,,"signal processing, detection, classification, Biomedical signals, Neurology",,Mohamad KHALIL,,,Workshop 1: Chaos-Information Hiding and Security,,,,https://scholar.google.com/citations?view_op=view_citation&hl=en&user=0DzJpLQAAAAJ&cstart=200&pagesize=100&citation_for_view=0DzJpLQAAAAJ:QYdC8u9Cj1oC,,,"Mirko Koscina, Daniel Caragata, Nabil Abdoun, Safwan El Assady, Mohammed Abutaha, Rima Assaf, Olivier Deforgesz, Mohamad Khalil","Workshop 1: Chaos-Information Hiding and Security (C-IHS-2015) Benchmarking of Traditional Cryptographic Algorithms and Chaos-based Algorithms with DNA Operations (Authors: Mirko Koscina, Daniel Caragata) Hash Function based on Efficient Chaotic Neural Network (Authors: Nabil Abdoun, Safwan El Assady, Mohammad Abu Tahay, Rima Assaf, Olivier Deforgesz, Mohamad Khalil) A Novel Chaotic Generator Based On Weakly-coupled Discrete Skewtent Maps (Authors: Ons Jallouli, Safwan El Assad, Maryline Chettoy, René Loziz, Daniel Caragata) Chaos-based Cryptosystems using Dependent Diffusion: An Overview (Authors: Mohammed AbuTaha, Safwan El Assad, Mousa Farajallah, Audrey Queudety, Olivier Deforge) The 10th International Conference for Internet Technology and Secured Transactions (ICITST-2015) 978-1-908320-52/0/$31.00 ©2015 IEEE 25",Unclassified,0.0
,2020 IEEE 5th Middle East and Africa Conference on Biomedical Engineering (MECBME),"Wavelet and Over-Segmentation Elimination Techniques Effect on Automatic Uterine EMG Segmentation Performance/Quality
A Zaylaa, W El Falou, A Diab, M Khalil, C Marque - 2020 IEEE 5th Middle East and Africa Conference on …, 2020
Related articles All 3 versions",2020/10/27,,https://www.researchgate.net/profile/Amer-Zaylaa/publication/347175768_Wavelet_and_Over-Segmentation_Elimination_Techniques_Effect_on_Automatic_Uterine_EMG_Segmentation_Performance_Quality/links/5fdf343592851c13fea3ff58/Wavelet-and-Over-Segmentation-Elimination-Techniques-Effect-on-Automatic-Uterine-EMG-Segmentation-Performance-Quality.pdf,,,,1-4,"signal processing, detection, classification, Biomedical signals, Neurology",,Mohamad KHALIL,,,Wavelet and Over-Segmentation Elimination Techniques Effect on Automatic Uterine EMG Segmentation Performance/Quality,,,,https://scholar.google.com/citations?view_op=view_citation&hl=en&user=0DzJpLQAAAAJ&cstart=200&pagesize=100&citation_for_view=0DzJpLQAAAAJ:TaaCk18tZOkC,,IEEE,"Amer Zaylaa, Wassim El Falou, Ahmad Diab, Mohamad Khalil, Catherine Marque","Over-segmentation in non-stationary signals remains a challenge in several automatic segmentation methods. In this context, most of automatic segmentation methods of contractions in multichannel uterine Electromyogram signals (Electrohysterogram signals, EHGs) encounter the problem of detecting other events which are not corresponding to contractions labeled by expert. In addition, the great advantage of using wavelet manifests by its ability to separate the fine details in a signal. Many studies applied wavelets for sake of detecting and analyzing abrupt changes in non-stationary signals. This study is another step of our project focused on the automatic contraction segmentation of EHGs. Indeed, we will focus on the application of dynamic cumulative sum method (DCS) with over-segmentation elimination techniques on bipolar EHGs and details after wavelet decomposition of those signals. Detected events …",detection,0.4
,2019 Fifth International Conference on Advances in Biomedical Engineering (ICABME),"Detecting transient brain states of functional connectivity: A comparative study
J Tabbal, A Kabbara, M Khalil, M Hassan, P Benquet - 2019 Fifth International Conference on Advances in …, 2019
Related articles All 3 versions",2019/10/17,,,,,,1-4,"signal processing, detection, classification, Biomedical signals, Neurology",,Mohamad KHALIL,,,Detecting transient brain states of functional connectivity: A comparative study,,,,https://scholar.google.com/citations?view_op=view_citation&hl=en&user=0DzJpLQAAAAJ&cstart=200&pagesize=100&citation_for_view=0DzJpLQAAAAJ:L_l9e5I586QC,,IEEE,"Judie Tabbal, Aya Kabbara, Mohamad Khalil, Mahmoud Hassan, Pascal Benquet","Estimating functional connectivity (FC) has become an increasingly powerful tool for understanding our brain and investigating healthy and abnormal brain functions. Most previous studies assume temporal stationarity, such as correlation and data-driven decompositions computed across the whole duration of the acquisition. However, emerging evidence revealed the presence of temporal variability of FC, leading to increasing interest in estimating the dynamic Functional Connectivity (dFC). In this context, several approaches have been proposed in order to extract the relevant brain networks fluctuating over time. Still, a clear comparative study among the existing methods is needed. Thus, we aimed here to compare three dimensionality reduction techniques, specifically Independent Component Analysis (ICA), Principle Component Analysis (PCA) and generalized Canonical Correlation Analysis (gCCA), on two …",detection,0.4
,2018 9th Cairo International Biomedical Engineering Conference (CIBEC),"Multichannel EHG Segmentation for automatically identifying contractions
H El Tillawi, A Diab, M Khalil, C Marque - 2018 9th Cairo International Biomedical Engineering …, 2018
Related articles",2018/12/20,,,,,,162-166,"signal processing, detection, classification, Biomedical signals, Neurology",,Mohamad KHALIL,,,Multichannel EHG Segmentation for automatically identifying contractions,,,,https://scholar.google.com/citations?view_op=view_citation&hl=en&user=0DzJpLQAAAAJ&cstart=200&pagesize=100&citation_for_view=0DzJpLQAAAAJ:SGW5VrABaM0C,,IEEE,"Hiba El Tillawi, Ahmad Diab, Mohamad Khalil, Catherine Marque","In a recent past, several techniques have been developed to analyze the events contained in the electrohysterogram signals (EHG). But, the most of them focused on online methods. In this study, we use online methods like Fractal Dimension, Wavelet transform technique, Dynamic Cumulative Sum (DCS). Methods were applied on synthetic signals and real labeled EHG signals database acquiring using electrodes matrix. For this purpose, three parameters affecting the Fractal dimension method, the size of analyzing window, thresholding value and the window overlapping, were first tuned in order to identify the recommended values for ruptures detection of the EHG signals by comparing results to its label. According to the obtained results, these three methods seem to be encouraging methods that could be used for automatic ruptures segmentation.",detection,0.604
,2018 International Conference on Computer and Applications (ICCA),"Efficiency of New Feature Selection Method Based on Neural Network
N Challita, M Khalil, P Beauseroy - 2018 International Conference on Computer and …, 2018
Related articles All 3 versions",2018/8/25,,,,,,1-320,"signal processing, detection, classification, Biomedical signals, Neurology",,Mohamad KHALIL,,,Efficiency of New Feature Selection Method Based on Neural Network,,,,https://scholar.google.com/citations?view_op=view_citation&hl=en&user=0DzJpLQAAAAJ&cstart=200&pagesize=100&citation_for_view=0DzJpLQAAAAJ:raTqNPD5sRQC,,IEEE,"Nicole Challita, Mohamad Khalil, Pierre Beauseroy","In order to monitor a system, the number of measurements and features gathered can be huge. But it is desirable to keep only the important features to reduce the processing demand. The problem is therefore to select a subset of features to obtain the best possible classification performance. In this purpose, many feature selection algorithms have been proposed. In a previous work, we have proposed a new feature selection method inspired by neural network and machine learning. This new method selects the best features using sparse weights of the input features in the neural network. In this paper, we study the performance of this method on simulated data.",classification,0.606
,,"Estimation des réseaux cérébraux à partir de l’EEG-hr: application sur les maladies neurologiques
A Kabbara - 2018
Related articles",2018/6/19,,,,,,,"signal processing, detection, classification, Biomedical signals, Neurology",,Mohamad KHALIL,,,Estimation des réseaux cérébraux à partir de l’EEG-hr: application sur les maladies neurologiques,Rennes 1,,,https://scholar.google.com/citations?view_op=view_citation&hl=en&user=0DzJpLQAAAAJ&cstart=200&pagesize=100&citation_for_view=0DzJpLQAAAAJ:DrR-2ekChdkC,,,Aya Kabbara,"Le cerveau humain est un réseau très complexe. Le fonctionnement cérébral ne résulte donc pas de l'activation de régions cérébrales isolées mais au contraire met en jeu des réseaux distribués dans le cerveau (Bassett and Sporns, 2017; McIntosh, 2000). Par conséquent, l'analyse de la connectivité cérébrale à partir des données de neuroimagerie occupe aujourd'hui une place centrale dans la compréhension des fonctions cognitives (Sporns, 2010). Grâce à son excellente résolution spatiale, l'IRMf est devenue l'une des méthodes non invasives les plus couramment utilisées pour étudier cette connectivité. Cependant, l'IRMf a une faible résolution temporelle ce qui rend très difficile le suivi de la dynamique des réseaux cérébraux. Un défi considérable en neuroscience cognitive est donc l'identification et le suivi des réseaux cérébraux sur des durées courtes (Hutchison et al., 2013), généralement <1s pour une tâche de dénomination d'images, par exemple. Jusqu'à présent, peu d'études ont abordé cette question qui nécessite l'utilisation de techniques ayant une résolution temporelle très élevée (de l'ordre de la ms), ce qui est le cas pour la magnéto- ou l'électro-encéphalographie (MEG ou EEG). Cependant, l'interprétation des mesures de connectivité à partir d'enregistrements effectués au niveau des électrodes (scalp) n'est pas simple, car ces enregistrements ont une faible résolution spatiale et leur précision est altérée par les effets de conduction par le volume (Schoffelen and Gross, 2009). Ainsi, au cours des dernières années, l'analyse de la connectivité fonctionnelle au niveau des sources corticales reconstruites à partir des signaux du …",neurology,0.4
,,"Matching between depth-EEG locations and EEG source-space networks in epilepsy
A Kabbara, M Hassan, M Khalil, A Biraben, A Nica… - Aya Kabbara, 2018
Related articles All 2 versions",2018,,https://theses.hal.science/tel-01943768/file/KABBARA_Aya.pdf#page=119,,,,,"signal processing, detection, classification, Biomedical signals, Neurology",,Mohamad KHALIL,,,Matching between depth-EEG locations and EEG source-space networks in epilepsy,,Aya Kabbara,,https://scholar.google.com/citations?view_op=view_citation&hl=en&user=0DzJpLQAAAAJ&cstart=200&pagesize=100&citation_for_view=0DzJpLQAAAAJ:An6A6Jpfc1oC,,,"Aya Kabbara, Mahmoud Hassan, Mohamad Khalil, Arnaud Biraben, Anca Nica, Isabelle Merlet, Fabrice Wendling","Objective
Most brain disorders, including drug-resistant epilepsies, are network diseases. Thus, from a clinical perspective, the demand is high for non-invasive, network-based and easy-to-use methods to identify these pathological brain networks.
Methods
In this paper, we introduce a novel methodological framework to identify epileptogenic networks from scalp dense-electroencephalography (EEG). The proposed approach combines the emerging technique called ‘EEG source connectivity’with graph theory. We used depth-EEG and scalp dense-EEG data at rest (regardless of the presence/absence of epileptiform activity) from 18 patients. Depth-EEG data were used to evaluate the accuracy of epileptogenic networks identified from scalp data. The method performance was quantified by its capacity to identify pathological brain networks in the region explored by depth-EEG in epileptic patients. This quantification was done using hemispherical and lobar accuracies as well as the distance between depth-EEG electrode positions and estimated networks.
Results
Results showed that the proposed approach was able to predict the brain hemisphere (accuracy= 97±9%) and the lobe (accuracy= 91±19%) where SEEG exploration was performed a posteriori (average distance= 13±11 mm). Results showed also the high advantage of network segregation measures (local functional connectivity) compared to global measures (p< 0.01, corrected) in revealing epileptogenic networks.
Interpretation
These results may promote the noninvasive dense-EEG as a complementary tool in pre-surgical evaluation in order i) to define of the best depth-electrode …",Unclassified,0.0
,,"Study 3: Reduced integration and improved segregation of functional brain networks in Alzheimer’s disease
A Kabbara, H Eid, W El Falou, M Khalil, F Wendling… - Aya Kabbara, 2018
Related articles All 2 versions",2018,,https://theses.hal.science/tel-01943768/file/KABBARA_Aya.pdf#page=99,,,,,"signal processing, detection, classification, Biomedical signals, Neurology",,Mohamad KHALIL,,,Study 3: Reduced integration and improved segregation of functional brain networks in Alzheimer’s disease,,Aya Kabbara,,https://scholar.google.com/citations?view_op=view_citation&hl=en&user=0DzJpLQAAAAJ&cstart=200&pagesize=100&citation_for_view=0DzJpLQAAAAJ:EPG8bYD4jVwC,,,"A Kabbara, H Eid, W El Falou, M Khalil, F Wendling, M Hassan","Objective
Emerging evidence shows that cognitive deficits in Alzheimer’s disease (AD) are associated with disruptions in brain functional connectivity. Thus, the identification of alterations in AD functional networks has become a topic of increasing interest. However, to what extent AD induces disruption of the balance of local and global information processing in the human brain remains elusive. The main objective of this study is to explore the dynamic topological changes of AD networks in terms of brain network segregation and integration.
Approach
We used electroencephalography (EEG) data recorded from 20 participants (10 AD patients and 10 healthy controls) during resting state. Functional brain networks were reconstructed using EEG source connectivity computed in different frequency bands. Graph theoretical analyses were performed assess differences between both groups.
Main results
Results revealed that AD networks, compared to networks of age-matched healthy controls, are characterized by lower global information processing (integration) and higher local information processing (segregation). Results showed also significant correlation between the alterations in the AD patients’ functional brain networks and their cognitive scores.
Significance
These findings may contribute to the development of EEG network-based test that could strengthen results obtained from currently-used neurophysiological tests in neurodegenerative diseases.",signal processing,0.203
,,"A Criminal Domain Ontology for Modelling Legal Norms
M Khalil - AI* IA 2017 Advances in Artificial Intelligence: XVIth …, 2017
Related articles",2017/11/3,10640.0,,,,,282,"signal processing, detection, classification, Biomedical signals, Neurology",,Mohamad KHALIL,,,A Criminal Domain Ontology for Modelling Legal Norms,,"AI* IA 2017 Advances in Artificial Intelligence: XVIth International Conference of the Italian Association for Artificial Intelligence, Bari, Italy, November 14-17, 2017, Proceedings",,https://scholar.google.com/citations?view_op=view_citation&hl=en&user=0DzJpLQAAAAJ&cstart=200&pagesize=100&citation_for_view=0DzJpLQAAAAJ:-7ulzOJl1JYC,,Springer,Mohamad Khalil,This work discusses an ontological model for legal norms of the criminal domain. An ontology-based modelling approach is proposed for this purpose. The approach tends to build a criminal domain ontology and then formalize the legal rules based on it. A middle-out approach is applied for building the criminal domain ontology based on ontology reuse and modularization processes. This approach tends to simplify the complexity and difficulty of ontology building process by reusing foundational and legal core ontologies.,signal processing,0.2
,2017 Fourth International Conference on Advances in Biomedical Engineering (ICABME),"Classification of meaningful and meaningless visual objects: A graph similarity approach
A Mheich, M Hassan, F Wendling - 2017 Fourth International Conference on Advances in …, 2017
Related articles All 3 versions",2017/10/19,,https://arxiv.org/pdf/1706.00603,,,,1-4,"signal processing, detection, classification, Biomedical signals, Neurology",,Mohamad KHALIL,,,Classification of meaningful and meaningless visual objects: A graph similarity approach,,,,https://scholar.google.com/citations?view_op=view_citation&hl=en&user=0DzJpLQAAAAJ&cstart=200&pagesize=100&citation_for_view=0DzJpLQAAAAJ:HJSXoJQnj-YC,,IEEE,"Ahmad Mheich, Mahmoud Hassan, Fabrice Wendling","Cognition involves dynamic reconfiguration of functional brain networks at sub-second time scale. A precise tracking of these reconfigurations to categorize visual objects remains elusive. Here, we use dense electroencephalography (EEG) data recorded during naming meaningful (tools, animals...) and scrambled objects from 20 healthy subjects. We combine technique for identifying functional brain networks and recently developed algorithm for estimating networks similarity to discriminate between the two categories. First, we showed that dynamic networks of both categories can be segmented into several brain network states (times windows with consistent brain networks) reflecting sequential information processing from object representation to reaction time. Second, using a network similarity algorithm, results showed high intra-category and very low inter-category values. An average accuracy of 76% was …",classification,0.604
,2017 Fourth International Conference on Advances in Biomedical Engineering (ICABME),"Sensitivity analysis of a human finger model
S Allouch, R Younes, J Laforet, S Boudaoud, M Khalil - 2017 Fourth International Conference on Advances in …, 2017
Related articles All 2 versions",2017/10/19,,,,,,1-4,"signal processing, detection, classification, Biomedical signals, Neurology",,Mohamad KHALIL,,,Sensitivity analysis of a human finger model,,,,https://scholar.google.com/citations?view_op=view_citation&hl=en&user=0DzJpLQAAAAJ&cstart=200&pagesize=100&citation_for_view=0DzJpLQAAAAJ:-95Q15plzcUC,,IEEE,"S Allouch, R Younes, J Laforet, S Boudaoud, M Khalil","The main objective of the presented work is to do a preliminary sensitivity analysis of the simplified neuromusculoskeletal model of the human middle finger that we have already developed [1], [2]. The importance of this study is to improve the model by well estimating internal parameters, which are the most affecting the model output, and by adapting it to each individual. The sensitivity analysis presented in this study is preliminary; it is based on the computing of the elementary effect (EE) of the 3 signal features of the muscular force. We get significant results to indicate the most important parameters among those chosen; these are the most influential parameters on system output, and good estimation of them leads to a more realistic model. These results encourage us to do a deeper sensitivity analysis for the most complex model where the sensitivity analysis will be on all internal parameters of the model in order …",signal processing,0.205
,,"Reconnaissance de formes basée géodésiques et déformations locales de formes
D FRIBOULET, S RIHANA, A BENZINOU… - 2017
Related articles",2017/6/29,,https://theses.hal.science/tel-01617137/file/These-2017-SICMA-Traitement_des_signaux_et_des_images-MERHY_Mayssaa.pdf,,,,,"signal processing, detection, classification, Biomedical signals, Neurology",,Mohamad KHALIL,,,Reconnaissance de formes basée géodésiques et déformations locales de formes,INSA de Lyon,,,https://scholar.google.com/citations?view_op=view_citation&hl=en&user=0DzJpLQAAAAJ&cstart=200&pagesize=100&citation_for_view=0DzJpLQAAAAJ:q-HalDI95KYC,,,"Denis FRIBOULET, Sandy RIHANA, Abdesslam BENZINOU, Kamal NASREDDINE, Mohamad KHALIL, Ghaleb FAOUR","Les performances d’un système de reconnaissance de formes dépendent en bonne partie de la qualité de l’image segmentée. Malgré les progrès effectués, une segmentation complète (c’est-à-dire avec des contours entiers) ne peut pas être toujours atteinte. Dans un premier temps, nous nous plaçons dans le cas où seulement certaines parties de la forme entière sont disponibles. D’abord, afin d’assurer l’invariance des parties de formes aux transformations géométriques, nous développons une méthode d’optimisation de l’analyse procustéenne qui consiste à retrouver les points extrémités optimaux qui minimisent la distance de Procutse. Ensuite, nous proposons une approche de reconnaissance de parties de formes et une approche de reconnaissance de formes partielles. Ces deux approches, basées-contour, sont fondées sur un recalage robuste entre les parties de formes. La méthode de recalage proposée consiste à optimiser une mesure de similarité basée sur les géodésiques dans l’espace de formes. Ainsi, nous exploitons le résidu du recalage pour définir une nouvelle métrique pour la reconnaissance de parties de formes. Puis, nous décrivons une stratégie de combinaison avec cette même métrique pour la reconnaissance de formes partielles. Par la suite, nous proposons d’utiliser la distance géodésique proposée pour la reconnaissance des parties de formes dans la définition d’une métrique globale pour la reconnaissance de formes entières. Les tests de reconnaissance (classification et recherche) sont effectués sur des parties requêtes et des formes entières de la base d’images MPEG-7, puis sur des images réelles …",classification,0.603
,,"Analysis of Human Balance Control using Empirical Mode Decomposition
K Safi, SS Mohammed, IM Albertsen, E Delechelle… - Signal, Image and Video Processing, 2017
Related articles",2017,11.0,,,,,1081-1088,"signal processing, detection, classification, Biomedical signals, Neurology",,Mohamad KHALIL,,,Analysis of Human Balance Control using Empirical Mode Decomposition,,"Signal, Image and Video Processing",,https://scholar.google.com/citations?view_op=view_citation&hl=en&user=0DzJpLQAAAAJ&cstart=200&pagesize=100&citation_for_view=0DzJpLQAAAAJ:7wO8s98CvbsC,6,,"K Safi, Samer S Mohammed, IM Albertsen, E Delechelle, Yacine Y Amirat, M Khalil, JM Gracies, E Hutin","The present study proposes a new approach for the assessment of the human balance control. This approach is based on the decomposition of the center of pressure displacement using empirical mode decomposition (EMD) that provides an effective time-frequency analysis of non-stationary signals. Twenty-eight healthy subjects performed quiet standing in four conditions—feet apart/together with respect to eyes open/closed—while recording the stabilometric signals in the anteroposterior (AP) and mediolateral (ML) directions. The EMD method decomposes each stabilometric signal into several subsignals called intrinsic mode functions (IMFs). Stabilogram-diffusion analysis technique is applied to generate the diffusion curve of each IMF signal. Each diffusion curve is modeled as a second-order system and provides representative features, such as the gain parameter. Analysis of the gain parameter shows the major effect of visual input and feet conditions on the strategy to control/stabilize the balance. Significant differences were found between young and elderly, and between women and men. In addition, the impact of feet position seems to be higher in ML direction than in AP direction.",signal processing,0.203
,,"Autofocus on Depth of Interest for 3D Image Coding
K Samrouth, O Deforges, Y Liu, M Khalil, W El Falou - Journal of Electrical and Computer Engineering, 2017
Related articles All 23 versions",2017,2017.0,https://onlinelibrary.wiley.com/doi/full/10.1155/2017/9689715,,,,9689715,"signal processing, detection, classification, Biomedical signals, Neurology",,Mohamad KHALIL,,,Autofocus on Depth of Interest for 3D Image Coding,,Journal of Electrical and Computer Engineering,,https://scholar.google.com/citations?view_op=view_citation&hl=en&user=0DzJpLQAAAAJ&cstart=200&pagesize=100&citation_for_view=0DzJpLQAAAAJ:FiytvqdAVhgC,1,Hindawi Publishing Corporation,"Khouloud Samrouth, Olivier Deforges, Yi Liu, Mohamad Khalil, Wassim El Falou","For some 3D applications, one may want to focus on a specific depth zone representing a region of interest in the scene. In this context, we introduce a new functionality called “autofocus” for 3D image coding, exploiting the depth map as an additional semantic information provided by the 3D sequence. The method is based on a joint “Depth of Interest” (DoI) extraction and coding scheme. First, the DoI extraction scheme consists of a precise extraction of objects located within a DoI zone, given by the viewer or deduced from an analysis process. Then, the DoI coding scheme provides a higher quality for the objects in the DoI at the expense of other depth zones. The local quality enhancement supports both higher SNR and finer resolution. The proposed scheme embeds the Locally Adaptive Resolution (LAR) codec, initially designed for 2D images. The proposed DoI scheme is developed without modifying the global …",signal processing,0.2
,,"Méthodes de classification des graphes: application à l’identification des réseaux fonctionnels impliqués dans les processus de mémoire
A Mheich - 2016
Related articles",2016/12/16,,,,,,,"signal processing, detection, classification, Biomedical signals, Neurology",,Mohamad KHALIL,,,Méthodes de classification des graphes: application à l’identification des réseaux fonctionnels impliqués dans les processus de mémoire,Rennes 1,,,https://scholar.google.com/citations?view_op=view_citation&hl=en&user=0DzJpLQAAAAJ&cstart=200&pagesize=100&citation_for_view=0DzJpLQAAAAJ:QUX0mv85b1cC,,,Ahmad Mheich,"Le cerveau humain est un réseau «large-échelle» formé de régions corticales distribuées et fonctionnellement interconnectées. Le traitement de l'information par le cerveau est un processus dynamique mettant en jeu une réorganisation rapide des réseaux cérébraux fonctionnels, sur une échelle de temps très courte (inférieure à la seconde). Dans le champ des neurosciences cognitives, deux grandes questions restent ouvertes concernant ces réseaux. D'une part, est-il possible de suivre leur dynamique spatio-temporelle avec une résolution temporelle nettement supérieure à celle de l'IRM fonctionnelle? D'autre part, est-il possible de mettre en évidence des différences significatives dans ces réseaux lorsque le cerveau traite des stimuli (visuels, par exemple) ayant des caractéristiques différentes. Ces deux questions ont guidé les développements méthodologiques élaborés dans cette thèse. En effet, de nouvelles méthodes basées sur l'électroencéphalographie sont proposées. Ces méthodes permettent, d'une part de suivre la reconfiguration dynamique des réseaux cérébraux fonctionnels à une échelle de temps inférieure à la seconde. Elles permettent, d'autre part, de comparer deux réseaux cérébraux activés dans des conditions spécifiques. Nous proposons donc un nouvel algorithme bénéficiant de l'excellente résolution temporelle de l'EEG afin de suivre la reconfiguration rapide des réseaux fonctionnels cérébraux à l'échelle de la milliseconde. L'objectif principal de cet algorithme est de segmenter les réseaux cérébraux en un ensemble d' «états de connectivité fonctionnelle» à l'aide d'une approche de type « clustering ». L …",classification,0.603
,"IPTA'15: The 5th International Conference on Image Processing Theory, Tools and Applications","Recognition of shape parts using shape geodesics
M Merhy, A Benzinou, K Nasreddine, M Khalil, G Faour - IPTA'15: The 5th International Conference on Image …, 2015
Related articles All 2 versions
Recognition of shape parts using shape geodesies
M Merhy, A Benzinou, K Nasreddine, M Khalil, G Faour - 2015 International Conference on Image Processing …, 2015
Related articles",2015/11/10,,,,,,,"signal processing, detection, classification, Biomedical signals, Neurology",,Mohamad KHALIL,,,Recognition of shape parts using shape geodesics,,,,https://scholar.google.com/citations?view_op=view_citation&hl=en&user=0DzJpLQAAAAJ&cstart=200&pagesize=100&citation_for_view=0DzJpLQAAAAJ:NJ774b8OgUMC,,,"Mayssaa Merhy, Abdesslam Benzinou, Kamal Nasreddine, Mohamad Khalil, Ghaleb Faour","Recognition of shape parts using shape geodesics - Archive ouverte HAL Accéder directement au contenu Documentation FR Français (FR) Anglais (EN) Se connecter HAL science ouverte Recherche Loading... Recherche avancée Information de documents Titres Titres Sous-titre Titre de l'ouvrage Titre du volume (Série) Champ de recherche par défaut (multicritères) + texte intégral des PDF Résumé Texte intégral indexé des documents PDF Mots-clés Type de document Sous-type de document Tous les identifiants du document Identifiant HAL du dépôt Langue du document (texte) Pays (Texte) Ville À paraître (true ou false) Ajouter Auteur Auteur (multicritères) Auteur (multicritères) Auteur : Nom complet Auteur : Nom de famille Auteur : Prénom Auteur : Complément de nom, deuxième prénom Auteur : Organisme payeur Auteur : IdHal (chaîne de caractères) Auteur : Fonction Auteur : personID (entier) Auteur : …",Unclassified,0.0
,2015 International Conference on Advances in Biomedical Engineering (ICABME),"Reconstruction of depth-EEG signals: A spatiotemporal model to simulate realistic epileptic activities
M Shamas, I Merlet, A Nica, M Hassan, M Khalil… - 2015 International Conference on Advances in …, 2015
Related articles All 3 versions",2015/9/16,,,,,,131-133,"signal processing, detection, classification, Biomedical signals, Neurology",,Mohamad KHALIL,,,Reconstruction of depth-EEG signals: A spatiotemporal model to simulate realistic epileptic activities,,,,https://scholar.google.com/citations?view_op=view_citation&hl=en&user=0DzJpLQAAAAJ&cstart=200&pagesize=100&citation_for_view=0DzJpLQAAAAJ:F9fV5C73w3QC,,IEEE,"Mohamad Shamas, Isabelle Merlet, Anca Nica, Mahmoud Hassan, Mohamad Khalil, Arnaud Biraben, Wassim El Faou, Fabrice Wendling","The aim of this work is to interpret the signals recorded by depth-EEG electrodes in epileptic patients. In particular we focused on understanding the relationship that links between recorded SEEG signals and the underlying epileptic neural populations. For this purpose, we used an extended spatiotemporal source model and solved the forward problem to calculate the contribution of the source activity on each contact of the inserted electrodes. As a result we could infer from different configurations of the sources the effect of some parameters on the collected signals. The results of our study show that relying on realistic simulations can help to better understand electrophysiological signals collected in patients with epilepsy.",biomedical signals,0.205
,23rd European Signal Processing Conference (EUSIPCO),"Parts-based shape recognition via shape geodesics
M Merhy, A Benzinou, K Nasreddine, M Khalil, G Faour - 2015 23rd European Signal Processing Conference …, 2015
Related articles
Parts-Based Shape Recognition Via Shape Geodesics
M Merhy, A Benzinou, K Nasreddine, M Khalil, G Faour - 23rd European Signal Processing Conference …, 2015
Related articles All 2 versions",2015/8/31,,,,,,,"signal processing, detection, classification, Biomedical signals, Neurology",,Mohamad KHALIL,,,Parts-Based Shape Recognition Via Shape Geodesics,,,,https://scholar.google.com/citations?view_op=view_citation&hl=en&user=0DzJpLQAAAAJ&cstart=200&pagesize=100&citation_for_view=0DzJpLQAAAAJ:tKAzc9rXhukC,,,"Mayssaa Merhy, Abdesslam Benzinou, Kamal Nasreddine, Mohamad Khalil, Ghaleb Faour","The quality of the segmentation process directly affects the performance of the shape recognition. In this paper, we address the problem of shape recognition using only the available shape parts instead of the whole shape. For this purpose, we propose a shape parts recognition strategy that uses a robust distance based on geodesics in the shape space. The proposed combining strategy seeks to handle the contour discontinuity can occur in edge maps due to various disturbing factors encountered in real images. The experimental validation through the MPEG-7 shape database and some real images demonstrates the efficiency of our proposed approach.",signal processing,0.2
,,"Représentation et compression à haut niveau sémantique d’images 3D
K Samrouth - 2014
Related articles All 5 versions",2014/12/19,,https://theses.hal.science/tel-01127628/document,,,,,"signal processing, detection, classification, Biomedical signals, Neurology",,Mohamad KHALIL,,,Représentation et compression à haut niveau sémantique d’images 3D,INSA de Rennes; Université Libanaise,,,https://scholar.google.com/citations?view_op=view_citation&hl=en&user=0DzJpLQAAAAJ&cstart=200&pagesize=100&citation_for_view=0DzJpLQAAAAJ:LPZeul_q3PIC,,,Khouloud Samrouth,"La diffusion de données multimédia, et particulièrement les images, continuent à croitre de manière très significative. La recherche de schémas de codage efficaces des images reste donc un domaine de recherche très dynamique. Aujourd'hui, une des technologies innovantes les plus marquantes dans ce secteur est sans doute le passage à un affichage 3D. La technologie 3D est largement utilisée dans les domaines de divertissement, d'imagerie médicale, de l'éducation et même plus récemment dans les enquêtes criminelles. Il existe différentes manières de représenter l'information 3D. L'une des plus répandues consiste à associer à une image classique dite de texture, une image de profondeur de champs. Cette représentation conjointe permet ainsi une bonne reconstruction 3D dès lors que les deux images sont bien corrélées, et plus particulièrement sur les zones de contours de l'image de profondeur. En comparaison avec des images 2D classiques, la connaissance de la profondeur de champs pour les images 3D apporte donc une information sémantique importante quant à la composition de la scène. Dans cette thèse, nous proposons un schéma de codage scalable d'images 3D de type 2D + profondeur avec des fonctionnalités avancées, qui préserve toute la sémantique présente dans les images, tout en garantissant une efficacité de codage significative. La notion de préservation de la sémantique peut être traduite en termes de fonctionnalités telles que l'extraction automatique de zones d'intérêt, la capacité de coder plus finement des zones d'intérêt par rapport au fond, la recomposition de la scène et l'indexation. Ainsi, dans un …",classification,0.4
,2014 IEEE Visual Communications and Image Processing Conference,"A joint 3D image semantic segmentation and scalable coding scheme with ROI approach
K Samrouth, O Deforges, Y Liu, W Falou, M Khalil - 2014 IEEE Visual Communications and Image …, 2014
Related articles All 5 versions",2014/12/7,,https://nantes-universite.hal.science/hal-01113055/document,,,,270-273,"signal processing, detection, classification, Biomedical signals, Neurology",,Mohamad KHALIL,,,A joint 3D image semantic segmentation and scalable coding scheme with ROI approach,,,,https://scholar.google.com/citations?view_op=view_citation&hl=en&user=0DzJpLQAAAAJ&cstart=200&pagesize=100&citation_for_view=0DzJpLQAAAAJ:OR75R8vi5nAC,,IEEE,"Khouloud Samrouth, Olivier Deforges, Yi Liu, Wassim Falou, Mohamad Khalil","Along with the digital evolution, image post-production and indexing have become one of the most advanced and desired services in the lossless 3D image domain. The 3D context provides a significant gain in terms of semantics for scene representation. However, it also induces many drawbacks including monitoring visual degradation of compressed 3D image (especially upon edges), and increased complexity for scene representation. In this paper, we propose a semantic region representation and a scalable coding scheme. First, the semantic region representation scheme is based on a low resolution version of the 3D image. It provides the possibility to segment the image according to a desirable balance between 2D and depth. Second, the scalable coding scheme consists in selecting a number of regions as a Region of Interest (RoI), based on the region representation, in order to be refined at a higher …",Unclassified,0.0
,,"Modélisation inverse du système neuromusculosquelettique: Application au doigt majeur
S Allouch - 2014
Related articles All 4 versions",2014/9/18,,https://theses.hal.science/tel-01557514/file/These_Samar_ALLOUCH.pdf,,,,,"signal processing, detection, classification, Biomedical signals, Neurology",,Mohamad KHALIL,,,Modélisation inverse du système neuromusculosquelettique: Application au doigt majeur,Université de Technologie de Compiegne,,,https://scholar.google.com/citations?view_op=view_citation&hl=en&user=0DzJpLQAAAAJ&cstart=200&pagesize=100&citation_for_view=0DzJpLQAAAAJ:wvYxNZNCP7wC,,,Samar Allouch,"Avec le besoin de développer un organe artificiel remplaçant le doigt humain dans le cas d'un déficit et la nécessité de comprendre le fonctionnement de ce système physiologique, un modèle physique inverse du système doigt, permettant de chercher les activations neuronales à partir du mouvement, est nécessaire. Malgré le grand nombre d'études dans la modélisation de la main humaine, presque il n'existe aucun modèle physique inverse du système doigt majeur qui s'intéresse à chercher les activations neuronales. Presque tous les modèles existants se sont intéressés à la recherche des forces et des activations musculaires. L'objectif de la thèse est de présenter un modèle neuromusculo-squelettique du système doigt majeur humain permettant d'obtenir les activations neuronales, les activations musculaires et les forces musculaires des tous les muscles agissants sur le système doigt d'après l'analyse du mouvement. Le but de ce type des modèles est de représenter les caractéristiques essentielles du mouvement avec le plus de réalisme possible. Notre travail consiste à étudier, modéliser et à simuler le mouvement du doigt humain. L'innovation du modèle proposé est le couplage entre la biomécanique et les aspects neurophysiologiques afin de simuler la chaine inverse complet du mouvement en allant des données dynamiques du doigt aux intentions neuronales qui contrôlent les activations musculaires. L'autre innovation est la conception d'un protocole expérimental spécifique qui traite à la fois les données sEMG multicanal et les données cinématiques d'après une procédure de capture de mouvement.",Unclassified,0.0
,"Proc. Of the 20th LAAS International Science Conference, LAAS 20","Gaussian Noise Effect in Biometric System based on Hand X-Ray Image
Y Kabbara, A Shahin, AA Nait-Ali, M Khalil - Proc. Of the 20th LAAS International Science …, 2014
Related articles",2014/3/27,,,,,,,"signal processing, detection, classification, Biomedical signals, Neurology",,Mohamad KHALIL,,,Gaussian Noise Effect in Biometric System based on Hand X-Ray Image,,,,https://scholar.google.com/citations?view_op=view_citation&hl=en&user=0DzJpLQAAAAJ&cstart=200&pagesize=100&citation_for_view=0DzJpLQAAAAJ:HeT0ZceujKMC,,,"Yeihya Kabbara, Ahmad Shahin, AA Nait-Ali, Mohamad Khalil","Gaussian Noise Effect in Biometric System based on Hand X-Ray Image - Archive ouverte HAL Recherche Accéder directement au contenu Pied de page Logo Logo Documentation FR Français (FR) Anglais (EN) Se connecter HAL science ouverte Recherche Loading... Recherche avancée Information de documents Titres Titres Sous-titre Titre de l'ouvrage Titre du volume (Série) Champ de recherche par défaut (multicritères) + texte intégral des PDF Résumé Texte intégral indexé des documents PDF Mots-clés Type de document Sous-type de document Tous les identifiants du document Identifiant HAL du dépôt Langue du document (texte) Pays (Texte) Ville À paraître (true ou false) Ajouter Auteur Auteur (multicritères) Auteur (multicritères) Auteur : Nom complet Auteur : Nom de famille Auteur : Prénom Auteur : Complément de nom, deuxième prénom Auteur : Organisme payeur Auteur : IdHal (chaîne de caractères) …",Unclassified,0.0
,2nd Middle East Conference on Biomedical Engineering,"New T-wave parameters describing repolarization abnormalities induced by drug
N Khodor, G Carrault, P L'hostis, H Amoud, M Khalil… - 2nd Middle East Conference on Biomedical …, 2014
Related articles",2014/2/17,,,,,,236-239,"signal processing, detection, classification, Biomedical signals, Neurology",,Mohamad KHALIL,,,New T-wave parameters describing repolarization abnormalities induced by drug,,,,https://scholar.google.com/citations?view_op=view_citation&hl=en&user=0DzJpLQAAAAJ&cstart=200&pagesize=100&citation_for_view=0DzJpLQAAAAJ:dBIO0h50nwkC,,IEEE,"N Khodor, G Carrault, P L'hostis, H Amoud, M Khalil, A Hernandez","In this study, we identify additional markers extracted from the T-wave of vectrocadiogram sensitive to the variation induced by drug. These parameters which were not tested before for drug effect evaluation were compared with other T-wave indicators by beat to beat calculation of all parameters using different mathematical tools on the ECG of two patients with nearly 6 hours recordings from a clinical d-Sotalol study. The results confirm the QT-interval prolongation induced by d-Sotalol and show high sensitivity of the new parameters even with reduced concentration of d-Sotalol.",Unclassified,0.0
,"2nd IEEE International Conference on Advances in Biomedical Engineering, ICABME 2013","Biometrics for healthcare, security and forensics
K El-Soufi, Y Kabbara, A Shahin, M Khalil, AA Nait-Ali - 2nd IEEE International Conference on Advances in …, 2013
Related articles",2013/9/11,,,,,,,"signal processing, detection, classification, Biomedical signals, Neurology",,Mohamad KHALIL,,,"Biometrics for healthcare, security and forensics",,,,https://scholar.google.com/citations?view_op=view_citation&hl=en&user=0DzJpLQAAAAJ&cstart=200&pagesize=100&citation_for_view=0DzJpLQAAAAJ:wKETBy42zhYC,,,"K El-Soufi, Y Kabbara, A Shahin, M Khalil, AA Nait-Ali","Biometrics for healthcare, security and forensics - Archive ouverte HAL Recherche Accéder directement au contenu Pied de page Logo Logo Documentation FR Français (FR) Anglais (EN) Se connecter HAL science ouverte Recherche Loading... Recherche avancée Information de documents Titres Titres Sous-titre Titre de l'ouvrage Titre du volume (Série) Champ de recherche par défaut (multicritères) + texte intégral des PDF Résumé Texte intégral indexé des documents PDF Mots-clés Type de document Sous-type de document Tous les identifiants du document Identifiant HAL du dépôt Langue du document (texte) Pays (Texte) Ville À paraître (true ou false) Ajouter Auteur Auteur (multicritères) Auteur (multicritères) Auteur : Nom complet Auteur : Nom de famille Auteur : Prénom Auteur : Complément de nom, deuxième prénom Auteur : Organisme payeur Auteur : IdHal (chaîne de caractères) Auteur : Fonction Auteur …",Unclassified,0.0
,2013 2nd International Conference on Advances in Biomedical Engineering,"Evaluation of T-wave morphology parameters in drug-induced repolarization abnormalities
K Nadine, C Guy, A Hassan, K Mohamad, L Philippe… - 2013 2nd International Conference on Advances in …, 2013
Related articles All 6 versions",2013/9/11,,https://hal.science/hal-00881382v1/file/Evaluation_of_T-wave_Morphology_Parameters_in_Drug-Induced_Repolarization_Abnormalities.pdf,,,,203-206,"signal processing, detection, classification, Biomedical signals, Neurology",,Mohamad KHALIL,,,Evaluation of T-wave morphology parameters in drug-induced repolarization abnormalities,,,,https://scholar.google.com/citations?view_op=view_citation&hl=en&user=0DzJpLQAAAAJ&cstart=200&pagesize=100&citation_for_view=0DzJpLQAAAAJ:7T2F9Uy0os0C,,IEEE,"Khodor Nadine, Carrault Guy, Amoud Hassan, Khalil Mohamad, L'hostis Philippe, HERNANDEZ Alfredo","This study evaluates the predictive values of T-wave morphology parameters reflecting the repolarization changes by beat to beat calculation of parameters using different mathematical tools to identify additional markers sensitive to the variation induced by drug in the surface of the electrocardiogram. T-wave morphology indicators are extracted from nearly 6 hours recordings of two patients from a clinical d-Sotalol study. The results show that drug induced change in T-wave morphology as well as QT interval. In particular, parameters extracted from spherical coordinates of vectrocardiogram that were not tested before for drug effect evaluation show high sensitivity to small change induced by drugs.",Unclassified,0.0
,,"Research Article Comparison of Different EHG Feature Selection Methods for the Detection of Preterm Labor
D Alamedine, M Khalil, C Marque - 2013
Related articles",2013,,https://www.academia.edu/download/69373254/d5e512f92ee160cbc4587c83a9a6a3a558ff.pdf,,,,,"signal processing, detection, classification, Biomedical signals, Neurology",,Mohamad KHALIL,,,Research Article Comparison of Different EHG Feature Selection Methods for the Detection of Preterm Labor,,,,https://scholar.google.com/citations?view_op=view_citation&hl=en&user=0DzJpLQAAAAJ&cstart=200&pagesize=100&citation_for_view=0DzJpLQAAAAJ:wyM6WWKXmoIC,,,"D Alamedine, M Khalil, C Marque","Numerous types of linear and nonlinear features have been extracted from the electrohysterogram (EHG) in order to classify labor and pregnancy contractions. As a result, the number of available features is now very large. The goal of this study is to reduce the number of features by selecting only the relevant ones which are useful for solving the classification problem. This paper presents three methods for feature subset selection that can be applied to choose the best subsets for classifying labor and pregnancy contractions: an algorithm using the Jeffrey divergence (JD) distance, a sequential forward selection (SFS) algorithm, and a binary particle swarm optimization (BPSO) algorithm. The two last methods are based on a classifier and were tested with three types of classifiers. These methods have allowed us to identify common features which are relevant for contraction classification.",detection,0.604
,,"Development of an expert system to automate gait data interpretation
M Abi Hayla, M Khalil, J Watts, D Ewins - Qatar Foundation Annual Research Forum, 2012
Related articles All 2 versions",2012/10/21,2012.0,,,,,BMPS8,"signal processing, detection, classification, Biomedical signals, Neurology",,Mohamad KHALIL,,,Development of an expert system to automate gait data interpretation,,Qatar Foundation Annual Research Forum,,https://scholar.google.com/citations?view_op=view_citation&hl=en&user=0DzJpLQAAAAJ&cstart=200&pagesize=100&citation_for_view=0DzJpLQAAAAJ:rO6llkc54NcC,1,Bloomsbury Qatar Foundation Journals,"Myriam Abi Hayla, Mohammad Khalil, John Watts, David Ewins","Gait analysis (GA) is often defined as the study of human walking; typically involving computerized and instrumented measurement of the movement patterns that make up walking. GA can reveal the timing and pattern of activation of muscles and joints, of body segment motions, and the forces that act on them. It can facilitate objective comparison of pathological versus normal gait and monitoring of progress in rehabilitation. However, although raw results can be printed in minutes, the clinical team may spend hours in interpreting the data. The success of this approach is limited mainly by the ability of clinicians to handle large sets of data, their expertise with respect to the biomechanics of gait, and their individual experience with the characteristics of a particular population. In addition, it is recognized that the interpretation of data varies from clinician to clinician and institution to institution which have its impact on …",Unclassified,0.0
,2012 8th International Symposium on Mechatronics and its Applications,"Validation, in healthy adults, of the reproducibility of the elongation of the cervical spine, under constant traction, in function of time and breathing. Pilot study
J Wehbe, M Khalil, M Halimi - 2012 8th International Symposium on Mechatronics …, 2012
Related articles All 3 versions",2012/4/10,,https://www.academia.edu/download/86172745/isma.2012.621517220220519-1-70xaep.pdf,,,,1-5,"signal processing, detection, classification, Biomedical signals, Neurology",,Mohamad KHALIL,,,"Validation, in healthy adults, of the reproducibility of the elongation of the cervical spine, under constant traction, in function of time and breathing. Pilot study",,,,https://scholar.google.com/citations?view_op=view_citation&hl=en&user=0DzJpLQAAAAJ&cstart=200&pagesize=100&citation_for_view=0DzJpLQAAAAJ:5icHVeHT4IsC,,IEEE,"Jad Wehbe, Mohamad Khalil, Mohamad Halimi","Introduction: The region of the neck is vulnerable. In case of pathology, the cervical traction is suggested to put under stress its constituent elements. We consider that the elongation of the cervical spine is constant and reproducible under the influence of a given traction power. We suggest studying the validation of a measuring instrument to objectivize the pathological damages and the results of the treatment.",Unclassified,0.0
,2012 16th IEEE Mediterranean Electrotechnical Conference,"Advanced Growing Neural Network approach for the fault diagnosis of large scale industrial plants
M Barakat, M Khalil, D Lefebvre, F Druaux - 2012 16th IEEE Mediterranean Electrotechnical …, 2012
Related articles",2012/3/25,,,,,,532-535,"signal processing, detection, classification, Biomedical signals, Neurology",,Mohamad KHALIL,,,Advanced Growing Neural Network approach for the fault diagnosis of large scale industrial plants,,,,https://scholar.google.com/citations?view_op=view_citation&hl=en&user=0DzJpLQAAAAJ&cstart=200&pagesize=100&citation_for_view=0DzJpLQAAAAJ:artPoR2Yc-kC,,IEEE,"M Barakat, M Khalil, D Lefebvre, F Druaux","Detecting and diagnosing faults before deteriorating the system performance is a crucial task for the reliability and safety of many engineering systems. A parameter selection with Self Adaptive Growing Neural Network (SAGNN) is developed for automatic Fault Detection and Diagnosis (FDD) in industrial environments. The growing and adaptive skill of SAGNN allows it to change its size and structure according to the training data. An advanced parameter selection criterion is embedded in SAGNN algorithm based on the computed performance rate of training samples. At growing stage, neurons are added to hidden subspaces of SAGNN while its competitive learning is an adaptive process in which neurons become more sensitive to different input patterns. The proposed classifier is applied to the fault detection and diagnoses of disturbances in chemical plant. Classification results are analyzed, explained and …",detection,0.604
,,"Undersampled MRSI k-space for spectra with limited support
D Merhej, H Ratiney, C Diab, M Khalil, R Prost - Proc. Intl. Soc. Mag. Reson. Med, 2011
Related articles All 3 versions",2011,19.0,,,,,2854,"signal processing, detection, classification, Biomedical signals, Neurology",,Mohamad KHALIL,,,Undersampled MRSI k-space for spectra with limited support,,Proc. Intl. Soc. Mag. Reson. Med,,https://scholar.google.com/citations?view_op=view_citation&hl=en&user=0DzJpLQAAAAJ&cstart=200&pagesize=100&citation_for_view=0DzJpLQAAAAJ:kzcSZmkxUKAC,,,"Dany Merhej, Helene Ratiney, Chaouki Diab, Mohamad Khalil, Rmy Prost","A major drawback in application of magnetic resonance spectroscopic imaging is the long acquisition time required to gather necessary data to achieve satisfactory resolution. When the chemical shift spectrum is inherently sparse, ie with a limited support, it is possible to reconstruct this spectrum from a subset of the k-space samples, thus reducing the number of phase encoding steps and subsequently reducing acquisition time. In this case, our approach outperforms compressive sensing using L1-minimization. The proposed reconstruction technique is validated on simulated, in vitro and in vivo data.",Unclassified,0.0
,Proc. Of the International Conference on Advances in Biomedical Engineering,"Biometrics using ECG
S Chantaf, M Khalil, AA Nait-Ali - Proc. Of the International Conference on Advances in …, 2011
Related articles",2011,,,,,,20-28,"signal processing, detection, classification, Biomedical signals, Neurology",,Mohamad KHALIL,,,Biometrics using ECG,,,,https://scholar.google.com/citations?view_op=view_citation&hl=en&user=0DzJpLQAAAAJ&cstart=200&pagesize=100&citation_for_view=0DzJpLQAAAAJ:NDuN12AVoxsC,,,"S Chantaf, M Khalil, AA Nait-Ali","Biometrics using ECG - Archive ouverte HAL Accéder directement au contenu Documentation FR Français (FR) Anglais (EN) Se connecter HAL science ouverte Recherche Loading... Recherche avancée Information de documents Titres Titres Sous-titre Titre de l'ouvrage Titre du volume (Série) Champ de recherche par défaut (multicritères) + texte intégral des PDF Résumé Texte intégral indexé des documents PDF Mots-clés Type de document Sous-type de document Tous les identifiants du document Identifiant HAL du dépôt Langue du document (texte) Pays (Texte) Ville À paraître (true ou false) Ajouter Auteur Auteur (multicritères) Auteur (multicritères) Auteur : Nom complet Auteur : Nom de famille Auteur : Prénom Auteur : Complément de nom, deuxième prénom Auteur : Organisme payeur Auteur : IdHal (chaîne de caractères) Auteur : Fonction Auteur : personID (entier) Auteur : Identifiant de l'organisme payeur …",Unclassified,0.0
,Séminaire du Comité mixte du Programme CEDRE,"Microcapteur sans contact pour la détection des signaux vitaux et leur transmission en temps réel utilisant les technologies de communication
G El Zein, S Sadek, D Obeid, G Zaharia, G Grunfelder… - Séminaire du Comité mixte du Programme CEDRE, 2010
Related articles All 2 versions",2010/6/14,,,,,,,"signal processing, detection, classification, Biomedical signals, Neurology",,Mohamad KHALIL,,,Microcapteur sans contact pour la détection des signaux vitaux et leur transmission en temps réel utilisant les technologies de communication,,,,https://scholar.google.com/citations?view_op=view_citation&hl=en&user=0DzJpLQAAAAJ&cstart=200&pagesize=100&citation_for_view=0DzJpLQAAAAJ:vDZJ-YLwNdEC,,,"Ghaïs El Zein, Sawsan Sadek, Dany Obeid, Gheorghe Zaharia, Guy Grunfelder, Mohamad Khalil, Mohamed Rammal, Mohamed Hajjar",UNIV-NANTES UNIV-RENNES1 CNRS INSA-RENNES IETR IETR-INSA IETR_PL UR1-MATH-STIC UR1-UFR-ISTIC IETR-SYSCOM UNIV-RENNES INSA-GROUPE UR1-MATH-NUM IETR-POLARIS NANTES-UNIVERSITE,signal processing,0.2
,,"Real-Time ECG Transmission via Internet from Multi-Patient toward Multi-Physician
S MERHEB, M KHALIL, S SADEK, M SAYED… - Proceedings of 2010 International Colloquium on …, 2010
Related articles",2010,,,,,,,"signal processing, detection, classification, Biomedical signals, Neurology",,Mohamad KHALIL,,,Real-Time ECG Transmission via Internet from Multi-Patient toward Multi-Physician,,"Proceedings of 2010 International Colloquium on Computing, Communication, Control, and Management (CCCM2010) Volume 4",,https://scholar.google.com/citations?view_op=view_citation&hl=en&user=0DzJpLQAAAAJ&cstart=200&pagesize=100&citation_for_view=0DzJpLQAAAAJ:LhH-TYMQEocC,,,"Sahar MERHEB, Mohamad KHALIL, Sawsan SADEK, Mohamad SAYED, Khaled HOUSSEIN","正 This paper presents the tool system design for an application that provides Real Time Remote Monitoring for ECG signals and ensures mobility for both patients and physicians all over the world. With friendly user interface, an authenticated physician can monitor the patient ECG and retrieve older session in order to follow his recovery and healing.",biomedical signals,0.207
,,"Trends of permanent pacemaker implantation in University Cardiac Center, BSMMU
F Rahman, SA Ahsan, CM Ahmed, M Safiuddin… - University Heart Journal, 2008
Related articles All 6 versions",2008,4.0,https://banglajol.info/index.php/UHJ/article/download/2072/1902,,,,16-18,"signal processing, detection, classification, Biomedical signals, Neurology",,Mohamad KHALIL,,,"Trends of permanent pacemaker implantation in University Cardiac Center, BSMMU",,University Heart Journal,,https://scholar.google.com/citations?view_op=view_citation&hl=en&user=0DzJpLQAAAAJ&cstart=200&pagesize=100&citation_for_view=0DzJpLQAAAAJ:ifOnle78iJkC,2,,"Fazlur Rahman, Syed Ali Ahsan, Chaudhury Meshkat Ahmed, Md Safiuddin, KMHS Sirajul Haque, Sajal Krishna Banerjee, Md Abu Siddique, Manzoor Mahmood, Khairul Anam, Md Mukhlesur Rahman, SM Mostafa Zaman, Md Khurshed Ahmed, SM Ahsan Habib, MA Salim, Mir J Uddin, Mohammed Faruque, MA Khalil, MA Patauri, Md Abdur Rashid, G Hafiz","The purpose of the study was to investigate the trends of permanent pacemaker implantations in the University Cardiac Center (UCC), Bangabandhu Sheikh Mujib Medical University (BSMMU), Dhaka. This retrospective study conducted in the department of Cardiology, UCC, BSMMU, Dhaka to evaluate demographic distribution, indications, complications of the permanent pacemaker (PPM) implantation and its hospital outcome. Data of this retrospective study was collected from hospital registry and patient's record files. Total 98 patients were studied. Among them male were 64.28%(n= 63) and female were 35.71%(n= 35). Most of them were elderly patients (58%). Complete heart block was the most common cause for PPM implantation, which was 67.35%(n= 66). Single chamber multiprogrammable PPM (VVI) was implanted in 86.73%(n= 85) and Dual chamber PPM (DDI) was implanted in 13.26%(n= 13) cases. No Major complications occurred during the procedure and short term in-hospital outcome was good for all the cases. This study showed that PPM implantation is rapidly increasing modality of treatment for patients with cardiac bradyarrhythmias as effective technique with good in-hospital outcome. Â",biomedical signals,0.2
,2006 2nd International Conference on Information & Communication Technologies,"Quantification of Placental Vascularization by Two-Dimensional Power Doppler
M Ayache, M Khalil, C Paillet, F Perrotin, F Tranquart - 2006 2nd International Conference on Information & …, 2006
Related articles",2006/4/24,1.0,,,,,1140-1144,"signal processing, detection, classification, Biomedical signals, Neurology",,Mohamad KHALIL,,,Quantification of Placental Vascularization by Two-Dimensional Power Doppler,,,,https://scholar.google.com/citations?view_op=view_citation&hl=en&user=0DzJpLQAAAAJ&cstart=200&pagesize=100&citation_for_view=0DzJpLQAAAAJ:2VqYfGB8ITEC,,IEEE,"M Ayache, M Khalil, C Paillet, F Perrotin, F Tranquart","The objective of the paper is to study placental vascularization using two-dimensional power Doppler techniques. A prospective study was performed in patients to correlate visualization of placental vessels in vivo with known anatomy. Thirty eight patients and one patient with diabetes were used to the study. To evaluate placental vascularization, 2D power Doppler was applied to obtain the images. Our results show that the placental vessels seen with this technique correlate well with known anatomy. A progressive increase of the index of vascularization with increasing gestational age",Unclassified,0.0
,,"2 Biomedical Department, Islamic University of Lebanon, Beirut, Lebanon.
MO DIAB¹, C MARQUE¹, M KHALIL - Smart Systems Engineering: Infra-structure Systems …, 2006
Related articles",2006,16.0,,,,,317,"signal processing, detection, classification, Biomedical signals, Neurology",,Mohamad KHALIL,,,"2 Biomedical Department, Islamic University of Lebanon, Beirut, Lebanon.",,"Smart Systems Engineering: Infra-structure Systems Engineering, Bio-informatics and Computational Biology and Evolutionary Computation: Proceedings of the Artificial Neural Networks in Engineering Conference (ANNIE 2006): Held November 6-8, 2006, in St. Louis, Missouri, USA",,https://scholar.google.com/citations?view_op=view_citation&hl=en&user=0DzJpLQAAAAJ&cstart=200&pagesize=100&citation_for_view=0DzJpLQAAAAJ:Kqc1aDSOPooC,,American Society of Mechanical Engineers,"MOHAMAD O DIAB¹, CATHERINE MARQUE¹, MOHAMAD KHALIL",this article proposes a method for modeling and classification apply on the uterine contractions in the electromyogram (EMG) signal for the detection of preterm birth. The frequency content of the contraction changes from one woman to another and during pregnancy.,detection,0.61
,,"Modeling and Classification for Uterine EMG Signals Using Autoregressive Model
M Diab, C Marque, M Khalil - … Systems through Artificial Neural Networks, Volume 16, 2006
Related articles",2006,,,,,,317-322,"signal processing, detection, classification, Biomedical signals, Neurology",,Mohamad KHALIL,,,Modeling and Classification for Uterine EMG Signals Using Autoregressive Model,,"Intelligent Engineering Systems through Artificial Neural Networks, Volume 16",,https://scholar.google.com/citations?view_op=view_citation&hl=en&user=0DzJpLQAAAAJ&cstart=200&pagesize=100&citation_for_view=0DzJpLQAAAAJ:4fGpz3EwCPoC,,ASME Press,"Mohamad Diab, Catherine Marque, Mohamad Khalil","Modeling and Classification for Uterine EMG Signals Using Autoregressive Model - Archive ouverte HAL Accéder directement au contenu Documentation FR Français (FR) Anglais (EN) Se connecter HAL science ouverte Recherche Loading... Recherche avancée Information de documents Titres Titres Sous-titre Titre de l'ouvrage Titre du volume (Série) Champ de recherche par défaut (multicritères) + texte intégral des PDF Résumé Texte intégral indexé des documents PDF Mots-clés Type de document Sous-type de document Tous les identifiants du document Identifiant HAL du dépôt Langue du document (texte) Pays (Texte) Ville À paraître (true ou false) Ajouter Auteur Auteur (multicritères) Auteur (multicritères) Auteur : Nom complet Auteur : Nom de famille Auteur : Prénom Auteur : Complément de nom, deuxième prénom Auteur : Organisme payeur Auteur : IdHal (chaîne de caractères) Auteur : Fonction Auteur : …",classification,0.605
,,"Détection et classification par ondelettes des signaux non stationnaires: application à l'électromyographie utérine
M Chendeb - 2006
Related articles",2006,,,,,,,"signal processing, detection, classification, Biomedical signals, Neurology",,Mohamad KHALIL,,,Détection et classification par ondelettes des signaux non stationnaires: application à l'électromyographie utérine,,,,https://scholar.google.com/citations?view_op=view_citation&hl=en&user=0DzJpLQAAAAJ&cstart=200&pagesize=100&citation_for_view=0DzJpLQAAAAJ:3s1wT3WcHBgC,,,Marwa Chendeb,"L’objectif de ce travail est de contribuer au développement de méthodes de choix de la meilleure base à partir d’une décomposition en paquets d’ondelettes pour la détection et la classification. Le cadre applicatif global est le choix de la meilleure base pour la détection d’événements dans le signal EMG utérin, utilisé pour la prévention des accouchements prématurés. Le chapitre 1 est consacré à la description de l’objectif global de l’étude, à la présentation du signal EMG utérin, de son contenu et de son origine. Dans le chapitre 2, deux approches de modélisation sont utilisées pour mettre en évidence le contenu fréquentiel des événements. La première est fondée sur la décomposition en paquets d’ondelettes. La distance de Kullback Leibler est utilisée comme un critère du choix de la meilleure base pour la détection, ce qui est présenté au chapitre 3. Dans le chapitre 4, la détection est effectuée sur les coefficients des paquets sélectionnés. Un décalage est généré différemment sur chaque paquet d’où la nécessité de redéfinir les vraies valeurs des instants de changement et d’appliquer une procédure de fusion pour avoir ensuite un seul instant de détection correspondant au signal original. Le chapitre 5 présente le choix des paquets les plus discriminants pour la classification. Les événements détectés sont identifiés « physiologiquement » en utilisant les méthodes de K Plus Proches Voisins, la distance de Mahalanobis, les réseaux de neurones et les Machines à Vecteurs Support. Plus de 85% des événements ont été bien classifiés",classification,0.603
,,"MODELING AND CLASSIFICATION FOR UTERINE EMG SIGNALS USING AUTOREGRESSIVE MODEL MOHAMAD O. DIAB¹², CATHERINE MARQUE', MOHAMAD KHALIL². 1 UMR CNRS 6600, University of Technology of Compiègne, Compiègne, France. 2 Biomedical Department, Islamic University of Lebanon, Beirut, Lebanon.*
MO DIAB¹ - Smart Systems Engineering: Infra-structure Systems …, 2006
Related articles",2006,16.0,,,,,317,"signal processing, detection, classification, Biomedical signals, Neurology",,Mohamad KHALIL,,,"MODELING AND CLASSD7ICATION FOR UTERINE EMG SIGNALS USING AUTOREGRESSIVE MODEL MOHAMAD O. DIAB1'2, CATHERINE MARQUE1, MOHAMAD KHALILJ.'UMR CNRS 6600, University of Technology …",,"Smart systems engineering: infra-structure systems engineering, bio-informatics and computational biology and evolutionary computation: proceedings of the Artificial Neural Networks in Engineering Conference (ANNIE 2006): held November 6-8, 2006, in St. Louis, Missouri, USA",,https://scholar.google.com/citations?view_op=view_citation&hl=en&user=0DzJpLQAAAAJ&cstart=200&pagesize=100&citation_for_view=0DzJpLQAAAAJ:70eg2SAEIzsC,,Amer Society of Mechanical,"O MOHAMAD, CATHERINE MARQUE",,biomedical signals,0.217
,"Proceedings. 2004 International Conference on Information and Communication Technologies: From Theory to Applications, 2004.","Computer analysis of long duration SEMG signals during simulated car driving: two different approaches
W El Falou, O Mustapha, M Khalil, M Chendeb… - … . 2004 International Conference on Information and …, 2004
Related articles",2004/4/23,,,,,,383-384,"signal processing, detection, classification, Biomedical signals, Neurology",,Mohamad KHALIL,,,Computer analysis of long duration SEMG signals during simulated car driving: two different approaches,,,,https://scholar.google.com/citations?view_op=view_citation&hl=en&user=0DzJpLQAAAAJ&cstart=300&pagesize=100&citation_for_view=0DzJpLQAAAAJ:OcBU2YAGkTUC,,IEEE,"Wassim El Falou, Oussarna Mustapha, M Khalil, M Chendeb, J Duchene",The aim of this paper is to detect the muscle fatigue using surface electromyography (SEMG) signal and then use the evolution of this fatigue to detect the best car seat. Two approaches are achieved and compared for two kinds of seats. The first approach is based on the calculus of the median frequency after detection of the SEMG segments. In this case we will compare the evolution of this median frequency for each seat. The second approach is based on the classification using wavelet transform and neural networks. The evolution of classes in each signal corresponding to each seat will gives information about the best car seat. These two approaches give the same result about the two seats.,detection,0.606
,10th Mediterranean Conference on Medical and Biological Engineering (MEDICON),"A segmentation approach to long-duration surface electromyography recordings
W El Falou, J Duchene, D Hewson, M Khalil… - 10th Mediterranean Conference on Medical and …, 2004
Related articles All 2 versions",2004,,,,,,,"signal processing, detection, classification, Biomedical signals, Neurology",,Mohamad KHALIL,,,A segmentation approach to long-duration surface electromyography recordings,,,,https://scholar.google.com/citations?view_op=view_citation&hl=en&user=0DzJpLQAAAAJ&cstart=300&pagesize=100&citation_for_view=0DzJpLQAAAAJ:BJrgspguQaEC,,,"Wassim El Falou, Jacques Duchene, David Hewson, Mohamad Khalil, Michel Grabisch, Frédéric Lino","A segmentation approach to long-duration surface electromyography recordings - Archive ouverte HAL Recherche Accéder directement au contenu Pied de page Logo Logo Documentation FR Français (FR) Anglais (EN) Se connecter HAL science ouverte Recherche Loading... Recherche avancée Information de documents Titres Titres Sous-titre Titre de l'ouvrage Titre du volume (Série) Champ de recherche par défaut (multicritères) + texte intégral des PDF Résumé Texte intégral indexé des documents PDF Mots-clés Type de document Sous-type de document Tous les identifiants du document Identifiant HAL du dépôt Langue du document (texte) Pays (Texte) Ville À paraître (true ou false) Ajouter Auteur Auteur (multicritères) Auteur (multicritères) Auteur : Nom complet Auteur : Nom de famille Auteur : Prénom Auteur : Complément de nom, deuxième prénom Auteur : Organisme payeur Auteur : IdHal (chaîne de …",Unclassified,0.0
,XIXth Congress of the International Society of Biomechanics,"A segmentation approach to long duration SEMG recordings: an ergonomic application
W El Falou, D Hewson, M Khalil, J Duchêne - XIXth Congress of the International Society of …, 2003
Related articles All 4 versions",2003,,,,,,,"signal processing, detection, classification, Biomedical signals, Neurology",,Mohamad KHALIL,,,A segmentation approach to long duration SEMG recordings: an ergonomic application,,,,https://scholar.google.com/citations?view_op=view_citation&hl=en&user=0DzJpLQAAAAJ&cstart=300&pagesize=100&citation_for_view=0DzJpLQAAAAJ:LGlY6t8CeOMC,,,"Wassim El Falou, David Hewson, Mohammed Khalil, Jacques Duchêne","Surface electromyography (SEMG) is a commonly used tool in the study of muscle activity due its non-invasive and representative nature. In particular, the presence of fatigue can be detected in SEMG signals when the power spectrum becomes compressed, resulting in a reduction in both the mean and median frequencies. Despite these benefits, several problems arise when SEMG is used in an ergonomic setting to detect postural muscle activity. In order to detect fatigue in postural muscles, recordings must be of long duration due to the low levels of SEMG activity present. Furthermore, low activation levels are often compounded by low signal to noise ratios (SNR), while postural SEMG activity is often masked by other electrical activity and noise (Lamotte et al, 1996). The aim of this investigation was to develop an automatic segmentation method, in order to detect postural SEMG segments. The secondary aim of …",detection,0.4
,,"Segmentation des signaux électromyographiques de longue durée-Application à l'étude de l’inconfort
W Falou, M Khalil, J Duchene, M Maksoud - Lebanese Science Journal, 2003
Related articles All 2 versions",2003,4.0,,,,,,"signal processing, detection, classification, Biomedical signals, Neurology",,Mohamad KHALIL,,,Segmentation des signaux électromyographiques de longue durée-Application à l'étude de l’inconfort,,Lebanese Science Journal,,https://scholar.google.com/citations?view_op=view_citation&hl=en&user=0DzJpLQAAAAJ&cstart=300&pagesize=100&citation_for_view=0DzJpLQAAAAJ:qwy9JoKyICEC,1,,"Wassim Falou, Mohamad Khalil, Jacques Duchene, Mustafa Maksoud","La détection et la segmentation de changement sont les premières étapes dans beaucoup d'applications en traitement des signaux. La plupart des algorithmes de segmentation sont basés sur la théorie de détection et des tests statistiques d'hypothèse. Quand les paramètres des hypothèses sont connus, les chercheurs utilisent un algorithme efficace appelé algorithme CUSUM pour résoudre le problème de la détection. Cet algorithme est basé sur le rapport de logarithme de vraisemblance. L'algorithme de CUSUM est optimal car il optimise le retard à la détection quand le temps moyen entre fausses alarmes tend vers l'infini. Dans beaucoup d'applications, les modifications peuvent affecter l'énergie, la fréquence ou ces deux paramètres en même temps. La détection d'un changement fréquentiel peut être effectuée en utilisant l'algorithme de CUSUM appliqué sur les innovations d'un modèle AR. Les coefficients AR contiennent des informations sur le contenu spectral du signal. Dans la plupart d'applications, les paramètres des hypothèses à détecter sont souvent inconnus et d'autres algorithmes doivent être appliqués pour la détection des changements. Ces algorithmes sont basés sur le calcul d'une somme cumulative dynamique (DCS) du rapport de logarithme de vraisemblance entre deux hypothèses localement estimées. L'estimation de ces hypothèses se fait à chaque instant t en utilisant deux fenêtres glissantes avant et après le temps courant t. La première partie de cet article fournit une vue globale de l'algorithme CUSUM, en se concentrant sur l'algorithme de somme cumulée dynamique. On présentera les propriétés et limites …",signal processing,0.203
,The 4th International Workshop on Biosignal Interpretation,"Change detection and classification in long term postural EMG recordings
W El Falou, M Khalil, D Hewson, J Duchene - The 4th International Workshop on Biosignal …, 2002
Related articles All 2 versions",2002,,,,,,,"signal processing, detection, classification, Biomedical signals, Neurology",,Mohamad KHALIL,,,Change detection and classification in long term postural EMG recordings,,,,https://scholar.google.com/citations?view_op=view_citation&hl=en&user=0DzJpLQAAAAJ&cstart=300&pagesize=100&citation_for_view=0DzJpLQAAAAJ:hGdtkIFZdKAC,,,"Wassim El Falou, Mohamad Khalil, David Hewson, Jacques Duchene","Change detection and classification in long term postural EMG recordings - Université de technologie de Troyes Recherche Accéder directement au contenu Pied de page Logo Logo Documentation FR Français (FR) Anglais (EN) Se connecter Portail HAL UTT Recherche Loading... Recherche avancée Information de documents Titres Titres Sous-titre Titre de l'ouvrage Titre du volume (Série) Champ de recherche par défaut (multicritères) + texte intégral des PDF Résumé Texte intégral indexé des documents PDF Mots-clés Type de document Sous-type de document Tous les identifiants du document Identifiant HAL du dépôt Langue du document (texte) Pays (Texte) Ville À paraître (true ou false) Ajouter Auteur Auteur (multicritères) Auteur (multicritères) Auteur : Nom complet Auteur : Nom de famille Auteur : Prénom Auteur : Complément de nom, deuxième prénom Auteur : Organisme payeur Auteur : IdHal (chaîne …",detection,0.605
,,"Extraction des types d'événements dans les signaux biomédicaux
M Khalil, J Duchene, C Marque, H Ziade, L Youssef… - Lebanese Science Journal, 2001
Related articles All 2 versions",2001,2.0,,,,,,"signal processing, detection, classification, Biomedical signals, Neurology",,Mohamad KHALIL,,,Extraction des types d'événements dans les signaux biomédicaux,,Lebanese Science Journal,,https://scholar.google.com/citations?view_op=view_citation&hl=en&user=0DzJpLQAAAAJ&cstart=300&pagesize=100&citation_for_view=0DzJpLQAAAAJ:qe6vwMD2xtsC,1,,"Mohamad Khalil, Jacques Duchene, Catherine Marque, Haissam Ziade, Lamia Youssef, Samer Hamdach","L'accouchement prématuré, principale cause de morbidité et de mortalité néonatale, demeure un problème majeure en clinique obstétricale. La détection des accouchements prématurés vise au développement d'un système de surveillance des menaces d'accouchement prématuré, basé sur le suivi de la contractilité utérine mesurée au moyen de l'EMG utérin abdominal. Les caractéristiques temporelles et spectrales des bouffées électriques changent au cours du terme. Le but de notre étude est de détecter et classifier les différents types d'événements contenus dans l'EMG utérin à partir des paramètres temporels et spectraux. La détection et la classification des événements sont réalisées en utilisant une méthode séquentielle qui s' appelle méthode de la somme cumulée (CUSUM) et en introduisant la modélisation autoregressive du signal. Les coefficients autoregressifs contiennent des informations sur le contenu fréquentiel des événements. Ils peuvent être utilisés pour réaliser la classification des événements. L'étude de l'efficacité et de la sensibilité de cette méthode se traduit par le test de sa rapidité à donner des résultats pour une utilisation temps réel, son retard à la détection estimé comme étant la différence entre l'instant de détection donné par le programme et le vrai instant de changement observé sur le signal, et enfin le résultat donné par la classification. Une application temps réel a été réalisée en implantant notre algorithme sur un DSP 96002. Mots-clés: signaux biomédicaux, électromyogramme utérin",classification,0.603
,,"FORECASTING OF GLOBALIZATION’S IMPACT ON ARABIAN AGRICULTURAL FOREIGN TRADE التنبؤ بأثر العولمة علي التجارة الزراعية الخارجية العربية
MA Khalil, AQ Bahloul - Journal of Agricultural Economics and Social Sciences, 2000
Related articles All 3 versions",2000/7/1,25.0,https://journals.ekb.eg/article_259397_5960540d30b9486e2df481419135dda1.pdf,,,,4221-4234,"signal processing, detection, classification, Biomedical signals, Neurology",,Mohamad KHALIL,,,FORECASTING OF GLOBALIZATION’S IMPACT ON ARABIAN AGRICULTURAL FOREIGN TRADE التنبؤ بأثر العولمة علي التجارة الزراعية الخارجية العربية,,Journal of Agricultural Economics and Social Sciences,,https://scholar.google.com/citations?view_op=view_citation&hl=en&user=0DzJpLQAAAAJ&cstart=300&pagesize=100&citation_for_view=0DzJpLQAAAAJ:VRfTbSk87rEC,7,"Mansoura University, Faculty of Agriculture","MA Khalil, AQ Bahloul",يركز البحث علي البعد الاقتصادي للعولمة وأثره علي التجارة الزراعية العربية حيث أن العولمة أصبحت تمثل فرصاً وأيضاً تحديات تواجه الدول النامية ، وتتمثل أهم الفرص في توفر أسواق أوسع للتجارة الخارجية ، وزيادة مجموعة السلع القابلة للدخولفي التجارة ، ومتدفقات رأسمالية خاصة ضخمة ، وزيادة القدرة علي الوصول إلى التكنولوجيا المتطورة . بينما تتمثل أهم التحديات في أن التكامل يتطلب تطبيق نظام للتجارة الحرة وتحرير نظم الاستثمار بما يتضمنه ذلك من مخاطر فيما يتعلق بنصيب الدول النامية من المكاسب .             أعتمد البحث علي البيانات الثانوية المنشورة من خلال منظمة الأغذية والزراعة للأمم المتحدة FAO  علي شبكة المعلومات العالمية والمسماة FAOSTAT Database  . وأستخدم الباحثان المناسب من طرق التحليل الإحصائي والاقتصادي القياسي التي يمكن من خلالها التنبؤ بأثر العولمة علي كل من الصادرات والواردات الزراعية والميزان التجاري الزراعي للدول العربية كل على حدة باستخدام عديد من طرق التنبؤ ، واختيار أفضل النتائج التي تم التوصل إليها بمساعدة برامج الحاسب الآلي المناسبة .             وأشارت أهم النتائج إلى أنه في المدى القصير وبرغم زيادة قيمة الصادرات الزراعية في معظم الدول العربية إلاَّ أن قيمة وارداتها الزراعية وقيمة العجز في ميزانها التجاري الزراعي قد زادت  أيضا. كما أتضح أن العجز في الميزان التجاري الزراعي سوف يحقق ارتفاعا بالنسبة لأكثر من نصف الدول العربية ، وأنه سوف يظل مستمرا في جميع الأحوال بالنسبة لكل الدول العربية .             وفى ضوء النتائج التي تم التوصل إليها أوصت الدراسة بضرورة اهتمام جميع الدول العربية بإعادة هيكلة إنتاجها الزراعي إستادا إلى المزايا الإنتاجية النسبية لكل منها ، وأن تأخذ بسياسة التكامل الزراعي العربي فيما بينها كضرورة لا مناص منها في ظل العولمة وحماية من مخاطرها .,Unclassified,0.0
,IEEE International Symposium on Intelligent Signal Processing and Communication Systems (ISPACS 2000),"Dynamic approach of detection associated with wavelet decomposition
M Khalil, J Duchene - IEEE International Symposium on Intelligent Signal …, 2000
Related articles All 2 versions",2000,,,,,,,"signal processing, detection, classification, Biomedical signals, Neurology",,Mohamad KHALIL,,,Dynamic approach of detection associated with wavelet decomposition,,,,https://scholar.google.com/citations?view_op=view_citation&hl=en&user=0DzJpLQAAAAJ&cstart=300&pagesize=100&citation_for_view=0DzJpLQAAAAJ:nPT8s1NX_-sC,,,"Mohamad Khalil, Jacques Duchene","Dynamic approach of detection associated with wavelet decomposition - Université de technologie de Troyes Accéder directement au contenu Documentation FR Français (FR) Anglais (EN) Se connecter Portail HAL UTT Recherche Loading... Recherche avancée Information de documents Titres Titres Sous-titre Titre de l'ouvrage Titre du volume (Série) Champ de recherche par défaut (multicritères) + texte intégral des PDF Résumé Texte intégral indexé des documents PDF Mots-clés Type de document Sous-type de document Tous les identifiants du document Identifiant HAL du dépôt Langue du document (texte) Pays (Texte) Ville À paraître (true ou false) Ajouter Auteur Auteur (multicritères) Auteur (multicritères) Auteur : Nom complet Auteur : Nom de famille Auteur : Prénom Auteur : Complément de nom, deuxième prénom Auteur : Organisme payeur Auteur : IdHal (chaîne de caractères) Auteur : Fonction Auteur : …",detection,0.605
,European Medical & Biological Engineering Conference,"Uterine EMG processing: event extraction and classification
M Khalil, J Duchene, C Marque - European Medical & Biological Engineering …, 1999
Related articles All 2 versions",1999,,,,,,,"signal processing, detection, classification, Biomedical signals, Neurology",,Mohamad KHALIL,,,Uterine EMG processing: event extraction and classification,,,,https://scholar.google.com/citations?view_op=view_citation&hl=en&user=0DzJpLQAAAAJ&cstart=300&pagesize=100&citation_for_view=0DzJpLQAAAAJ:hQUaER0FWQ4C,,,"Mohamad Khalil, Jacques Duchene, Catherine Marque","Uterine EMG processing : event extraction and classification - Archive ouverte HAL Recherche Accéder directement au contenu Pied de page Logo Logo Documentation FR Français (FR) Anglais (EN) Se connecter HAL science ouverte Recherche Loading... Recherche avancée Information de documents Titres Titres Sous-titre Titre de l'ouvrage Titre du volume (Série) Champ de recherche par défaut (multicritères) + texte intégral des PDF Résumé Texte intégral indexé des documents PDF Mots-clés Type de document Sous-type de document Tous les identifiants du document Identifiant HAL du dépôt Langue du document (texte) Pays (Texte) Ville À paraître (true ou false) Ajouter Auteur Auteur (multicritères) Auteur (multicritères) Auteur : Nom complet Auteur : Nom de famille Auteur : Prénom Auteur : Complément de nom, deuxième prénom Auteur : Organisme payeur Auteur : IdHal (chaîne de caractères) Auteur : …",classification,0.605
,Proceedings of the 20th Annual International Conference of the IEEE Engineering in Medicine and Biology Society. Vol. 20 Biomedical Engineering Towards the Year 2000 and Beyond (Cat. No. 98CH36286),"Generalized algorithm of detection and classification in uterine electromyography signal
M Khalil, J Duchene, C Marque - Proceedings of the 20th Annual International …, 1998
Related articles All 3 versions",1998/11/1,5.0,,,,,2658-2661,"signal processing, detection, classification, Biomedical signals, Neurology",,Mohamad KHALIL,,,Generalized algorithm of detection and classification in uterine electromyography signal,,,,https://scholar.google.com/citations?view_op=view_citation&hl=en&user=0DzJpLQAAAAJ&cstart=300&pagesize=100&citation_for_view=0DzJpLQAAAAJ:DUooU5lO8OsC,,IEEE,"Mohamad Khalil, Jacques Duchene, Catherine Marque","In this paper, we present a method of detection and classification of events well adapted to uterine EMG processing. A multidimensional method of detection will be presented. It is based on the sequential computation of the likelihood ratio after signal decomposition on pertinent scales using wavelet transform. Hypothesis rejection is achieved using variance covariance matrices computed from the scales. This approach leads to different detection and isolation delays, the former being defined by the detection threshold, the latter depending on the estimation time of the covariance matrix. This method is adaptive and allows event detection without necessarily returning to the null hypothesis H/sub 0/. It has been applied on uterine EMG and gives satisfactory results in both detection and classification.",detection,0.605
,9ème Forum Jeunes Chercheurs GBM,"Détection et isolation d'événements dans l'électromyogramme utérin par décomposition en ondelettes
M Khalil, J Duchene, C Marque - 9ème Forum Jeunes Chercheurs GBM, 1998
Related articles All 2 versions",1998,,,,,,,"signal processing, detection, classification, Biomedical signals, Neurology",,Mohamad KHALIL,,,Détection et isolation d'événements dans l'électromyogramme utérin par décomposition en ondelettes,,,,https://scholar.google.com/citations?view_op=view_citation&hl=en&user=0DzJpLQAAAAJ&cstart=300&pagesize=100&citation_for_view=0DzJpLQAAAAJ:oPLKW5k6eA4C,,,"Mohamad Khalil, Jacques Duchene, Catherine Marque","Détection et isolation d'événements dans l'électromyogramme utérin par décomposition en ondelettes - Archive ouverte HAL Recherche Accéder directement au contenu Pied de page Logo Logo Documentation FR Français (FR) Anglais (EN) Se connecter HAL science ouverte Recherche Loading... Recherche avancée Information de documents Titres Titres Sous-titre Titre de l'ouvrage Titre du volume (Série) Champ de recherche par défaut (multicritères) + texte intégral des PDF Résumé Texte intégral indexé des documents PDF Mots-clés Type de document Sous-type de document Tous les identifiants du document Identifiant HAL du dépôt Langue du document (texte) Pays (Texte) Ville À paraître (true ou false) Ajouter Auteur Auteur (multicritères) Auteur (multicritères) Auteur : Nom complet Auteur : Nom de famille Auteur : Prénom Auteur : Complément de nom, deuxième prénom Auteur : Organisme payeur Auteur …",Unclassified,0.0
,,"Reassignment efficiency to characterize EMG bursts using time frequency representation
M Khalil, J Duchene, C Marque - Innovation et Technologie en Biologie et Medecine, 1998
Related articles",1998,19.0,,,,,203-212,"signal processing, detection, classification, Biomedical signals, Neurology",,Mohamad KHALIL,,,Reassignment efficiency to characterize EMG bursts using time frequency representation,,Innovation et Technologie en Biologie et Medecine,,https://scholar.google.com/citations?view_op=view_citation&hl=en&user=0DzJpLQAAAAJ&cstart=300&pagesize=100&citation_for_view=0DzJpLQAAAAJ:Ak0FvsSvgGUC,3,"Loos, France: ITBM-ENDV, 1980-1999.","M Khalil, J Duchene, C Marque",,Unclassified,0.0
,GRETSI'97,"Détection et classification d'événements en représentation multidimensionnelle
M Khalil, J Duchene, C Marque - GRETSI'97, 1997
Related articles All 2 versions",1997,,,,,,,"signal processing, detection, classification, Biomedical signals, Neurology",,Mohamad KHALIL,,,Détection et classification d'événements en représentation multidimensionnelle,,,,https://scholar.google.com/citations?view_op=view_citation&hl=en&user=0DzJpLQAAAAJ&cstart=300&pagesize=100&citation_for_view=0DzJpLQAAAAJ:BmWJbWwHJAwC,,,"Mohamad Khalil, Jacques Duchene, Catherine Marque","Détection et classification d'événements en représentation multidimensionnelle - Université de technologie de Troyes Recherche Accéder directement au contenu Pied de page Logo Logo Documentation FR Français (FR) Anglais (EN) Se connecter Portail HAL UTT Recherche Loading... Recherche avancée Information de documents Titres Titres Sous-titre Titre de l'ouvrage Titre du volume (Série) Champ de recherche par défaut (multicritères) + texte intégral des PDF Résumé Texte intégral indexé des documents PDF Mots-clés Type de document Sous-type de document Tous les identifiants du document Identifiant HAL du dépôt Langue du document (texte) Pays (Texte) Ville À paraître (true ou false) Ajouter Auteur Auteur (multicritères) Auteur (multicritères) Auteur : Nom complet Auteur : Nom de famille Auteur : Prénom Auteur : Complément de nom, deuxième prénom Auteur : Organisme payeur Auteur : IdHal (…",classification,0.605
,,"Effect of soil salinity on cooking properties and chemical composition of faba bean
AME Shehata, MA Khalil, MM Yousef, MM El-Rouby… - Egyptian Journal of Food Science (Egypt), 1988
Related articles",1988,16.0,,,,,,"signal processing, detection, classification, Biomedical signals, Neurology",,Mohamad KHALIL,,,Effect of soil salinity on cooking properties and chemical composition of faba bean,,Egyptian Journal of Food Science (Egypt),,https://scholar.google.com/citations?view_op=view_citation&hl=en&user=0DzJpLQAAAAJ&cstart=300&pagesize=100&citation_for_view=0DzJpLQAAAAJ:6ZzL7HXColQC,1-2,,"AME Shehata, MA Khalil, MM Yousef, MM El-Rouby, MH Abd-El-Aal","Effect of soil salinity on cooking properties and chemical composition of faba bean Food and Agriculture Organization of the United Nations Discover About FAO News Multimedia Main topics Statistics Members Publications English العربية Español Français Русский 中文 AGRIS - International System for Agricultural Science and Technology About AGRIS Contribute Acceptable use policy facebook linkedin twitter weibo Close Advanced Search Effect of soil salinity on cooking properties and chemical composition of faba bean 1988 Shehata, AME (Alexandria Univ. (Egypt). Faculty of Agriculture) | Khalil, MA | Yousef, MM | El-Rouby, MM | Abd-El-Aal, MH AGROVOC Keywords chemical composition composition chimique cooking cuisson faba beans haba salinidad salinity soil sol suelo Bibliographic information Published in Egyptian Journal of Food Science (Egypt) Volume 16 Issue 1-2 Pagination pp. 111-126 Other …",Unclassified,0.0
,,"Soil Salinity Laboratory, Alexandria
M Khalil, MN Hassan - Agricultural Research Review, 1978
Related articles",1978,56.0,,,,,85,"signal processing, detection, classification, Biomedical signals, Neurology",,Mohamad KHALIL,,,"Soil Salinity Laboratory, Alexandria",,Agricultural Research Review,,https://scholar.google.com/citations?view_op=view_citation&hl=en&user=0DzJpLQAAAAJ&cstart=300&pagesize=100&citation_for_view=0DzJpLQAAAAJ:E7VqQtBCVmcC,5-9,"Republic of Egypt, Ministry of Agriculture, Extension Department, Editing and Publication Section","M Khalil, MN Hassan","In a series of experiments on the effect of different concentrations of LiCl, NaCl, KCl, K₂SO₄, NH4Cl, BaCl2, CaCl₂, MgSo, and D-mannitol on the respiratory activity of Vicia faba seeds during germination are tested. It was found that mannitol solution of higher osmotic activity than salt solutions did not suppress respiration by reciable value.",Unclassified,0.0
,,"A study of the effect of salinity types on salt-tolerance of flax plant.
M Khalil, I Anter, H Bakati, E Kamel - 1978
Related articles",1978,56.0,,,,,23-28,"signal processing, detection, classification, Biomedical signals, Neurology",,Mohamad KHALIL,,,A study of the effect of salinity types on salt-tolerance of flax plant.,,,,https://scholar.google.com/citations?view_op=view_citation&hl=en&user=0DzJpLQAAAAJ&cstart=300&pagesize=100&citation_for_view=0DzJpLQAAAAJ:QaSi33NTfwYC,4,,"M Khalil, I Anter, H Bakati, E Kamel","A sand culture experiment was conducted on flax in the greenhouse. Plants were daily irrigated with half-strength Hogland solution to which were added each of the following salts: NaCl, CaCl2, mixture of chlorides, Na2SO4, MgSO4, mixture of sulfates, and mixture of sulfates and chlorides in concentrations of 40 or 80 me/L. Plant length dry matter yield and seed yield were reported. It was found that flax plants tolerated sulfate salinization much more than chlorides. Salinity, from CaCl2 significantly decreased dry matter production more than did that from NaCl or MgCl2. At salinity level up to 80 me/L Mg ions in chloride or sulfate form had less toxic effect on flax plant than Na or Ca. In general the adverse effect of salts on flax plants are in the order for single salts: MgSO4<Na2SO4<MgCl2< NaCl<CaCl2; for mixture of salts: sulfate mix. < chloride sulfate mix. < chloride mix.ADDITIONAL ABSTRACT:The effect of …",Unclassified,0.0
,,"Ruben Dario Mendoza-Arenas 17 Rui Zhan 166 Salah Bouktif 175 Sara Walker 50 Sarnesh A/L Manickavasagam 221
AS McGough, A Ahmad, AN Monterrey-Camarena…
Related articles",,,,,,,,"signal processing, detection, classification, Biomedical signals, Neurology",,Mohamad KHALIL,,,Ruben Dario Mendoza-Arenas 17 Rui Zhan 166 Salah Bouktif 175 Sara Walker 50 Sarnesh A/L Manickavasagam 221,,,,https://scholar.google.com/citations?view_op=view_citation&hl=en&user=0DzJpLQAAAAJ&cstart=300&pagesize=100&citation_for_view=0DzJpLQAAAAJ:eH23hyXCXa4C,,,"A Stephen McGough, Ali Ahmad, Angie Noelia Monterrey-Camarena, Biodoumoye Bokolo, Biodoumoye George Bokolo, Bo Wang, Bowen Tian, Chang Liu, Chao Liu, Chen YeZeng, Congxu Li, Dacheng Wei, Dai Zijie, Enzo João Carrión-Escobar, Ericka Nelly Espinoza-Gamboa, Feiyu Chen, Fernando Piero Chamorro-Zapana, Franklin Cordova-Buiza, Fuxing Zhang, Gang Wang, Guanqun Xi, Guolong Zhao, Haibo Zhang, Haiping Ma, Han Liu, Hong Yuan, Li Jing, Lijian Zhang, Lim Hui Enn, Liyi Xue, Long Rao, Mahwish Yousaf, Manuel Alberto Espinoza-Cruz, Mei Wang, Meiru Huo, Meng Zhou, Mengchu Zhou, Mingxuan Chen, Minhua He, Mohamad Khalil, Muhammad Saaadat Shakoor Khan, Nasser Alkaabi, Neelesh Nursiah, Nitish Rathore, Peng Deng, Peng Yan, Qi Ding, Qingzhong Liu, Qiqi Nie, Razaq Jinad","Author Index Page 1 Author Index A. Stephen McGough 50 Ali Ahmad 175 Angie Noelia Monterrey-Camarena 17 Biodoumoye Bokolo 1 Biodoumoye George Bokolo 227 Bo Wang 113 Bowen Tian 118 Chang Liu 238 Chao Liu 154 Chen YeZeng 79 Congxu Li 23 Dacheng Wei 148 Dai Zijie 79 Enzo João Carrión-Escobar 17 Ericka Nelly Espinoza-Gamboa 17, 30 Feiyu Chen 124 Fernando Piero Chamorro-Zapana 30 Franklin Cordova-Buiza 30 Fuxing Zhang 136 Gang Wang 166 Guanqun Xi 89 Guolong Zhao 73 Haibo Zhang 148 Haiping Ma 124 Han Liu 233 Hong Yuan 35 Honglin Xue 56 Huake Wang 113 Hugo Eladio Chumpitaz-Caycho 17, 30 Hussain Kazmi 50 Jianqiao Cui 193, 198 Jie Wang 73 Jin Xie 124 Jingya Wu 203 Julie Shi 62 Junhao Shen 233 Junwei Ma 56 Kaisheng Huang 238 Keda Xu 35 Lei Chen 227 Lei Han 203 Leran Wang 89 Li Chen 35 Li Chunxiao 79 Li Jing 40 Lijian Zhang 136 Lim Hui …",Unclassified,0.0
,,"Analyse par ondelettes des signaux sismiques: Applications aux ondes de surface
MJ Mikram, MT Ghemires, MA Khalil, MS El Hajji…
Related articles",,,,,,,,"signal processing, detection, classification, Biomedical signals, Neurology",,Mohamad KHALIL,,,Analyse par ondelettes des signaux sismiques: Applications aux ondes de surface,,,,https://scholar.google.com/citations?view_op=view_citation&hl=en&user=0DzJpLQAAAAJ&cstart=300&pagesize=100&citation_for_view=0DzJpLQAAAAJ:rOcdG6UcVlcC,,,"MJ Mikram, Mme T Ghemires, MA Khalil, MS El Hajji, MK Najib, MJEL Mhamdi","L’analyse par ondelettes a été introduite au début des années 1980 dans le contexte de l’analyse des signaux et d’exploration pétroliere [1]. Il s’ agita l’époque de donner une représentation des signaux permettant la mise en valeur simultanément des informations temporelles et fréquentielles (localisation temps-fréquence). En 1984, P. Goupillaud, A. Grossmann et J. Morlet [2] poussés par les exigences croissantes de la recherche d’hydrocarbures proposent une méthode de reconstruction des signaux sismiques multidimensionnels permettant une restauration des hautes fréquencesa l’aide d’une représentation temps-fréquence. C’est ainsi que le” besoin” des ondelettes, famille de fonctions déduites d’une même fonction (appelée ondelette mere) par opérations de translations et de dilatations, s’ est fait ressentir en remarquant que la transformée de Fourier, qui a dominée des le début du 19ieme siecle,” perd” lors de la projection le” contrôle” de la variable temporelle et reste toujours incapable de décrire localement (en temps ou espace) le comportement fréquentiel des signaux.
L’idée originale sur laquelle sont basées les ondelettes est apparue vers les années 1940 grâce au physicien Denis Gabor,(prix Nobel de physique, en 1971, pour l’invention de l’holographie), qui a introduit la notion de la transformée de Fouriera fenêtre glissante dans le but de remédier au probleme de localisation temps-fréquence en proposant de multiplier le signal par une fonction localisée dans le temps (fenêtre) et ensuite appliquer la transformée de Fourier. L’inconvénient de cette transformée est que la taille et la forme de la fenêtre sont inchangées au …",signal processing,0.203
,,"Please provide
S ALLOUCH, RY ES, S BOUDAOUD, M KHALIL
Related articles All 2 versions",,,https://www.academia.edu/download/47302694/PHYSIOLOGICAL_AND_BIOMECHANICAL_APPROACH20160717-8148-q3x0da.pdf,,,,,"signal processing, detection, classification, Biomedical signals, Neurology",,Mohamad KHALIL,,,Please provide,,,,https://scholar.google.com/citations?view_op=view_citation&hl=en&user=0DzJpLQAAAAJ&cstart=300&pagesize=100&citation_for_view=0DzJpLQAAAAJ:xGWFX6Gbr9MC,,,"SAMAR ALLOUCH, RAFIC YOUN ES, SOFIANE BOUDAOUD, MOHAMAD KHALIL","The work presented in this paper deals with the description of an analytic modeling of the neuromusculoskeletal system responsible for the finger movement. This simulation task is complex due to the interacting processes (physiological and biomechanical) represented by muscles, joints and bones. In this study, we focused on the presentation of a complete model for the finger motion decomposed in quasi-static positions. In fact, this model can be considered as a preliminary step before dynamic modeling. The proposed model is composed of several compartments: biomechanical finger model, mechanical muscle model and muscle/neural activation model. The main objective of this study is to estimate, by inverse procedure, the muscle forces, muscle activations and neural activations that are responsible for generating a given finger movement decomposed in successive quasi-static positions. The anatomical model contains six muscles which control the decomposed movement of the three joints of the system. To estimate the model unknowns, an optimization technique is proposed for improving robustness to initial conditions and physiological reliability. After, an experimental protocol for recording surface electromyogram (sEMG) data, from three extrinsic muscles, according to specific finger positions is applied on five subjects to evaluate the model reliability. From analysis of the obtained results, both in simulation and experiment, the presented model seems to be able to mimic, in a realistic way, the finger movement decomposed in quasistatic positions. Finally, results, model limitations and further developments are discussed.",signal processing,0.2
,,"WU8ATAHUPs36HU2C0) &) 0tHU $1 uw vw (U8x Wbac $15 UPV0) Tx T¦ d1PVdUF) 51&) 0) fA8y 2Cd1P 0t2E &)(18y 2Cd1P H7R F) 0) A8AF) 0)(1HUH1W@ C51&) 0) H12E X18¦ &tD# 8¦ 8A $ &) D# H 0) $12 &t5U $1&) 51$ U8AHUd12e (ba 39H1&)(18¦ 2C8A2E 8A2C&) 0) PV51&) 8¦ W 5U&! 8A51T¦(&) 0) PV8y &) u v (10) 2 5UFG! H1@ 0t&)(UP 0) 2 5h 31 36F) 0) 8AWy H1 $ 36HU2C&) d1@ C5UFc 2C0G! $15 UF) 2Cu%""% &c 0) 2 5U2C2CHUTA0) 51&) 8AWy D# 0) &)(x 5y PV8A&)(UH1Wy H7 Re@ C8 i8¦ TA&) 0) H1 $ y H7 Re0)@ C@ C8¦ F) 8AfA5U $1&c 2C8 G! PV8¦ $1&) 2Cu
W El Falou, J Duchêne, M Khalil, Y Langeron
Related articles All 2 versions",,,https://www.gretsi.fr/data/colloque/pdf/2001_001-0080_13263.pdf,,,,,"signal processing, detection, classification, Biomedical signals, Neurology",,Mohamad KHALIL,,,WU8ATAHUPs36HU2C0) &) 0tHU $1 uw vw (U8x Wbac $15 UPV0) Tx T¦ d1PVdUF) 51&) 0) fA8y 2Cd1P 0t2E &)(18y 2Cd1P H7R F) 0) A8AF) 0)(1HUH1W@ C51&) 0) H12E X18¦ &tD# 8¦ 8A $ &) D# H 0 …,,,,https://scholar.google.com/citations?view_op=view_citation&hl=en&user=0DzJpLQAAAAJ&cstart=300&pagesize=100&citation_for_view=0DzJpLQAAAAJ:YPNY0knpFBYC,,,"Wassim El Falou, Jacques Duchêne, Mohamad Khalil, Yves Langeron","Le signal électromyographique recueilli en surface (SEMG) donne des informations relatives à la commande musculaire. Ses caractéristiques temporelles et spectrales varient en fonction des conditions physiologiques, pathologiques ou environnementales des enregistrements. Dans le cadre de l'analyse du confort, nous nous intéressons à rechercher la pertinence de ce type de signal vis à vis en particulier de la fatigue musculaire induite par une situation d'inconfort. Il s' agit dans ce cas de l'activité de muscles posturaux sollicités à de faibles niveaux. Le problème est alors d'abord de savoir s' il existe bien de l'activité EMG dans les enregistrements, de sélectionner les segments correspondants pour ensuite les caractériser, en particulier du point de vue de leur contenu spectral. Les caractéristiques des segments, des événements superposés ou du bruit dépendent des conditions d'enregistrement et ne sont pas stationnaires sur des expérimentations de longue durée. Nous avons donc opté pour une adaptation locale de méthodes à base de somme cumulée. Nous avons ensuite complété l'algorithme par un critère de rejet permettant de ne conserver que les segments contenant effectivement de l'activité EMG. nSo prqstju vjw xmu yEz6xcw vjw vjq! swEy! sm {mu| vjw y6tjz| j} w6 wE| s
Pour la détection de changement d’un paramètre comme le saut de variance dans une suite indépendante, une méthode classique de segmentation est basée sur l’algorithme de somme cumulée (CUSUM). Il a été démontré dans la littérature que l’algorithme de somme cumulée est optimal dans le sens qu’il minimise le temps moyen de retard à la détection …",classification,0.4
,,"Classification of Uterine EMG Signals by Using Normalized Wavelet Packet Energy
B Moslem, M Khalil
Related articles All 2 versions",,,https://www.academia.edu/download/90752840/MELECON2012_-_Classification_Wavelet_Packet.pdf,,,,,"signal processing, detection, classification, Biomedical signals, Neurology",,Mohamad KHALIL,,,Classification of Uterine EMG Signals by Using Normalized Wavelet Packet Energy,,,,https://scholar.google.com/citations?view_op=view_citation&hl=en&user=0DzJpLQAAAAJ&cstart=300&pagesize=100&citation_for_view=0DzJpLQAAAAJ:3_LpOwP6eMYC,,,"Bassam Moslem, Mohamad Khalil","The aim of this work is to detect labor by classifying uterine electromyogram (EMG) signals into 2 classes: pregnancy and labor. Based on the fact that the energy distribution of the uterine EMG signals varies throughout pregnancy, the recorded signals are first decomposed into a 3-level wavelet packet tree then the Normalized Wavelet Packets Energies (NWPEs) are calculated and used to classify the signals. The high percentage of correctly classified events indicates that the use of NWPE can be a suitable choice for solving classification problems of electrophysiological signals and proves the efficiency of this approach in detecting labor.",classification,0.606
,,"Représentation et compression à haut niveau sémantique d’images 3D
JC BURIE, V Ricordel, L Morin, B El Hassan, W Falou…
Related articles",,,,,,,,"signal processing, detection, classification, Biomedical signals, Neurology",,Mohamad KHALIL,,,Représentation et compression à haut niveau sémantique d’images 3D,,,,https://scholar.google.com/citations?view_op=view_citation&hl=en&user=0DzJpLQAAAAJ&cstart=300&pagesize=100&citation_for_view=0DzJpLQAAAAJ:eI34FqJmdUoC,,,"Jean-Christophe BURIE, Vincent Ricordel, Luce Morin, Bachar El Hassan, Wassim Falou, Mohamad Khalil, Olivier Deforges",3750<< 37024525244= 27834 08= 50752 179 0> 340? 92824 427087@ 275> 24 04324 A> 920 9252 8740? 92 9? 770@ 40B> 7 0C2D3792> 129> 12527> 1= 87752> 257@ 227> 27527087@ 27927 2524> 34 52870425292> 129> 12 9? 75E4780F32DG3H2395I1305342527 2> 14242@ 0270442C74 274271437 879F374 275747> 272> 23927 7747523 24217777@ 2A34717@ 2JKD37 2> 14242@ 02JK27 479@ 2824 3 0407= 25747427528704275250C29 0772824 55I087@ 29028= 50> 7425524I= 53> 7 0242 8L8214379=> 28824 574742724F3L 27> 9080424427D M42N07 250<<= 924 278740? 927529219= 724 294I04< 2987 024JKD3I34252714379= 1745327> 24707 2 A7772> 029A342087@ 2> 47770F3250 252 2N 3925342087@ 252192< 24523952> 17817DO2 292 (19= 724 7 024> 24H204 212982 70470342P244292> 247 93> 024JK5? 74297F32427523N087@ 27 724 P024> 299= 4= 2752 1437179 0> 340? 92824 739427Q242752> 24 2397524I087@ 252192< 245239D R4> 28179707247C2> 527087@ 27$ K> 47770F327547> 244707774> 25247192< 24523952> 17817 1239427087@ 27JK71129 2524> 34204< 2987 0247= 874 0F3208129 74 2F374 A47> 281270 (02452477>? 42D K747> 2 2 1? 725423719212724770470347> 1= 8752> 257@ 27> 747P425I087@ 27JK52 E12 $ K1437192< 2452397C2> 527< 24> 0244740= 77C74>= 275F3019= 729C2 23 2477= 874 0F3219=(724 25747427087@ 275 23 24@ 7974 07774 34227> 0= 52> 257@ 270@ 40B> 7 0C2D3742 02452 19= 729C7 02452477= 874 0F32123 L 92 97530 224 2982752< 24> 0244740= 7 24427F324I2N 97>(02473 287 …,Unclassified,0.0
,,"International Journal of Medical, Medicine and Health Sciences
R Hleiss, E Bitar, M Hassan, M Khalil
Related articles",,,,,,,,"signal processing, detection, classification, Biomedical signals, Neurology",,Mohamad KHALIL,,,"International Journal of Medical, Medicine and Health Sciences",,,,https://scholar.google.com/citations?view_op=view_citation&hl=en&user=0DzJpLQAAAAJ&cstart=300&pagesize=100&citation_for_view=0DzJpLQAAAAJ:lYAcb2jw7qUC,,,"Rima Hleiss, Elie Bitar, Mahmoud Hassan, Mohamad Khalil","A comprehensive study of object recognition in the human brain requires combining both spatial and temporal analysis of brain activity. Here, we are mainly interested in three issues: the time perception of visual objects, the ability of discrimination between two particular categories (objects vs. animals), and the possibility to identify a particular spatial representation of visual objects. Our experiment consisted of acquiring dense electroencephalographic (EEG) signals during a picture-naming task comprising a set of objects and animals’ images. These EEG responses were recorded from nine participants. In order to determine the time perception of the presented visual stimulus, we analyzed the Event Related Potentials (ERPs) derived from the recorded EEG signals. The analysis of these signals showed that the brain perceives animals and objects with different time instants. Concerning the discrimination of the …",biomedical signals,0.405
,,"Adaptive Bio-kinematic Control for Secure Rehabilitation Robotic Devices
J CHARAFEDDINE, S CHEVALLIER, M KHALIL…
Related articles All 3 versions",,,https://www.researchgate.net/profile/Jinan-Charafeddine/publication/342453078_Adaptive_Bio-kinematic_Control_for_Secure_Rehabilitation_Robotic_Devices/links/5ef5123d299bf18816e80001/Adaptive-Bio-kinematic-Control-for-Secure-Rehabilitation-Robotic-Devices.pdf,,,,,"signal processing, detection, classification, Biomedical signals, Neurology",,Mohamad KHALIL,,,Adaptive Bio-kinematic Control for Secure Rehabilitation Robotic Devices,,,,https://scholar.google.com/citations?view_op=view_citation&hl=en&user=0DzJpLQAAAAJ&cstart=300&pagesize=100&citation_for_view=0DzJpLQAAAAJ:NMlhSUseqAsC,,,"Jinan CHARAFEDDINE, S CHEVALLIER, M KHALIL, S AL-FAYAD, E DYCHUS, D PRADON","Rehabilitation robotics, such as exoskeletons, requires a control interface for the direct transfer of mechanical power and the exchange of information in order to assist the patient in his/her movements. However, the available control methods do not take into account the patient’s expertise and muscle abilities, causing pain during rehabilitation [1]. Building on previous works [2] on designing and manufacturing a rehabilitation skeleleton that has two active degrees of freedom on the hip and knee, the objective is to find the ideal control strategy. In this work, we propose using an interactive neuro-motor method derived by muscular co-contraction indexes (CCI) to benefit from bio-kinematic for lower-limb exoskeleton control [3]. The novel dynamic index called neuro-motor index (NMI) is introduced to estimate the relation between muscular cocontraction derived from electromyography signals (EMG) and joint angles [4]. To enhance the precision of the NMI, we describe an estimation method relying on an analysis of canonical correlation (CCA). CCA is applied online, at NMI determined from the patient, and healthy joint angles (hip and knee), during successive gait cycles of patients, and used for a high-level loop of a controller, allowed to have the best margin of compensation, which will then be the input for another low-level PID control loop linked to the exoskeleton actuator. According to this method, the compensation angle input, corresponding to the correction angle, gives the user desired exit angles in the control chain, depending on the capabilities of the patient and without pain, in a gradual way. The contributions were as the following:",neurology,0.4
,,"Triply differential ionization cross sections of atomic and molecular targets by single electron impact-67169
L Mouawad, Z El Bitar, PA Hervieux, A Osman, M Khalil…
Related articles",,,,,,,,"signal processing, detection, classification, Biomedical signals, Neurology",,Mohamad KHALIL,,,Triply differential ionization cross sections of atomic and molecular targets by single electron impact-67169,,,,https://scholar.google.com/citations?view_op=view_citation&hl=en&user=0DzJpLQAAAAJ&cstart=300&pagesize=100&citation_for_view=0DzJpLQAAAAJ:QsaTk4IG4EwC,,,"Lena Mouawad, Ziad El Bitar, PA Hervieux, A Osman, M Khalil, Claude Dal Cappello","We present numerically calculated triply differential cross sections for the simple ionization of two targets, atomic hydrogen and ammonia, in the First Born Approximation framework with one Coulomb wave describing the ejected electron. The partial wave series of the wavefunctions centered around the same origin were used and the intial state molecular wavefunction was derived using information provided by Gaussian03 software for ammonia. The theoretical results are calculated in the geometrical settings and kinematical conditions of previous experiments and are compared to published experimental and theoretical data. The results show good agreement with previous studies based on the same model for hydrogen. The general shape of the triply differential cross sections obtained for ammonia are in acceptable agreement with experimental data in the binary region but not in the recoil region where our simple framework fails to reconstruct the recoil peaks.",Unclassified,0.0
,,"Bassam MOSLEM
MS Mazraa - Cell
Related articles",,70.0,,,,,110,"signal processing, detection, classification, Biomedical signals, Neurology",,Mohamad KHALIL,,,Bassam MOSLEM,,Cell,,https://scholar.google.com/citations?view_op=view_citation&hl=en&user=0DzJpLQAAAAJ&cstart=300&pagesize=100&citation_for_view=0DzJpLQAAAAJ:PkcyUWeTMh0C,255,,Maari Street Mazraa,,Unclassified,0.0
,,,,,,,,,,"signal processing, detection, classification, Biomedical signals, Neurology",,Mohamad KHALIL,,,Graph-based analysis of brain connectivity during picture naming task,,,,https://scholar.google.com/citations?view_op=view_citation&hl=en&user=0DzJpLQAAAAJ&cstart=300&pagesize=100&citation_for_view=0DzJpLQAAAAJ:69ZgNCALVd0C,,,"Mohammad Khalil, Rima Hleiss, Mirvate Maksoud, Mahmoud Hassan",,Unclassified,0.0
,,"SENSET 2017 committees
A Farhat, A Arab, A Shamim, B Jecko, G El Zein…
Related articles",,,,,,,,"signal processing, detection, classification, Biomedical signals, Neurology",,Mohamad KHALIL,,,SENSET 2017 committees,,,,https://scholar.google.com/citations?view_op=view_citation&hl=en&user=0DzJpLQAAAAJ&cstart=300&pagesize=100&citation_for_view=0DzJpLQAAAAJ:O0nohqN1r9EC,,,"Ahmad Farhat, Ahmed Arab, Atif Shamim, Bernard Jecko, Ghais El Zein, Mohamad Essaaidi, Mohamad Khalil, Mohamad Sharawi, Nazih Khaddaj Mallat, Raed Shubair, Tayfun Nesimoglu, Siddik Yarman, Yahia Antar, Abdelkarim Kassem, Ammar Assoum, Anis Ismail, Bachar Elhassan, Bassam Daya, Fadi Hage Chehade, Hanna Farhat, Hussein Jardali, Marwan Sadek, Mohamad Husseini, Mohammad Rammal",Provides a listing of current committee members and society officers.,Unclassified,0.0
,,"Abrupt change detection algorithm: from theory to implementation
M Khalil, O Mustapha, D Lefebvre, M Chendeb
Related articles All 2 versions",,,https://citeseerx.ist.psu.edu/document?repid=rep1&type=pdf&doi=cf180fbfe476df7d39c052de2af2e65b902c74d0,,,,,"signal processing, detection, classification, Biomedical signals, Neurology",,Mohamad KHALIL,,,Abrupt change detection algorithm: from theory to implementation,,,,https://scholar.google.com/citations?view_op=view_citation&hl=en&user=0DzJpLQAAAAJ&cstart=300&pagesize=100&citation_for_view=0DzJpLQAAAAJ:sJsF-0ZLhtgC,,,"Mohamad Khalil, Oussama Mustapha, Dimitri Lefebvre, Marwa Chendeb","Detection and segmentation of a nonstationary process consist of assuming piecewise stationarity and detecting the instants of change. In some systems, faults produce abrupt changes in signals issued from this system. Early detection of this change reduces the possibility of catastrophic damage of this system. The present work is based on the use of Wavelet Packet (WP) decomposition for abrupt change detection. This aims also to real time implementation of this approach. The first step is to select the only WP of the decomposition tree that is able to highlight changes in the recording. The second step is to find the filters bank related to relevant packet for real time decomposition. The final step is to apply an algorithm of detection like Dynamic Cumulative Sum (DCS) to detect the changes in the packets. The association between wavelet packet, bank filters and DCS algorithm allow to real time detection and segmentation of any frequency change in this signal.",detection,0.605
,,"Statistical Steganalysis of chaos based spatial steganography
D Battikh, S El Assad, B Bakhache, O Deforges…
Related articles",,,,,,,,"signal processing, detection, classification, Biomedical signals, Neurology",,Mohamad KHALIL,,,Statistical Steganalysis of chaos based spatial steganography,,,,https://scholar.google.com/citations?view_op=view_citation&hl=en&user=0DzJpLQAAAAJ&cstart=300&pagesize=100&citation_for_view=0DzJpLQAAAAJ:F1b5ZUV5XREC,,,"D Battikh, S El Assad, B Bakhache, O Deforges, M Khalil","Steganography is an approach for hiding secret information into a cover (text, audio signal, image,...) in an imperceptibility way. In general, the steganographic algorithm introducing statistical differences between cover and stego works (what the cover becomes after hiding information). In this paper, we aim to analyze these differences for a chaos based steganographic method called EAE-LSB (Enhanced Adaptive data hiding in Edge areas of images with spatial Least Significant Bit domain). We use in this work, a blind steganalysis based on classifying higher-order statistical features for images in the wavelet domain. The goal of steganalysis is to detect and/or estimate potentially hidden information from observed data with little or no knowledge about the steganography algorithm and/or its parameters.",detection,0.4
,,"Nano-carbones pour batteries à haute densité d’énergie et de puissance
Z FAWAL, M KHALIL, M DUBOIS, K GUÉRIN, A HAMWI
Related articles",,,,,,,,"signal processing, detection, classification, Biomedical signals, Neurology",,Mohamad KHALIL,,,Nano-carbones pour batteries à haute densité d’énergie et de puissance,,,,https://scholar.google.com/citations?view_op=view_citation&hl=en&user=0DzJpLQAAAAJ&cstart=300&pagesize=100&citation_for_view=0DzJpLQAAAAJ:fbc8zXXH2BUC,,,"Ziad FAWAL, Mohamad KHALIL, Marc DUBOIS, Katia GUÉRIN, André HAMWI","En raison de leurs diverses applications comme matériaux d'électrode dans des piles primaires au lithium, les fluorures de carbone sont largement étudiés. Leurs propriétés électrochimiques dépendent des conditions de fluoration et de la nature de la liaison C-F dans la matrice carbone-fluoré. Le contrôle de la covalence et de la teneur en fluor permettent, donc, le réglage de leurs performances électrochimiques.",Unclassified,0.0
,,"D. Alamedine, A. Diab, C. Muszynski
B Karlsson, M Khalil, C Marque
Related articles All 2 versions",,,https://www.researchgate.net/profile/Ahmad-Diab-7/publication/271379861_Selection_algorithm_for_parameters_to_characterize_uterine_EHG_signals_for_the_detection_of_preterm_labor/links/54c669240cf219bbe4f84836/Selection-algorithm-for-parameters-to-characterize-uterine-EHG-signals-for-the-detection-of-preterm-labor.pdf,,,,,"signal processing, detection, classification, Biomedical signals, Neurology",,Mohamad KHALIL,,,"D. Alamedine, A. Diab, C. Muszynski",,,,https://scholar.google.com/citations?view_op=view_citation&hl=en&user=0DzJpLQAAAAJ&cstart=300&pagesize=100&citation_for_view=0DzJpLQAAAAJ:nZcligLrVowC,,,"B Karlsson, M Khalil, C Marque","This article proposes a selection method that can be applied to choose the best parameters to classify contractions in the uterine electrohysterography (EHG) signal for the detection of preterm labor. Several types of parameters have historically been extracted from the electrohysterogram. These can be divided into three classes: linear parameters, nonlinear parameters and parameters related to the electrohyterogram propagation. Frequency band enhancement EHG characterization has also been extensively studied. Our work is divided in two parts. The first part is to implement and compute all the parameters already extracted from the EHG that have been published in the literature. These parameters were computed both on the original EHG and on different frequency bands obtained using wavelet packet decomposition.",detection,0.605
,,"Workshop 1: The 3rd international workshop on information security, theory and practice (ISTP-2013)
D Battikh, SEI Assad, B Bakhache, O Deforges…
Related articles",,,,,,,,"signal processing, detection, classification, Biomedical signals, Neurology",,Mohamad KHALIL,,,"Workshop 1: The 3rd international workshop on information security, theory and practice (ISTP-2013)",,,,https://scholar.google.com/citations?view_op=view_citation&hl=en&user=0DzJpLQAAAAJ&cstart=300&pagesize=100&citation_for_view=0DzJpLQAAAAJ:OP4eGU-M3BUC,,,"D Battikh, SEI Assad, B Bakhache, O Deforges, M Khalil, Lightweight Chaos, Z Fawaz, M Frajallah, A Khalil, R Lozi, Daniel Caragata, Karim Tabia, Mauricio Luduena, Oleg Garasym, Ina Taralova",Start of the above-titled section of the conference proceedings record.,Unclassified,0.0
,,"Analyse des signaux EMG utérin pour le suivi de grossesse et la détection de l’accouchement
B MOSLEM, MO DIAB, M KHALIL, C MARQUE
Related articles All 3 versions",,,https://www.academia.edu/download/73151968/Analyse_des_signaux_EMG_utrin_pour_le_su20211019-24778-1uvfylg.pdf,,,,,"signal processing, detection, classification, Biomedical signals, Neurology",,Mohamad KHALIL,,,Analyse des signaux EMG utérin pour le suivi de grossesse et la détection de l’accouchement,,,,https://scholar.google.com/citations?view_op=view_citation&hl=en&user=0DzJpLQAAAAJ&cstart=300&pagesize=100&citation_for_view=0DzJpLQAAAAJ:bKqednn6t2AC,,,"Bassam MOSLEM, Mohamad O DIAB, Mohamad KHALIL, Catherine MARQUE","L’électromyogramme (EMG) utérin représente l’activité utérine de la femme enceinte. Plusieurs études ont montrées que l’EMG utérin peut être un outil capable de fournir de manière non invasive, tout au long de la grossesse, des informations utiles concernant la contractilité utérine. La contractilité utérine s’ évolue désormais au moyen des paramètres temporels et spectraux tirés de l’analyse de l’EMG utérin. Le but de cette étude est de présenter les résultats de suivi de grossesse ainsi que la classification des signaux EMG utérin. Ces résultats nous aideront à la réalisation d’un système de surveillance non invasive de la contractilité utérine base sur l’analyse de l’EMG utérin.
Abstract–Uterine electromyogram (EMG) represents the woman’s uterine activity during pregnancy. Many studies have demonstrated that uterine EMG is a non invasive tool that can provide, throughout pregnancy, useful information about the uterine contractility. Therefore, the uterine contractility is evaluated by using temporal and spectral parameters extracted from the uterine EMG signals. The aim of this study is to present the results of pregnancy monitoring and classification of uterine EMG signals. These results may lead to the realization of an obstetrical monitoring system based on the analysis of a uterine EMG signals.",classification,0.603
,,"Fast multidimensional spectroscopy for sparse spectra
D MERHEJ, H RATINEY, C DIAB, M KHALIL, R PROST…
Related articles",,,https://www.academia.edu/download/40356816/Fast_multidimensional_NMR_spectroscopy_f20151124-18519-11emkir.pdf,,,,,"signal processing, detection, classification, Biomedical signals, Neurology",,Mohamad KHALIL,,,Fast multidimensional spectroscopy for sparse spectra,,,,https://scholar.google.com/citations?view_op=view_citation&hl=en&user=0DzJpLQAAAAJ&cstart=300&pagesize=100&citation_for_view=0DzJpLQAAAAJ:mNrWkgRL2YcC,,,"Dany MERHEJ, Hélène RATINEY, Chaouki DIAB, Mohamad KHALIL, Rémy PROST, Rémy PROST","Multidimensional NMR spectroscopy, including magnetic resonance spectroscopic imaging, is widely used for studies of molecular and biomolecular structure. A major disadvantage of multidimensional NMR is the long acquisition time that, regardless of sensitivity considerations, may be needed for obtaining the final multidimensional frequency domain coefficients. In this paper, a method for undersampling multidimensional NMR of sparse spectra is presented. The approach uses a priori knowledge about the possible nonzero locations in the multidimensional frequency domain to remove the resulting under-determinacy when undersampled acquisitions are performed. In order to obtain this a priori knowledge at a low cost, we take a one dimensional NMR acquisition in the case of two dimensional NMR-which is usually always acquired-, and a single voxel acquisition in the case of multi-voxel spectroscopic imaging. If these low dimension acquisitions are intrinsically sparse, it is then possible to reconstruct the corresponding multidimensional acquisitions from far fewer observations than that imposed by the Nyquist criterion and subsequently reduce acquisition time. Simulated and experimental acquisitions demonstrate reliable and fast reconstructions with acceleration factor of order 3. The approach can be easily extended to higher dimensions.",Unclassified,0.0
,,"Filter and wrapper methods for feature Selection in Uterine EMG Signals
D Alamedine, M Khalil, C Marque, F Compiègne
Related articles",,,,,,,,"signal processing, detection, classification, Biomedical signals, Neurology",,Mohamad KHALIL,,,Filter and wrapper methods for feature Selection in Uterine EMG Signals,,,,https://scholar.google.com/citations?view_op=view_citation&hl=en&user=0DzJpLQAAAAJ&cstart=300&pagesize=100&citation_for_view=0DzJpLQAAAAJ:4vMrXwiscB8C,,,"D Alamedine, M Khalil, C Marque, France Compiègne",Many research try to extract features from the electrohysterogram (EHG) in order to classify between labor and pregnancy contractions. It is very important to reduce the number of features and use only the pertinent ones to solve the classification problem. In this paper we present two feature selection methods. The first one is a filter method based on Jeffrey divergence distance. The second one is a wrapper method named Bidirectional search (BDS). This method is a parallel implementation of Sequential forward selection (SFS) and Sequential backward selection (SBS). The results show that the 2 methods give common pertinent features.,classification,0.605
,,,,,,,,,,"signal processing, detection, classification, Biomedical signals, Neurology",,Mohamad KHALIL,,,Signaux non stationnaires,,,,https://scholar.google.com/citations?view_op=view_citation&hl=en&user=0DzJpLQAAAAJ&cstart=300&pagesize=100&citation_for_view=0DzJpLQAAAAJ:ns9cj8rnVeAC,,,mohamad KHALIL,,signal processing,0.2
