Book,Conference,Scholar articles,Publication date,Volume,PDF Link,Patent office,Report number,Source,Pages,Research Interests,Total citations,Researcher Name,Inventors,Patent number,Title,Institution,Journal,Application number,Scholar Link,Issue,Publisher,Authors,Description,Classified_Topic,Classification_Confidence
,,"No teacher left behind: Subject leadership that promotes teacher leadership
N Ghamrawi - Educational Management Administration & Leadership, 2010
Cited by 159 Related articles All 5 versions",2010/5,38.0,https://www.academia.edu/download/42943250/No_Teacher_Left_Behind.pdf,,,,304-320,"Educational Leadership, Teacher Leadership, Middle Leadership, AI Leadership, Virtual Communities",Cited by 159,Norma Ghamrawi,,,No teacher left behind: Subject leadership that promotes teacher leadership,,Educational Management Administration & Leadership,,https://scholar.google.com/citations?view_op=view_citation&hl=en&user=7hxvujcAAAAJ&citation_for_view=7hxvujcAAAAJ:u5HHmVD_uO8C,3.0,SAGE Publications,Norma Ghamrawi,"This article presents some of the findings derived from a two-year qualitative study compromised of 51 semi-structured interviews with principals, subject leaders and classroom teachers belonging to three private K-12 schools in Beirut, Lebanon. In the context of investigating teacher leadership, this study highlights the aspects of the role of subject leaders in establishing and nourishing teacher leadership in their departments, particularly, three salutary research findings that portray how subject leaders impede or support such establishment are identified and explained. These are: (1) creating sub-cultures of professional collaboration and distributed leadership; (2) establishing bartered leadership structures; and (3) walking the talk of a shared system of teacher monitoring and evaluation.",teacher leadership,0.61
,,"Trust me: Your school can be better—A message from teachers to principals
N Ghamrawi - Educational Management Administration & Leadership, 2011
Cited by 149 Related articles All 4 versions",2011/5,39.0,https://www.academia.edu/download/37516296/Trust_me_Your_school_can_be_better.pdf,,,,333-348,"Educational Leadership, Teacher Leadership, Middle Leadership, AI Leadership, Virtual Communities",Cited by 149,Norma Ghamrawi,,,Trust me: Your school can be better—A message from teachers to principals,,Educational Management Administration & Leadership,,https://scholar.google.com/citations?view_op=view_citation&hl=en&user=7hxvujcAAAAJ&citation_for_view=7hxvujcAAAAJ:u-x6o8ySG0sC,3.0,SAGE Publications,Norma Ghamrawi,"Drawing upon empirical data, this article explores the concept of trust as a context for the establishment of teacher leadership. This article is part of a larger study that was carried out over a 2-year period and involved 21 teachers, 21 subject leaders and 9 principals belonging to three private K—12 schools in Beirut, Lebanon. Data was collected through semi-structured interviews. Findings suggest the pivotal role of trust in establishing higher levels of teachers’ self efficacy, collaboration, commitment, collective vision and building a strong sense of belonging to the organization thus paving the way towards the establishment of teacher leadership. The article highlights how principals establish trust by (1) securing a considerate environment that encourages teachers to get involved in professional dialogues; (2) modelling specific leadership behaviours; and (3) making it possible for teachers to instigate ideas and …",teacher leadership,0.608
,,"Exploring the impact of AI on teacher leadership: regressing or expanding?
N Ghamrawi, T Shal, NAR Ghamrawi - Education and Information Technologies, 2024
Cited by 138 Related articles All 6 versions",2024/5,29.0,https://link.springer.com/article/10.1007/s10639-023-12174-w,,,,8415-8433,"Educational Leadership, Teacher Leadership, Middle Leadership, AI Leadership, Virtual Communities",Cited by 138,Norma Ghamrawi,,,Exploring the impact of AI on teacher leadership: regressing or expanding?,,Education and Information Technologies,,https://scholar.google.com/citations?view_op=view_citation&hl=en&user=7hxvujcAAAAJ&citation_for_view=7hxvujcAAAAJ:JV2RwH3_ST0C,7.0,Springer US,"Norma Ghamrawi, Tarek Shal, Najah AR Ghamrawi","This study aimed to investigate the impact of Artificial Intelligence (AI) on teacher leadership, specifically examining whether AI is expanding or regressing teacher leadership, as perceived by teachers who were using AI in their teaching practices. Using a qualitative research design, the study employed semi-structured interviews to collect data from 13 teachers from five countries. The data were then analyzed using thematic analysis. The findings of the study indicated that the use of AI has the potential to both expand and regress teacher leadership. AI can expand teacher leadership by providing tools for personalization, curriculum development, automating administrative tasks, and supporting professional development. However, AI was also viewed to be regressing teacher leadership, by narrowing the role because technology was taking over some of its aspects. Five sets of competencies were suggested by …",teacher leadership,0.609
,,"Multiple intelligences and ESL teaching and learning: An investigation in KG II classrooms in one private school in Beirut, Lebanon
N Ghamrawi - Journal of Advanced Academics, 2014
Cited by 108 Related articles All 5 versions",2014,25.0,https://www.academia.edu/download/37516361/Journal_of_Advanced_Academics-2014-Ghamrawi-25-46.pdf,,,,25-45,"Educational Leadership, Teacher Leadership, Middle Leadership, AI Leadership, Virtual Communities",Cited by 108,Norma Ghamrawi,,,Multiple Intelligences & ESL Teaching and Learning,,Journal of Advanced Academics,,https://scholar.google.com/citations?view_op=view_citation&hl=en&user=7hxvujcAAAAJ&citation_for_view=7hxvujcAAAAJ:3fE2CSJIrl8C,1.0,SAGE,Norma Ghamrawi,"This study examined teachers’ use of the Multiple Intelligences Theory on vocabulary acquisition by preschoolers during English as a second language (ESL) classes in a K-12 school in Lebanon. Eighty kindergartners (KG II, aged 5 years) and eight teachers constituted the sample. The study used mixed methods, including observations of videotaped sessions, teacher surveys, and student interviews. Results indicated that (a) students acquired new vocabulary faster using traditional methods of teaching; however, their retention of such vocabulary was significantly weaker when compared with the vocabulary acquired in Multiple Intelligence (MI) classes; (b) the MI profile of the teachers was correlated with their teaching styles and lesson delivery; and (c) teachers who used MI in their teaching also had lower usage of higher order thinking skills. The study recommends the utilization of MI in ESL teaching and …",teacher leadership,0.204
,,"Teachers helping teachers: A professional development model that promotes teacher leadership.
N Ghamrawi - International Education Studies, 2013
Cited by 100 Related articles All 9 versions",2013,6.0,https://files.eric.ed.gov/fulltext/EJ1067641.pdf,,,,171-182,"Educational Leadership, Teacher Leadership, Middle Leadership, AI Leadership, Virtual Communities",Cited by 100,Norma Ghamrawi,,,Teachers helping teachers: A professional development model that promotes teacher leadership.,,International Education Studies,,https://scholar.google.com/citations?view_op=view_citation&hl=en&user=7hxvujcAAAAJ&citation_for_view=7hxvujcAAAAJ:2osOgNQ5qMEC,4.0,"Canadian Center of Science and Education. 1120 Finch Avenue West Suite 701-309, Toronto, ON M3J 3H7, Canada",Norma Ghamrawi,"This mixed methods study reports on the outcomes of a professional development model (PDM) developed by a K-12 private school in Beirut, Lebanon, after 3 years of its employment. Specifically, an evaluation of this PDM is provided with special emphasis on its potential of developing teacher leaders at school. The PDM embraces a constructivist approach whereby teachers train colleague teachers and some high school students provide ushering services during professional development events. Data was collected using focus group interviews with teacher trainers, surveying teacher trainees and asking student ushers to describe their most important gain from this model using a single statement. Findings of the study highlight resonant school gains from this PDM and underscore its potential in developing not only teacher leadership but also student leadership. The study provides important implications for professional development program designers.",teacher leadership,0.608
,,"Teachers’ virtual communities of practice: A strong response in times of crisis or just another Fad?
N Ghamrawi - Education and information technologies, 2022
Cited by 72 Related articles All 8 versions",2022/6,27.0,https://link.springer.com/article/10.1007/s10639-021-10857-w,,,,5889-5915,"Educational Leadership, Teacher Leadership, Middle Leadership, AI Leadership, Virtual Communities",Cited by 72,Norma Ghamrawi,,,Teachers’ virtual communities of practice: A strong response in times of crisis or just another Fad?,,Education and information technologies,,https://scholar.google.com/citations?view_op=view_citation&hl=en&user=7hxvujcAAAAJ&citation_for_view=7hxvujcAAAAJ:4JMBOYKVnBMC,5.0,Springer US,Norma Ghamrawi,"The purpose of this study was to investigate the perceived effectiveness of a virtual community of practice (vCoP) designed to support knowledge and expertise sharing between K-12 teachers during Covid-19 pandemic. Besides, it aimed at exploring the potential of such vCoPs in delivering effective professional development, in general, and during crisis in particular. The vCoP was developed by the researcher herself as part of a consultancy to the UNESCO. The sample included 696 participants who were members of the vCoP. The research methodology adopted was mixed methods. Quantitative data was collected through surveying; and qualitative data was collected through 8 focus group interviews each involving 6 participants. Statistical analysis was used to analyze survey data, while interviews data was analyzed using theme-based analysis. Findings showed that participants viewed vCoPs as effective …",virtual communities,0.608
,,"In principle, it is not only the principal! Teacher leadership architecture in schools.
N Ghamrawi - International Education Studies, 2013
Cited by 55 Related articles All 6 versions",2013,6.0,https://files.eric.ed.gov/fulltext/EJ1067164.pdf,,,,148-159,"Educational Leadership, Teacher Leadership, Middle Leadership, AI Leadership, Virtual Communities",Cited by 55,Norma Ghamrawi,,,"In principle, it is not only the principal! Teacher leadership architecture in schools.",,International Education Studies,,https://scholar.google.com/citations?view_op=view_citation&hl=en&user=7hxvujcAAAAJ&citation_for_view=7hxvujcAAAAJ:9yKSN-GCB0IC,2.0,"Canadian Center of Science and Education. 1120 Finch Avenue West Suite 701-309, Toronto, ON M3J 3H7, Canada",Norma Ghamrawi,"The purpose of this study was to lay the foundations of a conceptual model of the role dimensions of teacher leaders within the Lebanese private school context. Besides, the study aimed at distinguishing the prime architects of teacher leadership in such a context, highlighting the critical issues confronting its nourishment and development. The study was conducted in 59 schools in Beirut, Lebanon (approximately 60% of the city schools). Data was derived using a questionnaire completed by 2950 teachers, where its quantitative data was analyzed using SPSS 18.0 and its qualitative data was treated with the help of NVivo 7.0. Findings indicate that subject leaders' role is far more critical than that of school principals in inaugurating and cultivating teacher leadership. Another finding proposes that the roles attributed to teacher leaders within the Lebanese private school context match the international listing, yet additional roles are also suggested. Finally, evidence gathered",teacher leadership,0.608
,,"A typology for digital leadership in higher education: The case of a large-scale mobile technology initiative (using tablets)
N Ghamrawi, R M. Tamim - Education and Information Technologies, 2023
Cited by 47 Related articles All 9 versions",2023/6,28.0,https://link.springer.com/article/10.1007/s10639-022-11483-w,,,,7089-7110,"Educational Leadership, Teacher Leadership, Middle Leadership, AI Leadership, Virtual Communities",Cited by 47,Norma Ghamrawi,,,A typology for digital leadership in higher education: The case of a large-scale mobile technology initiative (using tablets),,Education and Information Technologies,,https://scholar.google.com/citations?view_op=view_citation&hl=en&user=7hxvujcAAAAJ&citation_for_view=7hxvujcAAAAJ:r0BpntZqJG4C,6.0,Springer US,"Norma Ghamrawi, Rana M. Tamim","This study investigated a digital reform initiative, rated excellent by the government, of one higher education institution (HEI) in an Arab State in the Gulf. The focus of the study was to develop a digital typology, while exploring the leadership attributes that characterized the core leadership team, as they accomplished the migration towards a digital culture in one year, within a context where faculty members showed resistance against digitalization. The study was conducted immediately after the implementation of the initiative that took place over the course of one year, just before the Covid-19 pandemic. Semi-structured interviews were conducted with all the six key individuals in the leadership team who led this initiative. Data was analyzed using content-based analysis. Findings of the study were used to synthesize a 5D typology for digital leadership attributes: (1) Digital competence; (2) Digital culture; (3) Digital …",educational leadership,0.404
,,"The relationship between the leadership styles of Lebanese public school principals and their attitudes towards ICT versus the level of ICT use by their teachers
N Ghamrawi - Open Journal of Leadership, 2013
Cited by 47 Related articles All 7 versions",2013/3/27,2.0,https://www.scirp.org/pdf/ojl_2013032713484901.pdf,,,,11-20,"Educational Leadership, Teacher Leadership, Middle Leadership, AI Leadership, Virtual Communities",Cited by 47,Norma Ghamrawi,,,The relationship between the leadership styles of Lebanese public school principals and their attitudes towards ICT versus the level of ICT use by their teachers,,Open Journal of Leadership,,https://scholar.google.com/citations?view_op=view_citation&hl=en&user=7hxvujcAAAAJ&citation_for_view=7hxvujcAAAAJ:YsMSGLbcyi4C,1.0,Scientific Research Publishing,Norma Ghamrawi,"This study investigates the relationship between the leadership styles exhibited by almost 50% of the total population of public school principals (N= 651) in Lebanonand their attitudes and the level of use of technology for educational purposes in their schools. Datawerecollected by surveying school principals via two questionnaires. Moreover, one teacher from each participant public school (N=651) completed a questionnaire pertaining to the level of use of technology in the school. Findings suggest the existence of positive correlation between the autocratic leadership styles of school principals and their negative attitudes towards the use of ICT for educational purposes. In addition, the results of the study accentuate another positive correlation existing between principals’ attitudes towards the use of ICT for educational purposes and the level of its use by their teachers in schools. Recommendations for further research and implications for school leadership and training programs are provided.",educational leadership,0.411
,,"Teacher turnover: Impact of school leadership and other factors
N Ghamrawi, K Jammal - International Journal of Educational Research and …, 2013
Cited by 47 Related articles",2013,4.0,,,,,68-78,"Educational Leadership, Teacher Leadership, Middle Leadership, AI Leadership, Virtual Communities",Cited by 47,Norma Ghamrawi,,,Teacher turnover: Impact of school leadership and other factors,,International Journal of Educational Research and Technology,,https://scholar.google.com/citations?view_op=view_citation&hl=en&user=7hxvujcAAAAJ&citation_for_view=7hxvujcAAAAJ:roLk4NBRz8UC,1.0,,"N Ghamrawi, K Jammal",,teacher leadership,0.489
,,"Leadership styles and AI acceptance in academic libraries in higher education
T Shal, N Ghamrawi, H Naccache - The Journal of Academic Librarianship, 2024
Cited by 40 Related articles",2024/3/1,50.0,https://www.sciencedirect.com/science/article/pii/S0099133324000107,,,,102849,"Educational Leadership, Teacher Leadership, Middle Leadership, AI Leadership, Virtual Communities",Cited by 40,Norma Ghamrawi,,,Leadership styles and AI acceptance in academic libraries in higher education,,The Journal of Academic Librarianship,,https://scholar.google.com/citations?view_op=view_citation&hl=en&user=7hxvujcAAAAJ&citation_for_view=7hxvujcAAAAJ:RGFaLdJalmkC,2.0,JAI,"Tarek Shal, Norma Ghamrawi, Hiba Naccache","This study explored the relationship between the leadership styles adopted by academic librarians and their openness to artificial intelligence (AI). The purpose was to discern whether particular leadership approaches influence librarians' attitudes and acceptance of AI technologies in higher education. Data was collected from 50 librarians across four Arab countries. Two distinct questionnaires were administered to the participants: the first focused on their perceptions of AI, exploring attitudes, beliefs, and understanding of AI technologies, while the second implemented the Multifactor Leadership Questionnaire (MLQ 5×) to assess the librarians' leadership styles. Correlational analysis, inferential statistics including structural equation model, and regression analysis were employed leading to explore the predictive power of various leadership styles on librarians' openness to AI. Findings suggest that the …",ai leadership,0.41
,,"Toward agenda 2030 in education: policies and practices for effective school leadership
N Ghamrawi - Educational Research for Policy and Practice, 2023
Cited by 34 Related articles All 11 versions",2023,,https://link.springer.com/article/10.1007/s10671-023-09341-8,,,,https://doi.org/10.1007/s10671-023-09341,"Educational Leadership, Teacher Leadership, Middle Leadership, AI Leadership, Virtual Communities",Cited by 34,Norma Ghamrawi,,,Toward agenda 2030 in education: policies and practices for effective school leadership,,Educational research for Policy and Practice,,https://scholar.google.com/citations?view_op=view_citation&hl=en&user=7hxvujcAAAAJ&citation_for_view=7hxvujcAAAAJ:k_IJM867U9cC,,Springer,Norma Ghamrawi,"School leadership has been described as a key target for leveraging the quality of education in relation to sustainable development goal (SDG4) that seeks to ‘ensure inclusive and quality education for all and promote lifelong learning’ as per UNESCO 2030 agenda. This study provides a policy review of school leadership in the State of Qatar, as a case study, but carries out discussions within the global thrive for meeting the demands of Agenda 2030 to achieve quality for public education. It utilized a research instrument developed by UNESCO’s Division for Policies and Lifelong Learning Systems in Paris. The study used personal interview surveying, also called face-to-face surveying, and was completed with high-level policymakers at the Ministry of Education and Higher Education (MOEHE). It consisted of four sections that addressed: (1) the regulatory frameworks governing school leadership; (2) the …",educational leadership,0.404
,,"Perception of character education: the case of lebanese school leaders
NAR Ghamrawi, N Ghamrawi, T Shal - Open Journal of Leadership, 2015
Cited by 30 Related articles All 7 versions",2015/11/25,4.0,https://scirp.org/journal/PaperInformation?PaperID=61460,,,,129-142,"Educational Leadership, Teacher Leadership, Middle Leadership, AI Leadership, Virtual Communities",Cited by 30,Norma Ghamrawi,,,Perception of character education: the case of lebanese school leaders,,Open Journal of Leadership,,https://scholar.google.com/citations?view_op=view_citation&hl=en&user=7hxvujcAAAAJ&citation_for_view=7hxvujcAAAAJ:KlAtU1dfN6UC,4.0,Scientific Research Publishing,"Najah AR Ghamrawi, Norma Ghamrawi, Tarek Shal","This study explored the perception of Lebanese public school leaders pertaining to character education, and their expected role within its development and effective implementation. The sample included 153 randomly selected public school principals from all the Lebanese districts (Mouhafazat). The purpose is to provide a general overview of their understanding, expectations, their knowledge of character education prescribed in the Lebanese curriculum goals, and their opinion as to the principal’s role in addressing character development. The study was quantitative in nature and utilized a survey instrument that consisted of 39 items classified into 12 domains of character. The first domain targeted the knowledge of school principals pertaining to the character development goals within the Lebanese curriculum, besides their perception of school’s educational mission. The other eleven domains were developed based on “The Eleven Principles of Effective Character Education” constructed by the character education partnership organization (CEP, 2014). SPSS 18.0 for windows was employed to calculate the mean and the standard deviation of responses in order to determine the perceptions of the Lebanese public school leaders related to character education. Findings suggested that Lebanese public school principals were generally not fully aware of the character goals outlined in the Lebanese curriculum and the school’s educational mission concerning building students’ character. Their perception on effective character education unmatched a wide scope of the eleven principles of character education. The study recommends a reform of …",educational leadership,0.403
,,"Career Advancement, job satisfaction, career retention, and other related dimensions for sustainability: A perception study of Qatari public school teachers
AM Abu-Tineh, MH Romanowski, Y Chaaban… - Sustainability, 2023
Cited by 29 Related articles All 10 versions",2023/3/1,15.0,https://www.mdpi.com/2071-1050/15/5/4370,,,,4370,"Educational Leadership, Teacher Leadership, Middle Leadership, AI Leadership, Virtual Communities",Cited by 29,Norma Ghamrawi,,,"Career Advancement, job satisfaction, career retention, and other related dimensions for sustainability: A perception study of Qatari public school teachers",,Sustainability,,https://scholar.google.com/citations?view_op=view_citation&hl=en&user=7hxvujcAAAAJ&citation_for_view=7hxvujcAAAAJ:bEWYMUwI8FkC,5.0,MDPI,"Abdullah M Abu-Tineh, Michael H Romanowski, Youmen Chaaban, Hadeel Alkhatib, Norma Ghamrawi, Yousef M Alshaboul","The lack of teacher retention directly impacts the sustainability of a nation’s educational goals and educational system. There are several influences on the retention of teachers, such as career advancement opportunities, job satisfaction, and other dimensions of being an educator. This survey research examines one hundred and sixty-seven Qatari teachers’ perceptions about Qatar’s current career advancement system and several related dimensions, such as professional development, professional competency, professional licensure system, and career advancement standards essential for sustainability. The findings demonstrate that Qatari teachers are dissatisfied with the current career advancement system, significantly influencing job satisfaction and career retention. In contrast, the influence on professional competencies enhanced for career advancement, obtaining a professional license for career advancement, and career advancement standards were insignificant. It is recommended that Qatar establish an improved career advancement system with career advancement initiatives that meet the needs of Qatari teachers to improve job satisfaction and retention.",educational leadership,0.205
,,"Lebanese public schools: 20th or 21st century schools? An investigation into teachers’ instructional practices
N Ghamrawi, NAR Ghamrawi, T Shal - Open Journal of Leadership, 2017
Cited by 28 Related articles All 8 versions",2017/1/24,6.0,https://www.scirp.org/journal/paperinformation?paperid=73775,,,,1-20,"Educational Leadership, Teacher Leadership, Middle Leadership, AI Leadership, Virtual Communities",Cited by 28,Norma Ghamrawi,,,Lebanese public schools: 20th or 21st century schools? An investigation into teachers’ instructional practices,,Open Journal of Leadership,,https://scholar.google.com/citations?view_op=view_citation&hl=en&user=7hxvujcAAAAJ&citation_for_view=7hxvujcAAAAJ:Wp0gIr-vW9MC,1.0,Scientific Research Publishing,"Norma Ghamrawi, Najah AR Ghamrawi, Tarek Shal","This study investigated the offerings of Lebanese public schools against requirements of 21st century skills through the lenses of teachers. A survey that captures the features of the 21st century schools was adapted from Hixson, Ravitz & Whisman (2012) and was administered to 667 middle and secondary schoolteachers in 68 public schools in Beirut and Mount Lebanon. The survey addressed 8 teaching practices that are recognized in the literature as the basic 21st century skills: critical thinking skills, collaboration skills, communication skills, creativity and innovation skills, self-direction skills, global connections skills, local connections skills, and technology skills. Data were analyzed using SPSS 21.0 for windows. Results indicated that a huge gap existed between how schools function as opposed to how they are supposed to do so, in light of the 21st century demands. Lebanese public schools have not yet moved to the 21st century and are quite far from doing so. Recommendations for policy and practice are provided.",middle leadership,0.204
,,"The rise and fall of teacher leadership: A post-pandemic phenomenological study
N Ghamrawi, T Shal, NAR Ghamrawi - Leadership and policy in schools, 2024
Cited by 27 Related articles All 5 versions",2023,,https://www.tandfonline.com/doi/pdf/10.1080/15700763.2023.2197045,,,,,"Educational Leadership, Teacher Leadership, Middle Leadership, AI Leadership, Virtual Communities",Cited by 27,Norma Ghamrawi,,,The Rise and Fall of Teacher Leadership: A Post- Pandemic Phenomenological Study,,Leadership and Policy in Schools,,https://scholar.google.com/citations?view_op=view_citation&hl=en&user=7hxvujcAAAAJ&citation_for_view=7hxvujcAAAAJ:maZDTaKrznsC,,Routledge,"Norma Ghamrawi, Tarek Shal, Najah Ghamrawi, A.R.","This study explored teacher leadership functions during and post-school disruption, due to COVID-19 pandemic. Participants were recruited from three primary government schools in Qatar, and included 12 teachers, three vice-principals (assistant principals) and three principals. A phenomenological research design was employed using semi-structured interviews for data collection. Findings suggest nine teacher leadership functions during school closure, two of which only were sustained post-school reopening. The study argues that the regression in teacher leadership functions relates to the failure in the internalization of teacher leadership cultural norms and values. The study offers recommendations for policy and practice.",teacher leadership,0.611
,,"Cultivating teacher leadership: evidence form a transformative professional development model
N Ghamrawi, T Shal, NAR Ghamrawi - School Leadership & Management, 2024
Cited by 23 Related articles All 2 versions",2024/8/7,44.0,https://www.tandfonline.com/doi/pdf/10.1080/13632434.2024.2328056,,,,413-441,"Educational Leadership, Teacher Leadership, Middle Leadership, AI Leadership, Virtual Communities",Cited by 23,Norma Ghamrawi,,,Cultivating teacher leadership: evidence form a transformative professional development model,,School Leadership & Management,,https://scholar.google.com/citations?view_op=view_citation&hl=en&user=7hxvujcAAAAJ&citation_for_view=7hxvujcAAAAJ:lSLTfruPkqcC,4.0,Routledge,"Norma Ghamrawi, Tarek Shal, Najah AR Ghamrawi","This study delves into the transformative impact of a professional development model (PDM) across three affiliated private schools in Beirut, Lebanon, spanning three years, with a primary focus on nurturing teacher leadership. At the heart of this PDM, teachers assumed the role of trainers, guiding their colleagues during dedicated professional development days. Employing a grounded theory approach, the study conducted semi-structured interviews with 12 teacher trainers and engaged with three school principals. The research reveals five central categories. Two categories revolve around the evidence highlighting the progression of teacher leadership: (1) accessing and utilising research to enhance teaching and student learning, and (2) promoting professional learning for continuous improvement. Additionally, three categories elucidate the elements instrumental in facilitating the PDM's role in cultivating …",teacher leadership,0.609
,,"Leadership styles of school principals and their multiple intelligences profiles: Any relationship
N Ghamrawi - International Journal of Research Studies in Education, 2013
Cited by 21 Related articles",2013,2.0,https://www.academia.edu/download/32277371/Leadership_and_MI.pdf,,,,37-49,"Educational Leadership, Teacher Leadership, Middle Leadership, AI Leadership, Virtual Communities",Cited by 21,Norma Ghamrawi,,,Leadership styles of school principals and their multiple intelligences profiles: Any relationship,,International Journal of Research Studies in Education,,https://scholar.google.com/citations?view_op=view_citation&hl=en&user=7hxvujcAAAAJ&citation_for_view=7hxvujcAAAAJ:Tyk-4Ss8FVUC,2.0,,Norma Ghamrawi,"This study attempted to investigate any relationship existing between the leadership styles exhibited by Lebanese public school principals and their multiple intelligences profile. MLQ (5X) was employed to collect data relating to leadership styles of 307 school principals, and McKenzie (1999) was used to profile their multiple intelligences (MI). SPSS 18.0 was used to support data analysis. Results indicated that transformational leadership style was the dominant self-reported style exhibited by school principals. Visual-spatial intelligence was conveyed to be the intelligence enjoyed by the majority of school principals; followed equally by logical-mathematical and existential intelligences; then also equally by interpersonal and verbal-linguistic intelligences; followed by musical, intrapersonal, kinesthetic, and naturalist intelligences. Pearson correlation coefficients were calculated for the composite scores of MLQ and each individual MI. Strong positive correlations were detected between MI and existential, verbal and interpersonal intelligences. Linear Multiple Regression Analysis denoted that 47.5% of the total variance of transformational leadership was predicted by the interaction of the three MI (Existential, verbal, and Interpersonal), with existential intelligence being the strongest predictor of transformational leadership. Implications and suggestions for future research are provided.",teacher leadership,0.404
,,"Leadership versus management: Between self-concept and actual practices of Lebanese school principals
K Al Jammal, N Ghamrawi - International Journal of Educational Research and …, 2013
Cited by 20 Related articles All 3 versions",2013/9,4.0,https://www.academia.edu/download/32305476/Leadership-Management.pdf,,,,56-72,"Educational Leadership, Teacher Leadership, Middle Leadership, AI Leadership, Virtual Communities",Cited by 20,Norma Ghamrawi,,,Leadership versus Management: Between Self-concept and Actual Practices of Lebanese School Principals,,International Journal of Educational Research and Technology,,https://scholar.google.com/citations?view_op=view_citation&hl=en&user=7hxvujcAAAAJ&citation_for_view=7hxvujcAAAAJ:eQOLeE2rZwMC,3.0,"Society of Education, India","Norma Ghamrawi, Khalil AlJammal","This study attempted to investigate the theory and practice of leadership and management in selected schools in Beirut, Lebanon. The study was quantitative in nature an employed two surveys: one for teachers and another for principals. 110 schools were involved such that 53 were public and 57 were private. In each school the principal along with 4 teachers responded to the research questionnaires. Thus a total of 550 participants were involved: 110 school principals and 440 teachers. Data was analyzed using SPSS 18.0. Descriptive statistics were used to describe and summarize the properties of the mass of data collected from the respondents. Means scores, standard deviations and percentages were calculated per each item of the survey instrument. Cross-tabs and t-tests were also employed. Results indicated that concepts of leadership and managementwere not clear enough neither to public, nor to private school principals. Moreover, leadership practice was neglected, limited, and marginalized in almost schools involved. The study offers recommendations for research and practice.",teacher leadership,0.404
,,"Webinars for teacher professional development: perceptions of members of a virtual professional community of practice
T Shal, N Ghamrawi, NAR Ghamrawi - Open Learning: The Journal of Open, Distance and e …, 2025
Cited by 19 Related articles All 5 versions",2025/1/2,40.0,,,,,91-107,"Educational Leadership, Teacher Leadership, Middle Leadership, AI Leadership, Virtual Communities",Cited by 19,Norma Ghamrawi,,,Webinars for teacher professional development: perceptions of members of a virtual professional community of practice,,"Open Learning: The Journal of Open, Distance and e-Learning",,https://scholar.google.com/citations?view_op=view_citation&hl=en&user=7hxvujcAAAAJ&citation_for_view=7hxvujcAAAAJ:GnPB-g6toBAC,1.0,Routledge,"Tarek Shal, Norma Ghamrawi, Najah AR Ghamrawi","This study explores the significance of webinars as tools for supporting teachers’ professional development and growth beyond the COVID-19 pandemic, as perceived by the teachers themselves. The study employs a mixed methods approach, involving 394 teachers registered on a popular virtual community of practice (vCoP) who completed a survey, with twenty of them participating in focus group interviews. Quantitative data from the survey were statistically analysed using SPSS 25.0, while qualitative data from the focus group interviews underwent theme-based analysis. The findings suggest that teachers highly regard webinars as effective tools for professional development and believe that webinars should be an integral part of future teacher development programmes within the framework of blended learning models. The key strengths and weaknesses of webinars as tools for supporting teacher professional …",virtual communities,0.404
,,"Schooling for digital citizens
NAR Ghamrawi - Open Journal of Leadership, 2018
Cited by 18 Related articles All 6 versions",2018/8/14,7.0,https://www.scirp.org/journal/paperinformation?paperid=86879,,,,209-224,"Educational Leadership, Teacher Leadership, Middle Leadership, AI Leadership, Virtual Communities",Cited by 18,Norma Ghamrawi,,,Schooling for digital citizens,,Open Journal of Leadership,,https://scholar.google.com/citations?view_op=view_citation&hl=en&user=7hxvujcAAAAJ&cstart=20&pagesize=80&citation_for_view=7hxvujcAAAAJ:qUcmZB5y_30C,3.0,Scientific Research Publishing,Najah AR Ghamrawi,"This study explored the Lebanese teachers’ perceptions regarding their knowledge, practice and self-efficacy pertaining to digital citizenship. Data were collected from 378 teacher participants from public schools in Beirut, Lebanon. The study used mixed methods employing an adapted form of Rible’s (2015) survey on digital citizenship, alongside a structured focus group interview with 8 teachers drawn randomly from the pool of participant schools. Findings suggest that Lebanese teachers have dispersed and unbalanced perceptions of the concept of digital citizenship, limited practice, and recessive self-efficacy. The study recommends that successful endeavours towards establishing efficient digital citizenship should start with the reconstruction of teachers’ knowledge and level of awareness pertaining to digital citizenship.",teacher leadership,0.205
,,"Teacher professional development in Lebanese schools
K Al-Jammal, N Ghamrawi - Basic Research Journal of Education Research and …, 2013
Cited by 18 Related articles All 3 versions",2013,2.0,https://www.academia.edu/download/33490559/TPD-_Final_Article.pdf,,,,104-128,"Educational Leadership, Teacher Leadership, Middle Leadership, AI Leadership, Virtual Communities",Cited by 18,Norma Ghamrawi,,,Teacher professional development in Lebanese schools,,Basic Research Journal of Education Research and Review,,https://scholar.google.com/citations?view_op=view_citation&hl=en&user=7hxvujcAAAAJ&cstart=20&pagesize=80&citation_for_view=7hxvujcAAAAJ:W7OEmFMy1HYC,7.0,,"Khalil Al-Jammal, Norma Ghamrawi","The aim of this study was to investigate the degree teacher professional development (TPD) practices in Lebanese schools were aligned with international norms. For this purpose, an extensive review of the literature of TPD was conducted which constituted the base for the generation of a survey instrument consisting of two sections: one that collects information about actual practices within TPD and another that requests evaluation of TPD in school. The questionnaire was sent to 65 private schools and 65 public schools. The total sample consisted of 50 school principals (N= 50) and 520 teachers (N’= 520). Data was analyzed using SPSS 18.0 for windows. Results indicate that TPD practices in Lebanese schools were far away from international standards and norms. The image of TPD, however, in public schools is quite darker than that in private schools. Limitations of the study and recommendations for future research are suggested.",teacher leadership,0.204
,,"Never underestimate the power of the sandwiched: Middle leaders and school culture
N Ghamrawi - Basic Research Journal of Educational Research and …, 2013
Cited by 18 Related articles",2013,2.0,https://www.academia.edu/download/32277307/Culture_and_SL.pdf,,,,29-41,"Educational Leadership, Teacher Leadership, Middle Leadership, AI Leadership, Virtual Communities",Cited by 18,Norma Ghamrawi,,,Never underestimate the power of the sandwiched: Middle leaders and school culture,,Basic Research Journal of Educational Research and Review,,https://scholar.google.com/citations?view_op=view_citation&hl=en&user=7hxvujcAAAAJ&cstart=20&pagesize=80&citation_for_view=7hxvujcAAAAJ:d1gkVwhDpl0C,2.0,,Norma Ghamrawi,"The purpose of this study was to investigate any relationship existing between the leadership styles exhibited by middle leaders, particularly subject leaders, and school climate. The sample was comprised of 250 teachers from 31 private K-12 schools in Beirut, Lebanon. The Multi-factor Leadership Questionnaire (5X) was employed in order to collect data pertaining to the leadership styles of subject leaders as perceived by teachers, while the School Culture Survey utilized to secure a profile for the prevailing culture of the participating schools. Additionally, participants responded to a single question-whom do you think is more influential in shaping school culture: subject leaders or the school principal? Explain. SPSS 18.0 was used to calculate Pearson product-moment correlation coefficients to detect the relationship between leadership styles of subject leaders and school culture. Findings indicate a strong positive relationship existing between the two variables. Besides, 87.61% of participant teachers considered their subject leaders to be more effective in shaping school culture by virtue of being sandwiched between senior leadership from one side and teachers, students and parents from the other side. Through the sandwich model, subject leaders play six critical roles which enable them to shape school culture. Roles include subject leaders as:(1) communicators;(2) curriculum designers;(3) liaisons;(4) event organizers;(5) role models; and (6) change agents.",middle leadership,0.406
,,"A flat profession? Developing an evidence-based career ladder by teachers for teachers–A case study
N Ghamrawi, A Abu-Tineh - Heliyon, 2023
Cited by 17 Related articles All 12 versions",2023,,https://www.cell.com/heliyon/fulltext/S2405-8440(23)02244-2,,,,,"Educational Leadership, Teacher Leadership, Middle Leadership, AI Leadership, Virtual Communities",Cited by 17,Norma Ghamrawi,,,A flat profession? Developing an evidence-based career ladder by teachers for teachers–A case study,,Heliyon,,https://scholar.google.com/citations?view_op=view_citation&hl=en&user=7hxvujcAAAAJ&cstart=20&pagesize=80&citation_for_view=7hxvujcAAAAJ:TFP_iSt0sucC,,,"Norma Ghamrawi, Abdullah Abu-Tineh","This case study aimed at developing a research-based career ladder for public school teachers in Qatar, in an attempt to combat the flatness of the teaching career. Six focus groups interviews, each involving 3–5 teachers from governmental schools comprised the study sample. Data was analyzed using theme-based analysis. Findings suggest the legitimacy of a multi-directional career path for teachers, rather than the current linear career system, in order to support their resilience and wellbeing. A data-driven teacher career ladder is presented, discussed, and debated.",teacher leadership,0.206
,,"Teacher leadership and virtual communities: Unpacking teacher agency and distributed leadership
T Shal, N Ghamrawi, A Abu-Tineh, YM Al-Shaboul… - Education and Information Technologies, 2024
Cited by 14 Related articles All 5 versions",2024/8,29.0,https://link.springer.com/article/10.1007/s10639-023-12446-5,,,,15025-15042,"Educational Leadership, Teacher Leadership, Middle Leadership, AI Leadership, Virtual Communities",Cited by 14,Norma Ghamrawi,,,Teacher leadership and virtual communities: Unpacking teacher agency and distributed leadership,,Education and Information Technologies,,https://scholar.google.com/citations?view_op=view_citation&hl=en&user=7hxvujcAAAAJ&cstart=20&pagesize=80&citation_for_view=7hxvujcAAAAJ:ns9cj8rnVeAC,12.0,Springer US,"Tarek Shal, Norma Ghamrawi, Abdullah Abu-Tineh, Yousef M Al-Shaboul, Abdellatif Sellami","This study explored the development of teacher leadership in collaborative online spaces, also called virtual communities of practice (vCoP). Employing a phenomenological research design with semi-structured interviews as the primary data collection method, participants were drawn from a single vCoP. The findings underscored the pivotal role of vCoPs in nurturing teacher leadership skills, facilitated by the dynamic interplay of teacher agency and distributed leadership. Teacher agency empowers educators to proactively take control of their learning journey within vCoPs, enabling them to explore areas of personal interest and expertise, including knowledge sharing and project initiation. Simultaneously, distributed leadership empowers teachers to assume leadership roles within the vCoP, irrespective of their formal positions or seniority, involving activities such as guiding discussions and organizing …",teacher leadership,0.609
,,"Leadership performance of emotionally intelligent subject leaders
N Ghamrawi, T Shal, N Ghamrawi - Educational Research, 2013
Cited by 13 Related articles",2013,4.0,,,,,143-152,"Educational Leadership, Teacher Leadership, Middle Leadership, AI Leadership, Virtual Communities",Cited by 13,Norma Ghamrawi,,,Leadership performance of emotionally intelligent subject leaders,,Educational Research,,https://scholar.google.com/citations?view_op=view_citation&hl=en&user=7hxvujcAAAAJ&cstart=20&pagesize=80&citation_for_view=7hxvujcAAAAJ:IWHjjKOFINEC,2.0,,"N Ghamrawi, T Shal, N Ghamrawi",,ai leadership,0.45
,,"Destructive leadership behaviors: The case of academic middle leaders in higher education
N Ghamrawi, RK Abu-Shawish, T Shal, NAR Ghamrawi - International Journal of Educational Research, 2024
Cited by 12 Related articles All 2 versions",2024/1/1,126.0,https://www.sciencedirect.com/science/article/pii/S0883035524000685,,,,102382,"Educational Leadership, Teacher Leadership, Middle Leadership, AI Leadership, Virtual Communities",Cited by 12,Norma Ghamrawi,,,Destructive leadership behaviors: The case of academic middle leaders in higher education,,International Journal of Educational Research,,https://scholar.google.com/citations?view_op=view_citation&hl=en&user=7hxvujcAAAAJ&cstart=20&pagesize=80&citation_for_view=7hxvujcAAAAJ:2P1L_qKh6hAC,,Pergamon,"Norma Ghamrawi, Reem Khalid Abu-Shawish, Tarek Shal, Najah AR Ghamrawi","Destructive leadership, characterized by abusive behaviors and a lack of ethical integrity, undermines organizational morale and performance. This phenomenological study investigates destructive leadership behaviors exhibited by academic middle leaders in higher education, examining them through the lens of faculty members. Six faculty members from six Arab States participated in three rounds of interviews to capture their lived experiences. Data were supplemented by reflective journal entries, allowing researchers to examine their preconceived notions of the phenomenon under study. A whole-part-whole approach was utilized for data analysis. Findings illuminate specific instances of destructive leadership, including micromanagement and control, vitriolic communication, a detrimental organizational climate, and encroachment upon faculty members’ work-life balance. The study explores the impact of …",middle leadership,0.409
,,"Teaching licensure and education quality: Teachers’ perceptions
N Ghamrawi, A Abu-Tineh, T Shal - Sustainability, 2023
Cited by 11 Related articles All 6 versions",2023/6/23,15.0,https://www.mdpi.com/2071-1050/15/14/10886,,,,1-16,"Educational Leadership, Teacher Leadership, Middle Leadership, AI Leadership, Virtual Communities",Cited by 11,Norma Ghamrawi,,,Teaching Licensure and Education Quality: Teachers’ Perceptions,,Sustainability,,https://scholar.google.com/citations?view_op=view_citation&hl=en&user=7hxvujcAAAAJ&cstart=20&pagesize=80&citation_for_view=7hxvujcAAAAJ:M3NEmzRMIkIC,14.0,MDPI,"Norma Ghamrawi, Abdullah Abu-Tineh, Tarek Shal","This study surveyed 1008 teachers from K–12 public schools in Qatar regarding a performance-based teaching licensure that replaced its portfolio-based licensure. The survey, which was validated using an exploratory factor analysis (EFA), consisted of four domains: (1) Clarity of licensure procedures; (2) The perceived educational value of the license; (3) Personal gains from the license; and (4) Teachers’ recommendations for improving the licensure. Findings revealed a complex interplay of views, wherein teachers acknowledged the clarity of the licensure protocols and recognized their potential benefits for education quality. However, there remained a disconnect when it came to perceiving the protocols’ direct impact on the teachers’ own professional growth. These insights serve as valuable resources for policymakers and stakeholders, emphasizing the importance of aligning licensure policies with teachers’ needs and aspirations. Ultimately, the study underscores the significance of continuous dialogue and reflection to shape a more effective and meaningful teaching licensure framework. It contributes to the global discourse surrounding teaching licensure, accentuating the paramount significance of fostering continuous dialogue and introspection in crafting an efficacious and resonant licensure framework.",educational leadership,0.203
,,"Leading the self: Self-leadership skills of Lebanese private school principals
K Al-Jammal, N Ghamrawi - International Journal of Social Science and Economics …, 2015
Cited by 11 Related articles All 3 versions",2015,1.0,https://www.academia.edu/download/38673153/Leading_the_Self_Self-Leadership_Skills_of_Lebanese_Private_School_Principals.pdf,,,,1-20,"Educational Leadership, Teacher Leadership, Middle Leadership, AI Leadership, Virtual Communities",Cited by 11,Norma Ghamrawi,,,Leading the self: Self-leadership skills of Lebanese private school principals,,International Journal of Social Science and Economics Invention,,https://scholar.google.com/citations?view_op=view_citation&hl=en&user=7hxvujcAAAAJ&cstart=20&pagesize=80&citation_for_view=7hxvujcAAAAJ:8k81kl-MbHgC,2.0,,"Khalil Al-Jammal, Norma Ghamrawi","This study attempted to investigate the concept of self-leadership within 80 private schools in Beirut, Lebanon. Through a survey, participant principals were requested to rank the self-leadership skills they believed to exhibit and practice. As such the study highlights the 8 top ranking and the 8 low ranking self-leadership skills displayed by school principals as per their own view point. Moreover, this study sought to identify the obstacles inhibiting respondents from acquiring and practicing selfleadership skills. Data was analyzed using SPSS 18.0. Descriptive statistics were used to describe and summarize the properties of the mass of data collected from the respondents. Percentages were calculated per each item of the survey instrument. Results indicate that while the skills of selfleadership were not being effectively practiced, the concept of self-leadership itself was not clear enough to Lebanese private school principals. This was manifested by the conflicting responses they gave on various items of the survey. The study offers recommendations to help principals enhance their knowledge, attitudes and skills related to self-leadership.",teacher leadership,0.404
,,"Instructional leadership behaviors: The case of Lebanese private school principals
N Ghamrawi, K Al-Jammal - Global Advanced Research Journal of Educational …, 2013
Cited by 11 Related articles",2013,2.0,,,,,181-189,"Educational Leadership, Teacher Leadership, Middle Leadership, AI Leadership, Virtual Communities",Cited by 11,Norma Ghamrawi,,,Instructional leadership behaviors: The case of Lebanese private school principals,,Global Advanced Research Journal of Educational Research and Review,,https://scholar.google.com/citations?view_op=view_citation&hl=en&user=7hxvujcAAAAJ&cstart=20&pagesize=80&citation_for_view=7hxvujcAAAAJ:hC7cP41nSMkC,9.0,,"N Ghamrawi, K Al-Jammal",,ai leadership,0.436
,,"Teacher leadership and teacher wellbeing: any relationship?
N Ghamrawi, H Naccache, T Shal - International Journal of Educational Research, 2023
Cited by 10 Related articles",2023/1/1,122.0,,,,,102261,"Educational Leadership, Teacher Leadership, Middle Leadership, AI Leadership, Virtual Communities",Cited by 10,Norma Ghamrawi,,,Teacher leadership and teacher wellbeing: any relationship?,,International Journal of Educational Research,,https://scholar.google.com/citations?view_op=view_citation&hl=en&user=7hxvujcAAAAJ&cstart=20&pagesize=80&citation_for_view=7hxvujcAAAAJ:NMxIlDl6LWMC,,Pergamon,"Norma Ghamrawi, Hiba Naccache, Tarek Shal","Teacher wellbeing and leadership are pivotal for effective education. This study examines the interplay between teacher leadership and teacher wellbeing. Utilizing a positivist approach, data was collected through surveys from 383 teachers across six countries. Statistical analysis including structural equation modeling, regression analysis, and correlation assessments were conducted. Findings imply a reciprocal relationship between teacher leadership and wellbeing in educational contexts, with leadership exerting a marginally stronger positive impact on wellbeing. Optimal wellbeing, encompassing positive physical, emotional, and cognitive states, equips teachers to engage in effective leadership practices, foster collaborations, and contribute actively to improved teaching and learning. Conversely, compromised wellbeing, stemming from heightened stress, burnout, or dissatisfaction, hinders effective …",teacher leadership,0.61
,,"Stepping into middle leadership: A hermeneutic phenomenological study
N Ghamrawi, T Shal, NAR Ghamrawi - International Journal of Leadership in Education, 2023
Cited by 10 Related articles All 3 versions",2023,,https://www.tandfonline.com/doi/pdf/10.1080/13603124.2023.2248060,,,,,"Educational Leadership, Teacher Leadership, Middle Leadership, AI Leadership, Virtual Communities",Cited by 10,Norma Ghamrawi,,,Stepping into middle leadership: a hermeneutic phenomenological study,,International Journal of leadership in education,,https://scholar.google.com/citations?view_op=view_citation&hl=en&user=7hxvujcAAAAJ&cstart=20&pagesize=80&citation_for_view=7hxvujcAAAAJ:blknAaTinKkC,,Routledge,"Norma Ghamrawi, Tarek Shal, Najah Ghamrawi, A.R.","Several studies have examined the crucial role played by middle leaders in school improvement, but little is known about the experiences of novice middle leaders during their initial years in their positions, particularly the enabling and constraining factors they encounter. This study explored the narratives of six middle leaders over a three-year period as they stepped into their roles in K-12 settings in Lebanon. Employing a hermeneutic phenomenological methodology, semi-structured interviews were conducted with each middle leader at the end of each academic year for three consecutive years. Data from 18 semi-structured interviews were analyzed using Gadamar’s interpretational analysis system. The findings suggest that successful transition into middle leadership relies on seven core, interrelated constructs with high leverage and impact, encompassing 23 subsidiary concepts. These constructs include role …",middle leadership,0.608
,,"Principals’ differentiated learning through social media: Practices and obstacles
T Shal, I El Kibbi, N Ghamrawi, NAR Ghamrawi - International Journal of Education and Applied …, 2018
Cited by 10 Related articles",2018,8.0,,,,,19-29,"Educational Leadership, Teacher Leadership, Middle Leadership, AI Leadership, Virtual Communities",Cited by 10,Norma Ghamrawi,,,Principals’ Differentiated Learning through Social Media: Practices and Obstacles,,International Journal of Education and applied research,,https://scholar.google.com/citations?view_op=view_citation&hl=en&user=7hxvujcAAAAJ&cstart=20&pagesize=80&citation_for_view=7hxvujcAAAAJ:_Qo2XoVZTnwC,1.0,,"Tarek Shal, I Kibbi, Najah Ghamrawi, Norma Ghamrawi",,Unclassified,0.0
,,"Teachers’ perception of cyberbullying in Lebanese public school
NAR Ghamrawi, N Ghamrawi, T Shal - Open Journal of Leadership, 2016
Cited by 10 Related articles All 7 versions",2016,5.0,https://www.scirp.org/html/1-2330111_72738.htm,,,,95,"Educational Leadership, Teacher Leadership, Middle Leadership, AI Leadership, Virtual Communities",Cited by 10,Norma Ghamrawi,,,Teachers’ perception of cyberbullying in Lebanese public school,,Open Journal of Leadership,,https://scholar.google.com/citations?view_op=view_citation&hl=en&user=7hxvujcAAAAJ&cstart=20&pagesize=80&citation_for_view=7hxvujcAAAAJ:4DMP91E08xMC,4.0,Scientific Research Publishing,"Najah AR Ghamrawi, Norma Ghamrawi, Tarek Shal","Cyberbullying has become prevalent in schools with the increased spread and usage of technology. The purpose of this study was to examine the degree to which teachers in Lebanon were aware of the concept of cyber bullying; as well as to investigate their beliefs of the best interventional preventional strategies to combat this phenomenon. The study surveyed 149 public school teachers from the different governorates in Lebanon. A survey consisting of 40 items was developed to address teachers’ perception of cyberbullying, around 4 areas: 1) the impact of cyberbullying on students, 2) the necessary interventional strategies for cyberbullying inside the school, 3) the suitable interventional strategies for cyberbullying outside the school, and 4) the possible preventional strategies for a cyberbullying program. Data were analyzed using SPSS 21.0 for windows. Results indicated that school teachers recognized the gross negative impacts of cyberbullying on students. While teachers suggested anit-cyberbullying inter-ventional strategies inside the school, they were less hesitant to suggest strategies to confront cyberbullying when students were away from school. They were also indeterminate concerning preventional strategies of this phenomenon. Teachers’ perceptions highlight the importance of their active role and the importance of building students character as two major keys for counteracting cyberbullying and designing an efficient anti-cyberbullying program.",teacher leadership,0.2
,,"Leaders and servants: Antonyms or synonyms? Investigating servant leadership in Lebanese schools
N Ghamrawi, K Al-Jammal - Asia Pacific Journal of Research Vol: I Issue XIV, 2014
Cited by 10 Related articles All 4 versions",2014/2,,https://www.academia.edu/download/33490492/Servant_Leadership_Final.pdf,,,,,"Educational Leadership, Teacher Leadership, Middle Leadership, AI Leadership, Virtual Communities",Cited by 10,Norma Ghamrawi,,,Leaders and servants: Antonyms or synonyms? Investigating servant leadership in Lebanese schools,,Asia Pacific Journal of Research Vol: I Issue XIV,,https://scholar.google.com/citations?view_op=view_citation&hl=en&user=7hxvujcAAAAJ&cstart=20&pagesize=80&citation_for_view=7hxvujcAAAAJ:hqOjcs7Dif8C,,,"Norma Ghamrawi, Khalil Al-Jammal","The purpose of this study was to investigate servant leadership within a sample of private schools in Beirut, Lebanon. For that purpose, 46 school principals and 276 teachers from 46 private schools in Beirut participated in the study. An adapted version of the Leadership Skills Inventory (LSI)(Hunter, 2004) was employed to assess the shape of the servant leadership skills of school principals through their own lens and through that of their teachers. Additionally, teachers and school principals responded to an open-ended question pertaining to servant leadership. The quantitative data thus collected was analyzed with the help of SPSS 21.0. Qualitative data generated through the openended question was analyzed using thematic analysis. Results indicate that some school principals enjoyed attributes of servant leaders, despite the fact that the concept of servant leadership was unknown to the majority of the participant sample. Few participants, however, suggested explanations for the term, utilizing Christian and Islamic faith. Recommendations for practice and future research are proposed.",teacher leadership,0.404
,,"Wellbeing leadership: Perceptions of pre-service school leaders
N Ghamrawi, H Al-Thani - Heliyon, 2023
Cited by 9 Related articles All 6 versions",2023/11/1,9.0,https://www.cell.com/heliyon/fulltext/S2405-8440(23)08914-4,,,,,"Educational Leadership, Teacher Leadership, Middle Leadership, AI Leadership, Virtual Communities",Cited by 9,Norma Ghamrawi,,,Wellbeing leadership: Perceptions of pre-service school leaders,,Heliyon,,https://scholar.google.com/citations?view_op=view_citation&hl=en&user=7hxvujcAAAAJ&cstart=20&pagesize=80&citation_for_view=7hxvujcAAAAJ:YFjsv_pBGBYC,11.0,Elsevier,"Norma Ghamrawi, Hessa Al-Thani","This study explored pre-service school leaders' self-perceived roles as future school leaders in terms of securing the provision of wellbeing. Sixteen pre-service school leaders (participants from MA Education Leadership programs) from 14 countries participated in semi-structured interviews. Data was analyzed using theme-based analysis. Findings suggest that pre-service school leaders: (a) exhibited a narrow understanding of the concept of wellbeing; (b) attributed the role of securing students' wellbeing mainly to school psychologists, counselors and teachers; (c) assumed a greater personal role, if any, towards securing students' wellbeing, compared to that of teachers, despite showing more knowledge of how to address teacher wellbeing; and (e) did not receive any form of capacity building addressing wellbeing leadership, as part of their leadership preparatory programs.",teacher leadership,0.41
,,"Total quality management: Effectiveness in Lebanese schools perceptions of school leaders and teachers
K Al-Jammal, N Ghamrawi - International Journal of Management, 2013
Cited by 9 Related articles All 5 versions",2013,1.0,https://www.academia.edu/download/33490563/TQM_paper.pdf,,,,488-509,"Educational Leadership, Teacher Leadership, Middle Leadership, AI Leadership, Virtual Communities",Cited by 9,Norma Ghamrawi,,,Total quality management: Effectiveness in Lebanese schools perceptions of school leaders and teachers,,International Journal of Management,,https://scholar.google.com/citations?view_op=view_citation&hl=en&user=7hxvujcAAAAJ&cstart=20&pagesize=80&citation_for_view=7hxvujcAAAAJ:_kc_bZDykSQC,12.0,,"Khalil Al-Jammal, Norma Ghamrawi","The purpose of this study was to investigate the degree to which a sample of public and private schools in Beirut, Lebanon; were catering for Total Quality Management (TQM) in their contexts. The sample of this study consisted of 650 participants: 130 school principals (65 public school principals and 65 private school principals) and 520 teachers (4 teachers from each public school and 4 teachers from each private school). A survey was developed based on an extensive review of the literature. SPSS 21.0 was utilized to analyze data. Results indicate that the vast majority of private school principals considered all TQM components to be effective in their schools. Conversely, all TQM components were perceived as ineffective by the majority of public school principals. All TQM components were considered to be ineffective by the majority of both private and public school teachers. Recommendations for future research and for practice are offered.",teacher leadership,0.4
,,"Web 2.0–A Tool for learning or socialization only? Perspectives & experiences of Lebanese school principals
TSI El Kibbi2–Najah, GN Ghamrawi - International Journal of Research in Economics and …, 2018
Cited by 8 Related articles",2018/2,8.0,https://www.academia.edu/download/55978113/Web_2.0-_A_Tool_for_Learning_or_Socialization_Only..pdf,,,,,"Educational Leadership, Teacher Leadership, Middle Leadership, AI Leadership, Virtual Communities",Cited by 8,Norma Ghamrawi,,,Web 2.0–A Tool for learning or socialization only? Perspectives & experiences of Lebanese school principals,,International Journal of Research in Economics and Social Sciences (IJRESS),,https://scholar.google.com/citations?view_op=view_citation&hl=en&user=7hxvujcAAAAJ&cstart=20&pagesize=80&citation_for_view=7hxvujcAAAAJ:j3f4tGmQtD8C,2.0,,"Tarek Shal, Ibrahim El Kibbi, N. Ghamrawi, N.A.R. Ghamrawi","Drawing upon empirical data, this article explores how Lebanese school principals utilize Web 2.0 in their schools. This article is part of a larger study that was carried out over a 2-year period and involved 649 principals (323 public: 326 private). This part of the larger study was addressed using quantitative surveyingwhich investigated the relevance and utilization of 5 Web 2.0 Apps by school principals: Facebook, Twitter, Skype, YouTube, Email, and WhatsApp. Data was analyzed statistically using SPSS 21.0 for windows. Results indicated that all the aforementioned Web 2.0 were familiar to school principals in the following order: WhatsApp, Email, Facebook, YouTube, Skype and finally Twitter. Besides, findings have shown that principals valued Web 2.0 Apps as tools for communication and socialization far more than considering them as viable tools for learning.",Unclassified,0.0
,,"Leadership development in virtual communities of practice: The case of school principals from the GCC Region
N Ghamrawi, T Shal, NAR Ghamrawi - Education and Information Technologies, 2024
Cited by 7 Related articles All 4 versions",2024/6/4,,https://link.springer.com/article/10.1007/s10639-024-12784-y,,,,1-20,"Educational Leadership, Teacher Leadership, Middle Leadership, AI Leadership, Virtual Communities",Cited by 7,Norma Ghamrawi,,,Leadership development in virtual communities of practice: The case of school principals from the GCC Region,,Education and Information Technologies,,https://scholar.google.com/citations?view_op=view_citation&hl=en&user=7hxvujcAAAAJ&cstart=20&pagesize=80&citation_for_view=7hxvujcAAAAJ:M05iB0D1s5AC,,Springer US,"Norma Ghamrawi, Tarek Shal, Najah AR Ghamrawi","This study explores the potential of virtual communities of practice (vCoPs) in fostering leadership growth that aligns with the diverse needs and challenges faced by school principals. The study employs a qualitative research design, and conducts semi-structured interviews with 16 school principals from K-12 schools belonging to the Gulf Cooperation Council (GCC) region. Findings suggest that vCoPs offer a rich environment for school principals to engage in collaborative learning, knowledge sharing, and professional networking, all of which contribute to their differentiated leadership development. Findings suggest that vCoPs offer flexible personalized learning paths that can support instructional, digital, and distributed leadership development of school principals. This advancement is made possible by creating a supportive and secure environment that is fortified by resilience, group cohesion, and robust …",virtual communities,0.609
,,"The perceived challenges to online learning during the COVID-19 pandemic: A nationwide study of K-12 parental perspectives (Arab and other parents) in Qatar
YM Alshaboul, MA Alazaizeh, AL Sellami… - Heliyon, 2024
Cited by 7 Related articles All 9 versions",2024/4/15,10.0,https://www.cell.com/heliyon/fulltext/S2405-8440(24)04609-7,,,,,"Educational Leadership, Teacher Leadership, Middle Leadership, AI Leadership, Virtual Communities",Cited by 7,Norma Ghamrawi,,,The perceived challenges to online learning during the COVID-19 pandemic: A nationwide study of K-12 parental perspectives (Arab and other parents) in Qatar,,Heliyon,,https://scholar.google.com/citations?view_op=view_citation&hl=en&user=7hxvujcAAAAJ&cstart=20&pagesize=80&citation_for_view=7hxvujcAAAAJ:vV6vV6tmYwMC,7.0,Elsevier,"Yousef M Alshaboul, Manar A Alazaizeh, Abdel Latif Sellami, Abdullah M Abu-Tineh, Norma Ghamrawi, Tarek Shal","This study aimed to explore self-reported challenges Arab and other parents encountered during the sudden shift to online teaching and learning due to the COVID-19 pandemic. The researchers investigated the likely effect of demographic and contextual factors on the perceived challenges reported by parents. To achieve the study's objectives, the researchers utilized a mixed-method design involving a random sample of students' parents (Arab and other parents) in public and private schools in Qatar. The study's sample consisted of 2781 parents who responded to the online survey and 25 parents who participated in online semi-structured interview. The results derived from this study identified several challenges like lack of social interaction with schoolteachers, lack of motivation among children to participate in online classes and complete their homework, and dealing with the technical problems encountered …",teacher leadership,0.2
,,"Time flies–A statement that best applies to school principals
N Ghamrawi, K Al-Jammal - British Journal of Education, 2013
Cited by 7 Related articles All 3 versions",2013/9,1.0,https://www.academia.edu/download/33490942/Time-Flies-Ghamrawi___AlJammal.pdf,,,,52-66,"Educational Leadership, Teacher Leadership, Middle Leadership, AI Leadership, Virtual Communities",Cited by 7,Norma Ghamrawi,,,Time flies–A statement that best applies to school principals,,British Journal of Education,,https://scholar.google.com/citations?view_op=view_citation&hl=en&user=7hxvujcAAAAJ&cstart=20&pagesize=80&citation_for_view=7hxvujcAAAAJ:zYLM7Y9cAGgC,1.0,,"Norma Ghamrawi, Khalil Al-Jammal","The purpose of this study was to investigate how do principals of a sample of private schools (N= 60) utilize and manage their time on daily-basis. A survey consisting of three sections attempted to collect data pertaining to demographic characteristics of participants, how they spend time on organizational/management tasks versus time expenditure on instructional tasks. SPSS 18.0 was used to analyze data. Results indicate that principals lacked basic time management skills and that the time they spent on organizational/management was far more than that they consumed on instructional tasks. Implications and recommendations are provided at the end of the study.",Unclassified,0.0
,,"Teacher leadership in higher education: why not?
N Ghamrawi, RK Abu-Shawish, T Shal, NAR Ghamrawi - Cogent Education, 2024
Cited by 6 Related articles All 5 versions",2024/12/31,11.0,https://www.tandfonline.com/doi/pdf/10.1080/2331186X.2024.2366679,,,,2366679,"Educational Leadership, Teacher Leadership, Middle Leadership, AI Leadership, Virtual Communities",Cited by 6,Norma Ghamrawi,,,Teacher leadership in higher education: why not?,,Cogent Education,,https://scholar.google.com/citations?view_op=view_citation&hl=en&user=7hxvujcAAAAJ&cstart=20&pagesize=80&citation_for_view=7hxvujcAAAAJ:g5m5HwL7SMYC,1.0,Cogent,"Norma Ghamrawi, Reem Khalid Abu-Shawish, Tarek Shal, Najah AR Ghamrawi","This phenomenological investigation examined teacher leadership within the context of higher education among novice faculty members with a specialization in educational leadership. These newcomers received informal guidance and support from specific faculty members whom they identified as exemplifying teacher leadership. The core methodology involved in-depth interviews complemented by bridling journal entries, capturing the lived experiences and perceptions of the six participants from six Arab States. Data analysis employed a whole-part-whole approach. Findings suggest three manifestations or themes for teacher leadership, including social enculturation, expertise diffusion, and emotional fitness. The insights gleaned from this study provide a foundation for fostering discourse on teacher leadership development in higher education contexts.",educational leadership,0.609
Leading better learning: School leadership and quality in the Education 2030 agenda- Regional reviews of policies and practices- Arab States Cluster,,"A policy review of school leadership in the Arab states
N Ghamrawi - UNESCO (Ed.), Leading Better Learning: School …, 2016
Cited by 6 Related articles",2016,,,,,,25-49,"Educational Leadership, Teacher Leadership, Middle Leadership, AI Leadership, Virtual Communities",Cited by 6,Norma Ghamrawi,,,Policy review of school leadership in the Arab States,,,,https://scholar.google.com/citations?view_op=view_citation&hl=en&user=7hxvujcAAAAJ&cstart=20&pagesize=80&citation_for_view=7hxvujcAAAAJ:pqnbT2bcN3wC,,UNESCO:Paris,Norma Ghamrawi,,ai leadership,0.44
"IoT, AI, and ICT for educational applications: Technologies to enable education for all",,"School leadership 4.0: Are we ready?
N Ghamrawi, T Shal, NAR Ghamrawi - IoT, AI, and ICT for educational applications …, 2024
Cited by 5 Related articles All 4 versions",2024/1/19,,https://www.diva-portal.org/smash/get/diva2:1956869/FULLTEXT01.pdf#page=187,,,,173-190,"Educational Leadership, Teacher Leadership, Middle Leadership, AI Leadership, Virtual Communities",Cited by 5,Norma Ghamrawi,,,School leadership 4.0: Are we ready?,,,,https://scholar.google.com/citations?view_op=view_citation&hl=en&user=7hxvujcAAAAJ&cstart=20&pagesize=80&citation_for_view=7hxvujcAAAAJ:O3NaXMp0MMsC,,Springer Nature Switzerland,"Norma Ghamrawi, Tarek Shal, Najah AR Ghamrawi","This study explores the relevance of Leadership 4.0 in the context of Education 4.0 for school leaders. By investigating school leaders’ knowledge and perceptions of Education 4.0, the study provides insights into their understanding and preparedness for this transformative shift. Four focus group interviews were conducted with 16 school principals from 8 countries after a webinar on Education 4.0. The findings indicate that school leaders had limited prior knowledge but were familiar with related terms. Concerns include potential impacts on physical schooling, teacher and student well-being, and educational inequalities. Despite concerns, school leaders recognized the benefits of Education 4.0, emphasizing the importance of empowering themselves and teachers with various leadership skills. Agile leadership emerged as crucial for guiding Education 4.0, focusing on crisis management, planned professional …",educational leadership,0.409
,,"Differentiated education supervision Approaches in schools through the lens of teachers
N Ghamrawi, N Ghamrawi, T Shal - International Journal for Innovation Education and …, 2019
Cited by 5 Related articles All 2 versions",2019,7.0,https://www.academia.edu/download/71158013/40_Differentiated_Supervision_of_Instruction.pdf,,,,1341-1357,"Educational Leadership, Teacher Leadership, Middle Leadership, AI Leadership, Virtual Communities",Cited by 5,Norma Ghamrawi,,,Differentiated Education Supervision Approaches in Schools through the Lens of Teachers,,International Journal for Innovation Education and Research,,https://scholar.google.com/citations?view_op=view_citation&hl=en&user=7hxvujcAAAAJ&cstart=20&pagesize=80&citation_for_view=7hxvujcAAAAJ:L8Ckcad2t8MC,11.0,International Educative Research Foundation and Publisher,"Norma Ghamrawi, Najah Ghamrawi, Tarek Shal","The purpose of this study was to examine the predominant approaches of education supervision in a randomly selected sample of schools in Beirut, Lebanon according to Glickman et al.’s (1998) differentiated model. For this purpose, 290 teachers (N1= 290) from 29 non-free private schools in Beirut (N2= 29) completed a survey. Data was analyzed using SPSS 21.0 for windows. Results indicated that:(1) teachers were not satisfied in schools with the education supervision behaviors in their schools;(2) the predominant approaches of education supervision were directive control, followed by directive informational, collaborative and least were non-directive behaviors; and (3) supervisory approaches were not differentiated in schools. Implications and limitations of the study and suggested.",educational leadership,0.2
,,"Cyberbullying in schools: a new technique for an old practice! Leadership awareness versus school reality
N Ghamrawi, K Al-Jammal - Global Advanced Research Journal of Educational …, 2013
Cited by 5 Related articles All 3 versions",2013,2.0,https://www.academia.edu/download/32679719/Cyberbullying-_Final_Paper.pdf,,,,246-253,"Educational Leadership, Teacher Leadership, Middle Leadership, AI Leadership, Virtual Communities",Cited by 5,Norma Ghamrawi,,,Cyberbullying in schools: a new technique for an old practice! Leadership awareness versus school reality,,Global Advanced Research Journal of Educational Research and Review,,https://scholar.google.com/citations?view_op=view_citation&hl=en&user=7hxvujcAAAAJ&cstart=20&pagesize=80&citation_for_view=7hxvujcAAAAJ:M3ejUd6NZC8C,12.0,,"Norma Ghamrawi, Khalil Al-Jammal","Cyberbullying describes forms of bullying using the technology. With the increased spread and usage of technology, cyber bullying has become prevalent in schools. The purpose of this study was to examine the degree private school principals in Beirut were aware of and responsive to the concept of cyber bullying. Parallel to this, the study surveyed randomly selected Grade 10 students to investigate if they were being involved in cyberbullying as a bully, bullied or bystanders. 50 private schools participated in the study, whereby 50 principals and 260 students completed relevant surveys. Data was analyzed using SPSS 21.0 for windows. Results indicate that cyber bullying knowledge of school principals was limited and so was their awareness of the notch to which it was taking place in their schools. Student results indicate that cyberbullying was widespread in investigated schools. Recommendations for both policy and practice are suggested as well as future research.",ai leadership,0.404
,,"Teaching-learning-technology (TLT): A new formula for school enhancement
N Ghamrawi - International Journal of Excellence in Education, 2010
Cited by 5 Related articles",2010,3.0,https://www.academia.edu/download/32277332/HBMeU-_ICT_paper-_TLT.pdf,,,,1-14,"Educational Leadership, Teacher Leadership, Middle Leadership, AI Leadership, Virtual Communities",Cited by 5,Norma Ghamrawi,,,Teaching-learning-technology (TLT): A new formula for school enhancement,,International Journal of Excellence in Education,,https://scholar.google.com/citations?view_op=view_citation&hl=en&user=7hxvujcAAAAJ&cstart=20&pagesize=80&citation_for_view=7hxvujcAAAAJ:5nxA0vEk-isC,,,Norma Ghamrawi,"Teaching is changing and, in many ways, is becoming a more difficult job because of the increasingly numerous expectations that were never part of what to expect from schooling. Among such expectations come high-level skills such as how to access, evaluate, analyze, and synthesize vast quantities of information as we are living in an age of information explosion whereby the amount of knowledge produced during one year is seemingly huge. Evidence indicates that when used effectively,"" technology applications can support higher-order thinking by engaging students in authentic, complex tasks within collaborative learning contexts""(Means et al., 1993). Instead of focusing on isolated, skills-based uses of technology, schools should promote the use of various technologies for sophisticated problem-solving and information-retrieving purposes (Means & Olson, 1995). In addition, technology has become accessible almost to every student outside the school; from mobiles to PCs and laptops, etc... This puts technology at the heart of any educational reform not only because it is available to students both inside and outside the school, but also because it is familiar and liked by them. The purpose of this paper is to (a) highlight the role of technology in shaping future schools,(b) analyze student gains from the use of technology in schools, and (c) suggest means for linking student learning in and out of the school by the use of technology.",educational leadership,0.203
,,"Academic middle leadership: An exploration of Arab women's professional identities in higher education
N Ghamrawi, NAR Ghamrawi, A Alshaer - Management in Education, 2024
Cited by 4 Related articles",2024,,,,,,08920206241234769,"Educational Leadership, Teacher Leadership, Middle Leadership, AI Leadership, Virtual Communities",Cited by 4,Norma Ghamrawi,,,Academic middle leadership: An exploration of Arab women's professional identities in higher education,,Management in Education,,https://scholar.google.com/citations?view_op=view_citation&hl=en&user=7hxvujcAAAAJ&cstart=20&pagesize=80&citation_for_view=7hxvujcAAAAJ:RYcK_YlVTxYC,,SAGE Publications,"Norma Ghamrawi, Najah AR Ghamrawi, Ayat Alshaer","This study explored the professional identities of four Arab women holding academic middle leadership roles in higher education within the Arab States Region. Employing a narrative inquiry approach and guided by the Dynamic Systems Model of Role Identity, the research investigates how these women leaders perceived their career trajectories and navigated their role identities. The study sheds light on the multifaceted nature of their identity negotiations, influenced by a complex interplay of circumstances, social processes, critical incidents, key individuals, and opportunities. Notably, the study brings attention to the pervasive challenges faced by these women, not only externally but also from internalized biases ingrained within the system, perpetuated even by fellow women. The intricacies of these identity negotiations are further contextualized within micro-political processes and the inherent asymmetrical …",middle leadership,0.609
,,"Mobile learning for differentiated school leadership development
T Shal, N Ghamrawi, N Ghamrawi - Journal of Pedagogical Sociology and Psychology, 2019
Cited by 4 Related articles All 3 versions",2019,1.0,https://www.j-psp.com/download/mobile-learning-for-differentiated-school-leadership-development-6424.pdf,,,,90-102,"Educational Leadership, Teacher Leadership, Middle Leadership, AI Leadership, Virtual Communities",Cited by 4,Norma Ghamrawi,,,Mobile Learning for Differentiated School Leadership Development,,Journal of Pedagogical Sociology and Psychology,,https://scholar.google.com/citations?view_op=view_citation&hl=en&user=7hxvujcAAAAJ&cstart=20&pagesize=80&citation_for_view=7hxvujcAAAAJ:mB3voiENLucC,2.0,,"Tarek Shal, Norma Ghamrawi, Najah Ghamrawi","Drawing upon empirical data, this article explores the potentials of an optimized social media tool in supporting differentiated leadership development of school principals. This is a case study that involved 48 school principals: 24 from public schools and 24 from private schools; following surveying of 649 principals from both sectors in Lebanon. The study was addressed using qualitative telephone interviewing which followed the participation of a purposeful sample in using a Mobile Application named SkooLead developed by the researcher. SkooLead aimed at responding and catering for all the obstacles cited by school principals as hindering them from using Web 2.0 for personalized learning. As such, SkooLead offered a presumably optimized medium for personalized differentiated leadership development by school principals. Data was treated using theme-based analysis. The case study offered promising findings as to the potential of such tools, under optimum conditions, in nourishing differentiated leadership development by school principals.",ai leadership,0.404
,,"Student leadership through the lens of Lebanese public school students
NAR Ghamrawi, N Ghamrawi, T Shal - Open Journal of Leadership, 2018
Cited by 4 Related articles All 6 versions",2018/3/14,7.0,https://www.scirp.org/html/3-2330144_82987.htm,,,,33,"Educational Leadership, Teacher Leadership, Middle Leadership, AI Leadership, Virtual Communities",Cited by 4,Norma Ghamrawi,,,Student leadership through the lens of Lebanese public school students,,Open Journal of Leadership,,https://scholar.google.com/citations?view_op=view_citation&hl=en&user=7hxvujcAAAAJ&cstart=20&pagesize=80&citation_for_view=7hxvujcAAAAJ:9ZlFYXVOiuMC,1.0,Scientific Research Publishing,"Najah AR Ghamrawi, Norma Ghamrawi, Tarek Shal","This study investigated the perceptions of students regarding the concept of student leadership within the Lebanese school context. The study surveyed 410 high school students from 4 public schools in Beirut, Lebanon. Data was collected via a survey consisting of 20 items developed and adapted from the LPI survey of Kouzes & Posner (2014). It addresses students’ perception of leadership around 5 areas: 1) modeling the way; 2) inspiring a shared vision; 3) challenging the process; 4) enabling others to act; and 5) encouraging the heart. In addition, a focus group interview was conducted with 8 students, two from each surveyed school. The interview focused on collecting deep empathetic qualitative data about how the realization of student leadership in their schools would impact on them. Quantitative data was analyzed using SPSS 21.0 for windows, while qualitative data was analyzed thematically. Results indicated that students recognized strengths and weaknesses of student leadership and that if well established, students would be more inclined to learn in their schools.",teacher leadership,0.404
,,"Let us teach them the way they learn: A vision on using social networking and mobiles in teaching and learning
N Ghamrawi, T Shal - Educational Research, 2012
Cited by 4 Related articles",2012,3.0,,,,,921-926,"Educational Leadership, Teacher Leadership, Middle Leadership, AI Leadership, Virtual Communities",Cited by 4,Norma Ghamrawi,,,Let us teach them the way they learn: A vision on using social networking and mobiles in teaching and learning,,Educational Research,,https://scholar.google.com/citations?view_op=view_citation&hl=en&user=7hxvujcAAAAJ&cstart=20&pagesize=80&citation_for_view=7hxvujcAAAAJ:ufrVoPGSRksC,12.0,,"N Ghamrawi, T Shal",,teacher leadership,0.2
,Proceedings of the fifth congress of the European society for research in mathematics education,"Comparison of mathematization in microcomputer based laboratory (MBL) and verification-type laboratory (VTL) in physics
M Jurdak, S BouJaoude, N Ghumrawi - Proceedings of the fifth congress of the European …, 2007
Cited by 4 Related articles All 2 versions",2007,,http://www.erme.tu-dortmund.de/~erme/CERME5b/WG13.pdf#page=78,,,,2110-2119,"Educational Leadership, Teacher Leadership, Middle Leadership, AI Leadership, Virtual Communities",Cited by 4,Norma Ghamrawi,,,Comparison of mathematization in microcomputer based laboratory (MBL) and verification-type laboratory (VTL) in physics,,,,https://scholar.google.com/citations?view_op=view_citation&hl=en&user=7hxvujcAAAAJ&cstart=20&pagesize=80&citation_for_view=7hxvujcAAAAJ:J_g5lzvAfSwC,,,"Jurdak Murad, Boujaoude Saouma, Norma Ghumrawi","This study addresses the question of whether and how the MBL features enhance mathematization in physics laboratory classes. For this purpose, two laboratory sessions on Hooke’s Law and Newton’s Second Law of Motion were conducted twice by the same physics teacher in two different grade 11 classes in the same school. The first time MBL was employed and the mathematics teacher of this grade participated in the two sessions. However, the second time the two laboratory sessions were of the verification type and were conducted in the absence of the mathematics teacher. Results show that MBL has a potential to promote mathematization in favourable instructional environments in physics laboratory classes.",teacher leadership,0.206
,,"Illuminating the obscure: Teacher leaders confronting the adverse impact of their subject leaders/coordinators
N Ghamrawi, A Abu-Tineh, T Shal, YM Al-Shaboul… - The Educational Forum, 2025
Cited by 3 Related articles All 5 versions",2025/1/2,89.0,,,,,113-129,"Educational Leadership, Teacher Leadership, Middle Leadership, AI Leadership, Virtual Communities",Cited by 3,Norma Ghamrawi,,,Illuminating the obscure: Teacher leaders confronting the adverse impact of their subject leaders/coordinators,,The Educational Forum,,https://scholar.google.com/citations?view_op=view_citation&hl=en&user=7hxvujcAAAAJ&cstart=20&pagesize=80&citation_for_view=7hxvujcAAAAJ:NaGl4SEjCO4C,1.0,Routledge,"Norma Ghamrawi, Abdullah Abu-Tineh, Tarek Shal, Yousef M Al-Shaboul, Abdellatif Sellami","This phenomenological inquiry investigated the often-overlooked negative aspects of subject leaders’/coordinators’ influence on teacher leadership development, utilizing semi-structured interviews with 11 teachers who relinquished leadership roles due to these reasons. Findings suggest that subject leaders/coordinators impede teacher leadership when they adopt a top-down approach instead of fostering close collaboration with their fellow teachers. This hindrance may manifest through micromanagement, favoritism, a lack of integrity, insufficient recognition, disregard for teacher expertise, and subpar communication.",teacher leadership,0.611
,,"Does Accreditation Lead to School Improvement? Perceptions of Educators in K-12 Settings
T Shal, N Ghamrawi, NAR Ghamrawi - SAGE Open, 2024
Cited by 3 Related articles All 5 versions",2024/9,14.0,https://journals.sagepub.com/doi/pdf/10.1177/21582440241281222,,,,21582440241281222,"Educational Leadership, Teacher Leadership, Middle Leadership, AI Leadership, Virtual Communities",Cited by 3,Norma Ghamrawi,,,Does Accreditation Lead to School Improvement? Perceptions of Educators in K-12 Settings,,SAGE Open,,https://scholar.google.com/citations?view_op=view_citation&hl=en&user=7hxvujcAAAAJ&cstart=20&pagesize=80&citation_for_view=7hxvujcAAAAJ:SeFeTyx0c_EC,3.0,SAGE Publications,"Tarek Shal, Norma Ghamrawi, Najah AR Ghamrawi","Accreditation has witnessed a surge in popularity within K-12 settings, being perceived as a pathway to excellence and a testament to the pursuit of quality education. This study explored the perceptions of 423 educators (teachers, subject coordinators, and school leaders) from 10 Arab Sates focusing on the value of accreditation and its impact on school improvement, through their lenses. A survey with an open-ended question, was used to collect data. Quantitative data underwent statistical analysis using SPSS 25.0, while qualitative data from the open-ended question were analyzed using theme-based analysis. Findings reveal that participants expressed positive views toward accreditation, recognizing its role in ensuring compliance with standards related to safety, resource allocation, and infrastructure provisions. However, participants, particularly teachers, displayed more reserved perspectives on …",educational leadership,0.4
,,"Distance education challenges: insight from a nationwide teacher-centric study post-COVID-19 for informed advancements
Y Alshaboul, M Alazaizeh, A Abu-Tineh, N Ghamrawi… - Frontiers in Education, 2024
Cited by 3 Related articles All 2 versions",2024/6/14,9.0,https://www.frontiersin.org/articles/10.3389/feduc.2024.1374641/pdf,,,,1374641,"Educational Leadership, Teacher Leadership, Middle Leadership, AI Leadership, Virtual Communities",Cited by 3,Norma Ghamrawi,,,Distance education challenges: insight from a nationwide teacher-centric study post-COVID-19 for informed advancements,,Frontiers in Education,,https://scholar.google.com/citations?view_op=view_citation&hl=en&user=7hxvujcAAAAJ&cstart=20&pagesize=80&citation_for_view=7hxvujcAAAAJ:ldfaerwXgEUC,,Frontiers Media SA,"Yousef Alshaboul, Manar Alazaizeh, Abdullah Abu-Tineh, Norma Ghamrawi, Tarek Shal","Scholars persistently explore the enormous effects of the COVID-19 epidemic on schooling, striving to comprehend its intricacies and derive significant perspectives for forthcoming endeavors. The research-based conclusions and suggestions are deemed potentially effective in closing the gap between theory and practice in literature. This is one of the few studies that connects problems with remedies as proposed by teachers. This national teacher-centric study uses a mixed-method methodology with a random sample of teachers from public and private schools in the State of Qatar to look extensively into the problems faced during the pandemic. In the sample, there were 45 instructors who participated in semi-structured online interviews and 1,553 teachers who answered an online questionnaire. The study points out a number of issues, such as teachers’ deficiency in pedagogical competencies, sophisticated technological proficiency in the classroom, curriculum density, inadequate teaching strategies, challenges with determining students’ needs and obtaining an honest and realistic assessment that accurately represents the students’ level of learning, and the lack of extracurricular activities. According to the findings, the challenges were influenced by a number of factors, including year of experience, gender, age, specialization, education level, and extracurricular activities. We need to leverage the lessons learned to shape the future course that distance education takes to move forward, guided by our observations and insights.",teacher leadership,0.203
,,"Education inequality revisited through the lived experiences of parents during virtual learning
N Ghamrawi, T Shal, I Machmouchi, N Ghamrawi - Advances in Social Sciences Research Journal, 2020
Cited by 3 Related articles All 2 versions",2020,7.0,https://www.academia.edu/download/71158060/41_Education_Inequality_Virtual_Learning_Ghamrawi_et_al..pdf,,,,416-433,"Educational Leadership, Teacher Leadership, Middle Leadership, AI Leadership, Virtual Communities",Cited by 3,Norma Ghamrawi,,,Education Inequality Revisited Through the Lived Experiences of Parents During Virtual Learning,,Advances in Social Sciences Research Journal,,https://scholar.google.com/citations?view_op=view_citation&hl=en&user=7hxvujcAAAAJ&cstart=20&pagesize=80&citation_for_view=7hxvujcAAAAJ:hFOr9nPyWt4C,11.0,Society for Science and Education,"Tarek Shal, Norma Ghamrawi, Ikram Machmouchi, Najah Ghamrawi","The purpose of this study was to investigate the lived experiences of parents who providing support for their children during virtual learning to better understand whether virtual learning was potentially exacerbating or soothing access of children of various socio-economic statuses to education. For this purpose, an online survey was passed into all e-channels of parents of children enrolled in primary schools accessible by the researchers. A total of 87 respondents constituted the research sample. Quantitative data was analyzed using SPSS 21.0 for windows, while qualitative data was analyzed using thematic analysis. Post to this, 3 e-focus group interviews were held with a total of 18 parents who volunteered to participate to better understand their view points. Findings show that parents are highly frustrated in relation to virtual schooling offered to their children. The underlying reasons for such exasperation have been attributed to the time that it requires them to put into their children learning; the money they needed to spend on technology; the lack of proficiency they suffered from using digital technologies; the preparedness of their children’s teachers in terms of using technologies; the competency of their children using digital technologies; and the internet connectivity in the country. It can be therefore concluded that student access to education in light of Covid-19 is getting more linked to higher levels of socio-economic statuses thus advancing education inequality even more.",virtual communities,0.203
,,"Educational Leadership in the Age of Artificial Intelligence: Are We Ready?
N Ghamrawi - المؤتمر العلمي الدولي السنوي:(رؤى وأفكار لقضايا ساخنة …, 2024
Cited by 2 Related articles All 2 versions",2024/4/29,,https://jaesjo.com/index.php/conf/article/download/732/621,,,,18-41,"Educational Leadership, Teacher Leadership, Middle Leadership, AI Leadership, Virtual Communities",Cited by 2,Norma Ghamrawi,,,Educational Leadership in the Age of Artificial Intelligence: Are We Ready?,,المؤتمر العلمي الدولي السنوي:(رؤى وأفكار لقضايا ساخنة في التعليم (العام والعالي),,https://scholar.google.com/citations?view_op=view_citation&hl=en&user=7hxvujcAAAAJ&cstart=20&pagesize=80&citation_for_view=7hxvujcAAAAJ:70eg2SAEIzsC,,,Norma Ghamrawi,"This qualitative study investigated school leaders' preparedness to lead in an era dominated by artificial intelligence (AI), examining their perspectives. To accomplish this, 24 school leaders from eight Arab States participated in six focus group interviews following a webinar on AI conducted by the researcher. During the interviews, participants assessed their own understanding of AI, shared their personal perceptions, and identified the skill set required to navigate successfully through the evolving landscape of AI. Thematic analysis was employed to analyze the data, and it was facilitated by NVivo 12 qualitative research software. Findings reveal that school leaders' self-evaluations indicated insufficient knowledge about AI and its applications in education. Furthermore, leaders expressed a range of both positive and negative views on its implementation in schools, transitioning from considering it an educational savior to fearing it might negate the current role of schools. Ultimately, school leaders proposed a spectrum of leadership skills necessary for effective leadership in this new era, including digital, transformational, agile, wellbeing, distributed, and ethical leadership.",educational leadership,0.607
,,"Ict-assisted career guidance: a case study in a public schools in beirut, lebanon
N Ghamrawi, NAR Ghamrawi, T Shal - British Journal of Education, 2016
Cited by 2 Related articles All 2 versions",2016/1,4.0,https://www.academia.edu/download/50955475/ICT-Assisted-Career-Guidance-A-Case-Study-in-a-Public-Schools-in-Beirut-Lebanon.pdf,,,,77-95,"Educational Leadership, Teacher Leadership, Middle Leadership, AI Leadership, Virtual Communities",Cited by 2,Norma Ghamrawi,,,"Ict-assisted career guidance: a case study in a public schools in beirut, lebanon",,British Journal of Education,,https://scholar.google.com/citations?view_op=view_citation&hl=en&user=7hxvujcAAAAJ&cstart=20&pagesize=80&citation_for_view=7hxvujcAAAAJ:dhFuZR0502QC,1.0,,"Norma Ghamrawi, Najah AR Ghamrawi, Tarek Shal","This study investigated the impact of using ICT in delivering a career guidance program in one public high school in Beirut, Lebanon. The sample consisted of Grade 11 students (N= 106) from all sections of this grade level. Students at this school often received the same career guidance program consisting of 14 hours during their tenth grade and then their eleventh grade. The ICT-assisted career guidance intervention program was conducted after students covered 6 hours of their regular career guidance program during their eleventh grade and it extended over 6 hours itself. Pre-and post-tests were administered to students and data was analyzed using SPSS 21.0 for windows. An independent sample t-test was carried to compare the means showing significant impact of the ICT-assisted intervention program on students. Limitations and recommendations are provided at the end of the study.",Unclassified,0.0
,,"Between Lebanon and UAE: Principals’ usage of social media what, where, when and why
K Al-Jammal, N Ghamrawi - Educational Research, 2013
Cited by 2 Related articles All 3 versions",2013/12,4.0,https://www.researchgate.net/profile/Khalil-Al-Jammal/publication/287996412_Between_Lebanon_and_UAE_principals'_usage_of_social_media_what_where_when_and_why/links/567c0a4f08ae19758384610a/Between-Lebanon-and-UAE-principals-usage-of-social-media-what-where-when-and-why.pdf,,,,748-767,"Educational Leadership, Teacher Leadership, Middle Leadership, AI Leadership, Virtual Communities",Cited by 2,Norma Ghamrawi,,,"Between Lebanon and UAE: Principals’ usage of social media what, where, when and why",,Educational Research,,https://scholar.google.com/citations?view_op=view_citation&hl=en&user=7hxvujcAAAAJ&cstart=20&pagesize=80&citation_for_view=7hxvujcAAAAJ:YOwf2qJgpHMC,11.0,,"Khalil Al-Jammal, Norma Ghamrawi","The purpose of this study was the degree private school leaders from Lebanon and the UAE were using social media in their schools. The study addresses the frequency school leaders used social media sites, purposes for using and the problems they encountered while using it. 150 school principals from each country participated by completing a survey. Data was analyzed using SPSS 21.0. Results indicate that the usage of social media by principals from both countries was limited. However, the Lebanese image was even darker than that of their UAE counterparts. The study provides recommendations for practice and future research.",teacher leadership,0.4
,,"The Relationship between the Leadership Styles of Lebanese Public School Principals and Their Attitudes towards ICT versus the Level of ICT Use by Their Teachers
M Moore, G Kearsley - Norma Ghamrawi, 1996
Cited by 2 Related articles",1996,,,,,,,"Educational Leadership, Teacher Leadership, Middle Leadership, AI Leadership, Virtual Communities",Cited by 2,Norma Ghamrawi,,,The Relationship between the Leadership Styles of Lebanese Public School Principals and Their Attitudes towards ICT versus the Level of ICT Use by Their Teachers,,Norma Ghamrawi,,https://scholar.google.com/citations?view_op=view_citation&hl=en&user=7hxvujcAAAAJ&cstart=20&pagesize=80&citation_for_view=7hxvujcAAAAJ:zA6iFVUQeVQC,,,"M Moore, G Kearsley",,teacher leadership,0.419
,,"Sense-making and middle leaders: Analyzing perceptions of role in the development of teacher leadership
RK Abu-Shawish, N Ghamrawi - Management in Education, 2025
Cited by 1 Related articles",2025,,,,,,,"Educational Leadership, Teacher Leadership, Middle Leadership, AI Leadership, Virtual Communities",Cited by 1,Norma Ghamrawi,,,Sense-making and middle leaders: Analyzing perceptions of role in the development of teacher leadership,,Management in Education,,https://scholar.google.com/citations?view_op=view_citation&hl=en&user=7hxvujcAAAAJ&cstart=20&pagesize=80&citation_for_view=7hxvujcAAAAJ:ZHo1McVdvXMC,,Sage,"Reem Abu-Shawish, Norma Ghamrawi","Middle leaders (MLs) often face the challenge of fostering teacher leadership (TL) amid complex dynamics of power and role expectations. This study aims to examine how MLs in private schools in the Arab States Region navigate sense-making processes to promote TL within their contexts. Drawing on qualitative case studies and interviews, data reveal a complex discourse on TL that exposes tensions between formal roles and more inclusive, informal leadership positions. Findings indicate that MLs perceive TL development as dependent on both individual and collaborative efforts, carefully balancing centralized and distributed leadership approaches. Influenced by senior leadership and teacher agency, MLs demonstrate a critical awareness of micro-politics, particularly in managing informal power dynamics. The study highlights practical implications for school leadership, suggesting that addressing these …",teacher leadership,0.608
,,"Department heads’ professional agency: investigating self-perceptions and deans’ perspectives through vignette-based analysis
N Ghamrawi, T Shal, NAR Ghamrawi - Studies in Higher Education, 2024
Cited by 1 Related articles",2024,,,,,,1-19,"Educational Leadership, Teacher Leadership, Middle Leadership, AI Leadership, Virtual Communities",Cited by 1,Norma Ghamrawi,,,Department heads’ professional agency: investigating self-perceptions and deans’ perspectives through vignette-based analysis,,Studies in Higher Education,,https://scholar.google.com/citations?view_op=view_citation&hl=en&user=7hxvujcAAAAJ&cstart=20&pagesize=80&citation_for_view=7hxvujcAAAAJ:HoB7MX3m0LUC,,Taylor and Francis,"Norma Ghamrawi, Tarek Shal, Najah Ghamrawi, A.R.","This study explored department heads’ professional agency as perceived by heads of departments (HoDs) themselves as well as their Deans following a vignette-based inquiry approach. Data were collected through interviews with one dean and two to three HoDs in six colleges of one university in Beirut, Lebanon. Data was analyzed using theme-based analysis. The findings suggest a dichotomy between the perceptions of HoDs and Deans regarding professional agency within the higher education context. However, a deep analysis of findings suggest a justification for this divide. In fact, while HoDs expressed a bleak perspective pertaining to their autonomy, describing their professional agency to be restricted by Deans’ micro-management, chaos, passiveness, barrier-creation, and decision-dancing; Deans thought they were engaging and supporting HoDs, provided that they remained compliant with university …",educational leadership,0.2
,,"Provision of Student Leadership: An Evaluation of theCase of Lebanese Private Schools*
K Al-Jammal, N Ghamrawi
Cited by 1 Related articles All 4 versions",2015,1.0,,,,,1-25,"Educational Leadership, Teacher Leadership, Middle Leadership, AI Leadership, Virtual Communities",Cited by 1,Norma Ghamrawi,,,Provision of Student Leadership: An Evaluation of theCase of Lebanese Private Schools,,International Journal of Social Science and Economics Invention (IJSSEI),,https://scholar.google.com/citations?view_op=view_citation&hl=en&user=7hxvujcAAAAJ&cstart=20&pagesize=80&citation_for_view=7hxvujcAAAAJ:MXK_kJrjxJIC,2.0,,"Khalil Al-Jammal, Norma Ghamrawi",,ai leadership,0.436
,,"School meetings: Bliss or curse! Meetings management skills in Lebanese private schools
K Al-Jammal, N Ghamrawi - Educational Research (ISSN: 2141-5161), 2013
Cited by 1 Related articles All 3 versions",2013/9,4.0,https://www.academia.edu/download/33490320/Meeting_Management_Official_Jammal_Ghamrawi.pdf,,,,659-673,"Educational Leadership, Teacher Leadership, Middle Leadership, AI Leadership, Virtual Communities",Cited by 1,Norma Ghamrawi,,,School meetings: Bliss or curse! Meetings management skills in Lebanese private schools,,Educational Research (ISSN: 2141-5161),,https://scholar.google.com/citations?view_op=view_citation&hl=en&user=7hxvujcAAAAJ&cstart=20&pagesize=80&citation_for_view=7hxvujcAAAAJ:qxL8FJ1GzNcC,9.0,,"Khalil Al-Jammal, Norma Ghamrawi","This study is a quantitative study that addressed meeting management in Lebanese private schools context. 587 teachers from in 118 private schools in Beirut, Lebanon responded to a survey in which data was elicited from them regarding how staff meetings were conducted in their schools along with their personal evaluation of such meetings and what they considered as main obstacles confronting the optimal conduction of meetings. This was made against an extensive review of the literature of meetings management. Data was analyzed using SPSS 18.0 for windows. Results indicated that meetings were poorly managed according to the international literature of meetings management. In addition, the majority of participating teachers considered staff meetings to be useless and provided possible reasons for that. Limitations of the study and recommendations for both research and practice are provided.",teacher leadership,0.2
,,,2025/3/24,14.0,,,,,549-566,"Educational Leadership, Teacher Leadership, Middle Leadership, AI Leadership, Virtual Communities",,Norma Ghamrawi,,,A Step-by-Step Approach to Systematic Reviews in Educational Research,,European Journal of Educational Research,,https://scholar.google.com/citations?view_op=view_citation&hl=en&user=7hxvujcAAAAJ&cstart=20&pagesize=80&citation_for_view=7hxvujcAAAAJ:dfsIfKJdRG4C,2.0,Eurasian Society of Educational Research,"Norma Ghamrawi, Tarek Shal, Najah Ghamrawi, A.R., Abdullah Abu-Tineh, Yousef Alshaboul, Manar Alazaizeh",,educational leadership,0.236
,,"Distributed Leadership in the Context of Health Education: A Case Study in One Private Free School in Beirut, Lebanon
N Ghamrawi, S El-Khatib - International Journal of Research in Economics and …, 2019
Related articles All 2 versions",2019/8,9.0,https://www.academia.edu/download/63774626/1ESS-Distributed_Leadership-6905aug-1920200629-18437-wbrxjw.pdf,,,,,"Educational Leadership, Teacher Leadership, Middle Leadership, AI Leadership, Virtual Communities",,Norma Ghamrawi,,,"Distributed Leadership in the Context of Health Education: A Case Study in One Private Free School in Beirut, Lebanon",,International Journal of Research in Economics and Social Sciences (IJRESS),,https://scholar.google.com/citations?view_op=view_citation&hl=en&user=7hxvujcAAAAJ&cstart=20&pagesize=80&citation_for_view=7hxvujcAAAAJ:QIV2ME_5wuYC,8.0,,"Norma Ghamrawi, Shaymaa El-Khatib","The purpose of this study was to improve students’ health awareness within a private-free school in Beirut, Lebanon through incorporating distributed leadership practices in the school health council. The study focused on “smoking and drug abuse” topic among the school health education topics. The study employed the action research methodology combining quantitative and qualitative research methods. Quantitative data was derived from inquiry data using closed-ended questions of three questionnaires completed by 237 students and 33 teachers. Qualitative data was derived from artifacts, observation and inquiry data using school documents, journals, field notes, semi-structured interviews, conferencing and open-ended questions of the questionnaires. Quantitative data was analyzed using SPSS 16.0 while qualitative data was treated thematically. Findings indicated that implementing distributed leadership practices among school health council members at the researched school increased students’ health education about smoking and drug dangers, where an improvement in students’ knowledge and perceptions was noted.",educational leadership,0.404
,,,2019,9.0,,,,,9-19,"Educational Leadership, Teacher Leadership, Middle Leadership, AI Leadership, Virtual Communities",,Norma Ghamrawi,,,"Profiling Student Leadership in Lebanese Public Secondary Schools: Perspectives of Principals, Teachers and Students",,International Journal of Education and applied research,,https://scholar.google.com/citations?view_op=view_citation&hl=en&user=7hxvujcAAAAJ&cstart=20&pagesize=80&citation_for_view=7hxvujcAAAAJ:R3hNpaxXUhUC,1.0,,,,teacher leadership,0.427
,,,2019,9.0,,,,,1-11,"Educational Leadership, Teacher Leadership, Middle Leadership, AI Leadership, Virtual Communities",,Norma Ghamrawi,,,Data-Driven Schools: Are we there? The Case of Lebanese Private Schools,,International Journal of Research in Economics and Social Sciences (IJRESS),,https://scholar.google.com/citations?view_op=view_citation&hl=en&user=7hxvujcAAAAJ&cstart=20&pagesize=80&citation_for_view=7hxvujcAAAAJ:TQgYirikUcIC,9.0,Euro Asia Publication,"Tarek Shal, Norma Ghamrawi, Layal Abou Mrad",,Unclassified,0.0
,,"Rejunevating Teacher Leadership Capacity through an in-service Training Program Focusing on Active Learning: A Case Study
N Ghamrawi, N Al-Hassan - International Journal of Sciences, 2019
Related articles All 4 versions",2019,8.0,https://www.academia.edu/download/71157673/38_Teacher_Leadership_through_Active_Learning_Training_Program_with_Noha.pdf,,,,32-50,"Educational Leadership, Teacher Leadership, Middle Leadership, AI Leadership, Virtual Communities",,Norma Ghamrawi,,,Rejunevating Teacher Leadership Capacity through an in-service Training Program Focusing on Active Learning: A Case Study,,International Journal of Sciences,,https://scholar.google.com/citations?view_op=view_citation&hl=en&user=7hxvujcAAAAJ&cstart=20&pagesize=80&citation_for_view=7hxvujcAAAAJ:HDshCWvjkbEC,10.0,,"Norma Ghamrawi, Noha AlHassan","This study investigated the impact of an intervention program on developing teacher leadership skills by developing teachers’ capacities on shifting classrooms from teacher-centered to student-centered learning environments. Findings of this paper are part of a larger study that employed the action research methodology, and was carried out over the course of one academic year in a K-12 private school in Mount Lebanon. The sample involved 15 teachers and data was collected through (1) a classroom observation tool; and (2) a teacher leadership survey. Data collection instruments were administered before and after the intervention program that aimed at leveraging the repertoire of classroom practices into student-centered learning environments. Microsoft Excel was employed to calculate descriptive statisctics. Results showed that the intervention had a slight, yet appreciable impact on the teaching-learning environment; and supported the development of teacher leadership skills.",teacher leadership,0.608
,,,2015,1.0,,,,,1-25,"Educational Leadership, Teacher Leadership, Middle Leadership, AI Leadership, Virtual Communities",,Norma Ghamrawi,,,Provision of Student Leadership: An Evaluation of theCase of Lebanese Private Schools,,International Journal of Social Science and Economics Invention (IJSSEI),,https://scholar.google.com/citations?view_op=view_citation&hl=en&user=7hxvujcAAAAJ&cstart=20&pagesize=80&citation_for_view=7hxvujcAAAAJ:RHpTSmoSYBkC,2.0,,"Khalil Al-Jammal, Norma Ghamrawi",,ai leadership,0.436
,,"Teaching-Learning-Technology (TLT): A New Formula for School Enhancement\International Journal of Excellence in Education.-2010, Vol. 3, No. 2, Pp. 1-14
N Ghamrawi - 2010
Related articles",2010,,,,,,,"Educational Leadership, Teacher Leadership, Middle Leadership, AI Leadership, Virtual Communities",,Norma Ghamrawi,,,"Teaching-Learning-Technology (TLT): A New Formula for School Enhancement\International Journal of Excellence in Education.-2010, Vol. 3, No. 2, Pp. 1-14",,,,https://scholar.google.com/citations?view_op=view_citation&hl=en&user=7hxvujcAAAAJ&cstart=20&pagesize=80&citation_for_view=7hxvujcAAAAJ:aqlVkmm33-oC,,Hamdan Bin Mohammed e-University,Norma Ghamrawi,,educational leadership,0.2
,,"Investigating teacher leadership in three private K-12 schools in Beirut
N Ghamrawi - 2005
Related articles All 4 versions",2005,,https://figshare.le.ac.uk/articles/thesis/Investigating_teacher_leadership_in_three_private_K-12_schools_in_Beirut/10134488/1/files/18264482.pdf,,,PQDT-UK & Ireland,,"Educational Leadership, Teacher Leadership, Middle Leadership, AI Leadership, Virtual Communities",,Norma Ghamrawi,,,Investigating teacher leadership in three private K-12 schools in Beirut,University of Leicester (United Kingdom),,,https://scholar.google.com/citations?view_op=view_citation&hl=en&user=7hxvujcAAAAJ&cstart=20&pagesize=80&citation_for_view=7hxvujcAAAAJ:Y0pCki6q_DkC,,,Norma Ghamrawi,"This study investigated teacher leadership in three private K-12 schools in Beirut, Lebanon. It attempted to explore this concept as viewed by principals, coordinators and teachers themselves. The second purpose was to examine practices carried by principals and coordinators to check whether such practices promoted teacher leadership in these schools. The third purpose was to explore the images constructed by teachers, coordinators and principals for themselves as leaders. Based on the information found in the literature review, six questions were developed as the basis for research in this study. The research methodology was qualitative interviewing, where fifty-one semi-structured interviews with teachers, coordinators and principals, constituted the base for the data derived for the purpose of this study. NVivo computer software package from QSR International (2002) was employed for the purpose of …",teacher leadership,0.61
,,"Let Us Teach Them the Way They Learn: A Vision on Using Social Networking and Mobiles in Teaching and Learning\International Journal of Excellence in Education.-2012, Vol. 4, No. 3, Pp. 1-14
T Shal, N Ghamrawi - 2000
Related articles",2000,,,,,,,"Educational Leadership, Teacher Leadership, Middle Leadership, AI Leadership, Virtual Communities",,Norma Ghamrawi,,,"Let Us Teach Them the Way They Learn: A Vision on Using Social Networking and Mobiles in Teaching and Learning\International Journal of Excellence in Education.-2012, Vol. 4 …",,,,https://scholar.google.com/citations?view_op=view_citation&hl=en&user=7hxvujcAAAAJ&cstart=20&pagesize=80&citation_for_view=7hxvujcAAAAJ:Zph67rFs4hoC,,Hamdan Bin Mohammed e-University,"Tarek Shal, Norma Ghamrawi",,educational leadership,0.2
,,"European Journal of Educational Research
N Ghamrawi, A Abu-Tineh, MA Alazaizeh - European Journal of Educational Research, 1999
Related articles",1999,14.0,https://www.researchgate.net/profile/Abdullah-Abu-Tineh/publication/390131252_A_Step-by-Step_Approach_to_Systematic_Reviews_in_Educational_Research/links/680caf9edf0e3f544f49d8e6/A-Step-by-Step-Approach-to-Systematic-Reviews-in-Educational-Research.pdf,,,,549-566,"Educational Leadership, Teacher Leadership, Middle Leadership, AI Leadership, Virtual Communities",,Norma Ghamrawi,,,European Journal of Educational Research,,European Journal of Educational Research,,https://scholar.google.com/citations?view_op=view_citation&hl=en&user=7hxvujcAAAAJ&cstart=20&pagesize=80&citation_for_view=7hxvujcAAAAJ:cFHS6HbyZ2cC,2.0,,"Norma Ghamrawi, Abdullah Abu-Tineh, Manar A Alazaizeh","This article provides a comprehensive guide to conducting and documenting systematic reviews (SRs) in educational research. While SRs are increasingly recognized for their value in synthesizing and evaluating literature on specific research questions or topics, there remains a notable scarcity of research-based papers that guide their development within the field of education. Systematic reviews, distinguished from traditional literature reviews by their standardized processes—including systematic searching, selection, and critical appraisal of relevant studies—offer a more accurate and comprehensive understanding of the research landscape by integrating findings from multiple sources. This paper underscores the importance of adhering to established methodologies and guidelines to ensure the quality and reliability of SRs. Essential elements discussed include defining research questions, developing search strategies, applying inclusion and exclusion criteria, and synthesizing results. The paper also highlights the role of frameworks such as the Preferred Reporting Items for Systematic Reviews and Meta-Analyses (PRISMA) in enhancing transparency and methodological rigor. By following this structured approach, researchers can produce systematic reviews that provide valuable insights into educational practices and policies, thereby supporting evidence-based decision-making and advancing the field of education.",educational leadership,0.203
,,"Effective School Leadership Enactment of GAI: A 5 C's Framework for Integration
N Ghamrawi, T Shal, NAR Ghamrawi - Frontiers in Education
Related articles",,10.0,,,,,1561414,"Educational Leadership, Teacher Leadership, Middle Leadership, AI Leadership, Virtual Communities",,Norma Ghamrawi,,,Effective School Leadership Enactment of GAI: A 5 C's Framework for Integration,,Frontiers in Education,,https://scholar.google.com/citations?view_op=view_citation&hl=en&user=7hxvujcAAAAJ&cstart=20&pagesize=80&citation_for_view=7hxvujcAAAAJ:yD5IFk8b50cC,,Frontiers,"Norma Ghamrawi, Tarek Shal, Najah AR Ghamrawi","As Generative Artificial Intelligence (GAI) continues to shape the future of education, effective leadership is essential for its successful integration in schools. This study explores the key leadership traits and practices necessary for school leaders to navigate and implement GAI initiatives. Semi-structured interviews were conducted with 12 school principals across six Arab countries, all of whom have actively integrated GAI within their schools over the past two years.The findings led to the development of a comprehensive 5 C's framework: Catalysts for innovation, Curators of GAI technologies, Champions of its benefits, Cultivators of a culture of experimentation, and Connectors for fostering collaboration. This framework emphasizes the proactive and transformative role of school leaders in driving GAI integration. The implications drawn from these findings underscore that effective leadership in the AI era necessitates …",ai leadership,0.409
