Book,Conference,Scholar articles,Publication date,Volume,PDF Link,Patent office,Report number,Source,Pages,Research Interests,Total citations,Researcher Name,Inventors,Patent number,Title,Institution,Journal,Application number,Scholar Link,Issue,Publisher,Authors,Description,Classified_Topic,Classification_Confidence
,,"Innovations in bonding to zirconia-based materials: Part I
MN Aboushelib, JP Matinlinna, Z Salameh, H Ounsi - Dental Materials, 2008
Cited by 302 Related articles All 13 versions",2008/9/1,24.0,https://www.researchgate.net/profile/Moustafa-Aboushelib/publication/5435870_Innovations_in_bonding_to_zirconia-based_materials_Part_I/links/5a2b085d45851552ae7a869c/Innovations-in-bonding-to-zirconia-based-materials-Part-I.pdf,,,,1268-1272,"dentistry, endodontics, dental materials",Cited by 302,Ounsi H,,,Innovations in bonding to zirconia-based materials: Part I,,Dental Materials,,https://scholar.google.com/citations?view_op=view_citation&hl=en&user=0lfZRAEAAAAJ&citation_for_view=0lfZRAEAAAAJ:3fE2CSJIrl8C,9.0,Elsevier,"Moustafa N Aboushelib, Jukka P Matinlinna, Ziad Salameh, Hani Ounsi","OBJECTIVES
Establishing a reliable bond to zirconia-based materials has proven to be difficult which is the major limitation against fabricating adhesive zirconia restorations. This bond could be improved using novel selective infiltration etching conditioning in combination with engineered zirconia primers. Aim of the work was to evaluate resin-to-zirconia bond strength using selective infiltration etching and novel silane-based zirconia primers.
METHODS
Zirconia discs (Procera Zirconia) received selective infiltration etching surface treatment followed by coating with either of five especially engineered experimental zirconia primers. Pre-aged resin-composite discs (Tetric Ivo Ceram) were bonded to the treated surface using an MDP-containing resin-composite (Panavia F 2.0). The bilayered specimens were cut into microbars and the microtensile bond strength (MTBS) was evaluated. ‘As-sintered’ zirconia discs …",dental materials,0.204
,,"Diagnosis, classification, and frequency of C-shaped canals in mandibular second molars in the Lebanese population
GY Haddad, WB Nehme, HF Ounsi - Journal of endodontics, 1999
Cited by 234 Related articles All 6 versions",1999/4/1,25.0,http://www.bds-clinic.com/Content/uploads/Publications/5641_molars.pdf,,,,268-271,"dentistry, endodontics, dental materials",Cited by 234,Ounsi H,,,"Diagnosis, classification, and frequency of C-shaped canals in mandibular second molars in the Lebanese population",,Journal of endodontics,,https://scholar.google.com/citations?view_op=view_citation&hl=en&user=0lfZRAEAAAAJ&citation_for_view=0lfZRAEAAAAJ:4TOpqqG69KYC,4.0,Elsevier,"Gaby Y Haddad, Walid B Nehme, Hani F Ounsi","C-shaped canals are mostly found in mandibular second molars. Studies have shown that frequency ranges from 2.7 to 31%. This study was undertaken to provide further knowledge of the distribution of such canal anatomy, by determining the frequency of C-shaped canals in a sample representing the Lebanese population. Ninety-four mandibular second molars with scheduled endodontic treatment were examined over a 1-yr period. Of the 94 treated molars, 18 exhibited C-shaped canals that would represent 19.1% of the sample. The geographical position of Lebanon could represent an explanation for this phenomenon.",endodontics,0.4
,,"Fracture resistance and failure patterns of endodontically treated mandibular molars restored using resin composite with or without translucent glass fiber posts
Z Salameh, R Sorrentino, F Papacchini, HF Ounsi… - Journal of endodontics, 2006
Cited by 227 Related articles All 9 versions",2006/8/1,32.0,https://www.rtddental.com/media/files/2006-Salameh-Fracture-Resistance-and-Failure-Modes.pdf,,,,752-755,"dentistry, endodontics, dental materials",Cited by 227,Ounsi H,,,Fracture resistance and failure patterns of endodontically treated mandibular molars restored using resin composite with or without translucent glass fiber posts,,Journal of endodontics,,https://scholar.google.com/citations?view_op=view_citation&hl=en&user=0lfZRAEAAAAJ&citation_for_view=0lfZRAEAAAAJ:UebtZRa9Y70C,8.0,Elsevier,"Ziad Salameh, Roberto Sorrentino, Federica Papacchini, Hani F Ounsi, Esam Tashkandi, Cecilia Goracci, Marco Ferrari","The elastic modulus of the restorative material is important in restoring endodontically treated teeth. This study aimed to compare the fracture resistance and failure patterns of 90 mandibular molars restored using resin composites with or without fiber posts, with respect to the number of residual cavity walls. Five restoration types were performed corresponding to different wall defects (groups 1-5). Groups were divided in two subgroups corresponding to the use or absence of fiber posts. Teeth were loaded and resistance of specimens was measured as the axial compressive load to cause fracture and macroscopic fracture patterns were observed. One way ANOVA revealed a significant difference in fracture resistance (p < 0.001). Tukey post hoc test also revealed significant differences between groups as samples restored with fiber posts exhibited mostly restorable fractures. It was concluded that the resistance of …",endodontics,0.4
,,"Innovations in bonding to zirconia-based materials. Part II: Focusing on chemical interactions
MN Aboushelib, H Mirmohamadi, JP Matinlinna… - Dental Materials, 2009
Cited by 208 Related articles All 12 versions",2009/8/1,25.0,https://www.academia.edu/download/46347839/Innovations_in_bonding_to_zirconia-based20160608-30640-1du0fqv.pdf,,,,989-993,"dentistry, endodontics, dental materials",Cited by 208,Ounsi H,,,Innovations in bonding to zirconia-based materials. Part II: Focusing on chemical interactions,,Dental Materials,,https://scholar.google.com/citations?view_op=view_citation&hl=en&user=0lfZRAEAAAAJ&citation_for_view=0lfZRAEAAAAJ:W7OEmFMy1HYC,8.0,Elsevier,"Moustafa N Aboushelib, Hesam Mirmohamadi, Jukka P Matinlinna, Edwin Kukk, Hani F Ounsi, Ziad Salameh","OBJECTIVES
The zirconia–resin bond strength was enhanced using novel engineered zirconia primers in combination with selective infiltration etching as a surface pre-treatment. The aim of this study was to evaluate the effect of artificial aging on the chemical stability of the established bond and to understand the activation mechanism of the used primers.
METHODS
Selective infiltration etched zirconia discs (Procera; NobelBiocare) were coated with one of four novel engineered zirconia primers containing reactive monomers and were bonded to resin-composite discs (Panavia F2.0). Fourier transform infrared spectroscopy (FT-IR) was carried out to examine the chemical activation of zirconia primers from mixing time and up to 60min. The bilayered specimens were cut into microbars (1mm2 in cross-section area) and zirconia–resin microtensile bond strength (MTBS) was evaluated immediately and after 90 days …",dental materials,0.204
,,"Efficacy of two Ni‐Ti systems and hand files for removing gutta‐percha from root canals
A Mollo, G Botti, N Prinicipi Goldoni, E Randellini… - International endodontic journal, 2012
Cited by 168 Related articles All 8 versions",2012/1,45.0,,,,,1-6,"dentistry, endodontics, dental materials",Cited by 168,Ounsi H,,,Efficacy of two Ni‐Ti systems and hand files for removing gutta‐percha from root canals,,International endodontic journal,,https://scholar.google.com/citations?view_op=view_citation&hl=en&user=0lfZRAEAAAAJ&citation_for_view=0lfZRAEAAAAJ:Tyk-4Ss8FVUC,1.0,Blackwell Publishing Ltd,"A Mollo, G Botti, N Prinicipi Goldoni, E Randellini, R Paragliola, M Chazine, HF Ounsi, S Grandini","Mollo A, Botti G, Prinicipi Goldoni N, Randellini E, Paragliola R, Chazine M, Ounsi HF, Grandini S. Efficacy of two Ni‐Ti systems and hand files for removing gutta‐percha from root canals. International Endodontic Journal, 45, 1–6, 2012.
Abstract
Aim  To compare the effectiveness of two Ni‐Ti systems and hand files for removing gutta‐percha and sealer from root canals.
Methodology  The root canals of 60 single‐rooted human teeth were prepared, filled with gutta‐percha and sealer (Pulp Canal Sealer; SybronEndo, Orange, CA, USA). Specimens were then divided into three groups (n = 20), and root filling material was removed using MTwo Retreatment Files (group 1); R‐Endo (group 2); K‐files and Gates‐Glidden drills (group 3). After retreatment, the efficacy of each technique was assessed using radiographs that were later digitized and the images analysed using AutoCAD 2004. The percentage of residual …",endodontics,0.4
,,"In vitro evaluation of the reliability of the Root ZX electronic apex locator
HF Ounsi, A Naaman - International endodontic journal, 1999
Cited by 167 Related articles All 6 versions",1999/3,32.0,https://www.researchgate.net/profile/Alfred-Naaman/publication/12926977_In_vitro_evaluation_of_the_reliability_of_the_Root_ZX_electronic_apex_locator/links/60046cc345851553a0506c45/In-vitro-evaluation-of-the-reliability-of-the-Root-ZX-electronic-apex-locator.pdf,,,,120-123,"dentistry, endodontics, dental materials",Cited by 167,Ounsi H,,,In vitro evaluation of the reliability of the Root ZX electronic apex locator,,International endodontic journal,,https://scholar.google.com/citations?view_op=view_citation&hl=en&user=0lfZRAEAAAAJ&citation_for_view=0lfZRAEAAAAJ:2osOgNQ5qMEC,2.0,Blackwell Science Ltd,"HF Ounsi, A Naaman","Aim An experimental comparison of the Root ZX apex locator with the real measurement of the root canal length was carried out using a saline gel to simulate the periodontium.
Methodology Lengths were taken when the needle reached the 0.5 mark and the Apex mark on the meter. These measurements were then compared with a calculated reference length representing the real length of the root canal. Reliability was assessed using Student’s t‐test. Precision was assessed using the mean and standard deviation of differences.
Results The Root ZX gave measurements within a range of 0.5 mm in 84.72% of the cases. The intra‐operator and inter‐operator variabilities were not statistically significant (P > 0.05).
Conclusions The Root ZX is not capable of detecting the ‘0.5 mm from the foramen’ position and thus, should only be used to detect the foramen (major diameter).",Unclassified,0.0
,,"Worldwide analyses of maxillary first molar second mesiobuccal prevalence: a multicenter cone-beam computed tomographic study
JNR Martins, MBAM Alkhawas, Z Altaki, G Bellardini… - Journal of Endodontics, 2018
Cited by 160 Related articles All 10 versions",2018/11/1,44.0,https://www.academia.edu/download/103227371/j.joen.2018.07.02720230610-1-dgrcpa.pdf,,,,1641-1649. e1,"dentistry, endodontics, dental materials",Cited by 160,Ounsi H,,,Worldwide analyses of maxillary first molar second mesiobuccal prevalence: a multicenter cone-beam computed tomographic study,,Journal of Endodontics,,https://scholar.google.com/citations?view_op=view_citation&hl=en&user=0lfZRAEAAAAJ&citation_for_view=0lfZRAEAAAAJ:_FxGoFyzp5QC,11.0,Elsevier,"Jorge NR Martins, Moataz-Bellah AM Alkhawas, Zaher Altaki, Gianmarco Bellardini, Luiza Berti, Carlos Boveda, Antonis Chaniotis, Daniel Flynn, Jose Antonio Gonzalez, Jojo Kottoor, Miguel Seruca Marques, Adam Monroe, Hani F Ounsi, Peter Parashos, Gianluca Plotino, Magnús F Ragnarsson, Ruben Rosas Aguilar, Fábio Santiago, Hussein C Seedat, Walter Vargas, Murilo von Zuben, Yuerong Zhang, Yongchun Gu, António Ginjeira","Introduction
Maxillary first molar second mesiobuccal (MB2) root canal prevalence may change among different populations. The aim of this study was to analyze the worldwide prevalence of the MB2 root canal and understand its possible relation with sex, age, side, and root configuration using in vivo cone-beam computed tomographic (CBCT) assessment.
Methods
Observers from 21 regions were calibrated to achieve a similar CBCT assessment methodology and instructed to collect data from 250 maxillary first molars in previously existing examinations. Intra- and interrater reliability tests were performed. The sample size included 5250 molars and was defined by way of a preliminary trial. Data collected included MB2 presence, sex, age, side, number of roots per tooth, and mesiobuccal root configuration. The z test for proportions in independent groups was used to analyze the differences among subgroups. P < …",Unclassified,0.0
,,"The effect of different full-coverage crown systems on fracture resistance and failure pattern of endodontically treated maxillary incisors restored with and without glass fiber posts
Z Salameh, R Sorrentino, HF Ounsi, W Sadig, F Atiyeh… - Journal of endodontics, 2008
Cited by 122 Related articles All 10 versions",2008/7/1,34.0,https://www.academia.edu/download/48497416/j.joen.2008.03.02520160901-23107-atdt4.pdf,,,,842-846,"dentistry, endodontics, dental materials",Cited by 122,Ounsi H,,,The effect of different full-coverage crown systems on fracture resistance and failure pattern of endodontically treated maxillary incisors restored with and without glass …,,Journal of endodontics,,https://scholar.google.com/citations?view_op=view_citation&hl=en&user=0lfZRAEAAAAJ&citation_for_view=0lfZRAEAAAAJ:ZeXyd9-uunAC,7.0,Elsevier,"Ziad Salameh, Roberto Sorrentino, Hani F Ounsi, Walid Sadig, Fadi Atiyeh, Marco Ferrari","The aim of this study was to compare the fracture resistance and failure pattern of endodontically treated maxillary incisors restored using composite resin with or without fiber-reinforced composite (FRC) posts under different types of full-coverage crowns. The null hypothesis tested was that fracture resistance and the failure pattern of these teeth were not affected by the use of FRC posts or by the type of full-coverage crown. One hundred twenty maxillary incisors were endodontically treated and divided into 4 groups of 30 each. Each group was divided into two subgroups: restoration with or without fiber post. PFM crowns were placed in group 1, Empress II crowns in group 2, SR Adoro crowns in group 3, and Cercon crowns in group 4. Fracture tests were performed by loading specimens to fracture. Data were analyzed with two-way analysis of variance (α = 0.05). The type of crown was not a significant factor …",endodontics,0.4
,,"Effect of different all-ceramic crown system on fracture resistance and failure pattern of endodontically treated maxillary premolars restored with and without glass fiber posts
Z Salameh, R Sorrentino, HF Ounsi, C Goracci… - Journal of endodontics, 2007
Cited by 122 Related articles All 11 versions",2007/7/1,33.0,https://www.academia.edu/download/74800280/j.joen.2007.01.01720211117-11013-1rdh1og.pdf,,,,848-851,"dentistry, endodontics, dental materials",Cited by 122,Ounsi H,,,Effect of different all-ceramic crown system on fracture resistance and failure pattern of endodontically treated maxillary premolars restored with and without glass fiber posts,,Journal of endodontics,,https://scholar.google.com/citations?view_op=view_citation&hl=en&user=0lfZRAEAAAAJ&citation_for_view=0lfZRAEAAAAJ:aqlVkmm33-oC,7.0,Elsevier,"Ziad Salameh, Roberto Sorrentino, Hani F Ounsi, Cecilia Goracci, Esam Tashkandi, Franklin R Tay, Marco Ferrari","Endodontically treated teeth are traditionally restored with a crown to prevent fracture. The aim of this study was to compare the fracture resistance and failure modes of endodontically treated maxillary premolars treated with or without a fiber post and restored with different types of crowns. Eighty human maxillary premolars were selected. After root canal treatment, the teeth were embedded in resin blocks and divided into four groups. Samples received MOD cavity preparations and were divided into two subgroups: with and without fiber posts and restored using porcelain fused to metal, lithium disilicate, fiber-reinforced composite, or zirconia crowns. The specimens were vertically loaded in the central fossa using a universal loading machine until failure, and the maximum breaking loads were recorded. Samples were perfused with Indian ink to highlight the fracture lines and the mode of failure that was classified as …",endodontics,0.4
,,"Effect of clinical use on the cyclic fatigue resistance of ProTaper nickel-titanium rotary instruments
HF Ounsi, Z Salameh, T Al-Shalan, M Ferrari… - Journal of Endodontics, 2007
Cited by 122 Related articles All 12 versions",2007/6/1,33.0,https://citeseerx.ist.psu.edu/document?repid=rep1&type=pdf&doi=6dc9323a70dbdb0a013450574d556a21f425be15,,,,737-741,"dentistry, endodontics, dental materials",Cited by 122,Ounsi H,,,Effect of clinical use on the cyclic fatigue resistance of ProTaper nickel-titanium rotary instruments,,Journal of Endodontics,,https://scholar.google.com/citations?view_op=view_citation&hl=en&user=0lfZRAEAAAAJ&citation_for_view=0lfZRAEAAAAJ:7PzlFSSx8tAC,6.0,Elsevier,"Hani F Ounsi, Ziad Salameh, Thakib Al-Shalan, Marco Ferrari, Simone Grandini, David H Pashley, Franklin R Tay","The resistance of ProTaper (Dentsply Maillefer, Ballaigues, Switzerland) nickel-titanium rotary instruments to cyclic fatigue was examined after their initial use in straight or curved canals in vivo. These instruments were rotated freely inside a steel phantom until separation. The number of rotations before failure and the lengths of the separated fragments were compared with data derived from new instruments under the same experimental setup (n = 20). With the exception of F1 and F3, instruments previously used in curved canals were more susceptible to cyclic fatigue than those previously used in straight canals (p < 0.05). Separation occurred predominantly at the D10 to D12 level. For the F series, a negative correlation (p < 0.05) was observed between the number of rotations before failure and the file diameters at their separation levels. ProTaper F3 instruments are highly susceptible to cyclic fatigue failure and …",Unclassified,0.0
,,"Fracture resistance and failure patterns of endodontically treated mandibular molars with and without glass fiber post in combination with a zirconia–ceramic crown
Z Salameh, HF Ounsi, MN Aboushelib, W Sadig… - Journal of dentistry, 2008
Cited by 116 Related articles All 14 versions",2008/7/1,36.0,https://www.researchgate.net/profile/Moustafa-Aboushelib/publication/5371326_Fracture_resistance_and_failure_patterns_endodontically_treated_mandibular_molars_with_and_without_fiber-post_in_combination_with_a_zirconia-ceramic_crown/links/5a2b085da6fdccfbbf852331/Fracture-resistance-and-failure-patterns-endodontically-treated-mandibular-molars-with-and-without-fiber-post-in-combination-with-a-zirconia-ceramic-crown.pdf,,,,513-519,"dentistry, endodontics, dental materials",Cited by 116,Ounsi H,,,Fracture resistance and failure patterns of endodontically treated mandibular molars with and without glass fiber post in combination with a zirconia–ceramic crown,,Journal of dentistry,,https://scholar.google.com/citations?view_op=view_citation&hl=en&user=0lfZRAEAAAAJ&citation_for_view=0lfZRAEAAAAJ:IjCSPb-OGe4C,7.0,Elsevier,"Ziad Salameh, Hani F Ounsi, Moustafa N Aboushelib, Walid Sadig, Marco Ferrari","OBJECTIVE
The aim of this study was to investigate the influence of a fiber post on the fracture mechanics of zirconia crowns inserted over endodontically treated teeth with different extent of coronal damage.
METHODS
Endodontically treated human molars with three types of coronal damage received fiber posts before cementation of zirconia-veneered crowns. Controls received composite resin cores without fiber posts. The specimens were loaded to failure and fractographically examined using a scanning electron microscope (SEM).
RESULTS
Statistical analysis revealed that specimens with fiber posts demonstrated significantly higher failure loads and favorable fracture pattern compared to the controls. At fractographic analysis, specimens with fiber posts demonstrated delamination of the veneer ceramic from intact zirconia under structure. Meanwhile, the specimens that were restored without a fiber post …",endodontics,0.4
,,"Reduction in antimicrobial substantivity of MTAD after initial sodium hypochlorite irrigation
FR Tay, N Hiraishi, GS Schuster, DH Pashley… - Journal of Endodontics, 2006
Cited by 102 Related articles All 11 versions",2006/10/1,32.0,https://www.academia.edu/download/45062116/Reduction_in_antimicrobial_substantivity20160425-12838-1m82hh1.pdf,,,,970-975,"dentistry, endodontics, dental materials",Cited by 102,Ounsi H,,,Reduction in antimicrobial substantivity of MTAD after initial sodium hypochlorite irrigation,,Journal of Endodontics,,https://scholar.google.com/citations?view_op=view_citation&hl=en&user=0lfZRAEAAAAJ&citation_for_view=0lfZRAEAAAAJ:u-x6o8ySG0sC,10.0,Elsevier,"Franklin R Tay, Noriko Hiraishi, George S Schuster, David H Pashley, Robert J Loushine, Hani F Ounsi, Simone Grandini, Joyce YY Yau, Annalisa Mazzoni, Adam Donnelly, Nigel M King","Potential intrinsic tetracycline staining of intraradicular dentin has been observed when BioPure MTAD was employed as the final irrigant after initial rinsing with NaOCl. This study examined the effect of NaOCl-MTAD interaction on the antimicrobial substantivity of MTAD in dentin. Dentin cores previously irrigated with either MTAD, or in conjunction with 1.3% NaOCl as an initial irrigant were placed on blood agar plates inoculated with Escherichia faecalis at 105 cfu/ml. Dentin cores irrigated with 1.3% NaOCl only, and autoclaved dentin disks were used as the respective positive and negative controls. After anaerobic incubation, the mean diameter of bacterial inhibition zones formed around the MTAD group was significantly larger than the NaOCl/MTAD group, which, in turn, was not significantly different from the NaOCl positive control. Oxidation of MTAD by NaOCl resulted in the partial loss of antimicrobial …",dentistry,0.4
,,"Effect of different CAD-CAM materials on the marginal and internal adaptation of endocrown restorations: An in vitro study
WA El Ghoul, M Özcan, H Ounsi, H Tohme, Z Salameh - The Journal of prosthetic dentistry, 2020
Cited by 100 Related articles All 8 versions",2020/1/1,123.0,,,,,128-134,"dentistry, endodontics, dental materials",Cited by 100,Ounsi H,,,Effect of different CAD-CAM materials on the marginal and internal adaptation of endocrown restorations: An in vitro study,,The Journal of prosthetic dentistry,,https://scholar.google.com/citations?view_op=view_citation&hl=en&user=0lfZRAEAAAAJ&citation_for_view=0lfZRAEAAAAJ:eQOLeE2rZwMC,1.0,Mosby,"Wiam A El Ghoul, Mutlu Özcan, Hani Ounsi, Hani Tohme, Ziad Salameh","Statement of problem
Recent resin-based and ceramic-based computer-aided design and computer-aided manufacturing (CAD-CAM) materials have been used to restore endodontically treated teeth. Adaptation of the restoration is important for clinical success, but studies evaluating the effect of these materials on the adaptation of endocrowns are lacking.
Purpose
The purpose of this in vitro study was to evaluate the effect of resin-based and ceramic-based materials on the marginal and internal adaptation of endocrowns.
Material and methods
Forty mandibular molars were divided into 4 groups (n=10); each group was restored with a different CAD-CAM material: group C: hybrid nanoceramic (Cerasmart; GC Corp), group T: fiber-composite material (Trilor; Bioloren Srl), group E: lithium disilicate glass-ceramic (IPS e.max CAD; Ivoclar Vivadent AG), and group V: zirconia-reinforced lithium silicate glass-ceramic (Vita …",endodontics,0.4
,,"Evaluation of the fracture resistance of reattached incisal fragments using different materials and techniques
M Chazine, M Sedda, HF Ounsi, R Paragliola, M Ferrari… - Dental Traumatology, 2011
Cited by 88 Related articles All 5 versions",2011/2,27.0,,,,,15-18,"dentistry, endodontics, dental materials",Cited by 88,Ounsi H,,,Evaluation of the fracture resistance of reattached incisal fragments using different materials and techniques,,Dental Traumatology,,https://scholar.google.com/citations?view_op=view_citation&hl=en&user=0lfZRAEAAAAJ&citation_for_view=0lfZRAEAAAAJ:Zph67rFs4hoC,1.0,Blackwell Publishing Ltd,"Michelle Chazine, Maurizio Sedda, Hani F Ounsi, Raffaele Paragliola, Marco Ferrari, Simone Grandini","Objectives: When coronal fracture occurs in anterior teeth, fragment reattachment can be a valid alternative to a direct restoration. The aim of this study was to evaluate the influence of the material and the technique used to reattach the fragment. Materials and methods: Eighty sound maxillary and mandibular incisors were selected and randomly divided into eight groups (n = 10). The incisal third of each tooth was removed using a saw machine. The fragments in groups 1–4 were reattached using resin‐based materials: group 1 adhesive, group 2 flow, group 3 composite, group 4 cement; in groups 5–8, the same materials mentioned before were used but a bevel was also performed on both labial and lingual surfaces. Shear bond strength (SBS) was calculated by applying a load incisal to the reattachment line. A two‐way Anova was used to evaluate the influence of materials and techniques on the SBS. Results …",dental materials,0.204
,,"Effect of fabrication technique and thermal cycling on the bond strength of CAD/CAM milled custom fit anatomical post and cores: an in vitro study
RY Eid, S Koken, NZ Baba, H Ounsi, M Ferrari… - Journal of Prosthodontics, 2019
Cited by 68 Related articles All 6 versions",2019/10,28.0,,,,,898-905,"dentistry, endodontics, dental materials",Cited by 68,Ounsi H,,,Effect of Fabrication Technique and Thermal Cycling on the Bond Strength of CAD/CAM Milled Custom Fit Anatomical Post and Cores: An In Vitro Study,,Journal of Prosthodontics,,https://scholar.google.com/citations?view_op=view_citation&hl=en&user=0lfZRAEAAAAJ&citation_for_view=0lfZRAEAAAAJ:MXK_kJrjxJIC,8.0,,"Rita Y Eid, Serhat Koken, Nadim Z Baba, Hani Ounsi, Marco Ferrari, Ziad Salameh","Purpose
This study is to investigate the effect of milling custom fit anatomical post and cores from fiber reinforced composite and high‐density polymer blocks using CAD/CAM technology on the bond strength to root canal dentin compared with prefabricated fiber posts, and to evaluate the influence of thermal cycling on the push out bond strength of the tested materials.
Materials and Methods
Eighty extracted single‐rooted premolars, endodontically treated and prepared to receive the posts, were randomly divided into four groups (n = 20): BLC: Custom‐milled fiber‐reinforced composite posts and cores (Trilor, Bioloren), AMC: Custom‐milled high‐density polymer posts and cores (Ambarino, Creamed), BLP: Prefabricated fiber‐reinforced composite posts and composite core buildups (Bioloren; Filtek Bulk Fill Posterior, 3M). The posts used have the same matrix and fiber composition as BLC, RXP: Prefabricated …",dentistry,0.4
,,"Quantitative and qualitative elemental analysis of different nickel–titanium rotary instruments by using scanning electron microscopy and energy dispersive spectroscopy
HF Ounsi, T Al-Shalan, Z Salameh, S Grandini… - Journal of Endodontics, 2008
Cited by 67 Related articles All 10 versions",2008/1/1,34.0,https://www.academia.edu/download/89271197/nitianalysis.pdf,,,,53-55,"dentistry, endodontics, dental materials",Cited by 67,Ounsi H,,,Quantitative and qualitative elemental analysis of different nickel–titanium rotary instruments by using scanning electron microscopy and energy dispersive spectroscopy,,Journal of Endodontics,,https://scholar.google.com/citations?view_op=view_citation&hl=en&user=0lfZRAEAAAAJ&citation_for_view=0lfZRAEAAAAJ:KlAtU1dfN6UC,1.0,Elsevier,"Hani F Ounsi, Thakib Al-Shalan, Ziad Salameh, Simone Grandini, Marco Ferrari","This study was designed to determine if the alloy composition shares an influence with the geometric design on the physical behavior of nickel-titanium rotary endodontic instruments. ProTaper, HERO, and K3 files were selected. After sterilized and cleaning with alcohol, surface analysis was performed using energy dispersive spectroscopy. Measurements were performed on the active part and on the shank. SEM images of fractured instruments were also obtained and assessed. All three types of instruments were composed mainly of Nickel (54.3%, SD ± 0.8) and Titanium (45.2%, SD ± 0.9). SEM images revealed similar aspect with the presence of Kirkendall voids regularly distributed in the alloy. The results indicate that the difference in properties and behavior of these three endodontic rotary shaping instruments is solely related to the respective geometric characteristics of the instrument design.",endodontics,0.4
,,"In vitro evaluation of the reliability of the Endex electronic apex locator
HF Ounsi, G Haddad - Journal of Endodontics, 1998
Cited by 65 Related articles All 5 versions",1998/2/1,24.0,,,,,120-121,"dentistry, endodontics, dental materials",Cited by 65,Ounsi H,,,In vitro evaluation of the reliability of the Endex electronic apex locator,,Journal of Endodontics,,https://scholar.google.com/citations?view_op=view_citation&hl=en&user=0lfZRAEAAAAJ&citation_for_view=0lfZRAEAAAAJ:_kc_bZDykSQC,2.0,Elsevier,"Hani F Ounsi, Gaby Haddad","A new generation of electronic apex locators (Endex) that operates in moistened canals has been developed lately. An experimental comparison of this apparatus with the real, tactile, and radiographic measurements of the root canal length has been conducted. Results show that tactile determination is highly inaccurate and that the Endex is as accurate as radiographic measurements. It also demonstrates that the nonreproducibility of radiographic measurements is statistically significant, whereas that of the Endex is not significant.",Unclassified,0.0
,,"Evolution of nickel-titanium alloys in endodontics
HF Ounsi, W Nassif, S Grandini, Z Salameh… - Journal of Contemporary Dental Practice, 2017
Cited by 62 Related articles All 8 versions",2017,18.0,https://usiena-air.unisi.it/bitstream/11365/1087466/2/jcdp-2017-18-1090.pdf,,,,1090-1096,"dentistry, endodontics, dental materials",Cited by 62,Ounsi H,,,Evolution of nickel-titanium alloys in endodontics,,Journal of Contemporary Dental Practice,,https://scholar.google.com/citations?view_op=view_citation&hl=en&user=0lfZRAEAAAAJ&citation_for_view=0lfZRAEAAAAJ:0EnyYjriUFMC,11.0,,"Hani F Ounsi, Wadih Nassif, Simone Grandini, Ziad Salameh, Prasanna Neelakantan, Sukumaran Anil","To improve clinical use of nickel-titanium (NiTi) endodontic rotary instruments by better understanding the alloys that compose them. A large number of engine-driven NiTi shaping instruments already exists on the market and newer generations are being introduced regularly. While emphasis is being put on design and technique, manufacturers are more discreet about alloy characteristics that dictate instrument behavior. Along with design and technique, alloy characteristics of endodontic instruments is one of the main variables affecting clinical performance. Modification in NiTi alloys is numerous and may yield improvements, but also drawbacks. Martensitic instruments seem to display better cyclic fatigue properties at the expense of surface hardness, prompting the need for surface treatments. On the contrary, such surface treatments may improve cutting efficiency but are detrimental to the gain in cyclic fatigue resistance. Although the design of the instrument is vital, it should in no way cloud the importance of the properties of the alloy and how they influence the clinical behavior of NiTi instruments. Clinical significance: Dentists are mostly clinicians rather than engineers. With the advances in instrumentation design and alloys, they have an obligation to deal more intimately with engineering consideration to not only take advantage of their possibilities but also acknowledge their limitations.",endodontics,0.603
,,"Cyclic fatigue resistance of nickel-titanium instruments after immersion in irrigant solutions with or without surfactants
E Pedullà, G Franciosi, HF Ounsi, M Tricarico… - Journal of endodontics, 2014
Cited by 60 Related articles All 7 versions",2014/8/1,40.0,https://www.academia.edu/download/88915479/j.joen.2014.02.00520220724-1-gjdmk1.pdf,,,,1245-1249,"dentistry, endodontics, dental materials",Cited by 60,Ounsi H,,,Cyclic fatigue resistance of nickel-titanium instruments after immersion in irrigant solutions with or without surfactants,,Journal of endodontics,,https://scholar.google.com/citations?view_op=view_citation&hl=en&user=0lfZRAEAAAAJ&citation_for_view=0lfZRAEAAAAJ:ufrVoPGSRksC,8.0,Elsevier,"Eugenio Pedullà, Giovanni Franciosi, Hani F Ounsi, Marella Tricarico, Ernesto Rapisarda, Simone Grandini","Introduction
The aim of the study was to assess cyclic fatigue resistance of reciprocating (Reciproc and WaveOne) and continuous rotating (ProTaper) nickel-titanium files after immersion in different irrigation solutions with or without surfactants during several short time periods.
Methods
A total of 270 new Reciproc R25, WaveOne Primary, and ProTaper F2 files were tested. Instruments of each brand were divided into 1 control group (n = 10) formed by new files and 4 test groups (n = 20) formed by instruments dynamically immersed at 37°C for 16 mm in 5.25% sodium hypochlorite (NaOCl), Hypoclean (5.25% NaOCl with surfactant), 17% EDTA, or EDTA Plus (17% EDTA with surfactant). Each test group was subdivided into 2 subgroups (n = 10) on the basis of the time of dynamic immersion in the endodontic irrigant solution (45 seconds or 3 minutes). Resistance to cyclic fatigue was determined by recording time to …",endodontics,0.4
,,"Comparison of two techniques for assessing the shaping efficacy of repeatedly used nickel-titanium rotary instruments
HF Ounsi, G Franciosi, R Paragliola, K Al Huzaimi… - Journal of Endodontics, 2011
Cited by 55 Related articles All 9 versions",2011/6/1,37.0,https://www.academia.edu/download/46347832/j.joen.2011.02.03020160608-12276-rgnx9l.pdf,,,,847-850,"dentistry, endodontics, dental materials",Cited by 55,Ounsi H,,,Comparison of two techniques for assessing the shaping efficacy of repeatedly used nickel-titanium rotary instruments,,Journal of Endodontics,,https://scholar.google.com/citations?view_op=view_citation&hl=en&user=0lfZRAEAAAAJ&citation_for_view=0lfZRAEAAAAJ:u5HHmVD_uO8C,6.0,Elsevier,"Hani F Ounsi, Giovanni Franciosi, Raffaele Paragliola, Khalid Al Huzaimi, Ziad Salameh, Franklin R Tay, Marco Ferrari, Simone Grandini","INTRODUCTION
The shaping capacity of nickel-titanium (NiTi) rotary instruments is often assessed by photographic or micro–computed tomography (micro-CT) measurements, and these instruments are often used more than once clinically. This study was conducted to compare photographic and micro-CT measurements and to assess if the repeated use of NiTi instruments affected the shape of canal preparation.
METHODS
Ten new sets of ProTaper Universal instruments were used in 60 resin blocks simulating curved root canals. Groups 1 to 6 (n = 10) represented the first to sixth use of the instrument, respectively. Digitized images of the prepared blocks were taken in both mesiodistal (MD) and buccolingual (BL) directions and area measurements (mm2) were calculated using AutoCAD (Autodesk Inc, San Rafael, CA). The volumes of the same prepared canals were measured using micro-CT (mm3). Statistical …",Unclassified,0.0
,,"Adhesion between prefabricated fiber-reinforced posts and different composite resin cores: a microtensile bond strength evaluation.
Z Salameh, F Papacchini, HF Ounsi, C Goracci… - Journal of Adhesive Dentistry, 2006
Cited by 54 Related articles All 9 versions",2006/3/1,8.0,https://www.researchgate.net/profile/Esam-Tashkandi/publication/7072445_Adhesion_between_prefabricated_fiber-reinforced_posts_and_different_composite_resin_cores_A_microtensile_bond_strength_evaluation/links/00b7d5241f02b85ff1000000/Adhesion-between-prefabricated-fiber-reinforced-posts-and-different-composite-resin-cores-A-microtensile-bond-strength-evaluation.pdf,,,,,"dentistry, endodontics, dental materials",Cited by 54,Ounsi H,,,Adhesion between prefabricated fiber-reinforced posts and different composite resin cores: a microtensile bond strength evaluation.,,Journal of Adhesive Dentistry,,https://scholar.google.com/citations?view_op=view_citation&hl=en&user=0lfZRAEAAAAJ&cstart=20&pagesize=80&citation_for_view=0lfZRAEAAAAJ:9yKSN-GCB0IC,2.0,,"Ziad Salameh, Federica Papacchini, Hani F Ounsi, Cecilia Goracci, Esam Tashkandi, Marco Ferrari","Purpose: The aim of this study was to evaluate the bond strengths between various resin composites used as core materials (Multicore Flow, Ivoclar-Vivadent; Tetric Flow, Ivoclar-Vivadent; Filtek Flow, 3M-ESPE; Tetric Ceram, Ivoclar-Vivadent; Filtek Z250, 3M-ESPE), and an FRC post (FRC Postec Plus, Ivoclar-Vivadent) by means of the microtensile nontrimming technique.
Materials and Methods: Five experimental groups were used. For the microtensile nontrimming technique, 45 to 50 beam-shaped specimens per group were obtained from cylinders of core material, which had been built up around the post by progressively adding small increments of composite resin. Each specimen was loaded in tension until failure at either one of the two post/core interfaces present in each stick. The differences in interfacial bond strength among the groups were tested for statistical significance with the one-way ANOVA test, followed by the Dunnett test for post-hoc comparisons.
Results: The measured bond strengths in MPa were 17.29±6.02 for FRC+ MultiCore Flow, 16.37±6.92 for FRC+ Tetric Flow, 13.14±5.35 for FRC+ Filtek Flow, 12.38±4.34 for FRC+ Tetric Ceram, and 10.75±5.43 for FRC+ Filtek Z250. The statistical analysis revealed that MultiCore Flow achieved significantly higher bond strengths than Filtek Flow (p= 0.03), Tetric Ceram (p< 0.001), and Filtek Z250 (p< 0.001). The bond strength of Tetric Flow was significantly higher than that of Filtek Z250 (p= 0.003).
Conclusion: For core buildup on a fiber post, dual-cure composites appear to be preferable to light-curing composites.",dental materials,0.203
,,"Marginal and internal fit of CAD/CAM fiber post and cores.
G Moustapha, E AlShwaimi, M Silwadi, H Ounsi… - International journal of computerized dentistry, 2019
Cited by 51 Related articles All 3 versions",2019/1/1,22.0,,,,,,"dentistry, endodontics, dental materials",Cited by 51,Ounsi H,,,Marginal and internal fit of CAD/CAM fiber post and cores.,,International journal of computerized dentistry,,https://scholar.google.com/citations?view_op=view_citation&hl=en&user=0lfZRAEAAAAJ&cstart=20&pagesize=80&citation_for_view=0lfZRAEAAAAJ:Wp0gIr-vW9MC,1.0,,"Ghassan Moustapha, Emad AlShwaimi, Munir Silwadi, Hani Ounsi, Marco Ferrari, Ziad Salameh","Aim: To evaluate the marginal adaptation and internal fit of milled fiber post and cores using different scanning methods. Materials and methods: Thirty typodont tooth models (Nissin) with pulp cavity were endodontically treated and prepared to receive 30 fabricated fiber post and cores. Three different methods of scanning were used (n= 10): an intraoral scanner (IOS)(Trios 3; 3Shape) to directly digitalize the post space (Group T) and a laboratory scanner to indirectly digitalize the resin pattern (Group RP) and the silicone impression (Group S) of the post space. All the specimens were examined using an optical microscope for the measurement of the vertical marginal discrepancy (VMD), and five in each group were scanned using microcomputed tomography (μCT) for the assessment of the VMD, the internal fit at the corner (IFC), post apex (PA), and at four horizontal cross-sections (CS1-4) inside the canal. All data …",endodontics,0.4
,,"Adaptation of complete denture base fabricated by conventional, milling, and 3-D printing techniques: An in vitro study
G Masri, R Mortada, H Ounsi, N Alharbi, P Boulos… - J. Contemp. Dent. Pract, 2020
Cited by 49 Related articles All 7 versions",2020/4/1,21.0,https://thejcdp.com/doi/JCDP/pdf/10.5005/jp-journals-10024-2770,,,,367-371,"dentistry, endodontics, dental materials",Cited by 49,Ounsi H,,,"Adaptation of complete denture base fabricated by conventional, milling, and 3-D printing techniques: An in vitro study",,J. Contemp. Dent. Pract,,https://scholar.google.com/citations?view_op=view_citation&hl=en&user=0lfZRAEAAAAJ&cstart=20&pagesize=80&citation_for_view=0lfZRAEAAAAJ:TQgYirikUcIC,4.0,,"Ghassan el Masri, Rola Mortada, Hani Ounsi, Nawal Alharbi, Paul Boulos, Ziad Salameh","Aim: The aim of this study was to compare the adaptation of complete denture base (CDB) manufactured by three different techniques: conventional, milling, and three-dimensional (3-D) printing.
Materials and methods: A master cast was duplicated to create 60 gypsum casts. Twenty casts (n= 20) were attributed to each group. In the computer-aided design and computer-aided manufacturing (CAD/CAM) groups (milling and 3-D printing), the 40 gypsum casts reserved for these two groups were scanned. An STL file was obtained and a master CDB was designed and then fabricated according to each technique. In the conventional group, a polyvinyl siloxane putty mold was obtained from the milled CDB, and this mold was used to fabricate 20 conventional denture bases by compression molding using the silicon–gypsum technique in a bronze flask. The inner surfaces of the obtained 60 CDB were scanned and superimposed over their corresponding master cast. Deviation analyses were calculated using digital subtraction technique. Five functional areas (posterior palatal seal, anterior border seal, crest of the ridge, maxillary tuberosities, and palate) were selected to evaluate the variations in CBD adaptation.
Results: Based on the results and color maps of all selected regions, milling technique offers the best adaptation. The crest of ridge in the conventional technique showed the least adaptation and the posterior palatal seal in the 3-D printing technique showed the best adaptation. Conclusion: Within the limitations of this study, the CAD/CAM fabrication techniques seem to offer better adaptation of CDB compared to the conventional fabrication …",dental materials,0.203
,,"Fracture resistance and failure pattern of endodontically treated teeth restored with computer-aided design/computer-aided manufacturing post and cores: a pilot study
R Eid, J Juloski, H Ounsi, M Silwaidi, M Ferrari… - Journal of Contemporary Dental Practice, 2019
Cited by 49 Related articles All 9 versions",2019,20.0,https://smile.stomf.bg.ac.rs/bitstream/handle/123456789/2412/2407.pdf?sequence=1,,,,56-63,"dentistry, endodontics, dental materials",Cited by 49,Ounsi H,,,Fracture resistance and failure pattern of endodontically treated teeth restored with computer-aided design/computer-aided manufacturing post and cores: a pilot study,,Journal of Contemporary Dental Practice,,https://scholar.google.com/citations?view_op=view_citation&hl=en&user=0lfZRAEAAAAJ&cstart=20&pagesize=80&citation_for_view=0lfZRAEAAAAJ:hqOjcs7Dif8C,1.0,Jaypee Brothers Medical Publishers (P) Ltd,"Rita Eid, Jelena Juloski, Hani Ounsi, Munir Silwaidi, Marco Ferrari, Ziad Salameh","Aim
To evaluate the fracture resistance and failure pattern of custom made computer-aided design & computer-aided manufacturing (CAD/CAM) post and cores using a fiber reinforced composite material (FRC) and a high-density-polymer.
Materials and methods
Thirty extracted mandibular second premolars were selected, endodontically treated and prepared to receive the posts. The specimens were randomly divided into three groups (n = 10) according to each material: group 1 (RXP): fiber posts (Rely X, 3M-ESPE) with composite core build-up (Filtek Bulk Fill Posterior, 3M-ESPE) as a control group; group 2 (BLC): one-piece milled post and core from fiber reinforced composite blocks (Trilor, Bioloren); and group 3 (AMC): one-piece milled post and core from hybrid ceramic disks (Ambarino, Creamed). All the posts were cemented using a self-adhesive resin cement (Rely X U200, 3M ESPE). Fracture resistance was tested using a universal testing machine, failure patterns were then observed visually and radiographically then evaluated under SEM. Data was analyzed using One-way analysis of variance (ANOVA) followed by Tamhane post-hoc test in order to determine significant differences among groups (α = 0.05).
Results
The mean fracture resistance values were: 426.08 ± 128.26 N for group 1 (R X P), 367.06 ± 72.34N for group 2 (BLC), and 620.02 ± 5 4.29N f or g roup 3 ( AMC). S tatistical analysis revealed that group 3 (AMC) had the highest mean load to fracture in comparison to the other groups (p = 0.000). failures were cohesive in group 2 and 3 and mixed in group 1 with no catastrophic failures reported in all groups.
Conclusion
All …",endodontics,0.4
,,"Effect of different onlay systems on fracture resistance and failure pattern of endodontically treated mandibular molars restored with and without glass fiber posts.
Z Salameh, HF Ounsi, MN Aboushelib, R Al-Hamdan… - American journal of dentistry, 2010
Cited by 42 Related articles All 7 versions",2010/4/1,23.0,https://www.researchgate.net/profile/Moustafa-Aboushelib/publication/45099236_Effect_of_different_onlay_systems_on_fracture_resistance_and_failure_pattern_of_endodontically_treated_mandibular_molars_restored_with_and_without_glass_fiber_posts/links/0c960528e3bbcd299a000000/Effect-of-different-onlay-systems-on-fracture-resistance-and-failure-pattern-of-endodontically-treated-mandibular-molars-restored-with-and-without-glass-fiber-posts.pdf,,,,81,"dentistry, endodontics, dental materials",Cited by 42,Ounsi H,,,Effect of different onlay systems on fracture resistance and failure pattern of endodontically treated mandibular molars restored with and without glass fiber posts.,,American journal of dentistry,,https://scholar.google.com/citations?view_op=view_citation&hl=en&user=0lfZRAEAAAAJ&cstart=20&pagesize=80&citation_for_view=0lfZRAEAAAAJ:d1gkVwhDpl0C,2.0,,"Ziad Salameh, Hani F Ounsi, Moustafa N Aboushelib, Rana Al-Hamdan, Walid Sadig, Marco Ferrari","Purpose: To investigate the relationship between post and core build-up materials on the fracture resistance of endodontically treated teeth restored with different onlay restorations. Methods: 60 mandibular molars were endodontically treated and divided into three experimental groups that received one of the following onlay restorations: gold onlays, glass ceramic onlays (Empress I), or resin composite onlays (Gradia). Half of the specimens in each group received a fiber post (n= 10). Two controls groups (n= 10) were included: one group composed of sound mandibular molars, and the second group was composed of endodontically treated unrestored molars. Fracture tests were carried out by applying axial load using a universal loading machine until fracture. All fractured specimens were fractographically examined using a scanning electron microscope (SEM). Data were analyzed using two-way ANOVA and Tukey multiple comparison tests (= 0.05). Results: Statistical analysis showed that restoration of endodontically treated teeth with gold onlays improved fracture resistance when compared to glass ceramic or resin composite onlays. The presence of a fiber post significantly improved (P< 0.045) fracture resistance of gold onlays from 2271 to 2874N while it did not influence the performance of the other two groups. Fractographic analyses revealed that the presence of fiber post resulted in more restorable fractures due to better stress distribution of the applied load. All onlay systems resulted in significant improvement of the fracture resistance compared to unrestored teeth (711N) but neither of them resulted in restoring the fracture resistance …",endodontics,0.4
,,"A scanning electron microscopic evaluation of root canal wall cleanliness after calcium hydroxide removal using three irrigation regimens
A Naaman, H Kaloustian, HF Ounsi… - J Contemp Dent Pract, 2007
Cited by 40 Related articles All 11 versions",2007/1/1,8.0,https://thejcdp.com/doi/JCDP/pdf/10.5005/jcdp-8-1-11,,,,11-8,"dentistry, endodontics, dental materials",Cited by 40,Ounsi H,,,A scanning electron microscopic evaluation of root canal wall cleanliness after calcium hydroxide removal using three irrigation regimens,,J Contemp Dent Pract,,https://scholar.google.com/citations?view_op=view_citation&hl=en&user=0lfZRAEAAAAJ&cstart=20&pagesize=80&citation_for_view=0lfZRAEAAAAJ:M3ejUd6NZC8C,1.0,,"Alfred Naaman, Hrant Kaloustian, Hani Fouad Ounsi, N Naaman-Bou Abboud, Catherine Ricci, Etienne Medioni","Aims: The aims of this in vitro study were to evaluate debris and smear layer elimination capability o effectiveness of 5.25% sodium hypochlorite (NaOCl) after calcium hydroxide removal from the root canal and to determine if ethylenediaminetetraacetic acid (EDTA) and citric acid have any additional effects on debris and smear layer removal.
Methods and Materials: All irrigation regimens are associated with ultrasonics. Thirty-six pulpless single-rooted teeth were divided into three groups on the basis of the irrigation regimen, namely 5.25% NaOCl alone, 5.25% NaOCl with 17% EDTA pH 7 (NaOCl-EDTA), and 5.25% NaOCl with 50% citric acid (NaOCl-CA). All root canals were instrumented with the Protaper® rotary system (Dentsply-Maillefer, Ballaigues, Switzerland) using a crowndown approach. The apical foramen of each tooth was enlarged to a size 30 with a 0.09 taper. After longitudinal sectioning, the dentin walls were microphotographed using scanning electron microscopy (SEM) at a 1500X magnification. Using a grid and a 5-step scale these microphotographs were scored by three investigators in order to evaluate debris and smear layer residuals. Data were statistically evaluated using Kruskal-Wallis and Mann-Whitney tests.
Results: In the coronal third the lowest score obtained with NaOCl-CA was similar to NaOCl-EDTA. When using NaOCl-EDTA, mean debris scores were similar to the control group (NaOCl) and lower than NaOCl-CA in the middle and apical thirds. Regarding the mean smear layer score, NaOCl-CA was the lowest in the coronal, middle, and apical thirds with a statistically significant difference (p< 0.001).",dentistry,0.4
,,"Evaluation of the effect of different surface treatments, aging and enzymatic degradation on zirconia-resin micro-shear bond strength
J Saade, H Skienhe, HF Ounsi, JP Matinlinna… - Clinical, cosmetic and investigational dentistry, 2020
Cited by 38 Related articles All 14 versions",2020/1/6,,https://www.tandfonline.com/doi/pdf/10.2147/ccide.s219705,,,,1-8,"dentistry, endodontics, dental materials",Cited by 38,Ounsi H,,,"Evaluation of the effect of different surface treatments, aging and enzymatic degradation on zirconia-resin micro-shear bond strength",,"Clinical, cosmetic and investigational dentistry",,https://scholar.google.com/citations?view_op=view_citation&hl=en&user=0lfZRAEAAAAJ&cstart=20&pagesize=80&citation_for_view=0lfZRAEAAAAJ:hC7cP41nSMkC,,Taylor & Francis,"Jihad Saade, Hasan Skienhe, Hani F Ounsi, Jukka P Matinlinna, Ziad Salameh","Purpose
The purpose of this study was to evaluate the effect of surface treatments on zirconia-resin bonding and the effect of aging on bond durability for one year.
Method
Three hundred and twenty zirconia blocks were divided into 4 equal study groups. Group 1 (control): as-sintered, group 2: (GB): grit-blasted, group 3: (LAS): laser-etched, group 4: (SIE): selective infiltration etching. Composite cylinders were bonded to the zirconia with resin cement and ceramic primer. Aging was performed following 3 different aging protocols: thermocycling, storage in distilled water, or storage in an enzymatic esterase solution. Micro-shear bond strength test (μSBS) was recorded using a universal testing machine. μSBS values were analyzed using two-way Analysis of Variance followed by Tukey post-hoc tests. Level of significance was set at 0.05.
Results
GB, LAS and SIE groups showed significantly higher values when …",Unclassified,0.0
,,"Effectiveness of irrigation strategies on the removal of the smear layer from root canal dentin
P Neelakantan, HF Ounsi, S Devaraj, GSP Cheung… - Odontology, 2019
Cited by 37 Related articles All 7 versions",2019/4/15,107.0,,,,,142-149,"dentistry, endodontics, dental materials",Cited by 37,Ounsi H,,,Effectiveness of irrigation strategies on the removal of the smear layer from root canal dentin,,Odontology,,https://scholar.google.com/citations?view_op=view_citation&hl=en&user=0lfZRAEAAAAJ&cstart=20&pagesize=80&citation_for_view=0lfZRAEAAAAJ:YOwf2qJgpHMC,,Springer Japan,"Prasanna Neelakantan, Hani F Ounsi, Sharmila Devaraj, Gary SP Cheung, Simone Grandini","The aim of this study was to evaluate the removal of the smear layer by some commonly used (needle-and-syringe irrigation, sonic activation, ultrasonically activated irrigation) and new root canal irrigation strategies (negative pressure irrigation and polymer rotary file) using a novel approach by comparing pre- and post-experimental images. Prepared root canals (n = 50) were subjected to a split tooth model and divided into 5 groups (n = 10): (1) needle-and-syringe irrigation (control); (2) sonic activation (SA); (3) negative pressure irrigation with continuous warm activated irrigation and evacuation (CWA); (4) polymer finishing file (FF); (5) ultrasonically activated irrigation (UAI). Smear layer scores and percentage of open dentinal tubules (%ODT) were evaluated by 2 examiners before and after irrigation procedures, from the middle and apical thirds of the root canal, on scanning electron microscopic …",dentistry,0.4
,,"Influence of adaptation and adhesion on the retention of computer-aided design/computer-aided manufacturing glass fiber posts to root canal
R Eid, K Azzam, H Skienhe, H Ounsi, M Ferrari… - J Contemp Dent Pract, 2019
Cited by 35 Related articles All 9 versions",2019/9/1,20.0,https://www.thejcdp.com/doi/JCDP/pdf/10.5005/jp-journals-10024-2654,,,,1003-8,"dentistry, endodontics, dental materials",Cited by 35,Ounsi H,,,Influence of adaptation and adhesion on the retention of computer-aided design/computer-aided manufacturing glass fiber posts to root canal,,J Contemp Dent Pract,,https://scholar.google.com/citations?view_op=view_citation&hl=en&user=0lfZRAEAAAAJ&cstart=20&pagesize=80&citation_for_view=0lfZRAEAAAAJ:IWHjjKOFINEC,9.0,,"Rita Eid, Khaled Azzam, Hasan Skienhe, Hani Ounsi, Marco Ferrari, Ziad Salameh","Aim: The study aimed to assess the effect of friction and adhesion on the pushout bond strength of CAD/CAM fiber-reinforced composite (FRC) post and cores in comparison to prefabricated fiber posts.
Materials and methods: Thirty extracted single-rooted premolars were divided into three groups (N= 10): CP: CAD/CAM FRC posts (Trilor, Bioloren) cemented with self-adhesive resin cement (Rely X U200, 3M) as control group. CPL: CAD/CAM FRC composite posts cemented with the same self-adhesive resin cement after lubricating the root canal with petroleum jelly (Vaseline, Unilever) to prevent adhesion. RXP: prefabricated posts cemented with self-adhesive resin cement. Specimens were subjected to thermal cycling and then to pushout tests. The mode of failure was observed using a stereomicroscope. Results were analyzed by two-way ANOVA followed by a Tukey’s post hoc test for comparison, p= 0.05. Results: Push-out bond strength was significantly lower in the RXP group (8.54±3.35 MPa) in comparison to CP (12.10±1.38 MPa), while no significant differences were concluded between the other groups. Failure was mostly adhesive for CPL and RXP and adhesive and mixed for CP. Conclusion: Custom made CAD/CAM posts have a positive effect on the retention of FRC posts to root canal walls while adhesion between self-adhesive cement and root dentin did not influence significantly the pushout bond strength of CAD/CAM posts to root canal. Clinical significance: The friction of well-adapted CAD/CAM fiber post and cores plays a predominant role in the success of post restorations of endodontically treated teeth.",dentistry,0.4
,,"Evaluation of the effect of different types of abrasive surface treatment before and after zirconia sintering on its structural composition and bond strength with resin cement
H Skienhe, R Habchi, H Ounsi, M Ferrari, Z Salameh - BioMed research international, 2018
Cited by 35 Related articles All 11 versions",2018,2018.0,https://onlinelibrary.wiley.com/doi/pdf/10.1155/2018/1803425,,,,1803425,"dentistry, endodontics, dental materials",Cited by 35,Ounsi H,,,Evaluation of the effect of different types of abrasive surface treatment before and after zirconia sintering on its structural composition and bond strength with resin cement,,BioMed research international,,https://scholar.google.com/citations?view_op=view_citation&hl=en&user=0lfZRAEAAAAJ&cstart=20&pagesize=80&citation_for_view=0lfZRAEAAAAJ:UeHWp8X0CEIC,1.0,Hindawi,"Hasan Skienhe, Roland Habchi, Hani Ounsi, Marco Ferrari, Ziad Salameh","This study evaluated the effect of air abrasion before and after sintering with different particle type, shape, and size on the surface morphology, monoclinic phase transformation, and bond strength between resin cement and zirconia surface using primer containing silane and MDP. Airborne particle abrasion (APA) was performed on zirconia before and after sintering with different particle shape and size (50 μm Al2O3 and 25 μm silica powder). 120 square shaped presintered zirconia samples (Amann Girrbach) were prepared (3 mm height × 10 mm width × 10 mm length) and polished with grit papers #800, 1000, 1200, 1500, and 2000. Samples were divided into 6 groups according to surface treatment—group A: (control) no surface treatment; group B: APA 50 μm Al2O3 before sintering (BS); group C: APA 50 μm Al2O3 after sintering (AS); group D: APA25 μm silica powder (BS); group E: APA25 μm silica …",Unclassified,0.0
,,"Marginal and internal fit of pre-sintered Co-Cr and zirconia 3-unit fixed dental prostheses as measured using microcomputed tomography
EE Daou, H Ounsi, M Özcan, NAH Husain, Z Salameh - The Journal of prosthetic dentistry, 2018
Cited by 33 Related articles All 11 versions",2018/9/1,120.0,https://www.zora.uzh.ch/id/eprint/162692/3/JPD-16-831_rev5_figs_SR_edits.pdf,,,,409-414,"dentistry, endodontics, dental materials",Cited by 33,Ounsi H,,,Marginal and internal fit of pre-sintered Co-Cr and zirconia 3-unit fixed dental prostheses as measured using microcomputed tomography,,The Journal of prosthetic dentistry,,https://scholar.google.com/citations?view_op=view_citation&hl=en&user=0lfZRAEAAAAJ&cstart=20&pagesize=80&citation_for_view=0lfZRAEAAAAJ:4DMP91E08xMC,3.0,Mosby,"Elie E Daou, Hani Ounsi, Mutlu Özcan, Nadin Al-Haj Husain, Ziad Salameh","Statement of problem
Limited information is available on the precision of new metal processing technologies.
Purpose
The purpose of this in vitro study was to evaluate the marginal and internal fit of pre-sintered cobalt-chromium (Co-Cr) and zirconia 3-unit fixed dental prostheses using x-ray microcomputed tomography.
Material and methods
Three-unit fixed dental prostheses were prepared on metal dies (N=12) using a typodont model from the maxillary first premolar to the first molar. A standardized preparation with a 1.2-mm chamfer (360 degrees) and a 2-mm occlusal reduction was prepared on abutment teeth. The dies were scanned and divided into 2 groups to receive the fixed dental prostheses (n=6) made of pre-sintered Co-Cr and pre-sintered zirconia. Each framework was seated on its cast, and marginal and internal discrepancies were measured at 9 points, starting from the most distal point from the pontic …",dental materials,0.404
,,"Worldwide prevalence of a lingual canal in mandibular premolars: a multicenter cross-sectional study with meta-analysis
JNR Martins, Y Zhang, M von Zuben, W Vargas… - Journal of Endodontics, 2021
Cited by 29 Related articles All 14 versions",2021/8/1,47.0,https://es.ohi-s.com/articles-videos/2826/,,,,1253-1264,"dentistry, endodontics, dental materials",Cited by 29,Ounsi H,,,Worldwide prevalence of a lingual canal in mandibular premolars: a multicenter cross-sectional study with meta-analysis,,Journal of Endodontics,,https://scholar.google.com/citations?view_op=view_citation&hl=en&user=0lfZRAEAAAAJ&cstart=20&pagesize=80&citation_for_view=0lfZRAEAAAAJ:RHpTSmoSYBkC,8.0,Elsevier,"Jorge NR Martins, Yuerong Zhang, Murilo von Zuben, Walter Vargas, Hussein C Seedat, Fábio Santiago, Ruben Rosas Aguilar, Magnús F Ragnarsson, Gianluca Plotino, Peter Parashos, Hani F Ounsi, Christian Nole, Adam Monroe, Jojo Kottoor, Jose Antonio Gonzalez, Daniel Flynn, Antonis Chaniotis, Imran Cassim, Carlos Boveda, Luiza Berti, Zaher Altaki, Moataz-Bellah AM Alkhawas, Hussam Alfawaz, Emmanuel JNL Silva, Marco Aurélio Versiani","Introduction
The presence of multiple root canals is an important morphologic aspect of mandibular premolars. This study aimed to perform a worldwide analysis on the prevalence of a lingual canal in mandibular premolars and to evaluate its influence on patients’ demographics in 23 countries using cone-beam computed tomographic images.
Methods
Observers from 23 countries were instructed to evaluate cone-beam computed tomographic images of 300 first and 300 second premolars (13,800 teeth) regarding the presence of a lingual canal, canal configuration, and data related to patients’ ethnicity, age, and sex following a standardized screening methodology. Intra- and interrater evaluations were performed using the Cohen kappa test and intraclass correlation coefficient. Proportion and odds ratio forest plots were calculated in order to compare groups. Statistical significance was set at 5%.
Results
Both kappa …",Unclassified,0.0
,,"Worldwide assessment of the mandibular first molar second distal root and root canal: a cross-sectional study with meta-analysis
JNR Martins, C Nole, HF Ounsi, P Parashos, G Plotino… - Journal of Endodontics, 2022
Cited by 28 Related articles All 12 versions",2022/2/1,48.0,https://chaniotisendodontics.com/wp-content/uploads/2024/02/Worldwide-Assessment-of-the-Mandibular-First-Molar.pdf,,,,223-233,"dentistry, endodontics, dental materials",Cited by 28,Ounsi H,,,Worldwide assessment of the mandibular first molar second distal root and root canal: a cross-sectional study with meta-analysis,,Journal of Endodontics,,https://scholar.google.com/citations?view_op=view_citation&hl=en&user=0lfZRAEAAAAJ&cstart=20&pagesize=80&citation_for_view=0lfZRAEAAAAJ:r0BpntZqJG4C,2.0,Elsevier,"Jorge NR Martins, Christian Nole, Hani F Ounsi, Peter Parashos, Gianluca Plotino, Magnús F Ragnarsson, Ruben Rosas Aguilar, Fábio Santiago, Hussein C Seedat, Walter Vargas, Murilo von Zuben, Yuerong Zhang, Hussam Alfawaz, Moataz-Bellah AM Alkhawas, Zaher Altaki, Luiza Berti, Carlos Boveda, Imran Cassim, Antonis Chaniotis, Daniel Flynn, Jose Antonio Gonzalez, Jojo Kottoor, Adam Monroe, Emmanuel JNL Silva, Marco Aurélio Versiani","Introduction
This study assessed the prevalence of radix entomolaris and 2 canals at the distal aspect of mandibular first molars among different geographic regions by means of cone-beam computed tomographic imaging.
Methods
Precalibrated observers from 23 worldwide geographic locations followed a standardized screening protocol to assess 5750 cone-beam computed tomographic images of mandibular first molars (250 per region), gathering demographic data and recording the presence of radix entomolaris and a second canal at the distal aspect of teeth. Intra- and interrater reliability tests were conducted and comparisons among groups were performed using proportions and odds ratio forest plots. The significance level was set at 5%.
Results
The results of intra- and interrater tests were above 0.79. The prevalence of radix entomolaris varied from 0.9% in Venezuela (95% confidence interval [CI], 0%–1.9 …",Unclassified,0.0
,,"Effect of different combinations of surface treatment on adhesion of resin composite to zirconia
J Saade, H Skienhe, H Ounsi, JP Matinlinna… - Clinical, Cosmetic and Investigational Dentistry, 2019
Cited by 28 Related articles All 12 versions",2019/5/28,,https://www.tandfonline.com/doi/pdf/10.2147/ccide.s204986,,,,119-129,"dentistry, endodontics, dental materials",Cited by 28,Ounsi H,,,Effect of different combinations of surface treatment on adhesion of resin composite to zirconia,,"Clinical, Cosmetic and Investigational Dentistry",,https://scholar.google.com/citations?view_op=view_citation&hl=en&user=0lfZRAEAAAAJ&cstart=20&pagesize=80&citation_for_view=0lfZRAEAAAAJ:YsMSGLbcyi4C,,Taylor & Francis,"Jihad Saade, Hasan Skienhe, Hani Ounsi, Jukka P Matinlinna, Ziad Salameh","Purpose: The purpose of this laboratory study was to evaluate the effect of different surface treatment combinations on resin zirconia bonding.
Materials and methods: One hundred and five pre-sintered zirconia quadrangles were prepared out of zirconia blocks, polished, then sintered and divided into five groups (n=21). Group I (control): samples were untreated, group II: grit-blasting with 50 µm alumina particles, group III: grit-blasting with 100 µm alumina particles, group IV: Er,Cr:YSGG laser, and group V: selective infiltration etching technique. Microstructural analysis was performed using scanning electron microscopy, atomic force microscopy, a diffractometer, and a profilometer. Cylinders of composite resin were luted with Panavia resin composite cementand Clearfil ceramic primer. Shear bond strength (SBS) was determined using a universal testing machine.
Results: SBS results were analyzed using one-way …",dental materials,0.204
,,"Evaluation of the adaptation and fracture resistance of three CAD-CAM resin ceramics: an in vitro study
N Naffah, H Ounsi, M Ozcan, H Bassal, Z Salameh - Journal of Contemporary Dental Practice, 2019
Cited by 22 Related articles All 10 versions",2019/5/1,20.0,https://www.zora.uzh.ch/id/eprint/183042/8/ZORA183042.pdf,,,,571-576,"dentistry, endodontics, dental materials",Cited by 22,Ounsi H,,,Evaluation of the Adaptation and Fracture Resistance of Three CAD-CAM Resin Ceramics: An In vitro Study.,,The journal of contemporary dental practice,,https://scholar.google.com/citations?view_op=view_citation&hl=en&user=0lfZRAEAAAAJ&cstart=20&pagesize=80&citation_for_view=0lfZRAEAAAAJ:Se3iqnhoufwC,5.0,,"Nicolas Naffah, Hani Ounsi, Mutlu Ozcan, Hsein Bassal, Ziad Salameh","AIM
The internal fit and resistance to fracture of resin ceramics are to be evaluated compared to that of lithium disilicate as the control group.
MATERIALS AND METHODS
Four groups of 20 crowns each (GC Cerasmart, Vita Enamic, Coltène Brilliant Crios, and e.max CAD) were cemented on identical metal dies. Marginal gaps were measured before cementation and load to fracture was applied after cementation, half of each group was thermodynamically aged (3,000 cycles of 5° to 55° immersion followed by 200,000 cycles of 100 N load), finally the crowns were loaded until fracture in a universal testing machine. Statistical package for social sciences (SPSS) package 23 was used for statistical work.
RESULTS
Marginal gaps ranged between 68.5 ± 23.8 µm and 87 ± 29.1 µm while occlusal gaps ranged from 220.7 ± 33.3 µm to 275.5 ± 46.5 µm and were not significantly different between groups. Fracture loads ranged from 633.8 ± 127.3 N to 1596.4 ± 497.7 N with lithium disilicate glass ceramics (LDGCs) and Enamic having higher values than resin nano-ceramics (RNCs). The fracture resistance was more related to material than aging and gap value.
CONCLUSION
The margin adaptation of resin ceramics was comparable to lithium disilicate with no significant difference. Lithium disilicate showed a higher resistance than resin ceramics and there was a higher resistance to fracture for polymer-infiltrated ceramic-network (PICN) than RNCs.
CLINICAL SIGNIFICANCE
Resin ceramics can have marginal adaptation and fracture resistance within clinical acceptance; therefore, they can be a good chair-side solution achieved in a single appointment …",dental materials,0.202
,,"Bond strength of composite core build-up materials to fiber-reinforced posts: a microtensile comparison between conventional and wet-ethanol bonding systems.
HF Ounsi, Z Salameh, CA Carvalho, A Cantoro… - Journal of Adhesive Dentistry, 2009
Cited by 22 Related articles All 5 versions",2009/9/1,11.0,,,,,,"dentistry, endodontics, dental materials",Cited by 22,Ounsi H,,,Bond strength of composite core build-up materials to fiber-reinforced posts: a microtensile comparison between conventional and wet-ethanol bonding systems.,,Journal of Adhesive Dentistry,,https://scholar.google.com/citations?view_op=view_citation&hl=en&user=0lfZRAEAAAAJ&cstart=20&pagesize=80&citation_for_view=0lfZRAEAAAAJ:qjMakFHDy7sC,5.0,,"Hani F Ounsi, Ziad Salameh, Carlos Augusto Carvalho, Amerigo Cantoro, Simone Grandini, Marco Ferrari","Purpose: To evaluate the interfacial microtensile bond strength between a fiber-reinforced post (Rely× Post) and a core material (Multicore Flow) after placing different bonding agents. Materials and Methods: After post surface treatment, 50 posts were divided into 5 groups. Group 1: Adper Prompt-L-Pop; group 2: SingleBond2; group 3: ScotchBond Multipurpose Plus; group 4: experimental bonding system (wet ethanol bonding technique); group 5: control group. After core reconstruction, the samples were tested with the microtensile test. Fracture type examination and SEM observation followed. Data were statistically analyzed with Kruskall-Wallis non-parametric ANOVA. Results: Microtensile testing revealed significant differences (p < 0.001). There were no differences between groups 1 to 4, but there was a statistically significant difference between groups 1 to 4 and the control. Fracture type observations revealed …",dental materials,0.204
,,"Worldwide prevalence of the lingual canal in mandibular incisors: a multicenter cross-sectional study with meta-analysis
JNR Martins, P Ensinas, F Chan, N Babayeva… - Journal of endodontics, 2023
Cited by 20 Related articles All 11 versions",2023/7/1,49.0,https://www.sciencedirect.com/science/article/pii/S0099239923002820,,,,819-835,"dentistry, endodontics, dental materials",Cited by 20,Ounsi H,,,Worldwide prevalence of the lingual canal in mandibular incisors: a multicenter cross-sectional study with meta-analysis,,Journal of endodontics,,https://scholar.google.com/citations?view_op=view_citation&hl=en&user=0lfZRAEAAAAJ&cstart=20&pagesize=80&citation_for_view=0lfZRAEAAAAJ:isC4tDSrTZIC,7.0,Elsevier,"Jorge NR Martins, Pablo Ensinas, Francis Chan, Narin Babayeva, Murilo von Zuben, Luiza Berti, Ernest WN Lam, Marcia Antúnez, Fan Pei, Catalina Mendez de la Espriella, Walter Vargas, Juan Carlos Izquierdo Camacho, Moataz-Bellah AM Alkhawas, Tiago Pimentel, Fábio Santiago, Hans Willi Herrmann, Antonis Chaniotis, Gergely Benyocs, Magnús F Ragnarsson, Jojo Kottoor, Avi Shemesh, Raffaella Castagnola, Sriteja Tummala, Satoru Matsunaga, Arina Maksimova, Hani Ounsi, Abhishek Parolia, Ruben Rosas Aguilar, Olabisi H Oderinu, Muhammad Nazeer, Carlos Heilborn, Christian Nole, Sergiu Nicola, Elena Lipatova, Hussam Alfawaz, Hussein C Seedat, Seok Woo Chang, Jose Antonio Gonzalez, Zaher Altaki, Danuchit Banomyong, Ali Keles, Iliana Modyeievsky, Adam Monroe, Carlos Boveda, Emmanuel JNL Silva, Michael Solomonov, Joe Ben Itzhak, Marco A Versiani","Introduction
This cross-sectional study assessed the influence of patient demographics on the worldwide prevalence of a lingual canal in mandibular incisors.
Methods
Twenty-six thousand four hundred mandibular incisors were evaluated using cone-beam computed tomography imaging by precalibrated observers from 44 countries. A standardized screening method was employed to collect data on the presence of a lingual canal, the anatomic configuration of the root canal, and number of roots. Patient demographic information (age, sex, and ethnicity) was also recorded. Multiple intra and interrater tests assessed the reliability of the observers and groups, and a meta-analysis was used to examine differences and heterogeneities (α = 5%).
Results
The prevalence of the lingual canal in mandibular central and lateral incisors varied from 2.3% (0.06%–4.0%; Nigeria) to 45.3% (39.7%–51.0%; Syria) and from 2.3% (0 …",Unclassified,0.0
,,"Worldwide assessment of the root and root canal characteristics of maxillary premolars–a multi-center cone-beam computed tomography cross-sectional study with meta-analysis
JNR Martins, P Ensinas, F Chan, N Babayeva… - Journal of endodontics, 2024
Cited by 19 Related articles All 8 versions",2024/1/1,50.0,,,,,31-54,"dentistry, endodontics, dental materials",Cited by 19,Ounsi H,,,Worldwide assessment of the root and root canal characteristics of maxillary premolars–a multi-center cone-beam computed tomography cross-sectional study with meta-analysis,,Journal of endodontics,,https://scholar.google.com/citations?view_op=view_citation&hl=en&user=0lfZRAEAAAAJ&cstart=20&pagesize=80&citation_for_view=0lfZRAEAAAAJ:k_IJM867U9cC,1.0,Elsevier,"Jorge NR Martins, Pablo Ensinas, Francis Chan, Narin Babayeva, Murilo von Zuben, Luiza Berti, Ernest WN Lam, Marcia Antúnez, Fan Pei, Catalina Mendez de la Espriella, Walter Vargas, Juan Carlos Izquierdo Camacho, Moataz-Bellah AM Alkhawas, Tiago Pimentel, Fábio Santiago, Hans Willi Herrmann, Antonis Chaniotis, Gergely Benyocs, Magnús F Ragnarsson, Jojo Kottoor, Avi Shemesh, Raffaella Castagnola, Sriteja Tummala, Satoru Matsunaga, Arina Maksimova, Hani Ounsi, Abhishek Parolia, Ruben Rosas Aguilar, Olabisi H Oderinu, Muhammad Rizwan Nazeer, Carlos Heilborn, Christian Nole, Sergiu Nicola, Elena Lipatova, Hussam Alfawaz, Hussein C Seedat, Seok Woo Chang, Jose Antonio Gonzalez, Zaher Altaki, Danuchit Banomyong, Ali Keles, Iliana Modyeievsky, Adam Monroe, Carlos Boveda, Emmanuel JNL Silva, Michael Solomonov, Joe Ben Itzhak, Marco A Versiani","Introduction
This worldwide study examined the root and root canal characteristics of maxillary premolars and explored how demographic factors impact the outcomes.
Methods
Observers from 44 countries assessed 26,400 maxillary premolars using cone-beam computed tomography and employed a standardized screening method to gather data on multiple canal morphology and 3-rooted configuration (primary outcomes), as well as secondary outcomes related to root and root canal anatomies. Demographic factors such as ethnicity, sex, and age were collected for each participant. The intra- and inter-observer tests ensured observer reliability. Primary outcomes were represented as odds ratios and untransformed proportions accompanied by 95% confidence interval (CI) forest plots. Meta-analysis compared sub-groups and identified sources of heterogeneity (α = 5%).
Results
The overall prevalence of multiple …",Unclassified,0.0
,,"Influence of single post, oval, and multi-post restorative techniques and amount of residual tooth substance on fracture strength of endodontically treated maxillary premolars
V Spicciarelli, C Marruganti, C Di Matteo, M Martignoni… - Journal of Oral Science, 2021
Cited by 15 Related articles All 8 versions",2021,63.0,https://www.jstage.jst.go.jp/article/josnusd/63/1/63_20-0338/_pdf,,,,70-74,"dentistry, endodontics, dental materials",Cited by 15,Ounsi H,,,"Influence of single post, oval, and multi-post restorative techniques and amount of residual tooth substance on fracture strength of endodontically treated maxillary premolars",,Journal of Oral Science,,https://scholar.google.com/citations?view_op=view_citation&hl=en&user=0lfZRAEAAAAJ&cstart=20&pagesize=80&citation_for_view=0lfZRAEAAAAJ:e5wmG9Sq2KIC,1.0,Nihon University School of Dentistry,"Valentina Spicciarelli, Crystal Marruganti, Carla Di Matteo, Marco Martignoni, Hani Ounsi, Tiziana Doldo, Marco Ferrari, Simone Grandini","Purpose: The aim of this study was to compare the influence of the number of coronal walls and post-endodontic restorations on the mechanical strength of 165 recently extracted endodontically treated maxillary premolars.
Methods: The teeth were divided into 3 control (no post) and 3 test groups according to the number of residual walls. Each test group was divided into subgroups according to the type of post-endodontic restoration (single, oval, and multi-post techniques). Samples were prepared conforming to the assigned subgroup. A universal loading machine applied a load parallel to the longitudinal axis of the teeth, thus simulating physiological occlusion. ANOVA and the Kruskal Wallis test were used for comparisons (P≤ 0.05), and Tukey’s test for multiple comparisons.
Results: For intact teeth, significant differences were found among all 3 subgroups, with single post showing the highest values. For 3 residual walls, oval post resulted in significantly lower values than single and multi-post systems. For 2 residual walls, the multi-post technique showed almost twice the resistance of oval post restorations.
Conclusion: In oval canals the use of a single or multi-post technique increased post-and-core resistance even in intact teeth, whereas oval fiber posts showed no improvements. Multi-post design improved fracture resistance mostly in maxillary premolars lacking both marginal ridges.",endodontics,0.4
,,"Worldwide anatomic characteristics of the mandibular canine—a multicenter cross-sectional study with meta-analysis
JNR Martins, P Ensinas, F Chan, N Babayeva… - Journal of Endodontics, 2024
Cited by 13 Related articles All 8 versions",2024/4/1,50.0,https://www.sciencedirect.com/science/article/pii/S0099239924000499,,,,456-471,"dentistry, endodontics, dental materials",Cited by 13,Ounsi H,,,Worldwide anatomic characteristics of the mandibular canine—a multicenter cross-sectional study with meta-analysis,,Journal of Endodontics,,https://scholar.google.com/citations?view_op=view_citation&hl=en&user=0lfZRAEAAAAJ&cstart=20&pagesize=80&citation_for_view=0lfZRAEAAAAJ:BqipwSGYUEgC,4.0,Elsevier,"Jorge NR Martins, Pablo Ensinas, Francis Chan, Narin Babayeva, Murilo von Zuben, Luiza Berti, Ernest WN Lam, Marcia Antúnez, Fan Pei, Catalina Mendez de la Espriella, Walter Vargas, Juan Carlos Izquierdo Camacho, Moataz-Bellah AM Alkhawas, Tiago Pimentel, Fábio Santiago, Hans Willi Herrmann, Antonis Chaniotis, Gergely Benyocs, Magnús F Ragnarsson, Jojo Kottoor, Avi Shemesh, Raffaella Castagnola, Sriteja Tummala, Satoru Matsunaga, Arina Maksimova, Hani Ounsi, Abhishek Parolia, Ruben Rosas Aguilar, Olabisi H Oderinu, Muhammad Rizwan Nazeer, Carlos Heilborn, Christian Nole, Sergiu Nicola, Elena Lipatova, Hussam Alfawaz, Hussein C Seedat, Seok Woo Chang, Jose Antonio Gonzalez, Zaher Altaki, Raweewan Arayasantiparb, Ali Keles, Iliana Modyeievsky, Adam Monroe, Carlos Boveda, Emmanuel JNL Silva, Michael Solomonov, Joe Ben Itzhak, Marco A Versiani","Introduction
This study aimed to examine the global prevalence of root and root canal morphologies in mandibular canines and analyze potential influences of region, ethnicity, sex, and age on the proportion of a second root and root canal configuration.
Methods
Observers from 44 countries screened 13,200 canines using cone-beam computed tomographic exams and gathered data on the percentages of 2 root canal morphologies and 2-rooted configurations (primary outcomes), as well as the root canal configurations (secondary outcome). Demographic factors (ethnicity, sex, and age) were collected for each participant. Primary outcomes were represented as odds ratios and untransformed proportions accompanied by 95% confidence interval (CI) forest plots. Meta-analysis compared subgroups and identified sources of heterogeneity. Intra- and inter-rater tests were conducted. Statistical significance was set at 5 …",Unclassified,0.0
,,"Influence of endodontic access cavity design on fracture strength of maxillary incisors and premolars and on fatigue resistance of reciprocating instruments
V Spicciarelli, C Marruganti, D Marzocco, M Martignoni… - Frontiers in Dental Medicine, 2020
Cited by 13 Related articles",2020/9/17,1.0,https://www.frontiersin.org/articles/10.3389/fdmed.2020.575010/full,,,,575010,"dentistry, endodontics, dental materials",Cited by 13,Ounsi H,,,Influence of endodontic access cavity design on fracture strength of maxillary incisors and premolars and on fatigue resistance of reciprocating instruments,,Frontiers in Dental Medicine,,https://scholar.google.com/citations?view_op=view_citation&hl=en&user=0lfZRAEAAAAJ&cstart=20&pagesize=80&citation_for_view=0lfZRAEAAAAJ:HDshCWvjkbEC,,Frontiers Media SA,"Valentina Spicciarelli, Crystal Marruganti, Dario Marzocco, Marco Martignoni, Hani Ounsi, Simone Grandini","Introduction: The aim of this study was to compare the effect of two different access cavity designs on fracture strength of endodontically treated teeth and on cyclic fatigue resistance of Reciproc blue instruments.
Methods: Forty (40) maxillary central incisor teeth and forty (40) upper first premolars were selected and divided into 4 groups (n = 20/group): Group 1A, incisors prepared with conservative access cavity (CEC); group 1B, incisors prepared with traditional access cavity (TEC); group 2A, premolars prepared with CEC; group 2B, premolars prepared with TEC. After access cavity preparation, all teeth were endodontically treated, restored, and then loaded to fracture. A total of 80 Reciproc blue R25 files were used for root canal shaping and then tested for cyclic fatigue. Normality of data distribution was evaluated by Kolmogorov-Smirnov test. Data were statistically analyzed by Independent T-test and the significance level was set at p < 0.05.
Results: No statistically significant differences in fracture strength were found between the two tested access cavities both for incisors (P = 0.70) and premolars (0.422). Cyclic fatigue resistance of Reciproc blue R25 was significantly reduced in endodontically treated teeth with CEC (P < 0.001).
Conclusions: Within the limits of the present in vitro study, CEC does not increase fracture strength of endodontically treated teeth in comparison to TEC. Conservative Endodontic Cavity causes more cyclic fatigue of Reciproc blue R25 than Traditional Endodontic Cavity.",endodontics,0.4
,,"Push-out bond strength of fiber posts cemented using new universal adhesives on etched and nonetched intraradicular dentin
V Spicciarelli, HF Ounsi, M Ferrari, G Corsentino… - Journal of Contemporary Dental Practice, 2020
Cited by 12 Related articles All 10 versions",2020,21.0,https://usiena-air.unisi.it/retrieve/e0feeaa9-e959-44d2-e053-6605fe0a8db0/Push-out%20Bond%20Strength%20of%20Fiber%20Posts-Spicciarelli-2020.pdf,,,,91-96,"dentistry, endodontics, dental materials",Cited by 12,Ounsi H,,,Push-out bond strength of fiber posts cemented using new universal adhesives on etched and nonetched intraradicular dentin,,Journal of Contemporary Dental Practice,,https://scholar.google.com/citations?view_op=view_citation&hl=en&user=0lfZRAEAAAAJ&cstart=20&pagesize=80&citation_for_view=0lfZRAEAAAAJ:hFOr9nPyWt4C,1.0,,"Valentina Spicciarelli, Hani F Ounsi, Marco Ferrari, Giacomo Corsentino, Crystal Marruganti, Simone Grandini","Aim: The aim of this study was to assess if the curing mode and the etching mode could affect the push-out bond strength of different post cementation systems using two universal adhesives.
Materials and methods: A total of 100 single-rooted teeth were divided into Prime & Bond Elect (PBE), Prime & Bond Active (PBA), and Prime & Bond XP (PBXP) as a control. The PBE, PBA, and PBXP were used in the self-etch (SE) and etch and rinse (E&R) mode. Post cementation was performed using Core X flow used in dark-cure and in light-cure. Data were analyzed using the one-way ANOVA test and post hoc Bonferroni and Dunnet tests. The Student’s t test was performed to find significance between two independent groups. Results: Bond strength was significantly influenced by the adhesive strategies. The PBE and PBA obtained higher values when used in the SE mode (p< 0.001). Light-cured groups obtained significantly higher values (p< 0.001) compared to dark-cured groups. The post space region also had a significant effect on the bond strength; the apical third recorded lower values in all groups (p< 0.001). Conclusion: The PBA and PBE universal adhesives obtained higher PBS values when used in the SE mode and followed by the light-curing of resin cement.
Clinical significance: Universal adhesives represent a good alternative to the conventional total-etch adhesive system for fiber post cementation. Since they perform better in SE, they would be recommendable in clinical practice, as they can be used with a simplified technique.",dentistry,0.4
,,"Structural and morphological evaluation of presintered zirconia following different surface treatments
H Skienhe, R Habchi, H Ounsi, M Ferrari, Z Salameh - J Contemp Dent Pract, 2018
Cited by 10 Related articles All 11 versions",2018/2/1,19.0,https://www.thejcdp.com/doi/JCDP/pdf/10.5005/jp-journals-10024-2230,,,,156-165,"dentistry, endodontics, dental materials",Cited by 10,Ounsi H,,,Structural and morphological evaluation of presintered zirconia following different surface treatments,,J Contemp Dent Pract,,https://scholar.google.com/citations?view_op=view_citation&hl=en&user=0lfZRAEAAAAJ&cstart=20&pagesize=80&citation_for_view=0lfZRAEAAAAJ:kNdYIx-mwKoC,2.0,,"Hasan Skienhe, Roland Habchi, H Ounsi, Marco Ferrari, Ziad Salameh","Aim: The aim of this study was to evaluate the effect of different surface treatments on roughness, grain size, and phase transformation of presintered zirconia.
Materials and methods: Surface treatments included airborne particle abrasion (APA) before and after sintering with different particles shape, size, and pressure (50 μm Al2O3, 50 μm glass beads, and ceramic powder). Thirty-five square-shaped presintered yttrium-stabilized tetragonal zirconia polycrystal (Y-TZP) ceramic slabs (Zenostar ZR bridge, Wieland) were prepared (4 mm height× 10 mm width× 10 mm length) and polished with silicon carbide grit papers# 800, 1000, 1200, 1500, and 2000 to ensure identical initial roughness. Specimens were divided into five groups according to surface treatment: group I (control): no surface treatment; group II: APA 50 μm Al2O3 after sintering; group III: APA 50 μm Al2O3 particles before sintering; group IV: APA 50 μm glass bead particles before sintering; and group V: APA ceramic powder before sintering. Specimens were analyzed using scanning electron microscopy (SEM), atomic force microscopy (AFM), X-ray diffraction (XRD) analyses, and tested for shear bond strength (SBS). Data were statistically analyzed using one-way analysis of variance (ANOVA) followed by post hoc tests for multiple comparisons Tukey’s test (α≥ 0.05).",dental materials,0.203
,,"Influence of remaining tooth substance and post-endodontic restoration on fracture strength of endodontically treated maxillary incisors
V Spicciarelli, C Marruganti, I Fedele, M Martignoni… - Dental Materials Journal, 2021
Cited by 9 Related articles All 9 versions",2021/5/25,40.0,https://www.jstage.jst.go.jp/article/dmj/40/3/40_2020-220/_pdf,,,,697-703,"dentistry, endodontics, dental materials",Cited by 9,Ounsi H,,,Influence of remaining tooth substance and post-endodontic restoration on fracture strength of endodontically treated maxillary incisors,,Dental Materials Journal,,https://scholar.google.com/citations?view_op=view_citation&hl=en&user=0lfZRAEAAAAJ&cstart=20&pagesize=80&citation_for_view=0lfZRAEAAAAJ:R3hNpaxXUhUC,3.0,The Japanese Society for Dental Materials and Devices,"Valentina Spicciarelli, Crystal Marruganti, Ilaria Fedele, Marco Martignoni, Hani Ounsi, Marco Ferrari, Simone Grandini","The aim is to evaluate the influence of remaining tooth substance and post-endodontic restoration on fracture strength of endodontically treated maxillary incisors. 150 maxillary central incisors were divided into three groups, Group 0, intact teeth; Group 1, removal of distal wall; Group 2, removal of mesial and distal walls, and further into two subgroups A0, A1, A2 and B0, B1, B2 according to post-endodontic restoration (post/no-post), then loaded to fracture. Interactions among variables and intergroup significance were tested with two-way ANOVA and Kruskal Wallis’s tests (p≤ 0.05). Tukey’s test was applied for multiple comparisons. Statistically significant differences were found between groups B1-A1, and B2-A2, but they were not found between B0-A0. Intragroup analysis showed statistically significant differences in both groups post/no-post with decreasing dental substance. Fiber post placement causes an increase in fracture strength and a reduction of irreparable fractures in endodontically treated maxillary central incisors that lost at least one wall.",endodontics,0.4
,,"Shaping effectiveness and surface topography of reciprocating files after multiple simulated uses
V Spicciarelli, G Corsentino, HF Ounsi, M Ferrari… - Journal of Oral Science, 2019
Cited by 9 Related articles All 8 versions",2019,61.0,https://www.jstage.jst.go.jp/article/josnusd/61/1/61_17-0311/_pdf,,,,45-52,"dentistry, endodontics, dental materials",Cited by 9,Ounsi H,,,Shaping effectiveness and surface topography of reciprocating files after multiple simulated uses,,Journal of Oral Science,,https://scholar.google.com/citations?view_op=view_citation&hl=en&user=0lfZRAEAAAAJ&cstart=20&pagesize=80&citation_for_view=0lfZRAEAAAAJ:9ZlFYXVOiuMC,1.0,Nihon University School of Dentistry,"Valentina Spicciarelli, Giacomo Corsentino, Hani F Ounsi, Marco Ferrari, Simone Grandini","This in vitro study assessed morphological changes and efficiency of reciprocating files after multiple uses. Sixty standardized Endo Training Blocks and 10 ReciprocR25 files were selected (six blocks for each file). Each file was its own control (before use vs. after each instrumentation). The instruments were used according to the manufacturer’s instructions, and scanning electron microscopy was used to observe fatigue cracks, metal strips/metal flash, pitting, fretting, debris, disruption of the cutting edge, and plastic deformations after each instrumentation. The presence of seven wear variables was scored semiquantitatively by viewing micrographs collected before and after use. The prepared areas in resin blocks were calculated and compared by using AutoCAD software. The control group had significantly lower values for all wear variables except fretting and plastic deformation. The presence of fatigue cracks and metal strips/metal flash significantly differed between unused instruments and instruments used four or five times, in all observed sections. The area of instrumented Endo Training Blocks significantly differed in relation to the number of instrument uses. The Reciproc files wore progressively, and repeated use affected their shaping efficiency in simulated canals.",endodontics,0.4
,,"Effetct of repeated use on the shapping ability of ProTaper Universal Rotary files
H Ounsi, G Franciosi, R Paragliola, C Goracci… - INTERNATIONAL DENTISTRY SOUTH AFRICA, 2010
Cited by 9 Related articles",2010,12.0,,,,,7-30,"dentistry, endodontics, dental materials",Cited by 9,Ounsi H,,,Effetct of repeated use on the shapping ability of ProTaper Universal Rotary files,,INTERNATIONAL DENTISTRY SOUTH AFRICA,,https://scholar.google.com/citations?view_op=view_citation&hl=en&user=0lfZRAEAAAAJ&cstart=20&pagesize=80&citation_for_view=0lfZRAEAAAAJ:RGFaLdJalmkC,6.0,,"H Ounsi, Giovanni Franciosi, Raffaele Paragliola, Cecilia Goracci, Simone Grandini","Effetct of repeated use on the shapping ability of ProTaper Universal Rotary files IRIS IRIS Home Sfoglia Macrotipologie & tipologie Autore Titolo Riviste Serie IT Italiano Italiano English English LOGIN 1.Usiena air - Università di Siena 2.Catalogo Ricerca UNISI 3.1 Contributo su Rivista 4.1.1 Articolo in rivista Ounsi, H., Franciosi, G., Paragliola, R., Goracci, C., Grandini, S. (2010). Effetct of repeated use on the shapping ability of ProTaper Universal Rotary files. INTERNATIONAL DENTISTRY SOUTH AFRICA, 12(6), 7-30. Effetct of repeated use on the shapping ability of ProTaper Universal Rotary files Paragliola R;GORACCI, CECILIA;GRANDINI, SIMONE 2010-01-01 Scheda breve Scheda completa Scheda completa (DC) SFX Query Anno 2010 Rivista su cui è pubblicata l'opera INTERNATIONAL DENTISTRY SOUTH AFRICA Citazione Ounsi, H., Franciosi, G., Paragliola, R., Goracci, C., Grandini, S. (2010). Effetct of …",dentistry,0.605
,,"Immediate and Delayed Bond Strength of a Multimode Adhesive to Deep Coronal Dentin Following Different Root Canal Irrigation Regimens.
V Spicciarelli, P Neelakantan, E Cantini, DA Marzocco… - Journal of Adhesive Dentistry, 2021
Cited by 8 Related articles All 4 versions",2021/3/1,23.0,,,,,,"dentistry, endodontics, dental materials",Cited by 8,Ounsi H,,,Immediate and Delayed Bond Strength of a Multimode Adhesive to Deep Coronal Dentin Following Different Root Canal Irrigation Regimens.,,Journal of Adhesive Dentistry,,https://scholar.google.com/citations?view_op=view_citation&hl=en&user=0lfZRAEAAAAJ&cstart=20&pagesize=80&citation_for_view=0lfZRAEAAAAJ:j3f4tGmQtD8C,2.0,,"Valentina Spicciarelli, Prasanna Neelakantan, Eleonora Cantini, Dario A Marzocco, Hani F Ounsi, Crystal Marruganti, Simone Grandini","Purpose: To investigate the effects of root canal irrigants, dentin surface treatment, and timing of the restoration on the microtensile bond strength (μTBS) of a universal adhesive to deep coronal dentin. Materials and Methods: Ninety (90) intact molars were grouped according to the irrigation protocol: group 0 (saline, control group); group 1: 5.25% sodium hypochlorite (NaOCl), 17% ethylenediaminetetraacetic acid (EDTA) followed by 5.25% NaOCl; group 2: 18% etidronic acid (HEDP)+ 5.25% NaOCl in a single mixture. Groups 1 and 2 were divided into 2 subgroups (n== 10) according to the time of restoration: immediate (subgroup A) and after 7 days (subgroup B). Four other groups (n= 10) were created according to the dentin surface pretreatment and received an immediate restoration: group 3: 5.25% NaOCl-17% EDTA and AH Plus Cleaner; group 4: 5.25% NaOCl-17% EDTA and 100% ethanol; group 5: 5.25 …",dentistry,0.4
,,"Influence of calcium hydroxide intracanal medication on the sealing ability of warm gutta-percha.
A Naaman, H Kaloustian, NN Abboud, HF Ounsi… - General Dentistry, 2008
Cited by 8 Related articles All 2 versions",2008/5/1,56.0,,,,,348-352,"dentistry, endodontics, dental materials",Cited by 8,Ounsi H,,,Influence of calcium hydroxide intracanal medication on the sealing ability of warm gutta-percha.,,General Dentistry,,https://scholar.google.com/citations?view_op=view_citation&hl=en&user=0lfZRAEAAAAJ&cstart=20&pagesize=80&citation_for_view=0lfZRAEAAAAJ:dhFuZR0502QC,4.0,,"Alfred Naaman, Hrant Kaloustian, NN Abboud, Hani Fouad Ounsi, Catherine Ricci, Etienne Medioni","This in vitro study sought to evaluate the influence of calcium hydroxide on the sealing ability of vertically condensed warm gutta-percha filling. Sixty single-rooted teeth were instrumented with a rotary system and divided randomly into two groups of 26 teeth each; the remaining eight teeth were divided into two groups of four to serve as negative and positive controls. The canals in the first group were filled with calcium hydroxide paste while the canals in the second group received no medication. Seven days after incubation, root canal dressings were removed by irrigation, using 5.25% sodium hypochlorite associated with ultrasonics and 50% citric acid. All specimens were filled using the warm gutta-percha vertical compaction technique, placed in test tubes containing India ink, and centrifuged at 30 G for five minutes; at that point, the dye penetration level was scored. Under the conditions of this study, the calcium hydroxide group showed significantly greater dye penetration than the non-medicated group.",Unclassified,0.0
,,"Influence of rotational speed and glide path on cyclic fatigue resistance of XP-endo shaper
AA Ates, B Arican, HF Ounsi - Nigerian Journal of Clinical Practice, 2020
Cited by 7 Related articles All 3 versions",2020/10/1,23.0,https://journals.lww.com/njcp/fulltext/2020/23100/Influence_of_Rotational_Speed_and_Glide_Path_on.17.aspx,,,,1443-1448,"dentistry, endodontics, dental materials",Cited by 7,Ounsi H,,,Influence of rotational speed and glide path on cyclic fatigue resistance of XP-endo shaper,,Nigerian Journal of Clinical Practice,,https://scholar.google.com/citations?view_op=view_citation&hl=en&user=0lfZRAEAAAAJ&cstart=20&pagesize=80&citation_for_view=0lfZRAEAAAAJ:_Qo2XoVZTnwC,10.0,Medknow,"A Atav Ates, B Arican, HF Ounsi","Aim:
The aim of this study was to evaluate the effect of the different rotational speeds and creating a glide path on cyclic fatigue resistance of XP-endo Shaper®(XPS)(FKG Dentaire SA, La Chaux-de-Fonds, Switzerland) at intracanal temperature.
Materials and Methods:
Ninety-six XPS files were divided into 6 groups [directly used at 1000 rpm (G1) or 3000 rpm (G4), with glide path at 1000 rpm (G2) or 3000 rpm (G4), without glide path at 1000 rpm (G3) and 3000 rpm (G6)]. All the instruments were rotated in a stainless-steel artificial canal with a 75 angle of curvature, 7.5 mm radius of curvature, and 1.3 mm inner diameter until the fracture occurred. The number of cycles to failure (NCF) and the length of the fractured (LF) segments were evaluated. Weibull analysis, one-way ANOVA, and Tukey multiple comparison tests were performed with the significance level set at 0.05.
Results:
NCF of 3000 rpm groups was …",dental materials,0.404
,,"Effect of fiber post and resin core restorations on fracture resistance and pattern of endodontically treated mandibular molars.
Z Salameh, R Sorrentino, F Papacchini, H Ounsi… - GIORNALE ITALIANO DI CONSERVATIVA, 2006
Cited by 6 Related articles",2006,,,,,,174,"dentistry, endodontics, dental materials",Cited by 6,Ounsi H,,,Effect of fiber post and resin core restorations on fracture resistance and pattern of endodontically treated mandibular molars.,,GIORNALE ITALIANO DI CONSERVATIVA,,https://scholar.google.com/citations?view_op=view_citation&hl=en&user=0lfZRAEAAAAJ&cstart=20&pagesize=80&citation_for_view=0lfZRAEAAAAJ:L8Ckcad2t8MC,,,"Z Salameh, Roberto Sorrentino, F Papacchini, H Ounsi, E Tashkandi, C Goracci, M Ferrari","Effect of fiber post and resin core restorations on fracture resistance and pattern of endodontically treated mandibular molars/Salameh, Z.; Sorrentino, Roberto; Papacchini, F.; Ounsi, H.; Tashkandi, E.; Goracci, C.; Ferrari, M..-In: GIORNALE ITALIANO DI CONSERVATIVA.-ISSN 1724-2908.-(2006), p. 174.",endodontics,0.4
,,"Worldwide Prevalence of Single-rooted with a Single Root Canal and Four-rooted Configurations in Maxillary Molars: A Multi-center Cross-sectional Study with Meta-analysis
JNR Martins, P Ensinas, F Chan, N Babayeva… - Journal of Endodontics, 2024
Cited by 5 Related articles All 5 versions",2024/9/1,50.0,https://www.researchgate.net/profile/Marco-Versiani/publication/381713836_Worldwide_Prevalence_of_Single-Rooted_with_a_Single_Root_Canal_and_Four-Rooted_Configurations_in_Maxillary_Molars_A_Multi-Center_Cross-Sectional_Study_with_Meta-Analysis/links/66a79996c6e41359a8499883/Worldwide-Prevalence-of-Single-Rooted-with-a-Single-Root-Canal-and-Four-Rooted-Configurations-in-Maxillary-Molars-A-Multi-Center-Cross-Sectional-Study-with-Meta-Analysis.pdf,,,,1254-1272,"dentistry, endodontics, dental materials",Cited by 5,Ounsi H,,,Worldwide Prevalence of Single-rooted with a Single Root Canal and Four-rooted Configurations in Maxillary Molars: A Multi-center Cross-sectional Study with Meta-analysis,,Journal of Endodontics,,https://scholar.google.com/citations?view_op=view_citation&hl=en&user=0lfZRAEAAAAJ&cstart=20&pagesize=80&citation_for_view=0lfZRAEAAAAJ:NMxIlDl6LWMC,9.0,Elsevier,"Jorge NR Martins, Pablo Ensinas, Francis Chan, Narin Babayeva, Murilo von Zuben, Luiza Berti, Ernest WN Lam, Rodrigo Villanueva, Fan Pei, Catalina Mendez de la Espriella, Walter Vargas, Juan Carlos Izquierdo Camacho, Moataz-Bellah AM Alkhawas, Tiago Pimentel, Fábio Santiago, Hans Willi Herrmann, Antonis Chaniotis, Gergely Benyocs, Magnús F Ragnarsson, Jojo Kottoor, Avi Shemesh, Raffaella Castagnola, Sriteja Tummala, Satoru Matsunaga, Arina Maksimova, Hani Ounsi, Abhishek Parolia, Ruben Rosas Aguilar, Olabisi H Oderinu, Muhammad Rizwan Nazeer, Carlos Heilborn, Christian Nole, Sergiu Nicola, Elena Lipatova, Hussam Alfawaz, Hussein C Seedat, Seok Woo Chang, Jose Antonio Gonzalez, Zaher Altaki, Danuchit Banomyong, Ali Keles, Iliana Modyeievsky, Adam Monroe, Carlos Boveda, Mohammed Turky, Emmanuel JNL Silva, Michael Solomonov, Joe Ben Itzhak, Marco A Versiani","Introduction
To evaluate the prevalence of single root with a single root canal and four-root configurations in the maxillary first and second molars, and analyze how geographic region, ethnicity, sex, and age impact these outcomes.
Methods
Researchers from 44 nations examined 26,400 maxillary molars using cone-beam computed tomography scans to gather data on the proportions of single roots with single canals and four-root configurations. All observers underwent prior calibration regarding the step-by-step assessment protocol and anatomical concepts to ensure consistent evaluations across all assessed locations. Tests were conducted to evaluate the intraobserver and interobserver reliability. Demographic data including ethnicity, gender, and age were collected for each participant. The potential impact of imaging voxel size and field-of-view on bias was also assessed. The primary results were depicted as …",Unclassified,0.0
,,"Application of Tribology Concept in Dental Composites Field: A Scoping Review
GRM La Rosa, L Generali, C Bugea, HF Ounsi… - Journal of Functional Biomaterials, 2022
Cited by 5 Related articles All 10 versions",2022/12/8,13.0,https://www.mdpi.com/2079-4983/13/4/287,,,Journal of Functional Biomaterials,287,"dentistry, endodontics, dental materials",Cited by 5,Ounsi H,,,Application of Tribology Concept in Dental Composites Field: A Scoping Review,,,,https://scholar.google.com/citations?view_op=view_citation&hl=en&user=0lfZRAEAAAAJ&cstart=20&pagesize=80&citation_for_view=0lfZRAEAAAAJ:blknAaTinKkC,4.0,MDPI,"Giusy Rita Maria La Rosa, Luigi Generali, Calogero Bugea, Hani F Ounsi, Gergely Benyőcs, Prasanna Neelakantan, Eugenio Pedullà","Tribology is the discipline concerning the application of friction, lubrication, and wear concepts of interacting surfaces in relative motion. A growing interest has developed in tribology application in medical biomaterials, such as resin composites used in restorative dentistry. Yet, the keywords “tribology” and “biotribology” are little applied in the pertinent publications. The aim of this scoping review was to offer an overview of tribology application in dental composites research and to identify knowledge gaps and address future research. A literature search was conducted on Pubmed and Scopus databases and the studies investigating the tribological behavior of resin composites were included for qualitative synthesis. The majority of studies on dental tribology were published in the research areas of mechanical engineering/nanotechnology and differed in several methodological aspects. The preponderant engineering approach and the lack of standardized testing make the laboratory findings poorly informative for clinicians. Future research should focus on the tribological behavior of dental materials composites by means of an integrated approach, i.e., engineering and clinical, for improving development and advancement in this field of research.",dental materials,0.608
,,"Push out bond strength of FRC posts using conventional and wet ethanol bonding systems: An ex-vivo study
HF Ounsi, Z Salameh, MN Aboushelib, S Grandini - Int dent S Afr, 2009
Cited by 5 Related articles All 5 versions",2009/5,11.0,https://www.academia.edu/download/45062115/ounsi.pdf,,,,22-7,"dentistry, endodontics, dental materials",Cited by 5,Ounsi H,,,Push out bond strength of FRC posts using conventional and wet ethanol bonding systems: An ex-vivo study,,Int dent S Afr,,https://scholar.google.com/citations?view_op=view_citation&hl=en&user=0lfZRAEAAAAJ&cstart=20&pagesize=80&citation_for_view=0lfZRAEAAAAJ:mB3voiENLucC,,,"Hani F Ounsi, Ziad Salameh, Moustafa N Aboushelib, Simone Grandini","Purpose
The aim of this study was to compare the bond strength obtained on root canal walls when using two different adhesive systems to bond a fiber reinforced composite (FRC) post inside a root canal and to evaluate the type of failure at the resin-dentine interface.
Methodology
Thirty-eight central incisors were root canal treated, divided in 2 groups, and restored using FRC posts luted using resin cement (Multilink). Excite DSC was used as bonding agent in group 1 and an experimental ethanol-wet bonding system was used in group 2. The specimens were cut into 1mm-thick sections and a push-out test was carried out after 24h. Fracture type was assessed using optical and scanning electron microscopy.
Results
Mean and standard deviation for the excite DSC and ethanol-wet groups were respectively 7.6±5.5 and 7.4±5.6 MPa. The Mann-Whitney rank sum test showed no statistical difference between the 2 groups (P= 0.708). With regards to failure type, adhesive failure prevailed in the 2 groups. SEM evaluation revealed that adhesive failures occurred mainly at the resindentin interface.
Conclusions
The 2 bonding systems exhibited similar short-term behavior. A baseline is established to test potential improvement of long-term behavior when using ethanol-wet bonding systems.",dentistry,0.4
,,"Sala eh Z, Al-Shalan T, Ferrari M, Grandini S, Pashley DH. Effect of clinical use on the cyclic fati ue resistance of Pro-Taper nic el-titaniu rotary instru ents
HF Ounsi - J Endod, 2007
Cited by 4 Related articles",2007,33.0,,,,,737-41,"dentistry, endodontics, dental materials",Cited by 4,Ounsi H,,,"Sala eh Z, Al-Shalan T, Ferrari M, Grandini S, Pashley DH. Effect of clinical use on the cyclic fati ue resistance of Pro-Taper nic el-titaniu rotary instru ents",,J Endod,,https://scholar.google.com/citations?view_op=view_citation&hl=en&user=0lfZRAEAAAAJ&cstart=20&pagesize=80&citation_for_view=0lfZRAEAAAAJ:zYLM7Y9cAGgC,,,HF Ounsi,,Unclassified,0.0
,,"Fracture resistance and failure pattern of endodontically treated maxillary premolars restored with fiber reinforced and cast posts and cores
Z Salameh, E Tashkandi, HF Ounsi, MN Aboushelib… - Int Dent SA, 2007
Cited by 3 Related articles",2007,10.0,,,,,12-8,"dentistry, endodontics, dental materials",Cited by 3,Ounsi H,,,Fracture resistance and failure pattern of endodontically treated maxillary premolars restored with fiber reinforced and cast posts and cores,,Int Dent SA,,https://scholar.google.com/citations?view_op=view_citation&hl=en&user=0lfZRAEAAAAJ&cstart=20&pagesize=80&citation_for_view=0lfZRAEAAAAJ:qUcmZB5y_30C,1.0,,"ZIAD Salameh, ESAM Tashkandi, HANI F Ounsi, MOUSTAFA N Aboushelib, RIDWAAN Omar","Objectives: The aim of this study was to compare the fracture resistance and failure modes of endodontically treated maxillary premolars restored by either a glass fiber-reinforced composite post system or a cast gold post and core and restored with all-ceramic crowns.
Materials and Methods: Forty extracted maxillary premolars were selected. After endodontic treatment, the specimens were randomly distributed in two groups (n= 20) and restored with either glass-fiber posts or cast gold post and core, followed by an IPS Empress II crown. Teeth were submitted to loading, after which resistance to fracture was measured. Fracture patterns were observed after ink suffusion. Results: Fracture tests revealed no significant difference in fracture resistance. However, the correlation between the type of post and the type of failure (restorable/non-restorable) was found to be highly significant (Pearson chi-square test, p< 0.001 …",endodontics,0.4
,,"Evaluation of the Color Stability of Three Resin-Ceramic Materials Using a Spectrophotometer and a Digital Photography Software
N Naffah, H Ounsi, M Ozcan, Z Salameh - Contemporary Clinical Dentistry, 2024
Cited by 2 Related articles All 8 versions",2024/1/1,15.0,https://journals.lww.com/cocd/fulltext/2024/15010/evaluation_of_the_color_stability_of_three.8.aspx,,,,44-50,"dentistry, endodontics, dental materials",Cited by 2,Ounsi H,,,Evaluation of the Color Stability of Three Resin-Ceramic Materials Using a Spectrophotometer and a Digital Photography Software,,Contemporary Clinical Dentistry,,https://scholar.google.com/citations?view_op=view_citation&hl=en&user=0lfZRAEAAAAJ&cstart=20&pagesize=80&citation_for_view=0lfZRAEAAAAJ:O3NaXMp0MMsC,1.0,Medknow,"Nicolas Naffah, Hani Ounsi, Mutlu Ozcan, Ziad Salameh","Background:
Computer-aided design/computer-aided manufacturing (CAD/CAM) resin ceramics allow easier milling than glass ceramics but are suspected to be more stainable. Although Photoshop® is widely used for picture analysis, its potential for shade selection has not been properly assessed.
Aim:
Purpose primary: To evaluate the color stability of three CAD/CAM resin ceramics and Lithium Disilicate. Secondary: to compare the color evaluation between a spectrophotometer (Vita Easyshade compact) and Photoshop software.
Materials and Methods:
Three CAD/CAM resin ceramic materials (n= 10) and a fourth group of lithium disilicate were used. Half of each group were thermocycled (5 C and 55 C; 3000 cycles). All samples were immersed in colored beverages (coffee, tea and red wine) for 30 days. Values were obtained by spectrophotometry and photographs analyzed using Photoshop software. The …",dental materials,0.204
,,"Worldwide assessment of the root and root canal characteristics of maxillary premolars–a multi-center CBCT cross-sectional study with meta-analysis
A Parolia, JNR Martins, P Ensinas, F Chan… - Journal of endodontics, 2024
Cited by 1 Related articles",2024,50.0,,,,,31-54,"dentistry, endodontics, dental materials",Cited by 1,Ounsi H,,,Worldwide assessment of the root and root canal characteristics of maxillary premolars–a multi-center CBCT cross-sectional study with meta-analysis,,Journal of endodontics,,https://scholar.google.com/citations?view_op=view_citation&hl=en&user=0lfZRAEAAAAJ&cstart=20&pagesize=80&citation_for_view=0lfZRAEAAAAJ:YFjsv_pBGBYC,1.0,Elsevier Inc,"Abhishek Parolia, Jorge NR Martins, Pablo Ensinas, Francis Chan, Narin Babayeva, Murilo von Zuben, Luiza Berti, Ernest WN Lam, Marcia Antúnez, Fan Pei, Catalina Mendez de la Espriella, Walter Vargas, Juan Carlos Izquierdo Camacho, Moataz-Bellah AM Alkhawas, Tiago Pimentel, Fábio Santiago, Hans Willi Herrmann, Antonis Chaniotis, Gergely Benyocs, Magnús F Ragnarsson, Jojo Kottoor, Avi Shemesh, Raffaella Castagnola, Sriteja Tummala, Satoru Matsunaga, Arina Maksimova, Hani Ounsi, Ruben Rosas Aguilar, Olabisi H Oderinu, Muhammad Rizwan Nazeer, Carlos Heilborn, Christian Nole, Sergiu Nicola, Elena Lipatova, Hussam Alfawaz, Hussein C Seedat, Seok Woo Chang, Jose Antonio Gonzalez, Zaher Altaki, Danuchit Banomyong, Ali Keles, Iliana Modyeievsky, Adam Monroe, Carlos Boveda, Emmanuel JNL Silva, Michael Solomonov, Joe Ben Itzhak, Marco A Versiani, Worldwide Anatomy Research Group","This worldwide study examined the root and root canal characteristics of maxillary premolars and explored how demographic factors impact the outcomes. Observers from 44 countries assessed 26,400 maxillary premolars using cone-beam computed tomography and employed a standardized screening method to gather data on multiple canal morphology and 3-rooted configuration (primary outcomes), as well as secondary outcomes related to root and root canal anatomies. Demographic factors such as ethnicity, sex, and age were collected for each participant. The intra-and inter-observer tests ensured observer reliability. Primary outcomes were represented as odds ratios and untransformed proportions accompanied by 95% confidence interval (CI) forest plots. Meta-analysis compared sub-groups and identified sources of heterogeneity (α= 5%). The overall prevalence of multiple canal morphology in the first premolar was 93.5%(95% CI, 93.3%-94.7%), while in the second premolar, it was 49.7%(95% CI, 44.9%-54.6%). The proportion of 3-rooted configuration was 1.8%(95% CI, 1.4%-2.1%) in the first premolar and 0.4%(95% CI, 0.3%-0.5%) in the second. Asian countries generally displayed fewer roots and root canals, while European nations showed higher counts (P< 0.05). Males exhibited higher percentages and odds ratios for both outcomes in both premolars. Younger patients demonstrated lower percentages of multiple root canal morphologies (P< 0.05). Factors such as tooth side, voxel size and field-of-view did not influence the outcomes (P> 0.05). The worldwide assessment of root and root canal characteristics of maxillary …",Unclassified,0.0
,,,2019,22.0,,,,,45-53,"dentistry, endodontics, dental materials",,Ounsi H,,,Marginale und interne Passung von CAD/CAM-gefertigten Stiftaufbauten mit Glasfaserstiften,,International Journal of Computerized Dentistry,,https://scholar.google.com/citations?view_op=view_citation&hl=en&user=0lfZRAEAAAAJ&cstart=20&pagesize=80&citation_for_view=0lfZRAEAAAAJ:TFP_iSt0sucC,1.0,Quintessenz Verlags GmbH,"Ghassan Moustapha, Munir Silwadi, Hani Ounsi, Marco Ferrari, Ziad Salameh",,Unclassified,0.0
,,"Research Article Evaluation of the Effect of Different Types of Abrasive Surface Treatment before and after Zirconia Sintering on Its Structural Composition and Bond Strength with Resin Cement
H Skienhe, R Habchi, H Ounsi, M Ferrari, Z Salameh - 2018
Related articles All 2 versions",2018,,https://www.academia.edu/download/74800269/1803425.pdf,,,,,"dentistry, endodontics, dental materials",,Ounsi H,,,Research Article Evaluation of the Effect of Different Types of Abrasive Surface Treatment before and after Zirconia Sintering on Its Structural Composition and Bond Strength …,,,,https://scholar.google.com/citations?view_op=view_citation&hl=en&user=0lfZRAEAAAAJ&cstart=20&pagesize=80&citation_for_view=0lfZRAEAAAAJ:iH-uZ7U-co4C,,,"Hasan Skienhe, Roland Habchi, Hani Ounsi, Marco Ferrari, Ziad Salameh","This study evaluated the effect of air abrasion before and after sintering with different particle type, shape, and size on the surface morphology, monoclinic phase transformation, and bond strength between resin cement and zirconia surface using primer containing silane and MDP. Airborne particle abrasion (APA) was performed on zirconia before and after sintering with different particle shape and size (50 𝜇m Al2O3 and 25 𝜇m silica powder). 120 square shaped presintered zirconia samples (Amann Girrbach) were prepared (3 mm height× 10 mm width× 10 mm length) and polished with grit papers# 800, 1000, 1200, 1500, and 2000. Samples were divided into 6 groups according to surface treatment—group A:(control) no surface treatment; group B: APA 50 𝜇m Al2O3 before sintering (BS); group C: APA 50 𝜇m Al2O3 after sintering (AS); group D: APA25 𝜇m silica powder (BS); group E: APA25 𝜇m silica powder (AS) at a pressure of 3.5 bar; and group F: APA 25 𝜇m silica powder (AS) at a pressure of 4 bar. Samples were analyzed using XRD, AFM, and SEM. The samples were submitted to shear bond strength (SBS) test. A dual cure resin cement (RelyX Ultimate) and primer (Scotchbond Universal) were used. Data were analyzed with ANOVA and Tukey test (𝛼≥ 0.05). APA in group B significantly increased the surface roughness when compared to all other groups. A significant monoclinic phase transformation (tm) value was observed in groups C and F and a reverse transformation occurred in presintered groups. The SBS value of group A was 11.58±1.43 and the highest significant shear bond strength value was for groups B (15.86±1.92 …",Unclassified,0.0
,,,2018,,,,,,,"dentistry, endodontics, dental materials",,Ounsi H,,,Journal of Endodontics,,,,https://scholar.google.com/citations?view_op=view_citation&hl=en&user=0lfZRAEAAAAJ&cstart=20&pagesize=80&citation_for_view=0lfZRAEAAAAJ:-f6ydRqryjwC,,,"Anita Aminoshariae, James C Kulild, Ali Syed, Jorge NR Martins, Moataz-bellah AM Alkhawas, Zaher Altaki, Gianmarco Bellardini, Luiza Berti, Carlos Boveda, Antonis Chaniotis, Daniel Flynn, Jose Antonio Gonzalez, Jojo Kottoor, Miguel Seruca Marques, Adam Monroe, Hani F Ounsi, Peter Parashos, Gianluca Plotino, Hussein C Seedat",,endodontics,0.733
,,"Histomorphometric and Micro-CT Analysis of Pulpal Response toGeristoreTM and Calcium Hydroxide: OR 07
HF Ounsi, Z Salameh, K Al-Hezaimi - Journal of Endodontics, 2011
Related articles",2011/3,37.0,,,,,e11,"dentistry, endodontics, dental materials",,Ounsi H,,,Histomorphometric and Micro-CT Analysis of Pulpal Response toGeristoreTM and Calcium Hydroxide: OR 07,,Journal of Endodontics,,https://scholar.google.com/citations?view_op=view_citation&hl=en&user=0lfZRAEAAAAJ&cstart=20&pagesize=80&citation_for_view=0lfZRAEAAAAJ:ULOm3_A8WrAC,3.0,,"HF Ounsi, Z Salameh, K Al-Hezaimi","Objective
The purpose of this study was to evaluate the thickness andcharacteristics of reparative hard tissue produced following the applicationof calcium hydroxide and Geristore TM as direct pulp capping agents.
Methods
Sixteen teeth in two baboons were used. Teeth were divided into two groups (n= 8). calcium hydroxide and Geristore TM were applied, following a superficialpulp amputation performed with carbide round bur# 4. Amalgam restorationwas then placed. Animals were sacrificed 16 weeks later and en blocsections were taken and stained with H&E, Masson's trichrome and retic. Amicrocomputed tomography and histological examination were performedto evaluate the presence and thickness of a reparative hard tissue and itscharacteristics such as presence/absence of tubular structures and tunneldefects. The data were statistically analyzed using Kruskal-Wallis ANOVA andDunn's multiple …",Unclassified,0.0
,,"Incidence of Canal Systems in the Mesiobuccal Roots of Maxillary First and Second Molars in Saudi Arabian Population: OR 22
KS Alfouzan, H Ounsi, K Merdad, K Al-Hezaimi - Journal of Endodontics, 2011
Related articles",2011/3,37.0,,,,,e15,"dentistry, endodontics, dental materials",,Ounsi H,,,Incidence of Canal Systems in the Mesiobuccal Roots of Maxillary First and Second Molars in Saudi Arabian Population: OR 22,,Journal of Endodontics,,https://scholar.google.com/citations?view_op=view_citation&hl=en&user=0lfZRAEAAAAJ&cstart=20&pagesize=80&citation_for_view=0lfZRAEAAAAJ:WF5omc3nYNoC,3.0,,"KS Alfouzan, H Ounsi, K Merdad, K Al-Hezaimi","This study compared the canal and isthmus debridement efficacies between side-vented needle irrigation (SNI) and continuous ultrasonic irrigation (CUI) delivery techniques using a simulated, closed-canal design. Microcomputed tomography was utilized to confirm a narrow isthmus in the mesial roots of 20 selected mandibular first molar teeth. Each root was sealed at the apex and embedded in polyvinylsiloxane to simulate the closed canal system. All teeth were instrumented with the same technique. Final irrigation was performed with either the SNI or CUI technique (N= 10). Masson trichrome-stained sections were prepared from demineralized roots at 10 canal levels between 1.0 and 2.8 mm from the anatomical apex. The area and debris occupied by the canals and isthmus of each root were measured by the NIH ImageJ software and statistically analyzed using two-way ANOVA. Overall, there was not a …",Unclassified,0.0
,,"Comparison of two techniques for assessing the shaping efficacy of repeatedly-used NiTi rotary
R Paragliola, H Ounsi, S Grandini - MINERVA STOMATOLOGICA, 2011
Related articles",2011,60.0,,,,,,"dentistry, endodontics, dental materials",,Ounsi H,,,Comparison of two techniques for assessing the shaping efficacy of repeatedly-used NiTi rotary,,MINERVA STOMATOLOGICA,,https://scholar.google.com/citations?view_op=view_citation&hl=en&user=0lfZRAEAAAAJ&cstart=20&pagesize=80&citation_for_view=0lfZRAEAAAAJ:M3NEmzRMIkIC,,,"R Paragliola, H Ounsi, Simone Grandini","Aim
The shaping capacity of NiTi rotary instruments is often assessed by photographic or micro-CT measurements, and these instruments are often used more than once clinically. This study was conducted to compare photographic and micro-computed tomography (micro-CT) measurements and to assess if repeated use of NiTi instruments affected the shape of canal preparation.
Methods
Ten new sets of ProTaper Universal instruments were used in 60 resin blocks simulating curved root canals. Groups 1 to 6 (n=10) represented 1st to 6th use of the instrument, respectively. Digitized images of the prepared blocks were taken in both mesiodistal (MD) and buccolingual (BL) directions and area measurements (mm2) were calculated using AutoCAD. The volumes of the same prepared canals were measured using micro-CT (mm3). Statistical analysis was performed to detect differences between photographic and volumetric measurements, and differences between uses.
Results
Two-way repeated measures ANOVA revealed significant differences between groups (p<0.001). Regarding measurement type, there were no significant differences between BL and MD measurements, but there were significant differences between micro-CT and BL (p<0.001) and micro-CT and MD (p=0.001). Significant differences were also noted between uses.
Conclusions
Within the limitations of the present study, micro-CT is more discriminative of the changes in canal space associated with repeated instrument use than photographic measurements. Canal preparations are significantly smaller after the third use of the same instrument.",Unclassified,0.0
Congresso Nazionale dei docenti di discipline Odontostomatologiche e Chirurgia Maxillo Facciale,,"Resistenza a fatica ciclica, frattografia e spettroscopia a dispersione di energia di un nuovo strumento endodontico in Nichel-Titanio
F Costa, S Grandini, C Goracci, G Cafaro, F Papacchini… - Congresso Nazionale dei docenti di discipline …, 2009
Related articles",2009,,,,,,,"dentistry, endodontics, dental materials",,Ounsi H,,,"Resistenza a fatica ciclica, frattografia e spettroscopia a dispersione di energia di un nuovo strumento endodontico in Nichel-Titanio",,,,https://scholar.google.com/citations?view_op=view_citation&hl=en&user=0lfZRAEAAAAJ&cstart=20&pagesize=80&citation_for_view=0lfZRAEAAAAJ:GnPB-g6toBAC,,,"F Costa, Simone Grandini, Cecilia Goracci, G Cafaro, F Papacchini, H Ounsi, Marco Ferrari","Resistenza a fatica ciclica, frattografia e spettroscopia a dispersione di energia di un nuovo strumento endodontico in Nichel-Titanio IRIS IRIS Home Sfoglia Macrotipologie & tipologie Autore Titolo Riviste Serie IT Italiano Italiano English English LOGIN 1.Usiena air - Università di Siena 2.Catalogo Ricerca UNISI 3.4 Contributo in Atti di Convegno (Proceeding) 4.4.2 Abstract in Atti di convegno Costa, F., Grandini, S., Goracci, C., Cafaro, G., Papacchini, F., Ounsi, H., et al. (2009). Resistenza a fatica ciclica, frattografia e spettroscopia a dispersione di energia di un nuovo strumento endodontico in Nichel-Titanio. In Congresso Nazionale dei docenti di discipline Odontostomatologiche e Chirurgia Maxillo Facciale. Resistenza a fatica ciclica, frattografia e spettroscopia a dispersione di energia di un nuovo strumento endodontico in Nichel-Titanio GRANDINI, SIMONE;GORACCI, CECILIA; FERRARI, MARCO 2009-01-01 …",endodontics,0.4
,,"Effetto di diverse corone integrali in ceramica sulla resistenza alla frattura e la modalità di fallimento di premolari superiori trattati endodonticamente ricostruiti con e senza fibre di vetro.
Z Salameh, R Sorrentino, F Papacchini, H Ounsi… - GIORNALE ITALIANO DI CONSERVATIVA, 2007
Related articles",2007,,,,,,97,"dentistry, endodontics, dental materials",,Ounsi H,,,Effetto di diverse corone integrali in ceramica sulla resistenza alla frattura e la modalità di fallimento di premolari superiori trattati endodonticamente ricostruiti con e …,,GIORNALE ITALIANO DI CONSERVATIVA,,https://scholar.google.com/citations?view_op=view_citation&hl=en&user=0lfZRAEAAAAJ&cstart=20&pagesize=80&citation_for_view=0lfZRAEAAAAJ:ns9cj8rnVeAC,,,"Z Salameh, Roberto Sorrentino, F Papacchini, H Ounsi, E Tashkandi, C Goracci, M Ferrari","Effetto di diverse corone integrali in ceramica sulla resistenza alla frattura e la modalità di fallimento di premolari superiori trattati endodonticamente ricostruiti con e senza fibre di vetro/Salameh, Z.; Sorrentino, Roberto; Papacchini, F.; Ounsi, H.; Tashkandi, E.; Goracci, C.; Ferrari, M..-In: GIORNALE ITALIANO DI CONSERVATIVA.-ISSN 1724-2908.-(2007), p. 97.",endodontics,0.4
Conseuro 2006,,"A novel approach at nickel-titanium endodontic rotary instrument dynamics
H Ounsi, S Grandini, S AL NAZHAN, S Naaman… - Conseuro 2006, 2006
Related articles",2006,,,,,,,"dentistry, endodontics, dental materials",,Ounsi H,,,A novel approach at nickel-titanium endodontic rotary instrument dynamics,,,,https://scholar.google.com/citations?view_op=view_citation&hl=en&user=0lfZRAEAAAAJ&cstart=20&pagesize=80&citation_for_view=0lfZRAEAAAAJ:JV2RwH3_ST0C,,,"H Ounsi, Simone Grandini, S AL NAZHAN, S Naaman, F Pappacchini, Z Salameh","A novel approach at nickel-titanium endodontic rotary instrument dynamics IRIS IRIS Home Sfoglia Macrotipologie & tipologie Autore Titolo Riviste Serie IT Italiano Italiano English English LOGIN 1.Usiena air - Università di Siena 2.Catalogo Ricerca UNISI 3.4 Contributo in Atti di Convegno (Proceeding) 4.4.1 Contributo in Atti di convegno Ounsi, H., Grandini, S., AL NAZHAN, S., Naaman, S., Pappacchini, F., Salameh, Z. (2006). A novel approach at nickel-titanium endodontic rotary instrument dynamics. In Conseuro 2006. A novel approach at nickel-titanium endodontic rotary instrument dynamics GRANDINI, SIMONE; 2006-01-01 Scheda breve Scheda completa Scheda completa (DC) SFX Query Anno 2006 Citazione Ounsi, H., Grandini, S., AL NAZHAN, S., Naaman, S., Pappacchini, F., Salameh, Z. (2006). A novel approach at nickel-titanium endodontic rotary instrument dynamics. In Conseuro 2006. Appare nelle …",endodontics,0.4
Conseuro 2006,,"Qualitative and quantitative surface composition of ProTaper, HERO, and K3 nickel-titanium rotare instruments using energy dispersive spectrosopy
M Chazine, H Ounsi, S Grandini, K AL HUZAIMI… - Conseuro 2006, 2006
Related articles",2006,,,,,,,"dentistry, endodontics, dental materials",,Ounsi H,,,"Qualitative and quantitative surface composition of ProTaper, HERO, and K3 nickel-titanium rotare instruments using energy dispersive spectrosopy",,,,https://scholar.google.com/citations?view_op=view_citation&hl=en&user=0lfZRAEAAAAJ&cstart=20&pagesize=80&citation_for_view=0lfZRAEAAAAJ:bEWYMUwI8FkC,,,"M Chazine, H Ounsi, Simone Grandini, K AL HUZAIMI, T AL SHAALAN, Z Salameh","Qualitative and quantitative surface composition of ProTaper, HERO, and K3 nickel-titanium rotare instruments using energy dispersive spectrosopy IRIS IRIS Home Sfoglia Macrotipologie & tipologie Autore Titolo Riviste Serie IT Italiano Italiano English English LOGIN 1.Usiena air - Università di Siena 2.Catalogo Ricerca UNISI 3.4 Contributo in Atti di Convegno (Proceeding) 4.4.1 Contributo in Atti di convegno Chazine, M., Ounsi, H., Grandini, S., AL HUZAIMI, K., AL SHAALAN, T., Salameh, Z. (2006). Qualitative and quantitative surface composition of ProTaper, HERO, and K3 nickel-titanium rotare instruments using energy dispersive spectrosopy. In Conseuro 2006. Qualitative and quantitative surface composition of ProTaper, HERO, and K3 nickel-titanium rotare instruments using energy dispersive spectrosopy GRANDINI, SIMONE; 2006-01-01 Scheda breve Scheda completa Scheda completa (DC) SFX Query …",Unclassified,0.0
,,"The maxillary molars: anatomy and treatment
EM Maalouf, GG Hadad, HF Ounsi - JLDA-Journal of the Lebanese Dental Association, 2005
Related articles",2005,42.0,,,,,7-11,"dentistry, endodontics, dental materials",,Ounsi H,,,The maxillary molars: anatomy and treatment,,JLDA-Journal of the Lebanese Dental Association,,https://scholar.google.com/citations?view_op=view_citation&hl=en&user=0lfZRAEAAAAJ&cstart=20&pagesize=80&citation_for_view=0lfZRAEAAAAJ:maZDTaKrznsC,1.0,,"Elie M Maalouf, Gaby G Hadad, Hani F Ounsi",,Unclassified,0.0
,,"Transmission de l’hepatite B au cabinet dentaire
HF Ounsi, C Zogheib, S Bou Jaoude, EM Maalouf - ACES-Actualites Cliniques et Scientifiques, 2003
Related articles",2003,24.0,,,,,35-40,"dentistry, endodontics, dental materials",,Ounsi H,,,Transmission de l’hepatite B au cabinet dentaire,,ACES-Actualites Cliniques et Scientifiques,,https://scholar.google.com/citations?view_op=view_citation&hl=en&user=0lfZRAEAAAAJ&cstart=20&pagesize=80&citation_for_view=0lfZRAEAAAAJ:hMod-77fHWUC,1.0,,"Hani F Ounsi, Carla Zogheib, Samar Bou Jaoude, Elie M Maalouf","Viral hepatitis is the disease caused by one of the many hepatitis viruses. The WHO estimates regarding HBV-infection is 2 billion, out of which 500 million are chronic bearers. HBV is mainly a blood-borne virus but sexual transmission as well as other means of transmission has been reported among which salivary pathway. It seems obvious that the presence of viral markers in the saliva is a plus as far as detection of the disease is concerned. The advantage of salivary detection is that it is fast, reliable, non-invasive, simple, and better accepted by patients. On the other hand, salivary transmission forces certain precautions in the dental office",dental materials,0.205
,,"Maxillary premolars: canal configurations and clinical approaches
G Haddad, HF Ounsi - ACES-Actualites Cliniques et Scientifiques, 2001
Related articles",2001,22.0,,,,,13-19,"dentistry, endodontics, dental materials",,Ounsi H,,,Maxillary premolars: canal configurations and clinical approaches,,ACES-Actualites Cliniques et Scientifiques,,https://scholar.google.com/citations?view_op=view_citation&hl=en&user=0lfZRAEAAAAJ&cstart=20&pagesize=80&citation_for_view=0lfZRAEAAAAJ:4JMBOYKVnBMC,1.0,,"Gaby Haddad, Hani F Ounsi","Knowledge of root and root canal anatomy is the cornerstone of the successful endodontic treatment. In fact, root canal anatomy affects some aspects of the shaping, cleaning, and obturation procedures. This article describes root and root canal anatomy properties as well as the modified",endodontics,0.4
,,,,,,,,,,"dentistry, endodontics, dental materials",,Ounsi H,,,Innovations in bonding to zirconia-based materials,,,,https://scholar.google.com/citations?view_op=view_citation&hl=en&user=0lfZRAEAAAAJ&cstart=20&pagesize=80&citation_for_view=0lfZRAEAAAAJ:Y0pCki6q_DkC,,Focusing on chemical interactions Dental Materials 25 (8) 989-993,"MN Aboushelib, H Mirmohamadi, JP Matinlinna, E Kukk, HF Ounsi, Z Salameh",,dental materials,0.25
