Book,Conference,Scholar articles,Publication date,Volume,PDF Link,Patent office,Report number,Source,Pages,Research Interests,Total citations,Researcher Name,Inventors,Patent number,Title,Institution,Journal,Application number,Scholar Link,Issue,Publisher,Authors,Description,Classified_Topic,Classification_Confidence
,,"Review of performance optimization techniques applied to wind turbines
A Chehouri, R Younes, A Ilinca, J Perron - Applied Energy, 2015
Cited by 428 Related articles All 9 versions",2015/3/15,142.0,,,,Applied Energy,361-388,"Nonlinear Control, Engineering Optimization, Energy Management, Homogenization, Multidisciplinary Optimization.",Cited by 428,Rafic Younes,,,Review of performance optimization techniques applied to wind turbines,,,,https://scholar.google.com/citations?view_op=view_citation&hl=en&user=JyiFKagAAAAJ&citation_for_view=JyiFKagAAAAJ:K3LRdlH-MEoC,,Elsevier,"Adam Chehouri, Rafic Younes, Adrian Ilinca, Jean Perron","This paper presents a review of the optimization techniques and strategies applied to wind turbine performance optimization. The topic is addressed by identifying the most significant objectives, targets and issues, as well as the optimization formulations, schemes and models available in the published literature.
The current energy demand combined with depletion of fossil-fuel reserves and stricter environmental regulations have led to the development of alternative renewable energy solutions like wind energy. The current 2030 United States target is to have at least 20% of the US energy supply by onshore and offshore wind farms. To meet these demands, wind energy costs have to be able to compete with traditional fossil fuel sources. Hence, it is essential and vital that wind turbine designers and manufactures search the optimal solution that fits the objectives under a set of design constraints. Throughout the last …",engineering optimization,0.204
,,"Comparative review study on elastic properties modeling for unidirectional composite materials
R Younes, A Hallal, F Fardoun, FH Chehade - Composites and their properties, 2012
Cited by 209 Related articles All 6 versions",2012/8/8,,https://www.intechopen.com/chapters/38411,,,,,"Nonlinear Control, Engineering Optimization, Energy Management, Homogenization, Multidisciplinary Optimization.",Cited by 209,Rafic Younes,,,Comparative Review Study on Elastic Properties Modeling for Unidirectional Composite Materials,,,,https://scholar.google.com/citations?view_op=view_citation&hl=en&user=JyiFKagAAAAJ&citation_for_view=JyiFKagAAAAJ:ns9cj8rnVeAC,,Intech Open Access Publisher,"Rafic Younes, Hallal Ali, Farouk Fardoun, Fadi Hajj Chehade","Due to the outstanding properties of 2D and 3D textile composites, the use of 3D fiber reinforced in high-tech industrial domains (spatial, aeronautic, automotive, naval, etc...) has been expanded in recent years. Thus, the evaluation of their elastic properties is crucial for the use of such types of composites in advanced industries. The analytical or numerical modeling of textile composites in order to evaluate their elastic properties depend on the prediction of the elastic properties of unidirectional composite materials with long fibers composites"" UD”. UD composites represent the basic element in modeling all laminates or 2D or 3D fabrics. They are considered as transversely isotropic materials composed of two phases: the reinforcement phase and the matrix phase. Isotropic fibers (eg glass fibers) or anisotropic fibers (eg carbon fibers) represent the reinforcement phase while, in general, isotropic materials (eg epoxy, ceramics, etc...) represent the matrix phase (Figure 1).
The effective stiffness and compliance matrices of a transversely isotropic material are defined in the elastic regime by five independent engineering constants: longitudinal and transversal Young's moduli E11 and E22, longitudinal and transversal shear moduli G12 and G23, and major Poisson's ratio v12 (Noting that direction 1 is along the fiber). The minor Poisson's ratio v23 is related to E22 and G12. The effective elastic properties are evaluated in terms of mechanical properties of fibers and matrix (Young's and shear moduli, Poisson's ratios and the fiber volume fraction Vf). The compliance matrix [S] of a transversely isotropic material is given as follow:",engineering optimization,0.203
,,"A survey on quadrotors: Configurations, modeling and identification, control, collision avoidance, fault diagnosis and tolerant control
H Shraim, A Awada, R Youness - IEEE Aerospace and Electronic Systems Magazine, 2018
Cited by 193 Related articles All 2 versions",2018/7,33.0,,,,,14-33,"Nonlinear Control, Engineering Optimization, Energy Management, Homogenization, Multidisciplinary Optimization.",Cited by 193,Rafic Younes,,,"A survey on quadrotors: Configurations, modeling and identification, control, collision avoidance, fault diagnosis and tolerant control",,"IEEE Aerospace and Electronic Systems Magazine,",,https://scholar.google.com/citations?view_op=view_citation&hl=en&user=JyiFKagAAAAJ&citation_for_view=JyiFKagAAAAJ:EYYDruWGBe4C,7,IEEE,"Hassan Shreim, Ali Awada, Rafic Younes","Unmanned Aerial Vehicles (UAVs) offer a wide range of interesting military and commercial applications at reduced costs. A couple of their more interesting characteristics include: They are capable of hovering and flying at high and low speeds, and they can move in any direction and take off and land vertically. A very promising class of these vehicles comprises small vehicles that can be flown either indoor or outdoor and offer the possibility for near-area surveillance, crop dusting, precision farming [1], microwave autonomous copter systems for geological remote sensing as shown in [2], geographic studies, fire monitoring, security applications, search- and-rescue, and attack and rendezvous [3], [4]. However, challenging requirements in terms of size, weight, and maneuverability for these systems are presented in [5]. A type of aircraft with an important and significant potential is the so-called Quadrotor that is …",nonlinear control,0.403
,,"A survey of landmine detection using hyperspectral imaging
I Makki, R Younes, C Francis, T Bianchi, M Zucchetti - ISPRS Journal of Photogrammetry and Remote …, 2017
Cited by 193 Related articles All 4 versions",2017/2/1,124.0,,,,ISPRS Journal of Photogrammetry and Remote Sensing,40-53,"Nonlinear Control, Engineering Optimization, Energy Management, Homogenization, Multidisciplinary Optimization.",Cited by 193,Rafic Younes,,,A survey of landmine detection using hyperspectral imaging,,,,https://scholar.google.com/citations?view_op=view_citation&hl=en&user=JyiFKagAAAAJ&citation_for_view=JyiFKagAAAAJ:WqliGbK-hY8C,,Elsevier,"Ihab Makki, Rafic Younes, Clovis Francis, Tiziano Bianchi, Massimo Zucchetti","Hyperspectral imaging is a trending technique in remote sensing that finds its application in many different areas, such as agriculture, mapping, target detection, food quality monitoring, etc. This technique gives the ability to remotely identify the composition of each pixel of the image. Therefore, it is a natural candidate for the purpose of landmine detection, thanks to its inherent safety and fast response time. In this paper, we will present the results of several studies that employed hyperspectral imaging for the purpose of landmine detection, discussing the different signal processing techniques used in this framework for hyperspectral image processing and target detection. Our purpose is to highlight the progresses attained in the detection of landmines using hyperspectral imaging and to identify possible perspectives for future work, in order to achieve a better detection in real-time operation mode.",Unclassified,0.0
,,"Review of water-heating systems: General selection approach based on energy and environmental aspects
O Ibrahim, F Fardoun, R Younes, H Louahlia-Gualous - Building and Environment, 2014
Cited by 191 Related articles All 7 versions",2014/2/1,72.0,https://www.academia.edu/download/40122541/Review_of_Water_Heating_Systems_General_20151117-725-rii5v7.pdf,,,Building and Environment,259-286,"Nonlinear Control, Engineering Optimization, Energy Management, Homogenization, Multidisciplinary Optimization.",Cited by 191,Rafic Younes,,,Review of water-heating systems: General selection approach based on energy and environmental aspects,,,,https://scholar.google.com/citations?view_op=view_citation&hl=en&user=JyiFKagAAAAJ&citation_for_view=JyiFKagAAAAJ:u_35RYKgDlwC,,Pergamon,"Oussama Ibrahim, Farouk Fardoun, Rafic Younes, Hasna Louahlia-Gualous","Water heating contributes an important proportion of residential energy consumption all around the world. Different kinds of domestic hot-water production systems exist. The operational cost, environmental effect and performance of these systems differ according to various energy sources, climates, system types and system designs. Hence, the proper choice of a domestic hot-water system could save energy, protect nature and reduce operational costs, significantly. This paper illustrates, to the best of the author's knowledge, the existing water-heating systems all along with the principle, advantages, disadvantages and state-of-the-art for each. Six different categories were presented, namely wood, oil/gas, electric, heat pump, solar and instantaneous systems. The heat-pump systems were further classified into several groups, namely air source, ground source, solar assisted, ground source-solar assisted …",energy management,0.204
,,"Review and comparative study of analytical modeling for the elastic properties of textile composites
A Hallal, R Younes, F Fardoun - Composites Part B: Engineering, 2013
Cited by 176 Related articles All 3 versions",2013/7/1,50.0,https://www.sciencedirect.com/science/article/pii/S1359836813000309,,,,22-31,"Nonlinear Control, Engineering Optimization, Energy Management, Homogenization, Multidisciplinary Optimization.",Cited by 176,Rafic Younes,,,Review and comparative study of analytical modeling for the elastic properties of textile composites,,Composites Part B: Engineering,,https://scholar.google.com/citations?view_op=view_citation&hl=en&user=JyiFKagAAAAJ&citation_for_view=JyiFKagAAAAJ:g5m5HwL7SMYC,,Elsevier,"Ali Hallal, Rafic Younes, Farouk Fardoun","In this study, a review of the progress made in analytical modeling of 2D and 3D textile composites is presented. The review covers the most known analytical models developed in the last 30years to evaluate the elastic properties of textile composites. A discussion of these models is presented, where the corresponding advantages and disadvantages are revealed. In addition, a comparative study of some selected analytical models is presented. Results obtained from previous analytical, numerical and experimental studies are presented in order to show the potential of investigated analytical models. It is shown that recently developed analytical models, applied on different kinds of textile composites, could yield good results, while maintaining more flexibility, easy to apply and the less time consuming in comparing with numerical FE (Finite Element) models.",Unclassified,0.0
,,"Study and design of a hybrid wind–diesel-compressed air energy storage system for remote areas
H Ibrahim, R Younès, A Ilinca, M Dimitrova, J Perron - Applied Energy, 2010
Cited by 166 Related articles All 15 versions",2010/5/1,87.0,https://www.osti.gov/etdeweb/biblio/21279901,,,,1749-1762,"Nonlinear Control, Engineering Optimization, Energy Management, Homogenization, Multidisciplinary Optimization.",Cited by 166,Rafic Younes,,,Study and design of a hybrid wind–diesel-compressed air energy storage system for remote areas,,Applied Energy,,https://scholar.google.com/citations?view_op=view_citation&hl=en&user=JyiFKagAAAAJ&citation_for_view=JyiFKagAAAAJ:9yKSN-GCB0IC,5,Elsevier,"Hussein Ibrahim, Rafic Younès, Adrian Ilinca, M Dimitrova, Jean Perron","Remote areas around the world predominantly rely on diesel-powered generators for their electricity supply, a relatively expensive and inefficient technology that is responsible for the emission of 1.2million tons of greenhouse gas (GHG) annually, only in Canada [1]. Wind–diesel hybrid systems (WDS) with various penetration rates have been experimented to reduce diesel consumption of the generators. After having experimented wind–diesel hybrid systems (WDS) that used various penetration rates, we turned our focus to that the re-engineering of existing diesel power plants can be achieved most efficiently, in terms of cost and diesel consumption, through the introduction of high penetration wind systems combined with compressed air energy storage (CAES). This article compares the available technical alternatives to supercharge the diesel that was used in this high penetration wind–diesel system with …",engineering optimization,0.204
,,"Smart building: Use of the artificial neural network approach for indoor temperature forecasting
N Attoue, I Shahrour, R Younes - Energies, 2018
Cited by 151 Related articles All 16 versions",2018/2/8,11.0,https://www.mdpi.com/1996-1073/11/2/395,,,,395,"Nonlinear Control, Engineering Optimization, Energy Management, Homogenization, Multidisciplinary Optimization.",Cited by 151,Rafic Younes,,,Smart building: Use of the artificial neural network approach for indoor temperature forecasting,,Energies,,https://scholar.google.com/citations?view_op=view_citation&hl=en&user=JyiFKagAAAAJ&citation_for_view=JyiFKagAAAAJ:0KyAp5RtaNEC,2,MDPI,"Nivine Attoue, Isam Shahrour, Rafic Younes","The smart building concept aims to use smart technology to reduce energy consumption, as well as to improve comfort conditions and users’ satisfaction. It is based on the use of smart sensors and software to follow both outdoor and indoor conditions for the control of comfort, and security devices for the optimization of energy consumption. This paper presents a data-based model for indoor temperature forecasting, which could be used for the optimization of energy device use. The model is based on an artificial neural network (ANN), which is validated on data recorded in an old building. The novelty of this work consists of the methodology proposed for the development of a simplified model for indoor temperature forecasting. This methodology is based on the selection of pertinent input parameters after a relevance analysis of a large set of input parameters, including solar radiation outdoor temperature history, outdoor humidity, indoor facade temperature, and humidity. It shows that an ANN-based model using outdoor and facade temperature sensors provides good forecasting of indoor temperatures. This model can be easily used in the optimal regulation of buildings’ energy devices.",nonlinear control,0.204
,,"Improved analytical model to predict the effective elastic properties of 2.5 D interlock woven fabrics composite
A Hallal, R Younes, F Fardoun, S Nehme - Composite Structures, 2012
Cited by 138 Related articles All 2 versions",2012/10/1,94.0,,,,,3009-3028,"Nonlinear Control, Engineering Optimization, Energy Management, Homogenization, Multidisciplinary Optimization.",Cited by 138,Rafic Younes,,,Improved analytical model to predict the effective elastic properties of 2.5 D interlock woven fabrics composite,,Composite Structures,,https://scholar.google.com/citations?view_op=view_citation&hl=en&user=JyiFKagAAAAJ&citation_for_view=JyiFKagAAAAJ:M3NEmzRMIkIC,10,Elsevier,"Ali Hallal, Rafic Younes, Farouk Fardoun, Samer Nehme","An improved analytical modeling, three stages homogenization method “3SHM”, of a 2.5D interlock woven composite is proposed. The development of the analytical model based on mixed iso-strain and iso-stress assembling models (the stiffness and the compliance averaging models) is presented. A finite element (FE) modeling is carried out in order to use its results in the development of the analytical model. It is proved that a model based only on an iso-strain condition could not give accurate results, while a mixed iso-strain and iso-stress model yields more accurate estimations. the developed homogenization method as well as the geometrical modeling, that takes into account the real geometry of undulated yarns, proposed by the analytical model leads to very good agreement in comparing with results obtained from FE models and available experimental data from the literature.",homogenization,0.604
,,"Optimization of diesel engine performances for a hybrid wind–diesel system with compressed air energy storage
H Ibrahim, R Younès, T Basbous, A Ilinca, M Dimitrova - Energy, 2011
Cited by 118 Related articles All 13 versions",2011/5,36.0,https://www.osti.gov/etdeweb/biblio/22197376,,,,3079-3091,"Nonlinear Control, Engineering Optimization, Energy Management, Homogenization, Multidisciplinary Optimization.",Cited by 118,Rafic Younes,,,Optimization of diesel engine performances for a hybrid wind-diesel system with compressed air energy storage,,Energy,,https://scholar.google.com/citations?view_op=view_citation&hl=en&user=JyiFKagAAAAJ&citation_for_view=JyiFKagAAAAJ:RGFaLdJalmkC,5,,"Hussein Ibrahim, Rafic Younès, Tammam Basbous, Maria Dimitrova","Electricity supply in remote areas around the world is mostly guaranteed by diesel generators. This relatively inefficient and expensive method is responsible for 1.2 million tons of greenhouse gas (GHG) emission in Canada annually. Some low- and high-penetration wind–diesel hybrid systems (WDS) have been experimented in order to reduce the diesel consumption. We explore the re-engineering of current diesel power plants with the introduction of high-penetration wind systems together with compressed air energy storage (CAES). This is a viable alternative to major the overall percentage of renewable energy and reduce the cost of electricity. In this paper, we present the operative principle of this hybrid system, its economic benefits and advantages and we finally propose a numerical model of each of its components. Moreover, we are demonstrating the energy efficiency of the system, particularly in terms of …",engineering optimization,0.408
,,"Air source heat pump water heater: Dynamic modeling, optimal energy management and mini-tubes condensers
O Ibrahim, F Fardoun, R Younes, H Louahlia-Gualous - Energy, 2014
Cited by 116 Related articles All 10 versions",2014/1/1,64.0,https://www.academia.edu/download/40122504/Air_source_heat_pump_water_heater_Dynami20151117-18390-1sgz7m.pdf,,,,1102-1116,"Nonlinear Control, Engineering Optimization, Energy Management, Homogenization, Multidisciplinary Optimization.",Cited by 116,Rafic Younes,,,"Air source heat pump water heater: Dynamic modeling, optimal energy management and mini-tubes condensers",,Energy,,https://scholar.google.com/citations?view_op=view_citation&hl=en&user=JyiFKagAAAAJ&citation_for_view=JyiFKagAAAAJ:a0OBvERweLwC,,Pergamon,"Oussama Ibrahim, Farouk Fardoun, Rafic Younes, Hasna Louahlia-Gualous","This paper presents a dynamic simulation model to predict the performance of an ASHPWH (air source heat pump water heater). The developed model is used to assess its performance in the Lebanese context. It is shown that for the four Lebanese climatic zones, the expected monthly values of the average COP (coefficient of performance) varies from 2.9 to 5, leading to high efficiencies compared with conventional electric water heaters. The energy savings and GHG (greenhouse gas) emissions reduction are investigated for each zone. Furthermore, it is recommended to use the ASHPWH during the period of highest daily ambient temperatures (noon or afternoon), assuming that the electricity tariff and hot water loads are constant. In addition, an optimal management model for the ASHPWH is developed and applied for a typical winter day of Beirut. Moreover, the developed dynamic model of ASHPWH is used to …",energy management,0.608
,,"A constraint-handling technique for genetic algorithms using a violation factor
A Chehouri, R Younes, J Perron, A Ilinca - arXiv preprint arXiv:1610.00976, 2016
Cited by 101 Related articles All 7 versions",2016/10/4,,https://arxiv.org/pdf/1610.00976,,,,,"Nonlinear Control, Engineering Optimization, Energy Management, Homogenization, Multidisciplinary Optimization.",Cited by 101,Rafic Younes,,,A constraint-handling technique for genetic algorithms using a violation factor,,arXiv preprint arXiv:1610.00976,,https://scholar.google.com/citations?view_op=view_citation&hl=en&user=JyiFKagAAAAJ&citation_for_view=JyiFKagAAAAJ:SdhP9T11ey4C,,,"Adam Chehouri, Rafic Younes, Jean Perron, Adrian Ilinca","Over the years, several meta-heuristic algorithms were proposed and are now emerging as common methods for constrained optimization problems. Among them, genetic algorithms (GA's) shine as popular evolutionary algorithms (EA's) in engineering optimization. Most engineering design problems are difficult to resolve with conventional optimization algorithms because they are highly nonlinear and contain constraints. In order to handle these constraints, the most common technique is to apply penalty functions. The major drawback is that they require tuning of parameters, which can be very challenging. In this paper, we present a constraint-handling technique for GA's solely using the violation factor, called VCH (Violation Constraint-Handling) method. Several benchmark problems from the literature are examined. The VCH technique was able to provide a consistent performance and match results from other GA-based techniques.",engineering optimization,0.609
,,"Review of recent trends in gas sensing technologies and their miniaturization potential
S Lakkis, R Younes, Y Alayli, M Sawan - Sensor Review, 2014
Cited by 98 Related articles All 7 versions",2014/1/14,34.0,https://www.researchgate.net/profile/Rafic-Younes/publication/259344827_Review_Of_Recent_Trends_in_Gas_Sensing_Technologies_and_their_Miniaturization_Potential/links/00b7d52d706dc795da000000/Review-Of-Recent-Trends-in-Gas-Sensing-Technologies-and-their-Miniaturization-Potential.pdf,,,Sensor Review,24-35,"Nonlinear Control, Engineering Optimization, Energy Management, Homogenization, Multidisciplinary Optimization.",Cited by 98,Rafic Younes,,,Review of recent trends in gas sensing technologies and their miniaturization potential,,,,https://scholar.google.com/citations?view_op=view_citation&hl=en&user=JyiFKagAAAAJ&citation_for_view=JyiFKagAAAAJ:pyW8ca7W8N0C,1,Emerald Group Publishing Limited,"Sari Lakkis, Rafic Younes, Yasser Alayli, Mohamad Sawan","Purpose
– This paper aims to give an overview about the state of the art and novel technologies used in gas sensing. It also discusses the miniaturization potential of some of these technologies in a comparative way.
Design/methodology/approach
– In this article, the authors state the most of the methods used in gas sensing discuss their advantages and disadvantages and at last the authors discuss the ability of their miniaturization comparing between them in terms of their sensing parameters like sensitivity, selectivity and cost.
Findings
– In this article, the authors will try to cover most of the important methods used in gas sensing and their recent developments. The authors will also discuss their miniaturization potential trying to find the best candidate among the different types for the aim of miniaturization.
Originality …",Unclassified,0.0
,,"Dimensionality reduction on hyperspectral images: A comparative review based on artificial datas
J Khodr, R Younes - 2011 4th international congress on image and signal …, 2011
Cited by 91 Related articles All 2 versions",2011/10/15,4.0,https://www.researchgate.net/profile/Rafic-Younes/publication/254011079_Dimensionality_reduction_on_hyperspectral_images_A_comparative_review_based_on_artificial_datas/links/0deec528a6e0be64bd000000/Dimensionality-reduction-on-hyperspectral-images-A-comparative-review-based-on-artificial-datas.pdf,,,2011 4th international congress on image and signal processing,1875-1883,"Nonlinear Control, Engineering Optimization, Energy Management, Homogenization, Multidisciplinary Optimization.",Cited by 91,Rafic Younes,,,Dimensionality reduction on hyperspectral images: A comparative review based on artificial datas,,,,https://scholar.google.com/citations?view_op=view_citation&hl=en&user=JyiFKagAAAAJ&citation_for_view=JyiFKagAAAAJ:isC4tDSrTZIC,,IEEE,"Jihan Khodr, Rafic Younes","In this research we address the problem of high-dimensional in hyperspectral images, which may contain rare /anomaly vectors introduced in the subspace observation that we wish to preserve. Linear techniques Principal Component Analysis(PCA), and non linear techniques Kernel PCA, Isomap, Multidimensional scaling (MDS), Local Tangent Space Alignment (LTSA), Diffusion maps, Sammon mapping, Symmetric Stochastic Neighbor Embedding (SymSNE), Stochastic Neighbor Embedding (SNE), Locally Linear Embedding(LLE), Locality Preserving Projection(LPP), Neighborhood Preserving embedding (NPE), Linear Local Tangent Space Alignment (LLTSA) was presented. Classical approaches criterion based on the norm l d , derivative spectral, nearest neighbors and quality criteria are used for obtaining a good preservation of these vectors in the reduction dimension. We have observed from the results …",nonlinear control,0.2
,,"Electricity of Lebanon: Problems and recommendations
F Fardoun, O Ibrahim, R Younes, H Louahlia-Gualous - Energy Procedia, 2012
Cited by 86 Related articles All 11 versions",2012/1/1,19.0,https://www.sciencedirect.com/science/article/pii/S1876610212009812/pdf?md5=4bc02593b9ab075e3a44c2581894f5a1&pid=1-s2.0-S1876610212009812-main.pdf,,,,310-320,"Nonlinear Control, Engineering Optimization, Energy Management, Homogenization, Multidisciplinary Optimization.",Cited by 86,Rafic Younes,,,Electricity of Lebanon: Problems and recommendations,,Energy Procedia,,https://scholar.google.com/citations?view_op=view_citation&hl=en&user=JyiFKagAAAAJ&citation_for_view=JyiFKagAAAAJ:hMod-77fHWUC,,Elsevier,"Farouk Fardoun, Oussama Ibrahim, Rafic Younes, Hasna Louahlia-Gualous","This paper presents a detailed review of EDL (Electricité du Liban). It displays the institution's technical problems at the level of electricity generation, transmission and distribution as well as the administrative and financial states and suggests several recommendations. It is obvious that EDL suffers a great shortage in its generating capacity and human resources and would not be effective without conducting a national strategy that includes radical solutions.",Unclassified,0.0
,,"Energy status in Lebanon and electricity generation reform plan based on cost and pollution optimization
O Ibrahim, F Fardoun, R Younes, H Louahlia-Gualous - Renewable and Sustainable energy reviews, 2013
Cited by 80 Related articles All 8 versions",2013/4/30,20.0,https://www.academia.edu/download/40122514/Energy_status_in_Lebanon_and_electricity20151117-15026-1799r7u.pdf,,,,255-278,"Nonlinear Control, Engineering Optimization, Energy Management, Homogenization, Multidisciplinary Optimization.",Cited by 80,Rafic Younes,,,Energy status in Lebanon and electricity generation reform plan based on cost and pollution optimization,,Renewable and Sustainable Energy Reviews,,https://scholar.google.com/citations?view_op=view_citation&hl=en&user=JyiFKagAAAAJ&citation_for_view=JyiFKagAAAAJ:M05iB0D1s5AC,,Pergamon,"Oussama Ibrahim, Farouk Fardoun, Rafic Younes, Hasna Louahlia-Gualous","This paper presents a review of the energy status, conventional and renewable, in Lebanon and illustrates their problems with the suggested recommendations. In addition, a detailed review of the principal directorates of the electricity of Lebanon Company (EDL) is also presented all along with the existing problems and recommended solutions. An economic, environmental optimization of different power sources is studied, where three scenarios are introduced based on the fuel source of different CCGT power plants. The results emphasized on the maximum possible use of wind energy and natural gas in electricity generation. Based on the optimization study, a five-year master plan for electricity generation is modeled. The suggested plan has an investment capital cost of 5553 M$ with the savings and additional incomes being 5900 M$ compared to EDL financial status in the adopted base year, 2009. In addition …",engineering optimization,0.204
,,"Hybrid cooling systems: A review and an optimized selection scheme
F Kojok, F Fardoun, R Younes, R Outbib - Renewable and Sustainable Energy Reviews, 2016
Cited by 79 Related articles All 5 versions",2016/11,65.0,,,,,57-80,"Nonlinear Control, Engineering Optimization, Energy Management, Homogenization, Multidisciplinary Optimization.",Cited by 79,Rafic Younes,,,Hybrid cooling systems: A review and an optimized selection scheme,,Renewable and Sustainable Energy Reviews,,https://scholar.google.com/citations?view_op=view_citation&hl=en&user=JyiFKagAAAAJ&citation_for_view=JyiFKagAAAAJ:tkaPQYYpVKoC,,Elsevier,"Farah Kojok, Farouk Fardoun, Rafic Younes, Rachid Outbib","The hybrid cooling system has proved to be an energy saving technology for building air conditioning. Numerous systems combining different cooling processes or cooling machines have been proposed and investigated in the literature. A properly selected hybrid cooling system offers a great reduction in energy consumption and a coefficient of performance improvement varying according to different climates and system designs. This paper provides a detailed review of existing hybrid cooling systems with their corresponding individual cooling machines. A brief state of the art of the most common individual cooling systems in hybrid cooling for building use is firstly presented. Then, the hybrid cooling systems are classified into five main categories according to the combination of cooling processes or machines: Vapor compression based cooling, absorption based cooling, adsorption based cooling, desiccant …",energy management,0.205
,2007 IEEE Canada Electrical Power Conference,"Study of a hybrid wind-diesel system with compressed air energy storage
H Ibrahim, A Ilinca, R Younes, J Perron, T Basbous - 2007 IEEE Canada Electrical Power Conference, 2007
Cited by 76 Related articles All 5 versions",2007/10/25,,https://www.academia.edu/download/32215071/IEEE2006.pdf,,,,320-325,"Nonlinear Control, Engineering Optimization, Energy Management, Homogenization, Multidisciplinary Optimization.",Cited by 76,Rafic Younes,,,Study of a hybrid wind-diesel system with compressed air energy storage,,,,https://scholar.google.com/citations?view_op=view_citation&hl=en&user=JyiFKagAAAAJ&citation_for_view=JyiFKagAAAAJ:2osOgNQ5qMEC,,IEEE,"Hussein Ibrahim, Adrian Ilinca, Rafic Younes, Jean Perron, Tammam Basbous","The electricity supply in remote areas around the world uses mostly diesel generators. This method, relatively inefficient and expensive, is responsible for the emission of 1.2 million tons of greenhouse gas (GHG) annually, only in Canada. Some low and high penetration wind–diesel hybrid systems (WDS) have been experimented in order to reduce the diesel consumption. The use of a high penetration system together with compressed air energy storage (CAES) it is a viable alternative to improve the overall percentage of renewable energy and reduce the cost of electricity. In this paper we compare different technical solutions for the CAES system and choose the one that optimize the performance and the cost of the overall system. While in this extended abstract only a superficial description of this system is introduced, detailed results of the simulation will be presented in the complete paper. This new design …",energy management,0.204
,,"The effects of reflection coefficient of the harbour sidewall on the performance of floating breakwaters
G Elchahal, R Younes, P Lafon - Ocean Engineering, 2008
Cited by 75 Related articles All 5 versions",2008/8/1,35.0,,,,,1102-1112,"Nonlinear Control, Engineering Optimization, Energy Management, Homogenization, Multidisciplinary Optimization.",Cited by 75,Rafic Younes,,,The effects of reflection coefficient of the harbour sidewall on the performance of floating breakwaters,,Ocean Engineering,,https://scholar.google.com/citations?view_op=view_citation&hl=en&user=JyiFKagAAAAJ&citation_for_view=JyiFKagAAAAJ:Tyk-4Ss8FVUC,11-12,Pergamon,"Ghassan Elchahal, Rafic Younes, Pascal Lafon","This paper studies the interaction of linear water waves with a moored floating breakwater with a leeward boundary composed from a vertical wall. This describes a real modelling for the case of ports in contrary to the problems of unbounded domains. It involves the application of a partial reflection boundary condition for this sidewall. In fact, the partial reflection problem in practical application is of great importance in the design of a harbour or breakwater and mainly for short waves. The reflection coefficient of the harbour boundary (sidewall) plays an important role in modifying the performance of the floating breakwater. Moreover, it reduces the resonant peaks appearing inside the ports due to the energy accumulation in an enclosed domain. The effects of the variation of structural parameters of the breakwater on the transmitted wave height are discussed in details for various values of partial reflection.",nonlinear control,0.4
,,"Review of optimization methods for cancer chemotherapy treatment planning
H Sbeity, R Younes - Journal of Computer Science & Systems Biology, 2015
Cited by 74 Related articles",2015/3/1,8.0,https://www.researchgate.net/profile/Rafic-Younes/publication/272179821_Review_of_Optimization_Methods_for_Cancer_Chemotherapy_Treatment_Planning/links/54de4f4c0cf2966637862680/Review-of-Optimization-Methods-for-Cancer-Chemotherapy-Treatment-Planning.pdf,,,,74,"Nonlinear Control, Engineering Optimization, Energy Management, Homogenization, Multidisciplinary Optimization.",Cited by 74,Rafic Younes,,,Review of optimization methods for cancer chemotherapy treatment planning,,Journal of Computer Science & Systems Biology,,https://scholar.google.com/citations?view_op=view_citation&hl=en&user=JyiFKagAAAAJ&citation_for_view=JyiFKagAAAAJ:5Ul4iDaHHb8C,2,OMICS Publishing Group,"Hoda Sbeity, Rafic Younes","Tumors in humans are believed to be caused by a sequence of genetic abnormality. Understanding these sequences is important for improving cancer treatments. Biologists have uncovered some of the most basic mechanisms by which normal stem cells develop into cancerous tumors. These biological theories can then be transformed into mathematical models. In this paper, we review the mathematical models applied to the optimal design of cancer chemotherapy. However, chemotherapy is a complex treatment mode that requires balancing the benefits of treating tumors with the adverse toxic side effects caused by the anti-cancer drugs. Some methods of computational optimization have proven useful in helping to strike the right balance. The purpose of this paper is to discuss the limitations of the existing theoretical research and provide several directions to improve research in optimizing chemotherapy treatment planning using real protocol treatments defined by the oncologist.",engineering optimization,0.204
,,"Composites and their properties*
N Hu - 2012
Cited by 67 Related articles All 2 versions
Composites and their properties
H Ning - Janeza Trdine, 2012
Cited by 4 Related articles",2012,,,,,,,"Nonlinear Control, Engineering Optimization, Energy Management, Homogenization, Multidisciplinary Optimization.",Cited by 71,Rafic Younes,,,Composites and their properties,,,,https://scholar.google.com/citations?view_op=view_citation&hl=en&user=JyiFKagAAAAJ&cstart=20&pagesize=80&citation_for_view=JyiFKagAAAAJ:Dip1O2bNi0gC,,BoD–Books on Demand,Hu Ning,,Unclassified,0.0
,,"Review of vibration control methods for wind turbines
A Awada, R Younes, A Ilinca - Energies, 2021
Cited by 68 Related articles All 8 versions",2021/5/25,14.0,https://www.mdpi.com/1996-1073/14/11/3058,,,Energies,3058,"Nonlinear Control, Engineering Optimization, Energy Management, Homogenization, Multidisciplinary Optimization.",Cited by 68,Rafic Younes,,,Review of vibration control methods for wind turbines,,,,https://scholar.google.com/citations?view_op=view_citation&hl=en&user=JyiFKagAAAAJ&cstart=20&pagesize=80&citation_for_view=JyiFKagAAAAJ:YohjEiUPhakC,11,MDPI,"Ali Awada, Rafic Younes, Adrian Ilinca","The installation of wind energy increased in the last twenty years, as its cost decreased, and it contributes to reducing GHG emissions. A race toward gigantism characterizes wind turbine development, primarily driven by offshore projects. The larger wind turbines are facing higher loads, and the imperatives of mass reduction make them more flexible. Size increase of wind turbines results in higher structural vibrations that reduce the lifetime of the components (blades, main shaft, bearings, generator, gearbox, etc.) and might lead to failure or destruction. This paper aims to present in detail the problems associated with wind turbine vibration and a thorough literature review of the different mitigation solutions. We explore the advantages, drawbacks, and challenges of the existing vibration control systems for wind turbines. These systems belong to six main categories, according to the physical principles used and how they operate to mitigate the vibrations. This paper offers a multi-criteria analysis of a vast number of systems in different phases of development, going from full-scale testing to prototype stage, experiments, research, and ideas.",nonlinear control,0.203
,,"Hyperspectral imaging applied for the detection of wind turbine blade damage and icing
P Rizk, N Al Saleh, R Younes, A Ilinca, J Khoder - Remote Sensing Applications: Society and …, 2020
Cited by 63 Related articles All 5 versions",2020/4/1,18.0,,,,,100291,"Nonlinear Control, Engineering Optimization, Energy Management, Homogenization, Multidisciplinary Optimization.",Cited by 63,Rafic Younes,,,Hyperspectral imaging applied for the detection of wind turbine blade damage and icing,,Remote Sensing Applications: Society and Environment,,https://scholar.google.com/citations?view_op=view_citation&hl=en&user=JyiFKagAAAAJ&cstart=20&pagesize=80&citation_for_view=JyiFKagAAAAJ:XoXfffV-tXoC,,Elsevier,"Patrick Rizk, Nawal Al Saleh, Rafic Younes, Adrian Ilinca, Jihan Khoder","Despite the enhancement in the wind energy sector, the wind turbine industry still faces certain limitations due to some manufacturing and environmental factors. Blades are one of the major components of the wind turbine. During their lifetime, these blades are susceptible to deterioration and normal wear and tear that limit their efficiency and result in higher maintenance costs and longer turbine downtime. Periodic inspections must be performed to detect faults at an early stage and help in mitigating these shortcomings. Many methods were used for this purpose such as: ultrasound, sonic IR, vibration analysis and others. Recent developments have seen a trend of using remote inspection techniques that eliminate the need for human access to the blades. Hyperspectral imaging or imaging spectroscopy is a non-destructive and fast monitoring technique in remote sensing. It is widely used in various classification …",energy management,0.204
,,"Analytical and numerical modeling of mechanical properties of orthogonal 3D CFRP
C El Hage, R Younes, Z Aboura, ML Benzeggagh… - Composites Science and Technology, 2009
Cited by 51 Related articles All 8 versions",2009/1/1,69.0,https://hal.science/hal-00563496v1/file/PEER_stage2_10.1016%252Fj.compscitech.2007.10.048.pdf,,,,111-116,"Nonlinear Control, Engineering Optimization, Energy Management, Homogenization, Multidisciplinary Optimization.",Cited by 51,Rafic Younes,,,Analytical and numerical modeling of mechanical properties of orthogonal 3D CFRP,,Composites Science and Technology,,https://scholar.google.com/citations?view_op=view_citation&hl=en&user=JyiFKagAAAAJ&cstart=20&pagesize=80&citation_for_view=JyiFKagAAAAJ:ufrVoPGSRksC,1,Elsevier,"Ch El Hage, R Younes, Zoheir Aboura, ML Benzeggagh, M Zoaeter","This study proposes an analytical and numerical model, for the prediction of mechanical properties of orthogonal 3D reinforcement composite materials, taking into account their structural parameters (mechanical properties of the components and geometrical architecture). This first step of this work requires the definition of the composite representative elementary volume (REV). Microscope studies made possible to visualize the architectural aspect of the internal structure. From these observations two types of REV, adapted to the types of modeling (analytical and by finite elements FE), were defined. The first one takes into account the whole of material in its thickness thus integrating the characteristics of the layers and the vertical reinforcements. The second one, strongly simplified in order to minimize the costs of calculations, is used in the FE approach. Moreover the analytical model is extended to the prediction of …",Unclassified,0.0
,,"Optimal control of a variable geometry turbocharged diesel engine using neural networks: Applications on the ETC test cycle
R Omran, R Younes, JC Champoussin - IEEE Transactions on Control Systems Technology, 2008
Cited by 51 Related articles All 4 versions",2008/11/18,17.0,https://www.researchgate.net/profile/Rafic-Younes/publication/224351885_Optimal_Control_of_a_Variable_Geometry_Turbocharged_Diesel_Engine_Using_Neural_Networks_Applications_on_the_ETC_Test_Cycle/links/00b4951b8a7758d220000000/Optimal-Control-of-a-Variable-Geometry-Turbocharged-Diesel-Engine-Using-Neural-Networks-Applications-on-the-ETC-Test-Cycle.pdf,,,,380-393,"Nonlinear Control, Engineering Optimization, Energy Management, Homogenization, Multidisciplinary Optimization.",Cited by 51,Rafic Younes,,,Optimal control of a variable geometry turbocharged diesel engine using neural networks: Applications on the ETC test cycle,,IEEE Transactions on Control Systems Technology,,https://scholar.google.com/citations?view_op=view_citation&hl=en&user=JyiFKagAAAAJ&cstart=20&pagesize=80&citation_for_view=JyiFKagAAAAJ:zYLM7Y9cAGgC,2,IEEE,"Rabih Omran, Rafic Younes, Jean-Claude Champoussin","Modern diesel engines are typically equipped with variable geometry turbo-compressor, exhaust gas recirculation (EGR) system, common rail injection system, and post-treatment devices in order to increase their power while respecting the emissions standards. Consequently, the control of diesel engines has become a difficult task involving five to ten control variables that interact with each other and that are highly nonlinear. Actually, the control schemes of the engines are all based on static lookup tables identified on test-benches; the values of the control variables are interpolated using these tables and then, they are corrected, online, by using the control techniques in order to obtain better engine's response under dynamic conditions. In this paper, we are interested in developing a mathematical optimization process that search for the optimal control schemes of the diesel engines under static and dynamic …",nonlinear control,0.408
,,"Modélisation du comportement élastique endommageable de matériaux composites à renfort tridimensionnel
C El-Hage - 2006
Cited by 41 Related articles All 3 versions
Modélisation du comportement élastique endommageable de matériaux composites à renfort tridimensionnel-Troisième partie: Modélisation*
C HAGE
Cited by 3 Related articles",2006/9/27,,https://theses.hal.science/tel-01579974/document,,,,,"Nonlinear Control, Engineering Optimization, Energy Management, Homogenization, Multidisciplinary Optimization.",Cited by 44,Rafic Younes,,,Modélisation du comportement élastique endommageable de matériaux composites à renfort tridimensionnel,Université de Technologie de Compiègne,,,https://scholar.google.com/citations?view_op=view_citation&hl=en&user=JyiFKagAAAAJ&cstart=20&pagesize=80&citation_for_view=JyiFKagAAAAJ:4fKUyHm3Qg0C,,,"Christiane El Hage, Rafic Younes","Cette thèse porte sur la modélisation du comportement élastique endommageable de matériaux composites à renfort 3D. L'étude s'articule autour de 3 points essentiels: la compréhension du processus d'endommagement, la modélisation analytique et l'étude d'optimisation des architectures des renforts. Les architectures carbone étudiées sont issues d'un tissage orthogonal 3D et de 5 tissages interlock. Ils sont soumis respectivement à une sollicitation de compression et de traction uniaxiale. La corrélation des signaux d'EA aux observations microscopiques permet de faire ressortir l'effet de l'architecture sur les phénomènes d'endommagements. Le comportement élastique endommageable jusqu'à la rupture est décrit à partir d'une dualité entre un modèle analytique d'homogénéisation et le critère 3D de Tsai-Wu, couplé à des critères d'endommagement. Ce modèle prend en compte la particularité géométrique des architectures des renforts. La partie optimisation est dédiée à la minimisation des VER.",Unclassified,0.0
,,"A selection process for genetic algorithm using clustering analysis
A Chehouri, R Younes, J Khoder, J Perron, A Ilinca - Algorithms, 2017
Cited by 43 Related articles All 11 versions",2017/11/2,10.0,https://www.mdpi.com/1999-4893/10/4/123,,,,123,"Nonlinear Control, Engineering Optimization, Energy Management, Homogenization, Multidisciplinary Optimization.",Cited by 43,Rafic Younes,,,A selection process for genetic algorithm using clustering analysis,,Algorithms,,https://scholar.google.com/citations?view_op=view_citation&hl=en&user=JyiFKagAAAAJ&cstart=20&pagesize=80&citation_for_view=JyiFKagAAAAJ:j8SEvjWlNXcC,4,MDPI,"Adam Chehouri, Rafic Younes, Jihan Khoder, Jean Perron, Adrian Ilinca","This article presents a newly proposed selection process for genetic algorithms on a class of unconstrained optimization problems. The k-means genetic algorithm selection process (KGA) is composed of four essential stages: clustering, membership phase, fitness scaling and selection. Inspired from the hypothesis that clustering the population helps to preserve a selection pressure throughout the evolution of the population, a membership probability index is assigned to each individual following the clustering phase. Fitness scaling converts the membership scores in a range suitable for the selection function which selects the parents of the next generation. Two versions of the KGA process are presented: using a fixed number of clusters K (KGAf) and via an optimal partitioning Kopt (KGAo) determined by two different internal validity indices. The performance of each method is tested on seven benchmark problems.",engineering optimization,0.204
,,"Oriented review to potential simulator for faults modeling in diesel engine
HM Nahim, R Younes, H Shraim, M Ouladsine - Journal of Marine Science and Technology, 2016
Cited by 42 Related articles All 8 versions",2016/9,21.0,https://www.researchgate.net/profile/Hassan-Moussa-Nahim-2/publication/286934500_Oriented_review_to_potential_simulator_for_faults_modeling_in_diesel_engine/links/57c55a0d08aec585865fe748/Oriented-review-to-potential-simulator-for-faults-modeling-in-diesel-engine.pdf,,,,533-551,"Nonlinear Control, Engineering Optimization, Energy Management, Homogenization, Multidisciplinary Optimization.",Cited by 42,Rafic Younes,,,Oriented review to potential simulator for faults modeling in diesel engine,,Journal of Marine Science and Technology,,https://scholar.google.com/citations?view_op=view_citation&hl=en&user=JyiFKagAAAAJ&cstart=20&pagesize=80&citation_for_view=JyiFKagAAAAJ:5ugPr518TE4C,3,Springer Japan,"Hassan Moussa Nahim, Rafic Younes, Hassan Shraim, Mustapha Ouladsine","This paper presents a literature review on most of the faults and their models that are considered on a diesel engine. Several faults that may be produced on diesel engine have been analyzed, classified, modeled, and their influences on the global system have been shown. Thus, this paper aims to prepare an important data base on diesel engine faults which may help researchers to develop precise strategies on diesel engine fault diagnosis and prognosis, and also it helps in the development of diesel engine simulators aiming to study the behavior of the diesel engine in the presence of faults. Different fault models such as analytical, empirical, degradation models which may be represented as function of time or as function of the number of cycles, data driven models such as neural network models, or simply constant are presented and analyzed. The global overall models for diesel engine integrating …",engineering optimization,0.2
,,"Optimal management of compressed air energy storage in a hybrid wind-pneumatic-diesel system for remote area's power generation
T Basbous, R Younes, A Ilinca, J Perron - Energy, 2015
Cited by 42 Related articles All 9 versions",2015/5/1,84.0,,,,,267-278,"Nonlinear Control, Engineering Optimization, Energy Management, Homogenization, Multidisciplinary Optimization.",Cited by 42,Rafic Younes,,,Optimal management of compressed air energy storage in a hybrid wind-pneumatic-diesel system for remote area's power generation,,Energy,,https://scholar.google.com/citations?view_op=view_citation&hl=en&user=JyiFKagAAAAJ&cstart=20&pagesize=80&citation_for_view=JyiFKagAAAAJ:eflP2zaiRacC,,Pergamon,"Tammam Basbous, Rafic Younes, Adrian Ilinca, Jean Perron","Electricity in Canadian remote areas is, historically, produced using Diesel generators. Its total production cost is very high not only due to inherent cost of fuel but also due to transportation and maintenance costs. Moreover, the use of fossil fuels is a significant source of greenhouse gas emissions. Hybrid systems that combine wind turbines and diesel generators reduce fuel consumption, operational cost and pollution. Adding a storage element to this hybrid system increases the penetration level of renewable sources, i.e. the percentage of renewable energy in the overall production, and further improves fuel savings. Among all energy storage techniques, CAES (compressed air energy storage) has several advantages to be combined with hybrid WDS (wind-diesel systems), due to its low cost, high power density and reliability. In a previous work, we have exposed and have evaluated a new technique to transform …",energy management,0.408
,,"Numerical/analytical methods to evaluate the mechanical behavior of interlock composites
S Nehme, A Hallal, F Fardoun, R Younes, B Hagege… - Journal of composite materials, 2011
Cited by 42 Related articles All 10 versions",2011/8,45.0,https://citeseerx.ist.psu.edu/document?repid=rep1&type=pdf&doi=048390d0e59015a6a713c923f2031da81e514e79,,,,1699-1716,"Nonlinear Control, Engineering Optimization, Energy Management, Homogenization, Multidisciplinary Optimization.",Cited by 42,Rafic Younes,,,Numerical/analytical methods to evaluate the mechanical behavior of interlock composites,,Journal of composite materials,,https://scholar.google.com/citations?view_op=view_citation&hl=en&user=JyiFKagAAAAJ&cstart=20&pagesize=80&citation_for_view=JyiFKagAAAAJ:kNdYIx-mwKoC,16,Sage Publications,"Samer Nehme, Ali Hallal, Farouk Fardoun, Rafic Younes, Benjamin Hagege, Zoheir Aboura, Malk Benzeggagh, Fadi Hage Chehade","It is seen that 2.5D interlocks are particular reinforcements for high advanced applications (i.e., spatial and aeronautics fields) that are believed to have a high structural potential. This kind of reinforcement entails to consider the composite as a structure because interlocks are built by crossing the warp yarns with the weft (or fill) yarns in the three directions. In this article, a new numerical and analytical model is proposed. To evaluate the mechanical behavior, one may obtain numerically, the anisotropic elastic engineering constants from a finite element model (FEM). This technique of virtual testing consists of modeling the composite at the meso-scale to obtain a macro-scale response with a stress—strain analysis. At the moment, numerical simulations of such materials mainly involve geometrical models and automated tetrahedral meshes that make it difficult to cope with the orthotropic behavior of yarns materials …",engineering optimization,0.204
,,"Potential of a hybrid wind-diesel-compressed air system for nordic remote canadian areas
H Ibrahim, R Younès, A Ilinca, D Ramdenee… - Energy Procedia, 2011
Cited by 40 Related articles All 11 versions",2011/1/1,6.0,https://www.sciencedirect.com/science/article/pii/S1876610211015013/pdf?md5=9e2be4c55980cb90111ad27ade43b451&pid=1-s2.0-S1876610211015013-main.pdf&_valck=1,,,,795-804,"Nonlinear Control, Engineering Optimization, Energy Management, Homogenization, Multidisciplinary Optimization.",Cited by 40,Rafic Younes,,,Potential of a hybrid wind-diesel-compressed air system for nordic remote canadian areas,,Energy Procedia,,https://scholar.google.com/citations?view_op=view_citation&hl=en&user=JyiFKagAAAAJ&cstart=20&pagesize=80&citation_for_view=JyiFKagAAAAJ:L8Ckcad2t8MC,,Elsevier,"Hussein Ibrahim, Rafic Younès, Adrian Ilinca, D Ramdenee, M Dimitrova, Jean Perron, M Adegnon, D Boulay, C Arbez","In Canada, off-grid power production is significant, with more than 200,000 people living in about 300 remote communities scattered across Yukon, the Northwest Territories, Nunavut, and other islands. Most of these isolated sites rely on diesel to generate electricity. The operation of these remote isolated grids run on a deficit in the order of hundreds of millions of dollars yearly and must therefore be subsidized by the government. Low and high penetration wind–diesel hybrid systems (WDS) have been experimented to reduce diesel consumption. In a previous article, we explored the re-engineering of current diesel power plants with the introduction of high penetration wind systems using compressed air energy storage (CAES). This is a viable alternative to increase the overall percentage of renewable energy and reduce the cost of electricity, to increase the diesel engine lifetime and efficiency and to decrease their …",engineering optimization,0.204
,,"Pneumatic hybridization of a diesel engine using compressed air storage for wind-diesel energy generation
T Basbous, R Younes, A Ilinca, J Perron - Energy, 2012
Cited by 39 Related articles All 12 versions",2012/2/1,38.0,https://www.academia.edu/download/42460641/Pneumatic_hybridization_of_a_diesel_engi20160209-26325-19y9jvj.pdf,,,,264-275,"Nonlinear Control, Engineering Optimization, Energy Management, Homogenization, Multidisciplinary Optimization.",Cited by 39,Rafic Younes,,,Pneumatic hybridization of a diesel engine using compressed air storage for wind-diesel energy generation,,Energy,,https://scholar.google.com/citations?view_op=view_citation&hl=en&user=JyiFKagAAAAJ&cstart=20&pagesize=80&citation_for_view=JyiFKagAAAAJ:j3f4tGmQtD8C,1,Pergamon,"Tammam Basbous, Rafic Younes, Adrian Ilinca, Jean Perron","In this paper, we are studying an innovative solution to reduce fuel consumption and production cost for electricity production by Diesel generators. The solution is particularly suitable for remote areas where the cost of energy is very high not only because of inherent cost of technology but also due to transportation costs. It has significant environmental benefits as the use of fossil fuels for electricity generation is a significant source of GHG (Greenhouse Gas) emissions. The use of hybrid systems that combine renewable sources, especially wind, and Diesel generators, reduces fuel consumption and operation cost and has environmental benefits. Adding a storage element to the hybrid system increases the penetration level of the renewable sources, that is the percentage of renewable energy in the overall production, and further improves fuel savings. In a previous work, we demonstrated that CAES (Compressed …",energy management,0.204
,,"Wind turbine blade defect detection using hyperspectral imaging
P Rizk, R Younes, A Ilinca, J Khoder - Remote Sensing Applications: Society and …, 2021
Cited by 31 Related articles All 5 versions
Defect detection using hyperspectral imaging technology on wind turbine blade*
P Rizk, R Younes, A Ilinca, J Khoder - Remote Sens. Appl. Soc. Environ, 2021
Cited by 7 Related articles",2021/5/6,,,,,Remote Sensing Applications: Society and Environment,100522,"Nonlinear Control, Engineering Optimization, Energy Management, Homogenization, Multidisciplinary Optimization.",Cited by 38,Rafic Younes,,,Wind turbine blade defect detection using hyperspectral imaging,,,,https://scholar.google.com/citations?view_op=view_citation&hl=en&user=JyiFKagAAAAJ&cstart=20&pagesize=80&citation_for_view=JyiFKagAAAAJ:_axFR9aDTf0C,,Elsevier,"Patrick Rizk, Rafic Younes, Adrian Ilinca, Jihan Khoder","Regardless of the evolution in the wind turbine industry, the operation of wind farms faces critical challenges when it comes to maintaining the lowest possible cost of energy. It is essential to early detect or predict wind turbine breakdowns due to different factors such as material degradation, electrical or mechanical failures, faults, or environmental damage. Wind turbine blades are the most expensive and most exposed parts of a wind turbine and suffer from many shortcomings, mainly cracks and erosion, which reduces their performance. Hence, there is an essential requirement for using non-destructive diagnostic of wind turbine blades. This paper lists some of the current non-destructive techniques for wind turbine blades analysis, their applicability, advantages, and drawbacks. Nevertheless, these methods face drawbacks that can be overcome by remote sensing. Hyperspectral imaging is a spectral imaging …",energy management,0.204
,,"Optimization of coastal structures: Application on detached breakwaters in ports
G Elchahal, R Younes, P Lafon - Ocean Engineering, 2013
Cited by 38 Related articles All 7 versions",2013/5/1,63.0,,,,,35-43,"Nonlinear Control, Engineering Optimization, Energy Management, Homogenization, Multidisciplinary Optimization.",Cited by 38,Rafic Younes,,,Optimization of coastal structures: Application on detached breakwaters in ports,,Ocean Engineering,,https://scholar.google.com/citations?view_op=view_citation&hl=en&user=JyiFKagAAAAJ&cstart=20&pagesize=80&citation_for_view=JyiFKagAAAAJ:pqnbT2bcN3wC,,Pergamon,"Ghassan Elchahal, Rafic Younes, Pascal Lafon",An optimization approach using Genetic Algorithms (GA) has been developed to determine the optimal layout of detached breakwaters inports subject to wave disturbance and navigational constraints. It aims to modify the shape and location of detached breakwater to achieve an optimal solution. This approach constitutes an advanced step in the design of coastal structures compared to conventional methods. The detached breakwater is parameterized by the coordinates of its nodes which constitute the variables of the optimization problem. The initial population is randomly generated inside a defined search space to ensure large consideration of various potential solutions. Mutation with random generation has been included at each iteration to renew the worse individuals and enrich the GA with new solutions. One and two segment breakwaters have been considered and compared. This optimization approach …,engineering optimization,0.204
,,"Elaboration d'un modèle de connaissance du moteur diesel avec turbocompresseur à géométrie variable en vue de l'optimisation de ses émissions
R Younes - 1993
Cited by 38 Related articles All 6 versions",1993/12/7,,https://theses.hal.science/tel-01583096/file/ThesisRafic93.pdf,,,,,"Nonlinear Control, Engineering Optimization, Energy Management, Homogenization, Multidisciplinary Optimization.",Cited by 38,Rafic Younes,,,Elaboration d'un modèle de connaissance du moteur diesel avec turbocompresseur à géométrie variable en vue de l'optimisation de ses émissions,École Centrale de Lyon,,,https://scholar.google.com/citations?view_op=view_citation&hl=en&user=JyiFKagAAAAJ&cstart=20&pagesize=80&citation_for_view=JyiFKagAAAAJ:u-x6o8ySG0sC,,,Rafic Younes,"Les moteurs à combustion interne alternatifs sont soumis aujourd'hui à de très fortes contraintes relatives à la séverisation des normes de pollution et à la diminution de la consommation. Parmi les technologies concurrentes pour y satisfaire en moteur Diesel, le turbocompresseur à géométrie variable (T. G. V. ) représente une solution réaliste au plan de la réalisation technique. Dans ce travail, est étudiée l'incidence de son introduction sur les émissions et la consommation du moteur afin de pouvoir réaliser ultérieurement une commande basée sur un critère combiné de pollution et de consommation. Après avoir inventorié les diverses méthodes de modélisation, on élabore, dans une première étape, un modèle du moteur Diesel suralimenté en régime transitoire. Ce modèle non-lineaire est simple, mais suffisamment précis et rapide en temps de calcul pour permettre l'élaboration de la commande ultérieure, II utilise des sous-modèles soit corrélatifs, soit de connaissance, pour décrire à la fois les évolutions des variables internes telles que la vitesse de rotation du moteur et la pression de suralimentation, et aussi les variables caractérisant la pollution telles que les hydrocarbures imbrûlés et l'opacité des fumées. Des essais ont été réalises sur un moteur Diesel de puissance 250 kW, suralimente par T. G. V. Pour diverses positions des aubages du distributeur. Lis ont permis, d'une part de mettre en évidence l'influence de cette technique de suralimentation sur les divers polluants émis par ce moteur, et d'autre part de comparer les réponses simulées, grâce au modèle proposé, aux mesures faites sur le banc d'essai-moteur. L'erreur relative …",nonlinear control,0.2
,,"Complete modeling for systems of a marine diesel engine
HM Nahim, R Younes, C Nohra, M Ouladsine - Journal of Marine Science and Application, 2015
Cited by 34 Related articles All 5 versions",2015/3,14.0,https://www.researchgate.net/profile/Hassan-Moussa-Nahim-2/publication/271749780_Complete_modeling_for_systems_of_a_marine_diesel_engine/links/54d484da0cf25013d029909f/Complete-modeling-for-systems-of-a-marine-diesel-engine.pdf,,,,93-104,"Nonlinear Control, Engineering Optimization, Energy Management, Homogenization, Multidisciplinary Optimization.",Cited by 34,Rafic Younes,,,Complete modeling for systems of a marine diesel engine,,Journal of Marine Science and Application,,https://scholar.google.com/citations?view_op=view_citation&hl=en&user=JyiFKagAAAAJ&cstart=20&pagesize=80&citation_for_view=JyiFKagAAAAJ:08ZZubdj9fEC,,Harbin Engineering University,"Hassan Moussa Nahim, Rafic Younes, Chadi Nohra, Mustapha Ouladsine","This paper presents a simulator model of a marine diesel engine based on physical, semi-physical, mathematical and thermodynamic equations, which allows fast predictive simulations. The whole engine system is divided into several functional blocks: cooling, lubrication, air, injection, combustion and emissions. The sub-models and dynamic characteristics of individual blocks are established according to engine working principles equations and experimental data collected from a marine diesel engine test bench for SIMB Company under the reference 6M26SRP1. The overall engine system dynamics is expressed as a set of simultaneous algebraic and differential equations using sub-blocks and S-Functions of Matlab/Simulink. The simulation of this model, implemented on Matlab/Simulink has been validated and can be used to obtain engine performance, pressure, temperature, efficiency, heat release …",engineering optimization,0.2
,,"A comparative analytical, numerical and experimental analysis of the microscopic permeability of fiber bundles in composite materials
M Karaki, A Hallal, R Younes, F Trochu, P Lafon… - Int. J. Compos. Mater, 2017
Cited by 33 Related articles All 4 versions",2017/6,7.0,https://www.researchgate.net/profile/Rafic-Younes/publication/317603743_A_Comparative_Analytical_Numerical_and_Experimental_Analysis_of_the_Microscopic_Permeability_of_Fiber_Bundles_in_Composite_Materials/links/5942b810aca2722db499c677/A-Comparative-Analytical-Numerical-and-Experimental-Analysis-of-the-Microscopic-Permeability-of-Fiber-Bundles-in-Composite-Materials.pdf,,,,82-102,"Nonlinear Control, Engineering Optimization, Energy Management, Homogenization, Multidisciplinary Optimization.",Cited by 33,Rafic Younes,,,"A Comparative Analytical, Numerical and Experimental Analysis of the Microscopic Permeability of Fiber Bundles in Composite Materials",,International Journal of Composite Materials,,https://scholar.google.com/citations?view_op=view_citation&hl=en&user=JyiFKagAAAAJ&cstart=20&pagesize=80&citation_for_view=JyiFKagAAAAJ:Fu2w8maKXqMC,3,Scientific & Academic Publishing,"Mohamed Karaki, Ali Hallal, Rafic Younes, Francois Trochu, Amine Hayek, Ali Kobeissy, Ahmad Fayad","In this comparative study, convenient analytical models evaluating the permeability of unidirectional fibrous media towards normal and parallel flow are selected. These models are compared with respect to available data early published. Static and transient mode simulations are launched in order to filter out the consistent bibliography values; analytical models are later compared with respect to the selected data. The analysis of the comparative study presents that Bahrami and Tamayol, Drummond and Tahir, Berdichevsky and Cai ISCM, and unified (square) models have good agreement with these data for longitudinal microscopic permeability components. Concerning transverse microscopic permeability, Berdichevsky and Cai ISCM (hexagonal), Gebart (hexagonal), Drummond and Tahir (hexagonal), and Kuwabara models are elected to be the most accurate models.",Unclassified,0.0
,,"Neural networks for real‐time nonlinear control of a variable geometry turbocharged diesel engine
R Omran, R Younes, JC Champoussin - International Journal of Robust and Nonlinear Control …, 2008
Cited by 32 Related articles All 4 versions",2008/8,18.0,https://www.researchgate.net/profile/Rafic-Younes/publication/258606836_Neural_networks_for_real_time_nonlinear_control_of_a_variable_geometry_turbocharged_diesel_engine/links/59ef2b2eaca2721ca5e8dbc8/Neural-networks-for-real-time-nonlinear-control-of-a-variable-geometry-turbocharged-diesel-engine.pdf,,,,1209-1229,"Nonlinear Control, Engineering Optimization, Energy Management, Homogenization, Multidisciplinary Optimization.",Cited by 32,Rafic Younes,,,Neural networks for real‐time nonlinear control of a variable geometry turbocharged diesel engine,,International Journal of Robust and Nonlinear Control: IFAC‐Affiliated Journal,,https://scholar.google.com/citations?view_op=view_citation&hl=en&user=JyiFKagAAAAJ&cstart=20&pagesize=80&citation_for_view=JyiFKagAAAAJ:W7OEmFMy1HYC,12,"John Wiley & Sons, Ltd.","Rabih Omran, Rafic Younes, Jean‐Claude Champoussin","New engines are submitted to emission standards that are becoming more and more restrictive. Diesel engines are typically equipped with variable geometry turbo‐compressor, exhaust gas recirculation system, high‐pressure common rail system and post‐treatment devices in order to meet these legislative requirements. Consequently, the control of diesel engines becomes a very difficult task involving five to 10 control variables that interact with each other and that are highly nonlinear. Until the present day, the control schemes integrated in the engine's controller are all based on static maps identified by steady‐state engine mapping. Afterward, these schemes are adjusted and calibrated in the vehicle using various control techniques in order to assure a better dynamic response of the engine under dynamic load. In this paper, we are interested in developing a mathematical optimization process that searches for …",nonlinear control,0.608
,,"Forces, activation and displacement prediction during free movement in the hand and forearm
J Chalfoun, R Younes, M Renault, FB Ouezdou - Journal of Robotic Systems, 2005
Cited by 32 Related articles All 5 versions",2005/11/1,22.0,https://www.researchgate.net/profile/Rafic-Younes/publication/253870964_Physiological_Muscle_Forces_Activation_and_Displacement_Prediction_During_Free_Movement_in_the_Hand_and_Forearm/links/00b7d529606d3d63d6000000/Physiological-Muscle-Forces-Activation-and-Displacement-Prediction-During-Free-Movement-in-the-Hand-and-Forearm.pdf,,,,653-660,"Nonlinear Control, Engineering Optimization, Energy Management, Homogenization, Multidisciplinary Optimization.",Cited by 32,Rafic Younes,,,"Forces, activation and displacement prediction during free movement in the hand and forearm",,Journal of Robotic Systems,,https://scholar.google.com/citations?view_op=view_citation&hl=en&user=JyiFKagAAAAJ&cstart=20&pagesize=80&citation_for_view=JyiFKagAAAAJ:d1gkVwhDpl0C,11,"Wiley Subscription Services, Inc., A Wiley Company","J Chalfoun, R Younes, M Renault, FB Ouezdou","This paper deals with the development of a highly realistic human hand and forearm model. The model contains 38 muscles and 24 degrees of freedom representing the joints of the system. The adopted model has to be as close as possible to the reality of the human being hand, to address several features linked to manipulation tasks, grasping objects and daily routine movements like shaving, writing, etc. In addition, a better comprehension of the biomechanical and neuromuscular behavior of the system is aimed. This will allow having a tool for the simulation of repairing surgery, acts such as tendon transfer. In this paper, we focus on the muscle forces determination for a given task. An optimization technique is used to resolve the redundant problem over the 24 joints of the system. Also, a muscle model is used and is integrated in the optimization technique, in order to determine measurable values, like the …",engineering optimization,0.204
,,"On the design of a preshaped curved beam bistable mechanism
H Hussein, P Le Moal, R Younes, G Bourbon… - Mechanism and Machine Theory, 2019
Cited by 31 Related articles All 4 versions",2019/1/1,131.0,,,,,204-217,"Nonlinear Control, Engineering Optimization, Energy Management, Homogenization, Multidisciplinary Optimization.",Cited by 31,Rafic Younes,,,On the design of a preshaped curved beam bistable mechanism,,Mechanism and Machine Theory,,https://scholar.google.com/citations?view_op=view_citation&hl=en&user=JyiFKagAAAAJ&cstart=20&pagesize=80&citation_for_view=JyiFKagAAAAJ:TIZ-Mc8IlK0C,,Pergamon,"Hussein Hussein, Patrice Le Moal, Rafic Younes, Gilles Bourbon, Yassine Haddab, Philippe Lutz","The preshaped curved beam is used as bistable mechanism in MEMS, its behavior is characterized by the snapping forces and stresses that evolve during deflection between the two sides of buckling. Based on analytical models, the influence of variating the material and dimension parameters on the behavior of the curved beam is analyzed. The limit of miniaturization of the beam based on the stress limits is identified. Further, a design optimization methodology is provided which allows selecting the miniature dimensions of the curved beam after defining the range of possible dimensions. This method ensures a required bistability behavior in terms of stroke and holding forces, while respecting the design requirement. Several design constraints are defined including material and technological limitations and some other specifications. The results in different cases of optimization problems showed to be the same …",engineering optimization,0.205
,,"A new hybrid pneumatic combustion engine to improve fuel consumption of wind–Diesel power system for non-interconnected areas
T Basbous, R Younes, A Ilinca, J Perron - Applied Energy, 2012
Cited by 31 Related articles All 14 versions",2012/8/1,96.0,https://www.academia.edu/download/32814866/A_new_hybrid_pneumatic_combustion_engine_to_improve_fuel_consumption_of_wind_diesel_power_system.pdf,,,,459-476,"Nonlinear Control, Engineering Optimization, Energy Management, Homogenization, Multidisciplinary Optimization.",Cited by 31,Rafic Younes,,,A new hybrid pneumatic combustion engine to improve fuel consumption of wind–Diesel power system for non-interconnected areas,,Applied Energy,,https://scholar.google.com/citations?view_op=view_citation&hl=en&user=JyiFKagAAAAJ&cstart=20&pagesize=80&citation_for_view=JyiFKagAAAAJ:JV2RwH3_ST0C,,Elsevier,"Tammam Basbous, Rafic Younes, Adrian Ilinca, Jean Perron","This paper presents an evaluation of an optimized Hybrid Pneumatic-Combustion Engine (HPCE) concept that permits reducing fuel consumption for electricity production in non-interconnected remote areas, originally equipped with hybrid Wind–Diesel System (WDS). Up to now, most of the studies on the pneumatic hybridization of Internal Combustion Engines (ICE) have dealt with two-stroke pure pneumatic mode. The few studies that have dealt with hybrid pneumatic-combustion four-stroke mode require adding a supplementary valve to charge compressed air in the combustion chamber. This modification means that a new cylinder head should be fabricated. Moreover, those studies focus on spark ignition engines and are not yet validated for Diesel engines. Present HPCE is capable of making a Diesel engine operate under two-stroke pneumatic motor mode, two-stroke pneumatic pump mode and four-stroke …",engineering optimization,0.4
"Wind Turbines - Design, Control and Applications",,"Wind turbine design: Multi‐objective optimization
A Chehouri, R Younes, A Ilinca, J Perron - 2016
Cited by 29 Related articles All 17 versions",2016/7,,https://arxiv.org/pdf/1610.00975,,,,121-147,"Nonlinear Control, Engineering Optimization, Energy Management, Homogenization, Multidisciplinary Optimization.",Cited by 29,Rafic Younes,,,Wind Turbine Design: Multi‐Objective Optimization,,,,https://scholar.google.com/citations?view_op=view_citation&hl=en&user=JyiFKagAAAAJ&cstart=20&pagesize=80&citation_for_view=JyiFKagAAAAJ:PELIpwtuRlgC,,Intech Open Access Publisher,"Adam Chehouri, Rafic Younes, Adrian Ilinca, Jean Perron","Within the last 20 years, wind turbines have reached matured and the growing worldwide wind energy market will allow further improvements. In the recent decades, the numbers of research papers that have applied optimization techniques in the attempt to obtain an optimal design have increased. The main target of manufacturers has been to minimize the cost of energy of wind turbines in order to compete with fossil-fuel sources. Therefore, it has been argued that it is more stimulating to evaluate the wind turbine design as an optimization problem consisting of more than one objective. Using multi-objective optimization algorithms, the designers are able to identify a trade-off curve called Pareto front that reveals the weaknesses, anomalies and rewards of certain targets. In this chapter, we present the fundamental principles of multi-objective optimization in wind turbine design and solve a classic multi-objective wind turbine optimization problem using a genetic algorithm.",multidisciplinary optimization,0.404
,,"Optimal management proposal for hybrid water heating system
O Ibrahim, F Fardoun, R Younes, H Louahlia-Gualous - Energy and buildings, 2014
Cited by 29 Related articles All 6 versions",2014/6/1,75.0,https://www.academia.edu/download/40122520/Optimal_Management_Proposal_for_Hybrid_W20151117-18390-1ijc9hq.pdf,,,,342-357,"Nonlinear Control, Engineering Optimization, Energy Management, Homogenization, Multidisciplinary Optimization.",Cited by 29,Rafic Younes,,,Optimal management proposal for hybrid water heating system,,Energy and buildings,,https://scholar.google.com/citations?view_op=view_citation&hl=en&user=JyiFKagAAAAJ&cstart=20&pagesize=80&citation_for_view=JyiFKagAAAAJ:1sJd4Hv_s6UC,,Elsevier,"Oussama Ibrahim, Farouk Fardoun, Rafic Younes, Hasna Louahlia-Gualous","This paper presents the dynamic modeling of a domestic hybrid water heating system. The system is composed of a solar collector, a heat pump water heater, a wind turbine, a battery and a hot water storage tank. Both air-source and geothermal-heat pumps are investigated. Detailed mathematical dynamic models of the individual components are presented and validated. Simulations for typical days in summer and winter for Beirut and Cedars, two Lebanese locations with different meteorological and demographic conditions, are conducted using Matlab software. A renewable coverage factor (RCF) is defined, representing the renewable energy share with respect to the total delivered energy. Results reveal that the proposed hybrid system is capable of securing all hot water needs in all case studies and RCF is always above 63%. Furthermore, an energetic, economic optimal management model is developed for …",energy management,0.408
,,"Design optimization of floating breakwaters with an interdisciplinary fluid–solid structural problem
G Elchahal, P Lafon, R Younes - Canadian journal of civil engineering, 2009
Cited by 29 Related articles All 10 versions",2009/11,36.0,https://www.academia.edu/download/47632773/Design_optimization_of_floating_breakwat20160729-27262-r72xgq.pdf,,,,1732-1743,"Nonlinear Control, Engineering Optimization, Energy Management, Homogenization, Multidisciplinary Optimization.",Cited by 29,Rafic Younes,,,Design optimization of floating breakwaters with an interdisciplinary fluid–solid structural problem,,Canadian journal of civil engineering,,https://scholar.google.com/citations?view_op=view_citation&hl=en&user=JyiFKagAAAAJ&cstart=20&pagesize=80&citation_for_view=JyiFKagAAAAJ:Zph67rFs4hoC,11,,"Ghassan Elchahal, Pascal Lafon, Rafic Younes","The design optimization of floating breakwaters implicates solving an interdisciplinary problem consisting of three models. The first one arises from the interaction of linear waves with a moored floating breakwater with a leeward boundary that is composed of a vertical sidewall representing the quay wall in ports. The second covers the dynamical behaviour of the oscillating structure caused by the incoming waves. These two assemble the hydrodynamic performance of the floating breakwater; while the third concerns its structural mechanics subject to hydrostatic and hydrodynamic forces. The goal of the optimization problem is to design an optimal floating breakwater that can attenuate the waves to the minimum height inside the port and fulfill several constraints related to floating, stability, and structural resistance. The objective function and constraints are expressed in terms of geometrical parameters of the …",engineering optimization,0.205
,,"Multi-variable optimization for future electricity-plan scenarios in Lebanon
O Ibrahim, F Fardoun, R Younes, H Louahlia-Gualous… - Energy policy, 2013
Cited by 28 Related articles All 11 versions",2013/7/1,58.0,https://www.academia.edu/download/42495240/Multi-variable_optimization_for_future_e20160209-16814-1iz7mnd.pdf,,,,49-56,"Nonlinear Control, Engineering Optimization, Energy Management, Homogenization, Multidisciplinary Optimization.",Cited by 28,Rafic Younes,,,Multi-variable optimization for future electricity-plan scenarios in Lebanon,,Energy policy,,https://scholar.google.com/citations?view_op=view_citation&hl=en&user=JyiFKagAAAAJ&cstart=20&pagesize=80&citation_for_view=JyiFKagAAAAJ:HoB7MX3m0LUC,,Elsevier,"Oussama Ibrahim, Farouk Fardoun, Rafic Younes, Hasna Louahlia-Gualous, Mazen Ghandour","This paper presents a brief review of the conventional and renewable energy statuses, in Lebanon, as well as of the principal problems facing the electricity of Lebanon Company (EDL). In addition, an analytical-critical review of the latest three official Lebanese electricity plans is presented. Furthermore, two future electricity generation plan-scenarios for Lebanon are investigated, where multi variables are examined, namely: cost, environment and tariff. First, an economical-environmental optimization is carried out, where two reasonable scenarios are introduced based on the fuel source of CCGT power plants. Results revealed that the investment in wind energy and natural gas for power production should be a main concern in the future. Second, an optimization of the average electricity tariff for each of the two investigated generation scenarios is studied, where three different approaches are illustrated. Results …",multidisciplinary optimization,0.405
,,"Wind turbines: design, control and applications
AG Aissaoui, A Tahour - 2016
Cited by 27 Related articles All 3 versions",2016/1/16,,,,,,,"Nonlinear Control, Engineering Optimization, Energy Management, Homogenization, Multidisciplinary Optimization.",Cited by 27,Rafic Younes,,,"Wind Turbines: Design, Control and Applications",,,,https://scholar.google.com/citations?view_op=view_citation&hl=en&user=JyiFKagAAAAJ&cstart=20&pagesize=80&citation_for_view=JyiFKagAAAAJ:anf4URPfarAC,,BoD–Books on Demand,"A. G. Aissaoui, A. (Eds.). Tahour","Renewable energies constitute excellent solutions to both the increase of energy consumption and environment problems. Among these energies, wind energy is very interesting. Wind energy is the subject of advanced research. In the development of wind turbine, the design of its different structures is very important. It will ensure: the robustness of the system, the energy efficiency, the optimal cost and the high reliability. The use of advanced control technology and new technology products allows bringing the wind energy conversion system in its optimal operating mode. Different strategies of control can be applied on generators, systems relating to blades, etc. in order to extract maximal power from the wind. The goal of this book is to present recent works on design, control and applications in wind energy conversion systems.",nonlinear control,0.205
,,"Optimal weaving for 2.5 D interlocks
R Younes, W Zaki - Composite structures, 2011
Cited by 27 Related articles All 5 versions",2011/3/1,93.0,https://www.academia.edu/download/56102450/Younes_Zaki_2011-03_-_Optimal_weaving_for_2.5D_interlocks.pdf,,,,1255-1264,"Nonlinear Control, Engineering Optimization, Energy Management, Homogenization, Multidisciplinary Optimization.",Cited by 27,Rafic Younes,,,Optimal weaving for 2.5 D interlocks,,Composite structures,,https://scholar.google.com/citations?view_op=view_citation&hl=en&user=JyiFKagAAAAJ&cstart=20&pagesize=80&citation_for_view=JyiFKagAAAAJ:aqlVkmm33-oC,4,Elsevier,"Rafic Younes, Wael Zaki","This paper deals with optimizing the representative volume element (RVE) of 2.5D interlock composites for enhanced damage resistance and elastic stiffness. The elastic moduli of the composite are determined as a volume average of the moduli of the matrix and fiber, while the overall resistance to failure is obtained through incremental use of the 3D Tsai-Wu failure criterion. The variables considered for the optimization problem are the volume fractions of the fibers, their proportions in each direction and the weaving step of the vertical reinforcement. The optimization is carried out using a sequential quadratic programming approach (SQP) and the results are validated against experimental data obtained for 2.5D interlocks with carbon reinforcements.",engineering optimization,0.205
,,"Modeling with fault integration of the cooling and the lubricating systems in marine diesel engine: experimental validation*
HM Nahim, R Younes, H Shraim, M Ouladsine - IFAC-PapersOnLine, 2016
Cited by 26 Related articles",2016,49.0,,,,,570-575,"Nonlinear Control, Engineering Optimization, Energy Management, Homogenization, Multidisciplinary Optimization.",Cited by 26,Rafic Younes,,,Modeling with Fault Integration of the Cooling and the Lubricating Systems in Marine Diesel Engine: Experimental validation,,IFAC-PapersOline,,https://scholar.google.com/citations?view_op=view_citation&hl=en&user=JyiFKagAAAAJ&cstart=20&pagesize=80&citation_for_view=JyiFKagAAAAJ:dTyEYWd-f8wC,11,Elsevier,"Hassan Moussa Nahim, Rafic Younes, Hassan Shraim, Mustapha Ouladssine",,engineering optimization,0.2
,,"Modeling and optimization of renewable energy systems
A Şencan - 2012
Cited by 26 Related articles All 3 versions",2012/5/11,,,,,,,"Nonlinear Control, Engineering Optimization, Energy Management, Homogenization, Multidisciplinary Optimization.",Cited by 26,Rafic Younes,,,Modeling and optimization of renewable energy systems,,,,https://scholar.google.com/citations?view_op=view_citation&hl=en&user=JyiFKagAAAAJ&cstart=20&pagesize=80&citation_for_view=JyiFKagAAAAJ:HtEfBTGE9r8C,,BoD–Books on Demand,"A Şencan, editor","This book includes solar energy, wind energy, hybrid systems, biofuels, energy management and efficiency, optimization of renewable energy systems and much more. Subsequently, the book presents the physical and technical principles of promising ways of utilizing renewable energies. The authors provide the important data and parameter sets for the major possibilities of renewable energies utilization which allow an economic and environmental assessment. Such an assessment enables us to judge the chances and limits of the multiple options utilizing renewable energy sources. It will provide useful insights in the modeling and optimization of different renewable systems. The primary target audience for the book includes students, researchers, and people working on renewable energy systems.",energy management,0.612
,,"A branch-and-bound algorithm based on NSGAII for multi-objective mixed integer nonlinear optimization problems
A Jaber, P Lafon, R Younes - Engineering Optimization, 2022
Cited by 24 Related articles All 6 versions",2022/6/3,54.0,https://arxiv.org/pdf/2012.00115,,,,1004-1022,"Nonlinear Control, Engineering Optimization, Energy Management, Homogenization, Multidisciplinary Optimization.",Cited by 24,Rafic Younes,,,A branch-and-bound algorithm based on NSGAII for multi-objective mixed integer nonlinear optimization problems,,Engineering Optimization,,https://scholar.google.com/citations?view_op=view_citation&hl=en&user=JyiFKagAAAAJ&cstart=20&pagesize=80&citation_for_view=JyiFKagAAAAJ:ClCfbGk0d_YC,6,Taylor & Francis,"Ahmed Jaber, Pascal Lafon, Rafic Younes","Solving Multi-Objective Mixed Integer NonLinear Programming (MO-MINLP) problems is a point of interest for many researchers as they appear in several real-world applications, especially in the mechanical engineering field. Many researchers have proposed using hybrids of metaheuristics with mono-objective branch and bound. Others have suggested using heuristics with Multi-Criteria Branch and Bound (MCBB). A general hybrid approach is proposed based on MCBB and Non-dominated Sorting Genetic Algorithm 2 (NSGAII) to enhance the approximated Pareto front of MO-MINLP problems. A computational experiment based on statistical assessment is presented to compare the performance of the proposed algorithm (BnB-NSGAII) with NSGAII using well-known metrics from the literature. To evaluate the computational efficiency, a new metric, the Investment Ratio (IR), is proposed that relates the quality of …",engineering optimization,0.409
,2013 2nd International Conference on Advances in Biomedical Engineering,"Muscle force estimation using data fusion from high-density SEMG grid
S Allouch, M Al Harrach, S Boudaoud, J Laforet… - 2013 2nd International Conference on Advances in …, 2013
Cited by 24 Related articles All 6 versions",2013/9/11,,https://www.academia.edu/download/44080438/Muscle_force_estimation_using_data_fusio20160324-31818-jzwyx4.pdf,,,,195-198,"Nonlinear Control, Engineering Optimization, Energy Management, Homogenization, Multidisciplinary Optimization.",Cited by 24,Rafic Younes,,,Muscle force estimation using data fusion from high-density SEMG grid,,,,https://scholar.google.com/citations?view_op=view_citation&hl=en&user=JyiFKagAAAAJ&cstart=20&pagesize=80&citation_for_view=JyiFKagAAAAJ:fPk4N6BV_jEC,,IEEE,"S Allouch, M Al Harrach, S Boudaoud, J Laforet, FS Ayachi, R Younes","The aim of the proposed work is to evaluate, by simulation, the introduction of a data fusion process from a HD-sEMG grid (8×8) to improve the muscle force estimation from sEMG signal. For this purpose, twelve electrode arrangements are combined to dimension reduction technique (PCA or channel averaging) to obtain a monodimensional sEMG signal. After, this signal is used in a sEMG-force relationship model to estimate the muscular force. In fact, two models, with different complexity, and used in the biomechanics community are studied. In the simulation, three isometric contractions are simulated (20%, 50% and 80% MVC) using a recent sEMG-force generation model. Finally, the Normalized RMS Difference (NRMSD) between the estimated force and the simulated force by the sEMG-force generation model is calculated for each combination (electrode arrangement and dimension reduction technique, force …",nonlinear control,0.2
,,"Eléments finis mixtes-hybrides naturels sans facteurs correctifs du cisaillement pour les plaques et les coques composites multicouches
A Tafla - 2007
Cited by 24 Related articles",2007,,,,,,,"Nonlinear Control, Engineering Optimization, Energy Management, Homogenization, Multidisciplinary Optimization.",Cited by 24,Rafic Younes,,,Eléments finis mixtes-hybrides naturels sans facteurs correctifs du cisaillement pour les plaques et les coques composites multicouches,"Reims, URCA",,,https://scholar.google.com/citations?view_op=view_citation&hl=en&user=JyiFKagAAAAJ&cstart=20&pagesize=80&citation_for_view=JyiFKagAAAAJ:URolC5Kub84C,,,"Achraf Tafla, Ayad Rezek, Rafic Younes","Cette étude doctorale concerne la formulation et l’évaluation de nouveaux éléments finis mixtes-hybrides de plaques et de coques composites multicouches. Ces éléments finis sont basés sur la théorie du premier ordre (Reissner/Mindlin). Ils présentent le principal avantage de ne pas recourir aux facteurs de correction du cisaillement transversal (CT). L’élément fini mixte-hybride de plaque à 4 nœuds MiSP4/ml (Mixed Shear Projection 4-node/multilayer) est développé dans un premier lieu. C’est une adaptation au cas des plaques composites du modèle MiSP4 isotrope, proposé en 1993 par Ayad. Il modélise des plaques composites quelque soit le nombre de couches, sans utiliser de facteurs correctifs du CT. Deux modèles isoparamétriques courbes à 4 nœuds pour l’analyse des coques composites sont développés ensuite. Le premier modèle est mixte-hybride naturel (NHMiSP4/ml : Natural Hybrid Mixed with Shear Projection 4-node/multilayer), pour lequel les parties membrane et flexion sont respectivement hybride au sens de Pian et mixte-hybride avec déformation de CT se substitution. Le second modèle HMiSP4/Q4/ml reste mixte-hybride en flexion/CT et développe une formulation en déplacement pour la membrane. Un des avantages de ces deux modèles de coques est la prise en compte dans la formulation théorique du gauchissement dans les coques. Leur adaptation aux coques multicouches suit la même démarche que pour la plaque multicouches. Les facteurs de correction du CT sont également évités. Les deux éléments sont confrontés à des éléments en déplacement et d’ordre supérieur sur des cas-tests de coques …",Unclassified,0.0
,,"Progress in experimental and theoretical evaluation methods for textile permeability
M Karaki, R Younes, F Trochu, P Lafon - Journal of Composites Science, 2019
Cited by 23 Related articles All 6 versions",2019/9,3.0,https://www.mdpi.com/2504-477X/3/3/73,,,,,"Nonlinear Control, Engineering Optimization, Energy Management, Homogenization, Multidisciplinary Optimization.",Cited by 23,Rafic Younes,,,Progress in Experimental and Theoretical Evaluation Methods for Textile Permeability,,Journal of Composites Science,,https://scholar.google.com/citations?view_op=view_citation&hl=en&user=JyiFKagAAAAJ&cstart=20&pagesize=80&citation_for_view=JyiFKagAAAAJ:PoWvk5oyLR8C,3,MDPI,"Mohamed Karaki, Rafic Younes, Francois Trochu, Pascal Lafon","A great amount of attention has been given to the evaluation of the permeability tensor and several methods have been implemented for this purpose: experimental methods, as well as numerical and analytical methods. Numerical simulation tools are being seriously developed to cover the evaluation of permeability. However, the results are still far from matching reality. On the other hand, many problems still intervene in the experimental measurement of permeability, since it depends on several parameters including personal performance, preparation of specimens, equipment accuracy, and measurement techniques. Errors encountered in these parameters may explain why inconsistent measurements are obtained which result in unreliable experimental evaluation of permeability. However, good progress was done in the second international Benchmark, wherein a method to measure the in-plane permeability was agreed on by 12 institutes and universities. Critical researchers’ work was done in the field of analytical methods, and thus different empirical and analytical models have emerged, but most of those models need to be improved. Some of which are based on Cozeny-Karman equation. Others depend on numerical simulation or experiment to predict the macroscopic permeability. Also, the modeling of permeability of unidirectional fiber beds have taken the greater load of concern, whereas that of fiber bundle permeability prediction remain limited. This paper presents a review on available methods for evaluating unidirectional fiber bundles and engineering fabric permeability. The progress of each method is shown in order to clear …",engineering optimization,0.203
,,"Optimal design for a composite wind turbine blade with fatigue and failure constraints
A Chehouri, R Younes, A Ilinca, J Perron, H Lakiss - Transactions of the Canadian Society for Mechanical …, 2015
Cited by 23 Related articles All 9 versions",2015/7,39.0,https://hal.science/hal-01374718/document,,,,171-186,"Nonlinear Control, Engineering Optimization, Energy Management, Homogenization, Multidisciplinary Optimization.",Cited by 23,Rafic Younes,,,Optimal Design for a Composite Wind Turbine Blade with Fatigue and Failure Constraints,,Transactions of the Canadian Society for Mechanical Engineering,,https://scholar.google.com/citations?view_op=view_citation&hl=en&user=JyiFKagAAAAJ&cstart=20&pagesize=80&citation_for_view=JyiFKagAAAAJ:1qzjygNMrQYC,2,Canadian Society for Mechanical Engineering,"Adam Chehouri, Rafic Younes, Adrian Ilinca, Jean Perron, Hassan Lakiss","The search for more efficient and sustainable renewable energies is rapidly growing. Throughout the years, wind turbines matured towards a lowered cost-of-energy and have grown in rotor size therefore stretched the role of composite materials that offered the solution to more flexible, lighter and stronger blades. The objective of this paper is to present an improved version of the preliminary optimization tool called Co-Blade, which will offer designers and engineers an accelerated design phase by providing the capabilities to rapidly evaluate alternative composite layups and study their effects on static failure and fatigue of wind turbine blades. In this study, the optimization formulations include non-linear failure constraints. In addition a comparison between 3 formulations is made to show the importance of choosing the blade mass as the main objective function and the inclusion of failure constraints in the wind …",engineering optimization,0.404
,,"Survey of research on the optimal design of sea harbours
H Diab, R Younes, P Lafon - International Journal of Naval Architecture and Ocean …, 2017
Cited by 22 Related articles All 9 versions",2017/7/1,9.0,https://www.sciencedirect.com/science/article/pii/S2092678216304046,,,International Journal of Naval Architecture and Ocean Engineering,460-472,"Nonlinear Control, Engineering Optimization, Energy Management, Homogenization, Multidisciplinary Optimization.",Cited by 22,Rafic Younes,,,Survey of research on the optimal design of sea harbours,,,,https://scholar.google.com/citations?view_op=view_citation&hl=en&user=JyiFKagAAAAJ&cstart=20&pagesize=80&citation_for_view=JyiFKagAAAAJ:LjlpjdlvIbIC,4,Elsevier,"Hassan Diab, Rafic Younes, Pascal Lafon","The design of harbours, as with any other system design, must be an optimization process. In this study, a global examination of the different constraints in coastal engineering was performed and an optimization problem was defined. The problem has multiple objectives, and the criteria to be minimized are the structure cost and wave height disturbance inside a harbour. As concluded in this survey, the constraints are predefined parameters, mandatory constraints or optional constraints. All of these constraints are categorized into four categories: environmental, fluid mechanical, structural and manoeuvring.",engineering optimization,0.412
,,"A corrective function for the estimation of the longitudinal Young’s modulus in a developed analytical model for 2.5 D woven composites
A Hallal, R Younes, S Nehme, F Fardoun - Journal of composite materials, 2011
Cited by 22 Related articles All 5 versions",2011/8,45.0,https://www.researchgate.net/profile/Rafic-Younes/publication/235926257_A_corrective_function_for_the_estimation_of_the_longitudinal_Young%27s_modulus_in_a_developed_analytical_model_for_25D_woven_composites/links/02e7e528a6d74386cc000000/A-corrective-function-for-the-estimation-of-the-longitudinal-Youngs-modulus-in-a-developed-analytical-model-for-25D-woven-composites.pdf,,,,1793-1804,"Nonlinear Control, Engineering Optimization, Energy Management, Homogenization, Multidisciplinary Optimization.",Cited by 22,Rafic Younes,,,A corrective function for the estimation of the longitudinal Young’s modulus in a developed analytical model for 2.5 D woven composites,,Journal of composite materials,,https://scholar.google.com/citations?view_op=view_citation&hl=en&user=JyiFKagAAAAJ&cstart=20&pagesize=80&citation_for_view=JyiFKagAAAAJ:HDshCWvjkbEC,17,Sage Publications,"Ali Hallal, Rafic Younes, Samer Nehme, Farouk Fardoun","In this article, the problem that is faced when the developed analytical model is applied to 2.5D interlocks of the ‘yarn—yarn’ type is discussed. The difficulty encountered is taking into account the influence of the number of weft yarns covered by the warp yarn. Different architectures of these interlocks will have the same stiffness matrix when modeled with the developed analytical model that uses the volume proportion of the three phases: warp, weft, and matrix. The influence of the number of weft yarns on the longitudinal Young’s modulus is studied. A corrective function has been evaluated using a finite element numerical modeling of four fictive woven composites created with ‘ANSYS’ software. These woven composite have the same undulated warp and linear weft yarns, while they differ in the number of weft yarns covered by a warp yarn. The longitudinal Young’s modulus is evaluated for each composite using a …",nonlinear control,0.2
,,"Investigation des générateurs hybrides d'électricité de type éolien-air comprimé
H Ibrahim, R Younès, A Ilinca, J Perron - Revue des énergies renouvelables, 2007
Cited by 22 Related articles All 6 versions",2007,,https://citeseerx.ist.psu.edu/document?repid=rep1&type=pdf&doi=e6577c3b74ae142d650ff5b3eaaf5aab21c31147,,,,47-50,"Nonlinear Control, Engineering Optimization, Energy Management, Homogenization, Multidisciplinary Optimization.",Cited by 22,Rafic Younes,,,Investigation des générateurs hybrides d'électricité de type éolien-air comprimé,,Revue des énergies renouvelables,,https://scholar.google.com/citations?view_op=view_citation&hl=en&user=JyiFKagAAAAJ&cstart=20&pagesize=80&citation_for_view=JyiFKagAAAAJ:qjMakFHDy7sC,,,"Hussein Ibrahim, Rafic Younès, Adrian Ilinca, Jean Perron","Le stockage représente la clé de la pénétration de l’énergie éolienne sur le réseau électrique. Il permet d’éviter un délestage en cas de surproduction, d’assurer en temps réel l’équilibre production-consommation et d’améliorer, également, la robustesse du réseau électrique. Le CAES (Compressed Air Energy Storage) est une technologie mature qui permet de stocker à longue ou courte durée une quantité d'énergie suffisante pour soutenir le nombre de cycles demandés. Le système éolien-CAES-gaz naturel et d’autres hybridations seront traités plus en détails par la suite dans cet article.",energy management,0.205
,,"On the formulation of optimization problems under uncertainty in mechanical design
O Braydi, P Lafon, R Younes - International Journal on Interactive Design and …, 2019
Cited by 21 Related articles All 6 versions",2019/3/12,13.0,https://www.researchgate.net/profile/Oussama-Braydi/publication/325792157_On_the_formulation_of_optimization_problems_under_uncertainty_in_mechanical_design/links/5c3273b3299bf12be3b3eb66/On-the-formulation-of-optimization-problems-under-uncertainty-in-mechanical-design.pdf,,,,75-87,"Nonlinear Control, Engineering Optimization, Energy Management, Homogenization, Multidisciplinary Optimization.",Cited by 21,Rafic Younes,,,On the formulation of optimization problems under uncertainty in mechanical design,,International Journal on Interactive Design and Manufacturing (IJIDeM),,https://scholar.google.com/citations?view_op=view_citation&hl=en&user=JyiFKagAAAAJ&cstart=20&pagesize=80&citation_for_view=JyiFKagAAAAJ:BwyfMAYsbu0C,,Springer Paris,"Oussama Braydi, Pascal Lafon, Rafic Younes","This paper proposes a guide to help designer to formulate the optimization under uncertainty in mechanical design problem. An efficient tool based on the necessary conditions for each optimization under uncertainty type is introduced here. This tool is capable to guide the designer to choose between different types of optimization under uncertainty, the suitable method for a given problem. The problematic of the antagonism between the performance and its stability is studied. We also identify the importance of the evaluation of this antagonism before solving the design problem in robustness formulation. An efficient general method is developed for this evaluation. This method is very useful to save computational time and to give to the designer an early information about the stability of performance under uncertainties of his design.",engineering optimization,0.206
,,"On the use of COMSOL Multiphysics for seawater intrusion in fractured coastal aquifers
B Mozafari, M Fahs, B Ataie-Ashtiani, CT Simmons… - E3S Web of Conferences, 2018
Cited by 21 Related articles All 6 versions",2018,54.0,https://www.e3s-conferences.org/articles/e3sconf/pdf/2018/29/e3sconf_swim2018_00020.pdf,,,,00020,"Nonlinear Control, Engineering Optimization, Energy Management, Homogenization, Multidisciplinary Optimization.",Cited by 21,Rafic Younes,,,On the use of COMSOL Multiphysics for seawater intrusion in fractured coastal aquifers,,E3S Web of Conferences,,https://scholar.google.com/citations?view_op=view_citation&hl=en&user=JyiFKagAAAAJ&cstart=20&pagesize=80&citation_for_view=JyiFKagAAAAJ:PVjk1bu6vJQC,,EDP Sciences,"B Mozafari, M Fahs, B Ataie-Ashtiani, CT Simmons, Rafic Younes","COMSOL Multiphysics is a comprehensive simulation software environment for a wide range of applications. COMSOL has an interactive interface that facilitates the modeling procedure and allows an easy coupling of different physical processes. The Subsurface Flow module extends the COMSOL modeling environment to applications related to fluid flow in saturated and variably saturated porous media. COMSOL is increasingly used in the investigation of geophysical, hydrogeological and environmental phenomena. The main goal of this work is to explore the ability of COMSOL for simulating seawater intrusion (SWI) in fractured coastal aquifers. Numerical modeling of such a problem is of high interest as fractured/karstic coastal aquifers are widespread and processes of SWI in the presence of fractures remains poorly understood. We set up a COSMOL model for the popular Henry problem. The accuracy of …",Unclassified,0.0
,,"Etude Probabiliste d’un Systeme Mecanique a Parametres Incertains par une Technique Basee sur la Methode de transformation
S Kadry, R Younès - Proceeding of CanCam. Canada, 2005
Cited by 21 Related articles All 3 versions",2005/5,,https://www.researchgate.net/profile/Rafic-Younes/publication/258810363_Etude_Probabiliste_d'un_Systeme_Mecanique_a_Parametres_Incertains_par_une_Technique_Basee_sur_la_Methode_de_transformation/links/0c960528f8955d82ef000000/Etude-Probabiliste-dun-Systeme-Mecanique-a-Parametres-Incertains-par-une-Technique-Basee-sur-la-Methode-de-transformation.pdf,,,,,"Nonlinear Control, Engineering Optimization, Energy Management, Homogenization, Multidisciplinary Optimization.",Cited by 21,Rafic Younes,,,Etude Probabiliste d’un Systeme Mecanique a Parametres Incertains par une Technique Basee sur la Methode de transformation,,Proceeding of CanCam. Canada,,https://scholar.google.com/citations?view_op=view_citation&hl=en&user=JyiFKagAAAAJ&cstart=20&pagesize=80&citation_for_view=JyiFKagAAAAJ:WF5omc3nYNoC,,,"Seifedine Kadry, Rafic Younès",Dans cet article on a combiné la méthode de transformation et la méthode des éléments finis pour évaluer la fonction de densité de probabilité «fdp» d’un système mécanique ayant des paramètres internes incertains.,Unclassified,0.0
,,"Modeling and simulation of the thermodynamic cycle of the Diesel Engine using Neural Networks
A Rida, HM Nahim, R Younes, H Shraim, M Ouladsine - IFAC-PapersOnLine, 2016
Cited by 20 Related articles All 2 versions",2016,49.0,https://www.researchgate.net/profile/Ali-Rida-2/publication/306012882_Modeling_and_simulation_of_the_thermodynamic_cycle_of_the_Diesel_Engine_using_Neural_Networks/links/5ea81eb8299bf1dcb09ebb58/Modeling-and-simulation-of-the-thermodynamic-cycle-of-the-Diesel-Engine-using-Neural-Networks.pdf,,,,221-226,"Nonlinear Control, Engineering Optimization, Energy Management, Homogenization, Multidisciplinary Optimization.",Cited by 20,Rafic Younes,,,Modeling and simulation of the thermodynamic cycle of the Diesel Engine using Neural Networks,,IFAC-PapersOnline,,https://scholar.google.com/citations?view_op=view_citation&hl=en&user=JyiFKagAAAAJ&cstart=20&pagesize=80&citation_for_view=JyiFKagAAAAJ:JoZmwDi-zQgC,3,Elsevier,"Ali Rida, Hassan Moussa Nahim, Rafic Younes, Hassan Shraim, Mustapha Ouladsine","In this paper, a unique single zone combustion model is proposed to predict Diesel engine’s performance, pressure, and temperature based on the conservation of mass and energy. In order to simulate all phases of combustion, the proposed model takes in consideration the dynamics of the intake and exhaust gas through the valves, the ignition delay, the instantaneous change in gas properties, the properties of the burned fuel, and the heat losses by the walls. Validation of this model has been realized by experimental data. Important issue has been recognized that the physical model takes too much time in calculation. For this purpose, a Feed-Forward Neural Network (FFNN) model is developed and validated experimentally to predict the pressure and temperature in the cylinder in nominal and faulty operations. Finally, the influence of some possible faults that may be produced on the diesel engine cycle during …",energy management,0.204
,,"Parametrical and motion analysis of a moored rectangular floating breakwater
G Elchahal, R Younes, P Lafon - 2009
Cited by 20 Related articles All 8 versions",2009/8/1,131.0,https://www.academia.edu/download/42822177/Parametrical_and_Motion_Analysis_of_a_Mo20160218-20243-1qbx66g.pdf,,,,031303,"Nonlinear Control, Engineering Optimization, Energy Management, Homogenization, Multidisciplinary Optimization.",Cited by 20,Rafic Younes,,,Parametrical and motion analysis of a moored rectangular floating breakwater,,,,https://scholar.google.com/citations?view_op=view_citation&hl=en&user=JyiFKagAAAAJ&cstart=20&pagesize=80&citation_for_view=JyiFKagAAAAJ:bEWYMUwI8FkC,3,,"Ghassan Elchahal, Rafic Younes, Pascal Lafon","Moored floating breakwaters with a leeward boundary, assimilating the port quay walls are described by a large number of coupled variables. This complicates their design and requires a detailed parametrical and motion analysis to assess their hydrodynamic performance. A diffraction-radiation boundary value problem is developed. It arises from the interaction of linear waves on a moored floating breakwater with a leeward boundary described by a partial reflective sidewall. The effects of the sidewall clearance, structural parameters, mooring lines stiffness, and their angle of inclination on the transmission coefficient and the dynamic motion of the floating breakwater are considered. The transmission coefficient is strongly affected by the motion itself and the allowable length change in the mooring lines.",nonlinear control,0.2
,,"Genetic algorithm for dynamic calibration of engine's actuators
R Omran, R Younes, JC Champoussin, D Fedeli… - 2007
Cited by 20 Related articles All 6 versions
2007-01-1079 Genetic Algorithm for Dynamic Calibration of Engine's Actuators*
R Omran, R Younes, J Champoussin, D Fedeli… - SAE SP, 2007
Related articles",2007/4/16,,https://citeseerx.ist.psu.edu/document?repid=rep1&type=pdf&doi=5802f62111fa529f88ce476d8041c72c0b11a3d6,,,,,"Nonlinear Control, Engineering Optimization, Energy Management, Homogenization, Multidisciplinary Optimization.",Cited by 20,Rafic Younes,,,Genetic Algorithm for Dynamic Calibration of Engine's Actuators,,,,https://scholar.google.com/citations?view_op=view_citation&hl=en&user=JyiFKagAAAAJ&cstart=20&pagesize=80&citation_for_view=JyiFKagAAAAJ:Y0pCki6q_DkC,,"Society of Automotive Engineers, 400 Commonwealth Dr, Warrendale, PA, 15096, USA,","Rabih Omran, Rafic Younes, Jean-Claude Champoussin, Danitza Fedeli, François Masson, Noureddine Guerrassi","Modern diesel engines are equipped with an increasing number of actuators set to improve human comfort and fuel consumptions while respecting the restricted emissions regulations. In spite of the great progress made in the electronic and data-processing domains, the physical-based emissions models remain time consuming and too complicated to be used in a dynamic calibrating process. Therefore, until these days, the calibration of the engine's cartographies is done manually by experimental experts on dynamic test bed, but the results are not often the best compromise in the consumption-emissions formula due to the increasing number of actuators and to the nonlinear and complex relations between the different variables involved in the combustion process. Recently, neural networks are successfully used to model dynamic multiple inputs-multiple outputs processes by learning from examples and without …",nonlinear control,0.204
,2004 IEEE/RSJ International Conference on Intelligent Robots and Systems (IROS)(IEEE Cat. No. 04CH37566),"Muscle forces prediction of the human hand and forearm system in highly realistic simulation
J Chalfoun, M Renault, R Younes, FB Ouezdou - 2004 IEEE/RSJ International Conference on Intelligent …, 2004
Cited by 20 Related articles All 4 versions",2004/9/28,2.0,https://www.researchgate.net/profile/Fb-Ouezdou/publication/4121955_Muscle_forces_prediction_of_the_human_hand_and_forearm_system_in_highly_realistic_simulation/links/0fcfd50c36ec627ebe000000/Muscle-forces-prediction-of-the-human-hand-and-forearm-system-in-highly-realistic-simulation.pdf,,,,1293-1298,"Nonlinear Control, Engineering Optimization, Energy Management, Homogenization, Multidisciplinary Optimization.",Cited by 20,Rafic Younes,,,Muscle forces prediction of the human hand and forearm system in highly realistic simulation,,,,https://scholar.google.com/citations?view_op=view_citation&hl=en&user=JyiFKagAAAAJ&cstart=20&pagesize=80&citation_for_view=JyiFKagAAAAJ:u5HHmVD_uO8C,,IEEE,"Joe Chalfoun, Martin Renault, Rafic Younes, Fethi Ben Ouezdou","This paper deals with development of a highly realistic human hand and forearm model (HHF). The adopted model has to be as close as possible to the reality of the human being hand, to address several features, linked to manipulation tasks, grasping objects and daily routine movements like shaving, writing, etc. Also, in order to be realistic, the simulation of the movement is made in real-time; meaning, at the same rate as the natural HHF movement. In this paper we focus on the muscles forces determination for a given task. A relation between the muscles forces and the joints torques is established. The resulting forces, responsible of a dynamical movement of the HHF, are calculated by using an optimization method. The calculation is made during a real-time simulation. The results are discussed and interpreted on an example simulating a basic movement of the HHF. Limitations and further developments of the …",engineering optimization,0.204
,,"Hydro-pneumatic storage for wind-diesel electricity generation in remote sites
Y Saad, R Younes, S Abboudi, A Ilinca - Applied energy, 2018
Cited by 19 Related articles All 8 versions",2018/12/1,231.0,,,,,1159-1178,"Nonlinear Control, Engineering Optimization, Energy Management, Homogenization, Multidisciplinary Optimization.",Cited by 19,Rafic Younes,,,Hydro-pneumatic storage for wind-diesel electricity generation in remote sites,,Applied energy,,https://scholar.google.com/citations?view_op=view_citation&hl=en&user=JyiFKagAAAAJ&cstart=20&pagesize=80&citation_for_view=JyiFKagAAAAJ:tYavs44e6CUC,,Elsevier,"Y Saad, R Younes, S Abboudi, A Ilinca","Unlike the majority of Canadian population, which benefits from reliable, guaranteed and affordable electricity, most Canadian remote communities do not have these benefits because they rely on locally generated electricity. Diesel generators are the main sources of electrical energy that supply most of these remote isolated areas. The operation and transportation cost of diesel fuel in addition to its price have led to the procurement of a more efficient and environmentally greener supply methods. Therefore, the combination of these generators with renewable sources, such as wind energy, in a wind-diesel hybrid system with compressed air energy storage can reduce these deficits by reducing the fossil fuel consumption, operating time of diesel engines, operation costs and environmental harm. Many recent studies have shown that the optimal management of the stored air reserve is to overcharge an existing …",energy management,0.408
,,"Progress to global strategy for management of energy systems
O Ibrahim, R Younes - Journal of Building Engineering, 2018
Cited by 19 Related articles",2018/11/1,20.0,,,,,303-316,"Nonlinear Control, Engineering Optimization, Energy Management, Homogenization, Multidisciplinary Optimization.",Cited by 19,Rafic Younes,,,Progress to global strategy for management of energy systems,,Journal of Building Engineering,,https://scholar.google.com/citations?view_op=view_citation&hl=en&user=JyiFKagAAAAJ&cstart=20&pagesize=80&citation_for_view=JyiFKagAAAAJ:L7CI7m0gUJcC,,Elsevier,"Oussama Ibrahim, Rafic Younes","The concept of integrated energy management is presented in this study. It defines a global strategy for the management and control of an energy system following five steps, namely, i) selection of resources and technologies, ii) mathematical modeling, iii) optimal sizing, iv) optimal references and v) operational control. First, the above-mentioned concept is introduced and explained. After that, integrated energy management is applied for two case studies; i) a simple conventional domestic electric water heater and ii) a hybrid domestic water heating system mainly composed of an air source heat pump, flat-plate solar thermal collectors and wind turbines. These systems are numerically investigated using both Matlab and Trnsys softwares in different weather climates. Compared with specified base cases, results prove that the introduced concept is very efficient from the energetic and economic points of view, where …",energy management,0.608
,,"Fuel consumption evaluation of an optimized new hybrid pneumatic–combustion vehicle engine on several driving cycles
T Basbous, R Younes, A Ilinca, J Perron - International Journal of Engine Research, 2012
Cited by 19 Related articles All 6 versions",2012/6,13.0,https://www.academia.edu/download/42460622/Fuel_consumption_evaluation_of_an_optimi20160209-10457-mspgyf.pdf,,,,253-273,"Nonlinear Control, Engineering Optimization, Energy Management, Homogenization, Multidisciplinary Optimization.",Cited by 19,Rafic Younes,,,Fuel consumption evaluation of an optimized new hybrid pneumatic–combustion vehicle engine on several driving cycles,,International Journal of Engine Research,,https://scholar.google.com/citations?view_op=view_citation&hl=en&user=JyiFKagAAAAJ&cstart=20&pagesize=80&citation_for_view=JyiFKagAAAAJ:blknAaTinKkC,3,SAGE Publications,"Tammam Basbous, Rafic Younes, Adrian Ilinca, Jean Perron","In this paper, we describe an optimization followed by a fuel-saving evaluation of a new concept of a hybrid pneumatic–combustion engine that can be obtained by modifying a conventional internal combustion engine without developing a new cylinder head. Until now, most studies on the pneumatic hybridization of internal combustion engines have dealt with a two-stroke pure pneumatic mode. The few concept studies that have dealt with a hybrid pneumatic–combustion four-stroke mode required a supplementary valve to be added to charge compressed air in the combustion chamber. This heavy modification cannot be carried out by simply adjusting an existing internal combustion engine because a new cylinder head should be developed. It is therefore not logical to suggest this concept as an option in vehicle powertrains to reduce fuel consumption. Moreover, those studies focus on spark-ignition engines …",engineering optimization,0.404
,,"Structural reliability software and calculation tools: A review
F El Hajj Chehade, R Younes - Innovative Infrastructure Solutions, 2020
Cited by 18 Related articles All 2 versions",2020/4,5.0,,,,Innovative Infrastructure Solutions,29,"Nonlinear Control, Engineering Optimization, Energy Management, Homogenization, Multidisciplinary Optimization.",Cited by 18,Rafic Younes,,,Structural reliability software and calculation tools: A review,,,,https://scholar.google.com/citations?view_op=view_citation&hl=en&user=JyiFKagAAAAJ&cstart=20&pagesize=80&citation_for_view=JyiFKagAAAAJ:Ug5p-4gJ2f0C,1,Springer International Publishing,"Fatima El Hajj Chehade, Rafic Younes","Structural reliability is now the leading method in the field of design optimization and assessment of civil engineering structures since it offers a rational treatment of the uncertainties in this kind of studies. However, structural reliability problems become more complex with time due to the high number of random variables leading to very complex numerical problems; moreover, they have to deal with complex finite element structural models. So, many reliability calculation tools and software packages have been developed for this purpose. This paper is an important reference for researchers and engineers to help them select the most suitable reliability calculation tool or software package; they will also know their most common area of use through the application examples mentioned for each tool. Several criteria are taken into account in the investigation such as the type of the structure, the probabilistic computational …",engineering optimization,0.408
,,"In-plane permeability prediction model for non-crimp and 3D orthogonal fabrics
M Karaki, A Hallal, R Younes, F Trochu, P Lafon - The Journal of The Textile Institute, 2018
Cited by 17 Related articles All 6 versions",2018/8/3,109.0,,,,,1110-1126,"Nonlinear Control, Engineering Optimization, Energy Management, Homogenization, Multidisciplinary Optimization.",Cited by 17,Rafic Younes,,,In-plane permeability prediction model for non-crimp and 3D orthogonal fabrics,,The Journal of The Textile Institute,,https://scholar.google.com/citations?view_op=view_citation&hl=en&user=JyiFKagAAAAJ&cstart=20&pagesize=80&citation_for_view=JyiFKagAAAAJ:VLnqNzywnoUC,8,Taylor & Francis,"Mohammad Karaki, Ali Hallal, Rafic Younes, Francois Trochu, Pascal Lafon","Permeability reflects the ease of flow inside a composite fabric. A predictive model has been developed to estimate the unidirectional permeability in both, the warp and weft directions, for a family of non-crimped and 3D orthogonal fabrics. The model is based on an analytical solution derived from previous studies, in which the microscopic permeability of unidirectional fiber bundles is estimated. The implementation of this model requires basic geometrical parameters of the fabric architecture. Those parameters include the dimension of the mesopores and architecture of the fiber bundles, which are determined from pictures taken for the fabric and from the textile data sheet. In addition, the average volume of mesopores and fiber bundles are calculated for different fiber volume fractions in the warp and weft directions. The model evaluates two contributions; the first one deals with the flow inside and in between the …",nonlinear control,0.2
,,"Wind turbine ice detection using hyperspectral imaging
P Rizk, R Younes, A Ilinca, J Khoder - Remote Sensing Applications: Society and …, 2022
Cited by 16 Related articles All 5 versions",2022/4/1,26.0,,,,,100711,"Nonlinear Control, Engineering Optimization, Energy Management, Homogenization, Multidisciplinary Optimization.",Cited by 16,Rafic Younes,,,Wind turbine ice detection using hyperspectral imaging,,Remote Sensing Applications: Society and Environment,,https://scholar.google.com/citations?view_op=view_citation&hl=en&user=JyiFKagAAAAJ&cstart=20&pagesize=80&citation_for_view=JyiFKagAAAAJ:LO7wyVUgiFcC,,Elsevier,"Patrick Rizk, Rafic Younes, Adrian Ilinca, Jihan Khoder","Wind energy has been playing a pivot role in replacing the traditional energy sources. This emerging paradigm has proved itself as a good candidate among all renewable energy sources. Although the exponential growth of the wind industry, wind turbines still suffer from blade icing especially in cold regions. Blade icing disturbs aerodynamic performance and results in power losses, safety risks, mechanical and electrical breakdowns, measurement, and control faults. Anti-icing and de-icing techniques mitigate these adverse effects. It is mandatory to rigorously evaluate the meteorological operating conditions during the assessment phase to determine the need and advantages of installing an anti-icing or a de-icing system. Moreover, this diagnostic is also essential during the operation to detect icing, prevent failure, and enhance production. Different ice detection methods, such as double anemometry, vane …",nonlinear control,0.204
,,"Multicriteria classification method for dimensionality reduction adapted to hyperspectral images
M Khoder, S Kashana, J Khoder, R Younes - Journal of Applied Remote Sensing, 2017
Cited by 15 Related articles All 4 versions",2017/4/1,11.0,https://www.spiedigitallibrary.org/journals/journal-of-applied-remote-sensing/volume-11/issue-02/025001/Multicriteria-classification-method-for-dimensionality-reduction-adapted-to-hyperspectral-images/10.1117/1.JRS.11.025001.pdf,,,,025001-025001,"Nonlinear Control, Engineering Optimization, Energy Management, Homogenization, Multidisciplinary Optimization.",Cited by 15,Rafic Younes,,,Multicriteria classification method for dimensionality reduction adapted to hyperspectral images,,Journal of Applied Remote Sensing,,https://scholar.google.com/citations?view_op=view_citation&hl=en&user=JyiFKagAAAAJ&cstart=20&pagesize=80&citation_for_view=JyiFKagAAAAJ:VL0QpB8kHFEC,2,Society of Photo-Optical Instrumentation Engineers,"Mahdi Khoder, Serge Kashana, Jihan Khoder, Rafic Younes","Due to the incredible growth of high dimensional datasets, we address the problem of unsupervised methods sensitive to undergoing different variations, such as noise degradation, and to preserving rare information. Therefore, researchers nowadays are forced to develop techniques to meet the needed requirements. In this work, we introduce a dimensionality reduction method that focuses on the multiobjectives of multiple images taken from multiple frequency bands, which form a hyperspectral image. The multicriteria classification algorithm technique compares and classifies these images based on multiple similarity criteria, which allows the selection of particular images from the whole set of images. The selected images are the ones chosen to represent the original set of data while respecting certain quality thresholds. Knowing that the number of images in a hyperspectral image signifies its dimension …",Unclassified,0.0
,,"New Indicated Mean Effective Pressure (IMEP) model for predicting crankshaft movement
R Omran, R Younes, JC Champoussin, R Outbib - Energy conversion and management, 2011
Cited by 15 Related articles All 7 versions",2011/11/1,52.0,,,,,3376-3382,"Nonlinear Control, Engineering Optimization, Energy Management, Homogenization, Multidisciplinary Optimization.",Cited by 15,Rafic Younes,,,New Indicated Mean Effective Pressure (IMEP) model for predicting crankshaft movement,,Energy conversion and management,,https://scholar.google.com/citations?view_op=view_citation&hl=en&user=JyiFKagAAAAJ&cstart=20&pagesize=80&citation_for_view=JyiFKagAAAAJ:Wp0gIr-vW9MC,12,Pergamon,"Rabih Omran, Rafic Younes, Jean-Claude Champoussin, Rachid Outbib","Indicated Mean Effective Pressure models (IMEP) are essential to estimate the indicated torque in internal combustion engine; they also provide important information about the mechanical efficiency of the engine thermodynamic cycle which describes the conversion of the fuel combustion energy into mechanical work. In the past, many researches were made to improve the IMEP prediction and measurement techniques at different engine operating conditions. In this paper, we proposed a detailed IMEP model which separately describes the IMEP-Low pressure and the IMEP-High pressure of a modern diesel engine; the IMEP is the direct subtraction result between these two variables. We firstly studied the evolution of the IMEPHP and IMEPLP with respect to the engine’s variables and then we deduced the variables of influence and the form of the equations that can be used to develop the models. Finally, the …",energy management,0.204
,,"Modélisation du moteur diesel, en vue de sa commande dynamique par réseaux de neurones pour minimiser les émissions
R Omran - 2007
Cited by 15 Related articles All 3 versions",2007/12/14,,https://theses.hal.science/tel-01570477/file/THESE%20DE%20RABIH%20OMRAN%20version%20final.pdf,,,,,"Nonlinear Control, Engineering Optimization, Energy Management, Homogenization, Multidisciplinary Optimization.",Cited by 15,Rafic Younes,,,"Modélisation du moteur diesel, en vue de sa commande dynamique par réseaux de neurones pour minimiser les émissions",Ecole Centrale de Lyon,,,https://scholar.google.com/citations?view_op=view_citation&hl=en&user=JyiFKagAAAAJ&cstart=20&pagesize=80&citation_for_view=JyiFKagAAAAJ:vRqMK49ujn8C,,,"Rabih Omran, Rafic Younes","Le transport routier est l’un des contributeurs majeurs au réchauffement climatique et à la pollution de l’air. La réduction de ces effets, passe par la minimisation de la consommation de carburant, dans le respect des réglementations imposées. Dans cette thèse, nous proposons une procédure automatique pour déterminer les valeurs optimales des paramètres de contrôle du moteur Diesel, satisfaisant les critères de consommation et émissions minimales, dans toute sa plage de fonctionnement, en régime dynamique. Ce contrôle comprend deux étapes : une recherche préalable « Off Line » des valeurs optimales des paramètres, suivie d’une intégration des valeurs obtenues dans un contrôleur à réseaux de neurones « On Line ». Dans ce but, des modèles sont d’abord élaborés pour décrire le comportement mécanique du moteur et les émissions elles-mêmes (CO2, CO, HC, NOx, PM), en suivant deux approches : les modèles physiques en valeurs moyennes et les réseaux de neurones. Les coefficients de ces modèles sont identifiés à partir des données expérimentales, acquises sur banc d’essais moteur. Ensuite l’optimisation est faite « Off Line » sur un ordinateur puissant dans le but d’obtenir les cartographies dynamiques multidimensionnelles décrivant les valeurs à attribuer aux paramètres de contrôle, sur un cycle (par exemple NEDC) ou sur toute la plage de fonctionnement du moteur. L’exploitation directe des résultats d’optimisation exige cependant un nombre très important de cartographies. Or l’ECU n’a pas actuellement la capacité de mémoriser ni de gérer toutes ces cartes. Les cartographies dynamiques constituent alors la base …",nonlinear control,0.4
,,"Optimal conception of a hybrid generator of electricity
H Ibrahim, R Younès, A Ilinca - CANCAM02007 ETS-39, Toronto, Canada, 2007
Cited by 15 Related articles All 6 versions",2007/6,,https://www.academia.edu/download/54076269/Optimal_Conception_of_a_Hybrid_Generator20170807-2712-n9i1qz.pdf,,,,358-9,"Nonlinear Control, Engineering Optimization, Energy Management, Homogenization, Multidisciplinary Optimization.",Cited by 15,Rafic Younes,,,Optimal conception of a hybrid generator of electricity,,"CANCAM02007 ETS-39, Toronto, Canada",,https://scholar.google.com/citations?view_op=view_citation&hl=en&user=JyiFKagAAAAJ&cstart=20&pagesize=80&citation_for_view=JyiFKagAAAAJ:UeHWp8X0CEIC,,,"Hussein Ibrahim, Rafic Younès, Adrian Ilinca","The power produced by the wind turbines is fluctuating with wind intensity. Therefore, the wind power penetration rate (WPPR-the percentage of wind power in the total power production that has to be equal to the instantaneous load) is limited on the electric distribution grid. The increase of the wind penetration rate is facilitated by the coupling of wind farms on national or regional transport grid, the use of storage systems or in the hybridization of wind turbines to the other sources of energy.",energy management,0.208
,Conférence international francophone d’automatique CIFA,"Diagnostic de défauts sur un moteur diesel*
F Peysson, H Noura, R Younes - CIFA06, 2006
Cited by 9 Related articles
Diagnostic de défauts sur un moteur diesel
C Nohra - 2009
Cited by 6 Related articles All 3 versions",2006,,https://theses.hal.science/tel-01570301/file/version_corrige_finale_rapport_these_doctorat_chadi_nohra____.pdf,,,,1-3,"Nonlinear Control, Engineering Optimization, Energy Management, Homogenization, Multidisciplinary Optimization.",Cited by 15,Rafic Younes,,,Diagnostic de défauts sur un moteur diesel,,,,https://scholar.google.com/citations?view_op=view_citation&hl=en&user=JyiFKagAAAAJ&cstart=20&pagesize=80&citation_for_view=JyiFKagAAAAJ:tKAzc9rXhukC,,,"Hassan Noura, Flavien Peysson, Rafic Younes","Longtemps considérés comme polluants, les moteurs diesels sont aujourd’hui autant, voire plus, propres que les moteurs à essence. Afin de respecter au mieux les normes environnementales, même en présence de dysfonctionnements, les constructeurs automobiles mettent en œuvre des systèmes de détection et de localisation de défauts. La plupart des recherches précédentes pour le diagnostic des moteurs diesel étudie des parties bien déterminées du moteur et non pas le moteur complet. Cette thèse propose deux stratégies différentes de diagnostic sur un modèle de connaissance d’un moteur diesel ce qui permet de détecter, d’isoler et d’estimer six défauts dans les différentes parties d’un moteur diesel équipé d’un turbocompresseur à géométrie variable : fuite d’air dans le collecteur d’admission, mauvais fonctionnement du compresseur, défaut d’ouverture des soupapes d’admission, défaut dans l’échangeur, détérioration dans le couplage turbine compresseur, défaut dans la commande de la turbine à géométrie variable et défaut dans le capteur de vitesse. L'idée de base de la première stratégie est d'utiliser l’apprentissage récursif d’un observateur à modes glissants. La seconde stratégie utilisée pour concevoir un FDI (Fault Detection and Isolation) est basée sur la théorie de contrôle par «Séquencement de gain» appliquée sur un système multilinéaire de type Takagi_Sugeno. Des simulations avec un modèle diesel non-linéaire validé, en présence de bruit, ont été effectuées et qui a démontré l'efficacité de l'algorithme proposé.",nonlinear control,0.2
,,"Evaluation of longitudinal and transversal Young’s moduli for unidirectional composite material with long fibers
A Hallal, F Fardoun, R Younes, F Hage Chehade - Advanced Materials Research, 2011
Cited by 14 Related articles All 7 versions",2011/10/1,324.0,https://www.academia.edu/download/68863821/Evaluation_of_Longitudinal_and_Transvers20210824-6639-dq6dju.pdf,,,,189-192,"Nonlinear Control, Engineering Optimization, Energy Management, Homogenization, Multidisciplinary Optimization.",Cited by 14,Rafic Younes,,,Evaluation of longitudinal and transversal Young’s moduli for unidirectional composite material with long fibers,,Advanced Materials Research,,https://scholar.google.com/citations?view_op=view_citation&hl=en&user=JyiFKagAAAAJ&cstart=20&pagesize=80&citation_for_view=JyiFKagAAAAJ:-f6ydRqryjwC,,Trans Tech Publications Ltd,"Ali Hallal, Farouk Fardoun, Rafic Younes, Fadi Hage Chehade","This work represents a comparative study of available analytical micromechanical models used to evaluate the elastic properties of unidirectional (UD) composite material with long fibers (where the ratio Length/Diameter of the fibers is considered to be infinite). The objective of this work is to find the appropriate model, to be used with different volume fractions of fibers, to determine the micromechanical elastic properties. This study is carried out due to the importance of using the suitable micromechanical model, when modeling bi-dimensional and tridimensional composite materials. The models are divided into two different categories: rheological, and inclusion models. The UD composite material represents a transversely isotropic material composed of two phases: the reinforcement phase and the matrix phase. Isotropic fibers (e.g. glass fibers) or anisotropic fibers (e.g. carbon fibers) represent the reinforcement …",Unclassified,0.0
,,"Optimized active control of a smart cantilever beam using genetic algorithm
A Awada, R Younes, A Ilinca - Designs, 2022
Cited by 13 Related articles All 7 versions",2022/4/2,6.0,https://www.mdpi.com/2411-9660/6/2/36,,,,36,"Nonlinear Control, Engineering Optimization, Energy Management, Homogenization, Multidisciplinary Optimization.",Cited by 13,Rafic Younes,,,Optimized active control of a smart cantilever beam using genetic algorithm,,Designs,,https://scholar.google.com/citations?view_op=view_citation&hl=en&user=JyiFKagAAAAJ&cstart=20&pagesize=80&citation_for_view=JyiFKagAAAAJ:umqufdRvDiIC,2,MDPI,"Ali Awada, Rafic Younes, Adrian Ilinca","Vibration is one of the most dangerous phenomena that happens to a structure. It leads to premature fatigue and eventually failure, with potentially fatal consequences. A smart structure is an excellent solution to this problem; it adds an actuator, a sensor, and an appropriate control law to the system to reduce/eliminate the vibration. This study developed a complete analytical model for a cantilever beam with a collocated PZT sensor/actuator pair. First, we used a coupling of a collocated PZT sensor and an actuator to measure and control vibration levels based on a PID control law considering the physical constraints associated with PZT operation as the voltage level of the actuator. Next, the damping coefficient of the structure was determined by using genetic algorithms best fit to satisfy specific vibration conditions. Finally, we conducted a complete optimization for sensor/actuator position and PID parameters, using genetic algorithms. Thus, this paper gives a thorough understanding of the potential vibration control of the cantilever beam.",nonlinear control,0.204
,,"Prédiction des efforts musculaires dans le système main avant-bras: Modélisation, simulation, optimisation et validation
J Chalfoun - 2005
Cited by 13 Related articles",2005/4/29,,,,,,,"Nonlinear Control, Engineering Optimization, Energy Management, Homogenization, Multidisciplinary Optimization.",Cited by 13,Rafic Younes,,,"Prédiction des efforts musculaires dans le système main avant-bras: Modélisation, simulation, optimisation et validation",Versailles University - France,,,https://scholar.google.com/citations?view_op=view_citation&hl=en&user=JyiFKagAAAAJ&cstart=20&pagesize=80&citation_for_view=JyiFKagAAAAJ:tS2w5q8j5-wC,,,"Joe Chalfoun, Rafic Younes","Le projet SHARMES démarré en 2000 a comme objectif la réalisation d'une plateforme de simulation du système main et avant-bras. La prédiction dynamique des efforts musculaires responsables d'un geste est recherchée dans le cadre de ce projet. Après présentation du projet SHARMES donnée au début de ce manuscrit, une étude bibliographique sur les travaux de recherche dans le domaine de la réalisation d'une main robotique et de la conception d'un simulateur est ensuite développée. Le but du simulateur SHARMES est basé sur la reproduction hautement réaliste du système main et avant-bras. En effet, nous recherchons à estimer les efforts musculaires tout en respectant la condition de calcul temps-réel. A l'issue d'une étude anatomique, un modèle comportant 45 muscles et 24 degrés de liberté a été retenu. Une technique d'optimisation utilisant les multiplicateurs de Lagrange a été utilisée. La prédiction des efforts tendineux a été réalisée en temps-réel. La validation de ces efforts tendineux a nécessité le passage aux efforts musculaires. Une première approche de validation quantitative a été menée entre les activations prédites par optimisation et celles obtenues à partir des signaux EMG mesurés par des électrodes de surfaces. Ces premiers résultats ont validé l'approche adoptée dans ce travail ainsi que la modélisation développée",Unclassified,0.0
,,"Advanced wind turbine blade inspection with hyperspectral imaging and 3D convolutional neural networks for damage detection
P Rizk, F Rizk, SS Karganroudi, A Ilinca, R Younes… - Energy and AI, 2024
Cited by 12 Related articles All 4 versions",2024/5/1,16.0,https://www.sciencedirect.com/science/article/pii/S2666546824000326,,,,100366,"Nonlinear Control, Engineering Optimization, Energy Management, Homogenization, Multidisciplinary Optimization.",Cited by 12,Rafic Younes,,,Advanced wind turbine blade inspection with hyperspectral imaging and 3D convolutional neural networks for damage detection,,Energy and AI,,https://scholar.google.com/citations?view_op=view_citation&hl=en&user=JyiFKagAAAAJ&cstart=20&pagesize=80&citation_for_view=JyiFKagAAAAJ:cWzG1nlazyYC,,Elsevier,"Patrick Rizk, Frederic Rizk, Sasan Sattarpanah Karganroudi, Adrian Ilinca, Rafic Younes, Jihan Khoder","In the context of global efforts to mitigate climate change by pursuing sustainable energy sources, wind energy has emerged as a critical contributor. However, the wind energy industry faces substantial challenges in maintaining and preserving the integrity of wind turbine blades. Timely and accurate detection and classification of blade faults, encompassing issues such as cracks, erosion, and ice buildup, are imperative to uphold wind turbines' ongoing efficiency and safety. This study introduces an inventive approach that amalgamates hyperspectral imaging and 3D Convolutional Neural Networks (CNNs) to augment the precision and efficiency of wind turbine blade fault detection and classification. Hyperspectral imaging is harnessed to capture comprehensive spectral information from blade surfaces, facilitating exact fault identification. The process is streamlined through Incremental Principal Component …",energy management,0.204
,,"Landmine detection in hyperspectral images based on pixel intensity
M Khodor, I Makki, R Younes, T Bianchi, J Khoder… - Remote Sensing Applications: Society and …, 2021
Cited by 12 Related articles All 4 versions",2021,21.0,,,,,100468,"Nonlinear Control, Engineering Optimization, Energy Management, Homogenization, Multidisciplinary Optimization.",Cited by 12,Rafic Younes,,,Landmine Detection in Hyperspectral Images based on Pixel Intensity,,Remote Sensing Applications: Society and Environment,,https://scholar.google.com/citations?view_op=view_citation&hl=en&user=JyiFKagAAAAJ&cstart=20&pagesize=80&citation_for_view=JyiFKagAAAAJ:hCrLmN-GePgC,,Elsevier,"Mahdi Khodor, Ihab Makki, Rafic Younes, Tiziano Bianchi, Jihan Khoder, Clovis Francis, Massimo Zucchetti","Hyperspectral imaging is a technique used to collect the same scene with different wavelengths, achieving both high spectral and spatial resolution. Hyperspectral imaging plays an important role in several scenarios involving target detection, among which landmine detection is a very challenging one. In this work, we developed a procedure based on pixel similarity measures to detect rare pixels present in a scene. The method can be combined with most of the existing detection algorithms in order to reduce the complexity and improve the performance. The developed method was tested on various types of hyperspectral images where the spectra of the landmines were simulated in different parts of the scenes with different mixing factors. The performance of the proposed method is also confirmed by tests made in real scenarios. Comparisons with state-of-the-art existing algorithms demonstrate that the method …",Unclassified,0.0
,"Computer Vision and Graphics: International Conference, ICCVG 2012, Warsaw, Poland, September 24-26, 2012. Proceedings","Stability of dimensionality reduction methods applied on artificial hyperspectral images
J Khoder, R Younes, FB Ouezdou - … Vision and Graphics: International Conference, ICCVG …, 2012
Cited by 12 Related articles All 5 versions",2012,,https://www.researchgate.net/profile/Rafic-Younes/publication/237840772_Stability_of_Dimensionality_Reduction_Methods_Applied_on_Artificial_Hyperspectral_Images/links/02e7e528944091c7b8000000/Stability-of-Dimensionality-Reduction-Methods-Applied-on-Artificial-Hyperspectral-Images.pdf,,,,465-474,"Nonlinear Control, Engineering Optimization, Energy Management, Homogenization, Multidisciplinary Optimization.",Cited by 12,Rafic Younes,,,Stability of dimensionality reduction methods applied on artificial hyperspectral images,,,,https://scholar.google.com/citations?view_op=view_citation&hl=en&user=JyiFKagAAAAJ&cstart=20&pagesize=80&citation_for_view=JyiFKagAAAAJ:lSLTfruPkqcC,,Springer Berlin Heidelberg,"Jihan Khoder, Rafic Younes, Fethi Ben Ouezdou","Dimensionality reduction is a big challenge in many areas. In this research we address the problem of high-dimensional hyperspectral images in which we are aiming to preserve its information quality. This paper introduces a study stability of the non parametric and unsupervised methods of projection and of bands selection used in dimensionality reduction of different noise levels determined with different numbers of data points. The quality criteria based on the norm and correlation are employed obtaining a good preservation of these artificial data in the reduced dimensions. The added value of these criteria can be illustrated in the evaluation of the reduction’s performance, when considering the stability of two categories of bands selection methods and projection methods. The performances of the method are verified on artificial data sets for validation. An hybridization for a better stability is proposed in …",Unclassified,0.0
,,"Optimization of wind turbine performance by vibration control and deicing
A Awada, R Younes, A Ilinca - Journal of Wind Engineering and Industrial …, 2022
Cited by 11 Related articles All 4 versions",2022/10/1,229.0,,,,,105143,"Nonlinear Control, Engineering Optimization, Energy Management, Homogenization, Multidisciplinary Optimization.",Cited by 11,Rafic Younes,,,Optimization of wind turbine performance by vibration control and deicing,,Journal of Wind Engineering and Industrial Aerodynamics,,https://scholar.google.com/citations?view_op=view_citation&hl=en&user=JyiFKagAAAAJ&cstart=20&pagesize=80&citation_for_view=JyiFKagAAAAJ:IRz6iEL74y4C,,Elsevier,"Ali Awada, Rafic Younes, Adrian Ilinca","Renewable energy has known spectacular development in the last decades as a solution to the climate change effect. Wind energy is one of the most popular technologies for power generation. However, the variable operation and extreme meteorological conditions challenge integrating this technology, especially in cold climate regions. These conditions favor the blade's vibration and icing, leading to a drop in efficiency, high stop time, and even failure. This paper presents a solution to optimize the wind turbine performance in harsh meteorological conditions and under undesired vibrations. The method uses the piezoelectric patches to control the blade's vibration and deice its surface. An equivalence model is presented for the vibration control mode to approximate the variable section blade with a planar beam. In addition, we present the analytical model for the vibration control and a complete optimization of the …",nonlinear control,0.204
,2018 7th European Workshop on Visual Information Processing (EUVIP),"RBF Neural network for landmine detection in H yperspectral imaging
I Makki, R Younes, M Khodor, J Khoder, C Francis… - 2018 7th European Workshop on Visual Information …, 2018
Cited by 11 Related articles All 3 versions",2018/11/26,,https://www.researchgate.net/profile/Mahdi-Khodor/publication/330476974_RBF_Neural_Network_for_Landmine_Detection_in_H_Yperspectral_Imaging/links/5c6bca9f299bf1e3a5b2979d/RBF-Neural-Network-for-Landmine-Detection-in-H-Yperspectral-Imaging.pdf,,,,1-6,"Nonlinear Control, Engineering Optimization, Energy Management, Homogenization, Multidisciplinary Optimization.",Cited by 11,Rafic Younes,,,RBF Neural network for landmine detection in H yperspectral imaging,,,,https://scholar.google.com/citations?view_op=view_citation&hl=en&user=JyiFKagAAAAJ&cstart=20&pagesize=80&citation_for_view=JyiFKagAAAAJ:kuK5TVdYjLIC,,IEEE,"Ihab Makki, Rafic Younes, Mahdi Khodor, Jihan Khoder, Clovis Francis, Tiziano Bianchi, Patrick Rizk, Massimo Zucchetti","In this work, we evaluate different classification algorithms used for multi-target detection in hyperspectral imaging. We took into consideration the scenario of landmine detection in which we compared the performance of each method in various cases. In addition, we introduced the detection of targets using artificial intelligence-based methods in order to obtain better detection performance together with target identification and estimation of its abundance. These algorithms were tested on various types of hyperspectral images where the spectra of the landmines were planted in different proportions in the hyperspectral scenes. The results show the advantage of using our training strategy for radial basis function neural networks (RBFNN) in order to detect, identify and estimate the abundance of the targets in hyperspectral images at the same time. Moreover, the proposed technique requires a comparable …",multidisciplinary optimization,0.2
,,"Proposition, identification, and experimental evaluation of an inverse dynamic neuromusculoskeletal model for the human finger
S Allouch, S Boudaoud, R Younès, K Ben-Mansour… - Computers in biology and medicine, 2015
Cited by 11 Related articles All 6 versions",2015/8/1,63.0,,,,,64-73,"Nonlinear Control, Engineering Optimization, Energy Management, Homogenization, Multidisciplinary Optimization.",Cited by 11,Rafic Younes,,,"Proposition, identification, and experimental evaluation of an inverse dynamic neuromusculoskeletal model for the human finger",,Computers in biology and medicine,,https://scholar.google.com/citations?view_op=view_citation&hl=en&user=JyiFKagAAAAJ&cstart=20&pagesize=80&citation_for_view=JyiFKagAAAAJ:BrmTIyaxlBUC,,Pergamon,"Samar Allouch, Sofiane Boudaoud, Rafic Younès, Khalil Ben-Mansour, Frederic Marin","Purpose
The purpose of this study is to develop an inverse dynamic model of the human middle finger in order to identify the muscle activation, muscle force, and neural activation of the muscles involved during motion. Its originality comes from the coupling of biomechanical and physiological models and the proposition of a dedicated optimization procedure and cost function for identifying the model unknowns.
Methods
Three sub-models work in interaction: the first is the biomechanical model, primarily consisting of the dynamic equations of the middle finger system; the second is the muscle model, which helps to identify the muscle force from muscle activation and dynamic deformation for six involved muscles. The third model allows one to link muscle activation to neural intent from the Central Nervous System (CNS). This modeling procedure leads to a complex analytical nonlinear system identified using multi-step …",multidisciplinary optimization,0.405
,,"Classification of the car seats by detecting the muscular fatigue in the EMG signal
M Atieh, R Younes, M Khalil, H Akdag - Journal of Computational Cognition, 2005
Cited by 11 Related articles All 4 versions",2005/12,3.0,https://www.researchgate.net/profile/Mohamad-Khalil-4/publication/258909931_Classification_of_the_Car_Seats_by_Detecting_the_Muscular_Fatigue_in_the_EMG_Signal/links/00b495315c87f0bf9e000000/Classification-of-the-Car-Seats-by-Detecting-the-Muscular-Fatigue-in-the-EMG-Signal.pdf,,,,,"Nonlinear Control, Engineering Optimization, Energy Management, Homogenization, Multidisciplinary Optimization.",Cited by 11,Rafic Younes,,,Classification of the car seats by detecting the muscular fatigue in the EMG signal,,Journal of Computational Cognition,,https://scholar.google.com/citations?view_op=view_citation&hl=en&user=JyiFKagAAAAJ&cstart=20&pagesize=80&citation_for_view=JyiFKagAAAAJ:IjCSPb-OGe4C,4,,"Mirna Atieh, Rafic Younes, Mohamad Khalil, Herman Akdag","The objective of this paper is to evaluate and detect muscular tiredness in natural activities, in particular, to select the most comfortable car seat. This work consists to identifying and to classify the EMG signal of the techniques from data mining and from the statistical techniques. We thus tried hybridization between some to lead to a better separation between the classes. The methods of clustering will be applied to some signals resulting from the experiments of discomfort of long duration on seats of different vehicles. These methods consist in separating segments EMG in two classes corresponding to the frequential variation from EMG signal. Copyright cO 2005 Yang’s Scientific Research Institute, LLC. All rights reserved.",Unclassified,0.0
,,"Hyperspectral imaging for landmine detection
I Makki - 2017
Cited by 10 Related articles All 7 versions",2017/12/12,,https://theses.hal.science/tel-01706356/file/Phd%20Thesis-Ihab%20Makki.pdf,,,,,"Nonlinear Control, Engineering Optimization, Energy Management, Homogenization, Multidisciplinary Optimization.",Cited by 10,Rafic Younes,,,Hyperspectral Imaging for Landmine Detection,LEBANESE UNIVERSITY AND POLITECNICO DI TORINO,,,https://scholar.google.com/citations?view_op=view_citation&hl=en&user=JyiFKagAAAAJ&cstart=20&pagesize=80&citation_for_view=JyiFKagAAAAJ:4fGpz3EwCPoC,,,"Ihab Makki, Rafic Younes","This PhD thesis aims at investigating the possibility to detect landmines using hyperspectral imaging. Using this technology, we are able to acquire at each pixel of the image spectral data in hundreds of wavelengths. So, at each pixel we obtain a reflectance spectrum that is used as fingerprint to identify the materials in each pixel, and mainly in our project help us to detect the presence of landmines. This technology has advantages over the actually used techniques: • It is safer because it limits the need of humans in the searching process and gives the opportunity to the demining team to detect the mines while they are in a safe region. • It is faster. A larger area could be cleared in a single day by comparison with demining techniques • This technique can be used to detect at the same time objects other than mines such oil or minerals.",Unclassified,0.0
,2017 IEEE Electrical Power and Energy Conference (EPEC),"Study of an optimized wind-diesel hybrid system for canadian remote sites
Y Saad, C Nohra, R Younes, S Abboudi, A Ilinca… - 2017 IEEE Electrical Power and Energy Conference …, 2017
Cited by 10 Related articles All 3 versions",2017/10/22,,,,,,1-6,"Nonlinear Control, Engineering Optimization, Energy Management, Homogenization, Multidisciplinary Optimization.",Cited by 10,Rafic Younes,,,Study of an optimized wind-diesel hybrid system for canadian remote sites,,,,https://scholar.google.com/citations?view_op=view_citation&hl=en&user=JyiFKagAAAAJ&cstart=20&pagesize=80&citation_for_view=JyiFKagAAAAJ:zLWjf1WUPmwC,,IEEE,"Y Saad, C Nohra, R Younes, S Abboudi, A Ilinca, H Ibrahim, Z Feger","Diesel generators are the main source of electrical energy that supply most of the remote isolated areas in the world. Unfortunately, these motors still pose enormous technical, financial, and environmental challenges. Therefore, the combination of these generators with renewable sources like wind energy in a wind-diesel hybrid system (WDS) could reduce these deficits by reducing the fossil fuel consumption and the operating time of diesel engines, and by reducing the operation costs and environmental harm. In addition, because the intermittency of wind energy and its dissipation during windy periods require an energy storage system, the WDS combined with compressed air energy storage (CAES) seems to be a good solution for this problem. Many recent studies have shown that the optimal management of the stored air reserve would be to overcharge an existing diesel engine with compressed air. Based on …",energy management,0.408
,"2017 First International Conference on Landmine: Detection, Clearance and Legislations (LDCL)","Landmines
M Zucchetti, M Khoder, I Makki, R Younes, C Francis… - 2017 First International Conference on Landmine …, 2017
Cited by 10 Related articles All 3 versions",2017/4/26,,https://www.researchgate.net/profile/Massimo-Zucchetti-2/publication/316588565_Landmines_Crisis_legacy_international_and_local_action/links/5905c1e9a6fdccd580d2aff5/Landmines-Crisis-legacy-international-and-local-action.pdf,,,,1-6,"Nonlinear Control, Engineering Optimization, Energy Management, Homogenization, Multidisciplinary Optimization.",Cited by 10,Rafic Younes,,,"Landmines. Crisis, legacy, international and local action",,,,https://scholar.google.com/citations?view_op=view_citation&hl=en&user=JyiFKagAAAAJ&cstart=20&pagesize=80&citation_for_view=JyiFKagAAAAJ:7T2F9Uy0os0C,,IEEE,"Massimo Zucchetti, Ihab Makki, Rafic Younes, Clovis Francis, Tiziano Bianchi","This paper presents an introduction concerning landmines contamination issues, crisis, legacy, and action. We conduct an analysis of mine action, national and international programs. Before proposing the usage on early innovations, it is consequential to survey the foundation of the mine activity area since its start. We introduce the problems of landmines and how action is taken to face these problems. A concise abridgement of the expedition to ostracize people killing mines is additionally included.",Unclassified,0.0
,,"Nouvel algorithme pour la réduction de la dimensionnalité en imagerie hyperspectrale
J Khoder - 2013
Cited by 10 Related articles All 5 versions",2013/10/24,,https://theses.hal.science/tel-00939018/file/Redaction_PHD_Jihan_16_copy.pdf,,,,,"Nonlinear Control, Engineering Optimization, Energy Management, Homogenization, Multidisciplinary Optimization.",Cited by 10,Rafic Younes,,,Nouvel Algorithme pour la Réduction de la Dimensionnalité en Imagerie Hyperspectrale,Université de Versailles Saint Quentin en Yvelines,,,https://scholar.google.com/citations?view_op=view_citation&hl=en&user=JyiFKagAAAAJ&cstart=20&pagesize=80&citation_for_view=JyiFKagAAAAJ:fQNAKQ3IYiAC,,,"Jihan Khoder, Rafic Younes","En Imagerie hyperspectrale, les volumes de données acquises atteignent souvent le gigaoctet pour une seule et même scène observée. De ce fait, l'analyse de ces données au contenu physique complexe passe obligatoirement par une étape préliminaire de réduction de la dimensionnalité. Cette réduction a un double objectif, le premier consiste à réduire la redondance et le second permet de faciliter les traitements postérieurs (extraction, classification et reconnaissance de formes) et donc l'interprétation des données. La classification automatique est une étape importante du processus d'extraction de connaissances à partir des données. Elle vise à découvrir la structure intrinsèque d'un ensemble d'objets en formant des regroupements qui partagent des caractéristiques similaires. Dans cette thèse, nous nous intéressons à la réduction de dimension dans le cadre de la classification non supervisée des bandes spectrales. Différentes approches existent, comme celles basées sur la projection (linéaire ou non-linéaire) des données de grandes dimensions sur des sous-espaces de représentation bien choisis ou sur les techniques de sélection de bandes spectrales exploitant des critères de complémentarité-redondance d'information qui ne permettent pas de préserver toute la richesse de l'information apportée par ce type de données. 1 - Nous avons accompli une étude comparative, sur la stabilité et la similarité des algorithmes des méthodes non paramétriques et non supervisée de la projection et aussi de la sélection des bandes utilisées dans la réduction de la dimensionnalité à différents niveaux de bruit déterminés. Les tests sont …",Unclassified,0.0
,,"Required time response of a variable valve actuator equiping a hybrid pneumatic–combustion engine
T Basbous, R Younes, A Ilinca, J Perron - International Journal of Engine Research, 2012
Cited by 10 Related articles All 6 versions",2012/10,13.0,https://www.academia.edu/download/42460623/Required_time_response_of_a_variable_val20160209-30080-3wrl51.pdf,,,,514-528,"Nonlinear Control, Engineering Optimization, Energy Management, Homogenization, Multidisciplinary Optimization.",Cited by 10,Rafic Younes,,,Required time response of a variable valve actuator equiping a hybrid pneumatic–combustion engine,,International Journal of Engine Research,,https://scholar.google.com/citations?view_op=view_citation&hl=en&user=JyiFKagAAAAJ&cstart=20&pagesize=80&citation_for_view=JyiFKagAAAAJ:YFjsv_pBGBYC,5,SAGE Publications,"Tammam Basbous, Rafic Younes, Adrian Ilinca, Jean Perron","This work is a part of a research program that aims to modify a conventional internal combustion engine and turn it into a hybrid pneumatic–combustion engine. The hybrid pneumatic–combustion engine should be able to convert mechanical energy into compressed air and convert compressed air back into mechanical energy. The potential application for the concept is any use of the internal combustion engine where the load oscillates between a negative and a positive value, such as automobiles and hybrid wind diesel systems for remote area power generation. In the first application, during vehicle decelerations, an excess of power occurs, and a negative load could be applied to the engine, whereas during vehicle accelerations, a positive load is applied. In the second application, if the generated wind power is higher than consumption demand, then the load applied to the engine could be negative, and if the …",energy management,0.205
,,"Time-dependent reliability analysis for a set of RC T-beam bridges under realistic traffic considering creep and shrinkage
F El Hajj Chehade, R Younes, H Mroueh… - European Journal of Environmental and Civil …, 2022
Cited by 9 Related articles All 6 versions",2022/9/28,26.0,,,,,6480-6504,"Nonlinear Control, Engineering Optimization, Energy Management, Homogenization, Multidisciplinary Optimization.",Cited by 9,Rafic Younes,,,Time-dependent reliability analysis for a set of RC T-beam bridges under realistic traffic considering creep and shrinkage,,European Journal of Environmental and Civil Engineering,,https://scholar.google.com/citations?view_op=view_citation&hl=en&user=JyiFKagAAAAJ&cstart=20&pagesize=80&citation_for_view=JyiFKagAAAAJ:Ri6SYOTghG4C,13,Taylor & Francis,"Fatima El Hajj Chehade, Rafic Younes, Hussein Mroueh, Fadi Hage Chehade","Reinforced concrete bridges constitute the major part of existing bridges. The purpose of this paper is to present a serviceability evaluation methodology for RC bridges under probabilistic conditions. It will be based on analytical calculations with no need to complex modeling or advanced software. For this purpose, a realistic traffic model is simulated based on existing weigh-in-motion WIM data from some European sites. The probabilistic distributions of the time-dependent load effects, moment and deflection, are then deduced after hundreds of simulations. The degradation effects are introduced in the analysis by considering the concrete creep and shrinkage. A simplified model to introduce creep effect under variable traffic load is also proposed. The time dependent reliability indices are then calculated for a set of 21 simply supported RC T-beam bridges with varying parameters such as span lengths, number of …",Unclassified,0.0
,,"Bioinspired heuristics for optimization
EG Talbi, A Nakib - 2019
Cited by 9 Related articles All 4 versions",2019,,,,,,,"Nonlinear Control, Engineering Optimization, Energy Management, Homogenization, Multidisciplinary Optimization.",Cited by 9,Rafic Younes,,,Bioinspired heuristics for optimization,,,,https://scholar.google.com/citations?view_op=view_citation&hl=en&user=JyiFKagAAAAJ&cstart=20&pagesize=80&citation_for_view=JyiFKagAAAAJ:0izLItjtcgwC,,Springer,"EG Talbi, A Nakib, editors","In the last decade, metaheuristics have become standard tools for solving industrial and healthcare optimization problems. In the literature, different metaheuristics were developed, and this domain is under continuous progress. For instance, the most famous examples are Tabu search (TS), evolutionary algorithms (EAs), simulated annealing (SA), ant colony optimization (ACO), particle swarm optimization (PSO), and memetic algorithms. The editors, both leading experts in this field, have selected 19 chapters dedicated to the design of new metaheuristics and their different applications to complex optimization problems.
This book Bioinspired Heuristics for Optimization aims at providing a review of recent work on the design of bioinspired and heuristics algorithms. Moreover, the book is oriented towards both theoretical and applications aspects of these algorithms on real-world and complex problems. Chapters are …",engineering optimization,0.205
,,"Macro flat-plate solar thermal collector with rectangular channels
O Ibrahim, R Younes, M Ibrahim - Journal of Solar Energy Engineering, 2018
Cited by 9 Related articles",2018/12/1,140.0,,,,,061010,"Nonlinear Control, Engineering Optimization, Energy Management, Homogenization, Multidisciplinary Optimization.",Cited by 9,Rafic Younes,,,Macro flat-plate solar thermal collector with rectangular channels,,Journal of Solar Energy Engineering,,https://scholar.google.com/citations?view_op=view_citation&hl=en&user=JyiFKagAAAAJ&cstart=20&pagesize=80&citation_for_view=JyiFKagAAAAJ:ML0RJ9NH7IQC,6,American Society of Mechanical Engineers,"Oussama Ibrahim, Rafic Younes, Mohamad Ibrahim","A macro rectangular-channel flat-plate solar thermal collector is designed and examined in this study. It consists of a set of adjacent macro rectangular channels formed between the upper, lower, and fin-parts of an absorber plate, thus, overcoming the necessary welding between the absorber plate and riser tubes used in conventional flat-plate collectors. An optimization model is suggested and solved to obtain an optimal design of the proposed collector. After that, a detailed dynamic mathematical model of this collector is presented and numerical simulation is carried out using matlab. Furthermore, a comparison with a conventional sheet-and-tube solar thermal collector is investigated and parametric analysis is conducted under both steady-state and dynamic conditions. The results reveal that the designed collector yields an enhancement of 8% for integrated thermal efficiency under transient regime and an …",engineering optimization,0.205
,2013 25th International Conference on Microelectronics (ICM),"Proposal for preservation criteria to rare event. Application on multispectral/hyperspectral images
J Khoder, R Younes - … 25th International Conference on Microelectronics (ICM …, 2013
Cited by 9 Related articles All 2 versions",2013/12/15,,https://www.researchgate.net/profile/Jihan-Khoder/publication/260164759_Proposal_for_Preservation_Criteria_to_Rare_Event_Application_on_MultispectralHyperspectral_Images/links/0f31752fd4a3b6d7a8000000/Proposal-for-Preservation-Criteria-to-Rare-Event-Application-on-Multispectral-Hyperspectral-Images.pdf,,,,1-4,"Nonlinear Control, Engineering Optimization, Energy Management, Homogenization, Multidisciplinary Optimization.",Cited by 9,Rafic Younes,,,Proposal for preservation criteria to rare event. Application on multispectral/hyperspectral images,,,,https://scholar.google.com/citations?view_op=view_citation&hl=en&user=JyiFKagAAAAJ&cstart=20&pagesize=80&citation_for_view=JyiFKagAAAAJ:CHSYGLWDkRkC,,IEEE,"Jihan Khoder, Rafic Younes","Rare events can potentially occur in many applications, particularly in hyper spectral image analysis. When manifested as opportunities to be exploited, such events become of paramount significance. Due to their sporadic nature, the information-bearing spectral vectors associated with rare events often lie in a large set of irrelevant signals and are not easily accessible This paper provides a statistical frame of a local criterion to measure the rate of the conservation of these rare events during of the dimension reduction. The core component of this framework is a sampling procedure that adaptively and quickly focusses the information-gathering resources on the segments of the data set that bear the information pertinent to the rare events. A particular accent is put on the local vectors in every spectral band with the aim of measuring the rate of the conservation of the rare vectors.",Unclassified,0.0
,2009 Chinese control and decision conference,"A linear approach with μ-analysis control adaptation for a complete-model diesel-engine diagnosis
C Nohra, H Noura, R Younes - 2009 Chinese control and decision conference, 2009
Cited by 9 Related articles All 5 versions",2009/6/17,,https://www.researchgate.net/profile/Rafic-Younes/publication/224573266_A_linear_approach_with_m-analysis_control_adaptation_for_a_complete-model_diesel-engine_diagnosis/links/00b4951b8a775517ed000000/A-linear-approach-with-m-analysis-control-adaptation-for-a-complete-model-diesel-engine-diagnosis.pdf,,,,5415-5420,"Nonlinear Control, Engineering Optimization, Energy Management, Homogenization, Multidisciplinary Optimization.",Cited by 9,Rafic Younes,,,A linear approach with μ-analysis control adaptation for a complete-model diesel-engine diagnosis,,,,https://scholar.google.com/citations?view_op=view_citation&hl=en&user=JyiFKagAAAAJ&cstart=20&pagesize=80&citation_for_view=JyiFKagAAAAJ:dhFuZR0502QC,,IEEE,"Chady Nohra, Hassan Noura, Rafic Younes","This paper proposes an innovative fault diagnosis system for a turbocharged diesel engine with variable geometry turbocharger control. Numerous and diversified actuator faults are identified and analyzed such as air leakage in the admission collector, compressor malfunctioning, intake valves fault, intercooler fault, deterioration in the turbine-compressor coupling, defect in the variable geometry of the turbine. Furthermore, a complete non-linear engine model with four state variables is adopted. The proposed strategy consists in developing Fault Detection and Estimation algorithm (FDE) based on the theory of mu analysis control, operated on a linearization LTI model of the diesel, permits a fault detection and estimation while attenuating the effect of uncertainties, disturbances and noise. Simulations with LTI Diesel model in the presence of noise and uncertainties were carried out which demonstrated the …",nonlinear control,0.405
,"2017 First International Conference on Landmine: Detection, Clearance and Legislations (LDCL)","Classification algorithms for landmine detection using hyperspectral imaging
I Makki, R Younes, C Francis, T Bianchi, M Zucchetti - 2017 First International Conference on Landmine …, 2017
Cited by 8 Related articles All 2 versions",2017/4/26,,,,,,1-6,"Nonlinear Control, Engineering Optimization, Energy Management, Homogenization, Multidisciplinary Optimization.",Cited by 8,Rafic Younes,,,Classification algorithms for landmine detection using hyperspectral imaging,,,,https://scholar.google.com/citations?view_op=view_citation&hl=en&user=JyiFKagAAAAJ&cstart=20&pagesize=80&citation_for_view=JyiFKagAAAAJ:NJ774b8OgUMC,,IEEE,"Ihab Makki, Rafic Younes, Clovis Francis, Tiziano Bianchi, Massimo Zucchetti","In this paper we show some preliminary results obtained when applying various supervised classification algorithms for the detection of landmines in hyperspectral images. These classification algorithms already exist in the literature and are usually used for the general purpose of target detection using hyperspectral imaging. Landmines constitute a special case of targets because they are usually rare in the scene, may be covered by other materials (vegetation, sand, etc.) and they are made of different components so they have different reflectance spectra. In this study, we present the most suitable supervised classification techniques for the detection of landmines, their theoretical background and propose possible ways to improve their performance. The comparison between the classification techniques is based on three criteria: Probability of detection, False Alarm Rate and computation time.",Unclassified,0.0
,6th International Conference on Metaheuristics and Nature Inspired Computing,"A new hybrid method to solve the multi-objective optimization problem for a composite hat-stiffened panel
A El Samrout, O Braydi, R Younes, F Trouchu, P Lafon - Bioinspired Heuristics for Optimization, 2019
Cited by 8 Related articles All 11 versions",2016/10,,https://www.researchgate.net/profile/Oussama-Braydi/publication/327108243_A_New_Hybrid_Method_to_Solve_the_Multi-objective_Optimization_Problem_for_a_Composite_Hat-Stiffened_Panel/links/5c34dbada6fdccd6b59c2804/A-New-Hybrid-Method-to-Solve-the-Multi-objective-Optimization-Problem-for-a-Composite-Hat-Stiffened-Panel.pdf,,,,116-125,"Nonlinear Control, Engineering Optimization, Energy Management, Homogenization, Multidisciplinary Optimization.",Cited by 8,Rafic Younes,,,A new hybrid method to solve the multi-objective optimization problem for a composite hatstiffened panel,,,,https://scholar.google.com/citations?view_op=view_citation&hl=en&user=JyiFKagAAAAJ&cstart=20&pagesize=80&citation_for_view=JyiFKagAAAAJ:UHK10RUVsp4C,,Proceedings of META’2016,"Ahmad El-Samrout, Oussama Braydi, Rafic Younes, Francois Trochu, Pascal Lafon","In this paper we present a new hybrid meta heuristic by combining Multi-objective bat algorithm (MOBA) and variable neighborhood search (VNS). The hybrid meta heuristic is coupled with response surface methodology (or meta modeling) to solve the mechanical multi-objective optimization problem of hat stiffened composite panel. The optimization criteria were the weight and the rigidity of the panel. Experimental results show that our suggested approach is quite effective, as it provides solutions that are competitive with the results obtained by using MOBA alone and other state of the art optimization algorithms.",multidisciplinary optimization,0.406
,ISOPE International Ocean and Polar Engineering Conference,"Modelling and optimizing floating breakwaters using density distribution
G ElChahal, P Lafon, R Younes - ISOPE International Ocean and Polar Engineering …, 2007
Cited by 8 Related articles All 8 versions",2007/7/1,,https://citeseerx.ist.psu.edu/document?repid=rep1&type=pdf&doi=b5c9d692370ca534d422317c5f6676deabe14bda,,,,ISOPE-I-07-138,"Nonlinear Control, Engineering Optimization, Energy Management, Homogenization, Multidisciplinary Optimization.",Cited by 8,Rafic Younes,,,Modelling and optimizing floating breakwaters using density distribution,,,,https://scholar.google.com/citations?view_op=view_citation&hl=en&user=JyiFKagAAAAJ&cstart=20&pagesize=80&citation_for_view=JyiFKagAAAAJ:7PzlFSSx8tAC,,ISOPE,"Ghassan ElChahal, Pascal Lafon, Rafic Younes","In this paper, structural optimization is addressed through a density distribution process. The recent increase in information technologies dedicated to optimal design, associated with the progress of the numerical tools, allows significant improvement in the design optimization of mechanical structures. First of all, the geometrical domain of a floating breakwater is dicretized into small triangles and each one is represented by the corresponding element in the density vector. Second, the constraints, related to the environmental field of floating breakwaters, have been expressed in terms of this density vector to be expressed later in an optimization problem. Finally, the optimization procedure is developed under the genetic algorithms and satisfactory results are obtained demonstrating the capability of our method.
INTRODUCTION
Floating breakwaters present an alternative solution to conventional fixed …",engineering optimization,0.205
,Conférence Internationale Francophone d'Automatique,"Optimisation du débit d’air dans le Diesel suralimenté
R Younes, M Ouladsine, H Noura - Bordeaux, France: Congrès International Francophone …, 2006
Cited by 8 Related articles",2006/5,,,,,,,"Nonlinear Control, Engineering Optimization, Energy Management, Homogenization, Multidisciplinary Optimization.",Cited by 8,Rafic Younes,,,Optimisation du débit d’air dans le diesel suralimenté,,,,https://scholar.google.com/citations?view_op=view_citation&hl=en&user=JyiFKagAAAAJ&cstart=20&pagesize=80&citation_for_view=JyiFKagAAAAJ:maZDTaKrznsC,,CIFA 2006,"RAFIC YOUNES, MUSTAPHA OULADSINE, HASSAN NOURA",,Unclassified,0.0
,,"Shape and material optimization of a 2D vertical floating breakwater
G Elchahal, R Younes, P Lafon - WSEAS Transactions on Fluid Mechanics, 2006
Cited by 8 Related articles All 7 versions",2006,,https://hal.science/hal-03620898v1/file/El%20Chahal%20et%20al.%20-%202006%20-%20Shape%20and%20material%20optimization%20of%20a%202D%20vertical%20f.pdf,,,,,"Nonlinear Control, Engineering Optimization, Energy Management, Homogenization, Multidisciplinary Optimization.",Cited by 8,Rafic Younes,,,Shape and material optimization of a 2D vertical floating breakwater,,WSEAS Transactions on Fluid Mechanics,,https://scholar.google.com/citations?view_op=view_citation&hl=en&user=JyiFKagAAAAJ&cstart=20&pagesize=80&citation_for_view=JyiFKagAAAAJ:UebtZRa9Y70C,,,"Ghassan Elchahal, Rafic Younes, Pascal Lafon","This paper represents an effective approach in shape and material optimization of a vertical floating breakwater. Using the potential-flow theory, the hydrodynamic pressure deduced from sea wave's propagation has been computed based on the non linear theory of Stocks. Then, an analytical structural study of the floating breakwater, exposed to the wave pressure, is elaborated based on the frame theory. Finally, the optimization process is performed on the shape and type of material of a floating breakwater; where the structural deflections and the stress distribution constitute the constraints of the optimization problem.",engineering optimization,0.207
,,"Improved model for calculating instantaneous efficiency of flat-plate solar thermal collector
O Ibrahim, F Fardoun, R Younes, M Ibrahim - Journal of Heat Transfer, 2018
Cited by 7 Related articles All 2 versions",2018/6/1,140.0,,,,,062801,"Nonlinear Control, Engineering Optimization, Energy Management, Homogenization, Multidisciplinary Optimization.",Cited by 7,Rafic Younes,,,Improved model for calculating instantaneous efficiency of flat-plate solar thermal collector,,Journal of Heat Transfer,,https://scholar.google.com/citations?view_op=view_citation&hl=en&user=JyiFKagAAAAJ&cstart=100&pagesize=100&citation_for_view=JyiFKagAAAAJ:XD-gHx7UXLsC,6,American Society of Mechanical Engineers,"Oussama Ibrahim, Farouk Fardoun, Rafic Younes, Mohamad Ibrahim","The performance of a flat-plate solar collector is usually assessed by its efficiency. This efficiency is normally defined on a steady-state basis, which makes it difficult to correctly track the instantaneous performance of the collector in various case-studies. Accordingly, this paper proposes an improved definition of instantaneous efficiency of a flat-plate solar collector used as a part of a solar water heating system. Using a predeveloped model by the authors for such a system, the proposed efficiency-definition is examined and compared with the conventional one for specific case studies. The results show that the improved definition of efficiency records reasonable values, i.e., no over-range values are observed contrast to the case of conventional efficiency-definition. Furthermore, this suggested efficiency approximately coincides with the conventional one at a wide range of time, as long as the system is operating in …",nonlinear control,0.2
,,"New optical gas sensor for gas concentration measurement using digital image processing
S Lakkis, R Younes, M Ghandour, Y Alayli - Sensors and Actuators B: Chemical, 2015
Cited by 7 Related articles All 4 versions",2015/2/1,207.0,https://www.academia.edu/download/113127921/j.snb.2014.09.10320240408-1-1l3uyy.pdf,,,,321-329,"Nonlinear Control, Engineering Optimization, Energy Management, Homogenization, Multidisciplinary Optimization.",Cited by 7,Rafic Younes,,,New optical gas sensor for gas concentration measurement using digital image processing,,Sensors and Actuators B: Chemical,,https://scholar.google.com/citations?view_op=view_citation&hl=en&user=JyiFKagAAAAJ&cstart=100&pagesize=100&citation_for_view=JyiFKagAAAAJ:u9iWguZQMMsC,,Elsevier,"Sari Lakkis, Rafic Younes, Mazen Ghandour, Yasser Alayli",This paper proposes a new method for gas concentration measurement. The method relies on the principle of plasma emissions of gases under high voltage. We proposed a method that uses digital image processing to model the color mixing of the emissions of the gases. The application of the inverse model allows us to get the percentages of each gas in a mixture of up to four gases knowing already the color of emission of the whole mixture and the color of emission of each gas alone. Our proposed sensor has the advantages of high selectivity where it is not limited to a certain number of gases and is considered to be a good candidate for miniaturization.,Unclassified,0.0
,Fluids Engineering Division Summer Meeting,"Wave Interaction With Fixed and Floating Vertical Breakwater Based on Analytical Modelling
G Elchahal, R Younes, P Lafon - Fluids Engineering Division Summer Meeting, 2006
Cited by 7 Related articles All 3 versions",2006/1/1,47500.0,https://www.researchgate.net/profile/Rafic-Younes/publication/259008993_Wave_Interaction_With_Fixed_and_Floating_Vertical_Breakwater_Based_on_Analytical_Modelling/links/0deec529ba84684733000000/Wave-Interaction-With-Fixed-and-Floating-Vertical-Breakwater-Based-on-Analytical-Modelling.pdf,,,,463-472,"Nonlinear Control, Engineering Optimization, Energy Management, Homogenization, Multidisciplinary Optimization.",Cited by 7,Rafic Younes,,,Wave Interaction With Fixed and Floating Vertical Breakwater Based on Analytical Modelling,,,,https://scholar.google.com/citations?view_op=view_citation&hl=en&user=JyiFKagAAAAJ&cstart=100&pagesize=100&citation_for_view=JyiFKagAAAAJ:mVmsd5A6BfQC,,,"G Elchahal, R Younes, P Lafon","Nowadays, modelling and computer simulation are used in structure design to reduce the use of experimental investigations and laboratory tests required in a real layout structure. Using the potential-flow theory, the hydrodynamic pressure deduced from sea wave’s propagation has been computed based on the non linear theory of Stocks. The extension to the vertical breakwater (fixed bottom and floating breakwater) behaviour due to such excitations is indicated in this paper. Analytical expressions for functional performance variables of wave reflection by vertical breakwater, and stress analysis inside the breakwater have been obtained. These expressions have been numerically verified to demonstrate the capability of this analytical model.",nonlinear control,0.2
,,"Homogenization method to calculate the stiffness matrix of laminated composites
MA Kaddaha, R Younes, P Lafon - Eng, 2021
Cited by 6 Related articles All 8 versions
Homogenization Method to Calculate the Stiffness Matrix of Laminated Composites*
M Abbas Kaddaha, R Younes, P Lafon - 2021
Related articles",2021/9/24,2.0,https://www.mdpi.com/2673-4117/2/4/26,,,,416-434,"Nonlinear Control, Engineering Optimization, Energy Management, Homogenization, Multidisciplinary Optimization.",Cited by 6,Rafic Younes,,,Homogenization method to calculate the stiffness matrix of laminated composites,,Eng,,https://scholar.google.com/citations?view_op=view_citation&hl=en&user=JyiFKagAAAAJ&cstart=100&pagesize=100&citation_for_view=JyiFKagAAAAJ:bz8QjSJIRt4C,4,MDPI,"Mohamad Abbas Kaddaha, Rafic Younes, Pascal Lafon","New analytical models have been developed for predicting equivalent Young’s and shear moduli of laminate composites. Sets of procedures and calculations are presented in order to obtain equivalent properties in all levels, lamina and laminate. An ultimate path to predict the mechanical properties of laminated composites on the perspective of the material, orientation, and thickness has been developed. By calculating the mechanical properties using Chamis model then an Objectif function with five norms, these norms allow the mechanical properties to be examined and the ultimate answer to be predicted. Another model discusses an alternative concept of equivalent lamina elements (ELEs) by first using Chamis model for hybrid composites. Next, the ELEs are laminated in the direction and integrated into the compliance matrix for each ply. In addition, four new Generalization models for equivalence in thickness and in angle are presented in this paper. The analytical results are validated against other developed models in published articles as well as experimental results. Numerical case studies were conducted to assess the precision of results from the suggested models. The results demonstrated the capability and efficiency of the presented models for predicting the mechanical properties of multi-layer/multi-material laminate composites under different orientation conditions.",homogenization,0.604
,,"Determination of the optimal order of grey-box models for short-time prediction of buildings’ thermal behavior
N Attoue, I Shahrour, H Mroueh, R Younes - Buildings, 2019
Cited by 6 Related articles All 8 versions",2019/8/29,9.0,https://www.mdpi.com/2075-5309/9/9/198,,,,198,"Nonlinear Control, Engineering Optimization, Energy Management, Homogenization, Multidisciplinary Optimization.",Cited by 6,Rafic Younes,,,Determination of the optimal order of grey-box models for short-time prediction of buildings’ thermal behavior,,Buildings,,https://scholar.google.com/citations?view_op=view_citation&hl=en&user=JyiFKagAAAAJ&cstart=100&pagesize=100&citation_for_view=JyiFKagAAAAJ:foquWX3nUaYC,9,MDPI,"Nivine Attoue, Isam Shahrour, Hussein Mroueh, Rafic Younes","The use of grey-box models for short-time forecasting of buildings’ thermal behavior requires the determination of the models’ order since this order could influence the grey-box models’ performance. This paper presents an analysis of the optimal order of these models for different thermal conditions. The novelty of this work consists of considering the influence of the heating conditions on the determination of the performances of grey-box models. The analysis is based on experimental tests that were conducted in a room with different thermal conditions, related to the variation of the heating power. Experimental results were used for the determination of the optimal grey-box models’ order that minimizes the gap between the experimental results and the grey-box forecasting. Results show that the optimal grey-box models’ order depends on the buildings’ thermal conditions, but generally lies between two and three with an error less than 0.2 °C and a fit percent greater than 90%.",engineering optimization,0.2
,,"Time-dependent reliability analysis of reinforced-concrete bridges under the combined effect of corrosion, creep and shrinkage
FEH Chehade, R Younes, H Mroueh, FH Chehade - WIT Trans. Built Environ, 2018
Cited by 6 Related articles All 6 versions",2018/1/29,174.0,https://www.witpress.com/Secure/elibrary/papers/SAFE17/SAFE17002FU1.pdf,,,,13-24,"Nonlinear Control, Engineering Optimization, Energy Management, Homogenization, Multidisciplinary Optimization.",Cited by 6,Rafic Younes,,,"Time-dependent reliability analysis of reinforced-concrete bridges under the combined effect of corrosion, creep and shrinkage",,WIT Trans. Built Environ,,https://scholar.google.com/citations?view_op=view_citation&hl=en&user=JyiFKagAAAAJ&cstart=100&pagesize=100&citation_for_view=JyiFKagAAAAJ:ipzZ9siozwsC,,,"FEH Chehade, Rafic Younes, HUSSEIN Mroueh, FADI HAGE Chehade","This paper proposes a methodology for the time-dependent reliability assessment of reinforced-concrete bridges, taking into account the combined effect of steel corrosion due to the aggressive environment, creep and shrinkage under realistic traffic. For this purpose, traffic is simulated over time according to weight in motion, data recorded in Europe, then time-dependent deflection is calculated by considering the cyclic creep effect due to traffic load in addition to shrinkage and tension stiffening. So, the time-dependent bending moment can be deduced using the finite element method; this moment is then introduced into the limit state function with the nominal resistance (flexure) which decreases over time due to the reduction of steel section under corrosion, the reliability index and the probability of failure are then calculated using the first-order reliability method. This procedure is illustrated through an example for a simply supported reinforced-concrete bridge.",Unclassified,0.0
,,"Improvement in failure prediction algorithm for textile composites
A Hallal, R Younes - International Journal of Damage Mechanics, 2018
Cited by 6 Related articles All 2 versions",2018/1,27.0,https://www.researchgate.net/profile/Rafic-Younes/publication/304994146_Improvement_in_failure_prediction_algorithm_for_textile_composites/links/59ef2b2eaca2721ca5e8dc02/Improvement-in-failure-prediction-algorithm-for-textile-composites.pdf,,,,3-31,"Nonlinear Control, Engineering Optimization, Energy Management, Homogenization, Multidisciplinary Optimization.",Cited by 6,Rafic Younes,,,Improvement in failure prediction algorithm for textile composites,,International Journal of Damage Mechanics,,https://scholar.google.com/citations?view_op=view_citation&hl=en&user=JyiFKagAAAAJ&cstart=100&pagesize=100&citation_for_view=JyiFKagAAAAJ:Y5dfb0dijaUC,1,SAGE Publications,"Ali Hallal, Rafic Younes","This study presents an analytical modeling of the mechanical behavior of textile composites. The main objective of this study is to evaluate in-plane and out of plane ultimate strengths for different types of 2D and 3D fabric-reinforced polymer. The proposed analytical model consists of a homogenization method, a failure criterion, and a damaged stiffness model. An improved failure prediction algorithm is presented, which tends to enhance the prediction of ultimate strengths. It is shown that assuming a final failure of undulated yarns for a failure of 90% of subdivisions rather than 100%, alongside assigning a multi-failure mode for the failed subdivision rather than single failure mode is yielding much better results. The predicted elastic properties and ultimate strengths are compared to available experimental and numerical data, where a very good agreement is shown. The proposed model offers a reliable, simple, and …",homogenization,0.605
,Computers and Advanced Technology in Education. (CATE 2014),"Optimisation of breakwaters design to protect offshore terminal area
H Diab, P Lafon, R Younes - 2014
Cited by 6 Related articles All 6 versions",2014/7/16,,https://www.researchgate.net/profile/Rafic-Younes/publication/288591680_Optimisation_of_Breakwaters_Design_to_Protect_Offshore_Terminal_Area/links/5892e60b458515aeac946b48/Optimisation-of-Breakwaters-Design-to-Protect-Offshore-Terminal-Area.pdf,,,,,"Nonlinear Control, Engineering Optimization, Energy Management, Homogenization, Multidisciplinary Optimization.",Cited by 6,Rafic Younes,,,Optimisation of Breakwaters Design to Protect Offshore Terminal Area,,,,https://scholar.google.com/citations?view_op=view_citation&hl=en&user=JyiFKagAAAAJ&cstart=100&pagesize=100&citation_for_view=JyiFKagAAAAJ:uWQEDVKXjbEC,,ActaPress,"Hassan Diab, Pascal Lafon, Rafic Younes","This paper addresses an optimisation problem of the design of detached breakwaters planned at offshore terminals. The approach aims to minimize the cost of the protection structure where the wave height in the terminal area is considered to be the main constraint. A genetic algorithm is used to solve the problem where the fitness function consists of the objective function penalised by the constraint function, both of them un-dimensioned. The coordinates of the nodes of the breakwater are considered to be the variables of optimisation. The initial population is randomly generated in a way to have two segments breakwater. The hydrodynamic model used to calculate the fitness of each individual within the population is based on mild-slop equation. An extended and modified mild-slope equation is used to take dissipation and rapid change bathymetry parameters into consideration together with random multi-frequency incident wave. The results are taken after attending a steady state of the fitness function.",multidisciplinary optimization,0.2
,,"Physiological and biomechanical approach for human finger movement: Modeling, simulation and experimental validation
S Allouch, R Younes, S Boudaoud, M Khalil - Journal of Mechanics in Medicine and Biology, 2014
Cited by 6 Related articles All 4 versions",2014/6/10,14.0,https://www.researchgate.net/profile/Rafic-Younes/publication/260192038_Physiological_and_biomechanical_approach_for_human_finger_movement_Modeling_simulation_and_experimental_validation/links/00463531b46b4398df000000/Physiological-and-biomechanical-approach-for-human-finger-movement-Modeling-simulation-and-experimental-validation.pdf,,,,1450040,"Nonlinear Control, Engineering Optimization, Energy Management, Homogenization, Multidisciplinary Optimization.",Cited by 6,Rafic Younes,,,"Physiological and biomechanical approach for human finger movement: Modeling, simulation and experimental validation",,Journal of Mechanics in Medicine and Biology,,https://scholar.google.com/citations?view_op=view_citation&hl=en&user=JyiFKagAAAAJ&cstart=100&pagesize=100&citation_for_view=JyiFKagAAAAJ:xtRiw3GOFMkC,03,World Scientific Publishing Company,"Samar Allouch, Rafic Younes, Sofiane Boudaoud, Mohamad Khalil","The work presented in this paper deals with the description of an analytic modeling of the neuromusculoskeletal system responsible for the finger movement. This simulation task is complex due to the interacting processes (physiological and biomechanical) represented by muscles, joints and bones. In this study, we focused on the presentation of a complete model for the finger motion decomposed in quasi-static positions. In fact, this model can be considered as a preliminary step before dynamic modeling. The proposed model is composed of several compartments: biomechanical finger model, mechanical muscle model and muscle/neural activation model. The main objective of this study is to estimate, by inverse procedure, the muscle forces, muscle activations and neural activations that are responsible for generating a given finger movement decomposed in successive quasi-static positions. The anatomical …",Unclassified,0.0
,,"Diagnostic de défauts sur un moteur diesel
C Nohra - 2009
Cited by 6 Related articles All 3 versions",2009/6/18,,https://theses.hal.science/tel-01570301/file/version_corrige_finale_rapport_these_doctorat_chadi_nohra____.pdf,,,,,"Nonlinear Control, Engineering Optimization, Energy Management, Homogenization, Multidisciplinary Optimization.",Cited by 6,Rafic Younes,,,Diagnostic de défauts sur un moteur diesel,UNIVERSITE PAUL CEZANNE,,,https://scholar.google.com/citations?view_op=view_citation&hl=en&user=JyiFKagAAAAJ&cstart=100&pagesize=100&citation_for_view=JyiFKagAAAAJ:AvfA0Oy_GE0C,,,Chadi Nohra,"Longtemps considérés comme polluants, les moteurs diesels sont aujourd’hui autant, voire plus, propres que les moteurs à essence. Afin de respecter au mieux les normes environnementales, même en présence de dysfonctionnements, les constructeurs automobiles mettent en œuvre des systèmes de détection et de localisation de défauts. La plupart des recherches précédentes pour le diagnostic des moteurs diesel étudie des parties bien déterminées du moteur et non pas le moteur complet. Cette thèse propose deux stratégies différentes de diagnostic sur un modèle de connaissance d’un moteur diesel ce qui permet de détecter, d’isoler et d’estimer six défauts dans les différentes parties d’un moteur diesel équipé d’un turbocompresseur à géométrie variable : fuite d’air dans le collecteur d’admission, mauvais fonctionnement du compresseur, défaut d’ouverture des soupapes d’admission, défaut dans l’échangeur, détérioration dans le couplage turbine compresseur, défaut dans la commande de la turbine à géométrie variable et défaut dans le capteur de vitesse. L'idée de base de la première stratégie est d'utiliser l’apprentissage récursif d’un observateur à modes glissants. La seconde stratégie utilisée pour concevoir un FDI (Fault Detection and Isolation) est basée sur la théorie de contrôle par «Séquencement de gain» appliquée sur un système multilinéaire de type Takagi_Sugeno. Des simulations avec un modèle diesel non-linéaire validé, en présence de bruit, ont été effectuées et qui a démontré l'efficacité de l'algorithme proposé.",nonlinear control,0.2
,,"Étude de faisabilité d'un jumelage éolien-diesel avec stockage d'énergie sous forme d'air comprimé
T Basbous - 2009
Cited by 6 Related articles All 8 versions",2009,,https://semaphore.uqar.ca/id/eprint/100/1/Tammam_Basbous_fevrier2009.pdf,,,,,"Nonlinear Control, Engineering Optimization, Energy Management, Homogenization, Multidisciplinary Optimization.",Cited by 6,Rafic Younes,,,Étude de faisabilité d'un jumelage éolien-diesel avec stockage d'énergie sous forme d'air comprimé,Université de Québec à Chicoutimi,,,https://scholar.google.com/citations?view_op=view_citation&hl=en&user=JyiFKagAAAAJ&cstart=100&pagesize=100&citation_for_view=JyiFKagAAAAJ:V3AGJWp-ZtQC,,,"Tammam Basbous, Rafic Younès","Ce mémoire porte sur l'étude de faisabilité technique et du potentiel économique et écologique du système de Jumelage Éolien - Diesel avec Stockage d' énergie sous forme d'Air Comprimé (JEDSAC). Le système JEDSAC est une solution complètement innovatrice qui va pouvoir profiter du potentiel éolien disponible dans les sites isolés, dans les îles et dans le nord canadien, tous alimentés par les Diesels. L'idée consiste àjumeler ces Diesels, déjà sur place, avec une centrale éolienne surdimensionnée par rapport aux besoins et un système de stockage d' air comprimé. Le principe du fonctionnement de ce système hybride, les avantages techniques et économiques et la démonstration de l'efficacité énergétique du système, spécifiquement au niveau de l' augmentation du rendement du groupe Diesel et la diminution de sa consommation en carburant seront étudiés en détail et feront l' objet principal de ce mémoire. Le stockage d'énergie excédentaire, jouant un rôle essentiel dans le fonctionnement du système JEDSAC, sera détaillé en terme de techniques diverses existantes sur le marché et de critères de choix de la technique la plus adaptée à l'énergie éolienne. Le stockage d'énergie sous forme d'air comprimé CAES occupe une place intéressante dans ce positionnement, d'où le système JEDSAC proposé. Cet air comprimé stocké, qui sert à améliorer le rendement du Diesel pendant les périodes d'utilisation de celui-ci , doit être utilisé de la façon la plus optimale, afin de maximiser l'économie de carburant. Nous avons ainsi listé différentes techniques envisageables pour déstocker le CAES, nous les avons comparé d'une façon …",Unclassified,0.0
,,"Optimum design of composite breakwater with metropolis GA
YS Ryu, KB Park, TB Kim, WB Na, R Younes - Proceedings of 6th World Congresses of Structural and …, 2005
Cited by 6 Related articles All 2 versions",2005/5,30.0,https://citeseerx.ist.psu.edu/document?repid=rep1&type=pdf&doi=52bb5690192f00cd23bde71e60ea1047a4f8e10a,,,,,"Nonlinear Control, Engineering Optimization, Energy Management, Homogenization, Multidisciplinary Optimization.",Cited by 6,Rafic Younes,,,Optimum design of composite breakwater with metropolis GA,,"Proceedings of 6th World Congresses of Structural and Multidisciplinary Optimization, Rio de Janeiro, Brazil",,https://scholar.google.com/citations?view_op=view_citation&hl=en&user=JyiFKagAAAAJ&cstart=100&pagesize=100&citation_for_view=JyiFKagAAAAJ:l7t_Zn2s7bgC,,,"Yeon-Sun Ryu, Kyun-Bin Park, TB Kim, Won-Bae Na, R Younes","A typical composite breakwater is composed of upright caisson structure and rubble mound which again consists of core and revetments. For the purpose of efficient disaster prevention or harbor tranquility, a proper distribution of sections for each part is an essential factor in design and economic construction of composite breakwater. Most of the equations on the analysis and design of breakwaters are based on the experimental or empirical formulas, where the continuity or differentiability of functions may not be guaranteed. Thus, for the optimization of composite breakwaters, stochastic methods such as genetic algorithms (GA) and simulated annealing (SA) can be advantageously used. In the study, a typical design optimization problem for the composite breakwater section is formulated. The cost is a weighted sum of construction costs of component section parts. The constraints are mainly based on empirical formulas for design requirements. As a numerical optimization algorithm, recently developed Metropolis genetic algorithm (MGA) is used. In general, MGA alleviates common drawbacks of both simple GA and SA, ie, the premature convergence to a local optimum and time-consuming computation for the precise global optimum. Advantage and performance reliability of MGA are comparatively discussed in both theoretical and numerical points of view. Parametric study is also performed to verify the efficiency and robustness of MGA for the design optimization of composite breakwater with various field conditions. From the numerical implementation, it is found that MGA is a powerful and practically efficient tool for the design optimization of …",engineering optimization,0.203
,"International IIR Conference on Latest Development in Refrigerated Storage, Transportation and Display o","Optimal design and economical study for solar air-conditioning by absorption chillers
R Younès, H Zeidan, H Harb, A Ghaddar - International IIR Conference on Latest Development in …, 2005
Cited by 6 Related articles",2005,,https://www.researchgate.net/profile/Rafic-Younes/publication/319523516_OPTIMAL_DESIGN_AND_ECONOMICAL_STUDY_FOR_SOLAR_AIR-CONDITIONING_BY_ABSORPTION_CHILLERS/links/59b070f8a6fdcc3f8889b0c5/OPTIMAL-DESIGN-AND-ECONOMICAL-STUDY-FOR-SOLAR-AIR-CONDITIONING-BY-ABSORPTION-CHILLERS.pdf,,,,,"Nonlinear Control, Engineering Optimization, Energy Management, Homogenization, Multidisciplinary Optimization.",Cited by 6,Rafic Younes,,,Optimal design and economical study for solar air-conditioning by absorption chillers,,,,https://scholar.google.com/citations?view_op=view_citation&hl=en&user=JyiFKagAAAAJ&cstart=100&pagesize=100&citation_for_view=JyiFKagAAAAJ:_Re3VWB3Y0AC,,,"R Younes, H Zeidan, H Harb, A. Ghaddar","The aim of our paper is to study a Lithium-Bromide absorption machine thoroughly. We started by a simple introduction showing the amount of fuel used in the last years for air-conditioning systems and how an absorption machine can save us a large amount of that fuel. The second part of our paper was concerned by studying each main part of the machine by that we mean the condenser, the evaporator, the generator, the absorber, the heat exchanger and the collector. Studying these parts means studying all the necessary parameters: the optimal temperatures used the flow rates, the required pressures, and concentrations of the fluids at every step. Using all these given parameters and the proper conduction-convection heat transfer equations, we can find the length of the tubes required to insure the transfer of heat (either by a software or by mathematical calculations). Then, we moved to the secondary parts such as: the pumps, the valves used, the divergent and all the other things that help in the good performance of the machine. The paper is concluded by studying if this machine is economical or not. Therefore, a simple application is done on a supermarket that needs an absorption machine of a 600 ton capacity. The study shows that the machine needs 6 years and eight month to retain its costs with an annual payback of 120000$.",engineering optimization,0.2
,,"Modélisation numérique sous MATLAB
R Younes - Editions Université de Beyrouth, 2005
Cited by 6 Related articles All 4 versions",2005,,http://www.mcours.net/cours/pdf/info/Modelisation_numerique_sous_MATLAB.pdf,,,,,"Nonlinear Control, Engineering Optimization, Energy Management, Homogenization, Multidisciplinary Optimization.",Cited by 6,Rafic Younes,,,Modélisation numérique sous MATLAB,,Editions Université de Beyrouth,,https://scholar.google.com/citations?view_op=view_citation&hl=en&user=JyiFKagAAAAJ&cstart=100&pagesize=100&citation_for_view=JyiFKagAAAAJ:J_g5lzvAfSwC,,,Rafic Younes,"Le calcul numérique permet à l'ingénieur d'effectuer des simulations numériques de phénomènes physiques. Le calcul occupe une place stratégique avec la CAO et les autres technologies de simulation (essais) dans le développement d'un produit complexe qui touche à différents domaines de la physique. Cela concerne les industries automobiles, navales, aéronautiques, ferroviaires, mais aussi les industries lourdes: centrales électriques, platesformes pétrolières, et le génie civil.",Unclassified,0.0
,,"Optimisation of wind turbine blade structures using a genetic algorithm
A Chehouri - 2018
Cited by 5 Related articles All 4 versions",2018/10,,https://constellation.uqac.ca/id/eprint/4750/1/Chehouri_uqac_0862D_10516.pdf,,,,,"Nonlinear Control, Engineering Optimization, Energy Management, Homogenization, Multidisciplinary Optimization.",Cited by 5,Rafic Younes,,,OPTIMISATION OF WIND TURBINE BLADE STRUCTURES USING A GENETIC ALGORITHM,Université de Québec à Chicoutimi,,,https://scholar.google.com/citations?view_op=view_citation&hl=en&user=JyiFKagAAAAJ&cstart=100&pagesize=100&citation_for_view=JyiFKagAAAAJ:gsN89kCJA0AC,,,"Adam Chehouri, Rafic Younes, Jean Perron, Adrian Ilinca","The current diminution of fossil-fuel reserves, stricter environmental guidelines and the world’s ever-growing energy needs have directed to the deployment of alternative renewable energy sources. Among the many renewable energies, wind energy is one of the most promising and the fastest growing installed alternative-energy production technology. In order to meet the production goals in the next few decades, both significant increases in wind turbine installations and operability are required, while maintaining a profitable and competitive energy cost. As the size of the wind turbine rotor increases, the structural performance and durability requirements tend to become more challenging. In this sense, solving the wind turbine design problem is an optimization problem where an optimal solution is to be found under a set of design constraints and a specific target. Seen the world evolution towards the renewable energies and the beginning of an implementation of a local wind industry in Quebec, it becomes imperative to follow the international trends in this industry. Therefore, it is necessary to supply the designers a suitable decision tool for the study and design of optimal wind turbine blades. The developed design tool is an open source code named winDesign which is capable to perform structural analysis and design of composite blades for wind turbines under various configurations in order to accelerate the preliminary design phase. The proposed tool is capable to perform a Pareto optimization where optimal decisions need to be taken in the presence of trade-offs between two conflicting objectives: the annual energy production and the …",engineering optimization,0.203
,,"Reliability based optimization of a hat stiffened panel
O Braydi, P Lafon, R Younes, A El Samrouta - S3-Fiabilité et robustesse des systèmes mécaniques, 2017
Cited by 5 Related articles All 8 versions",2017/8/28,,https://www.researchgate.net/profile/Oussama-Braydi/publication/325795691_Reliability_based_optimization_of_a_hat_stiffened_panel/links/5b24c7ea458515270fd253ab/Reliability-based-optimization-of-a-hat-stiffened-panel.pdf,,,,46,"Nonlinear Control, Engineering Optimization, Energy Management, Homogenization, Multidisciplinary Optimization.",Cited by 5,Rafic Younes,,,Reliability based optimization of a hat stiffened panel,,S3-Fiabilité et robustesse des systèmes mécaniques,,https://scholar.google.com/citations?view_op=view_citation&hl=en&user=JyiFKagAAAAJ&cstart=100&pagesize=100&citation_for_view=JyiFKagAAAAJ:t7zJ5fGR-2UC,,,"Oussama Braydi, Pascal Lafon, Rafic Younes, Ahmad El Samrouta","This article is the first of its kind that treats hat stiffened panel in reliability based optimization (RBO). This panel is used in aerospace and marine structure. Along RBO, a deterministic optimization of this panel is performed. These optimization methods are based on a polynomial metamodel. Panel optimization aims to maximize its rigidity and minimize its weight. The variables vector contains the panel geometric dimensions. Uniform distributions are associated to geometric variables and materials densities of the panel. The results of these two optimization types are compared to show the influence of inputs uncertainties on the optimum design. RBO is performed using two methods; The first being a combination of Monte-Carlo simulation to propagate uncertainty and NSGA2 to find optimum points. The second uses analytic calculation to propagate uncertainty and bi-objective Normal boundary intersection to find the Pareto front. The latter outperforms the first and produces an exact Pareto front with a better execution time.",engineering optimization,0.204
,"TECHNOLOGIES AND MATERIALS FOR RENEWABLE ENERGY, ENVIRONMENT AND SUSTAINABILITY","Progress in energy generation for Canadian remote sites
Y Saad, R Younes, S Abboudi, A Ilinca, C Nohra - AIP Conference Proceedings, 2016
Cited by 5 Related articles All 6 versions",2016/6/25,1758.0,https://www.researchgate.net/profile/Rafic-Younes/publication/305655911_Progress_in_energy_generation_for_Canadian_remote_sites/links/59ef2b2ea6fdccd49286bf25/Progress-in-energy-generation-for-Canadian-remote-sites.pdf,,,,,"Nonlinear Control, Engineering Optimization, Energy Management, Homogenization, Multidisciplinary Optimization.",Cited by 5,Rafic Younes,,,Progress in energy generation for Canadian remote sites,,,,https://scholar.google.com/citations?view_op=view_citation&hl=en&user=JyiFKagAAAAJ&cstart=100&pagesize=100&citation_for_view=JyiFKagAAAAJ:_B80troHkn4C,,AIP Conference Proceedings,"Youssef Saad, Rafic Younes, Said Abboudi, Adrian Ilinca, Chadi Nohra","Many remote areas around the world are isolated, for various reasons, from electricity networks. They are usually supplied with electricity through diesel generators. The cost of operation and transportation of diesel fuel in addition to its price have led to the procurement of a more efficient and environmentally greener method of supply. Various studies have shown that a wind-diesel hybrid system with compressed air storage (WDCAS) seems to be one of the best solutions, and presents itself as an optimal configuration for the electrification of isolated sites. This system allows significant fuel savings to be made because the stored compressed air is used to supercharge the engine. In order to optimize system performance and minimize fuel consumption, installation of a system for recovering and storing the heat of compression (TES) seems necessary. In addition, the use of hydro-pneumatic energy storage systems …",engineering optimization,0.4
,"Pattern Recognition and Image Analysis: 7th Iberian Conference, IbPRIA 2015, Santiago de Compostela, Spain, June 17-19, 2015, Proceedings 7","Dimension reduction of hyperspectral image with rare event preserving
J Khoder, R Younes, H Obeid, M Khalil - Pattern Recognition and Image Analysis: 7th Iberian …, 2015
Cited by 5 Related articles All 3 versions",2015,,https://www.researchgate.net/profile/Jihan-Khoder/publication/298213912_Dimension_Reduction_of_Hyperspectral_Image_with_Rare_Event_Preserving/links/56e70ffa08ae4c354b1a6130/Dimension-Reduction-of-Hyperspectral-Image-with-Rare-Event-Preserving.pdf,,,,621-629,"Nonlinear Control, Engineering Optimization, Energy Management, Homogenization, Multidisciplinary Optimization.",Cited by 5,Rafic Younes,,,Dimension reduction of hyperspectral image with rare event preserving,,,,https://scholar.google.com/citations?view_op=view_citation&hl=en&user=JyiFKagAAAAJ&cstart=100&pagesize=100&citation_for_view=JyiFKagAAAAJ:q3oQSFYPqjQC,,Springer International Publishing,"Jihan Khoder, Rafic Younes, Hussein Obeid, Mohamad Khalil","Rare events can potentially occur in many applications, particularly in hyperspectral image analysis. In this work, we focus on the rare event preservation rate of the different dimension reduction approaches. The objective is to test whether the rare event is preserved after dimension reduction, or not. This paper introduced an improvement on the principal component analysis method (PCA) with added constraint related based on the Chi2 density function to rare event preservation, it was shown that the performance of the new method is better on the reduced image tested on natural hyperspectral images. Then we must use the constrained dimension reduction method for the rare event to be preserved. Given these results, we believe that it is very important to integrate this constraint to all the other dimension reduction methods, and then compare the potential contributions of information losses.",nonlinear control,0.2
,,"Speed control of automotive diesel engines
R Outbib, G Graton, X Dovifaaz, R Younes - International Journal of Control, 2014
Cited by 5 Related articles All 5 versions",2014/4/3,87.0,https://www.researchgate.net/profile/Rafic-Younes/publication/258840009_Speed_Control_of_Automotive_Diesel_Engines/links/5892fe4292851cda256a90a4/Speed-Control-of-Automotive-Diesel-Engines.pdf,,,,812-826,"Nonlinear Control, Engineering Optimization, Energy Management, Homogenization, Multidisciplinary Optimization.",Cited by 5,Rafic Younes,,,Speed control of automotive diesel engines,,International Journal of Control,,https://scholar.google.com/citations?view_op=view_citation&hl=en&user=JyiFKagAAAAJ&cstart=100&pagesize=100&citation_for_view=JyiFKagAAAAJ:dfsIfKJdRG4C,4,Taylor & Francis,"Rachid Outbib, Guillaume Graton, Xavier Dovifaaz, Rafic Younes","This paper deals with Diesel engine control. More precisely, a model-based approach is considered to stabilise engine speed around a defined value. The model taken into account is nonlinear and contains explicitly the expression of fuel conversion efficiency. In general in the literature, this experimentally obtained quantity is modelled with either a polynomial or an exponential form (see for instance Younes, R. (1993). Elaboration d’un modèle de connaissance du moteur diesel avec turbocompresseur à géométrie variable en vue de l’optimisation de ses émissions. Ecole Centrale de Lyon; Omran, R., Younes, R., Champoussin, J., & Outbib, R. (2011). New indicated mean effective pressure (IMEP) model for predicting crankshaft movement. Energy Conversion and Management, 52, 3376–3382). This paper focuses on engine speed feedback stabilisation when fuel conversion efficiency is modelled with an …",nonlinear control,0.408
,,"Advances in composite wind turbine blades: A comparative study
A Chehouri - 2014
Cited by 5 Related articles All 3 versions",2014/3/19,,,,,,,"Nonlinear Control, Engineering Optimization, Energy Management, Homogenization, Multidisciplinary Optimization.",Cited by 5,Rafic Younes,,,Advances in Composite Wind Turbine Blades: A Comparative Study,,,,https://scholar.google.com/citations?view_op=view_citation&hl=en&user=JyiFKagAAAAJ&cstart=100&pagesize=100&citation_for_view=JyiFKagAAAAJ:wbdj-CoPYUoC,,Anchor Academic Publishing,"Adam Chehouri, Rafic Younes","In the wind industry, the current trend is towards building larger and larger turbines. This presents additional structural challenges and requires blade materials that are both lighter and stiffer than the ones presently used. This study is aimed to aid the work of designing new wind turbine blades by providing a comparative study of different composite materials. A coupled Finite-Element-Method (FEM)-Blade Element Momentum (BEM) code was used to simulate the aerodynamic forces subjected on the blade. For this study, the finite element study was conducted on the Static Structural Workbench of ANSYS, as for the geometry of the blade it was imported from a previous study prepared by Cornell University. Confirmation of the performance analysis of the chosen wind turbine blade is presented and discussed including the generated power, tip deflection, thrust and tangential force for a steady flow of 8m/s. A homogenization method was applied to derive the mechanical properties and ultimate strengths of the composites. The Tsai-Hill and Hoffman failure criterions were both conducted to the resulting stresses and shears for each blade composite material structure to determine the presence of static rupture. A progressive fatigue damage model was conducted to simulate the fatigue behavior of laminated composite materials, an algorithm developed by Shokrieh.",homogenization,0.603
,,"Optimal design of an hybrid wind-diesel system with compressed air energy storage for canadian remote areas*
Y Rafic, B Tammam, I Adrian - Modeling and Optimization of Renewable Energy …, 2012
Cited by 5 Related articles All 8 versions",2012/5/5,,,,,,,"Nonlinear Control, Engineering Optimization, Energy Management, Homogenization, Multidisciplinary Optimization.",Cited by 5,Rafic Younes,,,Optimal Design of an Hybrid Wind-Diesel System with Compressed Air Energy Storage for Canadian Remote Areas,,,,https://scholar.google.com/citations?view_op=view_citation&hl=en&user=JyiFKagAAAAJ&cstart=100&pagesize=100&citation_for_view=JyiFKagAAAAJ:GnPB-g6toBAC,,Intech Open Access Publisher,"Rafic Younes, Tammam Basbous, Adrian Ilinca",,energy management,0.222
,ISOPE International Ocean and Polar Engineering Conference,"Multidisciplinary optimization of a moored rectangular floating breakwater
G ElChahal, P Lafon, R Younes - ISOPE International Ocean and Polar Engineering …, 2008
Cited by 5 Related articles All 6 versions",2008/7/6,,https://www.academia.edu/download/33431318/ISOPE-2008_TPC-554.pdf,,,,ISOPE-I-08-356,"Nonlinear Control, Engineering Optimization, Energy Management, Homogenization, Multidisciplinary Optimization.",Cited by 5,Rafic Younes,,,Multidisciplinary optimization of a moored rectangular floating breakwater,,,,https://scholar.google.com/citations?view_op=view_citation&hl=en&user=JyiFKagAAAAJ&cstart=100&pagesize=100&citation_for_view=JyiFKagAAAAJ:eQOLeE2rZwMC,,ISOPE,"Ghassan ElChahal, Pascal Lafon, Rafic Younes","ABSTRACT
The design optimization of floating breakwaters implicates solving a multidisciplinary problem consisting from three parts. The first one arises from the interaction of linear waves with a moored floating breakwater with a leeward boundary composed from a vertical wall. The second covers the dynamical behaviour of the structure; while the third concerns its structural mechanics. Next, the optimization problem is summarized by designing an optimal resistive breakwater with a minimum weight. The imposed constraints cover the floating condition, the stability, the maximum wave height in the port side, and the limitations for the mechanical stresses.
INTRODUCTION
Over the past two decades, interest in the study of the behaviour of floating breakwaters, FBWs, has increased owing to the requirement for the development of large number of new marinas and recreational …",multidisciplinary optimization,0.609
,"2008 SAE International Powertrains, Fuels and Lubricants Congress","Optimization of the in-air cylinders filling for emissions reduction in diesel engines
R Omran, R Younes, JC Champoussin - 2008
Cited by 5 Related articles All 5 versions",2008/6/23,1.0,https://citeseerx.ist.psu.edu/document?repid=rep1&type=pdf&doi=c685fc9f98cd19e1161a390be2d1715a1d100b02,,,,2008-01-1732,"Nonlinear Control, Engineering Optimization, Energy Management, Homogenization, Multidisciplinary Optimization.",Cited by 5,Rafic Younes,,,Optimization of the in-air cylinders filling for emissions reduction in diesel engines,,,,https://scholar.google.com/citations?view_op=view_citation&hl=en&user=JyiFKagAAAAJ&cstart=100&pagesize=100&citation_for_view=JyiFKagAAAAJ:RHpTSmoSYBkC,,SAE International,"Rabih Omran, Rafic Younes, Jean-Claude CHAMPOUSSIN","Modern diesel engines are typically equipped with common rail injection system, variable geometry turbocharger and exhaust gas recirculation system in order to meet the emissions standards. While the electronic fuel control has been extensively developed and used in the common rail injection systems, the “in-air cylinders filling” control remains poorly exploited. In this paper, we suggest a dynamic engine optimization process that predicts, under transient conditions, the optimal values of the intake pressure and the compressor mass flow rate to be applied to the engine based on pollution criteria such as the opacity. The optimization procedure and a physical mean value model describing the functioning of a variable geometry turbocharged diesel engine and its smoke's opacity are shown in details. The simulations results of the engine's model are in excellent agreement with the experimental data collected on …",engineering optimization,0.404
,,"Optimisation du tissage de composites orthogonaux 3D
R Younes, Z Aboura, M Benzeggag - Comptes rendus. Mécanique, 2008
Cited by 5 Related articles All 7 versions",2008,336.0,https://comptes-rendus.academie-sciences.fr/mecanique/item/10.1016/j.crme.2008.07.006.pdf,,,,704-713,"Nonlinear Control, Engineering Optimization, Energy Management, Homogenization, Multidisciplinary Optimization.",Cited by 5,Rafic Younes,,,Optimisation du tissage de composites orthogonaux 3D,,Comptes rendus. Mécanique,,https://scholar.google.com/citations?view_op=view_citation&hl=en&user=JyiFKagAAAAJ&cstart=100&pagesize=100&citation_for_view=JyiFKagAAAAJ:roLk4NBRz8UC,9,,"Rafic Younes, Zoheir Aboura, Malk Benzeggag","Ce travail présente une optimisation du volume élémentaire représentatif (VER) du renfort 3D orthogonal, permettant de prédire la géométrie interne des mèches ainsi que les propriétés mécaniques et à rupture sous chargement uni axial. La méthode d'optimisation appliquée est celle de la programmation séquentielle quadratique (SQP). Les propriétés mécaniques sont déterminées par une homogénéisation basée sur la sommation moyenne des rigidités des constituants et la résistance du composite est recherchée à partir de l'application du critère 3D de rupture de Tsai-Wu. La géométrie interne du tissage est représentée par les fractions volumiques des fibres, leur proportion dans chaque direction et le pas du tissage du renfort vertical. Les résultats de cette étude sont comparés avec des études expérimentales sur des orthogonaux 3D à renforts en carbone.
This Note deals with an optimization study for the representative elementary volume (REV) of the 3D orthogonal reinforcement in order to suggest the internal geometry of wicks as well as the prediction of mechanical and damage properties under axial loading. The applied method of optimization is the one of the sequential quadratic programming (SQP). The mechanical properties are determined by a homogenization study based on the average sum of the rigidities of the constituents and the composite resistance is searched starting from the application of the 3D Tsai-Wu failure criterion. The proposition of the weaving is spotted by the internal geometry represented by the fibers volume fractions, their proportions in each direction and the weaving step of the vertical reinforcement. The …",homogenization,0.603
,12th European Conference on Composite Materials.,"Experimental damage studies of 2.5 D interlock CFRP under uniaxial loading
C El Hage, Z Aboura, R Younes, ML Benzeggagh… - Biarritz, France, Aug, 2006
Cited by 5 Related articles",2006/8,,,,,,29,"Nonlinear Control, Engineering Optimization, Energy Management, Homogenization, Multidisciplinary Optimization.",Cited by 5,Rafic Younes,,,Experimental damage studies of 2.5 D interlock CFRP under uniaxial loading,,,,https://scholar.google.com/citations?view_op=view_citation&hl=en&user=JyiFKagAAAAJ&cstart=100&pagesize=100&citation_for_view=JyiFKagAAAAJ:35r97b3x0nAC,,,"Christiane El Hage, Zoheir Aboura, Rafic Younes, Malk Benzeggagh, Mohamed Zoaeter",,Unclassified,0.0
,Journée de la Societé Francaise de Thermique,"Le turbocompresseur à géométrie variable, un moyen de réduire la pollution
R Younes, JC Champoussin - J. SFT, 1994
Cited by 5 Related articles",1994,,,,,,,"Nonlinear Control, Engineering Optimization, Energy Management, Homogenization, Multidisciplinary Optimization.",Cited by 5,Rafic Younes,,,"Le Turbocompresseur à Géométrie Variable, un Moyen de Réduire la Pollution",,,,https://scholar.google.com/citations?view_op=view_citation&hl=en&user=JyiFKagAAAAJ&cstart=100&pagesize=100&citation_for_view=JyiFKagAAAAJ:ZfRJV9d4-WMC,,,"Rafic Younes, Jean Claude Champoussin",,Unclassified,0.0
,,"Use of genetic optimization in parameter identification of reinforced concrete bridge girders
F El Hajj Chehade, R Younes, H Mroueh… - Innovative Infrastructure Solutions, 2020
Cited by 4 Related articles All 4 versions",2020/12,5.0,,,,,89,"Nonlinear Control, Engineering Optimization, Energy Management, Homogenization, Multidisciplinary Optimization.",Cited by 4,Rafic Younes,,,Use of genetic optimization in parameter identification of reinforced concrete bridge girders,,Innovative Infrastructure Solutions,,https://scholar.google.com/citations?view_op=view_citation&hl=en&user=JyiFKagAAAAJ&cstart=100&pagesize=100&citation_for_view=JyiFKagAAAAJ:FPJr55Dyh1AC,3,Springer International Publishing,"Fatima El Hajj Chehade, Rafic Younes, Hussein Mroueh, Fadi Hage Chehade","The real response of a given structure, such as deflection, generally differs from prediction obtained from theoretical models. Hence, the need of periodic or long-term structural monitoring has become mandatory. The present paper describes an approach to localize the most suitable period to perform deflection monitoring in case of reinforced concrete bridges. The searched period allows making the best updates of theoretical models to better represent the structural behaviour with time. So, the genetic optimization is employed to update an existing law of flexural rigidity in order to minimize the difference between the measured and predicted deflections; measurements will be considered from different time periods. The proposed methodology is applied to a representative set of 21 RC T-beam bridges with variable parameters. Simulated measurements of static deflections based on weigh-in-motion data collected …",engineering optimization,0.204
,,"Gestion optimale des systèmes hybrides pour la production de l’énergie dans les sites isolés
YH Saad - 2018
Cited by 4 Related articles All 3 versions",2018/12/4,,https://theses.hal.science/tel-02105895/file/These_Youssef_SAAD_Finale.pdf,,,,,"Nonlinear Control, Engineering Optimization, Energy Management, Homogenization, Multidisciplinary Optimization.",Cited by 4,Rafic Younes,,,Gestion optimale des systèmes hybrides pour la production de l’énergie dans les sites isolés,Université de Technologie de Belfort-Montbeliard,,,https://scholar.google.com/citations?view_op=view_citation&hl=en&user=JyiFKagAAAAJ&cstart=100&pagesize=100&citation_for_view=JyiFKagAAAAJ:e_rmSamDkqQC,,,"Rafic Younes, Youssef Saad, Said Abboudi","Les générateurs diesels sont la principale source d'énergie électrique qui alimente la plupart des régions éloignées et isolées dans le monde. Malheureusement, ces moteurs posent encore d'énormes défis techniques, financiers et environnementaux. Toutefois, la combinaison de ces générateurs avec des sources renouvelables comme l'énergie éolienne dans un système éoliendiesel hybride (WDS) pourrait réduire ces déficits en réduisant la consommation de combustibles fossiles et la durée de fonctionnement des moteurs diesels et en réduisant le coût de l'exploitation et les émissions nocives. L’intermittence de l'énergie éolienne et sa dissipation pendant les périodes venteuses exigent un système de stockage d'énergie. Dans cette thèse, un nouveau système hybride éolien-diesel avec compression d'air adiabatique et stockage à pression constante (ACP-WDCAS) a été proposé. Ce système combine les technologies de stockage d'énergie hydropneumatiques et les systèmes de stockage de l'énergie sous forme d’air comprimé avec le système éolien-diesel. L'objectif de ce système est d'optimiser les performances des moteurs diesel et de réduire la consommation de carburant sans apporter de modifications majeures à l'architecture de ces moteurs dans les sites isolés. Une simulation numérique, une modélisation mathématique et une analyse des évolutions possibles du système seront de ce fait étudiés.",engineering optimization,0.2
,ICVRAM-ISUMA-UNCERTAINTIES,"On the influence of uncertainties modeling on reliability based robust design optimization in mechanical engineering
O Braydi, P Lafon, R Younes - Joint ICVRAM ISUMA Uncertainties Conference …, 2018
Cited by 4 Related articles All 3 versions",2018/4,,https://www.researchgate.net/profile/Oussama-Braydi/publication/324543178_On_the_influence_of_uncertainties_modeling_on_reliability_based_robust_design_optimization_in_mechanical_engineering/links/5ad4a4c6458515c60f545414/On-the-influence-of-uncertainties-modeling-on-reliability-based-robust-design-optimization-in-mechanical-engineering.pdf,,,,,"Nonlinear Control, Engineering Optimization, Energy Management, Homogenization, Multidisciplinary Optimization.",Cited by 4,Rafic Younes,,,On the influence of uncertainties modeling on reliability based robust design optimization in mechanical engineering,,,,https://scholar.google.com/citations?view_op=view_citation&hl=en&user=JyiFKagAAAAJ&cstart=100&pagesize=100&citation_for_view=JyiFKagAAAAJ:Z5m8FVwuT1cC,,,"Oussama Braydi, Pascal Lafon, Rafic Younes","This paper highlights the influence of the uncertainties modeling on the results of reliability based robust design optimization. This influence is tested in three mechanical applications chosen from the literature. The results show how the robust concept of the problem is affected besides the optimization results, this reveals the necessity to choose the suitable uncertainties model before performing the optimization.",engineering optimization,0.421
,,"Modélisation et optimisation de structures flottantes pour l'aide à la décision d'aménagement portuaire
H Diab - 2016
Cited by 4 Related articles All 4 versions",2016/7/12,,https://theses.hal.science/tel-03361919/document,,,,,"Nonlinear Control, Engineering Optimization, Energy Management, Homogenization, Multidisciplinary Optimization.",Cited by 4,Rafic Younes,,,Modélisation et optimisation de structures flottantes pour l'aide à la décision d'aménagement portuaire,Université de Technologie de Troyes,,,https://scholar.google.com/citations?view_op=view_citation&hl=en&user=JyiFKagAAAAJ&cstart=100&pagesize=100&citation_for_view=JyiFKagAAAAJ:JQOojiI6XY0C,,,"Hassan Diab, Rafic Younes","L’objectif de cette thèse était de proposer une contribution dans le domaine de la modélisation du comportement de digues flottantes permettant d’optimiser le positionnement et le dimensionnement de ces structures. La finalité étant de participer à la définition d’outils d’aide à la décision pour l’aménagement portuaire destiné à la protection des installations. Nous avons proposé un nouveau modèle de comportement de digues flottantes. Ce modèle de comportement simple et efficace combine deux modèles. Le premier est un modèle de Berkhoff étendu et amélioré qui prend en compte les effets de frottement au fond, de bathymétrie fortement variable et de déferlement. Il permet d’évaluer dans le plan horizontal du port la propagation de la houle. Le second est un modèle décrivant le comportement hydrodynamique d’une digue flottante dans le plan vertical de sa section transversale. Une étude paramétrique a permis de valider globalement ce nouveau modèle. Nous avons proposé ensuite une démarche d’optimisation spécifique basée sur une formulation multicritère du problème d’optimisation et utilisant des techniques de méta modélisation et un algorithme stochastique pour accélérer les calculs. Le front de Pareto obtenu permet pour un port donné, de déterminer la capacité maximale d’absorption de la houle et les dimensions de la plus petite digue",nonlinear control,0.2
,,"Contribution à la modélisation et à la prédiction de défaillances sur les moteurs Diesel marins
HM Nahim - 2016
Cited by 3 Related articles All 4 versions
Contribution à la modélisation et à la prédiction de défaillances sur les moteurs Diesel marins*
H Moussa-Nahim - 2016
Cited by 1 Related articles All 2 versions",2016/2,,https://theses.hal.science/tel-01520012/file/these_Hassan_Nahim.pdf,,,,,"Nonlinear Control, Engineering Optimization, Energy Management, Homogenization, Multidisciplinary Optimization.",Cited by 4,Rafic Younes,,,Contribution à la modélisation et à la prédiction de défaillances sur les moteurs Diesel Marins,Aix Marseille University,,,https://scholar.google.com/citations?view_op=view_citation&hl=en&user=JyiFKagAAAAJ&cstart=100&pagesize=100&citation_for_view=JyiFKagAAAAJ:9vf0nzSNQJEC,,,"Hassan Moussa Nahim, Rafic Younes, Mustapha Ouladsine","Ce travail présente un modèle orienté envers le développement d’un simulateur pour le moteur diesel marin. Dans le but d’avoir un simulateur qui répond aux besoins du moteur étudié au niveau de l’efficacité, la rapidité et la prise en considération des défauts, le modèle étudié est basé sur des modélisations physiques, semi physique, empirique, mathématique et thermodynamique. Le modèle du moteur est divisé en plusieurs sous-modèles dont chacun présente un système réel. Ces systèmes sont : le refroidissement, la lubrification, l’admission de l’air, l’injection, la combustion et les émissions. Les sous-modèles et les caractéristiques dynamiques de chaque bloc sont conçus en respectant les équations principales du fonctionnement du moteur ainsi que les données expérimentales collectées sur un banc d’essai pour un moteur marin diesel fabriqué par la société SIMB sous la référence 6M26SRP1. Ce modèle a été implémenté sur Matlab/Simulink, et la simulation permet d’obtenir les variables suivantes dans les différentes sous-blocs: pression, température, efficacité, échange de chaleur, angle de vilebrequin, débit du fuel et émissions. Le simulateur sera utilisé pour montrer les dégradations dans les performances du moteur lors de l’occurrence des défauts et peut aider dans l’application des stratégies de diagnostic et de pronostic. Les différents défauts considérés dans le simulateur sont : défauts injecteur, fuite cylindre, avarie pompe fuel, casse du segment de piston, dégradation de turbocompresseur, dégradation filtre à air, dégradation refroidisseur d’air, fuite d’air, fuite d’eau, fuite et contamination d’huile, encrassement des …",nonlinear control,0.2
,,"Mathematical methods for hyperspectral imaging in landmine detection
I Makki, R Younes, C Francis, M Zucchetti - Transactions of the American Nuclear Society, 2015
Cited by 4 Related articles All 2 versions",2015/6,112.0,https://www.researchgate.net/profile/Rafic-Younes/publication/279516890_Mathematical_Methods_for_Hyperspectral_Imaging_in_Landmine_Detection/links/55946d9f08ae5d8f392f6909/Mathematical-Methods-for-Hyperspectral-Imaging-in-Landmine-Detection.pdf,,,,420-423,"Nonlinear Control, Engineering Optimization, Energy Management, Homogenization, Multidisciplinary Optimization.",Cited by 4,Rafic Younes,,,Mathematical Methods for Hyperspectral Imaging in Landmine Detection,,Transactions of the American Nuclear Society,,https://scholar.google.com/citations?view_op=view_citation&hl=en&user=JyiFKagAAAAJ&cstart=100&pagesize=100&citation_for_view=JyiFKagAAAAJ:Mojj43d5GZwC,,American Nuclear Society,"Ihab Makki, Rafic Younes, Clovis Francis, Massimo Zucchetti","Hyperspectral imaging is relatively new technology that is recently being investigated by researchers and scientists with regard to the detection and identification of landmines. Hyperspectral imaging is a well-established technique that consists in acquiring a 2D image where every pixel in the image contains a continuous spectrum. This allows detailed spectral signatures to be identified for different imaged materials. Being concerned about the slow pace of demining with other methods, potential innovative technologies are being explored to foster the development of the more promising techniques.
Hyperspectral sensors are attractive candidates for mine detection tasks. Hyperspectral imaging is currently being investigated with regard to the detection and identification of landmines because it is safe, lightweight, fast, and effective method. In [1], researches took hyperspectral images using a small aircraft from two altitudes and then tried two approaches to detect synthetic objects: anomaly detection and signature based detection. In [2] they treated the infrared image passing by preprocessing (contrast enhancement, filtering, smoothing), segmentation, feature extraction and then they used the neural networks in classification. In both cases, the results obtained are good but still not an exhaustive and reliable solutions. Another field of research focuses on the study of the context in the image before the detection [3]. So the first step will be the identification of the situation of context (radiance, reflectance, day or night, cloudy or clear) and then apply a Bayesian-based classification method that best fits the situation of context as done in [4]. Other …",nonlinear control,0.2
,2013 35th Annual International Conference of the IEEE Engineering in Medicine and Biology Society (EMBC),"Potential of hybridization methods to reducing the dimensionality for multispectral biological images
J Khoder, R Younes, FB Ouezdou - 2013 35th Annual International Conference of the IEEE …, 2013
Cited by 4 Related articles All 5 versions",2013/7/3,,https://www.researchgate.net/profile/Rafic-Younes/publication/257602539_Potential_of_hybridization_methods_to_reducing_the_dimensionality_for_multispectral_biological_images/links/0deec528938dd5fae0000000/Potential-of-hybridization-methods-to-reducing-the-dimensionality-for-multispectral-biological-images.pdf,,,,6458-6461,"Nonlinear Control, Engineering Optimization, Energy Management, Homogenization, Multidisciplinary Optimization.",Cited by 4,Rafic Younes,,,Potential of hybridization methods to reducing the dimensionality for multispectral biological images,,,,https://scholar.google.com/citations?view_op=view_citation&hl=en&user=JyiFKagAAAAJ&cstart=100&pagesize=100&citation_for_view=JyiFKagAAAAJ:zA6iFVUQeVQC,,IEEE,"Jihan Khoder, Rafic Younes, Fethi Ben Ouezdou","We address the problem of unsupervised band reduction in multispectral imagery. We propose to use a new hybridization of dimensionality reduction method by combining two categories of bands selection method with projection method and apply it to multispectral data. The algorithm employs the concepts of fuzziness and belongingness (Fuzzy K-means) to provide a better and more adaptive clustering process. However, the Fuzzy hybridized algorithm is applicable to medical imagery. A cluster validity function associated with Bezdek's partition coefficient is employed for evaluation of the dimension reduction's performance for this multispectral data. Experiments conducted in this paper confirm the feasibility of the new hybridization for multispectral dimensionality reduction and shows the potential of the proposed approach.",Unclassified,0.0
,,"Comparing various methods for topology and shape optimization of floating breakwaters
G Elchahal, P Lafon, R Younes - Wseas transactions on fluid mechanics, 2008
Cited by 4 Related articles All 6 versions",2008/4,2.0,https://hal.science/hal-03610989v1/file/2008_ELCHAHAL_WSEAS%20Transactions.pdf,,,,186-199,"Nonlinear Control, Engineering Optimization, Energy Management, Homogenization, Multidisciplinary Optimization.",Cited by 4,Rafic Younes,,,Comparing Various Methods for Topology and Shape Optimization of Floating Breakwaters,,WSEAS Transactions on Fluid Mechanics,,https://scholar.google.com/citations?view_op=view_citation&hl=en&user=JyiFKagAAAAJ&cstart=100&pagesize=100&citation_for_view=JyiFKagAAAAJ:iH-uZ7U-co4C,3,,"GHASSAN ELCHAHAL, PASCAL LAFON, RAFIC YOUNES","In this paper, structural optimization of a floating breakwater is addressed through several methods concerning its topology and shape, which constitutes a new application. Three methods are introduced to handle the optimization problem. The first one discusses the shape optimization of a simple predefined geometrical form. The second, studies the topological optimization based on bit array representation of a triangular mesh using genetic algorithms. An attempt to overcome the limitations of bit-array was developed through several steps (new partition element, mesh distinguishing between the representation type and finite element analysis, varying finite element problem size, creating a density vector to control the presence or absence of the boundaries, generating initial population representing void domains instead of void elements). The third method concerns shape optimization, based on a variable number of points creating a structural domain. In contrary to traditional methods where the variable points are indicated by the user, it searches for the optimum number of points to create the optimum shape. Finally, a comparison between these methods for the case of the floating breakwater is discussed.",nonlinear control,0.204
,"2008 3rd International Symposium on Communications, Control and Signal Processing","A nonlinear approach with gain schedule control adaptation for a complete-model diesel-engine diagnosis
C Nohra, H Noura, C El Moucary, R Younes - 2008 3rd International Symposium on Communications …, 2008
Cited by 4 Related articles All 4 versions",2008/3/12,,https://www.academia.edu/download/42822175/A_nonlinear_approach_with_Gain_Schedule_20160218-20248-1ysprpp.pdf,,,,689-696,"Nonlinear Control, Engineering Optimization, Energy Management, Homogenization, Multidisciplinary Optimization.",Cited by 4,Rafic Younes,,,A nonlinear approach with gain schedule control adaptation for a complete-model diesel-engine diagnosis,,,,https://scholar.google.com/citations?view_op=view_citation&hl=en&user=JyiFKagAAAAJ&cstart=100&pagesize=100&citation_for_view=JyiFKagAAAAJ:qxL8FJ1GzNcC,,IEEE,"Chady Nohra, Hassan Noura, Chady El Moucary, Rafic Younes","This paper proposes an innovative fault-diagnosis system for a turbocharged diesel engine with variable-geometry turbocharger control. Numerous and diversified actuator and/or sensors faults are identified and analyzed such as air-leakage in the admission collector, compressor malfunctioning, intake-valves fault, intercooler fault, deterioration in the turbine-compressor coupling, defect in the variable geometry of the turbine and fault in rotational speed sensor. Furthermore, a complete non-linear engine model with four state variables is adopted. The proposed strategy consists in developing a Fault Detection and Isolation algorithm (FDI) based on the theory of Gain Schedule Control operated on a Takagi-Sugeno model of the diesel. Simulations with a nonlinear Diesel model in the presence of noise were carried out and which demonstrated the effectiveness of the proposed algorithm. Moreover, the robustness …",nonlinear control,0.409
,3 rd International Conference on Advances in Vehicle Control and Safety,"‘Optimal control of diesel engines: methods and applications
R Omran, R Younes, JC Champoussin - 3 rd International Conference on Advances in Vehicle …, 2007
Cited by 4 Related articles",2007,1.0,,,,,213-218,"Nonlinear Control, Engineering Optimization, Energy Management, Homogenization, Multidisciplinary Optimization.",Cited by 4,Rafic Younes,,,Optimal control of diesel engines: methods and applications,,,,https://scholar.google.com/citations?view_op=view_citation&hl=en&user=JyiFKagAAAAJ&cstart=100&pagesize=100&citation_for_view=JyiFKagAAAAJ:_Ybze24A_UAC,,IMAACA 2007,"Rabih Omran, Rafic Younes, Champoussin Jean Claude",,engineering optimization,0.4
,International Conference on Offshore Mechanics and Arctic Engineering,"Numerical modelling of floating breakwaters and shape optimization using a nonlinear programming method
G Elchahal, R Younes, P Lafon - International Conference on Offshore Mechanics and …, 2007
Cited by 4 Related articles All 3 versions",2007/1/1,42711.0,https://www.researchgate.net/profile/Rafic-Younes/publication/267604416_Numerical_Modelling_of_Floating_Breakwaters_and_Shape_Optimization_Using_a_Nonlinear_Programming_Method/links/59288d81458515e3d466a2be/Numerical-Modelling-of-Floating-Breakwaters-and-Shape-Optimization-Using-a-Nonlinear-Programming-Method.pdf,,,,235-240,"Nonlinear Control, Engineering Optimization, Energy Management, Homogenization, Multidisciplinary Optimization.",Cited by 4,Rafic Younes,,,Numerical modelling of floating breakwaters and shape optimization using a nonlinear programming method,,,,https://scholar.google.com/citations?view_op=view_citation&hl=en&user=JyiFKagAAAAJ&cstart=100&pagesize=100&citation_for_view=JyiFKagAAAAJ:LkGwnXOMwfcC,,,"Ghassan Elchahal, Rafic Younes, Pascal Lafon","In this paper, shape optimization is addressed through sequential quadratic programming (SQP). The recent increase in information technologies dedicated to optimal design, associated with the progress of the numerical tools, allows significant improvement in the design optimization of floating breakwaters. First of all, the physical and mechanical constraints, related to the environment of floating breakwaters, are expressed in terms of the geometrical dimensions of the latter in form of mathematical expressions. Then, the optimization procedure is developed based on SQP method and satisfactory results are obtained demonstrating the capability of this work.",nonlinear control,0.206
,,"Anatomie de la main et relation tendon couple articulaire
J Chalfoun, E Massemejean, B Mouhamed… - Proceedings of the Congrès International de …, 2003
Cited by 4 Related articles",2003/11,,https://www.researchgate.net/profile/Joe-Chalfoun/publication/267823701_ANATOMIE_DE_LA_MAIN_ET_RELATION_TENDON_COUPLE_ARTICULAIRE/links/5492d43d0cf209fc7e9f81f0/ANATOMIE-DE-LA-MAIN-ET-RELATION-TENDON-COUPLE-ARTICULAIRE.pdf,,,,14-15,"Nonlinear Control, Engineering Optimization, Energy Management, Homogenization, Multidisciplinary Optimization.",Cited by 4,Rafic Younes,,,Anatomie de la main et relation tendon couple articulaire,,"Proceedings of the Congrès International de Modélisation Numérique Appliquée (CIMNA), Beyrouth, Liban",,https://scholar.google.com/citations?view_op=view_citation&hl=en&user=JyiFKagAAAAJ&cstart=100&pagesize=100&citation_for_view=JyiFKagAAAAJ:NaGl4SEjCO4C,,,"Joe Chalfoun, E Massemejean, B Mouhamed, BF Ouezdou, Rafic Younès","The anatomy of the human hand and forearm is studied; with a very precise manner. Certain tendon forces were changed due to the complication of the human hand anatomy. All the properties of the tendons, their effect on the joints of the hand and the conventions chosen for the biomechanical design are quoted. A relation between the forces in the muscles and the joints torques is established. And a prediction of the forces in the hand from the joints torques is established and the results are interpreted by examples.",Unclassified,0.0
,,"New geometrical modelling for 2D fabric and 2.5 D interlock composites
MA Kaddaha, R Younes, P Lafon - Textiles, 2022
Cited by 3 Related articles All 4 versions",2022,2.0,https://www.mdpi.com/2673-7248/2/1/8,,,,142-161,"Nonlinear Control, Engineering Optimization, Energy Management, Homogenization, Multidisciplinary Optimization.",Cited by 3,Rafic Younes,,,New Geometrical Modelling for 2D Fabric and 2.5D Interlock Composites,,Textiles,,https://scholar.google.com/citations?view_op=view_citation&hl=en&user=JyiFKagAAAAJ&cstart=100&pagesize=100&citation_for_view=JyiFKagAAAAJ:4hFrxpcac9AC,1,MDPI,"Mohamad Abbas Kaddaha, Rafic Younes, Pascal Lafon","A new geometrical modeling tool has been developed to predict the elastic stiffness properties of 2D orthogonal and 2.5D woven interlock composites. The model estimates the change in performance due to changes in the ordering weaving parameters of the 2.5D weave architecture. Analysis results were validated compared to other models developed in published articles and the literature. Numerical analysis was performed to evaluate the accuracy of the results from the proposed models. These results demonstrate the effectiveness of the models presented by comparisons with experimental results, showing that the model could replicate the mechanical behaviors of 2D fabric and 2.5D interlock composite laminates for predicting 2D textile structures and 2.5D interlock composites with different types, shapes, and conditions. The model presented in this paper is able to replicate the behavior of woven composites of fiber reinforced with various types.",Unclassified,0.0
,"Optimization and Learning: 4th International Conference, OLA 2021, Catania, Italy, June 21-23, 2021, Proceedings 4","An Application of BnB-NSGAII: Initializing NSGAII to Solve 3 Stage Reducer Problem
A Jaber, P Lafon, R Younes - … and Learning: 4th International Conference, OLA 2021 …, 2021
Cited by 3 Related articles All 9 versions",2021,,https://arxiv.org/pdf/2105.06639,,,,337-349,"Nonlinear Control, Engineering Optimization, Energy Management, Homogenization, Multidisciplinary Optimization.",Cited by 3,Rafic Younes,,,An Application of BnB-NSGAII: Initializing NSGAII to Solve 3 Stage Reducer Problem,,,,https://scholar.google.com/citations?view_op=view_citation&hl=en&user=JyiFKagAAAAJ&cstart=100&pagesize=100&citation_for_view=JyiFKagAAAAJ:rmuvC79q63oC,,Springer International Publishing,"Ahmed Jaber, Pascal Lafon, Rafic Younes","The 3 stage reducer problem is a point of interest for many researchers. In this paper, this problem is reformulated to a bi-objective problem with additional constraints to meet the ISO mechanical standards. Those additional constraints increase the complexity of the problem, such that, NSGAII performance is not sufficient. To overcome this, we propose to use BnB-NSGAII [10] method - a hybrid multi-criteria branch and bound with NSGAII - to initialize NSGAII before solving the problem, seeking for a better initial population. A new feature is also proposed to enhance BnB-NSGAII method, called the legacy feature. The legacy feature permits the inheritance of the elite individuals between - branch and bound - parent and children nodes. NSGAII and BnB-NSGAII with and without the legacy feature are tested on the 3 stage reducer problem. Results demonstrate the competitive performance of BnB-NSGAII with …",multidisciplinary optimization,0.2
,,"Exploring Critical Approaches of Evolutionary Computation
M Sarfraz - 2018
Cited by 3 Related articles",2018/7/13,,,,,,,"Nonlinear Control, Engineering Optimization, Energy Management, Homogenization, Multidisciplinary Optimization.",Cited by 3,Rafic Younes,,,Exploring Critical Approaches of Evolutionary Computation,,,,https://scholar.google.com/citations?view_op=view_citation&hl=en&user=JyiFKagAAAAJ&cstart=100&pagesize=100&citation_for_view=JyiFKagAAAAJ:NXb4pA-qfm4C,,IGI Global; 2018 Jul 13.,"M Sarfraz, editor","Modern optimization approaches have attracted an increasing number of scientists, decision makers, and researchers. As new issues in this field emerge, different optimization methodologies must be developed and implemented. Exploring Critical Approaches of Evolutionary Computation is a vital scholarly publication that explores the latest developments, methods, approaches, and applications of evolutionary models in a variety of fields. It also emphasizes evolutionary models of computation such as genetic algorithms, evolutionary strategies, classifier systems, evolutionary programming, genetic programming, and related fields such as swarm intelligence and other evolutionary computation techniques. Highlighting a range of pertinent topics such as neural networks, data mining, and data analytics, this book is designed for IT developers, IT theorists, computer engineers, researchers, practitioners, and upper-level students seeking current research on enhanced information exchange methods and practical aspects of computational systems.",engineering optimization,0.404
,,"A Comparative study of static and fatigue behaviors for various composite orthotropic properties for a wind turbine using a coupled FEM-BEM method
A Chehouri - 2013
Cited by 3 Related articles All 3 versions",2013,,https://constellation.uqac.ca/id/eprint/2653/1/M%C3%A9moire.pdf,,,,69,"Nonlinear Control, Engineering Optimization, Energy Management, Homogenization, Multidisciplinary Optimization.",Cited by 3,Rafic Younes,,,A Comparative Study of Static and Fatigue Behaviors for Various Composite Orthotropic Properties for a Wind Turbine Using a Coupled FEM-BEM Method,,,,https://scholar.google.com/citations?view_op=view_citation&hl=en&user=JyiFKagAAAAJ&cstart=100&pagesize=100&citation_for_view=JyiFKagAAAAJ:t6usbXjVLHcC,,GRIN,"Adam Chehouri, Rafic Younes","In the wind industry, the current trend is towards building larger and larger turbines. This presents additional structural challenges and requires blade materials that are both lighter and stiffer than the ones presently used. [1] This work is aimed to aid the work of designing new wind turbine blades by providing a comparative study of different composite materials. A coupled Finite-Element-Method (FEM) - Blade Element Momentum (BEM) code was used to simulate the aerodynamic forces subjected on the blade. The developed BEM code was written using LabView allowing an iterative numerical approach solver taking into the consideration the unsteady aerodynamic effects and off –design performance issues such as Tip Loss, Hub Loss and Turbulent Wake State therefore developing a more rational aerodynamic model. For this thesis, the finite element study was conducted on the Static Structural Workbench of ANSYS, as for the geometry of the blade it was imported from a previous study prepared by Cornell University [2]. Confirmation of the performance analysis of the chosen wind turbine blade are presented and discussed blade including the generated power, tip deflection, thrust and tangential force for a steady flow of 8m/s. The elastic and ultimate strength properties were provided by Hallal et al [3]. The Tsai-Hill and Hoffman failure criterions were both conducted to the resulting stresses and shears for each blade composite material structure to determine the presence of static rupture. A progressive fatigue damage model was conducted to simulate the fatigue behavior of laminated composite materials, an algorithm developed by …",Unclassified,0.0
,International Conference on Renewable Energies for Developing Countries,"A new multi-hybrid power sytem for grid-disconnected areas Wind—Diesel—Compressed Air Energy Storage*
B Tammam, I Adrian, Y Rafic, P Jean - … International Conference on Renewable Energies for …, 2012
Cited by 3 Related articles All 2 versions",2012/11,,,,,,1-8,"Nonlinear Control, Engineering Optimization, Energy Management, Homogenization, Multidisciplinary Optimization.",Cited by 3,Rafic Younes,,,A new multi-hybrid power sytem for grid-disconnected areas Wind - Diesel - Compressed Air Energy Storage,,,,https://scholar.google.com/citations?view_op=view_citation&hl=en&user=JyiFKagAAAAJ&cstart=100&pagesize=100&citation_for_view=JyiFKagAAAAJ:NhqRSupF_l8C,,REDEC2012,"Rafic Younes, Tammam Basbous, Adrian Ilinca, Jean Perron",,energy management,0.224
,,"Optimization of forging preforms by using Pseudo Inverse Approach
A Halouani, YM Li, B Abbès, YQ Guo, FJ Meng… - Key Engineering Materials, 2012
Cited by 3 Related articles All 2 versions",2012/4/4,504.0,,,,,613-618,"Nonlinear Control, Engineering Optimization, Energy Management, Homogenization, Multidisciplinary Optimization.",Cited by 3,Rafic Younes,,,Optimization of forging preforms by using Pseudo Inverse Approach,,Key Engineering Materials,,https://scholar.google.com/citations?view_op=view_citation&hl=en&user=JyiFKagAAAAJ&cstart=100&pagesize=100&citation_for_view=JyiFKagAAAAJ:XvxMoLDsR5gC,,Trans Tech Publications Ltd,"Ali Halouani, YM Li, Boussad Abbès, YQ Guo, FJ Meng, Carl Labergère, Pascal Lafon","A simplified method called “Pseudo Inverse Approach” (PIA) has been developed for axi-symmetrical cold forging modelling. The approach is based on the knowledge of the final part shape. Some intermediate configurations are introduced and corrected by using a free surface method to consider the deformation paths without classical contact treatment. A new direct algorithm of plasticity is developed using the notion of equivalent stress and the tensile curve, which leads to a very fast and robust plastic integration procedure. Numerical tests have shown that the Pseudo Inverse Approach is very fast compared to the incremental approach. In this paper, the PIA will be used in an optimization loop for the preliminary preform design in multi-stage forging processes. The optimization problem is to minimize the effective strain variation in the final part and the maximum forging force during the forging process. The …",multidisciplinary optimization,0.404
,2011 4th International Conference on Biomedical Engineering and Informatics (BMEI),"Comparative study of the optimization theory for cancer treatment
H Sbeity, R Younes, S Topsu, I Mougharbel - 2011 4th International Conference on Biomedical …, 2011
Cited by 3 Related articles All 3 versions",2011/10/15,2.0,https://www.academia.edu/download/42850684/Comparative_study_of_the_optimization_th20160219-24290-1jsyody.pdf,,,,927-933,"Nonlinear Control, Engineering Optimization, Energy Management, Homogenization, Multidisciplinary Optimization.",Cited by 3,Rafic Younes,,,Comparative study of the optimization theory for cancer treatment,,,,https://scholar.google.com/citations?view_op=view_citation&hl=en&user=JyiFKagAAAAJ&cstart=100&pagesize=100&citation_for_view=JyiFKagAAAAJ:k_IJM867U9cC,,IEEE,"Hode Sbeity, Rafic Younes, Suat Topsu, Imad Mougharbel","In order to assure hygiene safety for patients, optimal use of drugs is necessary for controlling the number of clinically observed tumor cells. Based on a mathematical model of drug therapy for cancer, and on an objective function, the optimal solution is reached. The model therapy is considered for an individual patient over a fixed time horizon. The disease dynamics are given by an ordinary differential equation that describes the evolution of cancer cells in time. An optimization theory is applied in order to minimize the number of cancer cells at the end of treatment. A comparative study is performed on different treatments profiles applied to different types of cancer. This study shows the usefulness of the suggested mathematical deterministic or hybrid model. It considers the treatment in terms of duration and drug dosage, the initial number of detected cancer cells and the objective function.",engineering optimization,0.205
,,"Numerical Simulation of Solar Absorption Machine
S Fayad, R Younes, S Abboudi - Energy procedia, 2011
Cited by 3 Related articles All 7 versions",2011/1/1,6.0,https://www.sciencedirect.com/science/article/pii/S1876610211014263/pdf?md5=fcaa5d99b2988ac6d9fee0b5df94032e&pid=1-s2.0-S1876610211014263-main.pdf,,,,130-135,"Nonlinear Control, Engineering Optimization, Energy Management, Homogenization, Multidisciplinary Optimization.",Cited by 3,Rafic Younes,,,Numerical Simulation of Solar Absorption Machine,,Energy procedia,,https://scholar.google.com/citations?view_op=view_citation&hl=en&user=JyiFKagAAAAJ&cstart=100&pagesize=100&citation_for_view=JyiFKagAAAAJ:r0BpntZqJG4C,,Elsevier,"Sahar Fayad, Rafic Younes, Said Abboudi","An analytical study is to performed on solar energy utilization in space cooling using a solar lithium bromide absorption system. The introduction presents the importance, the availability and the applications of solar energy, followed by a description for solar absorption machine [1,2]. Matlab numerical simulation of this system illustrates the change of the temperatures in the main parts starting from the collector since the temperatures change with the variation of the heat flux density provided from the sun. The temperature changes only in the part of heat exchanger collector and the idle heat exchanger where as in all other part. An electric source is required to ensure the necessary heat that when the solar heat flux does not supply the total air conditioning load. Finally the paper is concluded by studying the variation of solar flux in three cities, the collector length and the auxiliary source required in each city.",energy management,0.204
,,"Potentiel des systèmes hybrides de type éolien-diesel-air comprimé pour l’électrification des sites isolés
H Ibrahim, A Ilinca, R Younes, M Dimitrova, C Arbez… - 1ère Conférence Franco-Syrienne sur les énergies …, 2010
Cited by 3 Related articles All 3 versions",2010/10,,https://www.researchgate.net/profile/Rafic-Younes/publication/260183092_Potentiel_des_systemes_hybrides_de_type_eolien_diesel_air_comprime_pour_l'electrification_des_sites_isolees/links/00b4951b8a7751f6f4000000/Potentiel-des-systemes-hybrides-de-type-eolien-diesel-air-comprime-pour-lelectrification-des-sites-isolees.pdf,,,,,"Nonlinear Control, Engineering Optimization, Energy Management, Homogenization, Multidisciplinary Optimization.",Cited by 3,Rafic Younes,,,Potentiel des systèmes hybrides de type éolien-diesel-air comprimé pour l’électrification des sites isolés,,1ère Conférence Franco-Syrienne sur les énergies renouvelables,,https://scholar.google.com/citations?view_op=view_citation&hl=en&user=JyiFKagAAAAJ&cstart=100&pagesize=100&citation_for_view=JyiFKagAAAAJ:738O_yMBCRsC,,,"Hussein Ibrahim, Adrian Ilinca, Rafic Younes, Mariya Dimitrova, Cédric Arbez, Mattewu Adegnon, Daniel Boulay","L’optimisation des systèmes hybrides éolien-diesel pour l’électrification des régions isolées (Alaska, Zones rurales, Îles, Nord Canadien, Mines, bases scientifiques et militaires,…) n’a été abordée dans la littérature que d’une manière timide. En effet, l’utilisation du jumelage éolien-diesel (JED) dans ces réseaux autonomes pourrait réduire les déficits d’exploitation mais il est sujet à des problèmes techniques complexes dont les solutions sont très coûteuses, ce qui fait qu’un seul projet de ce type, sans aucun stockage, est actuellement opérationnel en Alaska. Ainsi, la rentabilité du JED est atteinte à la condition d’obtenir un taux de pénétration élevé de l’énergie éolienne (TPE) ce qui est possible uniquement en utilisant des systèmes de stockage. L’utilisation de l’air comprimé comme agent de stockage d’énergie s’ adapte parfaitement autant à la production éolienne qu’aux systèmes diesel. L’air comprimé stocké dans les réservoirs durant les périodes de surplus de production éolienne (forts vents) serait injecté dans les génératrices diesel pour des applications à moyenne échelle (villages, îles,…) ou bien dans des moteurs à air comprimé pour des applications à petite échelle (stations de télécommunication, postes de frontières,…) et ceci durant les périodes de faible production éolienne (vents faibles ou nuls). Ces systèmes hybrides agiraient en temps réel afin de maintenir optimalement l’équilibre entre la puissance générée et consommée en réalisant une diminution remarquable de la consommation en carburant quel que soit le niveau de la puissance appelée.
Dans cet article les problématiques de l’électrification des sites isolés et le …",Unclassified,0.0
,,"Approches et Démarches pour l’Optimisation en Mécanique non linéaire
R Younes - 2007
Cited by 3 Related articles All 3 versions",2007/12/20,,https://theses.hal.science/tel-01582360/document,,,,,"Nonlinear Control, Engineering Optimization, Energy Management, Homogenization, Multidisciplinary Optimization.",Cited by 3,Rafic Younes,,,Approches et demarches pour l’optimisation en mécanique non linéaire,Université de Versailles Saint Quentin en Yvelines,,,https://scholar.google.com/citations?view_op=view_citation&hl=en&user=JyiFKagAAAAJ&cstart=100&pagesize=100&citation_for_view=JyiFKagAAAAJ:BqipwSGYUEgC,,,Raic Younes,"Ce travail est le fruit de plusieurs années de recherche après ma thèse de doctorat. Il est centré sur l'optimisation non linéaire appliquée à plusieurs domaines en génie mécanique. Ce travail est regroupé en quatre chapitres et une synthèse finale avec perspectives. Le premier chapitre regroupe mon CV, mes activités de recherches, mes publications et encadrements, les activités d'enseignement, les responsabilités administratives, une synthèse de mon parcours scientifique ainsi qu'un rappel sur les outils les plus utilisés dans l'optimisation numérique. Le chapitre 2 est consacré à la modélisation et le contrôle optimal de la pollution dans le moteur Diesel. Elle présente les travaux réalisés dans le cadre de ma thèse de doctorat et leur extension. Ces travaux, en collaboration avec le LMFA de l'Ecole Centrale de Lyon m'ont permis d'utiliser des outils récents de modélisation (Réseaux de neurones) et d'optimisation (méthodes stochastiques) pour la génération des paramètres de contrôle lors d'un cycle d'essai donné. Le chapitre 3 traite la modélisation biomécanique du membre supérieur humain. On trouve l'optimisation dans le comportement du cerveau qui doit dépenser le moins d'énergie ou le moins d'efforts musculaires pour effectuer un geste quelconque. Ce travail est réalisé en collaboration avec le LISV de l'université de Versailles Saint Quentin en Yvelines. Le chapitre 4 constitue une initiation à l'optimisation des tissus composites 3D. Cette activité est assez prometteuse pour ce type des matériaux en évolution continue dans tous les domaines de transport terrestres ou aériens. Une collaboration avec ROBERVAL de l'Université de …",nonlinear control,0.2
,ASME Pressure Vessels and Piping Conference,"Numerical analysis of thermomechanical behavior of a multimaterial under thermal cycling conditions
B Taher, R Younes, S Abboudi - ASME Pressure Vessels and Piping Conference, 2006
Cited by 3 Related articles All 5 versions",2006/1/1,47578.0,https://citeseerx.ist.psu.edu/document?repid=rep1&type=pdf&doi=face1774a0118411b94678b376e6112bfd21cbb2,,,,289-296,"Nonlinear Control, Engineering Optimization, Energy Management, Homogenization, Multidisciplinary Optimization.",Cited by 3,Rafic Younes,,,Numerical analysis of thermomechanical behavior of a multimaterial under thermal cycling conditions,,,,https://scholar.google.com/citations?view_op=view_citation&hl=en&user=JyiFKagAAAAJ&cstart=100&pagesize=100&citation_for_view=JyiFKagAAAAJ:bFI3QPDXJZMC,,,"Bilal Taher, Rafic Younes, Said Abboudi","The increasing need of structures having multiple functions orientates designers to combine materials in order to obtain, according to coupling scales, multi-materials structures. The lifetime of these structures represents the essential decisive element for study offices and manufacturers. The results of this work should add to the set of functional charges and constraints of resistance, the improvement of the lifetime as an objective to optimize a multi-material. In this study, we propose a numerical analysis by the finite elements method of the thermo mechanical behavior of these materials and their damage under thermal cyclic solicitations. The sample is a two-dimensional plate constituted of two different isotropic layers (steel, aluminum) submitted to variable thermal conditions (heat flux condition on one side and convection exchange condition on the opposite side). The sample is supposed to be fixed in one direction …",multidisciplinary optimization,0.4
,,"Initiation sur MatLab
R Younes - Téléchargeable sur: http://www. ryounes. net/cours …, 2005
Cited by 3 Related articles All 4 versions",2005,,http://www.mcours.net/cours/pdf/info/Initiation_sur_MatLab.pdf,,,,,"Nonlinear Control, Engineering Optimization, Energy Management, Homogenization, Multidisciplinary Optimization.",Cited by 3,Rafic Younes,,,Initiation sur MatLab,,Téléchargeable sur: http://www. ryounes. net/cours/Initiation. pdf,,https://scholar.google.com/citations?view_op=view_citation&hl=en&user=JyiFKagAAAAJ&cstart=100&pagesize=100&citation_for_view=JyiFKagAAAAJ:vbGhcppDl1QC,,,Rafic Younes,1.1 Démarrage d’une session MatLab 1.2 Type des fichiers. Compatibilité entre DOS et Unix. Edition 1.3 Documentation. Aide en ligne 1.4 Information sur l’espace de travail 1.5 Coopération de MatLab avec des logiciels externes,Unclassified,0.0
,,"Modelisation de la houle au port de Beyrouth
W Zaki, T Basbous, R Younes, S Raad - Université Libanais, Faculté de Génie, Beyrouth Liban …, 2003
Cited by 3 Related articles",2003,,https://www.researchgate.net/profile/Rafic-Younes/publication/319523413_MODELISATION_DE_LA_HOULE_AU_PORT_DE_BEYROUTH/links/59b083ef0f7e9b374346676c/MODELISATION-DE-LA-HOULE-AU-PORT-DE-BEYROUTH.pdf,,,,,"Nonlinear Control, Engineering Optimization, Energy Management, Homogenization, Multidisciplinary Optimization.",Cited by 3,Rafic Younes,,,Modelisation de la houle au port de Beyrouth,,"Université Libanais, Faculté de Génie, Beyrouth Liban. Disponible à l’ad esse: sites. google. com/site/waelzaki/cimna2k3-houle. pdf",,https://scholar.google.com/citations?view_op=view_citation&hl=en&user=JyiFKagAAAAJ&cstart=100&pagesize=100&citation_for_view=JyiFKagAAAAJ:eMMeJKvmdy0C,,,"W Zaki, T Basbous, R Younes, S Raad",Le but de cette étude est d’établir un modèle mathématique qui décrit la propagation des vagues dans les bassins du Port de Beyrouth.,Unclassified,0.0
,,"State affine model of gaseous emissions of a diesel engine in transient conditions
A Liazid, JC Champoussin, R Younes - Entropie;(France), 1994
Cited by 2 Related articles
Modèle à état-affine en temps discret des émissions gazeuses d'un diesel suralimenté*
A Liazid, JC CHAMPOUSSIN, R Younes - Entropie (Paris), 1994
Cited by 1 Related articles All 2 versions",1994,30.0,,,,,3-12,"Nonlinear Control, Engineering Optimization, Energy Management, Homogenization, Multidisciplinary Optimization.",Cited by 3,Rafic Younes,,,State affine model of gaseous emissions of a diesel engine in transient conditions,,Entropie,,https://scholar.google.com/citations?view_op=view_citation&hl=en&user=JyiFKagAAAAJ&cstart=100&pagesize=100&citation_for_view=JyiFKagAAAAJ:3fE2CSJIrl8C,182,"Paris: Editions Bartheye & Co., 1965-2002.","A Liazid, JC Champoussin, R Younes","The control of emissions created by internal combustion engine, requires a model which represents its behaviour in transient conditions, the highest polluting. Meanwhile, turbocharged Diesel engine is a complex energetical system where various kinds of processes: mechanical, thermodynamical, chemical...appear and interact. To avoid the physico-chemical complexity, we build in this paper a model of transient measurables gaseous emissions (HC and smoke opacity) in vectorial state space. The proposed technique uses previous results concerning non-linear discrete-time systems approximation with affine state systems. After model identification, practical simulations are presented. This study constitutes an original application of affine state systems to diesel engine. It shows that this representation leads to a valid model in a large zone of engine functioning conditions. 15 refs., 14 figs.",nonlinear control,0.404
,,"Modélisation du moteur diesel suralimenté en vue de sa commande optimale
R Younes, JC Champoussin, A Liazid - Entropie (Paris), 1993
Cited by 2 Related articles All 2 versions
Modeling of turbocharged diesel engine for optimal control*
R Younes, JC Champoussin, A Liazid - Entropie;(France), 1993
Cited by 1 Related articles",1993,29.0,,,,,31-42,"Nonlinear Control, Engineering Optimization, Energy Management, Homogenization, Multidisciplinary Optimization.",Cited by 3,Rafic Younes,,,Modélisation du moteur Diesel suralimenté en vue de sa commande optimale,,Entropie,,https://scholar.google.com/citations?view_op=view_citation&hl=en&user=JyiFKagAAAAJ&cstart=100&pagesize=100&citation_for_view=JyiFKagAAAAJ:YsMSGLbcyi4C,174-75,Entropie,"R Younes, JC Champoussin, A Liazid","Modélisation du moteur diesel suralimenté en vue de sa commande optimale CNRS Inist Pascal-Francis CNRS Pascal and Francis Bibliographic Databases Simple search Advanced search Search by classification Search by vocabulary My Account Home > Search results Help Export Export Selection : Selected items (1) Format : Permanent link CopyPermanent link Copy http://pascal-francis.inist.fr/vibad/index.php?action=getRecordDetail&idt=4851329 Modélisation du moteur diesel suralimenté en vue de sa commande optimale Other title Modeling of turbocharded diesel engine for optimal control (en) Author YOUNES, R; CHAMPOUSSIN, J. C; LIAZID, A Ecole cent. Lyon, lab. machines thermiques, 69131 Ecully, France Issue title Moteurs alternatifs à combustion interne Source Entropie (Paris). 1993, Vol 29, Num 174-75, pp 31-42 ; ref : 38 ref CODEN ENTPA5 ISSN 0013-9084 Scientific domain Energy; Chemical …",engineering optimization,0.4
,,"Challenges and Solutions for Engineering Applications on Smartphones
A Khoury, MA Kaddaha, M Saade, R Younes, R Outbib… - Software, 2023
Cited by 2 Related articles All 6 versions",2023/9,2.0,https://www.mdpi.com/2674-113X/2/3/17?trk=public_post_main-feed-card-text,,,,350-376,"Nonlinear Control, Engineering Optimization, Energy Management, Homogenization, Multidisciplinary Optimization.",Cited by 2,Rafic Younes,,,Challenges and Solutions for Engineering Applications on Smartphones,,Software,,https://scholar.google.com/citations?view_op=view_citation&hl=en&user=JyiFKagAAAAJ&cstart=100&pagesize=100&citation_for_view=JyiFKagAAAAJ:QYdC8u9Cj1oC,3,Multidisciplinary Digital Publishing Institute,"Anthony Khoury, Mohamad Abbas Kaddaha, Maya Saade, Rafic Younes, Rachid Outbib, Pascal Lafon","This paper starts by presenting the concept of a mobile application. A literature review is conducted, which shows that there is still a certain lack with regard to smartphone applications in the domain of engineering as independent simulation applications and not only as extensions of smartphone tools. The challenges behind this lack are then discussed. Subsequently, three case studies of engineering applications for both smartphones and the internet are presented, alongside their solutions to the challenges presented. The first case study concerns an engineering application for systems control. The second case study focuses on an engineering application for composite materials. The third case study focuses on the finite element method and structure generation. The solutions to the presented challenges are then described through their implementation in the applications. The three case studies show a new system of thought concerning the development of engineering smartphone applications.",nonlinear control,0.205
,,"Food quality monitoring using hyperspectral data*
N Abdallah - 2020
Cited by 2 Related articles All 2 versions",2020/3,,,,,,,"Nonlinear Control, Engineering Optimization, Energy Management, Homogenization, Multidisciplinary Optimization.",Cited by 2,Rafic Younes,,,FOOD QUALITY MONITORING USING HYPERSPECTRAL DATA,,,,https://scholar.google.com/citations?view_op=view_citation&hl=en&user=JyiFKagAAAAJ&cstart=100&pagesize=100&citation_for_view=JyiFKagAAAAJ:edDO8Oi4QzsC,,,"Tiziano Bianchi, Nabih Abdallah, Rafic Younes, Ihab Makki",,Unclassified,0.0
,,"Study of uncertainties and objective function modeling effects on probabilistic optimization results
O Braydi, P Lafon, R Younes - ASCE-ASME Journal of Risk and Uncertainty in …, 2019
Cited by 2 Related articles All 5 versions",2019/12/1,5.0,https://www.researchgate.net/profile/Oussama-Braydi/publication/334113505_Study_of_Uncertainties_and_Objective_Function_Modeling_Effects_on_Probabilistic_Optimization_Results/links/5d19c63da6fdcc2462b4a6ba/Study-of-Uncertainties-and-Objective-Function-Modeling-Effects-on-Probabilistic-Optimization-Results.pdf,,,,041009,"Nonlinear Control, Engineering Optimization, Energy Management, Homogenization, Multidisciplinary Optimization.",Cited by 2,Rafic Younes,,,Study of uncertainties and objective function modeling effects on probabilistic optimization results,,"ASCE-ASME Journal of Risk and Uncertainty in Engineering Systems, Part B: Mechanical Engineering",,https://scholar.google.com/citations?view_op=view_citation&hl=en&user=JyiFKagAAAAJ&cstart=100&pagesize=100&citation_for_view=JyiFKagAAAAJ:i2xiXl-TujoC,4,American Society of Mechanical Engineers,"Oussama Braydi, Pascal Lafon, Rafic Younes","In this work, we study the effect of uncertainties modeling and the choice of objective function on the results of optimization design problems in deterministic and probabilistic contexts. Uncertainties modeling are studied in two cases identified in the literature. The results show how the choice of two different objective functions, which lead to the same results in deterministic case, may lead to opposite results in probabilistic case. Also, the results show how the uncertainties modeling type can affect the antagonism between mean and standard deviation in the reliability-based robust design optimization (RBRDO) problems. Three mechanical applications chosen from the literature are used to illustrate these cases.",engineering optimization,0.206
,,"New approach for gas identification using supervised learning methods (SVM and LVQ)
A Harakeh, S Mellah, M Ouladsine, R Younes, C Bellet - MATEC Web of Conferences, 2019
Cited by 2 Related articles All 4 versions",2019,261.0,https://www.matec-conferences.org/articles/matecconf/pdf/2019/10/matecconf_cifma2019_06004.pdf,,,,06004,"Nonlinear Control, Engineering Optimization, Energy Management, Homogenization, Multidisciplinary Optimization.",Cited by 2,Rafic Younes,,,New approach for gas identification using supervised learning methods (SVM and LVQ),,MATEC Web of Conferences,,https://scholar.google.com/citations?view_op=view_citation&hl=en&user=JyiFKagAAAAJ&cstart=100&pagesize=100&citation_for_view=JyiFKagAAAAJ:b1wdh0AR-JQC,,EDP Sciences,"Aref Harakeh, Samia Mellah, Mustapha Ouladsine, Rafic Younes, Catherine Bellet","This article proposes a new approach for gas identification, this approach relies on applying supervised learning methods to identify a single gas as well as a mixture of two gases. The gas is trapped in a gas discharge tube, it is then ionized at a relatively low pressure using an HV transformer. The images captured after the ionization of each single gas is then captured and transformed into a database after being treated in order to be classified. The obtained results were very satisfying for SVM as well as for LVQ. For the case of identification of a single gas, the learning rate as well as the validation rate for both methods were 100%. However, for the case of mixture of two gases, a Multi-Layer Perceptron neural network was used to identify the gases, the learning rate as well as the validation rate were 98.59% and 98.77% respectively. The program developed on MATLAB takes the captured image as an input and …",multidisciplinary optimization,0.2
"Maintenance, safety, risk, management and life-cycle performance of bridges",,"Use of stochastic optimization in the analysis of weigh-in-motion data
FEH Chehade, R Younes, H Mroueh, FH Chehade - Maintenance, safety, risk, management and life-cycle …, 2018
Cited by 2 Related articles",2018/7/4,,,,,,2581-2586,"Nonlinear Control, Engineering Optimization, Energy Management, Homogenization, Multidisciplinary Optimization.",Cited by 2,Rafic Younes,,,Use of stochastic optimization in the analysis of weigh-in-motion data,,,,https://scholar.google.com/citations?view_op=view_citation&hl=en&user=JyiFKagAAAAJ&cstart=100&pagesize=100&citation_for_view=JyiFKagAAAAJ:86PQX7AUzd4C,,CRC Press,"F El Hajj Chehade, R Younes, H Mroueh, F Hage Chehade","The calibration of traffic simulation models for bridge design or assessment is normally based on weigh-in-motion or WIM data, this implies the estimation of a large number of parameters related to load distribution and vehicle weights. In a similar stochastic problem, the use of genetic algorithm in the optimization process can greatly simplify the work by allowing the calculation of a very large number of parameters even with a small amount of data and conditions. This method is illustrated by an application example of genetic optimization to evaluate the correlation between the gross vehicle weight and its distribution on single vehicle axles.",engineering optimization,0.206
,,"Permeability Modeling of Engineering Textiles Used in Composite Materials
M Karaki - 2017
Cited by 2 Related articles",2017/12/14,,https://theses.hal.science/tel-01792810/file/M.karaki%20rapport%20de%20these%20V3%2018-3-2018.pdf,,,,,"Nonlinear Control, Engineering Optimization, Energy Management, Homogenization, Multidisciplinary Optimization.",Cited by 2,Rafic Younes,,,PERMEABILITY MODELING OF ENGINEERING TEXTILES USED IN COMPOSITE MATERIALS,Université de Technologie de Troyes,,,https://scholar.google.com/citations?view_op=view_citation&hl=en&user=JyiFKagAAAAJ&cstart=100&pagesize=100&citation_for_view=JyiFKagAAAAJ:LI9QrySNdTsC,,,"Mohamad Karaki, Rafic Younes","The thesis is divided into eight chapters, including the chapter of the introduction. The second chapter presents a review of methods for predicting permeability. In Chapter 3, an analytical, numerical and experimental comparative analysis of the microscopic permeability of unidirectional fiber strands is carried out. Chapters 4 and 5 show a description of the selected methodologies for plan and thickness measurements, and describe fabrics specifications and permeability measurements. Chapter 6 presents the analytical model predicting in-plane permeability for different NCF and 3D-orthogonal fabrics. Chapter 7 presents a Numerical permeability analysis for unidirectional fabrics, NCF and woven taffeta. Finally, Chapter 8 draws the conclusions of this work and traces future prospects.",engineering optimization,0.206
,,"Performance study of hybrid cooling systems for the utilization in buildings
F Kojok - 2016
Cited by 2 Related articles All 2 versions",2016/12/15,,https://hal.science/tel-01529502/file/these-KOJOK.pdf,,,,,"Nonlinear Control, Engineering Optimization, Energy Management, Homogenization, Multidisciplinary Optimization.",Cited by 2,Rafic Younes,,,Performance study of hybrid cooling systems for the utilization in buildings,Aix-Marseille University,,,https://scholar.google.com/citations?view_op=view_citation&hl=en&user=JyiFKagAAAAJ&cstart=100&pagesize=100&citation_for_view=JyiFKagAAAAJ:W5xh706n7nkC,,,"Farah Kojok, Rafic Younes","This thesis is a contribution towards the reduction of primary energy consumption and a better use of the renewable energy sources within the cooling system for building use. After a state of the art of the cooling machines for building use, a dynamic model for a solar absorption cooling system is developed and simulated. Then, an effectiveness factor (EF) for the comparison of solar absorption chiller suitability in different locations is defined. In the third chapter, the concept of hybrid cooling system -an efficient method contributing to the reduction of primary energy consumption- is presented. Hybrid cooling systems are categorized and reviewed, with the improvement achieved compared to standalone technologies. Then, a scheme for the selection of the best hybrid cooling system for given conditions is proposed. In the last part, an optimal sizing method that defines, in a specific region, a hybrid cooling energy system, economically feasible with maximum renewable energy share is presented. Thereby, the sizing method is performed taking into account the region where it will be used. For this purpose, a hybrid cooling system, used for a standard residential house, is designed. The system is modeled and simulated using a transient system simulation program, called Trnsys. Finally, the problem of sizing is studied for different case studies ; namely Marseilles-France and Beirut-Lebanon. The aim is to assess the proposed method according to diverse climatic conditions, component prices and electricity ccost.",energy management,0.203
,,"Optimisation de systèmes multi-physiques par une approche stochastique. Application au domaine de l'hydraulique de forte puissance
M El-Hajj - 2014
Cited by 2 Related articles All 4 versions",2014/9/8,,https://theses.hal.science/tel-01560677/file/THESE%20DE%20DOCTORAT%20VF%20-%20Marwa.pdf,,,,,"Nonlinear Control, Engineering Optimization, Energy Management, Homogenization, Multidisciplinary Optimization.",Cited by 2,Rafic Younes,,,Optimisation de systèmes multi-physiques par une approche stochastique - Application au domaine de l’hydraulique de forte puissance,Université de Versailles Saint Quentin en Yvelines,,,https://scholar.google.com/citations?view_op=view_citation&hl=en&user=JyiFKagAAAAJ&cstart=100&pagesize=100&citation_for_view=JyiFKagAAAAJ:VOx2b1Wkg3QC,,,"Marwa El-Hajj, Rafic Younes","Les travaux de recherche présentés dans ce mémoire œuvrent à définir une méthode stochastique heuristique structurée en deux niveaux pour recaler des modèles et optimiser des conceptions de systèmes mécatroniques, tels que les engins de forte puissance électro-hydromécaniques, et plus particulièrement les pelleteuses. Dans un premier temps nous avons proposé une méthode de recalage global de modèles de systèmes multi-physiques. Les objectifs de cette méthode sont de proposer une solution globale, plus précise, plus efficace, nécessitant le minimum de temps de calcul et ayant un coût de mise en œuvre le plus faible possible. Cette méthode s'appuie sur un modèle numérique, un logiciel de simulation et un algorithme stochastique heuristique basé sur le principe d’Algorithme Génétique. La deuxième partie de nos travaux de recherche a été consacrée à l'optimisation de systèmes multi-physique, et plus particulièrement à l'optimisation de système de récupérations d'énergie. Nous avons présenté une bibliographique détaillée des solutions technologiques pouvant réduire la consommation énergétique des systèmes hydrauliques dont nous avons proposé une classification. Dans la suite, nous avons proposé une méthode pour calibrer les paramètres des systèmes de récupération de façon optimale. Afin de démontrer la pertinence de la méthode, nous l'avons appliqué à une solution de récupération d’énergie potentielle. Ainsi, nous avons démontré que notre méthode permet l’identification précise des paramètres inconnus des systèmes de récupération en garantissant le minimum de consommation énergétique tout et en …",engineering optimization,0.4
,,"Calibration of the Parameters of a Model of an Engineering System Using the Global Optimization Method
M Elhajj, R Younes, S Charles, E Padiolleau - … Journal of Applied Evolutionary Computation (IJAEC), 2014
Cited by 2 Related articles All 8 versions",2014/7/1,5.0,https://www.researchgate.net/profile/Rafic-Younes/publication/270757478_Calibration_of_the_Parameters_of_a_Model_of_an_Engineering_System_Using_the_Global_Optimization_Method/links/54d513c30cf246475806e49a/Calibration-of-the-Parameters-of-a-Model-of-an-Engineering-System-Using-the-Global-Optimization-Method.pdf,,,,14-41,"Nonlinear Control, Engineering Optimization, Energy Management, Homogenization, Multidisciplinary Optimization.",Cited by 2,Rafic Younes,,,Calibration of the Parameters of a Model of an Engineering System Using the Global Optimization Method,,International Journal of Applied Evolutionary Computation (IJAEC),,https://scholar.google.com/citations?view_op=view_citation&hl=en&user=JyiFKagAAAAJ&cstart=100&pagesize=100&citation_for_view=JyiFKagAAAAJ:XiSMed-E-HIC,3,IGI Global,"Marwa Elhajj, Rafic Younes, Sebastien Charles, Eric Padiolleau","The calibration of the model is one of the most important steps in the development of models of engineering systems. A new approach is presented in this study to calibrate a complex multi-domain system. This approach respects the real characteristics of the circuit, the accuracy of the results, and minimizes the cost of the experimental phase. This paper proposes a complete method, the Global Optimization Method for Parameter Calibration (GOMPC). This method uses an optimization technique coupled with the simulated model on simulation software. In this paper, two optimization techniques, the Genetic Algorithm (GA) and the two-level Genetic Algorithm, are applied and then compared on two case studies: a theoretical and a real hydro-electromechanical circuit. In order to optimize the number of measured outputs, a sensitivity analysis is used to identify the objective function (OBJ) of the two studied …",engineering optimization,0.409
,,"Optimisation sur un modèle de comportement pour la thérapie en oncologie
H Sbeity - 2013
Cited by 2 Related articles",2013/9/30,,,,,,,"Nonlinear Control, Engineering Optimization, Energy Management, Homogenization, Multidisciplinary Optimization.",Cited by 2,Rafic Younes,,,Optimisation sur un modèle de comportement pour la thérapie en oncologie,Université de Versailles Saint –Quentin-en-Yvelines,,,https://scholar.google.com/citations?view_op=view_citation&hl=en&user=JyiFKagAAAAJ&cstart=100&pagesize=100&citation_for_view=JyiFKagAAAAJ:LPZeul_q3PIC,,,"Hoda Sbeity, Rafic Younes","Chez les êtres humains, les tumeurs solides, sont causées par une séquence d'anomalies génétiques qui surviennent dans les cellules normales et précancéreuses. La compréhension de ces séquences est importante pour améliorer les traitements du cancer, qui peuvent être par chimiothérapie, radiothérapie ou par chirurgie. Au cours des 15 dernières années, les biologistes et les généticiens moléculaires ont découvert certains des mécanismes les plus fondamentaux par lesquels les cellules souches normales dans certains tissus se transforment en tumeurs cancéreuses. Cette connaissance biologique sert de base pour différents modèles cancérogenèses. Ces théories biologiques peuvent ensuite être transformées en modèles mathématiques, soutenues par des méthodes d'analyse des données statistiques. Les modèles mathématiques permettent de tester quantitativement les nouvelles découvertes biologiques par rapport aux données humaines, en aidant les chercheurs à développer des stratégies efficaces de diagnostic, de contrôle, curatifs et préventifs contre le cancer. Ces modèles appartiennent à des catégories différentes, y compris les modèles déterministe, spatiaux-temporelles, compartimentaux et stochastiques. Dans cette thèse, on a résumé les modèles mathématiques utilisés i) dans les modèles déterministes, pour décrire l'évolution des cellules cancéreuses, et ii) pour l'administration de médicaments en chimiothérapie. Toutefois, la chimiothérapie est un mode de traitement complexe qui nécessite un équilibre entre l'efficacité et les effets secondaires toxiques indésirables causés par les médicaments anticancéreux. En …",nonlinear control,0.2
,,"Similarity of dimensionality reduction methods applied on artificial hyperspectral images
J Khoder, R Younes, FB Ouezdou - Proceedings of the International Conference on Image …, 2012
Cited by 2 Related articles All 3 versions",2012,,http://world-comp.org/p2012/IPC7509.pdf,,,,1,"Nonlinear Control, Engineering Optimization, Energy Management, Homogenization, Multidisciplinary Optimization.",Cited by 2,Rafic Younes,,,Similarity of dimensionality reduction methods applied on artificial hyperspectral images,,"Proceedings of the International Conference on Image Processing, Computer Vision, and Pattern Recognition (IPCV)",,https://scholar.google.com/citations?view_op=view_citation&hl=en&user=JyiFKagAAAAJ&cstart=100&pagesize=100&citation_for_view=JyiFKagAAAAJ:rO6llkc54NcC,,"The Steering Committee of The World Congress in Computer Science, Computer Engineering and Applied Computing (WorldComp)","J Khoder, R Younes, F Ben Ouezdou","Dimensionality reduction is a big challenge in many areas. In this research we address the problem of highdimensional hyperspectral images in which we are aiming to preserve its information quality. This paper introduces a study similarity of the non parametric and unsupervised methods of projection and of bands selection used in dimensionality reduction of different noise levels determined with different numbers of data points. The quality criteria based on the norm and correlation is employed obtaining a good preservation of these hyperspectral image's vectors in the reduced dimensions. The added value of these criteria can be illustrated in the evaluation of the reduction's performance, when considering the similarity of two categories of bands selection methods and projection methods. A classification of the methods of projection and bands selection is ranked of three categories (good, average and bad) presenting the performances of the application in comparison with the similarity criterion observed..",Unclassified,0.0
,,"Pneumatic hybridization of diesel engine in a hybrid wind-diesel installation with compressed air energy storage
T Basbous, R Younès, A Ilinca, J Perron - 2010
Cited by 2 Related articles All 3 versions",2010,,,,,,,"Nonlinear Control, Engineering Optimization, Energy Management, Homogenization, Multidisciplinary Optimization.",Cited by 2,Rafic Younes,,,Pneumatic hybridization of diesel engine in a hybrid wind-diesel installation with compressed air energy storage,,,,https://scholar.google.com/citations?view_op=view_citation&hl=en&user=JyiFKagAAAAJ&cstart=100&pagesize=100&citation_for_view=JyiFKagAAAAJ:eq2jaN3J8jMC,,,"Tammam Basbous, Rafic Younès, Adrian Ilinca, Jean Perron","In this paper, we are studying an innovative solution to reduce fuel consumption for electricity production in remote areas. Historically, in these areas electricity is provided by Diesel generators. The cost of energy is therefore very high not only because of inherent cost of technology but also because of transportation costs. On the other hand, use of fossil fuels for electricity generation is a significant source of Greenhouse Gas emissions. The use of hybrid systems that combine renewable sources and diesel generators, allows reducing fuel consumption, improves the operation cost and creates therefore environmental benefits. Adding a storage element to the hybrid system above increases fuel saving as it allows an increased penetration of the wind power in the overall system capacity. In a previous work, we demonstrated that Compressed Air Energy Storage (CAES) is a serious solution thanks to its low cost, high power density and reliability. Pneumatic Hybridization of the Diesel engine consists to introduce the CAES through the admission valve. We have proven that we can improve the combustion efficiency and therefore the fuel consumption by optimizing Air/Fuel ratio thanks to the CAES assistance. As a continuation of these previous analyses, we studied the effect of controlling the pressure at the inlet and the exhaust of the Diesel engine on the thermodynamic cycle and evaluated the potential on fuel consumption reduction.",engineering optimization,0.4
,3ieme Congres International Conception et Modelisation des Systemes Mecaniques CMSM.,"Modélisation du muscle IPMC avec intégration d’un moment fléchissant
R Younes, H Sbeity, H Jouni, M Atieh - CMSM, Tunisie, 2009
Cited by 2 Related articles",2009,,,,,,,"Nonlinear Control, Engineering Optimization, Energy Management, Homogenization, Multidisciplinary Optimization.",Cited by 2,Rafic Younes,,,Modelisation du muscle IPMC avec integration d'un moment fiechissant,,,,https://scholar.google.com/citations?view_op=view_citation&hl=en&user=JyiFKagAAAAJ&cstart=100&pagesize=100&citation_for_view=JyiFKagAAAAJ:2KloaMYe4IUC,,,"R Younes, H Sbeyti, H.J. Ouni, M Atieh",,Unclassified,0.0
,,"Étude de cas de l’électrifcation d’un village nordique par un système hybride éolien-diesel avec stockage d’air comprimé à moyenne échelle
M Elhajj - Projet de fin d'études. Faculté de Génie, Université …, 2009
Cited by 2 Related articles",2009,,,,,,,"Nonlinear Control, Engineering Optimization, Energy Management, Homogenization, Multidisciplinary Optimization.",Cited by 2,Rafic Younes,,,Etude de cas de l'électrification d'un village nordique par un système hybride éolien-diesel avec stokage d'air comprimé à moyenne échelle,Université de Québec à Rimouski,,,https://scholar.google.com/citations?view_op=view_citation&hl=en&user=JyiFKagAAAAJ&cstart=100&pagesize=100&citation_for_view=JyiFKagAAAAJ:WA5NYHcadZ8C,,,"Marwa ElHajj, Rafic Younes",,Unclassified,0.0
,,"Cours Matériaux composites
PR YOUNES - Master Mécanique 3M Beyrouth, 2008
Cited by 2 Related articles",2008,,,,,,,"Nonlinear Control, Engineering Optimization, Energy Management, Homogenization, Multidisciplinary Optimization.",Cited by 2,Rafic Younes,,,Cours Matériaux composites,,,,https://scholar.google.com/citations?view_op=view_citation&hl=en&user=JyiFKagAAAAJ&cstart=100&pagesize=100&citation_for_view=JyiFKagAAAAJ:HbR8gkJAVGIC,,Master Mécanique 3M Beyrouth,Rafic Younes,,Unclassified,0.0
,Congres International Francophone de Mécanique,"Analytical approach and experimental studies of 3D behavior textile composite with carbon reinforcement of the 2.5 D interlock type
C EL HAGE, Z ABOURA, R YOUNES… - Congres International Francophone de Mécanique …, 2006
Cited by 2 Related articles
Analytical approach and experimental studies of 3D behavior textile composite with carbon reinforcement of the interlock 2.5 D type*
C EL HAGE, Z ABOURA, R YOUNES… - Comptes rendus des JNC14, 2005
Cited by 1 Related articles All 2 versions",2006,,,,,,,"Nonlinear Control, Engineering Optimization, Energy Management, Homogenization, Multidisciplinary Optimization.",Cited by 2,Rafic Younes,,,Analytical approach and experimental studies of 3D behavior textile composite with carbon reinforcement of the 2.5 D interlock type,,,,https://scholar.google.com/citations?view_op=view_citation&hl=en&user=JyiFKagAAAAJ&cstart=100&pagesize=100&citation_for_view=JyiFKagAAAAJ:D03iK_w7-QYC,,,"C. EL HAGE, Z. AbOURA, R. YOUNES, BENZEGGAGH, M. M.L., ZOAETER",,Unclassified,0.0
,,"Prédiction du comportement élastque endommageable de matériaux composites à renfort orthogonal 3D
Z Aboura, C El Hage, R Younès, ML Benzeggagh… - 17ème Congrés Français de Mécanique. Troyes …, 2005
Cited by 2 Related articles",2005,,https://www.researchgate.net/profile/Rafic-Younes/publication/267790374_Prediction_du_comportement_elastique_endommageable_de_materiaux_composites_a_renfort_orthogonal_3D/links/54de531c0cf2953c22ae7e1e/Prediction-du-comportement-elastique-endommageable-de-materiaux-composites-a-renfort-orthogonal-3D.pdf,,,,,"Nonlinear Control, Engineering Optimization, Energy Management, Homogenization, Multidisciplinary Optimization.",Cited by 2,Rafic Younes,,,Prédiction du comportement élastque endommageable de matériaux composites à renfort orthogonal 3D,,"17ème Congrés Français de Mécanique. Troyes, septembre 2005",,https://scholar.google.com/citations?view_op=view_citation&hl=en&user=JyiFKagAAAAJ&cstart=100&pagesize=100&citation_for_view=JyiFKagAAAAJ:vV6vV6tmYwMC,,,"Zoheir Aboura, C El Hage, Rafik Younès, ML Benzeggagh, Mohammed Zoater","Cette étude concerne la prédiction du comportement élastique endommageable de matériaux composites à renfort orthogonal 3D carbone. Le modèle proposé est basé sur la technique d’homogénéisation après avoir déterminé les rigidités locales du VER. Deux types de VER font l’objet de cet article. Le premier nommé cellule unitaire est simplifié alors que le second nommé, cellule globle, prend en compte les détail de l’architecture du renfort. La modélisation du comportement élastique est étendue à la prédiction des premiers endommagements avec leur localisation suivie de la prédiction des propriétés ultimes. Une comparaison avec des résultats expérimentaux est effectuée.
Abstract:",Unclassified,0.0
,,"A Review on Multi-Objective Mixed-Integer Non-Linear Optimization Programming Methods
A Jaber, R Younes, P Lafon, J Khoder - Eng, 2024
Cited by 1 Related articles All 5 versions",2024/8/17,5.0,https://www.mdpi.com/2673-4117/5/3/104,,,,1961-1979,"Nonlinear Control, Engineering Optimization, Energy Management, Homogenization, Multidisciplinary Optimization.",Cited by 1,Rafic Younes,,,A Review on Multi-Objective Mixed-Integer Non-Linear Optimization Programming Methods,,Eng,,https://scholar.google.com/citations?view_op=view_citation&hl=en&user=JyiFKagAAAAJ&cstart=100&pagesize=100&citation_for_view=JyiFKagAAAAJ:ODE9OILHJdcC,3,MDPI,"Ahmad Jaber, Rafic Younes, Pascal Lafon, Jihan Khoder","This paper provides a recent overview of the exact, approximate, and hybrid optimization methods that handle Multi-Objective Mixed-Integer Non-Linear Programming (MO-MINLP) problems. Both the domains of exact and approximate research have experienced significant growth, driven by their shared goal of addressing a wide range of real-world problems. This work presents a comprehensive literature review that highlights the significant theoretical contributions in the field of hybrid approaches between these research areas. We also point out possible research gaps in the literature. Hence, the main research questions to be answered in this paper involve the following: (1) how to exactly or approximately solve a MO-MINLP problem? (2) What are the drawbacks of exact methods as well as approximate methods? (3) What are the research lines that are currently underway to enhance the performances of these methods? and (4) Where are the research gaps in this field? This work aims to provide enough descriptive information for newcomers in this area about the research that has been carried out and that is currently underway concerning exact, approximate, and hybrid methods used to solve MO-MINLP problems.",multidisciplinary optimization,0.404
,2023 IEEE 4th International Multidisciplinary Conference on Engineering Technology (IMCET),"Neural Network to predict Energy Efficiency for Space Heating in Residential Buildings
MM Naim, R Younes, HM Nahim - … IEEE 4th International Multidisciplinary Conference on …, 2023
Cited by 1 Related articles All 2 versions",2023/12/12,,https://www.researchgate.net/profile/Mohamad-Moussa-Naim/publication/376939145_Neural_Network_to_predict_Energy_Efficiency_for_Space_Heating_in_Residential_Buildings/links/669fac2c705af5364494c114/Neural-Network-to-predict-Energy-Efficiency-for-Space-Heating-in-Residential-Buildings.pdf,,,,85-90,"Nonlinear Control, Engineering Optimization, Energy Management, Homogenization, Multidisciplinary Optimization.",Cited by 1,Rafic Younes,,,Neural Network to predict Energy Efficiency for Space Heating in Residential Buildings,,,,https://scholar.google.com/citations?view_op=view_citation&hl=en&user=JyiFKagAAAAJ&cstart=100&pagesize=100&citation_for_view=JyiFKagAAAAJ:HIFyuExEbWQC,,IEEE,"Mohamad Moussa Naim, Rafic Younes, Hassan Moussa Nahim","The objective of this work is to develop a novel methodology for predicting space heating energy consumption in residential buildings using artificial neural networks in order to evaluate the energy efficiency of the building. Leveraging a dataset of 2268 simulations from ""DesignBuilder"" software, the ANN model was trained and optimized, achieving 99% accuracy on both training and testing. The proposed approach offers an efficient alternative for evaluating energy requirements, paving the way for sustainable energy management and informed decision-making. Future work aims to extend the model to predict other energy needs and develop user-friendly application on smartphones, and to optimize energy efficiency in buildings.",energy management,0.611
,2023 XIII International Conference on Virtual Campus (JICV),"Educational Applications on Smartphone for Virtual Laboratories in Engineering
A Khoury, R Younes, B Hoteit, S Abboudi, J Khoder… - 2023 XIII International Conference on Virtual Campus …, 2023
Cited by 1 Related articles",2023/9/25,,,,,,1-4,"Nonlinear Control, Engineering Optimization, Energy Management, Homogenization, Multidisciplinary Optimization.",Cited by 1,Rafic Younes,,,Educational Applications on Smartphone for Virtual Laboratories in Engineering,,,,https://scholar.google.com/citations?view_op=view_citation&hl=en&user=JyiFKagAAAAJ&cstart=100&pagesize=100&citation_for_view=JyiFKagAAAAJ:HtS1dXgVpQUC,,IEEE,"Anthony Khoury, Rafic Younes, Bilal Hoteit, Said Abboudi, Jihan Khoder, Rachid Outbib","This paper focuses on the transition of virtual lab to the smartphone platform. It presents an overview of the virtual lab work, and highlights the concept of virtual lab on smartphone. We discuss the advantages and disadvantages of the proposed approach. Afterwards, a set of challenges for the development of virtual labs is presented. Solutions for these challenges are then presented alongside their implementation in a developed virtual lab application. In particular, the virtual lab applications employed are concrete mix design, fluid friction test, machine learning lab, control simulation and permeability testing.",nonlinear control,0.206
,,"Use of Smart Technology for heating energy optimization in buildings: experimental and numerical developments for indoor temperature forecasting
N Attoue - 2019
Cited by 1 Related articles",2019/5/13,,,,,,,"Nonlinear Control, Engineering Optimization, Energy Management, Homogenization, Multidisciplinary Optimization.",Cited by 1,Rafic Younes,,,Use of Smart Technology for Heating Energy Optimization in Buildings: Experimental and Numerical Developments for Indoor Temperature Forecasting,Université de Lille & Université Libanaise,,,https://scholar.google.com/citations?view_op=view_citation&hl=en&user=JyiFKagAAAAJ&cstart=100&pagesize=100&citation_for_view=JyiFKagAAAAJ:9pM33mqn1YgC,,,"Nivine Attoue, Rafic Younes","L’inquiétude croissante concernant le futur des ressources énergétique a fait de l’optimisation énergétique une priorité dans tous les secteurs. De nombreux sujets de recherche se sont focalisés sur celui du bâtiment étant le principal consommateur d’énergie, en particulier à cause de ses besoins en chauffage. L’application des stratégies de contrôle et de gestion innovantes peuvent contribuer à des économies d'énergie. L'objectif de cette thèse est d'introduire le concept intelligent dans les bâtiments pour réduire la consommation d'énergie. L'étude vise à développer un modèle permettant de prédire le comportement thermique des bâtiments. La thèse propose une méthodologie basée sur la sélection des paramètres d'entrée pertinents, après une analyse de pertinence, pour développer un modèle simplifié de réseau de neurones artificiel, utilisé pour la prévision de température intérieure. Le domaine intelligent nécessite un processus automatisé pour comprendre la dynamique des bâtiments et décrire ses caractéristiques. L’utilisation des modèles thermiques réduits convient pour de telles stratégies. Ainsi, la thèse présente une étude préliminaire pour la génération d'un processus automatisé pour déterminer la prévision de température intérieure à court terme et les caractéristiques des bâtiments basées sur la modélisation en boîte grise. Cette étude est basée sur une méthodologie capable de trouver l'ensemble de données le plus fiable qui décrit le mieux la dynamique du bâtiment. L'étude montre que l'ordre le plus performant pour les modèles réduits est régi par la dynamique des données collectées utilisées.",engineering optimization,0.203
,,"Modèle biomécanique pour les muscles et les tendons de l'index humain
R Younès, S Fayyad, FB Ouezdou - Science, Biologie, Kinésologie, 2018
Cited by 1 Related articles All 2 versions",2018,,https://www.researchgate.net/profile/Rafic-Younes/publication/266051212_Modele_biomecanique_pour_les_muscles_et_les_tendons_de_l%27index_humain/links/54d0a9c20cf29ca811026d47/Modele-biomecanique-pour-les-muscles-et-les-tendons-de-lindex-humain.pdf,,,,1-7,"Nonlinear Control, Engineering Optimization, Energy Management, Homogenization, Multidisciplinary Optimization.",Cited by 1,Rafic Younes,,,Modèle biomécanique pour les muscles et les tendons de l'index humain,,"Science, Biologie, Kinésologie",,https://scholar.google.com/citations?view_op=view_citation&hl=en&user=JyiFKagAAAAJ&cstart=100&pagesize=100&citation_for_view=JyiFKagAAAAJ:ZeXyd9-uunAC,,,"Rafic Younès, Sahar Fayyad, Fethi Ben Ouezdou","Ce papier traite le développement d'un modèle biomécanique pour l'index humain. Le modèle adopté permet l'estimation des tensions dans les sept muscles et tendons du système étudié. Grâce à ce modèle, une meilleure compréhension du comportement biomécanique et neuromusculaire du système est visée. Cela permettra, dans le cadre de l'handicap, de disposer à terme d’un outil pour la simulation des actes de chirurgie réparatrice (transfert de tendon). Le papier permet de:-calculer les couples articulaires,-relier les forces musculaires aux couples articulaires.-estimer les forces résultantes, responsables d'un mouvement dynamique de l'index en employant une méthode d'optimisation statique non linéaire.",Unclassified,0.0
,CFM 2017-23ème Congrès Français de Mécanique,"Démarche globale d'optimisation en contexte probabiliste pour l'ingénierie mécanique
O Braydi, P Lafon, R Younes - CFM 2017-23ème Congrès Français de Mécanique, 2017
Cited by 1 Related articles All 6 versions",2017/8/28,,https://hal.science/hal-03464953v1/file/bitstream_124292.pdf,,,,,"Nonlinear Control, Engineering Optimization, Energy Management, Homogenization, Multidisciplinary Optimization.",Cited by 1,Rafic Younes,,,Démarche globale d'optimisation en contexte probabiliste pour l'ingénierie mécanique,,,,https://scholar.google.com/citations?view_op=view_citation&hl=en&user=JyiFKagAAAAJ&cstart=100&pagesize=100&citation_for_view=JyiFKagAAAAJ:z_wVstp3MssC,,"AFM, Maison de la Mécanique, 39/41 rue Louis Blanc-92400 Courbevoie","Oussama Braydi, Pascal Lafon, Rafic Younes","Dans ce projet de thèse, nous souhaitons développer une démarche globale d'optimisation en lien avec la nature particulière des problèmes à traiter, démarche intégrant les meilleures techniques numériques d'optimisation, de méta modélisation et de propagation des incertitudes. L'idée centrale de ce projet est de s'appuyer ces caractéristiques communes et d'injecter dans la technique d'optimisation des connaissances propres aux modèles physiques utilisés dans la formulation du problème. En effet, il est aujourd'hui admis, qu'aucun algorithme d'optimisation n'est meilleur en moyenne sur les tous les autres, indépendamment de la nature du problème traité. Par conséquent l'apport de connaissances liées à la physique du problème est un des éléments déterminants dans l'efficacité des techniques d'optimisation. Dans ce domaine de l'ingénierie, l'efficacité d'un algorithme doit être comprise comme la capacité à résoudre le problème d'optimisation et à produire une description aussi continue et régulière que possible, de l'ensemble des meilleurs compromis des solutions optimisées, le tout dans des temps de calculs raisonnables (entre quelques heures et quelques jours). La méthodologie qui sera développée repose sur trois phases principales. La première consiste en une synthèse des problèmes d'optimisation qui serviront de base de test. Il s'agira pour ces problèmes de les formuler ou de faire évoluer la formulation des problèmes existants. L'objectif étant de les plonger dans la même catégorie en y intégrant les caractéristiques nécessaires : prise en compte de l'incertitude pour certains et donc du caractère probabiliste associé …",Unclassified,0.0
,,"Improvement of Galton–Watson Branching Process (GWBP) for Mathematical Optimization of Cancer Treatment
H Sbeity, R Younes, I Mougharbel, S Topcu - APCBEE Procedia, 2013
Cited by 1 Related articles All 7 versions",2013/1/1,7.0,https://www.sciencedirect.com/science/article/pii/S2212670813001334/pdf?md5=195b5420b9fe809d7cbbb037468e1a20&pid=1-s2.0-S2212670813001334-main.pdf&_valck=1,,,,182-188,"Nonlinear Control, Engineering Optimization, Energy Management, Homogenization, Multidisciplinary Optimization.",Cited by 1,Rafic Younes,,,Improvement of Galton–Watson Branching Process (GWBP) for Mathematical Optimization of Cancer Treatment,,APCBEE Procedia,,https://scholar.google.com/citations?view_op=view_citation&hl=en&user=JyiFKagAAAAJ&cstart=100&pagesize=100&citation_for_view=JyiFKagAAAAJ:4OULZ7Gr8RgC,,No longer published by Elsevier,"Hoda Sbeity, Rafic Younes, Imad Mougharbel, Suat Topcu","Biologists have uncovered some of the most basic mechanisms by which normal cells develop into cancerous tumors. These biological theories can be transformed into adequate mathematical models. For this reason, we attempt to study the evolution of cancer cells using the GWBP. The purpose of this paper is to study how the genetic algorithm (GA) can be used to follow the evolution of cancer and find optimal chemotherapeutic treatments.The development of GWBP give us the evolution of number of cancer cells for any patient if the death rate will defined experimentally, according to this value we can simulate the suitable chemotherapy treatments which cause the death of cancer, then determine the minimum dosage treatment injected using the GA optimization method. Analysis of these results gives us the objective function, who gives us a minimum in terms of number of cancer cells, with maximum in terms of …",engineering optimization,0.204
,,"Analyse et modélisation de l'endommagement dû au couplage thermomécanique des multi-matériaux cylindriques
B Taher - 2012
Cited by 1 Related articles All 6 versions",2012/12/19,,https://theses.hal.science/tel-00977567/document,,,,,"Nonlinear Control, Engineering Optimization, Energy Management, Homogenization, Multidisciplinary Optimization.",Cited by 1,Rafic Younes,,,Analyse et modélisation de l'endommagement dû au couplage thermomécanique des multi-matériaux cylindriques,Université de Technologie de Belfort-Montbeliard,,,https://scholar.google.com/citations?view_op=view_citation&hl=en&user=JyiFKagAAAAJ&cstart=100&pagesize=100&citation_for_view=JyiFKagAAAAJ:8AbLer7MMksC,,,"Bilal Taher, Rafic Younes","Un grand nombre de systèmes thermomécaniques industriels se trouve confronté à des régimes transitoires plus ou moins rapides suivant la fréquence de fonctionnement. L'amélioration de leurs performances nécessite l'utilisation de nouvelles structures du type multimatériaux ou barrière thermique. En effet, ces matériaux peuvent être de type multicouche en associant plusieurs couches rangées de façon à améliorer le comportement mécanique et thermique d’un système ou alors constitués d’un substrat revêtu d’une succession de couches minces obtenues par projection thermique par exemple.Dans un système donné, ces matériaux subissent généralement des sollicitations cycliques qui peuvent être d’origine thermique et/ou mécanique. Il est donc nécessaire de mieux connaître leur comportement thermomécanique en régimes élastique et plastique. Ainsi, l'étude présentée dans ce travail, limitée ici à des conditions périodiques uniquement d’origine thermique, traite de l'évolution de l'endommagement d'un matériau sous une ou plusieurs formes de fatigue thermique.L'origine de la sollicitation imposée provient d'une condition de flux périodique (sous forme d’échelon, de triangle ou de sinus) prenant en compte les pertes par convection. Sur le plan mécanique, le matériau est supposé fixe sur l’une de ses deux extrémités et libre de se déformer sur l’autre. Les contraintes et les déformations mécaniques dans le matériau proviennent essentiellement des différences des coefficients de dilatation thermique et des gradients de température dans le matériau. La nature variable et transitoire du comportement thermique du matériau permet de …",nonlinear control,0.2
,The 7th IEEE Conference on Industrial Electronics and Applications,"Complete-model diesel-engine diagnosis using gain schedule-mu analysis and non-linear estimator
C Nohra, R Younes - 2012 7th IEEE Conference on Industrial Electronics …, 2012
Cited by 1 Related articles All 2 versions",2012/7,,https://www.researchgate.net/profile/Rafic-Younes/publication/237837518_Complete-Model_Diesel-Engine_Diagnosis_Using_Gain_Schedule-mu_Analysis_and_Non-linear_Estimator/links/0c96052893b8baafe7000000/Complete-Model-Diesel-Engine-Diagnosis-Using-Gain-Schedule-mu-Analysis-and-Non-linear-Estimator.pdf,,,,,"Nonlinear Control, Engineering Optimization, Energy Management, Homogenization, Multidisciplinary Optimization.",Cited by 1,Rafic Younes,,,Complete-Model Diesel-Engine Diagnosis Using Gain Schedule-mu Analysis and Non-linear Estimator,,,,https://scholar.google.com/citations?view_op=view_citation&hl=en&user=JyiFKagAAAAJ&cstart=100&pagesize=100&citation_for_view=JyiFKagAAAAJ:RYcK_YlVTxYC,,,"Chady Nohra, Rafic Younes","Three different fault-diagnosis system for a turbocharged diesel engine with variable-geometry turbocharger control, were proposed in this paper. Numerous and diversified actuator and/or sensors faults such as air-leakage in the admission collector, compressor malfunctioning, intake-valves fault, intercooler fault, deterioration in the turbine-compressor coupling, defect in the variable geometry of the turbine are identified and analyzed. Furthermore, a complete non-linear engine model with four state variables was adopted. The first proposed strategy consists in developing a Fault Detection and Isolation algorithm (FDI) based on the theory of Gain Schedule Control operated on a Takagi-Sugeno model of the diesel. The second proposed strategy based on the theory of μ analysis control, carried out on a linearization model LTI of the diesel. The third strategy adopted and implemented in the current work follows …",nonlinear control,0.404
,,"Applications of Nonlinear Control
M Altınay - 2012
Cited by 1 Related articles All 2 versions",2012/6/13,,,,,,,"Nonlinear Control, Engineering Optimization, Energy Management, Homogenization, Multidisciplinary Optimization.",Cited by 1,Rafic Younes,,,Applications of Nonlinear Control,,,,https://scholar.google.com/citations?view_op=view_citation&hl=en&user=JyiFKagAAAAJ&cstart=100&pagesize=100&citation_for_view=JyiFKagAAAAJ:a9-T7VOCCH8C,,BoD–Books on Demand,"M Altınay, editor","A trend of investigation of Nonlinear Control Systems has been present over the last few decades. As a result the methods for its analysis and design have improved rapidly. This book includes nonlinear design topics such as Feedback Linearization, Lyapunov Based Control, Adaptive Control, Optimal Control and Robust Control. All chapters discuss different applications that are basically independent of each other. The book will provide the reader with information on modern control techniques and results which cover a very wide application area. Each chapter attempts to demonstrate how one would apply these techniques to real-world systems through both simulations and experimental settings.",nonlinear control,0.61
,,"A STUDY OF THE THERMO-ELASTIC DAMAGE IN THE CYLINDER OF AN ENGINE*
B Taher, S Abboudi, R Younes - International Journal of Heat and Technology
Cited by 1 Related articles",2011/6,29.0,,,,,,"Nonlinear Control, Engineering Optimization, Energy Management, Homogenization, Multidisciplinary Optimization.",Cited by 1,Rafic Younes,,,A Study of the Thermo-elastic Damage in the Cylinder of an Engine,,International Journal of Heat and Technology,,https://scholar.google.com/citations?view_op=view_citation&hl=en&user=JyiFKagAAAAJ&cstart=100&pagesize=100&citation_for_view=JyiFKagAAAAJ:2P1L_qKh6hAC,1,Edizioni ETS,"Bilal Taher, Rafic Younes, Said Abboudi",,engineering optimization,0.2
,,"Electricity production in a nordic village with a wind-diesel-compressed air energy storage system
H Ibrahim - 2010
Cited by 1 Related articles",2010/7/1,,,,,,,"Nonlinear Control, Engineering Optimization, Energy Management, Homogenization, Multidisciplinary Optimization.",Cited by 1,Rafic Younes,,,Electricity production in a nordic village with a wind-diesel-compressed air energy storage system,,,,https://scholar.google.com/citations?view_op=view_citation&hl=en&user=JyiFKagAAAAJ&cstart=100&pagesize=100&citation_for_view=JyiFKagAAAAJ:g3aElNc5_aQC,,,H Ibrahim,"This PowerPoint presentation discussed a wind-diesel-compressed air energy storage system designed for use in remote communities that cannot, or are not yet linked with the electricity grid. Many remote communities rely on inefficient, high-polluting diesel generators that are expensive to run and require frequent maintenance. Many remote communities have high wind energy potential. However, energy storage systems are needed to negotiate with fluctuations in wind power and discrepancies between power supply and demand. The wind diesel hybrid system with compressed air storage (WDCAS) provided an option for the additional turbocharging of the diesel engine using stored, compressed air. Maximal efficiency was obtained for weak loads when the diesel engine was not supercharged by the stored compressed air. Additional turbocharging methods included the use of a turbine in series on the turbocharger axis; a 2-stage turbocharging method; a hyperbar turbocharging, an inlet upstream of compressor air; and direct entrance into the engine. A case study of a system installed in the village of Tuktoyaktuk was used to demonstrate the system. The average electrical load of the village was 851 kW. The study showed that the system saved an average of 848.8 tonnes of greenhouse gas (GHG) emissions along with fuel savings of 30 percent. Maintenance costs were reduced by approximately 50 percent. tabs., figs.",energy management,0.203
,,"Analysis of the Thermal Damage on Homogenized Multi-Materials under Thermo-Mechanical Behavior*
B TAHER, S Abboudi, R YOUNES - WSEAS Transactions on applied and theoretical …
Cited by 1 Related articles All 2 versions",2010/1,5.0,,,,,11-22,"Nonlinear Control, Engineering Optimization, Energy Management, Homogenization, Multidisciplinary Optimization.",Cited by 1,Rafic Younes,,,Analysis of the Thermal Damage on Homogenized Multi-Materials under Thermo-Mechanical Behavior,,WSEAS Transactions on applied and theoretical mechanics,,https://scholar.google.com/citations?view_op=view_citation&hl=en&user=JyiFKagAAAAJ&cstart=100&pagesize=100&citation_for_view=JyiFKagAAAAJ:Se3iqnhoufwC,1,,"BILAL TAHER, Said Abboudi, RAFIC YOUNES",,homogenization,0.4
,,"Towards an optimization problem for the design of ports
G EL CHAHAL, R YOUNES, P LAFON - MESM 2009–10th Middle Eastern Simulation …, 2009
Cited by 1 Related articles",2009,,,,,,79-83,"Nonlinear Control, Engineering Optimization, Energy Management, Homogenization, Multidisciplinary Optimization.",Cited by 1,Rafic Younes,,,Towards an optimization problem for the design of ports,,MESM 2009–10th Middle Eastern Simulation Multiconference,,https://scholar.google.com/citations?view_op=view_citation&hl=en&user=JyiFKagAAAAJ&cstart=100&pagesize=100&citation_for_view=JyiFKagAAAAJ:ZHo1McVdvXMC,,,"Ghassan EL CHAHAL, Rafic YOUNES, Pascal LAFON","A shape optimization problem has been developed for a detached breakwater used in port expansion projects. Most often, a detached breakwater seems to be an efficient solution for its several advantages. But, these marine structures are characterized by high costs due to the type of used equipments during construction. Therefore, an optimum shape of these breakwaters, to economize its cost, constitutes an advanced step in their design. The detached breakwater is parameterized by the coordinates of its extremity points and it is free to move in the computational domain. The optimization problem seeks to determine the optimum shape and location of this structure in consistent to the design constraints. These latter are expressed by a maximum allowable wave disturbance inside the port and a satisfactory clearance distance at the port entrance.",engineering optimization,0.205
,5ème Colloque International Conception et Production Intégrées,"Estimation du coefficient de transfert de chaleur sur une ailette cylindrique*
V Rouss, R Younes, S Abboudi - L'institut FEMTO-ST (Franche-Comté Electronique …, 2014
Cited by 1 Related articles",2007/10,,,,,,,"Nonlinear Control, Engineering Optimization, Energy Management, Homogenization, Multidisciplinary Optimization.",Cited by 1,Rafic Younes,,,Estimation du coefficient de transfert de chaleur sur une ailette cylindrique,,,,https://scholar.google.com/citations?view_op=view_citation&hl=en&user=JyiFKagAAAAJ&cstart=100&pagesize=100&citation_for_view=JyiFKagAAAAJ:qUcmZB5y_30C,,"CPI 2007, Maroc","Vicky Rouss, Rafic Younes, Said Abboudi",,Unclassified,0.0
,ASME International Mechanical Engineering Congress and Exposition,"Study of the Homogenization Technique in a Two-Layer Cylindrical Material
B Taher, S Abboudi, R Youness - ASME International Mechanical Engineering Congress …, 2007
Cited by 1 Related articles All 3 versions",2007/1/1,43025.0,https://citeseerx.ist.psu.edu/document?repid=rep1&type=pdf&doi=e9e723485bd8e42cd15ddf93e82266d4b7b5b1fb,,,,573-582,"Nonlinear Control, Engineering Optimization, Energy Management, Homogenization, Multidisciplinary Optimization.",Cited by 1,Rafic Younes,,,Study of the Homogenization Technique in a Two-Layer Cylindrical Material,,,,https://scholar.google.com/citations?view_op=view_citation&hl=en&user=JyiFKagAAAAJ&cstart=100&pagesize=100&citation_for_view=JyiFKagAAAAJ:MXK_kJrjxJIC,,,"Bilal Taher, Said Abboudi, Rafik Youness","The objective of this study is to analyze the thermo-mechanical behavior of a two-layer cylindrical material, subjected to variable thermal solicitations. The thermo-mechanical coupling is done by the consideration of the spatiotemporal variations of the temperature in the mechanical problem on one hand, and by means of the variations of the thermal and mechanical properties on the other hand. The study is led in two dimensions (r, z) on a cylindrical multi-material consisting of two layers subjected to a periodic or constant heat flux on one face, and to an exchange condition on the opposite face. Other faces are supposed to be insulated. We compare two approaches of the problem, the first one is a local approach based on a theoretical study of the thermal and mechanical fields (thermal transfer and constraints) and the second approach is based on the notion of equivalence of the thermo-physical properties of both …",homogenization,0.605
,4th WSEAS International Conference on Fluid Mechanics and Aerodynamics,"ANALYTICAL MODELLING AND SHAPE OPTIMIZATION OF A FLOATING BREAKWATER
G Elchahal, R Younes, P Lafon - 4th WSEAS International Conference on Fluid …, 2006
Cited by 1 Related articles All 6 versions",2006/8/21,,https://www.academia.edu/download/36002305/538-164.pdf,,,,,"Nonlinear Control, Engineering Optimization, Energy Management, Homogenization, Multidisciplinary Optimization.",Cited by 1,Rafic Younes,,,ANALYTICAL MODELLING AND SHAPE OPTIMIZATION OF A FLOATING BREAKWATER,,,,https://scholar.google.com/citations?view_op=view_citation&hl=en&user=JyiFKagAAAAJ&cstart=100&pagesize=100&citation_for_view=JyiFKagAAAAJ:KlAtU1dfN6UC,,,"Ghassan Elchahal, Rafic Younes, Pascal Lafon","Nowadays, modelling and computer simulation are used in structure design to reduce the use of experimental investigations and laboratory tests required in a real layout structure. Using the potential-flow theory, the hydrodynamic pressure deduced from sea wave’s propagation has been computed based on the non linear theory of Stocks. The extension to the floating breakwater behaviour due to such excitations is indicated in this paper. Analytical expressions for functional performance variables of wave reflection by vertical breakwater, and stress analysis of the floating breakwater have been obtained, yielding to the optimisation of its geometrical shape. These expressions have been numerically verified to demonstrate the capability of this analytical model.",engineering optimization,0.205
,,"Modelling Wave Induced Pressure on Breakwaters
G Elchahal, R Younes, P Lafon - Modelling and Simulation: 17 th IASTED International …, 2006
Cited by 1 Related articles All 4 versions",2006/5,,https://www.researchgate.net/profile/Rafic-Younes/publication/258858297_Modelling_Wave-Induced_Pressure_on_Breakwaters/links/0046352945bd001ecd000000/Modelling-Wave-Induced-Pressure-on-Breakwaters.pdf,,,,,"Nonlinear Control, Engineering Optimization, Energy Management, Homogenization, Multidisciplinary Optimization.",Cited by 1,Rafic Younes,,,Modelling Wave Induced Pressure on Breakwaters,,Modelling and Simulation: 17 th IASTED International Conference Proceedings,,https://scholar.google.com/citations?view_op=view_citation&hl=en&user=JyiFKagAAAAJ&cstart=100&pagesize=100&citation_for_view=JyiFKagAAAAJ:N5tVd3kTz84C,,,"Ghassan Elchahal, Rafic Younes, Pascal Lafon","Nowadays, modelling and computer simulation are used in structure design to reduce the use of experimental investigations and laboratory tests required in a real layout structure. Using the potential-flow theory, the hydrodynamic pressure deduced from sea wave’s propagation has been computed based on the non linear theory of Stocks. The extension to the vertical breakwater behaviour due to such excitations is indicated in this paper. Analytical expressions for functional performance variables of wave reflection by the vertical breakwater, and stress distribution inside the breakwater have been obtained. These expressions have been numerically verified to demonstrate the capability of this analytical model.",nonlinear control,0.2
,"Conférence Internationale SETIT'2005 Sciences Electroniques, Technologiques de l'Information et des Télécommunications","Identification des segments EMG par Data Mining et Statistiques
M Atieh, R Younes, M Khalil, N Matta, H Akdag - … '2005 Sciences Electroniques, Technologiques de l' …, 2005
Cited by 1 Related articles All 4 versions",2005,,https://www.researchgate.net/profile/Rafic-Younes/publication/228878412_Identification_des_segments_EMG_par_Data_Mining_et_Statistiques/links/00b4951b8a77485cb1000000/Identification-des-segments-EMG-par-Data-Mining-et-Statistiques.pdf,,,,104-104,"Nonlinear Control, Engineering Optimization, Energy Management, Homogenization, Multidisciplinary Optimization.",Cited by 1,Rafic Younes,,,Identification des segments EMG par Data Mining et Statistiques,,,,https://scholar.google.com/citations?view_op=view_citation&hl=en&user=JyiFKagAAAAJ&cstart=100&pagesize=100&citation_for_view=JyiFKagAAAAJ:5awf1xo2G04C,,,"Mirna Atieh, Rafic Younes, Mohamad Khalil, Nada Matta, Herman Akdag","The objective of this paper is to evaluate and detect muscular tiredness in natural activities, in particular, to select the most comfortable car seat. This work consists to identifying and to classify the EMG signal of the techniques from data mining and from the statistical techniques. We thus tried hybridization between some to lead to a better separation between the classes. The methods of clustering will be applied to some signals resulting from the experiments of discomfort of long duration on seats of different vehicles. These methods consist in separating segments EMG in two classes corresponding to the frequential variation from EMG signal.",Unclassified,0.0
,,"General New Geometrical Modelling for Composite Materials: Application for Knitted Composites
MA Kaddaha, R Younes, P Lafon - 2024
Related articles All 2 versions",2024,,https://www.preprints.org/frontend/manuscript/45b9e963bb717cab4cfbaff76fef2dc8/download_pub,,,,,"Nonlinear Control, Engineering Optimization, Energy Management, Homogenization, Multidisciplinary Optimization.",,Rafic Younes,,,General New Geometrical Modelling for Composite Materials: Application for Knitted Composites,,,,https://scholar.google.com/citations?view_op=view_citation&hl=en&user=JyiFKagAAAAJ&cstart=100&pagesize=100&citation_for_view=JyiFKagAAAAJ:yFnVuubrUp4C,,,"Mohamad Abbas Kaddaha, Rafic Younes, Pascal Lafon","This research paper introduces a novel analytical and geometrical modelling approach for calculating the stiffness matrix of knitted composites. Knitted composites have gained significant attention due to their unique mechanical properties and potential applications in various industries. This paper provides a comprehensive overview of knitted composites, encompassing different types, shapes, and categories. Furthermore, it explores various modelling techniques, including analytical, geometrical, and experimental models, to accurately predict the stiffness properties of knitted composites. A thorough literature review is conducted, and detailed explanations, case studies, and relevant citations are provided to support the claims made in this paper.",Unclassified,0.0
,2023 IEEE 11th International Conference on Systems and Control (ICSC),"New Identification Algorithm for Smartphone Simulation Use
A Khoury, R Outbib, R Younes - 2023 IEEE 11th International Conference on Systems …, 2023
Related articles",2023/12/18,,,,,,602-607,"Nonlinear Control, Engineering Optimization, Energy Management, Homogenization, Multidisciplinary Optimization.",,Rafic Younes,,,New Identification Algorithm for Smartphone Simulation Use,,,,https://scholar.google.com/citations?view_op=view_citation&hl=en&user=JyiFKagAAAAJ&cstart=100&pagesize=100&citation_for_view=JyiFKagAAAAJ:4vMrXwiscB8C,,IEEE,"Anthony Khoury, Rachid Outbib, Rafic Younes","This paper is dedicated to simulation in the smartphone environment. More precisely, this work is on the design of an improved identification algorithm based on the Feasible Generalized Least-Squares method. The goal is optimizing the identification algorithm to render it suitable for constrained environment in term of necessary computations. Several combinations of the proposed algorithm are considered and analyzed. Afterwards, the proposed approach is compared with other standard literature methods to highlight the performance of the established algorithm. Based on the comparison results and further studies, a generalized form of the proposed algorithm is introduced.",engineering optimization,0.2
,,"Existence of quasilinear elliptic equations with prescribed limiting behavior
H Ibrahim, R Younes - Asymptotic Analysis, 2023
Related articles All 2 versions",2023/9/1,134.0,,,,,553-574,"Nonlinear Control, Engineering Optimization, Energy Management, Homogenization, Multidisciplinary Optimization.",,Rafic Younes,,,Existence of quasilinear elliptic equations with prescribed limiting behavior,,Asymptotic Analysis,,https://scholar.google.com/citations?view_op=view_citation&hl=en&user=JyiFKagAAAAJ&cstart=100&pagesize=100&citation_for_view=JyiFKagAAAAJ:dBIO0h50nwkC,3-4,SAGE Publications,"H Ibrahim, R Younes","We consider quasilinear elliptic equations Δpu+f(u)=0 in the quarter-plane Ω, with zero Dirichlet data. For some general nonlinearities f, we prove the existence of a positive solution with a prescribed limiting profile. The question is motivated by the result in (Adv. Nonlinear Stud. 13(1) (2013) 115–136), where the authors establish that for solutions u(x1,x2) of the preceding Dirichlet problem, limx1→∞u(x1,x2)=V(x2), where V is a solution of the corresponding one-dimensional problem with V(+∞)=z and z is a root of f. Starting with such a profile V and a carefully selected z, the authors of this paper apply Perron’s method in order to prove the existence of a solution u with limiting profile V.
The work in this paper is similar in spirit to that in (Math. Methods Appl. Sci. 39(14) (2016) 4129–4138), where the authors compare the sub and the super solutions by using arguments based on the strong maximum principle for …",nonlinear control,0.204
,2023 XIII International Conference on Virtual Campus,"Mobile Learning for Engineering Education: Mobile Tools for Beam Analysis
S Maya, Y Rafic, L Pascal - 2023 XIII International Conference on Virtual Campus …, 2023
Related articles",2023,,,,,,1-6,"Nonlinear Control, Engineering Optimization, Energy Management, Homogenization, Multidisciplinary Optimization.",,Rafic Younes,,,Mobile Learning for Engineering Education: Mobile Tools for Beam Analysis,,,,https://scholar.google.com/citations?view_op=view_citation&hl=en&user=JyiFKagAAAAJ&cstart=100&pagesize=100&citation_for_view=JyiFKagAAAAJ:OcBU2YAGkTUC,,,"Maya Saade, Rafic Younes, Pascal Lafon","This paper examines how smartphones are revolutionizing education and introduces a smartphone app created specifically for engineering problem-solving and educational purposes. The first part of this paper discusses the overall influence of smartphones on engineering pedagogy, highlighting their potential to improve learning experiences through mobile technology. In the context of engineering education, this paper focuses on the development of a devoted mobile tools that serves as a powerful tool for engineering education and problem solving. The smartphone application focuses on beam calculations and serves as a comprehensive beam calculator tailored to engineering education. With a primary emphasis on beam analysis, this application empowers users to perform calculations for statically determinate beams, statically indeterminate beams, and beam buckling phenomena.",engineering optimization,0.206
,,"Optimisation des performances des éoliennes par un contrôle hybride sur les vibrations et le givre
A Awada - 2022
Related articles",2022/5,,https://semaphore.uqar.ca/id/eprint/2086/1/Ali_Awada_mai2022.pdf,,,,,"Nonlinear Control, Engineering Optimization, Energy Management, Homogenization, Multidisciplinary Optimization.",,Rafic Younes,,,Optimisation des Performances des Éoliennes par un Contrôle Hybride sur les Vibrations et le Givre,Université de Québec à Rimouski,,,https://scholar.google.com/citations?view_op=view_citation&hl=en&user=JyiFKagAAAAJ&cstart=100&pagesize=100&citation_for_view=JyiFKagAAAAJ:KbBQZpvPDL4C,,,"Ali Awada, Rafic Younes","Les énergies renouvelables ont attiré beaucoup d'attention dans les dernières décennies comme étant une solution verte pour pallier le problème du réchauffement climatique et ses effets catastrophiques sur toutes les espèces vivantes. Parmi ces énergies renouvelables, l'énergie éolienne a pu se démarquer dans les dernières années par des investissements et recherches visant à améliorer le coût et le rendement. Cependant, les conditions météorologiques, surtout dans le climat nordique comme le Canada, rendent difficile l'intégration de cette technologie. En effet, les conditions nordiques favorisent les vibrations des pales d'éoliennes et l'accumulation du givre sur la surface. Ces deux problèmes peuvent engendrer une perte d'efficacité importante de l'éolienne, des arrêts non planifiés, et même la destruction de la pale. Cette thèse présente une solution innovante pour optimiser les performances d'une éolienne dans les conditions météorologiques favorisant l'accumulation du givre et la vibration. Cette solution consiste à utiliser des petites plaques des matériaux piézoélectriques (PZT) ajoutés sur la surface de la pale pour contrôler sa vibration d'une part, et de générer des ondes ultrasonores d'une autre part, qui se propagent dans la structure et cassent l'adhésion entre la pale et le givre. Une étude bibliographique a été menée pour comprendre les phénomènes de vibration et de givrage ainsi que pour identifier les technologies de pointe utilisées pour contrôler les vibrations des pales et lutter contre le givre. Un modèle d'équivalence a été développé pour approximer la réponse vibratoire de la pale par celle d'une poutre ou d'une …",nonlinear control,0.2
,,"Optimized Active Control of a Smart Cantilever Beam Using Genetic Algorithm. Designs 2022, 6, 36
A Awada, R Younes, A Ilinca - 2022
Related articles",2022,,https://www.academia.edu/download/92985512/pdf.pdf,,,,,"Nonlinear Control, Engineering Optimization, Energy Management, Homogenization, Multidisciplinary Optimization.",,Rafic Younes,,,"Optimized Active Control of a Smart Cantilever Beam Using Genetic Algorithm. Designs 2022, 6, 36",,,,https://scholar.google.com/citations?view_op=view_citation&hl=en&user=JyiFKagAAAAJ&cstart=100&pagesize=100&citation_for_view=JyiFKagAAAAJ:HeT0ZceujKMC,,s Note: MDPI stays neutral with regard to jurisdictional claims in published maps and institutional affil-iations.,"A Awada, R Younes, A Ilinca","Vibration is one of the most dangerous phenomena that happens to a structure. It leads to premature fatigue and eventually failure, with potentially fatal consequences. A smart structure is an excellent solution to this problem; it adds an actuator, a sensor, and an appropriate control law to the system to reduce/eliminate the vibration. This study developed a complete analytical model for a cantilever beam with a collocated PZT sensor/actuator pair. First, we used a coupling of a collocated PZT sensor and an actuator to measure and control vibration levels based on a PID control law considering the physical constraints associated with PZT operation as the voltage level of the actuator. Next, the damping coefficient of the structure was determined by using genetic algorithms best fit to satisfy specific vibration conditions. Finally, we conducted a complete optimization for sensor/actuator position and PID parameters, using genetic algorithms. Thus, this paper gives a thorough understanding of the potential vibration control of the cantilever beam.",nonlinear control,0.204
,,,2022/1,,,,,,,"Nonlinear Control, Engineering Optimization, Energy Management, Homogenization, Multidisciplinary Optimization.",,Rafic Younes,,,Diagnosis of Wind Turbine Blade Defects and Icing using Hyperspectral Imaging,Université de Québec à Rimouski,,,https://scholar.google.com/citations?view_op=view_citation&hl=en&user=JyiFKagAAAAJ&cstart=100&pagesize=100&citation_for_view=JyiFKagAAAAJ:fFSKOagxvKUC,,,"Patrick Rizk, Rafic Younes",,Unclassified,0.0
,,"Landmine detection using hyper-spectral imaging
M Khodor - 2021
Related articles All 3 versions",2021/4,,https://tesidottorato.depositolegale.it/bitstream/20.500.14242/168614/2/Mahdi_khoder_thesis_report.pdf,,,,,"Nonlinear Control, Engineering Optimization, Energy Management, Homogenization, Multidisciplinary Optimization.",,Rafic Younes,,,Landmine Detection using Hyperspectral Imaging,Politecnico di Torino,,,https://scholar.google.com/citations?view_op=view_citation&hl=en&user=JyiFKagAAAAJ&cstart=100&pagesize=100&citation_for_view=JyiFKagAAAAJ:3htObqc8RwsC,,,"Mahdi Khodor, Rafic Younes","This PhD thesis explores the possibility to detect landmines utilizing hyperspectral imaging. By using this innovation, we can get at every pixel of the image spectral information in many wavelengths. In this way, at every pixel we acquire a reflectance range that is utilized as a unique signature to recognize the materials of that pixel, and essentially in our project help us to identify the presence of landmines.
The proposed procedure functions as follows: a preconfigured drone will convey the hyperspectral camera. This customized drone is responsible of flying over the zone to be cleared of landmines to acquire image from a safe distance. Different image processing tools will be used to detect the landmine from the image. When the presence of a mine or explosives is suspected, an alert sign is sent to the base station giving data about the landmine type, its location and the clear path that could be taken by the mine removal team for demining process.",Unclassified,0.0
,,,2019/12/10,,,,,,,"Nonlinear Control, Engineering Optimization, Energy Management, Homogenization, Multidisciplinary Optimization.",,Rafic Younes,,,Optimisation de la conception d'un nouveau capteur multi-gaz pour les concentrations d'émissions gazeuses,Aix-Marseille University,,,https://scholar.google.com/citations?view_op=view_citation&hl=en&user=JyiFKagAAAAJ&cstart=100&pagesize=100&citation_for_view=JyiFKagAAAAJ:GtLg2Ama23sC,,,"Aref Harakeh, Rafic Younes",,multidisciplinary optimization,0.2
,,,2019/11,,,,,https://www.researchgate.net/project/SmartXgas-Multi-Gas-Concentrations-Sensor,,"Nonlinear Control, Engineering Optimization, Energy Management, Homogenization, Multidisciplinary Optimization.",,Rafic Younes,,,Multi-Gas Concentrations Sensor,,,,https://scholar.google.com/citations?view_op=view_citation&hl=en&user=JyiFKagAAAAJ&cstart=100&pagesize=100&citation_for_view=JyiFKagAAAAJ:ruyezt5ZtCIC,,,"PARTELEC, Rafic Younes",,multidisciplinary optimization,0.2
,,"BRIDGES’RELIABILITY BETWEEN SPECIFIC LOADING CASE AND REALISTIC TRAFFIC
FEH Chehade, R Younes, H Mroueh, FH Chehade - BRIDGES, 2019
Related articles All 2 versions",2019/2,6.0,https://www.academia.edu/download/59859089/IRJET-V6I230420190625-88680-lk7tp8.pdf,,,,,"Nonlinear Control, Engineering Optimization, Energy Management, Homogenization, Multidisciplinary Optimization.",,Rafic Younes,,,BRIDGES’RELIABILITY BETWEEN SPECIFIC LOADING CASE AND REALISTIC TRAFFIC,,BRIDGES,,https://scholar.google.com/citations?view_op=view_citation&hl=en&user=JyiFKagAAAAJ&cstart=100&pagesize=100&citation_for_view=JyiFKagAAAAJ:q3CdL3IzO_QC,02,,"Fatima El Hajj Chehade, Rafic Younes, Hussein Mroueh, Fadi Hage Chehade","In this paper the reliability of reinforced concrete bridges is studied in the flexural limit state. The influence of traffic load model on the reliability index will be discussed. For this purpose, the reliability index is calculated for a bridge set under both standard truck loading as presented by Fascicule 61 from the French code and realistic traffic loading based on recorded weigh-in-motion data. The results show that the use of loading standard to predict the structural reliability of the bridges may be over conservative and leads to very low values of the reliability indices.",Unclassified,0.0
,,"Importance of the traffic model in the reliability estimation of highway bridges
FEH Chehade, R Younes, FH Chehade, H Mroueh - MATEC Web of Conferences, 2019
Related articles All 6 versions",2019,281.0,https://www.matec-conferences.org/articles/matecconf/pdf/2019/30/matecconf_incer2019_01003.pdf,,,,01003,"Nonlinear Control, Engineering Optimization, Energy Management, Homogenization, Multidisciplinary Optimization.",,Rafic Younes,,,Importance of the traffic model in the reliability estimation of highway bridges,,MATEC Web of Conferences,,https://scholar.google.com/citations?view_op=view_citation&hl=en&user=JyiFKagAAAAJ&cstart=200&pagesize=100&citation_for_view=JyiFKagAAAAJ:S16KYo8Pm5AC,,EDP Sciences,"Fatima El Hajj Chehade, Rafic Younes, Fadi Hage Chehade, Hussein Mroueh","Road bridges are exposed to stochastic traffic loadings that are not simply determined. The international codes for the design and assessment of highway bridges provide some standard trucks that can be used in the design process. Knowing that the traffic can vary considerably from one bridge to another, standard trucks may lead to poorly estimate the reliability in the assessment process. So, the sensitivity of the reliability indices to the load models will be discussed, on one hand by considering the standard truck given by the French Fascicule 61 and on the other hand by adopting real vehicle data from existing weigh-in-motion station. A set of reinforced concrete bridges will be used for the application.",Unclassified,0.0
Exploring Critical Approaches of Evolutionary Computation,,"Overview and Optimized Design for Energy Recovery Patents Applied to Hydraulic Systems
M Elhajj, R Younes, S Charles - Exploring Critical Approaches of Evolutionary …, 2019
Related articles All 2 versions",2019,,,,,,256-285,"Nonlinear Control, Engineering Optimization, Energy Management, Homogenization, Multidisciplinary Optimization.",,Rafic Younes,,,Overview and Optimized Design for Energy Recovery Patents Applied to Hydraulic Systems,,,,https://scholar.google.com/citations?view_op=view_citation&hl=en&user=JyiFKagAAAAJ&cstart=200&pagesize=100&citation_for_view=JyiFKagAAAAJ:4MWp96NkSFoC,,IGI Global,"Marwa Elhajj, Rafic Younes, Sebastien Charles","Due to their large application quantities with extremely low efficiency, pollutant emissions, high fuel consumption, and oil price, researches on the environment protection and the energy saving of construction machinery, especially hydraulic excavators, become very necessary and urgent. In this chapter, the authors proposed a complete study for the excavators' hydraulic energy recovery systems. This study is divided into two parts. In the first one, an overview for the energy saving principles is discussed and classed based on the type of the energy recovered. In the second part and once the energy recovery system is selected, the authors proposed a new approach to design the energy recovery system under a typical working cycle. This approach, the global optimization method for parameter identification (GOMPI), uses an optimization technique coupled with the simulated model on simulation software. Finally …",engineering optimization,0.204
,,"Modélisation et démarche d’optimisation robuste sous incertitudes pour l’ingénierie mécanique
MR Younes - 2018
Related articles",2018/12/10,,https://www.researchgate.net/profile/Oussama-Braydi/publication/331684879_Modelisation_et_demarche_d'optimisation_robuste_sous_incertitudes_pour_l'ingenierie_mecanique/links/5c87ecfe45851564fad9b88c/Modelisation-et-demarche-doptimisation-robuste-sous-incertitudes-pour-lingenierie-mecanique.pdf,,,,,"Nonlinear Control, Engineering Optimization, Energy Management, Homogenization, Multidisciplinary Optimization.",,Rafic Younes,,,Modélisation et démarche d’optimisation robuste sous incertitudes pour l’ingénierie mécanique,Université de Technologie de Troyes,,,https://scholar.google.com/citations?view_op=view_citation&hl=en&user=JyiFKagAAAAJ&cstart=200&pagesize=100&citation_for_view=JyiFKagAAAAJ:lmc2jWPfTJgC,,,"Rafic Younes, Oussama Braydi, Pascal Lafon","L’optimisation sous incertitudes est maintenant fréquemment utilisée en ingénierie mécanique, ce type d’optimisation est capable de produire des résultats à la fois fiables et robustes. Le défi principal de l’optimisation sous incertitudes est son coût de calculs, qui est le produit du coût des itérations de l’algorithme d’optimisation et du coût de propagation des incertitudes. Ce coût est d’autant important que ces problèmes de design nécessitent des simulations numériques pour calculer leurs fonctions objectifs et contraintes. Ces fonctions originales sont souvent remplacées par des méta-modèles afin de compenser ces coûts de calculs. Dans ce travail nous abordons une nouvelle classification des problèmes d’optimisation sous incertitudes. Cette nouvelle classification est basée sur les conditions nécessaires à la définition de chaque type d’optimisation sous incertitudes. Une méthode générale pour détecter ces conditions est introduite, cette méthode est un outil efficace pour aider le designer à choisir le type d’optimisation sous incertitudes nécessaire à mettre en œuvre. Une démarche globale pour résoudre les problèmes d’optimisation robuste basée sur une version modifiée de l’algorithme EGO avec des métamodèles adaptatifs est également introduite. Cette nouvelle méthode est validée sur des problèmes académiques tests et son efficacité est mise en valeur sur un problème industriel d’emboutissage.",nonlinear control,0.2
,,,2018/11/30,,,,,,,"Nonlinear Control, Engineering Optimization, Energy Management, Homogenization, Multidisciplinary Optimization.",,Rafic Younes,,,Hybridization of multicriteria metaheuristic optimization methods for mechanical problems,Université de Technologie de Troyes,,,https://scholar.google.com/citations?view_op=view_citation&hl=en&user=JyiFKagAAAAJ&cstart=200&pagesize=100&citation_for_view=JyiFKagAAAAJ:OTTXONDVkokC,,,"Ahmad Samrout, Rafic Younes, Pascal Lafon",,engineering optimization,0.24
,,"Estimation Non Infrastructures Civiles Soum
R YOUNES, H MROUEH, FH CHEHADE… - 2018
Related articles All 2 versions",2018/10/25,,https://www.academia.edu/download/105879316/document.pdf,,,,,"Nonlinear Control, Engineering Optimization, Energy Management, Homogenization, Multidisciplinary Optimization.",,Rafic Younes,,,Estimation Non Infrastructures Civiles Soum,University of Balamand,,,https://scholar.google.com/citations?view_op=view_citation&hl=en&user=JyiFKagAAAAJ&cstart=200&pagesize=100&citation_for_view=JyiFKagAAAAJ:bKqednn6t2AC,,,"Rafic YOUNES, Hussein MROUEH, Fadi HAGE CHEHADE, Ariane Abou-Chakra Maitre de Conféren","Civil infrastructures are generally subjected to external factors that can affect their lifetime. In the case of reinforced concrete bridges, the aggressive environment induces, for example, the penetration of ions such as chloride, into the porous concrete leading to the corrosion of reinforcement bars, this constitutes the main cause of deterioration for this kind of structure. Time effects are also to be taken into account, for example creep and shrinkage that strongly influence the performance of the structure.
However, in this kind of problems, the probabilistic nature of most variables is often dominant; this is not limited to the traffic loading which generates uncontrolled constraints in the carrying sections, but also concerns the variables related to the structures dimensions, the materials properties, to corrosion and time effects. Reliability theory has always been the most appropriate way to deal with this kind of problems, since it can provide an idea about the structure lifetime in the form of failure probability or reliability index. This theory has also been used in our approach but also, another method based on optimization has been proposed to update existing degradation laws.",engineering optimization,0.203
,,,2018,,,,,,,"Nonlinear Control, Engineering Optimization, Energy Management, Homogenization, Multidisciplinary Optimization.",,Rafic Younes,,,Estimation non-invasive de la durée de vie des infrastructures civiles soumises à des contraintes non-contrôlées,Université de Lille 1,,,https://scholar.google.com/citations?view_op=view_citation&hl=en&user=JyiFKagAAAAJ&cstart=200&pagesize=100&citation_for_view=JyiFKagAAAAJ:xtoqd-5pKcoC,,,"Fatima El Hajj Chehade, Rafic Younes, Hussein Mroueh",,nonlinear control,0.2
,"Advances in Biomedical Engineering (ICABME), 2017 Fourth International Conference on","Sensitivity analysis of a human finger model
S Allouch, R Younes, J Laforet, S Boudaoud, M Khalil - 2017 Fourth International Conference on Advances in …, 2017
Related articles All 2 versions",2017/10,,,,,,1-4,"Nonlinear Control, Engineering Optimization, Energy Management, Homogenization, Multidisciplinary Optimization.",,Rafic Younes,,,Sensitivity analysis of a human finger model,,,,https://scholar.google.com/citations?view_op=view_citation&hl=en&user=JyiFKagAAAAJ&cstart=200&pagesize=100&citation_for_view=JyiFKagAAAAJ:nrtMV_XWKgEC,,,"Samar Allouch, Rafic Younes, Jeremy Laforet, Soufiane Boudaoud, Mohamed Khalil","The main objective of the presented work is to do a preliminary sensitivity analysis of the simplified neuromusculoskeletal model of the human middle finger that we have already developed [1], [2]. The importance of this study is to improve the model by well estimating internal parameters, which are the most affecting the model output, and by adapting it to each individual. The sensitivity analysis presented in this study is preliminary; it is based on the computing of the elementary effect (EE) of the 3 signal features of the muscular force. We get significant results to indicate the most important parameters among those chosen; these are the most influential parameters on system output, and good estimation of them leads to a more realistic model. These results encourage us to do a deeper sensitivity analysis for the most complex model where the sensitivity analysis will be on all internal parameters of the model in order …",Unclassified,0.0
,International work-conference on Time Series,"Analysis of Buildings Energy Losses Using Smart Monitoring
A Aljer, N Attoue, I Shahrour, R Younes, M Loriot - International work-conference on Time Series, 2017
Related articles",2017/9/18,2.0,,,,,,"Nonlinear Control, Engineering Optimization, Energy Management, Homogenization, Multidisciplinary Optimization.",,Rafic Younes,,,Analysis of Buildings Energy Losses Using Smart Monitoring,,,,https://scholar.google.com/citations?view_op=view_citation&hl=en&user=JyiFKagAAAAJ&cstart=200&pagesize=100&citation_for_view=JyiFKagAAAAJ:mNrWkgRL2YcC,,Godel Impresiones Digitales SL,"Ammar Aljer, Nivine Attoue, Isam Shahrour, Rafic Younes, Marine Loriot","Analysis of Buildings Energy Losses Using Smart Monitoring - Archive ouverte HAL Accéder directement au contenu Documentation FR Français (FR) Anglais (EN) Se connecter HAL science ouverte Recherche Loading... Recherche avancée Information de documents Titres Titres Sous-titre Titre de l'ouvrage Titre du volume (Série) Champ de recherche par défaut (multicritères) + texte intégral des PDF Résumé Texte intégral indexé des documents PDF Mots-clés Type de document Sous-type de document Tous les identifiants du document Identifiant HAL du dépôt Langue du document (texte) Pays (Texte) Ville À paraître (true ou false) Ajouter Auteur Auteur (multicritères) Auteur (multicritères) Auteur : Nom complet Auteur : Nom de famille Auteur : Prénom Auteur : Complément de nom, deuxième prénom Auteur : Organisme payeur Auteur : IdHal (chaîne de caractères) Auteur : Fonction Auteur : personID (entier) …",energy management,0.205
,"10th International Conference on Integrated Modeling and Analysis in Applied Control and Automation, IMAACA 2017, Held at the International Multidisciplinary Modeling and Simulation Multiconference, I3M 2017",,2017/9,,,,,,69-75,"Nonlinear Control, Engineering Optimization, Energy Management, Homogenization, Multidisciplinary Optimization.",,Rafic Younes,,,Optimal Sizing of a Hybrid Cooling System,,,,https://scholar.google.com/citations?view_op=view_citation&hl=en&user=JyiFKagAAAAJ&cstart=200&pagesize=100&citation_for_view=JyiFKagAAAAJ:uc_IGeMz5qoC,,,"Farah Kojok, Oussama Ibrahim, Rafic Younes, Rachid Outbib, Farouk Fardoun",,engineering optimization,0.2
,International work-conference on Time Series,,2017/9,,,,,,939-945,"Nonlinear Control, Engineering Optimization, Energy Management, Homogenization, Multidisciplinary Optimization.",,Rafic Younes,,,Analysis of Buildings Energy Losses Using Smart Monitoring,,,,https://scholar.google.com/citations?view_op=view_citation&hl=en&user=JyiFKagAAAAJ&cstart=200&pagesize=100&citation_for_view=JyiFKagAAAAJ:yB1At4FlUx8C,,,"Nivine Attoue, Issam Shahrour, Rafic Younes, Ammar Aljer, Marine Loriot",,energy management,0.244
,9th International Conference on Porous Media & Annual Meeting,,2017/5,,,,,,,"Nonlinear Control, Engineering Optimization, Energy Management, Homogenization, Multidisciplinary Optimization.",,Rafic Younes,,,Efficient and accurate numerical model for density driven flow in unsaturated porous media,,,,https://scholar.google.com/citations?view_op=view_citation&hl=en&user=JyiFKagAAAAJ&cstart=200&pagesize=100&citation_for_view=JyiFKagAAAAJ:uLbwQdceFCQC,,interpore 2017,"Marwan Fahs, Rafic Younes, Hussein Beydoun, Daoud Baalbaki, Bejamin Belfort",,Unclassified,0.0
,Colloque de l’Industrie Éolienne Québécoise,,2016/6/15,,,,,,,"Nonlinear Control, Engineering Optimization, Energy Management, Homogenization, Multidisciplinary Optimization.",,Rafic Younes,,,OUTIL DE CONCEPTION – PALE D’ÉOLIENNE,,,,https://scholar.google.com/citations?view_op=view_citation&hl=en&user=JyiFKagAAAAJ&cstart=200&pagesize=100&citation_for_view=JyiFKagAAAAJ:IUKN3-7HHlwC,,,"Adam Chehouri, Rafic Younes, Adrian Ilinca",,Unclassified,0.0
,,"Wind turbine design: Multi‐objective optimization
C Adam, Y Rafic, I Adrian, P Jean - 2016
Related articles All 2 versions",2016,,,,,,,"Nonlinear Control, Engineering Optimization, Energy Management, Homogenization, Multidisciplinary Optimization.",,Rafic Younes,,,Wind turbine design: Multi‐objective optimization,,,,https://scholar.google.com/citations?view_op=view_citation&hl=en&user=JyiFKagAAAAJ&cstart=200&pagesize=100&citation_for_view=JyiFKagAAAAJ:9c2xU6iGI7YC,,IntechOpen,"Chehouri Adam, Younes Rafic, Ilinca Adrian, Perron Jean","Wind turbine design: Multi‐objective optimization - Espace ÉTS ENGLISH Logo La vitrine de diffusion des publications et contributions des chercheurs de l'ÉTS RECHERCHER Se connecter Accueil Déposer Nouveautés Recherche Repérage À propos Conditions d'utilisation Politique de dépôt Mémoires et thèses Nous joindre Wind turbine design: Multi‐objective optimization Adam, Chehouri, Rafic, Younes, Adrian, Ilinca et Jean, Perron. 2016. « Wind turbine design: Multi‐objective optimization ». In Wind turbines. Coll. « Wind Turbines ». IntechOpen. Le plein texte de ce document n'est pas hébergé sur ce serveur. Rechercher dans Google Scholar URL Officielle: https://doi.org/10.5772/63481 Type de document: Chapitre de livre ISBN: 978-953-51-2496-2 Éditeurs: Éditeurs ORCID Abdel Ghani, Aissaoui NON SPÉCIFIÉ Ahmed, Tahour NON SPÉCIFIÉ Professeur: Professeur Ilinca, Adrian Affiliation: Autres Date de …",multidisciplinary optimization,0.404
,,"船用柴油机系统的完整建模 (英文)
HM Nahim, R Younes, C Nohra, M Ouladsine - Journal of Marine Science and Application, 2015
Related articles",2015,1.0,,,,,,"Nonlinear Control, Engineering Optimization, Energy Management, Homogenization, Multidisciplinary Optimization.",,Rafic Younes,,,船用柴油机系统的完整建模 (英文),,Journal of Marine Science and Application,,https://scholar.google.com/citations?view_op=view_citation&hl=en&user=JyiFKagAAAAJ&cstart=200&pagesize=100&citation_for_view=JyiFKagAAAAJ:J-pR_7NvFogC,,,"Hassan Moussa Nahim, Rafic Younes, Chadi Nohra, Mustapha Ouladsine","This paper presents a simulator model of a marine diesel engine based on physical, semi-physical, mathematical and thermodynamic equations, which allows fast predictive simulations. The whole engine system is divided into several functional blocks: cooling, lubrication, air, injection, combustion and emissions. The sub-models and dynamic characteristics of individual blocks are established according to engine working principles equations and experimental data collected from a marine diesel engine test bench for SIMB Company under the reference 6M26SRP1. The overall engine system dynamics is expressed as a set of simultaneous algebraic and differential equations using sub-blocks and S-Functions of Matlab/Simulink. The simulation of this model, implemented on Matlab/Simulink has been validated and can be used to obtain engine performance, pressure, temperature, efficiency, heat release, crank angle, fuel rate, emissions at different sub-blocks. The simulator will be used, in future work, to study the engine performance in faulty conditions, and can be used to assist marine engineers in fault diagnosis and estimation (FDI) as well as designers to predict the behavior of the cooling system, lubrication system, injection system, combustion, emissions, in order to optimize the dimensions of different components. This program is a platform for fault simulator, to investigate the impact on sub-blocks engine's output of changing values for faults parameters such as: faulty fuel injector, leaky cylinder, worn fuel pump, broken piston rings, a dirty turbocharger, dirty air filter, dirty air cooler, air leakage, water leakage, oil leakage and contamination …",engineering optimization,0.4
,,"New Gas Sensor for Exhaust Emissions of Internal Combustion Engines
S Lakkis - 2014
Related articles All 6 versions",2014/12/17,,https://theses.hal.science/tel-01418983/file/2014VERS0064.pdf,,,,,"Nonlinear Control, Engineering Optimization, Energy Management, Homogenization, Multidisciplinary Optimization.",,Rafic Younes,,,New Gas Sensor for Exhaust Emissions of Internal Combustion Engines,Université de Versailles-Saint Quentin en Yvelines,,,https://scholar.google.com/citations?view_op=view_citation&hl=en&user=JyiFKagAAAAJ&cstart=200&pagesize=100&citation_for_view=JyiFKagAAAAJ:PR6Y55bgFSsC,,,Sari Lakkis,"Gases represent one of the most important key measurands in many industrial and domestic activities. The need to detect single gas or a group of gases at the same time varies from one application to another. One of the most important applications of gas sensing is in the concentration measurement of exhaust emissions in internal combustion engines. The variety of gases emitted by these engines and the necessity for a precise measurement of their concentrations are the major incentives for researchers to develop gas sensors that are not only limited to a certain type of gases but to a variety of gases. The most interest gases include CO, NO, NO2, NH4, SO2, CO2, CH4 and other hydrocarbons. These gases can be harmful to human health if present beyond a certain concentration. The analysis of exhaust emissions of internal combustion engines has traditionally been achieved in laboratories using bulk gas analyzers and costly equipments. In order to create a system which can do the work of these analyzers, a sensor that can measure the concentration of multiple gases at the same time is needed. Instead of using a sensor for each gas which is costly and introduce another complexity to the analysis procedure due to the different technologies that are used in the detection of different types of gases. This directly translates into loss of financial and human resources that could otherwise be productively used. In an effort to remedy this situation, this dissertation proposes an alternate approach that uses one sensor to analyze multiple gases simultaneously. This has a significant potential in reducing the aforementioned complexity, size and data …",engineering optimization,0.2
,2014 IEEE Conference on Biomedical Engineering and Sciences (IECBES),"Improvement of Markov chain processes for mathematical optimization of cancer treatment
H Sbeity, R Younes, M Jammal - 2014 IEEE Conference on Biomedical Engineering and …, 2014
Related articles",2014/12/8,,,,,,71-76,"Nonlinear Control, Engineering Optimization, Energy Management, Homogenization, Multidisciplinary Optimization.",,Rafic Younes,,,Improvement of Markov chain processes for mathematical optimization of cancer treatment,,,,https://scholar.google.com/citations?view_op=view_citation&hl=en&user=JyiFKagAAAAJ&cstart=200&pagesize=100&citation_for_view=JyiFKagAAAAJ:eJXPG6dFmWUC,,IEEE,"Hoda Sbeity, Rafic Younes, Manar Jammal","Biologists have uncovered some of the most basic mechanisms by which normal cells develop into cancerous tumors. These biological theories can be transformed into adequate mathematical models. For this reason, we attempt to study the evolution of cancer cells using the Markov Chain Processes. Based on Markov chain Processes, cancer chemotherapy will be applied on them to treat the disease. However, chemotherapy is a complex treatment mode that requires balancing the benefits of treating tumors using anti-cancer drugs with the adverse toxic side-effects caused by these drugs. Some methods of computational optimization, Genetic Algorithm (GA) in particular, have proven to be useful in helping to strike the right balance. The purpose of this paper is to put in place a strategy to solve an optimal problem to facilitate finding optimal chemotherapeutic treatments which cause the death of cancer and have …",engineering optimization,0.204
,,"Modélisation inverse du système neuromusculosquelettique: Application au doigt majeur
S Allouch - 2014
Related articles All 4 versions",2014/9/18,,https://theses.hal.science/tel-01557514/file/These_Samar_ALLOUCH.pdf,,,,,"Nonlinear Control, Engineering Optimization, Energy Management, Homogenization, Multidisciplinary Optimization.",,Rafic Younes,,,Modélisation inverse du système neuromusculosquelettique: Application au doigt majeur,Université de Technologie de Compiegne,,,https://scholar.google.com/citations?view_op=view_citation&hl=en&user=JyiFKagAAAAJ&cstart=200&pagesize=100&citation_for_view=JyiFKagAAAAJ:1yQoGdGgb4wC,,,Samar Allouch,"Avec le besoin de développer un organe artificiel remplaçant le doigt humain dans le cas d'un déficit et la nécessité de comprendre le fonctionnement de ce système physiologique, un modèle physique inverse du système doigt, permettant de chercher les activations neuronales à partir du mouvement, est nécessaire. Malgré le grand nombre d'études dans la modélisation de la main humaine, presque il n'existe aucun modèle physique inverse du système doigt majeur qui s'intéresse à chercher les activations neuronales. Presque tous les modèles existants se sont intéressés à la recherche des forces et des activations musculaires. L'objectif de la thèse est de présenter un modèle neuromusculo-squelettique du système doigt majeur humain permettant d'obtenir les activations neuronales, les activations musculaires et les forces musculaires des tous les muscles agissants sur le système doigt d'après l'analyse du mouvement. Le but de ce type des modèles est de représenter les caractéristiques essentielles du mouvement avec le plus de réalisme possible. Notre travail consiste à étudier, modéliser et à simuler le mouvement du doigt humain. L'innovation du modèle proposé est le couplage entre la biomécanique et les aspects neurophysiologiques afin de simuler la chaine inverse complet du mouvement en allant des données dynamiques du doigt aux intentions neuronales qui contrôlent les activations musculaires. L'autre innovation est la conception d'un protocole expérimental spécifique qui traite à la fois les données sEMG multicanal et les données cinématiques d'après une procédure de capture de mouvement.",nonlinear control,0.2
,,"The influence of an improved hydrodynamic model on breakwaters design
H Diab, P Lafon, R Younes - WIT Transactions on Engineering Sciences, 2014
Related articles All 9 versions",2014/7/1,82.0,https://www.witpress.com/Secure/elibrary/papers/AFM14/AFM14010FU1.pdf,,,,107-119,"Nonlinear Control, Engineering Optimization, Energy Management, Homogenization, Multidisciplinary Optimization.",,Rafic Younes,,,The influence of an improved hydrodynamic model on breakwaters design,,WIT Transactions on Engineering Sciences,,https://scholar.google.com/citations?view_op=view_citation&hl=en&user=JyiFKagAAAAJ&cstart=200&pagesize=100&citation_for_view=JyiFKagAAAAJ:UxriW0iASnsC,,WIT Press,"Hassan Diab, Pascal Lafon, Rafic Younes","The influence of hydrodynamic model selection on the optimal layout of fixed breakwaters found in harbour design has been tested. Results from different models were compared. The mild slope equation was considered as reference. An extended mild slope equation taking into account the slope and curvature of rapid variation in the bathymetry was examined. The influence of adding the wave dissipation factor like bottom friction and wave breaking phenomena were verified. The effect of taking into account the irregularity of incident wave was examined comparing to monochromatic waves. This study was built on testing a genetic algorithm optimization process to identify the optimal shape and location of fixed breakwaters where the degree of attenuation of waves in the harbour zone was defined as object. The hydrodynamic model was varied and the results were compared. Three case studies with different bathymetries and boundary conditions were taken. The case of deep harbour where wave breaking didn’t have a great influence was the first. Then a case of shallow harbour is discussed and finally an open sea case was studied as typical big gas ship refuges in a random wave area. Keywords: breakwater, hydrodynamic modelling, sea wave, harbour.",engineering optimization,0.204
,,"FINAL YEAR PROJECT
AR Chehouri - 2013
Related articles All 2 versions",2013/7/8,,https://www.academia.edu/download/38635809/Adam_Rafic_Chehouri_M.pdf,,,,,"Nonlinear Control, Engineering Optimization, Energy Management, Homogenization, Multidisciplinary Optimization.",,Rafic Younes,,,FINAL YEAR PROJECT,LEBANESE UNIVERSITY,,,https://scholar.google.com/citations?view_op=view_citation&hl=en&user=JyiFKagAAAAJ&cstart=200&pagesize=100&citation_for_view=JyiFKagAAAAJ:ZuybSZzF8UAC,,,Adam Rafic Chehouri,"In the wind industry, the current trend is towards building larger and larger turbines. This presents additional structural challenges and requires blade materials that are both lighter and stiffer than the ones presently used. This work is aimed to aid the work of designing new wind turbine blades by providing a comparative study of different composite materials.
A coupled Finite-Element-Method (FEM)-Blade Element Momentum (BEM) code was used to simulate the aerodynamic forces subjected on the blade. The developed BEM code was written using LabView allowing an iterative numerical approach solver taking into the consideration the unsteady aerodynamic effects and off–design performance issues such as Tip Loss, Hub Loss and Turbulent Wake State therefore developing a more rational aerodynamic model. For this thesis, the finite element study was conducted on the Static Structural Workbench of ANSYS, as for the geometry of the blade it was imported from a previous study prepared by Cornell University. Confirmation of the performance analysis of the chosen wind turbine blade are presented and discussed blade including the generated power, tip deflection, thrust and tangential force for a steady flow of 8m/s.",Unclassified,0.0
,3rd International Conference on Engineering Optimization,,2012/7,,,,,,,"Nonlinear Control, Engineering Optimization, Energy Management, Homogenization, Multidisciplinary Optimization.",,Rafic Younes,,,Global Optimization Method for Parameters Calibration Applied on Engineering System,,,,https://scholar.google.com/citations?view_op=view_citation&hl=en&user=JyiFKagAAAAJ&cstart=200&pagesize=100&citation_for_view=JyiFKagAAAAJ:NMxIlDl6LWMC,,,"Marwa El-Hajj, Rafic Younes, Eric Padiolleau",,engineering optimization,0.48
,,"Optimized method for real time nonlinear control
R Younes, O Rabih, R Outbib - Applications of Nonlinear Control, 2012
Related articles All 2 versions",2012/6/6,,,,,,,"Nonlinear Control, Engineering Optimization, Energy Management, Homogenization, Multidisciplinary Optimization.",,Rafic Younes,,,Optimized Method for Real Time Nonlinear Control,,,,https://scholar.google.com/citations?view_op=view_citation&hl=en&user=JyiFKagAAAAJ&cstart=200&pagesize=100&citation_for_view=JyiFKagAAAAJ:O3NaXMp0MMsC,,Intech Open Access Publisher,"Rafic Younes, Rabih Omran, Rachid Outbib","Optimized method for real time nonlinear control - Archive ouverte HAL Recherche Accéder directement au contenu Pied de page Logo Logo Documentation FR Français (FR) Anglais (EN) Se connecter HAL science ouverte Recherche Loading... Recherche avancée Information de documents Titres Titres Sous-titre Titre de l'ouvrage Titre du volume (Série) Champ de recherche par défaut (multicritères) + texte intégral des PDF Résumé Texte intégral indexé des documents PDF Mots-clés Type de document Sous-type de document Tous les identifiants du document Identifiant HAL du dépôt Langue du document (texte) Pays (Texte) Ville À paraître (true ou false) Ajouter Auteur Auteur (multicritères) Auteur (multicritères) Auteur : Nom complet Auteur : Nom de famille Auteur : Prénom Auteur : Complément de nom, deuxième prénom Auteur : Organisme payeur Auteur : IdHal (chaîne de caractères) Auteur : Fonction …",nonlinear control,0.61
,,"Reply to the discussion by Cohen et al. on “Design optimization of floating breakwaters with an interdisciplinary fluid–solid structural problem”
G Elchahal, P Lafon, R Younes - Canadian journal of civil engineering, 2010
Related articles All 6 versions",2010/12,37.0,https://cdnsciencepub.com/doi/full/10.1139/L10-086,,,,1649-1650,"Nonlinear Control, Engineering Optimization, Energy Management, Homogenization, Multidisciplinary Optimization.",,Rafic Younes,,,Reply to the discussion by Cohen et al. on “Design optimization of floating breakwaters with an interdisciplinary fluid–solid structural problem”,,Canadian journal of civil engineering,,https://scholar.google.com/citations?view_op=view_citation&hl=en&user=JyiFKagAAAAJ&cstart=200&pagesize=100&citation_for_view=JyiFKagAAAAJ:IWHjjKOFINEC,12,,"Ghassan Elchahal, Pascal Lafon, Rafic Younes","The Authors would like to thank the Discussers for their interest in the work presented in the referred article and the valuable comments they provided. In their work, the Discussers studied the movement of a floating structure used as a recreational place in a lake, under the effects of wind and wave in a physical model.
The Authors agree with the Discussers that the design parameters of the floating structure should be assessed based on the end users comfort. For floating breakwater applications, it is important to assess the waves generated in the sheltered region due to the breakwater motion. The wave height inside the port or simply the transmission coefficient is therefore the most significant parameter to be assessed. For the Discussers’ application, it is clear that the structural accelerations are more important than other parameters considering the usage of the structure by people. The structural accelerations …",engineering optimization,0.204
,ASME Pressure Vessels and Piping Conference,"Effect of Frequency and Shape of Thermal Cycling on the Damage of Multi-Material Under Thermo-Elasto-Plastic Behaviour
B Taher, S Abboudi, R Youness - ASME Pressure Vessels and Piping Conference, 2009
Related articles All 2 versions",2009/1/1,43666.0,https://www.researchgate.net/profile/Rafic-Younes/publication/267611470_Effect_of_Frequency_and_Shape_of_Thermal_Cycling_on_the_Damage_of_Multi-Material_Under_Thermo-Elasto-Plastic_Behaviour/links/59b07772aca2728472ccdca9/Effect-of-Frequency-and-Shape-of-Thermal-Cycling-on-the-Damage-of-Multi-Material-Under-Thermo-Elasto-Plastic-Behaviour.pdf,,,,377-386,"Nonlinear Control, Engineering Optimization, Energy Management, Homogenization, Multidisciplinary Optimization.",,Rafic Younes,,,Effect of Frequency and Shape of Thermal Cycling on the Damage of Multi-Material Under Thermo-Elasto-Plastic Behaviour,,,,https://scholar.google.com/citations?view_op=view_citation&hl=en&user=JyiFKagAAAAJ&cstart=200&pagesize=100&citation_for_view=JyiFKagAAAAJ:dQ2og3OwTAUC,,,"Bilal Taher, Said Abboudi, Rafic Youness","In this study, we propose a numerical analysis of the thermo-elasto-plastic behavior of a multi-material and its damage under thermal cyclic solicitations. The study is done in two dimensions on a cylindrical multi-material subjected to a periodic heat flux on the internal face and to a convective heat transfer condition on the opposite external face. Lateral faces are supposed to be isolated. The sample is supposed to be fixed in the axial direction and free in the other. The damage model is based on the works of Lemaiˆtre and Chaboche. Numerical results are presented for different shapes of heat flux cycling (triangular, square and sinusoidal excitations, function of time and space) and for a range of periods. We do a comparison of the multi-material damage under these different thermal excitations. The study is concluded by some advice on the use and avoidance of some values of periods, and shapes for the thermal …",multidisciplinary optimization,0.2
,EUROPEAN SIMULATION AND MODELLING CONFERENCE,"On Line Fault Diagnosis Of a Diesel Engine
C Nohra, H Noura, R Younes - 23rd European Simulation and Modelling Conference …, 2009
Related articles All 2 versions",2009,,https://www.researchgate.net/profile/Rafic-Younes/publication/293228079_On_line_fault_diagnosis_of_a_diesel_engine/links/59da60b6458515a5bc2b426e/On-line-fault-diagnosis-of-a-diesel-engine.pdf,,,,168-174,"Nonlinear Control, Engineering Optimization, Energy Management, Homogenization, Multidisciplinary Optimization.",,Rafic Younes,,,On Line Fault Diagnosis Of a Diesel Engine,,,,https://scholar.google.com/citations?view_op=view_citation&hl=en&user=JyiFKagAAAAJ&cstart=200&pagesize=100&citation_for_view=JyiFKagAAAAJ:SeFeTyx0c_EC,,"Eurosis, [S.I.]","Chady Nohra, Hassan Noura, Rafic Younes","This paper proposes a fault-diagnosis system for a turbocharged diesel engine with variable-geometry turbocharger control. Numerous and diversified actuator and/or sensors faults are identified and analyzed such as air-leakage in the admission collector, compressor malfunctioning, intake-valves fault, intercooler fault, deterioration in the turbine-compressor coupling, defect in the variable geometry of the turbine and fault in rotational speed sensor. Furthermore, a complete non-linear engine model with four state variables is adopted. Diagnosis system used has been proposed by Demetriou and Polycarpou in 1998. The basic idea is to use an adaptive training of an on line observer to estimate the unknown faults parameters. Simulations with a nonlinear Diesel model in the presence of noise were carried out and which demonstrated the effectiveness of the proposed algorithm. Moreover, the robustness properties of the used FDI filters exhibited significant rejection of disturbances and noise-effects attenuation which make the proposed strategy adequately close to the conditions of the real physical system.",nonlinear control,0.407
,ASME International Mechanical Engineering Congress and Exposition,"Damage of Thermo-Elasto-Plastic Multimaterial Under Thermal Cycling Conditions
B Taher, S Abboudi, R Youness - ASME International Mechanical Engineering Congress …, 2008
Related articles All 2 versions",2008/1/1,48715.0,https://www.researchgate.net/profile/Rafic-Younes/publication/267591205_Damage_of_Thermo-Elasto-Plastic_Multimaterial_Under_Thermal_Cycling_Conditions/links/59b0771d458515a5b484e14f/Damage-of-Thermo-Elasto-Plastic-Multimaterial-Under-Thermal-Cycling-Conditions.pdf,,,,1785-1792,"Nonlinear Control, Engineering Optimization, Energy Management, Homogenization, Multidisciplinary Optimization.",,Rafic Younes,,,Damage of Thermo-Elasto-Plastic Multimaterial Under Thermal Cycling Conditions,,,,https://scholar.google.com/citations?view_op=view_citation&hl=en&user=JyiFKagAAAAJ&cstart=200&pagesize=100&citation_for_view=JyiFKagAAAAJ:hkOj_22Ku90C,,,"Bilal Taher, Said Abboudi, Rafic Youness","The increasing of the temperature in the multi-material solicited with thermal and mechanical charges leads to surpass the load of elastic constraint, so we have to apply the thermo-elasto-plastic behavior. The increasing need of structures having multiple functions orientates designers to combine materials in order to obtain, according to coupling scales, multi-materials structures. The lifetime of these structures represents a one of the main decisive element for offices and manufacturers studies. The results of this work should be added to the set of functional charges to obtain an optimal and final decision on the design of the product. In this study, a numerical analysis conducted by finite elements method of thermo-elasto-plastic behavior of these type of materials and their damage under thermal cyclic solicitations. The study is led in two dimensions (r, z) on a cylindrical material constituted of two layers (stainless steel …",multidisciplinary optimization,0.4
,,,2007/12/18,,,,,,,"Nonlinear Control, Engineering Optimization, Energy Management, Homogenization, Multidisciplinary Optimization.",,Rafic Younes,,,Optimisation pour les problèmes d'interaction fluide - structure : application à la modélisation d'un brise-lames flottant,Université de Technologie de Troyes,,,https://scholar.google.com/citations?view_op=view_citation&hl=en&user=JyiFKagAAAAJ&cstart=200&pagesize=100&citation_for_view=JyiFKagAAAAJ:geHnlv5EZngC,,,"Ghassan El-Chahhal, Rafic Younes",,Unclassified,0.0
,,"OF A MULTI-MATERIAL UNDER THERMAL CYCLING CONDITIONS
R Younès - Proceedings of the ASME Pressure Vessels and Piping …, 2007
Related articles",2007,6.0,,,,,289,"Nonlinear Control, Engineering Optimization, Energy Management, Homogenization, Multidisciplinary Optimization.",,Rafic Younes,,,OF A MULTI-MATERIAL UNDER THERMAL CYCLING CONDITIONS,,Proceedings of the ASME Pressure Vessels and Piping Conference--2006: Materials and fabrication,,https://scholar.google.com/citations?view_op=view_citation&hl=en&user=JyiFKagAAAAJ&cstart=200&pagesize=100&citation_for_view=JyiFKagAAAAJ:yMeIxYmEMEAC,,American Society of Mechanical Engineers,Rafic Younès,"The increasing need of structures having multiple functions orientates designers to combine materials in order to obtain, according to coupling scales, multi-materials structures.",multidisciplinary optimization,0.2
,"Journées Nationales des Composites, France.","COMPORTEMENT SOUS COMPRESSION D'UN COMPOSITE 3D ORTHOGONAL EN CARBONE/EPOXY: ETUDES EXPERIMENTALES, MODELISATION ET OPTIMISATION COMPRESSION BEHAVIOR OF ORTHOGONAL 3D COMPOSITE IN CARBON/EPOXY: EXPERIMENTAL, MODELING AND OPTIMIZATION*
CEL Hage, Z Aboura, K Khellil, ML Benzeggagh…
Related articles All 2 versions",2007,,,,,,,"Nonlinear Control, Engineering Optimization, Energy Management, Homogenization, Multidisciplinary Optimization.",,Rafic Younes,,,"COMPORTEMENT SOUS COMPRESSION D'UN COMPOSITE 3D ORTHOGONAL EN CARBONE/EPOXY: ETUDES EXPERIMENTALES, MODELISATION ET OPTIMISATION",,,,https://scholar.google.com/citations?view_op=view_citation&hl=en&user=JyiFKagAAAAJ&cstart=200&pagesize=100&citation_for_view=JyiFKagAAAAJ:4DMP91E08xMC,,JNC15,"Ch EL Hage, Z Aboura, K Khellil, ML Benzeggagh, Rafic Younès",,Unclassified,0.0
Proceedings of the 17th IASTED international conference on Modelling and simulation,,"Modelling wave-induced pressure on breakwaters
E Ghassan, Y Rafic, L Pascal - Proceedings of the 17th IASTED international …, 2006
Related articles",2006/5/24,,,,,,308-313,"Nonlinear Control, Engineering Optimization, Energy Management, Homogenization, Multidisciplinary Optimization.",,Rafic Younes,,,Modelling wave-induced pressure on breakwaters,,,,https://scholar.google.com/citations?view_op=view_citation&hl=en&user=JyiFKagAAAAJ&cstart=200&pagesize=100&citation_for_view=JyiFKagAAAAJ:OR75R8vi5nAC,,,"Elchahal Ghassan, Younes Rafic, Lafon Pascal","Nowadays, modelling and computer simulation are used in structure design to reduce the use of experimental investigations and laboratory tests required in a real layout structure. Using the potential-flow theory, the hydrodynamic pressure deduced from sea wave's propagation has been computed based on the non linear theory of Stocks. The extension to the vertical breakwater behaviour due to such excitations is indicated in this paper. Analytical expressions for functional performance variables of wave reflection by the vertical breakwater, and stress distribution inside the breakwater have been obtained. These expressions have been numerically verified to demonstrate the capability of this analytical model.",nonlinear control,0.2
,,,2006,,,,,,,"Nonlinear Control, Engineering Optimization, Energy Management, Homogenization, Multidisciplinary Optimization.",,Rafic Younes,,,″Les réseaux de neurones ″,,,,https://scholar.google.com/citations?view_op=view_citation&hl=en&user=JyiFKagAAAAJ&cstart=200&pagesize=100&citation_for_view=JyiFKagAAAAJ:-_dYPAW6P2MC,,Cours de l'Université Libanaise,"Younes, Rafic",,Unclassified,0.0
,"Journées Nationales des Composites, France.",,2005,,,,,,,"Nonlinear Control, Engineering Optimization, Energy Management, Homogenization, Multidisciplinary Optimization.",,Rafic Younes,,,MODELISATION ANALYTIQUE ET NUMERIQUE DES CARACTERISTIQUES MECANIQUES D'UN COMPOSITE A RENFORT CARBONE 3D ORTHOGONAL,,,,https://scholar.google.com/citations?view_op=view_citation&hl=en&user=JyiFKagAAAAJ&cstart=200&pagesize=100&citation_for_view=JyiFKagAAAAJ:35N4QoGY0k4C,,JNC14,"Ch EL Hage, R Younès, Z Aboura, ML Benzeggagh, M Zoaeter",,Unclassified,0.0
,"16e Colloque VIBRATIONS, CHOCS et BRUIT","ETUDE DE LA STABILITE DES VIBRATIONS DE L'USINAGE STABILITY STADY FOR CUTTING VIBRATIONS*
R Younes, J Chalfoun, Y Alayli, P Wagstaff
Related articles All 4 versions",2004/6,,,,,,,"Nonlinear Control, Engineering Optimization, Energy Management, Homogenization, Multidisciplinary Optimization.",,Rafic Younes,,,ETUDE DE LA STABILITE DES VIBRATIONS DE L'USINAGE,,,,https://scholar.google.com/citations?view_op=view_citation&hl=en&user=JyiFKagAAAAJ&cstart=200&pagesize=100&citation_for_view=JyiFKagAAAAJ:TQgYirikUcIC,,,"Rafic Younes, Joe Chalfoun, Yasser Alayli, Peter Wagstaff",,Unclassified,0.0
,,"Forces estimation by penalised Lagrangian method for virtual and biological applications*
J Chalfoun, R Younes, FB Ouezdou - Journal AMSE-Section Modelling C
Related articles All 2 versions",2004,65.0,,,,,,"Nonlinear Control, Engineering Optimization, Energy Management, Homogenization, Multidisciplinary Optimization.",,Rafic Younes,,,Forces Estimation by Penalised Lagrangian Method For Virtual and Biological Applications,,Journal AMSE-Section Modelling C,,https://scholar.google.com/citations?view_op=view_citation&hl=en&user=JyiFKagAAAAJ&cstart=200&pagesize=100&citation_for_view=JyiFKagAAAAJ:M3ejUd6NZC8C,7,A.M.S.E.,"J Chalfoun, R Younes, FB Ouezdou",,Unclassified,0.0
,,"Knowledge model for diesel engine with variable nozzle turbocharger in order to optimize its emissions
R Younes - HAL, 1993
Related articles",1993,1993.0,,,,,,"Nonlinear Control, Engineering Optimization, Energy Management, Homogenization, Multidisciplinary Optimization.",,Rafic Younes,,,Knowledge model for diesel engine with variable nozzle turbocharger in order to optimize its emissions,,HAL,,https://scholar.google.com/citations?view_op=view_citation&hl=en&user=JyiFKagAAAAJ&cstart=200&pagesize=100&citation_for_view=JyiFKagAAAAJ:8d8msizDQcsC,,,Rafic Younes,"Les moteurs à combustion interne alternatifs sont soumis aujourd'hui à de très fortes contraintes relatives à la séverisation des normes de pollution et à la diminution de la consommation. Parmi les technologies concurrentes pour y satisfaire en moteur Diesel, le turbocompresseur à géométrie variable (TGV) représente une solution réaliste au plan de la réalisation technique. Dans ce travail, est étudiée l'incidence de son introduction sur les émissions et la consommation du moteur afin de pouvoir réaliser ultérieurement une commande basée sur un critère combiné de pollution et de consommation. Après avoir inventorié les diverses méthodes de modélisation, on élabore, dans une première étape, un modèle du moteur Diesel suralimenté en régime transitoire. Ce modèle non-lineaire est simple, mais suffisamment précis et rapide en temps de calcul pour permettre l'élaboration de la commande ultérieure, II utilise des sous-modèles soit corrélatifs, soit de connaissance, pour décrire à la fois les évolutions des variables internes telles que la vitesse de rotation du moteur et la pression de suralimentation, et aussi les variables caractérisant la pollution telles que les hydrocarbures imbrûlés et l'opacité des fumées. Des essais ont été réalises sur un moteur Diesel de puissance 250 kW, suralimente par TGV Pour diverses positions des aubages du distributeur. Lis ont permis, d'une part de mettre en évidence l'influence de cette technique de suralimentation sur les divers polluants émis par ce moteur, et d'autre part de comparer les réponses simulées, grâce au modèle proposé, aux mesures faites sur le banc d'essai-moteur. L'erreur relative moyenne …",engineering optimization,0.4
,,"AUTHOR STATEMENT
P Rizk, R Younes
Related articles",,,https://www.academia.edu/download/92020365/j.rsase.2020.10029120221005-1-u00xbt.pdf,,,,,"Nonlinear Control, Engineering Optimization, Energy Management, Homogenization, Multidisciplinary Optimization.",,Rafic Younes,,,AUTHOR STATEMENT,,,,https://scholar.google.com/citations?view_op=view_citation&hl=en&user=JyiFKagAAAAJ&cstart=200&pagesize=100&citation_for_view=JyiFKagAAAAJ:DJbcl8HfkQkC,,,"Patrick Rizk, Rafic Younes","Despite the enhancement in the wind energy sector, the wind turbine industry still faces certain limitations due to some manufacturing and environmental factors. Blades are one of the major components of the wind turbine. During their lifetime, these blades are susceptible to deterioration and normal wear and tear that limit their efficiency and result in higher maintenance costs and longer turbine downtime. Periodic inspections must be performed to detect faults at an early stage and help in mitigating these shortcomings. Many methods were used for this purpose such as: ultrasound, sonic IR, vibration analysis and others. Recent developments have seen a trend of using remote inspection techniques that eliminate the need for human access to the blades. Hyperspectral imaging or imaging spectroscopy is a non-destructive and fast monitoring technique in remote sensing. It is widely used in various classification, and detection fields. In this study, the potential of the use of hyperspectral imaging system in the detection of wind turbine blade damage and icing incident is introduced. Specifically, this study lists the types of damage, its causes, and the techniques used to detect it. Finally, current problems and promising attempts for",energy management,0.203
,,"Neural Network for prediction of the muscle forces in the Human Hand and Forearm system
H El Daou, B El Hajjar, R Younès, F Ben
Related articles All 2 versions",,,https://citeseerx.ist.psu.edu/document?repid=rep1&type=pdf&doi=c1cee4534f30d7136eea8ef07645b0d6c086c38e,,,,,"Nonlinear Control, Engineering Optimization, Energy Management, Homogenization, Multidisciplinary Optimization.",,Rafic Younes,,,Neural Network for prediction of the muscle forces in the Human Hand and Forearm system,,,,https://scholar.google.com/citations?view_op=view_citation&hl=en&user=JyiFKagAAAAJ&cstart=200&pagesize=100&citation_for_view=JyiFKagAAAAJ:QIV2ME_5wuYC,,,"Hadi El Daou, Bilal El Hajjar, Rafic Younès, Fethi Ben","L’objectif principal de ce papier est de pouvoir estimer, par les réseaux de neurones, les forces musculaires lors d’une activité libre quelconque du système humain bras/main. Nous avons étudié 3 mouvements pour ce système. Le vecteur force nécessaire pour l’entraînement du réseau est issu des méthodes d’optimisation non linéaire. Le premier mouvement est utilisé pour un apprentissage par block du réseau neuronal, le deuxième mouvement sert pour effectuer un apprentissage adaptatif et le troisième valide le réseau obtenu. Nous avons pu proposer deux réseaux de neurones: Un premier pour estimer les forces dans les muscles et un second permettant de les classer en deux catégories: forces nulles ou non nulles.",Unclassified,0.0
,,"Physiological and biomechanical approach for Human upper limb movement: Modeling and experimental validation
J Chalfoun, R Younès, FB Ouezdou
Related articles",,,,,,,,"Nonlinear Control, Engineering Optimization, Energy Management, Homogenization, Multidisciplinary Optimization.",,Rafic Younes,,,Physiological and biomechanical approach for Human upper limb movement: Modeling and experimental validation,,,,https://scholar.google.com/citations?view_op=view_citation&hl=en&user=JyiFKagAAAAJ&cstart=200&pagesize=100&citation_for_view=JyiFKagAAAAJ:9ZlFYXVOiuMC,,,"J Chalfoun, R Younès, FB Ouezdou","This paper deals with development of a highly realistic human hand and forearm model. The model contains 38 muscles and 24 degrees of freedom representing the joints of the system. The adopted model has to be as close as possible to the reality of the human being hand, to address several features linked to manipulation tasks, grasping objects and daily routine movements like shaving, writing, etc. In addition, a better comprehension of the biomechanical and neuromuscular behavior of the system is aimed. This will allow having a tool for the simulation of repairing surgery, acts such as tendon transfer. In this paper, we focus on the muscle forces, deformations and activations determination for a given task. An optimization technique is used to solve the redundant problem over the 24 joints of the system. Also, a muscle model is used and is integrated in the optimization technique, in order to determine …",engineering optimization,0.204
