Book,Conference,Scholar articles,Publication date,Volume,PDF Link,Patent office,Report number,Source,Pages,Research Interests,Total citations,Researcher Name,Inventors,Patent number,Title,Institution,Journal,Application number,Scholar Link,Issue,Publisher,Authors,Description,Classified_Topic,Classification_Confidence
,,"Recent progress on titanium dioxide nanomaterials for photocatalytic applications
M Nasr, C Eid, R Habchi, P Miele, M Bechelany - ChemSusChem, 2018
Cited by 339 Related articles All 11 versions",2018/9/21,11.0,https://hal.umontpellier.fr/hal-01895429/file/ChemSusChem%2C%202018%2C%2011%2C%203023-3047.pdf,,,,3023-3047,"Physics, materials science",Cited by 339,Roland Habchi,,,Recent progress on titanium dioxide nanomaterials for photocatalytic applications,,ChemSusChem,,https://scholar.google.com/citations?view_op=view_citation&hl=en&user=IWx6HeAAAAAJ&citation_for_view=IWx6HeAAAAAJ:Wp0gIr-vW9MC,18,,"Maryline Nasr, Cynthia Eid, Roland Habchi, Philippe Miele, Mikhael Bechelany","Environmental and energy problems have drawn much attention owing to rapid population growth and accelerated economic development. For instance, photocatalysis, “a green technology”, plays an important role in solar‐energy conversion owing to its potential to solve energy and environmental problems. Recently, many efforts have been devoted to improving visible‐light photocatalytic activity by using titanium dioxide as a photocatalyst as a result of its wide range of applications in the energy and environment fields. However, fast charge recombination and an absorption edge in the UV range limit the photocatalytic efficiency of TiO2 under visible‐light irradiation. Many investigations have been undertaken to overcome the limitations of TiO2 and, therefore, to enhance its photocatalytic activity under visible light. The present literature review focuses on different strategies used to promote the separation …",materials science,0.2
,,"A review on flexible gas sensors: From materials to devices
R Alrammouz, J Podlecki, P Abboud, B Sorli, R Habchi - Sensors and Actuators A: Physical, 2018
Cited by 237 Related articles All 4 versions",2018/12/1,284.0,,,,Sensors and Actuators A: Physical,209-231,"Physics, materials science",Cited by 237,Roland Habchi,,,A review on flexible gas sensors: From materials to devices,,,,https://scholar.google.com/citations?view_op=view_citation&hl=en&user=IWx6HeAAAAAJ&citation_for_view=IWx6HeAAAAAJ:9ZlFYXVOiuMC,,Elsevier,"Rouba Alrammouz, Jean Podlecki, Pascale Abboud, Brice Sorli, Roland Habchi","This review discusses the recent developments of flexible chemiresistive gas sensors, focusing on the main materials and fabrication techniques. This article provides a detailed description of the substrates used in the flexible gas sensing industry. It also highlights the main challenges faced when integrating a sensing layer on paper, textile or polymeric substrates. A detailed study of the sensing materials in terms of structural properties and sensing mechanisms is presented. This study uses examples of gas sensors to explain the sensing mechanisms and to emphasize the functionalization effect on the sensing performance of a material. It also highlights the exceptions in polymers sensing behavior. Since flexible substrates can’t sustain high temperatures, the main techniques used to fabricate flexible gas sensors are explained such as coating, printing, physical vapor deposition, in situ-growth, in situ …",physics,0.4
,,"Enhanced visible-light photocatalytic performance of electrospun rGO/TiO2 composite nanofibers
M Nasr, S Balme, C Eid, R Habchi, P Miele… - The Journal of Physical Chemistry C, 2017
Cited by 141 Related articles All 8 versions",2017/1/12,121.0,"https://hal.umontpellier.fr/hal-01674790/file/Journal%20of%20Physical%20Chemistry%20C,%202017,%20121,%20261%E2%80%93269.pdf",,,,261-269,"Physics, materials science",Cited by 141,Roland Habchi,,,Enhanced Visible-Light Photocatalytic Performance of Electrospun rGO/TiO2 Composite Nanofibers,,The Journal of Physical Chemistry C,,https://scholar.google.com/citations?view_op=view_citation&hl=en&user=IWx6HeAAAAAJ&citation_for_view=IWx6HeAAAAAJ:LkGwnXOMwfcC,1,American Chemical Society,"Maryline Nasr, Sébastien Balme, Cynthia Eid, Roland Habchi, Philippe Miele, Mikhael Bechelany","Reduced graphene oxide (rGO)/titanium dioxide (TiO2) composite nanofibers as photocatalytic materials were successfully elaborated by using electrospinning. The as-spun nanofibers with controlled ratio of rGO were annealed at 500 °C under nitrogen in a tubular furnace. Structural, morphological, and optical characterizations demonstrate the success of rGO incorporation in the TiO2 nanofibers. The performances of these nanocomposites for photocatalytic application have been evaluated. The presence of rGO sheets decreases the band gap energy of TiO2 NFs from 3.2 to 2.9 eV. Hence, in the photodegradation of methyl orange (MO), a significant enhancement in the reaction rate was observed with rGO/TiO2 (2 wt %) composite NFs compared to commercial TiO2-P25. In addition, the kinetic of MO degradation by rGO/TiO2 (2 wt %) composite NFs is 6 times higher than that by commercial TiO2. Thus, the …",materials science,0.204
,,"Highly porous and flexible capacitive humidity sensor based on self-assembled graphene oxide sheets on a paper substrate
R Alrammouz, J Podlecki, A Vena, R Garcia, P Abboud… - Sensors and Actuators B: Chemical, 2019
Cited by 125 Related articles All 4 versions",2019/11/1,298.0,https://www.sciencedirect.com/science/article/am/pii/S0925400519310913,,,,126892,"Physics, materials science",Cited by 125,Roland Habchi,,,Highly porous and flexible capacitive humidity sensor based on self-assembled graphene oxide sheets on a paper substrate,,Sensors and Actuators B: Chemical,,https://scholar.google.com/citations?view_op=view_citation&hl=en&user=IWx6HeAAAAAJ&citation_for_view=IWx6HeAAAAAJ:hC7cP41nSMkC,,Elsevier,"R Alrammouz, Jean Podlecki, A Vena, Ricardo Garcia, P Abboud, R Habchi, B Sorli","This paper reports the fabrication of capacitive humidity sensors by integrating a graphene oxide sensing layer inside paper substrates. Graphene oxide sheets were self-assembled on the papers’ fibers. A comparative study between several sensors with different concentrations of graphene oxide and different processing times in the graphene oxide suspension is reported. Its aim is to optimize the sensing layer in terms of concentration and thickness towards the fabrication of highly sensitive and porous sensors. The morphology of the fabricated sensors was characterized using scanning electron microscopy, their structure and chemical composition using Raman and infrared spectroscopies. The washability and mechanical strength of the graphene oxide coated paper were tested in water and in an ultrasonic bath. Last, the sensing capabilities of the fabricated devices were tested for a relative humidity ranging …",Unclassified,0.0
,,"Superparamagnetic Fe3O4 nanoparticles, synthesis and surface modification
M Abboud, S Youssef, J Podlecki, R Habchi… - Materials Science in Semiconductor Processing, 2015
Cited by 101 Related articles All 6 versions",2015/11/1,39.0,https://www.researchgate.net/profile/Jean-Podlecki/publication/279175322_Superparamagnetic_Fe3O4_nanoparticles_synthesis_and_surface_modification/links/6171871a766c4a211c084441/Superparamagnetic-Fe3O4-nanoparticles-synthesis-and-surface-modification.pdf,,,,641-648,"Physics, materials science",Cited by 101,Roland Habchi,,,"Superparamagnetic Fe3O4 nanoparticles, synthesis and surface modification",,Materials Science in Semiconductor Processing,,https://scholar.google.com/citations?view_op=view_citation&hl=en&user=IWx6HeAAAAAJ&citation_for_view=IWx6HeAAAAAJ:UebtZRa9Y70C,,Pergamon,"Maher Abboud, Sami Youssef, Jean Podlecki, Roland Habchi, Georges Germanos, Alain Foucaran","Magnetite nanoparticles have been synthesized through a co-precipitation of iron (Fe3+ and Fe2+), and were characterized using Fourier-transform infrared spectroscopy (FT-IR), X-ray diffraction (XRD), transmission electron microscopy (TEM), thermogravimetric analysis (TGA) and superconducting quantum interference device magnetometer (SQUID). The particles have been modified by several types of stabilizers such as polyethylene glycol (PEG 4000), sodium citrate, and ethylenediaminetetraacetic acid (Na2H2Y·2H2O). These nanoparticles are nearly spherical with an average diameter 12 nm. The capping agents have been successfully anchored to the surface, as revealed by the absorption bands in infrared, and the adsorbed quantities are evaluated by TGA analysis. Magnetization of these magnetic nanoparticles was almost zero at room temperature in the absence of an applied magnetic field, indicating …",Unclassified,0.0
,,"Enhanced photocatalytic performance of novel electrospun BN/TiO 2 composite nanofibers
M Nasr, R Viter, C Eid, R Habchi, P Miele, M Bechelany - New Journal of Chemistry, 2017
Cited by 96 Related articles All 8 versions",2017,41.0,https://hal.umontpellier.fr/hal-01675184/document,,,,81-89,"Physics, materials science",Cited by 96,Roland Habchi,,,Enhanced photocatalytic performance of novel electrospun BN/TiO 2 composite nanofibers,,New Journal of Chemistry,,https://scholar.google.com/citations?view_op=view_citation&hl=en&user=IWx6HeAAAAAJ&citation_for_view=IWx6HeAAAAAJ:d1gkVwhDpl0C,1,Royal Society of Chemistry,"Maryline Nasr, Roman Viter, Cynthia Eid, Roland Habchi, Philippe Miele, Mikhael Bechelany","High activity boron nitride/titanium dioxide (BN/TiO2) composite nanofiber photocatalysts were synthesized for the first time via the electrospinning technique. The as-spun nanofibers with a controlled ratio of boron nitride nanosheets (BN) were calcined under air at 500 °C for 4 hours. Their morphological, structural and optical properties were studied by scanning electron microscopy (SEM), X-ray diffraction (XRD), energy-dispersive X-ray spectroscopy (EDX), BET surface area, Fourier-transform infrared (FTIR), Raman spectroscopy, UV-Visible spectrophotometry and room temperature photoluminescence (PL). The effect of loading different BN sheet amounts on the photocatalytic degradation of methyl orange (MO) was investigated. The results indicated that the presence of BN sheets improved the separation of the photo-induced electron–hole pairs in TiO2 and increased the band gap energy and the specific …",Unclassified,0.0
,,"High photodegradation and antibacterial activity of BN–Ag/TiO 2 composite nanofibers under visible light
M Nasr, L Soussan, R Viter, C Eid, R Habchi, P Miele… - New Journal of Chemistry, 2018
Cited by 92 Related articles All 7 versions",2018,42.0,https://hal.umontpellier.fr/hal-01696995/file/New%20journal%20of%20chemistry%2C%202018%2C%2042%2C%201250-1259.pdf,,,,1250-1259,"Physics, materials science",Cited by 92,Roland Habchi,,,High photodegradation and antibacterial activity of BN–Ag/TiO 2 composite nanofibers under visible light,,New Journal of Chemistry,,https://scholar.google.com/citations?view_op=view_citation&hl=en&user=IWx6HeAAAAAJ&citation_for_view=IWx6HeAAAAAJ:_kc_bZDykSQC,2,Royal Society of Chemistry,"M Nasr, L Soussan, R Viter, C Eid, R Habchi, P Miele, M Bechelany","To develop material with good photocatalytic properties for organic compound degradation and bacterial removal, we produced Ag/TiO2 and BN–Ag/TiO2 composite nanofibers that included controlled amounts of boron nitride (BN) nanosheets and silver (Ag). After annealing at 500 °C under air, we used scanning electron microscopy, transmission electron microscopy, Brunauer–Emmet–Teller analysis, X-ray diffraction, energy-dispersive X-ray spectroscopy, Raman spectroscopy, UV-visible reflectance spectroscopy and room temperature photoluminescence to investigate the morphological, structural and optical properties of all samples. The photocatalytic tests using methylene blue under visible light, in repeated and long-term applications, showed that the photodegradation activity of BN(5 wt%)–Ag(3 wt%)/TiO2 composite nanofibers was 17.2 and 2.3 times higher than that of pure TiO2 and Ag(3 wt%)/TiO2 …",materials science,0.2
,,"A review on the current research on graphene-based aerogels and their applications
G Nassar, E Daou, R Najjar, M Bassil, R Habchi - Carbon Trends, 2021
Cited by 83 Related articles All 2 versions",2021/7/1,4.0,https://www.sciencedirect.com/science/article/pii/S2667056921000420,,,Carbon trends,100065,"Physics, materials science",Cited by 83,Roland Habchi,,,A review on the current research on graphene-based aerogels and their applications,,,,https://scholar.google.com/citations?view_op=view_citation&hl=en&user=IWx6HeAAAAAJ&citation_for_view=IWx6HeAAAAAJ:TQgYirikUcIC,,Elsevier,"Gaelle Nassar, Elissa Daou, Rita Najjar, Maria Bassil, Roland Habchi","Graphene aerogels (GAs) are amongst the lightest materials in the world. They attracted increasing interest in academia and industry because of their exceptional and unique properties, like high mechanical strength, electrical conductivity, thermal resistance, and adsorption capacity. In this review, we describe advances in research and development of a variety of methods that lead to the synthesis of graphene-based aerogels. First, the main common methods for producing GAs are examined, such as chemical reduction, hydrothermal reduction, crosslinking, polymerization methods, and template-directed reduction. Furthermore, the advancement of the 3D printing of GAs is presented. These methods resulted in GAs with porous hierarchical textures, low densities, and improved electrical conductivities, robust mechanical properties, better stability, and excellent adsorption potential. Then, the promising potential …",materials science,0.204
,,"Synthesis of novel ZnO/ZnAl 2 O 4 multi co-centric nanotubes and their long-term stability in photocatalytic application
M Nasr, R Viter, C Eid, F Warmont, R Habchi, P Miele… - RSC advances, 2016
Cited by 54 Related articles All 7 versions",2016,6.0,"https://hal.umontpellier.fr/hal-01688214/file/RSC%20advances,%202016,%206,%20103692%20-%20103699.pdf",,,,103692-103699,"Physics, materials science",Cited by 54,Roland Habchi,,,Synthesis of novel ZnO/ZnAl 2 O 4 multi co-centric nanotubes and their long-term stability in photocatalytic application,,RSC Advances,,https://scholar.google.com/citations?view_op=view_citation&hl=en&user=IWx6HeAAAAAJ&citation_for_view=IWx6HeAAAAAJ:4TOpqqG69KYC,105,Royal Society of Chemistry,"Maryline Nasr, Roman Viter, Cynthia Eid, Fabienne Warmont, Roland Habchi, Philippe Miele, Mikhael Bechelany","Based on the Kirkendall effect, novel double, triple and quadruple co-centric nanotubes of ZnO/ZnAl2O4 have been successfully fabricated by combining the two techniques of electrospinning and atomic layer deposition. The as-prepared samples were annealed at 900 °C under air. Their morphological, structural and optical properties were studied by Scanning Electron Microscopy (SEM), transmission electron microscopy (TEM), X-ray diffraction (XRD), Energy-Dispersive X-ray spectroscopy (EDX), UV-visible spectrophotometry, Raman spectroscopy, photoluminescence (PL) and reflectance emission. The performances and long-term stability of these multi co-centric nanotubes for photocatalytic applications have been evaluated under the same conditions. As result, in the photodegradation of methyl orange (MO) under UV irradiation, the triple and quadruple co-centric nanotubes of ZnO/ZnAl2O4 exhibit a higher …",Unclassified,0.0
,,"New fossiliferous sites with Barremian Charophyta in the"" Grès du Liban"" auct.(Lebanon), with a critical perspective regarding the nature of Munieria Deecke, 1883
B Granier, D Azar, S Maksoud, R Gèze, R Habchi - Carnets Geol., 2015
Cited by 41 Related articles All 5 versions",2015/11/11,15.0,http://paleopolis.rediris.es/cg/15/15/,,,,199,"Physics, materials science",Cited by 41,Roland Habchi,,,"New fossiliferous sites with Barremian Charophyta in the"" Grès du Liban"" auct.(Lebanon), with a critical perspective regarding the nature of Munieria Deecke, 1883",,Carnets Geol.,,https://scholar.google.com/citations?view_op=view_citation&hl=en&user=IWx6HeAAAAAJ&citation_for_view=IWx6HeAAAAAJ:Y0pCki6q_DkC,15,"Carnets de Géologie, Madrid","Bruno Granier, Dany Azar, Sibelle Maksoud, Raymond Gèze, Roland Habchi","The"" Grès du Liban"" auct. is the thick basal unit of the Lower Cretaceous series in Lebanon. There are two key levels in this dominantly siliciclastic unit: the"" Banc de Mréjatt"" and the"" Calcaire à pisolithes"", the latter of which includes limestones and marls with Charophyta. The rich charophyte assemblage described by Grambast and Lorch (1968) from a site near Jezzine is Barremian (possibly Early Barremian) in age, not Bedoulian as previously stated. Besides gyrogonites and utricles, charophyte thalli are rather common; they are ascribed to two organ genera, Munieria Deecke, 1883, and Charaxis Harris, 1939. Based on topotypic material (from the Pia Collection), Munieria baconica Deecke, 1883, the type-species of the genus, is reassessed. In addition, the species Clypeina parvula Carozzi, 1946, is transferred to the revised genus Munieria, and a new species of Charaxis is described.",materials science,0.2
,,"A review of cost-effective black silicon fabrication techniques and applications
J Soueiti, R Sarieddine, H Kadiri, A Alhussein… - Nanoscale, 2023
Cited by 37 Related articles All 4 versions",2023,15.0,,,,Nanoscale,4738-4761,"Physics, materials science",Cited by 37,Roland Habchi,,,A review of cost-effective black silicon fabrication techniques and applications,,,,https://scholar.google.com/citations?view_op=view_citation&hl=en&user=IWx6HeAAAAAJ&citation_for_view=IWx6HeAAAAAJ:maZDTaKrznsC,10,Royal Society of Chemistry,"Jimmy Soueiti, Rim Sarieddine, Hind Kadiri, Akram Alhussein, Gilles Lerondel, Roland Habchi","Ever since the discovery of black silicon, scientists around the world have been trying to come up with novel, cost-effective methods of utilizing this super material in a variety of different industries due to its remarkably low reflectivity and excellent electronic and optoelectronic properties. In this review, many of the most common methods of black silicon fabrication are exhibited, including metal-assisted chemical etching, reactive ion etching, and femto-second laser irradiation. Different nanostructured silicon surfaces are assessed based on their reflectivity and applicable properties in both the visible wavelength range and the infrared range. The most cost efficient technique for the mass production of black silicon is discussed, as well as some promising contender materials ready to replace silicon. Also, solar cell, IR photo-detector, and antibacterial applications are looked into, along with their respective challenges to …",materials science,0.404
,,"Optical and structural properties of Al2O3 doped ZnO nanotubes prepared by ALD and their photocatalytic application
M Nasr, R Viter, C Eid, R Habchi, P Miele, M Bechelany - Surface and Coatings Technology, 2018
Cited by 35 Related articles All 6 versions",2018/6/15,343.0,https://hal.umontpellier.fr/hal-01675268/file/Surface%20and%20Coatings%20Technology%2C%202018%2C%20343%2C%2024-29%20.pdf,,,,24-29,"Physics, materials science",Cited by 35,Roland Habchi,,,Optical and structural properties of Al2O3 doped ZnO nanotubes prepared by ALD and their photocatalytic application,,Surface and Coatings Technology,,https://scholar.google.com/citations?view_op=view_citation&hl=en&user=IWx6HeAAAAAJ&citation_for_view=IWx6HeAAAAAJ:3fE2CSJIrl8C,,Elsevier,"Maryline Nasr, Roman Viter, Cynthia Eid, Roland Habchi, Philippe Miele, Mikhael Bechelany","Al2O3 doped ZnO nanotubes with controlled ratio of Al2O3 were successfully designed by combining the two techniques of atomic layer deposition (ALD) and electrospinnig. In order to study the effect of Al2O3 doping on optical and structural properties of Al2O3 doped ZnO nanotubes, the prepared samples were analyzed by scanning electron microscopy (SEM), X-ray diffraction (XRD), energy-dispersive X-ray spectroscopy (EDX), Fourier-transform infrared (FTIR), reflectance emission and room temperature photoluminescence (PL). The photocatalytic activity and stability of these materials under UV light was studied by the photodegradation of methyl orange (MO). The results indicate that Al2O3 doping increases the disorder (defects and oxygen vacancies formation) in the ZnO nanostructure which improves the separation efficiency of electron-hole pairs and therefore enhances the photocatalytic activity (5 times …",materials science,0.204
,,"Evaluation of the effect of different types of abrasive surface treatment before and after zirconia sintering on its structural composition and bond strength with resin cement
H Skienhe, R Habchi, H Ounsi, M Ferrari, Z Salameh - BioMed research international, 2018
Cited by 35 Related articles All 11 versions",2018,2018.0,https://onlinelibrary.wiley.com/doi/pdf/10.1155/2018/1803425,,,,1803425,"Physics, materials science",Cited by 35,Roland Habchi,,,Evaluation of the effect of different types of abrasive surface treatment before and after zirconia sintering on its structural composition and bond strength with resin cement,,BioMed research international,,https://scholar.google.com/citations?view_op=view_citation&hl=en&user=IWx6HeAAAAAJ&citation_for_view=IWx6HeAAAAAJ:qxL8FJ1GzNcC,1,Hindawi,"Hasan Skienhe, Roland Habchi, Hani Ounsi, Marco Ferrari, Ziad Salameh","This study evaluated the effect of air abrasion before and after sintering with different particle type, shape, and size on the surface morphology, monoclinic phase transformation, and bond strength between resin cement and zirconia surface using primer containing silane and MDP. Airborne particle abrasion (APA) was performed on zirconia before and after sintering with different particle shape and size (50 μm Al2O3 and 25 μm silica powder). 120 square shaped presintered zirconia samples (Amann Girrbach) were prepared (3 mm height × 10 mm width × 10 mm length) and polished with grit papers #800, 1000, 1200, 1500, and 2000. Samples were divided into 6 groups according to surface treatment—group A: (control) no surface treatment; group B: APA 50 μm Al2O3 before sintering (BS); group C: APA 50 μm Al2O3 after sintering (AS); group D: APA25 μm silica powder (BS); group E: APA25 μm silica …",Unclassified,0.0
,,"Ion-selectivity advancements in capacitive deionization: a comprehensive review
M Tauk, M Bechelany, P Sistat, R Habchi, M Cretin… - Desalination, 2024
Cited by 34 Related articles All 3 versions",2024/3/1,572.0,https://www.sciencedirect.com/science/article/am/pii/S0011916423007786,,,Desalination,117146,"Physics, materials science",Cited by 34,Roland Habchi,,,Ion-selectivity advancements in capacitive deionization: a comprehensive review,,,,https://scholar.google.com/citations?view_op=view_citation&hl=en&user=IWx6HeAAAAAJ&citation_for_view=IWx6HeAAAAAJ:blknAaTinKkC,,Elsevier,"Myriam Tauk, Mikhael Bechelany, Philippe Sistat, Roland Habchi, Marc Cretin, Francois Zaviska","In the past decade, the applications of capacitive deionization have expanded to encompass resource recovery and targeted ion separation in complex solutions, besides water desalination. This comprehensive review discusses the underlying mechanisms of selective ion removal from mixed salt solutions using various electrode materials and membranes. Various mechanisms of ion selectivity are explored, considering different factors (for example, electrode pore characteristics, ion valence, operational parameters) and different chemical modifications. It also investigates ion selectivity in flow-electrode capacitive deionization. A meticulous analysis of the relevant literature from the first publications to the most recent findings allowed describing the progress in electrode and membrane preparation, theoretical knowledge, and respective roles. Furthermore, this review explores the definition and utilization of ion …",materials science,0.205
,,"“Intensification of Vaporization by Decompression to the Vacuum”(IVDV), a novel technology applied as a pretreatment to improve polyphenols extraction from olive leaves
AM Abi-Khattar, HN Rajha, RM Abdel-Massih… - Food Chemistry, 2021
Cited by 29 Related articles All 6 versions",2021/4/16,342.0,https://www.researchgate.net/profile/Esperance-Debs/post/Hello_Im_working_on_antioxidant_of_plant_extract_by_different_solvent_methanol_and_ethanol_and_n_hexane_I_prepared_DPPH_with_ethanol_and_my/attachment/6200e1caf5675b211b238988/AS%3A1120774912000006%401644224970353/download/%E2%80%9CIntensification+of+Vaporization+by+Decompression+to+the+Vacuum%E2%80%9D+%28IVDV%29%2C+anovel+technology+applied+as+a+pretreatment+to+improve+polyphenols+extraction+from+olive+leaves.pdf,,,,128236,"Physics, materials science",Cited by 29,Roland Habchi,,,"“Intensification of Vaporization by Decompression to the Vacuum”(IVDV), a novel technology applied as a pretreatment to improve polyphenols extraction from olive leaves",,Food Chemistry,,https://scholar.google.com/citations?view_op=view_citation&hl=en&user=IWx6HeAAAAAJ&citation_for_view=IWx6HeAAAAAJ:HDshCWvjkbEC,,Elsevier,"Anna-Maria Abi-Khattar, Hiba N Rajha, Roula M Abdel-Massih, Roland Habchi, Richard G Maroun, Espérance Debs, Nicolas Louka","Impact of the “Intensification of Vaporization by Decompression to the Vacuum” (IVDV) on extraction of polyphenols from olive leaves was investigated. Using Response Surface Methodology, the effect of three variables were studied: initial water content of leaves, processing time and steam pressure on total phenolic content (TPC). Extractions of TPC from leaves were achieved either using 100% water as a solvent (w100), or 50% (v/v) aqueous ethanol (w50). Following IVDV pretreatment, TPC yields were enhanced with both solvents by approximately 3 times compared to the negative controls. Furthermore, oleuropein and hydroxytyrosol were intensified by up to 600% and 238% respectively. Antioxidant-antiradical assays revealed higher activities, up to 3.5 times, in extracts from IVDV-treated leaves. Calculation of the extraction indices Zp, reflecting cellular damage, confirmed the beneficial effect of IVDV on the …",Unclassified,0.0
,,"The effect of reverse current on the dark properties of photovoltaic solar modules
J Sidawi, R Habchi, N Abboud, A Jaafar, F Al Allouch… - Energy Procedia, 2011
Cited by 27 Related articles All 8 versions",2011/1/1,6.0,https://www.sciencedirect.com/science/article/pii/S1876610211014950/pdf?md5=56532319edeb23fd6e87ea54771a543a&pid=1-s2.0-S1876610211014950-main.pdf&_valck=1,,,,743-749,"Physics, materials science",Cited by 27,Roland Habchi,,,The effect of reverse current on the dark properties of photovoltaic solar modules,,Energy Procedia,,https://scholar.google.com/citations?view_op=view_citation&hl=en&user=IWx6HeAAAAAJ&citation_for_view=IWx6HeAAAAAJ:0EnyYjriUFMC,,Elsevier,"J Sidawi, R Habchi, N Abboud, Ali Jaafar, Faisal Al Allouch, G El Haj Moussa, M Aillerie, P Petit, Abdallah Zegaoui, Chafic Salame","Forward and reverse dark current-voltage (I-V) and capacitance-voltage (C-V) characteristics of commercial amorphous silicon solar modules, were measured in order to study their performance under the influence of induced reverse currents. Maximum module surface temperatures were directly related to each value of the induced reverse current and in to the amount of current leakage respectively. Microscopic changes as a result of hot spots defects and overheating of the solar module, linked to reverse current effects, were also documented and discussed. Experimental evidence showed that different levels of reverse currents are confirmed to be a major degrading factor affecting the performance, efficiency, and power of solar modules.",Unclassified,0.0
,,"Urchin-inspired ZnO-TiO2 core-shell as building blocks for dye sensitized solar cells
C Karam, C Guerra-Nuñez, R Habchi, Z Herro… - Materials & Design, 2017
Cited by 26 Related articles All 7 versions",2017/7/15,126.0,https://hal.umontpellier.fr/hal-01675167/file/Materials%20%26%20Design%2C%202017%2C%20126%2C%20314-321.pdf,,,,314-321,"Physics, materials science",Cited by 26,Roland Habchi,,,Urchin-inspired ZnO-TiO2 core-shell as building blocks for dye sensitized solar cells,,Materials & Design,,https://scholar.google.com/citations?view_op=view_citation&hl=en&user=IWx6HeAAAAAJ&citation_for_view=IWx6HeAAAAAJ:IjCSPb-OGe4C,,Elsevier,"Chantal Karam, Carlos Guerra-Nuñez, Roland Habchi, Ziad Herro, Nadine Abboud, Antonio Khoury, Sophie Tingry, Philippe Miele, Ivo Utke, Mikhael Bechelany","We applied the core-shell concept to an urchin-inspired ZnO nanowire photoanode building block as a means to increase the electron transport and reduce recombination between nanowire and electrolyte. Dye-sensitized solar cells (DSSCs) were prepared, for the first time, from arrays of urchin-like ZnO nanowire building blocks covered with a thin layer of anatase TiO2 by atomic layer deposition (ALD). An increase in the cell open-circuit voltage (VOC) and an improvement in the conversion efficiency were observed when the urchin-like ZnO building blocks were coated with 10 nm thick TiO2 ALD shells in combination with 10 μm thick top layer of TiO2 nanoparticles of 15.8 nm size. Using urchin-like ZnO nanowires as building blocks can improve the light-scattering and provide a higher surface area with a great control of the nanowire dimensions to increase the dye loading and reduce the electron collection path …",Unclassified,0.0
,,"Analysis of ultraviolet photo-response of ZnO nanostructures prepared by electrodeposition and atomic layer deposition
H Makhlouf, C Karam, A Lamouchi, S Tingry, P Miele… - Applied Surface Science, 2018
Cited by 25 Related articles All 6 versions",2018/6/30,444.0,https://hal.umontpellier.fr/hal-01774661/document,,,,253-259,"Physics, materials science",Cited by 25,Roland Habchi,,,Analysis of ultraviolet photo-response of ZnO nanostructures prepared by electrodeposition and atomic layer deposition,,Applied Surface Science,,https://scholar.google.com/citations?view_op=view_citation&hl=en&user=IWx6HeAAAAAJ&citation_for_view=IWx6HeAAAAAJ:Se3iqnhoufwC,,North-Holland,"Houssin Makhlouf, Chantal Karam, Amina Lamouchi, Sophie Tingry, Philippe Miele, Roland Habchi, Radhouane Chtourou, Mikhael Bechelany","In this work, ZnO nanowires (ZnO NWs) and urchin-like ZnO nanowires (U-ZnO NWs) based on self-assembled ordered polystyrene sphere (PS) were successfully prepared by combining atomic layer deposition (ALD) and electrochemical deposition (ECD) processes to build UV photosensors. The photo-response of the prepared samples was investigated and compared. The growth of the nanowires on self-assembled, ordered PS introduces a significant modification on the morphology, crystal orientation and grain size of U-ZnO NWs compared to randomly, vertically aligned ZnO NWs, and therefore improves the photo-response of U-ZnO NWs. The photocurrent may be produced by either a surface or bulk-related process. For ZnO NW-based photosensors, the photocurrent was monitored by a surface related process, whereas, it was mainly governed by a bulk related process for U-ZnO NWs, resulting in a higher …",Unclassified,0.0
,,"Tunable properties of GO-doped CoFe 2 O 4 nanofibers elaborated by electrospinning
C Eid, E Assaf, R Habchi, P Miele, M Bechelany - RSC Advances, 2015
Cited by 25 Related articles All 5 versions",2015,5.0,https://pubs.rsc.org/en/content/getauthorversionpdf/c5ra14897a,,,,97849-97854,"Physics, materials science",Cited by 25,Roland Habchi,,,Tunable properties of GO-doped CoFe 2 O 4 nanofibers elaborated by electrospinning,,RSC Advances,,https://scholar.google.com/citations?view_op=view_citation&hl=en&user=IWx6HeAAAAAJ&citation_for_view=IWx6HeAAAAAJ:UeHWp8X0CEIC,118,Royal Society of Chemistry,"C Eid, E Assaf, R Habchi, P Miele, M Bechelany","Cobalt ferrite (CoFe2O4) one-dimensional nanofibers doped with graphene oxide (GO) were successfully synthesized for the first time via an electrospinning technique. The as-spun nanofibers were calcined at 600 °C for 3 h with a slow heating rate of 2 °C min−1. Their morphological and structural properties were studied by scanning electron microscopy (SEM), X-ray diffraction (XRD), Transmission Electron Microscopy, energy-dispersive X-ray spectroscopy (EDX), and Raman spectroscopy. All GO-doped CoFe2O4 fibers possessed a pure spinel structure. The average fiber diameter and grain size were influenced by the GO weight amount. The effect of the graphene oxide incorporation on the magnetic properties of the fibers was investigated by superconducting quantum interference device (SQUID) magnetometry. At room temperature, a slight enhancement of the saturation magnetization was detected while …",Unclassified,0.0
,,"Influence of particle size distribution on carbon-based flowable electrode viscosity and desalination efficiency in flow electrode capacitive deionization
M Tauk, M Bechelany, S Lagerge, P Sistat, R Habchi… - Separation and Purification Technology, 2023
Cited by 22 Related articles All 6 versions",2023/2/1,306.0,https://www.sciencedirect.com/science/article/am/pii/S1383586622022237,,,,122666,"Physics, materials science",Cited by 22,Roland Habchi,,,Influence of particle size distribution on carbon-based flowable electrode viscosity and desalination efficiency in flow electrode capacitive deionization,,Separation and Purification Technology,,https://scholar.google.com/citations?view_op=view_citation&hl=en&user=IWx6HeAAAAAJ&citation_for_view=IWx6HeAAAAAJ:j3f4tGmQtD8C,,Elsevier,"Myriam Tauk, Mikhael Bechelany, Serge Lagerge, Philippe Sistat, Roland Habchi, Marc Cretin, Francois Zaviska","Flow-electrode capacitive deionization (FCDI) is a potential energy-efficient electrochemical water desalination technology that combines ion-exchange membranes and flowable electrodes (FE). The performance of activated carbon (AC)-based FEs in FCDI systems is influenced by various factors, including particle size. Here, particle size of commercial AC was reduced by dry ball milling to produce FEs for FCDI. Physical analysis by scanning electron microscopy and particle size analyzer confirmed the particle size reduction after dry ball milling. Then, the effect of particle size distribution on the rheological behavior and desalination performances of AC-based FEs was investigated by desalination performance indicators, such as desalination efficiency, average salt adsorption rate and charge efficiency. FE samples were prepared using different mixtures of fine-size range (0.65–0.92 µm; fine AC, FAC) and large …",physics,0.4
,,"Design of multilayers of urchin-like ZnO nanowires coated with TiO2 nanostructures for dye-sensitized solar cells
C Karam, R Habchi, S Tingry, P Miele, M Bechelany - ACS Applied Nano Materials, 2018
Cited by 20 Related articles All 6 versions",2018/6/7,1.0,https://hal.umontpellier.fr/hal-02086217/document,,,,3705-3714,"Physics, materials science",Cited by 20,Roland Habchi,,,Design of Multilayers of Urchin-like ZnO Nanowires Coated with TiO2 Nanostructures for Dye-Sensitized Solar Cells,,ACS Applied Nano Materials,,https://scholar.google.com/citations?view_op=view_citation&hl=en&user=IWx6HeAAAAAJ&cstart=20&pagesize=80&citation_for_view=IWx6HeAAAAAJ:4DMP91E08xMC,7,American Chemical Society,"Chantal Karam, Roland Habchi, Sophie Tingry, Philippe Miele, Mikhael Bechelany","In dye-sensitized solar cells, the photovoltaic efficiency of nanowires (NW) is still limited by their surface area and loss of light absorption compared with nanoparticle (NP) architectures. To overcome this limitation, the light harvesting efficiencies must be improved by increasing the total NW array surface area, without increasing too much the traveled distance of electrons. Here, we describe the design of a 3D architecture based on polystyrene spheres (PS) coated with ordered multilayers of urchin-like ZnO NWs (U-ZnO NWs) to be used as a high surface area nanostructure photoanode for dye-sensitized solar cells. Two to four layers of U-ZnO NWs were synthesized by using PS of 1 and 5 μm in diameter. The ordered layers of U-ZnO NWs were then coated with a thin layer of TiO2 by atomic layer deposition, and topped with a ∼9–14 μm thick layer of anatase TiO2 NPs. We found that assembling organized layers of …",Unclassified,0.0
,,"Molybdenum disulfide, exfoliation methods and applications to photocatalysis: a review
M Saliba, JP Atanas, TM Howayek, R Habchi - Nanoscale Advances, 2023
Cited by 19 Related articles All 7 versions",2023,5.0,https://pubs.rsc.org/en/content/articlehtml/2023/na/d3na00741c,,,Nanoscale Advances,6787-6803,"Physics, materials science",Cited by 19,Roland Habchi,,,"Molybdenum disulfide, exfoliation methods and applications to photocatalysis: a review",,,,https://scholar.google.com/citations?view_op=view_citation&hl=en&user=IWx6HeAAAAAJ&cstart=20&pagesize=80&citation_for_view=IWx6HeAAAAAJ:hMod-77fHWUC,24,Royal Society of Chemistry,"Michelle Saliba, Jean Pierre Atanas, Tia Maria Howayek, Roland Habchi","This review provides a deep analysis of the mechanical and optoelectronic characteristics of MoS2. It offers a comprehensive assessment of diverse exfoliation methods, encompassing chemical, liquid-phase, mechanical, and microwave-driven techniques. The review also explores MoS2's versatile applications across various domains and meticulously examines its significance as a photocatalyst. Notably, it highlights key factors influencing the photocatalytic process. Indeed, the enhanced visible light responsiveness of materials like MoS2 holds immense potential across a wide range of applications. MoS2's remarkable photocatalytic response to visible light, coupled with its notable stability, opens up numerous possibilities in various fields. This unique combination makes MoS2 a promising candidate for applications that require efficient and stable photocatalytic processes, such as environmental remediation …",materials science,0.204
,,"Design and manufacturing of Si-based non-oxide cellular ceramic structures through indirect 3D printing
G El Chawich, J El Hayek, V Rouessac, D Cot… - Materials, 2022
Cited by 18 Related articles All 12 versions",2022/1,15.0,https://www.mdpi.com/1996-1944/15/2/471,,,,471,"Physics, materials science",Cited by 18,Roland Habchi,,,Design and Manufacturing of Si-Based Non-Oxide Cellular Ceramic Structures through Indirect 3D Printing,,Materials,,https://scholar.google.com/citations?view_op=view_citation&hl=en&user=IWx6HeAAAAAJ&cstart=20&pagesize=80&citation_for_view=IWx6HeAAAAAJ:e5wmG9Sq2KIC,2,Multidisciplinary Digital Publishing Institute,"Ghenwa El Chawich, Joelle El Hayek, Vincent Rouessac, Didier Cot, Bertrand Rebière, Roland Habchi, Hélène Garay, Mikhael Bechelany, Mirvat Zakhour, Philippe Miele, Chrystelle Salameh","Additive manufacturing of Polymer-Derived Ceramics (PDCs) is regarded as a disruptive fabrication process that includes several technologies such as light curing and ink writing. However, 3D printing based on material extrusion is still not fully explored. Here, an indirect 3D printing approach combining Fused Deposition Modeling (FDM) and replica process is demonstrated as a simple and low-cost approach to deliver complex near-net-shaped cellular Si-based non-oxide ceramic architectures while preserving the structure. 3D-Printed honeycomb polylactic acid (PLA) lattices were dip-coated with two preceramic polymers (polyvinylsilazane and allylhydridopolycarbosilane) and then converted by pyrolysis respectively into SiCN and SiC ceramics. All the steps of the process (printing resolution and surface finishing, cross-linking, dip-coating, drying and pyrolysis) were optimized and controlled. Despite some internal and surface defects observed by topography, 3D-printed materials exhibited a retention of the highly porous honeycomb shape after pyrolysis. Weight loss, volume shrinkage, roughness and microstructural evolution with high annealing temperatures are discussed. Our results show that the sacrificial mold-assisted 3D printing is a suitable rapid approach for producing customizable lightweight highly stable Si-based 3D non-oxide ceramics.",materials science,0.203
,,"Switching times variation of power MOSFET devices after electrical stress
R Habchi, C Salame, P Mialhe, A Khoury - Microelectronics Reliability, 2007
Cited by 18 Related articles All 5 versions",2007/8/1,47.0,,,,,1296-1299,"Physics, materials science",Cited by 18,Roland Habchi,,,Switching times variation of power MOSFET devices after electrical stress,,Microelectronics Reliability,,https://scholar.google.com/citations?view_op=view_citation&hl=en&user=IWx6HeAAAAAJ&cstart=20&pagesize=80&citation_for_view=IWx6HeAAAAAJ:hqOjcs7Dif8C,8,Pergamon,"R Habchi, C Salame, P Mialhe, A Khoury",The switching performance of three power MOSFET devices with different oxide thicknesses is studied after several periods of electrical stress. The thickest oxide reveals a large accumulation of positive charges in the oxide bulk after small periods of stress. These charges affect the switching parameters by increasing the rise time and by decreasing the fall time. Larger periods of stress reduce the effect of positive charges by increasing the number of interface states. The threshold voltage is decreased by the effect of a positive oxide charge and increases with the appearance of interface states. All these phenomena are less observable as we reduce the oxide thickness.,Unclassified,0.0
,,"Al2O3-ZnO atomic layer deposited nanolaminates for improving mechanical and corrosion properties of sputtered CrN coatings
E Kaady, A Alhussein, M Bechelany, R Habchi - Thin Solid Films, 2022
Cited by 15 Related articles All 6 versions",2022/10/1,759.0,https://www.sciencedirect.com/science/article/am/pii/S0040609022003881,,,,139476,"Physics, materials science",Cited by 15,Roland Habchi,,,Al2O3-ZnO atomic layer deposited nanolaminates for improving mechanical and corrosion properties of sputtered CrN coatings,,Thin Solid Films,,https://scholar.google.com/citations?view_op=view_citation&hl=en&user=IWx6HeAAAAAJ&cstart=20&pagesize=80&citation_for_view=IWx6HeAAAAAJ:RHpTSmoSYBkC,,Elsevier,"Elias Kaady, Akram Alhussein, Mikhael Bechelany, Roland Habchi","The 316 L Stainless Steel is widely used as structural material in marine applications and is subject to localized pitting corrosion in chlorinated environments. The main aim of the present work is the development of coatings that are alternately deposited by a combination of Physical Vapor Deposition (PVD) and Atomic Layer Deposition (ALD) techniques. Three different architectures PVD/ALD, ALD/PVD and PVD/ALD/PVD were studied. Atomic layer deposited Al2O3, ZnO and Al2O3-ZnO nanolaminates thin films were inserted as sealing, top or inter layers within CrN sputtered films. The texture modification, morphology, preferred orientation growth, mechanical properties, wettability and corrosion resistance were investigated. The nanoindentation measurements confirmed the increase of the hardness of the studied coatings. Electrochemical properties and corrosion behavior of these films were studied in NaCl …",physics,0.4
,,"Innovative prototype of a zinc-oxide based optical gas sensor
S Youssef, J Podlecki, R Habchi, M Brouche… - Sensors and Actuators B: Chemical, 2012
Cited by 14 Related articles All 6 versions",2012/10/1,173.0,https://www.academia.edu/download/87232909/j.snb.2012.07.02520220609-1-bw4jeu.pdf,,,,391-395,"Physics, materials science",Cited by 14,Roland Habchi,,,Innovative prototype of a zinc-oxide based optical gas sensor,,Sensors and Actuators B: Chemical,,https://scholar.google.com/citations?view_op=view_citation&hl=en&user=IWx6HeAAAAAJ&cstart=20&pagesize=80&citation_for_view=IWx6HeAAAAAJ:u-x6o8ySG0sC,,Elsevier,"Sami Youssef, Jean Podlecki, Roland Habchi, Marwan Brouche, Alain Foucaran, David Bouvier, Nicolas Brillouet, Paul Coudray","A zinc-oxide based optical sensor is realized. This prototype is based on the properties of Bragg reflectors, first the measurement principles are described then the experimental results are presented. This sensor has proven to be sensitive and reliable in the case of detecting low concentrations of butane. The sensor is stabilized and desorbed by a flow of nitrogen. In the case of methane detection, the use of nitrogen was found inappropriate, ambient air has proven to be more suitable.",Unclassified,0.0
,,"Heat and mass transfer investigation of rotating hydrocarbons droplet which behaves as a hard sphere
J Dgheim, M Abdallah, R Habchi, N Zakhia - Applied Mathematical Modelling, 2012
Cited by 14 Related articles All 5 versions",2012/7/1,36.0,https://www.sciencedirect.com/science/article/pii/S0307904X11006378,,,,2935-2946,"Physics, materials science",Cited by 14,Roland Habchi,,,Heat and mass transfer investigation of rotating hydrocarbons droplet which behaves as a hard sphere,,Applied Mathematical Modelling,,https://scholar.google.com/citations?view_op=view_citation&hl=en&user=IWx6HeAAAAAJ&cstart=20&pagesize=80&citation_for_view=IWx6HeAAAAAJ:bEWYMUwI8FkC,7,Elsevier,"N Zakhia J Dgheim, M Abdallah, R Habchi","The steady state boundary layer equations around rotating pure hydrocarbon droplet are solved numerically. The droplet is simulated to behave as a hard sphere. The transfer equations are discretized using an implicit finite difference method where Thomas algorithm solves the system of algebraic equations. Moreover, dimensionless parameters of heat and mass transfer phenomena around a rotating hexane droplet concluded. The thickness of the boundary layer is unknown for this model and therefore, it is determined. Further, this work proposes correlations of Nusselt and Sherwood numbers for monocomponent hydrocarbon droplets in evaporation. These correlations consider the rotation phenomena and further, the variation of the thermophysical and transport properties in the vapour phase.",Unclassified,0.0
,,"Influence of graphene oxide doping on the morphology and the magnetic properties of Ni0. 8Gd0. 2Fe2O4 nanofibers prepared by electrospinning
M Mansour, M Bechelany, R Habchi, C Eid - Physics Letters A, 2017
Cited by 13 Related articles All 8 versions",2017/2/12,381.0,https://www.sciencedirect.com/science/article/pii/S0375960116313652,,,,658-662,"Physics, materials science",Cited by 13,Roland Habchi,,,Influence of graphene oxide doping on the morphology and the magnetic properties of Ni0. 8Gd0. 2Fe2O4 nanofibers prepared by electrospinning,,Physics Letters A,,https://scholar.google.com/citations?view_op=view_citation&hl=en&user=IWx6HeAAAAAJ&cstart=20&pagesize=80&citation_for_view=IWx6HeAAAAAJ:Zph67rFs4hoC,6,North-Holland,"Michel Mansour, Mikhael Bechelany, Roland Habchi, Cynthia Eid","Nickel–gadolinium ferrite nanofibers doped with graphene oxide (GO) were prepared for the first time by the electrospinning technique. The structure and morphology of the as-obtained composites were characterized by scanning electron microscopy, energy-dispersive X-ray spectroscopy (EDX), transmission electron microscopy, X-ray diffractometer, Fourier transform infrared spectra, and Raman spectroscopy. The magnetic properties were analyzed by Quantum design MPMS-XL magnetometer. A transition from a ‘fiber’ morphology to a ‘ribbon’ morphology was detected for the samples doped with GO. Also, an increase in the magnetic saturation was found when the GO amount increases. Therefore, doping with GO influences both the morphology and the magnetic properties of the electrospun nickel–gadolinium ferrite nanofibers. These results provide a promising lead for the future synthesis of a variety of GO …",Unclassified,0.0
,,"Evaluation of the electrical properties under extreme stress in photovoltaic solar modules
J Sidawi, N Abboud, G Jelian, R Habchi, C Salame - Microelectronics International, 2011
Cited by 12 Related articles All 5 versions",2011/1/25,28.0,,,,,12-16,"Physics, materials science",Cited by 12,Roland Habchi,,,Evaluation of the electrical properties under extreme stress in photovoltaic solar modules,,Microelectronics International,,https://scholar.google.com/citations?view_op=view_citation&hl=en&user=IWx6HeAAAAAJ&cstart=20&pagesize=80&citation_for_view=IWx6HeAAAAAJ:2osOgNQ5qMEC,1,Emerald Group Publishing Limited,"J Sidawi, N Abboud, G Jelian, R Habchi, C Salame","Purpose
–
The purpose of this paper is to discuss the effect of electric reverse stress currents on the performance of photovoltaic solar modules.
Design/methodology/approach
–
The effect of a reverse introduced current as a function of time is studied on the I‐V and C‐V characteristics and parameters which were extracted and analyzed using numerical analysis based on a reliable double exponential model.
Findings
–
The effect of an introduced reverse current for different periods simulated the effect of accumulated extreme reverse currents which may arise in solar cells and modules due to different reasons, causing dramatic changes in the shunt resistance as well as other characteristics, mainly when the time of the current application exceeded a certain limit.
Originality/value
–
The paper contributes to the research on the damaging effects of reverse currents on the normal operation of the solar cells and modules.",Unclassified,0.0
,,"Silicon MOSFET devices electrical parameters evolution at high temperatures
C Salame, R Habchi - Microelectronics international, 2007
Cited by 12 Related articles All 5 versions",2007/12/28,25.0,,,,,21-24,"Physics, materials science",Cited by 12,Roland Habchi,,,Silicon MOSFET devices electrical parameters evolution at high temperatures,,Microelectronics international,,https://scholar.google.com/citations?view_op=view_citation&hl=en&user=IWx6HeAAAAAJ&cstart=20&pagesize=80&citation_for_view=IWx6HeAAAAAJ:ULOm3_A8WrAC,1,Emerald Group Publishing Limited,"C Salame, R Habchi","Purpose
–
The purpose of this paper is to discuss the temperature failure effect on electronic components and their electrical parameters variation.
Design/methodology/approach
–
The MOSFET device parameters analysis was done by numerical analysis based on a double exponential model using the integrated pn junction.
Findings
–
The temperature dependence of these parameters is investigated; their evolution allows the evaluation of device's operation reliability in high‐temperature environments.
Originality/value
–
The paper demonstrates how the temperature affect the normal operation of the electronic device and the model accuracy is investigated at high temperature.",Unclassified,0.0
,,"Switching times variation of MOSFET devices with temperature and high-field stress
R Habchi, C Salame, R El Bitar, P Mialhe - Microelectronics journal, 2008
Cited by 11 Related articles All 3 versions",2008/5/1,39.0,,,,,828-831,"Physics, materials science",Cited by 11,Roland Habchi,,,Switching times variation of MOSFET devices with temperature and high-field stress,,Microelectronics Journal,,https://scholar.google.com/citations?view_op=view_citation&hl=en&user=IWx6HeAAAAAJ&cstart=20&pagesize=80&citation_for_view=IWx6HeAAAAAJ:YOwf2qJgpHMC,5,Elsevier,"R Habchi, C Salame, R El Bitar, P Mialhe","Switching times of power MOSFET devices are investigated as function of temperature and high-field stress. Measurements show that important variations are obtained on the devices turn-on time. The threshold voltage is decreasing with temperature and varies with stress, especially at low temperatures. The oxide leakage current is found to be having safe values even at high temperatures, stressing the devices does not increase the leakage current to unsafe values except for very high temperatures.",Unclassified,0.0
,,"Temperature dependence of a silicon power device switching parameters
R Habchi, C Salame, A Khoury, P Mialhe - Applied physics letters, 2006
Cited by 11 Related articles All 4 versions",2006/4/10,88.0,,,,,,"Physics, materials science",Cited by 11,Roland Habchi,,,Temperature dependence of a silicon power device switching parameters,,Applied physics letters,,https://scholar.google.com/citations?view_op=view_citation&hl=en&user=IWx6HeAAAAAJ&cstart=20&pagesize=80&citation_for_view=IWx6HeAAAAAJ:eQOLeE2rZwMC,15,AIP Publishing,"R Habchi, C Salame, A Khoury, P Mialhe",This study presents measurements of device switching parameters performed on a commercial power metal-oxide-semiconductor field-effect transistor under high-temperature conditions. Measured switching times show that the device response to being turned off becomes faster at high temperatures. The inverse drain-source current rapidly increases above the 300 C limit. I-V curves indicate that the saturation current in the channel increases with temperature.,Unclassified,0.0
,,"A faster power MOSFET device with electrical stress treatment
C Salame, R Habchi, W Tazibt, A Khoury, P Mialhe - Microelectronics international, 2005
Cited by 11 Related articles All 5 versions",2005/8/1,22.0,,,,,35-37,"Physics, materials science",Cited by 11,Roland Habchi,,,A faster power MOSFET device with electrical stress treatment,,Microelectronics international,,https://scholar.google.com/citations?view_op=view_citation&hl=en&user=IWx6HeAAAAAJ&cstart=20&pagesize=80&citation_for_view=IWx6HeAAAAAJ:_FxGoFyzp5QC,2,Emerald Group Publishing Limited,"C Salame, R Habchi, W Tazibt, A Khoury, P Mialhe","Purpose
–
The aim of this paper is to provide some specific information on the effects of DC voltage stress on the current, rise time (Tr) and fall time (Tf), at switching between on and off state of power n‐MOSFET devices.
Design/methodology/approach
–
A constant positive electrical stress voltage technique is used to study the devices in this work by giving the gate a positively bias with respect to source and a short circuit of the drain with the grounded source. Voltage stress is gradually increased by automatic 1 V step until it reaches the max tolerated value by the gate dielectric (70 V for device studied in this paper). Response of the device for electrical stress was measured for different doses (stress time).
Findings
–
The experimental results show that the rise time increases the beginning of stress dose and then it almost stabilises with time, while fall time decreases at first and then starts to increase for higher …",Unclassified,0.0
,,"Structural and morphological evaluation of presintered zirconia following different surface treatments
H Skienhe, R Habchi, H Ounsi, M Ferrari, Z Salameh - J Contemp Dent Pract, 2018
Cited by 10 Related articles All 11 versions",2018/2/1,19.0,https://www.thejcdp.com/doi/JCDP/pdf/10.5005/jp-journals-10024-2230,,,,156-165,"Physics, materials science",Cited by 10,Roland Habchi,,,Structural and morphological evaluation of presintered zirconia following different surface treatments,,J Contemp Dent Pract,,https://scholar.google.com/citations?view_op=view_citation&hl=en&user=IWx6HeAAAAAJ&cstart=20&pagesize=80&citation_for_view=IWx6HeAAAAAJ:aqlVkmm33-oC,2,,"Hasan Skienhe, Roland Habchi, H Ounsi, Marco Ferrari, Ziad Salameh","Aim: The aim of this study was to evaluate the effect of different surface treatments on roughness, grain size, and phase transformation of presintered zirconia.
Materials and methods: Surface treatments included airborne particle abrasion (APA) before and after sintering with different particles shape, size, and pressure (50 μm Al2O3, 50 μm glass beads, and ceramic powder). Thirty-five square-shaped presintered yttrium-stabilized tetragonal zirconia polycrystal (Y-TZP) ceramic slabs (Zenostar ZR bridge, Wieland) were prepared (4 mm height× 10 mm width× 10 mm length) and polished with silicon carbide grit papers# 800, 1000, 1200, 1500, and 2000 to ensure identical initial roughness. Specimens were divided into five groups according to surface treatment: group I (control): no surface treatment; group II: APA 50 μm Al2O3 after sintering; group III: APA 50 μm Al2O3 particles before sintering; group IV: APA 50 μm glass bead particles before sintering; and group V: APA ceramic powder before sintering. Specimens were analyzed using scanning electron microscopy (SEM), atomic force microscopy (AFM), X-ray diffraction (XRD) analyses, and tested for shear bond strength (SBS). Data were statistically analyzed using one-way analysis of variance (ANOVA) followed by post hoc tests for multiple comparisons Tukey’s test (α≥ 0.05).",materials science,0.203
,,"Stabilization and encapsulation of magnetite nanoparticles
I Al Kawni, R Garcia, S Youssef, M Abboud, J Podlecki… - Materials Research Express, 2016
Cited by 10 Related articles All 4 versions",2016/12/12,3.0,https://iopscience.iop.org/article/10.1088/2053-1591/3/12/125024,,,,125024,"Physics, materials science",Cited by 10,Roland Habchi,,,Stabilization and encapsulation of magnetite nanoparticles,,Materials Research Express,,https://scholar.google.com/citations?view_op=view_citation&hl=en&user=IWx6HeAAAAAJ&cstart=20&pagesize=80&citation_for_view=IWx6HeAAAAAJ:WF5omc3nYNoC,12,IOP Publishing,"Issmat Al Kawni, Ricardo Garcia, Sami Youssef, Maher Abboud, Jean Podlecki, Roland Habchi","The goal is to stabilize magnetite nanoparticles (NPs) in order to prepare them for encapsulation and to obtain a core–shell structure. Magnetite NPs were obtained by a co-precipitation method and then treated with different stabilizing agents in order to get a full dispersion in an aqueous medium. The dispersed particles were then coated with silica using a TEOS solution. The samples were characterized by Raman spectroscopy, TEM, EDX analysis, and FTIR measurements. The particles are the basis of a core–shell structure where a potential polymer or drug could be anchored on the surface.",Unclassified,0.0
,,"The effect of irrigation with EDTA on calcium-based root canal sealers: a SEM-EDS and XRD study
R Harik, Z Salameh, R Habchi, J Camilleri - Journal of the Lebanese Dental Association, 2016
Cited by 10 Related articles",2016,49.0,,,,,12-23,"Physics, materials science",Cited by 10,Roland Habchi,,,The effect of irrigation with EDTA on calcium-based root canal sealers: a SEM-EDS and XRD study,,Journal of the Lebanese Dental Association,,https://scholar.google.com/citations?view_op=view_citation&hl=en&user=IWx6HeAAAAAJ&cstart=20&pagesize=80&citation_for_view=IWx6HeAAAAAJ:mB3voiENLucC,,,"R Harik, Z Salameh, R Habchi, J Camilleri",,Unclassified,0.0
,,"Molecular dynamics in smart hydrogel systems
M Bassil, M Ibrahim, R Habchi, J Davenas, G Boiteux… - Journal of non-crystalline solids, 2010
Cited by 9 Related articles All 5 versions",2010/4/1,356.0,,,,,754-756,"Physics, materials science",Cited by 9,Roland Habchi,,,Molecular dynamics in smart hydrogel systems,,Journal of Non-Crystalline Solids,,https://scholar.google.com/citations?view_op=view_citation&hl=en&user=IWx6HeAAAAAJ&cstart=20&pagesize=80&citation_for_view=IWx6HeAAAAAJ:M3ejUd6NZC8C,11-17,North-Holland,"Maria Bassil, Michael Ibrahim, Roland Habchi, Joel Davenas, Gisèle Boiteux, Mario El Tahchi","Intelligent hydrogels, particularly hydrolyzed polyacrylamide (PAAM) interact with their environment in a preprogrammed and intelligent manner. Since the dynamics property is critical to the applications of this material, we investigate in this study the ion exchange, between the hydrogel and its surrounding environment, induced by a chemical stimulation. Understanding the fundamental phenomena of PAAM contracting mechanisms is necessary in order to respond to emerging technology demands for high performance systems based on such materials.",materials science,0.207
,,"Electrospray deposition and characterization of cobalt oxide thin films
O Kilo, J Jabbour, R Habchi, N Abboud, M Brouche… - Materials science in semiconductor processing, 2014
Cited by 8 Related articles All 3 versions",2014/8/1,24.0,,,,,57-61,"Physics, materials science",Cited by 8,Roland Habchi,,,Electrospray deposition and characterization of cobalt oxide thin films,,Materials Science in Semiconductor Processing,,https://scholar.google.com/citations?view_op=view_citation&hl=en&user=IWx6HeAAAAAJ&cstart=20&pagesize=80&citation_for_view=IWx6HeAAAAAJ:qjMakFHDy7sC,,Pergamon,"O Kilo, J Jabbour, R Habchi, N Abboud, M Brouche, A Khoury, D Zaouk","Cobalt oxide thin films were fabricated by means of electrospray deposition. The obtained films were characterized by Raman spectroscopy, X-ray diffraction and Scanning electron microscopy. The solution that was used gave the Co3O4 phase at different growth temperatures. The best granular surfaces were obtained at 250 °C as verified by all characterization techniques, while flaky surfaces were obtained at higher temperatures. The surface morphology is mostly granular except for high temperatures where the cobalt oxide is formed as flakes instead of grains.",Unclassified,0.0
,,"Effect of Al2O3, ZnO and TiO2 atomic layer deposition grown thin films on the electrochemical and mechanical properties of sputtered Al-Zr coating
E Kaady, R Habchi, M Bechelany, E Zgheib… - Coatings, 2022
Cited by 6 Related articles All 9 versions",2022/12/30,13.0,https://www.mdpi.com/2079-6412/13/1/65,,,,65,"Physics, materials science",Cited by 6,Roland Habchi,,,"Effect of Al2O3, ZnO and TiO2 Atomic Layer Deposition Grown Thin Films on the Electrochemical and Mechanical Properties of Sputtered Al-Zr Coating",,Coatings,,https://scholar.google.com/citations?view_op=view_citation&hl=en&user=IWx6HeAAAAAJ&cstart=20&pagesize=80&citation_for_view=IWx6HeAAAAAJ:isC4tDSrTZIC,1,MDPI,"Elias Kaady, Roland Habchi, Mikhael Bechelany, Elia Zgheib, Akram Alhussein","The 316L stainless steels, often used in turbine blades for naval and marine applications, usually suffer from localized pitting corrosion after long exposure to chlorinated environments. The aluminum-zirconium coatings deposited by magnetron sputtering technique can be used to ensure cathodic protection for steels. In this work, we study the influence of atomic layer deposited (ALD) Al2O3, ZnO, and TiO2 thin films on the structural, mechanical, and electrochemical properties of Al-Zr (4 at.% Zr) magnetron sputtered coatings. The morphology, preferred orientation growth, mechanical properties, wettability, and corrosion resistance were investigated. The change in the sputtered Al-Zr morphology is mainly due to the insertion of the ALD layer. The Al-Zr layer deposited on ZnO and TiO2 layers presented a distinctive morphology. The agglomerate particles of AlZr/Al2O3/AlZr, AlZr/ZnO/AlZr and AlZr/TiO2/AlZr coatings exhibited a cauliflower shape. For ALD/PVD coatings, the insertion of an ALD oxide layer promoted the intensity of the peaks corresponding to the (111) crystallographic orientation. The nanoindentation measurements confirmed the enhancement in the mechanical properties, where the hardness increased by about 75%. The ALD oxide layers promoted the hydrophobicity of the coatings. The electrochemical characterization in a 3.5 wt.% NaCl solution also confirmed the role of the ALD oxides layers in delaying the pitting corrosion of the Al-Zr coating by widening the passive region and enhancing the protective efficiency of the passive film.",Unclassified,0.0
,,"Photovoltaic solar modules electrical properties evolution under extreme stress
J SIDAWI, N Abboud, G Jelian, R Habchi, M Eltahchi… - lst Franco-Syrian Conference on Renewable Energies …, 2010
Cited by 6 Related articles All 3 versions",2010/10,,https://www.researchgate.net/profile/Chafic-Salame/publication/228797641_PHOTOVOLTAIC_SOLAR_MODULES_ELECTRICAL_PROPERTIES_EVOLUTION_UNDER_EXTREME_STRESS/links/540ea1340cf2df04e756ded2/PHOTOVOLTAIC-SOLAR-MODULES-ELECTRICAL-PROPERTIES-EVOLUTION-UNDER-EXTREME-STRESS.pdf,,,,24-28,"Physics, materials science",Cited by 6,Roland Habchi,,,Photovoltaic solar modules electrical properties evolution under extreme stress,,"lst Franco-Syrian Conference on Renewable Energies, Damask",,https://scholar.google.com/citations?view_op=view_citation&hl=en&user=IWx6HeAAAAAJ&cstart=20&pagesize=80&citation_for_view=IWx6HeAAAAAJ:KlAtU1dfN6UC,,,"Jihad SIDAWI, Nadine Abboud, Georges Jelian, Roland Habchi, Mario Eltahchi, Chafic Salame","The effect of a reverse introduced current as a function of time is studied on the IV and CV characteristics and parameters which were extracted and analyzed using numerical analysis based on a reliable double exponential model. The effect of an introduced reverse current for different periods simulated the effect of accumulated extreme reverse currents which may arise in solar cells and modules due to different reasons, causing dramatic changes in the shunt resistance as well as other characteristics, mainly when the time of the current application exceeded a certain limit. The paper contributes to the research on the damaging effects of reverse currents on the normal operation of the solar cells and modules.",Unclassified,0.0
,,"Nitrogen-doped graphene aerogels for highly efficient toluene removal from water
G Nassar, S Youssef, R Habchi - Graphene and 2D Materials, 2022
Cited by 5 Related articles",2022/6,7.0,,,,,51-57,"Physics, materials science",Cited by 5,Roland Habchi,,,Nitrogen-doped graphene aerogels for highly efficient toluene removal from water,,Graphene and 2D Materials,,https://scholar.google.com/citations?view_op=view_citation&hl=en&user=IWx6HeAAAAAJ&cstart=20&pagesize=80&citation_for_view=IWx6HeAAAAAJ:R3hNpaxXUhUC,1,Springer International Publishing,"Gaelle Nassar, Sami Youssef, Roland Habchi","Water pollutants pose an imminent threat to human well-being and to wildlife. Aerogels and mostly graphene-based aerogels are very promising materials that could provide a breakthrough in environmental sciences in terms of pollutants adsorption. In this study, we were able to synthetize nitrogen-doped graphene-based aerogels for the adsorption of liquid toluene from water. The samples were characterized through Raman spectroscopy, thermal imaging and adsorption capacity. These super insulators were able to achieve a very high adsorption of toluene up to 42 g/g at room temperature which is very promising, especially when this capacity is conserved even after 14 cycles of adsorption. These aerogels could also be used in the separation of components from water such as oil spills and organic pollutants.",materials science,0.405
,,"Preliminary report on a dinosaur tracksite from Lower Cretaceous strata in Mount Lebanon
R Gèze, I Veltz, JC Paicheler, B Granier, R Habchi… - Arabian Journal of Geosciences, 2016
Cited by 5 Related articles All 5 versions",2016/12,9.0,https://www.academia.edu/download/113042982/s12517-016-2759-120240405-1-711ir3.pdf,,,,1-8,"Physics, materials science",Cited by 5,Roland Habchi,,,Preliminary report on a dinosaur tracksite from Lower Cretaceous strata in Mount Lebanon,,Arabian Journal of Geosciences,,https://scholar.google.com/citations?view_op=view_citation&hl=en&user=IWx6HeAAAAAJ&cstart=20&pagesize=80&citation_for_view=IWx6HeAAAAAJ:MXK_kJrjxJIC,,Springer Berlin Heidelberg,"Raymond Gèze, Isabelle Veltz, Jean-Claude Paicheler, Bruno Granier, Roland Habchi, Dany Azar, Sibelle Maksoud","A dinosaur tracksite was discovered in Batha on the side of the road from Harissa to Ghosta (Keserwan, Lebanon). About ten trackways are exposed at the top of two beds of Lower Cretaceous limestones over an area of approximately 1000 m2. These footprints were probably made by at least two dinosaur species, Sauropoda and either Theropoda or Ornithopoda. The site, which is the first record from Lebanon, should be protected to allow further scientific investigations.",materials science,0.2
,,"Evolution of photovoltaic solar modules dark properties after exposition to electrical reverse stress current inducing thermal effect
J Sidawi, C Zaraket, R Habchi, N Bassil, C Salame… - Microelectronics International, 2014
Cited by 5 Related articles All 7 versions",2014/4/29,31.0,https://www.academia.edu/download/92069834/mi-10-2013-005120221006-1-1aoyjr9.pdf,,,,90-98,"Physics, materials science",Cited by 5,Roland Habchi,,,Evolution of photovoltaic solar modules dark properties after exposition to electrical reverse stress current inducing thermal effect,,Microelectronics International,,https://scholar.google.com/citations?view_op=view_citation&hl=en&user=IWx6HeAAAAAJ&cstart=20&pagesize=80&citation_for_view=IWx6HeAAAAAJ:YsMSGLbcyi4C,2,Emerald Group Publishing Limited,"Jihad Sidawi, Carine Zaraket, Roland Habchi, Nathalie Bassil, Chafic Salame, Michel Aillerie, Jean-Pierre Charles","Purpose
– The purpose of this paper is to investigate the dark properties as a function of reverse current induced defects. Dark characteristics of solar modules are very essential in the understanding the functioning of these devices.
Design/methodology/approach
– Reverse currents were applied on the photovoltaic (PV) modules to create defects. At several time intervals, dark characteristics along with surface temperature were measured.
Findings
– Current-voltage (I-V) and capacitance-voltage (C-V) characteristics furnished valuable data and threshold values for reverse currents. Maximum module surface temperatures were directly related to each of the induced reverse currents and to the amount of leakage current. Microstructural damages, in the form of hot spots and overheating, are linked to reverse current effects. Experimental …",Unclassified,0.0
,,"Comparative analysis of nitrides band structures calculated by the empirical pseudopotential method
P Ziade, C Palermo, A Khoury, R Habchi, M Rahal… - Univ. J. Mater. Sci., 2014
Cited by 5 Related articles All 4 versions",2014,2.0,https://www.academia.edu/download/44945633/UJMS3-16200583.pdf,,,,58-72,"Physics, materials science",Cited by 5,Roland Habchi,,,Comparative analysis of nitrides band structures calculated by the empirical pseudopotential method,,Univ. J. Mater. Sci,,https://scholar.google.com/citations?view_op=view_citation&hl=en&user=IWx6HeAAAAAJ&cstart=20&pagesize=80&citation_for_view=IWx6HeAAAAAJ:u5HHmVD_uO8C,,,"Pierre Ziade, Christophe Palermo, Antonio Khoury, Roland Habchi, Myriam Rahal, Luca Varani","The electronic band structures of zinc blende and wurtzite GaN and InN are calculated using the empirical pseudopotential method, with the form factors adjusted to reproduce correctly the most important band features. To this end, a comprehensive analysis and comparison with several experimental and theoretical data reported in the literature is performed. Relevant energy spacings as well as direct and indirect band gaps are then derived from the band structures. The electron effective masses at high symmetry points are also obtained using a parabolic line fit. The calculated parameters are reported together with existing data so that they can be easily compared and used in the interpretation of experiments and for numerical simulation purposes.",Unclassified,0.0
,,"Stresses evolution at high temperature (200 C) on the interface of thin films in magnetic components
N Doumit, B Danoumbé, S Capraro, JP Chatelon… - EPJ Web of Conferences, 2014
Cited by 4 Related articles All 8 versions",2014,75.0,https://www.epj-conferences.org/articles/epjconf/pdf/2014/12/epjconf_jems2014_05013.pdf,,,,05013,"Physics, materials science",Cited by 4,Roland Habchi,,,Stresses evolution at high temperature (200° C) on the interface of thin films in magnetic components,,EPJ Web of Conferences,,https://scholar.google.com/citations?view_op=view_citation&hl=en&user=IWx6HeAAAAAJ&cstart=20&pagesize=80&citation_for_view=IWx6HeAAAAAJ:5nxA0vEk-isC,,EDP Sciences,"Nicole Doumit, Bonaventure Danoumbé, Stéphane Capraro, Jean-Pierre Chatelon, Chadi Nader, Roland Habchi, Alain Piot, Jean-Jacques Rousseau","In the field of electronics, the increase of operating temperatures is a major industrial and scientific challenge because it allows reducing mass and volume of components especially in the aeronautic domain. So minimizing our components reduce masses and the use of cooling systems. For that, the behaviours and interface stresses of our components (in particular magnetic inductors and transformers) that are constituted of one magnetic layer (YIG) or an alumina substrate (Al2O3) representing the substrate and a thin copper film are studied at high temperature (200°C). COMSOL Multiphysics is used to simulate our work and to validate our measurements results. In this paper, we will present stresses results according to the geometrical copper parameters necessary for the component fabrication. Results show that stresses increase with temperature and copper’s thickness while remaining always lower than …",physics,0.4
,,"PARAMETERS DEGRADATION OF VDMOSFET DURING OPERATION UNDER NATUREL STRESS
W TAZIBT, R HABCHI, C Salame, B Nsouli, A Khoury… - Journal of Electron Devices, 2003
Cited by 4 Related articles",2003,2.0,https://citeseerx.ist.psu.edu/document?repid=rep1&type=pdf&doi=6076f708e1171a2f38951c0335ab57ca75ca0afe,,,,62-64,"Physics, materials science",Cited by 4,Roland Habchi,,,PARAMETERS DEGRADATION OF VDMOSFET DURING OPERATION UNDER NATUREL STRESS,,Journal of Electron Devices,,https://scholar.google.com/citations?view_op=view_citation&hl=en&user=IWx6HeAAAAAJ&cstart=20&pagesize=80&citation_for_view=IWx6HeAAAAAJ:roLk4NBRz8UC,,,"Wahiba TAZIBT, Roland HABCHI, C Salame, B Nsouli, A Khoury, P Mialhe",A reduction in the transconductance and drain current correlated to an increase of the stress time was detected and associated to an increase in the interface state density. The junction diffusion voltage reduction was explained by the positive charge trapped in the gate oxide. ______________________________________________________________________________________,Unclassified,0.0
,,"A review on potential mechanically resistant materials for optical multifunctional surfaces: bioinspired surfaces with advanced properties
R Sarieddine, H Kadiri, B Guelorget, L Le Cunff… - Advanced Materials Interfaces, 2024
Cited by 3 Related articles All 5 versions",2024/3,11.0,https://onlinelibrary.wiley.com/doi/pdf/10.1002/admi.202300793,,,Advanced Materials Interfaces,2300793,"Physics, materials science",Cited by 3,Roland Habchi,,,A review on potential mechanically resistant materials for optical multifunctional surfaces: bioinspired surfaces with advanced properties,,,,https://scholar.google.com/citations?view_op=view_citation&hl=en&user=IWx6HeAAAAAJ&cstart=20&pagesize=80&citation_for_view=IWx6HeAAAAAJ:NMxIlDl6LWMC,8,,"Rim Sarieddine, Hind Kadiri, Bruno Guelorget, Loïc Le Cunff, Akram Alhussein, Roland Habchi, Gilles Lérondel","Mimicking naturethrough nanostructuring allows the creation of multifunctional surfaces withremarkable properties, such as anti‐reflectivity, high optical transmittanceand controlled wettability, enabling anti‐icing or anti‐fogging behaviors. These multifunctionalsurfaces have gained significant interest in civil and military domains. However,integrating them into real‐life applications faces challenges related tocost, high‐throughput large‐scale compatible nanofabrication techniques, andtheir mechanical resistance. While sub‐wavelength patterning improves the optical performance,it often comes at the cost of compromising the mechanical resistance. As opticalperformance improves, mechanical resistance tends to deteriorate, and viceversa. To address this challenge, taking inspiration from the lotus leafstructure, where patterns are covered by a thin 2D wax film, covering thepatterns of structured surfaces with a …",materials science,0.204
,,"Electrohydrodynamic atomization, a promising avenue for fast-dissolving drug delivery system: lessons from tadalafil-loaded composite nanofibers
MM Mehanna, JK Alwattar, R Habchi - J. Appl. Pharm. Sci, 2020
Cited by 3 Related articles All 6 versions",2020/1/3,10.0,https://www.academia.edu/download/91823501/3054_pdf.pdf,,,,33-45,"Physics, materials science",Cited by 3,Roland Habchi,,,"Electrohydrodynamic atomization, a promising avenue for fast-dissolving drug delivery system: Lessons from tadalafil-loaded composite nanofibers",,J. Appl. Pharm. Sci,,https://scholar.google.com/citations?view_op=view_citation&hl=en&user=IWx6HeAAAAAJ&cstart=20&pagesize=80&citation_for_view=IWx6HeAAAAAJ:hFOr9nPyWt4C,,,"Mohammed M Mehanna, Jana K Alwattar, Roland Habchi","The utilization of electrospinning in drug delivery has thrived in recent years, with the ability to incorporate drugs and enhance dissolution; this technique is employed to improve the dissolution of poorly water-soluble selective phosphodiesterase-5 inhibitor, tadalafil. The strategy involved direct electrospinning of tadalafil/polyvinylpyrrolidone and polyethylene oxide (PEO) solution. The optimization process included a 32 full factorial design based on the influence of polymers concentration as independent variables on the electrospun yield, loading efficiency, nanofibers diameter, number of beads, and in vitro release. Optimization studies revealed the negative influence of both polymers on the electrospun yield, while the loading efficiency and in vitro dissolution rate were reduced by the PEO concentration solely. The higher polymer concentrations were favorable for the declination of beads number, and a driving factor for fiber diameter reduction. Further physicochemical characterization of the optimized formulation revealed the presence of the drug in an amorphous state or molecular dispersion within the polymer matrix. In vitro dissolution studies revealed about 81.5%±8.34% release in less than 2 minutes compared to a negligible dissolution of free drug. From the derived outcomes, the electrohydrodynamic spun tadalafil-loaded nanofibers pave the way for dissolution enhancement for insoluble low bioavailability class II drugs.",physics,0.4
,,"Exploring flow-electrode capacitive deionization: An overview and new insights
M Tauk, P Sistat, R Habchi, M Cretin, F Zaviska… - Desalination, 2024
Cited by 2 Related articles",2024/12/1,,https://www.sciencedirect.com/science/article/pii/S0011916424011032,,,Desalination,118392,"Physics, materials science",Cited by 2,Roland Habchi,,,Exploring flow-electrode capacitive deionization: An overview and new insights,,,,https://scholar.google.com/citations?view_op=view_citation&hl=en&user=IWx6HeAAAAAJ&cstart=20&pagesize=80&citation_for_view=IWx6HeAAAAAJ:BqipwSGYUEgC,,Elsevier,"Myriam Tauk, Philippe Sistat, Roland Habchi, Marc Cretin, Francois Zaviska, Mikhael Bechelany","Amidst the escalating severity of global water scarcity, a diverse array of scientific undertakings is devoted to the advancement of technologies concerning water desalination. A notably promising advancement in this field is known as flow-electrode capacitive deionization (FCDI). This pioneering electrochemical methodology represents a derivation of capacitive deionization (CDI) technology, amalgamating ion-exchange membranes with flow particle-based electrodes. Over the preceding seven years, FCDI has garnered considerable interest due to its potential for energy-efficient, sustainable, and consistently high-quality production of fresh water. Additionally, it affords flexibility in the management of particle electrodes and concentrated streams. In this review, an all-encompassing survey of the recent strides in the realm of FCDI is provided. The focal point encompasses the fundamental principles of FCDI, diverse …",materials science,0.2
,,"A Comparative Study on the Influence of Al2O3-ZnO ALD Nanolaminates on the Properties of CrCN PVD Sputtered Coatings with Distinctive Morphologies and Microstructures
E Kaady, S Sayegh, M Bechelany, R Habchi… - Coatings, 2023
Cited by 2 Related articles All 5 versions",2023/5/30,13.0,https://www.mdpi.com/2079-6412/13/6/1017,,,,1017,"Physics, materials science",Cited by 2,Roland Habchi,,,A Comparative Study on the Influence of Al2O3-ZnO ALD Nanolaminates on the Properties of CrCN PVD Sputtered Coatings with Distinctive Morphologies and …,,Coatings,,https://scholar.google.com/citations?view_op=view_citation&hl=en&user=IWx6HeAAAAAJ&cstart=20&pagesize=80&citation_for_view=IWx6HeAAAAAJ:M3NEmzRMIkIC,6,MDPI,"Elias Kaady, Syreina Sayegh, Mikhael Bechelany, Roland Habchi, Akram Alhussein","Chromium carbonitride (CrCN) coatings present the desired characteristics for improving the mechanical properties and the corrosion resistance of marine components. The purpose of this work is to investigate the effect of carbon insertion, using CH4 gas flow as the carbon precursor in magnetron sputtering, on the mechanical and electrochemical properties of the CrN coating. Moreover, the influence of the Al2O3-ZnO nanolaminates sealing layers deposited by the atomic layer deposition (ALD) on the properties of distinctive CrCN sputtered coatings (dense and columnar) is investigated. Structural, morphological, and topographical analyses were performed using scanning electron microscopy, X-ray diffraction, and atomic force microscopy. The nanoindentation measurements determined the mechanical properties and the electrochemical behavior was evaluated in a saline solution. The results revealed new important insights in the field of duplex treatment based on hybrid deposition using magnetron sputtering and ALD techniques.",Unclassified,0.0
,,"Interface defects detection and quantification on a Si/SiO2 structure
R Elias, P Ziade, R Habchi - Microelectronics International, 2018
Cited by 2 Related articles",2018/1/2,35.0,,,,,12-17,"Physics, materials science",Cited by 2,Roland Habchi,,,Interface defects detection and quantification on a Si/SiO2 structure,,Microelectronics International,,https://scholar.google.com/citations?view_op=view_citation&hl=en&user=IWx6HeAAAAAJ&cstart=20&pagesize=80&citation_for_view=IWx6HeAAAAAJ:8k81kl-MbHgC,1,Emerald Publishing Limited,"Rawad Elias, Pierre Ziade, Roland Habchi","Purpose
The purpose of this paper is to investigate and classify the defects on silicon-based power devices under extreme conditions.
Design/methodology/approach
Electrical characterization was performed on MOS devices to study their interface defects. The devices were subjected to a voltage or a current constraint to induce defects, and then measurements were done to detect the effects of those defects. Measurements include current voltage, capacitance and conductance characterization. The Hill–Coleman method was used to calculate the interface states density in each case.
Findings
It was found that most of the defects have energies within the upper band gap of the semiconductor.
Originality value
The method used in this paper allows the determination of any interface defects on a Si/SiO2 structure.",Unclassified,0.0
,,"Effect of Different Bleaching Materials On Color of Stained Resin Composite By Photocatalytic Treatment
ALA Ameer, H Ragab, E Osman, Z Salameh, R Habchi… - Journal of Applicable Chemistry, 2013
Cited by 2 Related articles All 7 versions",2013,2.0,https://www.academia.edu/download/112642049/Effect_of_Different_Bleaching_Materials_On_Color_of_Stained_Resin.pdf,,,,1690-1700,"Physics, materials science",Cited by 2,Roland Habchi,,,Effect of Different Bleaching Materials on Color of Stained Resin Composite by Photocatalytic Treatment,,Journal of Applicable Chemistry,,https://scholar.google.com/citations?view_op=view_citation&hl=en&user=IWx6HeAAAAAJ&cstart=20&pagesize=80&citation_for_view=IWx6HeAAAAAJ:JV2RwH3_ST0C,6,,"AL-Ameedee Ameer, Hala Ragab, Essam Osman, Ziad Salameh, Roland Habchi, Ayad F Alkaim","In this work, ZnO, and TiO2 (Hombikat UV 100) and TiO2 doped with 0.5% of Pt, and Pd metals, that prepared by photo deposition method. The bare TiO2 and prepared samples were characterized by powder X-ray diffraction (XRD), UV–vis diffuse reflectance spectra (UV–vis DRS), nitrogen adsorption BET, and atomic force microscopy (AFM) were evaluate the effect of photochemical activation by kinds of semiconductors (ZnO, TiO2, Pt/TiO2, and Pd/TiO2) in bleaching gels with UV-light type A, with the purpose of accelerating the process of pigmented component oxidation on Filtek Z350XT resin composite (3M ESPE). The bare catalysts and metal doped prepared where testing by taken twenty-five disc-shaped of the Filtek Z350XT resin composite specimens (3M ESPE) were used in this study, then immersion in tea staining solutions, after that they were randomly divided into five groups specimens (each group n= 10) according to the type of whitening chemical materials treatment applied (ZnO, Pt/TiO2, TiO2, Pd/TiO2 and TiO2/UV 100). The color measurements were taken: at baseline, after immersion and after chemical treatment procedures by using a stereomicroscope (vita easy shade device). The results recorded, tabulated and statwastically analyses. The results showed the highest mean color difference∆ E values were: group two Pt/TiO2, group three TiO2, group five TiO2/UV 100, Pd/TiO2 and group one ZnO respectively. However, there was no statistically significant difference in-group three TiO2. In addition, a whitening effect was demonstrated with group two Pt/TiO2 and group five TiO2/UV 100 showed statistically significant lowest in a …",materials science,0.203
,,"Determination of defects Concentration from CV and GV Curves in a MOSFET Structure
N Abboud, R Habchi - MRS Online Proceedings Library (OPL), 2009
Cited by 2 Related articles All 3 versions",2009,1195.0,,,,,1195-B14-05,"Physics, materials science",Cited by 2,Roland Habchi,,,Determination of defects Concentration from CV and GV Curves in a MOSFET Structure,,MRS Online Proceedings Library (OPL),,https://scholar.google.com/citations?view_op=view_citation&hl=en&user=IWx6HeAAAAAJ&cstart=20&pagesize=80&citation_for_view=IWx6HeAAAAAJ:kNdYIx-mwKoC,,Cambridge University Press,"Nadine Abboud, Roland Habchi",The gate oxides of Si based MOSFET devices are subjected to a high field in order to induce defects in the oxide bulk and at the Si/SiO2 interface. The defects are characterized by a series of gate to source capacitance and conductance measurements. Shifts in the flat band voltage and the threshold voltage are observed and are related to the position of charged defects. The difference of the equivalent charge between the two types of defects is also determined. Conductance measurements are performed to determine the difference of interface states concentration as a function of the high field exposure time.,Unclassified,0.0
,,"Innovative electrospinning approach to fabricate TiO2/NiO nanofibers for effective acetaminophen degradation
M Abid, TM Howayek, O Mazur, R Viter, MF Bekheet… - Colloids and Surfaces A: Physicochemical and …, 2025
Cited by 1 Related articles",2025/3/20,709.0,https://www.sciencedirect.com/science/article/pii/S0927775724029418,,,,136077,"Physics, materials science",Cited by 1,Roland Habchi,,,Innovative electrospinning approach to fabricate TiO2/NiO nanofibers for effective acetaminophen degradation,,Colloids and Surfaces A: Physicochemical and Engineering Aspects,,https://scholar.google.com/citations?view_op=view_citation&hl=en&user=IWx6HeAAAAAJ&cstart=20&pagesize=80&citation_for_view=IWx6HeAAAAAJ:ns9cj8rnVeAC,,Elsevier,"Mahmoud Abid, Tia Maria Howayek, Olga Mazur, Roman Viter, Maged F Bekheet, Amr A Nada, Djamel Bezzerga, Jisang Hong, Philippe Miele, Igor Iatsunskyi, Emerson Coy, Geoffroy Lesage, Roland Habchi, David Cornu, Mikhael Bechelany","Photocatalysis offers a promising method for water treatment, utilizing light-activated photocatalysts to trigger chemical reactions that degrade organic pollutants. In this study, composite fibers of polyvinylpyrrolidone (PVP) and titanium dioxide (TiO2) were synthesized using sol–gel processing and electrospinning techniques, by integrating controlled concentrations of nickel oxide (NiO) ranging from 1 to 5 wt%, followed by calcination at 500°C. The structural and morphological properties of these nanocomposites were meticulously characterized using a suite of advanced analytical techniques, including scanning and transmission electron microscopy, Brunauer-Emmett-Teller (BET) analysis, Raman spectroscopy, X-ray diffraction and photoelectron spectroscopy. These analyses revealed that the introduction of NiO into the TiO2 matrix not only modified the structural characteristics but also enhanced the optical …",Unclassified,0.0
,,"Corrigendum to “Ion-selectivity advancements in capacitive deionization: A comprehensive review”[Desalination vol. 572, 1 March 2024, 117146]
M Tauk, M Bechelany, P Sistat, R Habchi, M Cretin… - Desalination, 2024
Cited by 1 Related articles",2024/8,582.0,,,,Desalination,117660,"Physics, materials science",Cited by 1,Roland Habchi,,,"Corrigendum to"" Ion-selectivity advancements in capacitive deionization: A comprehensive review""[Desalination vol. 572, 1 March 2024, 117146]",,,,https://scholar.google.com/citations?view_op=view_citation&hl=en&user=IWx6HeAAAAAJ&cstart=20&pagesize=80&citation_for_view=IWx6HeAAAAAJ:YFjsv_pBGBYC,,,"Myriam Tauk, Mikhael Bechelany, Philippe Sistat, Roland Habchi, Marc Cretin, Francois Zaviska","The authors regret that upon further review, we have identified an oversight in the acknowledgment of relevant literature in the main manuscript. There is a critical review by Gamaethiralalage et al. that was not cited appropriately in the original submission. To rectify this omission, we kindly request the inclusion of the following passages in the specified sections:",Unclassified,0.0
,,"Synthesis, Structural Characterization, and Magnetic Properties of La3+-and Bi3+-Doped Co–Ni–Zn–Cu Ferrite Nanoparticles
M Almousawi, A Aridi, MY El Sayed, A Abdallah… - Ceramics International, 2025
Related articles",2025/4/26,,,,,,,"Physics, materials science",,Roland Habchi,,,"Synthesis, Structural Characterization, and Magnetic Properties of La3+-and Bi3+-Doped Co–Ni–Zn–Cu Ferrite Nanoparticles",,Ceramics International,,https://scholar.google.com/citations?view_op=view_citation&hl=en&user=IWx6HeAAAAAJ&cstart=20&pagesize=80&citation_for_view=IWx6HeAAAAAJ:NaGl4SEjCO4C,,Elsevier,"Mohammad Almousawi, Amani Aridi, Malak Yasser El Sayed, Alaa Abdallah, Wafic Labban, Roland Habchi, Ramadan Awad","In this study, the synthesis and characterization of new nanoferrites were performed. The structural, morphological and magnetic properties of these materials were enhanced by Fe-site doping. Spinel ferrite nanoparticles with the composition Co0.3Ni0.3Zn0.2Cu0.2Fe2O4 along with codoped variants Co0.3Ni0.3Zn0.2Cu0.2Fe1.8La0.2−xBixO4 (where x = 0, 0.02, 0.04, 0.08, and 0.12) were synthesized by the coprecipitation method. A comprehensive investigation of their structural, morphological, and magnetic properties was conducted. X-ray diffraction (XRD) confirmed the formation of a cubic spinel structure with a minor hematite phase, which decreased with La3+ and Bi3+. A reduction in crystallite size from 16.69 to 6.67 nm was observed with increasing x from 0 to 0.12. Furthermore, the lattice parameter increased from 8.343 Å in the pure sample to 8.355 Å in the Bi0.12 sample. X-ray photoelectron …",materials science,0.204
,,"Ion-selectivity advancements in capacitive deionization: A comprehensive review (vol 572, 117146, 2024)
M Tauk, M Bechelany, P Sistat, R Habchi, M Cretin… - DESALINATION, 2024
Related articles",2024/8/5,582.0,,,,,,"Physics, materials science",,Roland Habchi,,,"Ion-selectivity advancements in capacitive deionization: A comprehensive review (vol 572, 117146, 2024)",,DESALINATION,,https://scholar.google.com/citations?view_op=view_citation&hl=en&user=IWx6HeAAAAAJ&cstart=20&pagesize=80&citation_for_view=IWx6HeAAAAAJ:RGFaLdJalmkC,,ELSEVIER,"Myriam Tauk, Mikhael Bechelany, Philippe Sistat, Roland Habchi, Marc Cretin, Francois Zaviska",,Unclassified,0.0
,,,2023/1/1,13.0,,,,,,"Physics, materials science",,Roland Habchi,,,"Effect of Al 2 O 3, ZnO and TiO 2 Atomic Layer Deposition Grown Thin Films on the Electrochemical and Mechanical Properties of Sputtered Al-Zr Coating.",,Coatings (2079-6412),,https://scholar.google.com/citations?view_op=view_citation&hl=en&user=IWx6HeAAAAAJ&cstart=20&pagesize=80&citation_for_view=IWx6HeAAAAAJ:k_IJM867U9cC,1,,"Elias Kaady, Roland Habchi, Mikhael Bechelany, Elia Zgheib, Akram Alhussein",,Unclassified,0.0
,,"Plus de 2 000 adresses mail d'utilisateurs invalides: avez-vous pensé à vérifier la vôtre?*
MJ Clement, A Fortune, A Phalipon, V Marcel-Peyre…
Related articles",2022,26.0,,,,,10,"Physics, materials science",,Roland Habchi,,,Week-end de la Toussaint: plus de 800 nouveaux dépôts,,Évolution,,https://scholar.google.com/citations?view_op=view_citation&hl=en&user=IWx6HeAAAAAJ&cstart=20&pagesize=80&citation_for_view=IWx6HeAAAAAJ:r0BpntZqJG4C,,,"Myriam Tauk, Mikhael Bechelany, Serge Lagerge, Philippe Sistat, Roland Habchi",,Unclassified,0.0
,,"The effect of ALD oxides thin films on the electrochemical properties of the sputtered Al-Zr coatings
E Kaady, A Alhussein, M Bechelany, R Habchi - 2021
Related articles",2021,,,,,,,"Physics, materials science",,Roland Habchi,,,The effect of ALD oxides thin films on the electrochemical properties of the sputtered Al-Zr coatings,,,,https://scholar.google.com/citations?view_op=view_citation&hl=en&user=IWx6HeAAAAAJ&cstart=20&pagesize=80&citation_for_view=IWx6HeAAAAAJ:4JMBOYKVnBMC,,,"Elias Kaady, Akram Alhussein, Mikhael Bechelany, Roland Habchi","The effect of ALD oxides thin films on the electrochemical properties of the sputtered Al-Zr coatings - Université de Montpellier Recherche Accéder directement au contenu Pied de page Logo Logo Documentation Se connecter Portail HAL Um Recherche Loading... Recherche avancée Information de documents Titres Titres Sous-titre Titre de l'ouvrage Titre du volume (Série) Champ de recherche par défaut (multicritères) + texte intégral des PDF Résumé Texte intégral indexé des documents PDF Mots-clés Type de document Sous-type de document Tous les identifiants du document Identifiant HAL du dépôt Langue du document (texte) Pays (Texte) Ville À paraître (true ou false) Ajouter Auteur Auteur (multicritères) Auteur (multicritères) Auteur : Nom complet Auteur : Nom de famille Auteur : Prénom Auteur : Complément de nom, deuxième prénom Auteur : Organisme payeur Auteur : IdHal (chaîne de caractères) …",Unclassified,0.0
,,"Research Article Evaluation of the Effect of Different Types of Abrasive Surface Treatment before and after Zirconia Sintering on Its Structural Composition and Bond Strength with Resin Cement
H Skienhe, R Habchi, H Ounsi, M Ferrari, Z Salameh - 2018
Related articles All 2 versions",2018,,https://www.academia.edu/download/74800269/1803425.pdf,,,,,"Physics, materials science",,Roland Habchi,,,Research Article Evaluation of the Effect of Different Types of Abrasive Surface Treatment before and after Zirconia Sintering on Its Structural Composition and Bond Strength …,,,,https://scholar.google.com/citations?view_op=view_citation&hl=en&user=IWx6HeAAAAAJ&cstart=20&pagesize=80&citation_for_view=IWx6HeAAAAAJ:_Qo2XoVZTnwC,,,"Hasan Skienhe, Roland Habchi, Hani Ounsi, Marco Ferrari, Ziad Salameh","This study evaluated the effect of air abrasion before and after sintering with different particle type, shape, and size on the surface morphology, monoclinic phase transformation, and bond strength between resin cement and zirconia surface using primer containing silane and MDP. Airborne particle abrasion (APA) was performed on zirconia before and after sintering with different particle shape and size (50 𝜇m Al2O3 and 25 𝜇m silica powder). 120 square shaped presintered zirconia samples (Amann Girrbach) were prepared (3 mm height× 10 mm width× 10 mm length) and polished with grit papers# 800, 1000, 1200, 1500, and 2000. Samples were divided into 6 groups according to surface treatment—group A:(control) no surface treatment; group B: APA 50 𝜇m Al2O3 before sintering (BS); group C: APA 50 𝜇m Al2O3 after sintering (AS); group D: APA25 𝜇m silica powder (BS); group E: APA25 𝜇m silica powder (AS) at a pressure of 3.5 bar; and group F: APA 25 𝜇m silica powder (AS) at a pressure of 4 bar. Samples were analyzed using XRD, AFM, and SEM. The samples were submitted to shear bond strength (SBS) test. A dual cure resin cement (RelyX Ultimate) and primer (Scotchbond Universal) were used. Data were analyzed with ANOVA and Tukey test (𝛼≥ 0.05). APA in group B significantly increased the surface roughness when compared to all other groups. A significant monoclinic phase transformation (tm) value was observed in groups C and F and a reverse transformation occurred in presintered groups. The SBS value of group A was 11.58±1.43 and the highest significant shear bond strength value was for groups B (15.86±1.92 …",Unclassified,0.0
,,"Synthesis and characterization of a low-cost aerogel structure using classical drying methods for thermal insulation
A Nachawaty, M Bassil, A Choueiry, M Tahchi… - International Journal of Structural Integrity, 2017
Related articles",2017/4/10,8.0,,,,,256-263,"Physics, materials science",,Roland Habchi,,,Synthesis and characterization of a low-cost aerogel structure using classical drying methods for thermal insulation,,International Journal of Structural Integrity,,https://scholar.google.com/citations?view_op=view_citation&hl=en&user=IWx6HeAAAAAJ&cstart=20&pagesize=80&citation_for_view=IWx6HeAAAAAJ:ufrVoPGSRksC,2,Emerald Publishing Limited,"Abir Nachawaty, Maria Bassil, Antoine Choueiry, Mario Tahchi, Roland Habchi","Purpose
Lightweight insulators are of major importance for the industry, in particular for thermal insulation in buildings. The purpose of this paper is to present a low-cost method to obtain aerogels with high insulating properties.
Design/methodology/approach
Silica aerogel structures have been obtained by a low-cost sol-gel synthesis method. Surface modification, using dimethyldichlorosilane and trimethylchlorosilane, has been applied in order to get different thermal and optical properties.
Findings
The samples show very promising thermal properties as tested through an infrared camera observation. A 5-mm-thick piece of aerogel is able to withstand the temperature of a brazing flame and reduce the heat by at least 150 degrees on its opposite side. The samples have a vitreous like structure as observed by SEM, some surface cracking is observed but they stay within acceptable limits.
Originality/value
A very good …",Unclassified,0.0
,23th LAAS International Science Conference (LAAS'17),"Efficient conversion of CO2 to fuel resources using formate dehydrogenase immobilized on gold/electrospun PAN fiber material
C Karam, R Habchi, A Khoury, P Miele, S Tingry… - 23th LAAS International Science Conference (LAAS'17 …, 2017
Related articles",2017/4/6,,,,,,,"Physics, materials science",,Roland Habchi,,,Efficient conversion of CO2 to fuel resources using formate dehydrogenase immobilized on gold/electrospun PAN fiber material,,,,https://scholar.google.com/citations?view_op=view_citation&hl=en&user=IWx6HeAAAAAJ&cstart=20&pagesize=80&citation_for_view=IWx6HeAAAAAJ:QIV2ME_5wuYC,,,"Chantal Karam, R Habchi, A Khoury, Philippe Miele, Sophie Tingry, Mikhael Bechelany","Efficient conversion of CO2 to fuel resources using formate dehydrogenase immobilized on gold/electrospun PAN fiber material - Université de Montpellier Accéder directement au contenu Documentation FR Se connecter Portail HAL Um Recherche Loading... Recherche avancée Information de documents Titres Titres Sous-titre Titre de l'ouvrage Titre du volume (Série) Champ de recherche par défaut (multicritères) + texte intégral des PDF Résumé Texte intégral indexé des documents PDF Mots-clés Type de document Sous-type de document Tous les identifiants du document Identifiant HAL du dépôt Langue du document (texte) Pays (Texte) Ville À paraître (true ou false) Ajouter Auteur Auteur (multicritères) Auteur (multicritères) Auteur : Nom complet Auteur : Nom de famille Auteur : Prénom Auteur : Complément de nom, deuxième prénom Auteur : Organisme payeur Auteur : IdHal (chaîne de caractères) Auteur : …",materials science,0.2
,,"Stabilization and encapsulation of magnetite nanoparticles
J Podlecki, I Al Kawni, R Garcia, S Youssef, M Abboud… - Materials Research Express, 2016
Related articles",2016/12/1,3.0,,,,,,"Physics, materials science",,Roland Habchi,,,Stabilization and encapsulation of magnetite nanoparticles,,Materials Research Express,,https://scholar.google.com/citations?view_op=view_citation&hl=en&user=IWx6HeAAAAAJ&cstart=20&pagesize=80&citation_for_view=IWx6HeAAAAAJ:qUcmZB5y_30C,12,,"Jean Podlecki, Issmat Al Kawni, Ricardo Garcia, Sami Youssef, Maher Abboud, Roland Habchi","Stabilization and encapsulation of magnetite nanoparticles - Archive ouverte HAL Recherche Accéder directement au contenu Pied de page Logo Logo Documentation FR Français (FR) Anglais (EN) Se connecter HAL science ouverte Recherche Loading... Recherche avancée Information de documents Titres Titres Sous-titre Titre de l'ouvrage Titre du volume (Série) Champ de recherche par défaut (multicritères) + texte intégral des PDF Résumé Texte intégral indexé des documents PDF Mots-clés Type de document Sous-type de document Tous les identifiants du document Identifiant HAL du dépôt Langue du document (texte) Pays (Texte) Ville À paraître (true ou false) Ajouter Auteur Auteur (multicritères) Auteur (multicritères) Auteur : Nom complet Auteur : Nom de famille Auteur : Prénom Auteur : Complément de nom, deuxième prénom Auteur : Organisme payeur Auteur : IdHal (chaîne de caractères) Auteur : …",materials science,0.205
,3rd International Conference on Bioinspired and Biobased Chemistry & Materials,"Elaboration and characterization of urchin-like zinc oxide nanowires for photovoltaic applications
C Karam, R Habchi, S Tingry, Z Herro, A Khoury… - 3rd International Conference on Bioinspired and …, 2016
Related articles All 4 versions",2016/10/16,,,,,,,"Physics, materials science",,Roland Habchi,,,Elaboration and characterization of urchin-like zinc oxide nanowires for photovoltaic applications,,,,https://scholar.google.com/citations?view_op=view_citation&hl=en&user=IWx6HeAAAAAJ&cstart=20&pagesize=80&citation_for_view=IWx6HeAAAAAJ:dhFuZR0502QC,,,"Chantal Karam, R Habchi, Sophie Tingry, Z Herro, A Khoury, Philippe Miele, Mikhael Bechelany","Elaboration and characterization of urchin-like zinc oxide nanowires for photovoltaic applications - Université de Montpellier Recherche Accéder directement au contenu Pied de page Logo Logo Documentation Se connecter Portail HAL Um Recherche Loading... Recherche avancée Information de documents Titres Titres Sous-titre Titre de l'ouvrage Titre du volume (Série) Champ de recherche par défaut (multicritères) + texte intégral des PDF Résumé Texte intégral indexé des documents PDF Mots-clés Type de document Sous-type de document Tous les identifiants du document Identifiant HAL du dépôt Langue du document (texte) Pays (Texte) Ville À paraître (true ou false) Ajouter Auteur Auteur (multicritères) Auteur (multicritères) Auteur : Nom complet Auteur : Nom de famille Auteur : Prénom Auteur : Complément de nom, deuxième prénom Auteur : Organisme payeur Auteur : IdHal (chaîne de caractères) Auteur …",Unclassified,0.0
,"22ème Conférence Scientifique Internationale, USEK","Conception des oursins à base de nanofils de ZnO pour des applications en photovoltaïques
C Karama, R Habchib, S Tingrya, Z Herrob, A Khouryb… - 22ème Conférence Scientifique Internationale, USEK, 2016
Related articles All 3 versions",2016/4/14,,,,,,,"Physics, materials science",,Roland Habchi,,,Conception des oursins à base de nanofils de ZnO pour des applications en photovoltaïques,,,,https://scholar.google.com/citations?view_op=view_citation&hl=en&user=IWx6HeAAAAAJ&cstart=20&pagesize=80&citation_for_view=IWx6HeAAAAAJ:7PzlFSSx8tAC,,,"C Karama, R Habchib, S Tingrya, Z Herrob, A Khouryb, P Mielea, M Bechelanya","La nécessité de trouver une alternative au pétrole, et d’aller vers des énergies propres et renouvelables, favorise depuis quelques années l’émergence de nouvelles technologies. Parmi ces dernières, la géothermie, l’éolien, la photovoltaïque et l’hydroélectrique sont les seuls procédés utilisés à grande échelle. Parmi les différentes énergies renouvelables, l’énergie photovoltaïque, reposant sur la transformation directe des rayons lumineux du soleil en électricité possède un potentiel important. En effet, l’énergie solaire qui atteint chaque année la surface de la terre équivaut à plus de 10000 fois la consommation mondiale d’énergie primaire. Dans ce contexte, l’objectif de la recherche et du développement actuel dans ce domaine est de diminuer le prix énergétique du module photovoltaïque tout en trouvant d’autres alternatives et en maîtrisant des procédés de fabrication en accord dans le respect de l’environnement, afin de créer un véritable marché concurrent aux autres sources d’énergie (fossiles, nucléaires, hydroélectriques), considérées jusqu’à aujourd’hui comme moins coûteuses.
Parmi les matériaux semiconducteurs à large bande interdite de type n, l’oxyde de zinc (ZnO) ont été largement étudié due à la non-toxicité de ZnO et son abondance sur Terre. Ces avantages font des nanofils de ZnO une structure idéale pour collecter les électrons et assurer leur transfert dans les cellules solaires nanostructurées.",Unclassified,0.0
,,"Synthesis of novel ZnO/ZnAl₂O₄ multi co-centric nanotubes and their long-term stability in photocatalytic application
M Nasr, R Viter, C Eid, F Warmont, R Habchi, P Miele… - 2016
Related articles",2016,,,,,,,"Physics, materials science",,Roland Habchi,,,Synthesis of novel ZnO/ZnAl₂O₄ multi co-centric nanotubes and their long-term stability in photocatalytic application,,,,https://scholar.google.com/citations?view_op=view_citation&hl=en&user=IWx6HeAAAAAJ&cstart=20&pagesize=80&citation_for_view=IWx6HeAAAAAJ:GnPB-g6toBAC,,,"Maryline Nasr, Roman Viter, Cynthia Eid, Fabienne Warmont, Roland Habchi, Philippe Miele, Mikhael Bechelany","Based on the Kirkendall effect, novel double, triple and quadruple co-centric nanotubes of ZnO/ZnAl₂O₄ have been successfully fabricated by combining the two techniques of electrospinning and atomic layer deposition. The as-prepared samples were annealed at 900 °C under air. Their morphological, structural and optical properties were studied by Scanning Electron Microscopy (SEM), transmission electron microscopy (TEM), X-ray diffraction (XRD), Energy-Dispersive X-ray spectroscopy (EDX), UV-visible spectrophotometry, Raman spectroscopy, photoluminescence (PL) and reflectance emission. The performances and long-term stability of these multi co-centric nanotubes for photocatalytic applications have been evaluated under the same conditions. As result, in the photodegradation of methyl orange (MO) under UV irradiation, the triple and quadruple co-centric nanotubes of ZnO/ZnAl₂O₄ exhibit a higher photodegradation efficiency (94% and 99%, respectively) in repeated and long-term applications compared to the pure ZnO which has very low long-term photocatalytic stability. Thus, the fact of coupling these two semiconductors ensured a high photocatalytic activity and long term stability.",Unclassified,0.0
,"International Symposium on Nanotechnologies:“Research, Innovation and Economic Challenges”","Oxides membranes by electrospinning for photocatalytic applications
M Nasr, P Miele, R Habchi, C Eid, M Bechelany - International Symposium on Nanotechnologies:“ …, 2015
Related articles All 2 versions",2015/10/28,,,,,,,"Physics, materials science",,Roland Habchi,,,Oxides membranes by electrospinning for photocatalytic applications,,,,https://scholar.google.com/citations?view_op=view_citation&hl=en&user=IWx6HeAAAAAJ&cstart=20&pagesize=80&citation_for_view=IWx6HeAAAAAJ:ZeXyd9-uunAC,,,"Maryline Nasr, Philippe Miele, R Habchi, C Eid, Mikhael Bechelany","Oxides membranes by electrospinning for photocatalytic applications - Université de Montpellier Recherche Accéder directement au contenu Pied de page Logo Logo Documentation Se connecter Portail HAL Um Recherche Loading... Recherche avancée Information de documents Titres Titres Sous-titre Titre de l'ouvrage Titre du volume (Série) Champ de recherche par défaut (multicritères) + texte intégral des PDF Résumé Texte intégral indexé des documents PDF Mots-clés Type de document Sous-type de document Tous les identifiants du document Identifiant HAL du dépôt Langue du document (texte) Pays (Texte) Ville À paraître (true ou false) Ajouter Auteur Auteur (multicritères) Auteur (multicritères) Auteur : Nom complet Auteur : Nom de famille Auteur : Prénom Auteur : Complément de nom, deuxième prénom Auteur : Organisme payeur Auteur : IdHal (chaîne de caractères) Auteur : Fonction Auteur : personID …",Unclassified,0.0
,,"Effect of Different Bleaching Materials On Color of Stained Resin Composite By Photocatalytic Treatment
امير حمدي حكيم العميدي - 2015
Related articles",2015/3/27,,https://repository.uobabylon.edu.iq/papers/publication.aspx?Pubid=6324,,,,,"Physics, materials science",,Roland Habchi,,,Effect of Different Bleaching Materials On Color of Stained Resin Composite By Photocatalytic Treatment,,,,https://scholar.google.com/citations?view_op=view_citation&hl=en&user=IWx6HeAAAAAJ&cstart=20&pagesize=80&citation_for_view=IWx6HeAAAAAJ:IWHjjKOFINEC,,University of Babylon Repository,امير حمدي حكيم العميدي,"in this work, zno, and tio2 (hombikat uv 100) and tio2 doped with 0.5% of pt, and pd metals, that prepared by photo deposition method. the bare tio2 and prepared samples were characterized by powder x-ray diffraction (xrd), uv–vis diffuse reflectance spectra (uv–vis drs), nitrogen adsorption bet, and atomic force microscopy (afm) were evaluate the effect of photochemical activation by kinds of semiconductors (zno, tio2, pt/tio2, and pd/tio2) in bleaching gels with uv-light type a, with the purpose of accelerating the process of pigmented component oxidation on filtek z350xt resin composite (3m espe). the bare catalysts and metal doped prepared where testing by taken twenty-five disc-shaped of the filtek z350xt resin composite specimens (3m espe) were used in this study, then immersion in tea staining solutions, after that they were randomly divided into five groups specimens (each group n= 10) according to the type of whitening chemical materials treatment applied (zno, pt/tio2, tio2, pd/tio2 and tio2/uv 100). the color measurements were taken: at baseline, after immersion and after chemical treatment procedures by using a stereomicroscope (vita easy shade device). the results recorded, tabulated and statwastically analyses. the results showed the highest mean color difference? e values were: group two pt/tio2, group three tio2, group five tio2/uv 100, pd/tio2 and group one zno respectively. however, there was no statistically significant difference in-group three tio2. in addition, a whitening effect was demonstrated with group two pt/tio2 and group five tio2/uv 100 showed statistically significant lowest in a* color space compared to others groups. in …",materials science,0.203
,,"Tunable properties of GO-doped CoFe₂O₄ nanofibers elaborated by electrospinning
C Eid, E Assaf, R Habchi, P Miele, M Bechelany - 2015
Related articles",2015,,,,,,,"Physics, materials science",,Roland Habchi,,,Tunable properties of GO-doped CoFe₂O₄ nanofibers elaborated by electrospinning,,,,https://scholar.google.com/citations?view_op=view_citation&hl=en&user=IWx6HeAAAAAJ&cstart=20&pagesize=80&citation_for_view=IWx6HeAAAAAJ:O3NaXMp0MMsC,,,"C Eid, E Assaf, R Habchi, P Miele, M Bechelany","Cobalt ferrite (CoFe₂O₄) one-dimensional nanofibers doped with graphene oxide (GO) were successfully synthesized for the first time via an electrospinning technique. The as-spun nanofibers were calcined at 600 °C for 3 h with a slow heating rate of 2 °C min⁻¹. Their morphological and structural properties were studied by scanning electron microscopy (SEM), X-ray diffraction (XRD), Transmission Electron Microscopy, energy-dispersive X-ray spectroscopy (EDX), and Raman spectroscopy. All GO-doped CoFe₂O₄ fibers possessed a pure spinel structure. The average fiber diameter and grain size were influenced by the GO weight amount. The effect of the graphene oxide incorporation on the magnetic properties of the fibers was investigated by superconducting quantum interference device (SQUID) magnetometry. At room temperature, a slight enhancement of the saturation magnetization was detected while increasing the GO amount. Therefore, doping with GO is able to tune the magnetic properties of the CoFe₂O₄ fibers elaborated by the electrospinning technique.",Unclassified,0.0
,,"Scanning calorimeter for microliter-scaled samples based on lithium tantalite pyroelectric bulk material
S Youssef, J Podlecki, R Habchi, M Brouche… - The European Physical Journal-Applied Physics, 2011
Related articles All 9 versions",2011/10,56.0,https://hal.science/hal-00736282/document,,,,11201,"Physics, materials science",,Roland Habchi,,,Scanning calorimeter for microliter-scaled samples based on lithium tantalite pyroelectric bulk material,,The European Physical Journal-Applied Physics,,https://scholar.google.com/citations?view_op=view_citation&hl=en&user=IWx6HeAAAAAJ&cstart=20&pagesize=80&citation_for_view=IWx6HeAAAAAJ:W7OEmFMy1HYC,1,EDP Sciences,"Sami Youssef, Jean Podlecki, Roland Habchi, Marwan Brouche, Roy Al Asmar, Alain Foucaran","We report the design and operation of a differential scanning calorimeter (DSC) for use with either solid or liquid samples with a volume down to a few microliters. The calorimeter is based on lithium tantalite pyroelectric bulk material used to perceive the energy involved in any phase transformation process. The device consists of a pyroelectric substrate, a thermoelectric cooler and a heat dissipation system. Its effectiveness is demonstrated by scanning the freezing and melting phase shifts of water droplets, ranging from 1 to 2 μl. The latent heat of fusion and solidification were measured to within 3% of the bulk value.",materials science,0.2
,Abstracts of the Materials Research Society spring meeting (MRS),"Deep Levels induced by a negative bias stress applied on commercial VDMOSFET transistor
N Abboud, R Habchi, Y Cuminal, A Foucaran… - Abstracts of the Materials Research Society spring …, 2011
Related articles",2011,,,,,,,"Physics, materials science",,Roland Habchi,,,Deep Levels induced by a negative bias stress applied on commercial VDMOSFET transistor,,,,https://scholar.google.com/citations?view_op=view_citation&hl=en&user=IWx6HeAAAAAJ&cstart=20&pagesize=80&citation_for_view=IWx6HeAAAAAJ:L8Ckcad2t8MC,,,"N Abboud, R Habchi, Y Cuminal, A Foucaran, C Salame","Deep Levels induced by a negative bias stress applied on commercial VDMOSFET transistor - Archive ouverte HAL Recherche Accéder directement au contenu Pied de page Logo Logo Documentation FR Français (FR) Anglais (EN) Se connecter HAL science ouverte Recherche Loading... Recherche avancée Information de documents Titres Titres Sous-titre Titre de l'ouvrage Titre du volume (Série) Champ de recherche par défaut (multicritères) + texte intégral des PDF Résumé Texte intégral indexé des documents PDF Mots-clés Type de document Sous-type de document Tous les identifiants du document Identifiant HAL du dépôt Langue du document (texte) Pays (Texte) Ville À paraître (true ou false) Ajouter Auteur Auteur (multicritères) Auteur (multicritères) Auteur : Nom complet Auteur : Nom de famille Auteur : Prénom Auteur : Complément de nom, deuxième prénom Auteur : Organisme payeur Auteur : IdHal (…",materials science,0.205
,,"VDMOSFET reliability dependence on the integrated drain‐source junction
R El Bitar, R Habchi, C Salame, A Khoury, P Mialhe… - Microelectronics international, 2009
Related articles All 4 versions",2009/1/23,26.0,,,,,33-36,"Physics, materials science",,Roland Habchi,,,VDMOSFET reliability dependence on the integrated drain‐source junction,,Microelectronics international,,https://scholar.google.com/citations?view_op=view_citation&hl=en&user=IWx6HeAAAAAJ&cstart=20&pagesize=80&citation_for_view=IWx6HeAAAAAJ:9yKSN-GCB0IC,1,Emerald Group Publishing Limited,"R El Bitar, R Habchi, C Salame, A Khoury, P Mialhe, B Nsouli","Purpose
–
This work aims to investigate the modifications in a transistor behavior after hot carrier injection processes from the integrated junction.
Design/methodology/approach
–
A high voltage is applied across the drain‐source contacts, so a reverse current is induced through the integrated junction and defects are then created.
Findings
–
The results point out to a dependence of the VDMOSFET reliability on the operating conditions which could induce parasitic effects on the structure. Induced defects alter the form of several MOSFET characteristics.
Originality/value
–
A new method of degradation is presented along with a series of characterization techniques‐based electrical parameters variations.",Unclassified,0.0
,,"Composants de puissance: commutation, fiabilité
R Habchi - 2007
Related articles",2007,,,,,,,"Physics, materials science",,Roland Habchi,,,"Composants de puissance: commutation, fiabilité",Université de Perpignan Via Domitia,,,https://scholar.google.com/citations?view_op=view_citation&hl=en&user=IWx6HeAAAAAJ&cstart=20&pagesize=80&citation_for_view=IWx6HeAAAAAJ:mVmsd5A6BfQC,,,Roland Habchi,"Le but de ce travail est l'étude des composants de puissance du type VDMOSFETen fonctionnement sous conditions extrêmes. Une méthode de mesure des temps de commutation est définie. Des contraintes électriques et thermiques sont appliquées d'une manière à simuler expérimentalement les conditions réelles de fonctionnement. La fiabilité de commutation est fonction de l'épaisseur de la couche d'oxyde. En imposant des contraintes électriques, un gain de rapidité est obtenu pour le scouches épaisses mais avec des forts décalages de la tension de seuil,tandis que dans les couches minces les variations sont plus faibles. La commutation est aussi fonction de la température d'opération. Les défauts sont ensuite caractérisés par des mesures de capacités et de conductance, qui montrent qu'une grande densité de défauts positifs est obtenue en stressant le composant à basse température. Les températures élevées poussent les défauts à migrer loin de l'interface et leurs effets seront moins observés. Ce travail, tout en étant réalisé sur des composants commerciaux, introduit des procédés de mesures expérimentales et de suivi de fiabilité applicables sur tous les composants du type MOSFET.",Unclassified,0.0
,,"Effects of electrical stress on switching behaviour of VDMOSFETs
C SALAME, R HABCHI, P MIALHE
Related articles",,,,,,,,"Physics, materials science",,Roland Habchi,,,Effects of electrical stress on switching behaviour of VDMOSFETs,,,,https://scholar.google.com/citations?view_op=view_citation&hl=en&user=IWx6HeAAAAAJ&cstart=20&pagesize=80&citation_for_view=IWx6HeAAAAAJ:Tyk-4Ss8FVUC,,,"C SALAME, R HABCHI, P MIALHE","The aim of this paper is to provide specific information on the effects of DC voltage stress on the current, rise time (Tr) and fall time (Tf), at switching between on and off state of a power n-MOSFET devices. A constant positive electrical stress voltage technique is used to study the devices in this work by positively bias the gate with respect to source and short circuit the drain with the grounded source. Voltage stress is gradually increased by automatic 1 volt step until reach the max tolerated value by the gate dielectric (70V for device studied in this paper). Response of the device for electrical stress were measured for different doses (stress time) The experimental results show that the rise time increases the beginning of stress dose and then it almost stabilised with time, while fall time decreases at first then starts to increase for higher stress time. The Modification of the device switching time parameters were associated …",Unclassified,0.0
,,"Dependency of Oxide Thickness Effect on the Evolution of n-MOSFET Switching Time with Electrical Stress
C SALAME, R HABCHI, A Khoury, P MIALHE
Related articles All 2 versions",,,http://klabs.org/mapld05/papers/101_salame_paper.doc,,,,,"Physics, materials science",,Roland Habchi,,,Dependency of Oxide Thickness Effect on the Evolution of n-MOSFET Switching Time with Electrical Stress,,,,https://scholar.google.com/citations?view_op=view_citation&hl=en&user=IWx6HeAAAAAJ&cstart=20&pagesize=80&citation_for_view=IWx6HeAAAAAJ:zYLM7Y9cAGgC,,,"C SALAME, R HABCHI, A Khoury, P MIALHE","In this work, the oxide thickness effects on the switching times of COTS (Cost On The Shelf) n-MOSFETs (Metal-Oxide-Semiconductor Field Effect Transistor) power devices were investigated. A thick oxide reveals a large accumulation of positive charges, whereas the effect of the hot electrons, which cross the Si/SiO 2 interface and cause the positive charges, is reduced in thinner oxides. In this study, we show that interface states are the major signs of degradation in thin oxide devices. The measurements performed show the variation of switching times, along with the saturation current in the channel, for three different oxide thicknesses.",Unclassified,0.0
