Book,Conference,Scholar articles,Publication date,Volume,PDF Link,Patent office,Report number,Source,Pages,Research Interests,Total citations,Researcher Name,Inventors,Patent number,Title,Institution,Journal,Application number,Scholar Link,Issue,Publisher,Authors,Description,Classified_Topic,Classification_Confidence
,,"Characterization and Raman investigations on high-quality ZnO thin films fabricated by reactive electron beam evaporation technique
R Al Asmar, JP Atanas, M Ajaka, Y Zaatar… - Journal of crystal growth, 2005
Cited by 90 Related articles All 5 versions",2005/6/1,279.0,,,,,394-402,"Electronics, sensors",Cited by 90,Youssef Zaatar,,,Characterization and Raman investigations on high-quality ZnO thin films fabricated by reactive electron beam evaporation technique,,Journal of Crystal Growth,,https://scholar.google.com/citations?view_op=view_citation&hl=en&user=rEfmcDMAAAAJ&citation_for_view=rEfmcDMAAAAJ:u-x6o8ySG0sC,3-4,North-Holland,"R Al Asmar, JP Atanas, M Ajaka, Y Zaatar, G Ferblantier, JL Sauvajol, J Jabbour, S Juillaget, A Foucaran","High-quality zinc oxide thin films have been evaporated by reactive e-beam in an oxygen environment. Photoluminescence (PL) on ZnO evaporated at 300°C reveals an enhancement of the ultraviolet near band edge emission at 3.28eV and shows the smallest full-width at half-maximum of the NBE peak about 150meV, proving that the optimum growth temperature is 300°C. X-ray diffraction measurements have shown that ZnO films are highly c-axis-oriented and that the linewidth of the (002) peak is sensitive to the variation of substrate temperature. The best crystallinity occurred at 300°C, correlating with the PL measurements. The optical transmittance is the highest at 300°C and has been increased after annealing in air, showing an improvement of the optical quality. Raman spectroscopy has been found to be an efficient tool to evaluate the residual stress in the as-grown ZnO films from the position of the E2 …",electronics,0.4
,,"Piezoelectric zinc oxide by electrostatic spray pyrolysis
D Zaouk, Y Zaatar, R Asmar, J Jabbour - Microelectronics journal, 2006
Cited by 84 Related articles All 5 versions",2006/11/30,37.0,,,,,1276-1279,"Electronics, sensors",Cited by 84,Youssef Zaatar,,,Piezoelectric zinc oxide by electrostatic spray pyrolysis,,Microelectronics journal,,https://scholar.google.com/citations?view_op=view_citation&hl=en&user=rEfmcDMAAAAJ&citation_for_view=rEfmcDMAAAAJ:d1gkVwhDpl0C,11,Elsevier,"D Zaouk, Y Zaatar, R Asmar, J Jabbour","Zinc oxide (ZnO) possesses many interesting properties, such as a wide energy band gap, large photoconductivity, and high excitonic binding energy. Piezoelectric (ZnO) film has a high electro-mechanical coupling coefficient, which makes it a promising material for high frequency and low surface acoustic wave (SAW), bulk acoustic wave, and microelectromechanical system devices. In this work, we present the first results obtained for piezoelectric ZnO thin films prepared on corning 7059 glass substrate by electrostatic spray pyrolysis (ESP), a simple, cheap and efficient technique not widely used for ZnO deposition, using zinc nitrate in a mixture of deionised water and isopropyl alcohol. The structural morphologic and optical properties of the films have been studied and the effect of the preparation conditions, such as substrate temperature and substrate–nozzle distance, discussed. Highly c-axis preferred …",electronics,0.4
,,"Diode laser sensor for process control and environmental monitoring
Y Zaatar, J Bechara, A Khoury, D Zaouk, JP Charles - Applied Energy, 2000
Cited by 77 Related articles All 11 versions",2000/4/1,65.0,,,,,107-113,"Electronics, sensors",Cited by 77,Youssef Zaatar,,,Diode laser sensor for process control and environmental monitoring,,Applied Energy,,https://scholar.google.com/citations?view_op=view_citation&hl=en&user=rEfmcDMAAAAJ&citation_for_view=rEfmcDMAAAAJ:2osOgNQ5qMEC,1-4,Elsevier,"Y Zaatar, J Bechara, A Khoury, D Zaouk, J-P Charles","Absorption spectroscopy with tunable diode lasers (TDLAS) in the infrared region is a well-known technique for the chemical analysis of gas mixtures. The laser provides a high selectivity, which is important in industrial environments such as in-line stack monitoring, where complex gas mixtures are present. A wavelength tunable diode laser in the near infrared region has been utilized as a light source in absorption measurements of air pollution resulting from energy usage for industry. The emission frequency can be varied over a relatively wide spectral range by changing the current and temperature of the diode.",sensors,0.4
,,"Fabrication and characterization of an evanescent wave fiber optic sensor for air pollution control
Y Zaatar, D Zaouk, J Bechara, A Khoury, C Llinaress… - Materials Science and engineering: B, 2000
Cited by 71 Related articles All 5 versions",2000/5/1,74.0,,,,,296-298,"Electronics, sensors",Cited by 71,Youssef Zaatar,,,Fabrication and characterization of an evanescent wave fiber optic sensor for air pollution control,,Materials Science and engineering: B,,https://scholar.google.com/citations?view_op=view_citation&hl=en&user=rEfmcDMAAAAJ&citation_for_view=rEfmcDMAAAAJ:u5HHmVD_uO8C,1-3,Elsevier,"Y Zaatar, D Zaouk, J Bechara, A Khoury, C Llinaress, J-P Charles","The fiber optic evanescent wave sensors provide low-cost integrated optics sensors for the monitoring of air pollution and species concentrations in various environments. This sensor offers the possibility to be linked to fiber optics for remote measurements and dangerous locations. It offers multiplexing possibilities and presents perfect immunity to electromagnetic perturbations. A fraction of the power transmitted along the core of the fiber propagates as an evanescent field in the cladding, so the transmission of this fiber depends on the absorption of the cladding. The sensor is obtained by removing a small length of the cladding of a standard commercial single-mode fiber silica/silica and replacing it by an absorbing medium. The evanescent field in the cladding interacts with the absorption medium surrounding the core and the power transmitted by the fiber is attenuated. In this paper, we describe a simple method …",sensors,0.605
,,"Anchored cobalt film as stable supported catalyst for hydrolysis of sodium borohydride for chemical hydrogen storage
O Akdim, R Chamoun, UB Demirci, Y Zaatar, A Khoury… - International journal of hydrogen energy, 2011
Cited by 46 Related articles All 7 versions",2011/11/30,36.0,https://www.academia.edu/download/87701480/j.ijhydene.2011.07.05120220618-1-4o2pqr.pdf,,,,14527-14533,"Electronics, sensors",Cited by 46,Youssef Zaatar,,,Anchored cobalt film as stable supported catalyst for hydrolysis of sodium borohydride for chemical hydrogen storage,,International Journal of Hydrogen Energy,,https://scholar.google.com/citations?view_op=view_citation&hl=en&user=rEfmcDMAAAAJ&citation_for_view=rEfmcDMAAAAJ:W7OEmFMy1HYC,22,Pergamon,"Ouardia Akdim, Rita Chamoun, Umit B Demirci, Youssef Zaatar, Antonio Khoury, Philippe Miele","Electrodeposition was used to deposit cobalt over polycarbonate membrane (PCM), which was used as stable supported catalyst in hydrolysis of sodium borohydride NaBH4. We selected PCM as support owing to its lightness, easy handling, stability, and porous structure with nanosized channels. Our primary objective was to obtain a catalytic film resistant to both physical degradation and delamination while H2 bubbled on its surface. A thin film consisting of mushroom-like cobalt nanoarchitectures were prepared. By SEM, we observed that it is strongly embedded into the PCM thickness, with the anchoring occurring through the channels. This shaped catalyst was mechanically stable and did not show degradation during the reaction. The main results are reported and discussed in details herein.",Unclassified,0.0
,,"Experiments of time-reversed pulse waves for wireless power transmission in an indoor environment
R Ibrahim, D Voyer, A Bréard, J Huillery, C Vollaire… - IEEE Transactions on Microwave Theory and …, 2016
Cited by 44 Related articles All 4 versions",2016/7,64.0,https://www.academia.edu/download/87701418/tmtt.2016.257267920220618-1-1cfh9jh.pdf,,,,2159-2170,"Electronics, sensors",Cited by 44,Youssef Zaatar,,,Experiments of Time-Reversed Pulse Waves for Wireless Power Transmission in an Indoor Environment,,IEEE Transactions on Microwave Theory and Techniques,,https://scholar.google.com/citations?view_op=view_citation&hl=en&user=rEfmcDMAAAAJ&citation_for_view=rEfmcDMAAAAJ:L8Ckcad2t8MC,7,IEEE,"Rony Ibrahim, Damien Voyer, Arnaud Bréard, Julien Huillery, Christian Vollaire, Bruno Allard, Youssef Zaatar","A time reversal (TR) method is investigated for wireless power transmission in an indoor environment. Experiments performed with nanosecond pulses modulated at the frequency of 2.45 GHz reveal that the temporal and spatial focusing makes this technique valuable for applications of wireless power transmission. It is shown that the TR scheme avoids the fading phenomena that usually appear in an indoor environment when the power transmission is realized with a continuous wave: the voltage gain (respectively, the energy gain) can reach 30 dB (respectively, 20 dB) for the proposed scenarios. Moreover, it is theoretically proved that the TR technique is the optimal solution for an energy transmission, whatever the density of the multipath environment. In addition, simulations show that the voltage gain (respectively, the energy gain) of the TR technique is 3 dB (respectively, 9 dB) compared with the inverse …",Unclassified,0.0
,,"Electrical and optical properties of pyrolytically electrostatic sprayed fluorine-doped tin–oxide: Dependence on substrate–temperature and substrate–nozzle distance
D Zaouk, Y Zaatar, A Khoury, C Llinares, JP Charles… - Journal of Applied Physics, 2000
Cited by 43 Related articles All 4 versions",2000/5/15,87.0,,,,,7539-7543,"Electronics, sensors",Cited by 43,Youssef Zaatar,,,Electrical and optical properties of pyrolytically electrostatic sprayed fluorine-doped tin–oxide: Dependence on substrate–temperature and substrate–nozzle distance,,Journal of Applied Physics,,https://scholar.google.com/citations?view_op=view_citation&hl=en&user=rEfmcDMAAAAJ&citation_for_view=rEfmcDMAAAAJ:9yKSN-GCB0IC,10,AIP,"D Zaouk, Y Zaatar, A Khoury, C Llinares, J-P Charles, J Bechara","Tin–oxide thin films were prepared by a modified spray technique called electrostatic spray pyrolysis. Their electrical and optical properties dependence on fluorine concentration, substrate temperature and the substrate–nozzle distance was studied. and seem to be interrelated for the optimization of good quality fluorine-doped films. Films of about Ω cm resistivity and high visible 85% transparency were obtained for a substrate temperature of a 6 cm substrate nozzle distance, and 80% of hydrofluorhydric acid HF in the starting solution. These data are discussed in light of the kinetics reaction.",Unclassified,0.0
,,"Co-αAl2O3-Cu as shaped catalyst in NaBH4 hydrolysis
R Chamoun, UB Demirci, Y Zaatar, A Khoury, P Miele - International journal of hydrogen energy, 2010
Cited by 42 Related articles All 6 versions",2010/7/31,35.0,https://www.academia.edu/download/87701658/j.ijhydene.2010.04.10720220618-1-1beo0is.pdf,,,,6583-6591,"Electronics, sensors",Cited by 42,Youssef Zaatar,,,Co-αAl 2 O 3-Cu as shaped catalyst in NaBH 4 hydrolysis,,international journal of hydrogen energy,,https://scholar.google.com/citations?view_op=view_citation&hl=en&user=rEfmcDMAAAAJ&citation_for_view=rEfmcDMAAAAJ:qjMakFHDy7sC,13,Pergamon,"R Chamoun, UB Demirci, Y Zaatar, A Khoury, P Miele","A study about catalytic films of Co-supported-over-αAl2O3 fabricated by electrophoretic deposition (EPD) is reported, the as-prepared shaped catalysts being intended to catalyze NaBH4 hydrolysis. Co-αAl2O3 supported over Cu substrate can be prepared by a 2-step route: (i) preparation of the supported catalyst Co-αAl2O3 (in powder form) by wet impregnation of CoCl2 over αAl2O3, followed by a reduction, and (ii) fabrication of Co-αAl2O3-Cu (thin film over Cu) by EPD. Both types of catalysts, whatever their form, are highly efficient in hydrolyzing NaBH4, conversions of 100% and HGRs of tens of mL(H2) min−1 being achieved at 60–80 °C. The Co-αAl2O3-Cu catalysts are even more reactive than the Co-αAl2O3 catalysts because the surface of the former materials becomes much more acid than that of the latter ones in the course of the EPD process. The respective rate laws and reaction kinetics have been …",Unclassified,0.0
,,"Novel design for a rectenna to collect pulse waves at 2.4 GHz
R Ibrahim, D Voyer, M El Zoghbi, J Huillery, A Bréard… - IEEE Transactions on Microwave Theory and …, 2017
Cited by 33 Related articles All 3 versions",2018/1,66.0,,,,,357-365,"Electronics, sensors",Cited by 33,Youssef Zaatar,,,Novel Design for a Rectenna to Collect Pulse Waves at 2.4 GHz,,IEEE Transactions on Microwave Theory and Techniques,,https://scholar.google.com/citations?view_op=view_citation&hl=en&user=rEfmcDMAAAAJ&citation_for_view=rEfmcDMAAAAJ:-f6ydRqryjwC,1,IEEE,"Rony Ibrahim, Damien Voyer, Mohamad El Zoghbi, Julien Huillery, Arnaud Bréard, Christian Vollaire, Bruno Allard, Youssef Zaatar","A novel rectifying circuit topology is proposed for converting electromagnetic pulse waves (PWs), that are collected by a wideband antenna, into dc voltage. The typical incident signal considered in this paper consists of 10-ns pulses modulated around 2.4 GHz with a repetition period of 100 ns. The proposed rectifying circuit topology comprises a double-current architecture with inductances that collect the energy during the pulse delivery as well as an output capacitance that maintains the dc output voltage between the pulses. Experimental results show that the efficiency of the rectifier reaches 64% for a mean available incident power of 4 dBm. Similar performances are achieved when a wideband antenna is combined with the rectifier in order to realize a rectenna. By increasing the repetition period of the incident PWs to 400 ns, the rectifier still operates with an efficiency of 52% for a mean available incident pulse …",Unclassified,0.0
,,"Fabrication of tin oxide (SnO2) thin film by electrostatic spray pyrolysis
D Zaouk, Y Zaatar, A Khoury, C Llinares, JP Charles… - Microelectronic Engineering, 2000
Cited by 32 Related articles All 5 versions",2000/5/31,51.0,https://www.academia.edu/download/87701631/s0167-9317_2899_2900526-220220618-1-fji83d.pdf,,,,627-631,"Electronics, sensors",Cited by 32,Youssef Zaatar,,,Fabrication of tin oxide (SnO 2) thin film by electrostatic spray pyrolysis,,Microelectronic Engineering,,https://scholar.google.com/citations?view_op=view_citation&hl=en&user=rEfmcDMAAAAJ&citation_for_view=rEfmcDMAAAAJ:Y0pCki6q_DkC,,Elsevier,"D Zaouk, Y Zaatar, A Khoury, C Llinares, J-P Charles, J Bechara","Electrostatic spray pyrolysis (ESP) technique has been used for thin film deposition of fluorine-doped tin oxide, which is used for optoelectronic applications. The results show that films are polycrystalline, highly conductive (ρ=9.3×10−4 Ω cm), and have a high transmission (85%) in the visible range.",Unclassified,0.0
,,"From soil to lab: Utilization of clays as catalyst supports in hydrogen generation from sodium borohydride fuel
R Chamoun, B Demirci, D Cornu, Y Zaatar, R Khoury… - Fuel, 2011
Cited by 31 Related articles All 6 versions",2011/5/31,90.0,https://www.academia.edu/download/108300495/j.fuel.2010.11.03720231204-1-rlvo23.pdf,,,,1919-1926,"Electronics, sensors",Cited by 31,Youssef Zaatar,,,From soil to lab: Utilization of clays as catalyst supports in hydrogen generation from sodium borohydride fuel,,Fuel,,https://scholar.google.com/citations?view_op=view_citation&hl=en&user=rEfmcDMAAAAJ&citation_for_view=rEfmcDMAAAAJ:Tyk-4Ss8FVUC,5,Elsevier,"R Chamoun, B Demirci, D Cornu, Y Zaatar, R Khoury, A Khoury, P Miele","The stabilized aqueous solution of sodium borohydride NaBH4 is a promising hydrogen fuel but the stored hydrogen has to be released with the help of a catalyst through hydrolysis. In the present study, we developed Co- and clay-based supported catalysts. Three raw clays were taken from soil in Lebanon. Once purified and annealed, they were used as supports. Two of them, mainly composed of kaolinite and illite respectively, showed to be promising owing to their attractive specific surface areas (58.0 and 67.1m2g−1) as well as the high reactivity of the corresponding 15wt.% Co catalysts (i.e. NaBH4 conversions of 100% and hydrogen generation rates up to ∼31L(H2)min−1g−1(Co)). A kinetic study was also carried out. The main results are reported and discussed herein.",Unclassified,0.0
,,"Cobalt-supported alumina as catalytic film prepared by electrophoretic deposition for hydrogen release applications
R Chamoun, UB Demirci, D Cornu, Y Zaatar, A Khoury… - Applied surface science, 2010
Cited by 26 Related articles All 7 versions",2010/10/1,256.0,https://www.academia.edu/download/87701360/j.apsusc.2010.06.03220220618-1-is5jb1.pdf,,,,7684-7691,"Electronics, sensors",Cited by 26,Youssef Zaatar,,,Cobalt-supported alumina as catalytic film prepared by electrophoretic deposition for hydrogen release applications,,Applied Surface Science,,https://scholar.google.com/citations?view_op=view_citation&hl=en&user=rEfmcDMAAAAJ&citation_for_view=rEfmcDMAAAAJ:IjCSPb-OGe4C,24,North-Holland,"R Chamoun, UB Demirci, D Cornu, Y Zaatar, A Khoury, R Khoury, P Miele","Shaped catalysts are crucial for technological applications. In this context, we have developed Co–αAl2O3 catalyst films deposited over Cu plates to be used in hydrogen generation by hydrolysis of sodium borohydride NaBH4 in alkaline solution. The Co–αAl2O3 films were prepared by electrophoretic deposition according to six different routes. While five of them failed in fabricating adhering films, the sixth route, consisting of electrodepositing Co-impregnated αAl2O3, showed promising results. The as-obtained shaped catalysts were stable when hydrogen vigorously bubbled and catalyzed the NaBH4 hydrolysis with attractive hydrogen generation rates. These results open an alternative route for preparing shaped catalysts in this reaction.",Unclassified,0.0
,,"X-ray diffraction studies of electrostatic sprayed SnO2: F films
D Zaouk, R Al Asmar, J Podlecki, Y Zaatar, A Khoury… - Microelectronics journal, 2007
Cited by 26 Related articles All 5 versions",2007/8/1,38.0,,,,,884-887,"Electronics, sensors",Cited by 26,Youssef Zaatar,,,X-ray diffraction studies of electrostatic sprayed SnO2: F films,,Microelectronics Journal,,https://scholar.google.com/citations?view_op=view_citation&hl=en&user=rEfmcDMAAAAJ&citation_for_view=rEfmcDMAAAAJ:UeHWp8X0CEIC,8-9,Elsevier,"D Zaouk, R Al Asmar, J Podlecki, Y Zaatar, A Khoury, A Foucaran","Fluorine-doped tin oxide films were deposited by electrostatic spray pyrolysis technique (ESP), on 1cm×1cm Corning 7059 substrates. The structural and electrical properties of the deposited films with different doping levels are studied. Relative variations in the structural properties were explained on the basis of structural factor calculations. The results show that the incorporation of fluorine atoms took place only at substitutional sites leading to an increase in free carrier concentration.",Unclassified,0.0
,,"Control of nonlinear refractive index of AuNPs doped with nematic liquid crystal under external electric field
H Mbarak, AK Kodeary, SM Hamidi, E Mohajarani… - Optik, 2019
Cited by 20 Related articles All 4 versions",2019/12/1,198.0,https://www.academia.edu/download/87701595/j.ijleo.2019.16329920220618-1-ewe4mj.pdf,,,,163299,"Electronics, sensors",Cited by 20,Youssef Zaatar,,,Control of nonlinear refractive index of AuNPs doped with nematic liquid crystal under external electric field,,Optik,,https://scholar.google.com/citations?view_op=view_citation&hl=en&user=rEfmcDMAAAAJ&citation_for_view=rEfmcDMAAAAJ:O3NaXMp0MMsC,,Urban & Fischer,"H Mbarak, AK Kodeary, SM Hamidi, E Mohajarani, Y Zaatar","The nonlinear refractive index of gold nanoparticles (Au NPs) doped with nematic liquid crystal (NLC) is determined using Z-scan technique. The Au NPs were synthesized by laser ablation (Nd: YAG laser at 1064 nm) dispersed in liquid deionized water and then mixed by nematic liquid crystal. The effect of external electric field onto the nonlinear refractive index of the Au NPs was investigated using a close aperture Z-scan technique. It’s found experimentally, that the nonlinear refractive index of the Au NPs doped with E7 can be varied by changing both the compositional percentage of Au NPs and NLC molecules. The obtained nonlinear refractive index of the samples showed that E7 NLC can act as a good material for controlling the third order nonlinear coefficient due to its large nonlinear optical properties.",electronics,0.4
,,"Electrically driven flexible 2D plasmonic structure based on a nematic liquid crystal
H Mbarak, SM Hamidi, E Mohajerani, Y Zaatar - Journal of Physics D: Applied Physics, 2019
Cited by 18 Related articles All 4 versions",2019/7/30,52.0,https://www.researchgate.net/profile/Houssein-Mbarak/publication/338375282_Electrically_driven_flexible_2D_plasmonic_structure_based_on_a_nematic_liquid_crystal/links/5e0f9ee1299bf10bc38f2149/Electrically-driven-flexible-2D-plasmonic-structure-based-on-a-nematic-liquid-crystal.pdf,,,,415106,"Electronics, sensors",Cited by 18,Youssef Zaatar,,,Electrically driven flexible 2D plasmonic structure based on a nematic liquid crystal,,Journal of Physics D: Applied Physics,,https://scholar.google.com/citations?view_op=view_citation&hl=en&user=rEfmcDMAAAAJ&citation_for_view=rEfmcDMAAAAJ:GnPB-g6toBAC,41,IOP Publishing,"H Mbarak, SM Hamidi, E Mohajerani, Y Zaatar","A novel 2D active plasmonic grating based on liquid crystal (LC) infiltration is demonstrated and theoretically analyzed, by combining the plasmonic properties of the gold nanostructure and the optical properties of the liquid crystal. In this structure, a thin layer of E7 liquid crystal was typically injected onto a gold nanostructure, deposited on a polydimethyl siloxane substrate, using nanoimprint lithography method. The surface plasmon resonance of the fabricated plasmonic structure can be controlled by changing the refractive index of the LC, which was achieved with an external electric field. LC molecules confined between the gold nanostructure and an indium–tin–oxide glass are randomly aligned, and they can exhibit a reversible refractive index, depending on their orientation under the external voltage and the polarization of the incident light. Both theoretical and experimental results demonstrate that the …",electronics,0.4
,,"Reversible and tunable photochemical switch based on plasmonic structure
H Mbarak, RT Ghahrizjani, SM Hamidi, E Mohajerani… - Scientific Reports, 2020
Cited by 16 Related articles All 7 versions",2020/3/20,10.0,https://www.nature.com/articles/s41598-020-62058-z,,,,1-7,"Electronics, sensors",Cited by 16,Youssef Zaatar,,,Reversible and tunable photochemical switch based on plasmonic structure,,Scientific Reports,,https://scholar.google.com/citations?view_op=view_citation&hl=en&user=rEfmcDMAAAAJ&citation_for_view=rEfmcDMAAAAJ:ns9cj8rnVeAC,1,Nature Publishing Group,"H Mbarak, R Taheri Ghahrizjani, SM Hamidi, E Mohajerani, Y Zaatar","For the first time, pyranine (8-hydroxypyrene-1,3,6-trisulfonate, HPTS) is studied for realizing active plasmonic control, which is attracted considerable attention owing to its unique photophysical and photochemical properties. We have used this photoacid (HPTS) as an active surrounding medium that can be optically controlled and used for modulating plasmon resonances. In this paper, the fabrication of 2D-plasmonic grating coated by thin film of HPTS exposed to UV irradiation is reported. By switching the UV light on and off, the HPTS thin film maintains an excited-state proton transfer (ESPT) process followed by green fluorescence resulting in a plasmonic redshift caused by the variation of the refractive index. Furthermore, this photochemical active medium has also played another important role in plasmonic sensing, in which the emission-based response of HPTS thin film in 2D-plasmonic grating to water vapor …",Unclassified,0.0
,,"Mid-IR photothermal beam deflection technique for fast measurement of thermal diffusivity and highly sensitive subsurface imaging
J Younes, Z Harajli, M Soueidan, D Fabrègue, Y Zaatar… - Journal of Applied Physics, 2020
Cited by 14 Related articles All 7 versions",2020/5/7,127.0,https://scholarworks.aub.edu.lb/bitstream/handle/10938/26271/2020-3391.pdf?sequence=1,,,,173101,"Electronics, sensors",Cited by 14,Youssef Zaatar,,,Mid-IR photothermal beam deflection technique for fast measurement of thermal diffusivity and highly sensitive subsurface imaging,,Journal of Applied Physics,,https://scholar.google.com/citations?view_op=view_citation&hl=en&user=rEfmcDMAAAAJ&citation_for_view=rEfmcDMAAAAJ:NaGl4SEjCO4C,17,AIP Publishing LLC,"J Younes, Z Harajli, M Soueidan, D Fabrègue, Y Zaatar, M Kazan","The resonances of phonon and plasmon modes make the absorbance coefficient of materials tremendously high in the mid-infrared spectral range, which allows for a mid-infrared excitation laser to heat the surface layers of these materials with high efficiency. Furthermore, phonon scattering by defects and defect-induced localized vibrational modes affect the local infrared dielectric function and, hence, the local infrared absorption coefficient. In this paper, we present a mid-infrared photothermal beam deflection technique that takes advantage of the strong interaction between infrared optical excitations and vibrational modes to measure the thermal diffusivity of materials without any sample preparation and takes advantage of the strong dependence of the infrared complex dielectric function on defects to detect subsurface defects with high sensitivity. We demonstrate the importance of the developed technique by …",Unclassified,0.0
,,"Synthesis and characterization of BNT thin films prepared by sol-gel method
S Abou Dargham, F Ponchel, Y Zaatar, J Assaad… - Materials Today: Proceedings, 2016
Cited by 14 Related articles All 6 versions",2016/1/1,3.0,https://www.academia.edu/download/87701863/j.matpr.2016.02.01320220618-1-14kme5l.pdf,,,,810-815,"Electronics, sensors",Cited by 14,Youssef Zaatar,,,Synthesis and Characterization of BNT Thin Films Prepared by Sol-gel Method1,,Materials Today: Proceedings,,https://scholar.google.com/citations?view_op=view_citation&hl=en&user=rEfmcDMAAAAJ&citation_for_view=rEfmcDMAAAAJ:QIV2ME_5wuYC,3,Elsevier,"S Abou Dargham, F Ponchel, Y Zaatar, J Assaad, D Remiens, D Zaouk","Polycrystalline piezoelectric lead-free Bi0.5Na0.5TiO3 (abbreviated as BNT) thin films were deposited on Pt/TiO2/SiO2/Si substrates by an optimized Sol-Gel process. The phase structure and morphology of the as-prepared product were examined by X-ray diffraction (XRD), Raman spectroscopy and scanning electron microscopy (SEM). The film treated at 700 °C with the rapid thermal processor (RTP) for 30 sec is dense and well crystallized in the rhombohedral perovskite phase. The dielectric constant and loss tangent at 10 kHz are 420 and 0.07%, respectively, while the remnant polarization and coercive field are 12 μC/cm2 and 120 kV/cm, respectively, at 1000 Hz.",electronics,0.4
,,"Characterization of LiTaO3 thin films fabricated by sol–gel technique
S Youssef, R Al Asmar, J Podlecki, FP Delannoy… - Microelectronics journal, 2007
Cited by 13 Related articles All 5 versions",2007/1/31,38.0,,,,,63-66,"Electronics, sensors",Cited by 13,Youssef Zaatar,,,Characterization of LiTaO 3 thin films fabricated by sol–gel technique,,Microelectronics journal,,https://scholar.google.com/citations?view_op=view_citation&hl=en&user=rEfmcDMAAAAJ&citation_for_view=rEfmcDMAAAAJ:zYLM7Y9cAGgC,1,Elsevier,"S Youssef, R Al Asmar, J Podlecki, F Pascal Delannoy, Y Zaatar, A Foucaran","Lithium tantalite (LiTaO3) thin films have been fabricated by sol–gel technique and crystallized by RTA process. The effect of heating temperature on the structural properties of LiTaO3 is investigated. The thin films are characterized by means of X-ray diffraction, Raman spectroscopy and thermal analysis (DCA/DTA). After the optimization of the growth parameters of LiTaO3 prepared by sol–gel processing, the pyroelectric property of LiTaO3 thin films deposited on Si (100) substrates have been also investigated.",Unclassified,0.0
,,"Extraction of statistical properties of the point source response of a reverberant plate and application to parameter estimation (L)
E Moulin, H Achdjian, J Assaad, N Abou Leyla… - The Journal of the Acoustical Society of America, 2012
Cited by 12 Related articles All 9 versions",2012/10/3,132.0,https://www.academia.edu/download/87701299/1.475049520220618-1-qeosvp.pdf,,,,2165-2168,"Electronics, sensors",Cited by 12,Youssef Zaatar,,,Extraction of statistical properties of the point source response of a reverberant plate and application to parameter estimation (L),,The Journal of the Acoustical Society of America,,https://scholar.google.com/citations?view_op=view_citation&hl=en&user=rEfmcDMAAAAJ&citation_for_view=rEfmcDMAAAAJ:WF5omc3nYNoC,4,Acoustical Society of America,"Emmanuel Moulin, Hossep Achdjian, Jamal Assaad, Najib Abou Leyla, Karl Hourany, Youssef Zaatar","The point source response of a reverberant solid plate is modeled through a nonstationary Poisson process based on the image-source method. The theoretical expectation of the envelope is then derived, taking into account the dispersive nature of plate waves, and validated by numerical results. Least-square curve-fitting applied to an ensemble average over N realizations can then be used to identify useful parameters such as wave velocity, plate surface, or source-receiver distance. It is shown that even values of N down to 1 (no averaging) allow a satisfying identification. Application to the estimation of the source-receiver distance using a single sensor is finally highlighted to illustrate the promising potentialities of the measurement principle proposed.",sensors,0.4
,,"Characterization and ellipsometric investigation of high-quality ZnO and ZnO (Ga2O3) thin alloys by reactive electron-beam co-evaporation technique
R Al Asmar, JP Atanas, Y Zaatar, J Podlecki… - Microelectronics journal, 2006
Cited by 10 Related articles All 4 versions",2006/10/31,37.0,,,,,1080-1085,"Electronics, sensors",Cited by 10,Youssef Zaatar,,,Characterization and ellipsometric investigation of high-quality ZnO and ZnO (Ga 2 O 3) thin alloys by reactive electron-beam co-evaporation technique,,Microelectronics journal,,https://scholar.google.com/citations?view_op=view_citation&hl=en&user=rEfmcDMAAAAJ&cstart=20&pagesize=80&citation_for_view=rEfmcDMAAAAJ:YsMSGLbcyi4C,10,Elsevier,"R Al Asmar, J-P Atanas, Y Zaatar, J Podlecki, A Foucaran","High-quality ZnO(Ga2O3) thin films have been co-evaporated by reactive electron-beam evaporation in an oxygen environment. The effect of Ga2O3 on the structural and optical properties has been investigated. X-ray diffraction (XRD) measurements have shown that the ZnO(Ga2O3) alloys are c-axis-oriented. The alloy containing 28% of Ga2O3 showed the best crystallinity. Photoluminescence on ZnO(28%Ga2O3) reveals an enhancement of the ultraviolet near band edge emission at 380nm while the intensity of the deep-level emissions weakens. A reduction of the oxygen vacancies as well as the reduction of the zinc interstitials with gallium may explain this effect. Thus, the possibility of transitions of electron in the conduction band to a deep acceptor level due to zinc interstitials may decrease. Finally, ellipsometric measurements show that the optimum weight concentration of gallium oxide in the alloys is 28 …",electronics,0.4
,,"Surface lattice resonance-based magneto-plasmonic switch in NiFe patterned nano-structure
H Mbarak, SM Hamidi, VI Belotelov, AI Chernov… - Journal of Magnetism and Magnetic Materials, 2021
Cited by 9 Related articles All 6 versions",2021/1,517.0,https://arxiv.org/pdf/2005.10913,,,,167387,"Electronics, sensors",Cited by 9,Youssef Zaatar,,,Surface lattice resonance-based magneto-plasmonic switch in NiFe patterned nano-structure,,Journal of Magnetism and Magnetic Materials,,https://scholar.google.com/citations?view_op=view_citation&hl=en&user=rEfmcDMAAAAJ&cstart=20&pagesize=80&citation_for_view=rEfmcDMAAAAJ:J_g5lzvAfSwC,,North-Holland,"H Mbarak, SM Hamidi, VI Belotelov, AI Chernov, E Mohajerani, Y Zaatar","In this work, a 2D magneto-plasmonic grating structure combining materials with ferromagnetic and plasmonic properties is demonstrated. NiFe composite ferromagnetic material, as an active medium with tunable physical properties, and Au metal, as a plasmonic excitation layer, were the materials of choice. Here, we have experimentally investigated the active control of the plasmonic characteristics in Au/NiFe bilayer by the action of an external magnetic field, as well as the switching effect of the system. The active plasmonic control, can be achieved by the magnetization switching of the ferromagnetic material, opening a new path in the development of active plasmonic devices. To our best knowledge, this is the first demonstration of such a magneto-optical plasmonic switch based on the coupling of plasmons with magneto-optical active materials, in which the response time was estimated to be in the range of …",Unclassified,0.0
,2000 Mediterranean Conference for Environment and Solar. COMPLES'2K (Cat. No. 00EX493),"Electrical and optical characteristics of NAPS solar cells of Si (PiN) structure
D Zaouk, Y Zaatar, A Khoury, C Llinares, JP Charles… - 2000 Mediterranean Conference for Environment and …, 2000
Cited by 9 Related articles",2000,,,,,,93-95,"Electronics, sensors",Cited by 9,Youssef Zaatar,,,Electrical and optical characteristics of NAPS solar cells of Si (PiN) structure,,,,https://scholar.google.com/citations?view_op=view_citation&hl=en&user=rEfmcDMAAAAJ&cstart=20&pagesize=80&citation_for_view=rEfmcDMAAAAJ:eQOLeE2rZwMC,,IEEE,"D Zaouk, Y Zaatar, A Khoury, C Llinares, J-P Charles, J Bechara, M Ajaka",The commercial solar cells of NAPS of structure (Si) PiN SnO/sub 2/ having a new geometry are fabricated with a conversion efficiency more than 5%. The I/V measurements allow determination of the conduction mechanisms. The spectral response of the cells is also studied and the adaptation to terrestrial utilisation is shown.,Unclassified,0.0
"Mechanism, Machine, Robotics and Mechatronics Sciences",,"On control design for a lower limb orthosis: A comparative study in different operating conditions
N Roula, A Chemori, R Rizk, Y Zaatar - Mechanism, Machine, Robotics and Mechatronics …, 2018
Cited by 8 Related articles All 9 versions",2019,,https://www.researchgate.net/profile/Ahmed-Chemori/publication/325115687_On_control_design_for_a_lower_limb_orthosis_A_comparative_study_in_different_operating_conditions/links/6413202366f8522c38ad440f/On-control-design-for-a-lower-limb-orthosis-A-comparative-study-in-different-operating-conditions.pdf,,,,81-97,"Electronics, sensors",Cited by 8,Youssef Zaatar,,,On Control Design for a Lower Limb Orthosis: A Comparative Study in Different Operating Conditions,,,,https://scholar.google.com/citations?view_op=view_citation&hl=en&user=rEfmcDMAAAAJ&cstart=20&pagesize=80&citation_for_view=rEfmcDMAAAAJ:JV2RwH3_ST0C,,"Springer, Cham","Nadjah Roula, Ahmed Chemori, Rany Rizk, Youssef Zaatar","This paper deals with the control of a lower limb orthosis. In which a model of the shank-orthosis system is given, we consider the human effort as external torque acting on the system. A comparative study, through a number of simulations in different operational scenarios, highlights the limits of a standard PID controller. On another hand, this work brings out the benefits of orienting the control strategies toward model reference approaches. Hence, a better exploitation of the nonlinear system dynamics; by deriving adaptive control strategies to enable the management of parameters uncertainty could be a relevant approach for such systems.",Unclassified,0.0
,2013 IEEE International Symposium on Electromagnetic Compatibility,"High frequency battery impedance measurements for EMI prediction
MS Tabbakh, F Morel, R Mrad, Y Zaatar - 2013 IEEE International Symposium on …, 2013
Cited by 8 Related articles All 5 versions",2013/8/5,,https://hal.science/hal-00862617/file/Paper.pdf,,,,763-767,"Electronics, sensors",Cited by 8,Youssef Zaatar,,,High frequency battery impedance measurements for EMI prediction,,,,https://scholar.google.com/citations?view_op=view_citation&hl=en&user=rEfmcDMAAAAJ&cstart=20&pagesize=80&citation_for_view=rEfmcDMAAAAJ:kNdYIx-mwKoC,,IEEE,"Mohammad Sami Tabbakh, Florent Morel, Roberto Mrad, Youssef Zaatar","In embedded applications which include power converters, the battery that provides the energy is a part of the EMI path. As conducted emissions generated by power converters spread into a large frequency band, the battery characterization should be extended to cover this range of frequencies. In this paper, a method to measure the battery impedance using an impedance analyzer is explained and applied to a cell-phone battery from 1MHz to 100 MHz. In this frequency range, measurements show that the battery impedance is unrelated to the battery state of charge and that a model including just inductances and resistances matches very well with the measured behavior. The measured impedance is validated by predicting the frequency spectrum of the battery's voltage when feeding a switched-mode power converter. The converter switches at 1.2MHz and the related harmonics extend beyond 100 MHz. The …",Unclassified,0.0
,,"Statistical model of the impulse response of a reverberant plate: application to parameter estimation and correlation analysis
E Moulin, H Achdjian, J Assaad, F Benmeddour… - Acoustics 2012, 2012
Cited by 7 Related articles All 7 versions",2012,,https://hal.science/hal-00803086v1/file/hal-00803086.pdf,,,,,"Electronics, sensors",Cited by 7,Youssef Zaatar,,,Statistical model of the impulse response of a reverberant plate: application to parameter estimation and correlation analysis,,"Proceedings of 11th Congrès Français d'Acoustique joint with 2012 Annual IOA Meeting, Acoustics 2012",,https://scholar.google.com/citations?view_op=view_citation&hl=en&user=rEfmcDMAAAAJ&cstart=20&pagesize=80&citation_for_view=rEfmcDMAAAAJ:LkGwnXOMwfcC,,,"E Moulin, H ACHDJIAN, J Assaad, F Benmeddour, K HOURANY, Y Zaatar","The acoustic reverberation in a solid plate can be conveniently modeled through a nonstationary random process based on the image-sources method. The interest of such a statistical model is to allow the prediction of a general behaviour (in the form of mathematical expectations) from a limited set of experimentally accessible parameters. Contrary to previous works, the model presented here takes into account the dispersive nature of plate waves (Lamb waves). Then, the relations between the average signal envelopes or correlation functions and the reverberation properties of the medium and the relative positions of the noise source, the sensor(s) and, possibly, the defect are derived. Two kinds of possible applications of these theoretical results will be illustrated: (1) parameter extraction such as source-receiver distance, structural dimensions or propagation velocities through curve-fitting; (2) imaging potentialities from ambient acoustic noise correlation",sensors,0.4
,,"Stable and reliable ohmic contact on p-type 4H-SiC up to 1500 h of aging at 600° C
V Abou Hamad, T Abi Tannous, M Soueidan… - Microelectronics reliability, 2020
Cited by 6 Related articles All 5 versions",2020/7/1,110.0,https://www.sciencedirect.com/science/article/am/pii/S0026271420301748,,,,113694,"Electronics, sensors",Cited by 6,Youssef Zaatar,,,Stable and reliable ohmic contact on p-type 4H-SiC up to 1500 h of aging at 600° C,,Microelectronics reliability,,https://scholar.google.com/citations?view_op=view_citation&hl=en&user=rEfmcDMAAAAJ&cstart=20&pagesize=80&citation_for_view=rEfmcDMAAAAJ:RYcK_YlVTxYC,,Pergamon,"Valdemar Abou Hamad, Tony Abi Tannous, Maher Soueidan, Laurent Gremillard, Damien Fabregue, Jose Penuelas, Youssef Zaatar","The stability and reliability at high temperature of Ti3SiC2 based ohmic contacts on p-type 4H-SiC (0001) 4°-off substrates were studied. The contact was grown from Ti100-xAlx alloys annealed at high temperature (from 900 °C to 1200 °C). The Specific Contact Resistance (SCR) at room temperature and at high temperature (up to 600 °C) was in the 10−4–10−5 Ω.cm2 range. A Schottky barrier height of 0.71 to 0.85 eV was calculated for the set of samples. After aging period at 600 °C for 1500 h, the SCR was very stable for Al contents x < 80 at.%. This was correlated with chemical and physical stability of these contacts, where the residual stress located on 4H-SiC/Ti3SiC2 interface decreased after aging, for which the Ti3SiC2 phase was preserved. Whereas, in the case of x = 80 at.%, the Ti3SiC2 phase disappeared and the contacts were not ohmic anymore after long time aging. The obtained results showed that Ti …",Unclassified,0.0
,,"A wideband V-shaped coplanar patch antenna for 2–6 GHz designed for energy harvesting and wireless communications
M El Zoghbi, V Abou Hamad, R Ibrahim, A Breard… - International Journal on Communications Antenna and …, 2018
Cited by 6 Related articles All 2 versions",2018/10/31,8.0,https://www.researchgate.net/profile/Ch-Zgheib/publication/330746610_A_Wideband_V-Shaped_Coplanar_Patch_Antenna_for_2-6_GHz_Designed_for_Energy_Harvesting_and_Wireless_Communications/links/5d3845b1a6fdcc370a5a7cf6/A-Wideband-V-Shaped-Coplanar-Patch-Antenna-for-2-6-GHz-Designed-for-Energy-Harvesting-and-Wireless-Communications.pdf,,,,406,"Electronics, sensors",Cited by 6,Youssef Zaatar,,,A Wideband V-Shaped Coplanar Patch Antenna for 2-6 GHz Designed for Energy Harvesting and Wireless Communications,,International Journal on Communications Antenna and Propagation (IRECAP),,https://scholar.google.com/citations?view_op=view_citation&hl=en&user=rEfmcDMAAAAJ&cstart=20&pagesize=80&citation_for_view=rEfmcDMAAAAJ:M3NEmzRMIkIC,5,,"Mohamed El Zoghbi, Valdemar Abou Hamad, Rony Ibrahim, Arnaud Bréard, Charbel Zgheib, Elias Nassar, Youssef Zaatar","This article portrays a compact wideband coplanar-fed V-shaped antenna. It has been designed for harvesting energy from wireless local area networks (IEEE 802.11) and other wireless communication systems covering the 2–6 GHz frequency band. The Structure of this antenna comprises a rectangular patch and an isosceles trapezoid. A V-shaped slot is introduced on the rectangular patch in order to perturb the surface current path which contributes to the formation of the wide-band characteristics. A trapezoid is inserted between the coplanar feed and the patch for the purpose of impedance matching and resonance shifting. A parametric study has been carried out to understand the effects of various dimensional parameters and to optimize the performance of the antenna. The measurement results which are in agreement with Ansoft HFSS simulation results, showed an agreeable bandwidth and satisfactory characteristics for omnidirectional radiation. Copyright© 2018 Praise Worthy Prize Srl-All rights reserved.",Unclassified,0.0
,,"Calculation of the similarity rate between images based on the local minima present therein
K Hourany, F Benmeddour, E Moulin, J Assaad… - Lebanese Science Journal, 2016
Cited by 4 Related articles All 7 versions",2016,17.0,https://uphf.hal.science/hal-04087365/file/HOURANY_Karl_LebaneseScienceJournal_2016.pdf,,,,177-192,"Electronics, sensors",Cited by 4,Youssef Zaatar,,,Calculation of the similarity rate between images based on the local minima present therein,,Lebanese Science Journal,,https://scholar.google.com/citations?view_op=view_citation&hl=en&user=rEfmcDMAAAAJ&cstart=20&pagesize=80&citation_for_view=rEfmcDMAAAAJ:qUcmZB5y_30C,2,,"K Hourany, F Benmeddour, E Moulin, J Assaad, Y Zaatar","Image processing is a very vast field that includes both IT and applied mathematics. It is a discipline that studies the improvement and transformations of digital images hence permitting the improvement of the quality of these images and the extraction of information. The comparison of digital images is a paramount issue that has been discussed in several researches because of its various applications especially in the field of control and surveillance such as the Structural Health Monitoring using acoustic waves. The IT support of the images serves especially for comparing them notably in distinguishing differences between these images and quantifying them automatically. In this study we will present an algorithm, allowing us to calculate the similarity rate between images based on the local minima present therein. This algorithm is divided into two main parts. In the first part we will explain how to extract the local minima from an image and in the second part we will show how to calculate the similarity rate between two images.",Unclassified,0.0
,"Advances in Biomedical Engineering (ICABME), 2015 International Conference on","A generic Simulink based model of a wireless sensor node: Application to a medical healthcare system
R Rammouz, L Labrak, N Abouchi, J Constantin… - 2015 International Conference on Advances in …, 2015
Cited by 4 Related articles All 3 versions",2015/9/16,,,,,,154-157,"Electronics, sensors",Cited by 4,Youssef Zaatar,,,A generic Simulink based model of a wireless sensor node: Application to a medical healthcare system,,,,https://scholar.google.com/citations?view_op=view_citation&hl=en&user=rEfmcDMAAAAJ&cstart=20&pagesize=80&citation_for_view=rEfmcDMAAAAJ:9ZlFYXVOiuMC,,IEEE,"R Rammouz, L Labrak, N Abouchi, J Constantin, Y Zaatar, D Zaouk","Wearable low power sensor nodes enable medical facilities and personnel (doctors, nurses ...) to keep an eye on a person's vital signs without altering his daily routine. This technology is mainly limited by the amount of available energy. In this work, we aim to create a Matlab/Simulink based model that helps in the design of a wireless sensor node. We will not only be able to determine the power consumption of the node, but also to pick components based on their power-efficiency. This approach will allow the user to extract maximum performance from components already available on the market. Thus it will save the time needed to develop new ones. Examples with processors and wireless communication modules are presented. Future works will aim to upgrade the model in order to include several sensors operating within a network.",sensors,0.604
,PIERS,"Wireless transmission of electromagnetic energy based on a time reversal approach for indoor applications
R Ibrahim, B Allard, A Bréard, J Huillery, C Vollaire… - PIERS, 2015
Cited by 4 Related articles",2015/7/6,,,,,,1575-1579,"Electronics, sensors",Cited by 4,Youssef Zaatar,,,Wireless transmission of electromagnetic energy based on a time reversal approach for indoor applications,,,,https://scholar.google.com/citations?view_op=view_citation&hl=en&user=rEfmcDMAAAAJ&cstart=20&pagesize=80&citation_for_view=rEfmcDMAAAAJ:mVmsd5A6BfQC,,,"Rony Ibrahim, Bruno Allard, Arnaud Bréard, Julien Huillery, Christian Vollaire, Damien Voyer, Youssef Zaatar",An original approach based on a time reversal technique is proposed to fabricate a wireless transmission of electromagnetic energy for indoor applications. Experiments performed in a low-Q cavity of human size with a carrier frequency around 2.45 GHz show that the energy efficiency is greater than the one obtained with a continuous wave approach,Unclassified,0.0
,"Progress in Optomechatronics: Proceedings of the 20th International Symposium on Optomechatronic Technology (ISOT 2019), India","Local temperature monitoring method of a rotor using near-infrared fiber Bragg grating
R Abboud, H Al Hajjar, A Ospina, JA Chaaya, Y Zaatar… - Progress in Optomechatronics: Proceedings of the 20th …, 2020
Cited by 3 Related articles All 6 versions",2020,,,,,,13-24,"Electronics, sensors",Cited by 3,Youssef Zaatar,,,Local temperature monitoring method of a rotor using near-infrared fiber Bragg grating,,,,https://scholar.google.com/citations?view_op=view_citation&hl=en&user=rEfmcDMAAAAJ&cstart=20&pagesize=80&citation_for_view=rEfmcDMAAAAJ:35N4QoGY0k4C,,Springer Singapore,"Rita Abboud, Hani Al Hajjar, Alejandro Ospina, Jad Abou Chaaya, Youssef Zaatar, Frédéric Lamarque","This article proposes a temperature monitoring method that is able to get the local variation of temperature in several positions of the rotor of an electrical machine during its rotation. The measurement principle uses a structured Polymer Optical Fiber Bragg Grating (POFBG) sensor. The existing methods estimates the temperature based on the external casing or hot spots. The aim of the proposed method is to monitor the temperature of the rotor during its operation in order to detect early thermal aging of electrical machines. The proposed contactless measurement concept and implementation into an academic rotating machine are described. Then, optical modeling of the POFBG is realized and the optical heating system is calibrated. Finally, experimental setup is carried out to make possible the temperature measurements.",sensors,0.4
,,"A Rapid Prototyping Matlab Based Design Tool of Wireless Sensor Nodes for Healthcare Applications
R Rammouz, L Labrak, N Abouchi, J Constantin… - Int J Sens Netw Data Commun, 2016
Cited by 3 Related articles All 4 versions",2016,5.0,https://www.academia.edu/download/113520244/a-rapid-prototyping-matlab-based-design-tool-of-wireless-sensor-nodesfor-healthcare-applications-2090-4886-1000144.pdf,,,,2,"Electronics, sensors",Cited by 3,Youssef Zaatar,,,A Rapid Prototyping Matlab Based Design Tool of Wireless Sensor Nodes for Healthcare Applications,,Int J Sens Netw Data Commun,,https://scholar.google.com/citations?view_op=view_citation&hl=en&user=rEfmcDMAAAAJ&cstart=20&pagesize=80&citation_for_view=rEfmcDMAAAAJ:ZeXyd9-uunAC,144,,"R Rammouz, L Labrak, N Abouchi, J Constantin, Y Zaatar, D Zaouk","Remote patient monitoring enables medical facilities and personnel to monitor patients outside of conventional clinical settings. This technology is greatly affected by the available energy sources. The limited energy supply is the bottleneck for measurement, data transmission, network connection and lifetime. Thus, efficient power consumption estimation in the early stage of the design would give the user an insight on its feasibility within medical constraints. In this paper, a power-oriented Matlab based design tool is proposed. It will help the user to make an energy aware design. In fact, it will enable him to determine the power consumption of each node based on a set of selected components, the daily routine of the patient and many other factors. It will also allow him to test multiple configurations prior to the physical implementation. This will minimize the time and financial impact of any modification. Furthermore, it will provide guidance to properly adapt the design within the requirements of the application: Choosing components, energy sources, etc. A validation is proposed via a physical implementation in order to compare the results obtained through simulation with practical measurements. Future works aim to take into account memory access operations, include several sensors operating within a network, and adapt the tool to other applications (smart buildings, environmental monitoring, etc.).",sensors,0.603
,,"Thermo-Mechanical Simulation of Self-Heating of a High-Power Diode Made of Ti 3 SiC 2 (MAX) Phase-on-4H-SiC Substrate
V Abou Hamad, M Soueidan, H Hamad, L Gremillard… - Journal of Thermal Science, 2021
Cited by 2 Related articles All 6 versions",2021/5,30.0,,,,,939-949,"Electronics, sensors",Cited by 2,Youssef Zaatar,,,Thermo-Mechanical Simulation of Self-Heating of a High-Power Diode Made of Ti 3 SiC 2 (MAX) Phase-on-4H-SiC Substrate,,Journal of Thermal Science,,https://scholar.google.com/citations?view_op=view_citation&hl=en&user=rEfmcDMAAAAJ&cstart=20&pagesize=80&citation_for_view=rEfmcDMAAAAJ:vV6vV6tmYwMC,3,Science Press,"Valdemar Abou Hamad, Maher Soueidan, Hassan Hamad, Laurent Gremillard, Damien Fabregue, Charbel Zgheib, Youssef Zaatar","The fact that traditional semiconductors have almost reached their performance limits in high power applications, is leading to failure in high power devices. This failure results from self-heating effects, leading to higher temperature and a breakdown of the electrical contact. The good thermal and mechanical properties of 4H-SiC and Ti3SiC2 and their good performance at high temperatures make them good candidates for high power applications. In order to improve the performance of electrical contacts, a thermo-mechanical simulation was carried out using the finite element method to study the self-heating effects in a high power PN diode made of a 4H-SiC substrate with a Ti3SiC2 electrical contact and Al3Ti metallization. The three-dimensional model took into account the temperature dependency of several thermal and mechanical properties of the different materials to improve calculation accuracy. To …",Unclassified,0.0
,International Conference on Smart Applications and Data Analysis,"Dynamic partitioning of transportation network using evolutionary spectral clustering
P Al Alam, D Hamad, J Constantin, I Constantin… - International Conference on Smart Applications and …, 2020
Cited by 2 Related articles All 5 versions",2020/6/25,,,,,,178-186,"Electronics, sensors",Cited by 2,Youssef Zaatar,,,Dynamic Partitioning of Transportation Network Using Evolutionary Spectral Clustering,,,,https://scholar.google.com/citations?view_op=view_citation&hl=en&user=rEfmcDMAAAAJ&cstart=20&pagesize=80&citation_for_view=rEfmcDMAAAAJ:lSLTfruPkqcC,,"Springer, Cham","Pamela Al Alam, Denis Hamad, Joseph Constantin, Ibtissam Constantin, Youssef Zaatar","Traffic congestion appears with different shapes and patterns that may evolve quickly over time. Static spectral clustering techniques are unable to manage these traffic variations. This paper proposes an evolutionary spectral clustering algorithm that partitions the time-varying heterogeneous network into connected homogeneous regions. The complexity of the algorithm is simplified by computing similarities in a way to obtain a sparse matrix. Next, the evolutionary spectral clustering algorithm is applied on roads speeds in order to obtain clusters results that fit the current traffic state while simultaneously not deviate from previous histories. Experimental results on real city traffic network architecture demonstrate the superiority of the proposed evolutionary spectral clustering algorithm in robustness and effectiveness when compared with the static clustering method.",Unclassified,0.0
,,"Design of an accuracy current sensor using amorphous fine wire of FeCoSiB
A Msaed, M Tawk, Y Zaatar, D Zaouk - Advanced Materials Research, 2011
Cited by 2 Related articles All 3 versions",2011/10/1,324.0,,,,,423-426,"Electronics, sensors",Cited by 2,Youssef Zaatar,,,Design of an Accuracy Current Sensor Using Amorphous Fine Wire of FeCoSiB,,Advanced Materials Research,,https://scholar.google.com/citations?view_op=view_citation&hl=en&user=rEfmcDMAAAAJ&cstart=20&pagesize=80&citation_for_view=rEfmcDMAAAAJ:8k81kl-MbHgC,,,"Aline Msaed, Mansour Tawk, Youssef Zaatar, Doumit Zaouk","In this paper, we are interested in electric current reconstruction from magnetic field measurements. The major difficulty of this principle is in the ability to reject magnetic field perturbations which affect the accuracy of the measurements. The first experimental validation of the approach of gradient measurement shows large errors in the current reconstruction using two independent fluxgate sensors. These errors were attributed to mechanical alignment and different residual magnetic states of the fluxgate sensors. We then suggested an effective solution able to overcome these problems. This solution consists of a fluxgate gradiometer placed above U-shaped conductor carrying the unknown current to be reconstructed. The experimental results of this system show a good rejection of uniform and non-uniform magnetic field perturbations and furthermore an improvement of the accuracy of the measurements.",sensors,0.605
,,"A micro-transducer matrix design for the detection of flexural guided waves
H El Rammouz, F Benmeddour, J Assaad, E Moulin… - Ultrasonics, 2021
Cited by 1 Related articles All 7 versions",2021/8/1,115.0,https://hal.science/hal-03542162/document,,,,106430,"Electronics, sensors",Cited by 1,Youssef Zaatar,,,A micro-transducer matrix design for the detection of flexural guided waves,,Ultrasonics,,https://scholar.google.com/citations?view_op=view_citation&hl=en&user=rEfmcDMAAAAJ&cstart=20&pagesize=80&citation_for_view=rEfmcDMAAAAJ:M05iB0D1s5AC,,Elsevier,"H El Rammouz, F Benmeddour, J Assaad, E Moulin, N Smagin, L Dupont, L Chehami, Y Zaatar, Z Herro","In this paper, a new approach is proposed for the detection of ultrasonic guided waves using a LiNbO3 single crystal-based micro-transducer matrix. This matrix was designed, manufactured, and then used to detect Lamb and Pochhammer-Chree guided waves in plate- and cylinder-like structures. This study highlights the identification of the first flexural mode F(1,1) in cylinders at low frequencies. A network analyser and a laser Doppler vibrometer (LDV) were used to characterise and study the behaviour of the micro-transducer matrix. An experimental device was designed and used to acquire electrical measurements of the micro-transducer vibrations. Then, an original experimental device was developed to generate a selected flexural guided mode in a solid aluminium cylinder. The emitter comprised two semicircular piezoelectric transducers excited with only one phased signal thanks to the inverse position of …",Unclassified,0.0
,Fiber Optic Sensors and Applications XVII,"Distributed dynamical temperature measurement of the rotor of small rotating machines using Fiber Bragg Gratings (FBGs) sensors
R Abboud, H Al Hajjar, A Ospina, J Abou Chaaya… - Fiber Optic Sensors and Applications XVII, 2021
Cited by 1 Related articles All 4 versions",2021/4/12,11739.0,https://www.spiedigitallibrary.org/proceedings/Download?fullDOI=10.1117/12.2585572,,,,15-22,"Electronics, sensors",Cited by 1,Youssef Zaatar,,,Distributed dynamical temperature measurement of the rotor of small rotating machines using Fiber Bragg Gratings (FBGs) sensors,,,,https://scholar.google.com/citations?view_op=view_citation&hl=en&user=rEfmcDMAAAAJ&cstart=20&pagesize=80&citation_for_view=rEfmcDMAAAAJ:ldfaerwXgEUC,,SPIE,"Rita Abboud, Hani Al Hajjar, Alejandro Ospina, Jad Abou Chaaya, Youssef Zaatar, Frédéric Lamarque","This article presents a contactless measurement technique of the rotor temperature of small rotating machines using Near-Infrared Fiber Bragg Gratings (FBGs) sensors. This principle allows localizing heat spots in the rotor of electrical machines. The temperature information can be used to protect the machine by stopping its operation due to a heat spot. The concept is to measure the wavelength shift due to temperature changes for several FBGs integrated into a rotor. First, the temperature response of the FBG is simulated using Matlab. Then, a test bench is designed including a geometrically small electrical motor, a mechanical coupler, two bearings and a 3D printed cylinder. It has a rotational speed equivalent to a real electrical machine. The measurement principle uses a super-luminescent diode (815-855 nm) which is continuously coupled into an FBG embedded onto the rotor using suitable optics. The …",sensors,0.604
,"Electrical, Electronics, Computer Engineering and their Applications (EECEA), 2016 Third International Conference on","Time reversed pulse waves study for wireless energy transmission in a low Q cavity
R Ibrahim, D Voyer, A Bréard, M El Zoghbi, J Huillery… - 2016 Third International Conference on Electrical …, 2016
Cited by 1 Related articles All 2 versions",2016/4/21,,,,,,1-5,"Electronics, sensors",Cited by 1,Youssef Zaatar,,,Time reversed pulse waves study for wireless energy transmission in a low Q cavity,,,,https://scholar.google.com/citations?view_op=view_citation&hl=en&user=rEfmcDMAAAAJ&cstart=20&pagesize=80&citation_for_view=rEfmcDMAAAAJ:7PzlFSSx8tAC,,IEEE,"Rony Ibrahim, Damien Voyer, Arnaud Bréard, Mohamad El Zoghbi, Julien Huillery, Christian Vollaire, Bruno Allard, Youssef Zaatar","An original approach based on time reversal technique is studied for wireless energy transmission with electromagnetic waves. Experiments around 2.45 GHz are performed in a low-Q cavity of human size approaching real indoor environment. It is shown that, in order to increase the amplitude of the focused signals on a specific spot using time reversal technique, expanding the bandwidth of the emitted signals is needed. In addition, focused spot dimension is theoretically and experimentally illustrated. Other potential benefits of the time reversal technique are discussed and the superiority of energy performance of this technique compared to others (e.g. Inverse Filter and Continuous Wave) is demonstrated.",Unclassified,0.0
,,"Corrigendum to “Anchored cobalt film as stable supported catalyst for hydrolysis of sodium borohydride for chemical hydrogen storage”[International Journal of Hydrogen Energy, 36 (2011) 14527–14533]
O Akdim, R Chamoun, UB Demirci, Y Zaatar, A Khoury… - international journal of hydrogen energy, 2012
Cited by 1 Related articles All 4 versions",2012/5/31,37.0,,,,,7952,"Electronics, sensors",Cited by 1,Youssef Zaatar,,,Corrigendum to “Anchored cobalt film as stable supported catalyst for hydrolysis of sodium borohydride for chemical hydrogen storage”[International Journal of Hydrogen Energy …,,international journal of hydrogen energy,,https://scholar.google.com/citations?view_op=view_citation&hl=en&user=rEfmcDMAAAAJ&cstart=20&pagesize=80&citation_for_view=rEfmcDMAAAAJ:Se3iqnhoufwC,9,Pergamon,"Ouardia Akdim, Rita Chamoun, Umit B Demirci, Youssef Zaatar, Antonio Khoury, Philippe Miele","Corrigendum to “Anchored cobalt film as stable supported catalyst for hydrolysis of sodium borohydride for chemical hydrogen s Page 1 Corrigendum Corrigendum to “Anchored cobalt film as stable supported catalyst for hydrolysis of sodium borohydride for chemical hydrogen storage” [International Journal of Hydrogen Energy, 36 (2011) 14527e14533] Ouardia Akdim a, Rita Chamoun a,b, Umit B. Demirci a,c,*, Youssef Zaatar b, Antonio Khoury b, Philippe Miele c a Université Lyon 1, CNRS, UMR 5615, Laboratoire des Multimatériaux et Interfaces, 43 boulevard du 11 Novembre 1918, F-69622 Villeurbanne, France b Université Libanaise, Faculté des Sciences II, Laboratoire de Physique Appliquée, 90656 Jdeidet El Metn, Lebanon c Institut Européen des Membranes, Université Montpellier 2, CNRS, UMR 5635, Place Euge`ne Bataillon, F-34095 Montpellier Cedex 5, France One of the author affiliations appeared …",Unclassified,0.0
,,"Application of piezoelectric transducers in structural health monitoring techniques
N Abou Leyla, E Moulin, J Assaad, F Benmeddour… - Advances in Piezoelectric Transducers, InTech, 2011
Cited by 1 Related articles All 7 versions",2011/11/25,,https://www.researchgate.net/profile/Jamal-Assaad/publication/221920340_Application_of_Piezoelectric_Transducers_in_Structural_Health_Monitoring_Techniques/links/5448e1860cf22b3c14e33967/Application-of-Piezoelectric-Transducers-in-Structural-Health-Monitoring-Techniques.pdf,,,,87-104,"Electronics, sensors",Cited by 1,Youssef Zaatar,,,Application of piezoelectric transducers in structural health monitoring techniques,,"Advances in Piezoelectric Transducers, InTech",,https://scholar.google.com/citations?view_op=view_citation&hl=en&user=rEfmcDMAAAAJ&cstart=20&pagesize=80&citation_for_view=rEfmcDMAAAAJ:ufrVoPGSRksC,,,"Najib Abou Leyla, Emmanuel Moulin, Jamal Assaad, Farouk Benmeddour, Sébastien Grondel, Youssef Zaatar","The technological advances of recent years have contributed greatly to the prosperity of the society. An important element of this prosperity is based on networks of inland, sea, and air transports. However, security in all transport networks remains a major challenge. More specifically, many researches in the field of aeronautics were done to increase the reliability of aircrafts. The themes of NDT (Non Destructive Testing), and more precisely the concept of SHM (Structural Health Monitoring), have thus emerged.
The SHM is a technical inspection to monitor the integrity of mechanical structures in a continuous and autonomous way during its use. Sensors used in this technique being fixed and/or integrated to the structure, it differs from traditional NDT using mobile probes. The first issue is obviously security; a second important issue is reducing financial costs of maintenance. Thus, a new technique that increases reliability and decreases costs of maintenance at the same time seems to be a technological revolution.",sensors,0.604
,,"Fabrication and characterization of stacked ZnO and ZnOGa2O3 layers for the realization of bulk acoustic wave resonated membranes
Y Zaatar, R Al Asmar, J Podlecki, S Youssef… - Microelectronics journal, 2007
Cited by 1 Related articles All 6 versions",2007/4/1,38.0,https://www.academia.edu/download/81421124/j.mejo.2007.03.01020220227-5032-w4sflg.pdf,,,,538-546,"Electronics, sensors",Cited by 1,Youssef Zaatar,,,Fabrication and characterization of stacked ZnO and ZnOGa2O3 layers for the realization of bulk acoustic wave resonated membranes,,Microelectronics journal,,https://scholar.google.com/citations?view_op=view_citation&hl=en&user=rEfmcDMAAAAJ&cstart=20&pagesize=80&citation_for_view=rEfmcDMAAAAJ:roLk4NBRz8UC,4-5,Elsevier,"Y Zaatar, R Al Asmar, J Podlecki, S Youssef, M Abdallah, N Ouaini, A Foucaran","ZnOGa2O3 alloys have been deposited by electron beam co-evaporation technique below the piezoelectric radio frequency magnetron sputtered ZnO films, with the aim of reducing the compressive stress due to the piezoelectric zinc oxide elaborated by radio frequency magnetron technique. The structural characterizations of the Ga2O3 thin films show an amorphous structure. Co-evaporating gallium oxide with zinc oxide has improved the optical and structural qualities of the e-beam zinc oxide films. Thus, deposing compressive rf magnetron sputtered piezoelectric ZnO on tensile thin layers of ZnOGa2O3, has reduced the stress and improved the structural quality of the realized bulk acoustic wave resonators. The fabrication of less stressed ZnO resonators has permitted to liberate partially our membranes by attacking the silicon substrate on which the resonator is realized. Finally, hyper frequency …",electronics,0.4
,,"A fiber-diode laser sensor for process control in aluminium smelters
Y Zaatar, J Bechara, JP Charles - Lebanese Scientific Research Reports, 1997
Cited by 1 Related articles All 2 versions",1997,2.0,,,,,174-180,"Electronics, sensors",Cited by 1,Youssef Zaatar,,,A fiber-diode laser sensor for process control in aluminium smelters,,Lebanese scientific research reports,,https://scholar.google.com/citations?view_op=view_citation&hl=en&user=rEfmcDMAAAAJ&cstart=20&pagesize=80&citation_for_view=rEfmcDMAAAAJ:aqlVkmm33-oC,1,,"Y Zaatar, J Bechara, JP Charles","Author.Absorption spectroscopy with tunable diode lasers (TDLAS) in the infrared has become a standard technique for the chemical analysis of gases. The laser provides the high selectivity which is important in industrial environments such as in-line stack monitoring, where complex gas mixtures are present. A project has been initiated at the faculty of sciences for the development of a fiber optic laser sensor capable of measuring industrial emissions for the purpose of pollution monitoring and industrial process control. A novel technique based on evanescent wave absorption with fiber optics is being developed allowing remote on line measurement, among other things, of fluorinated compounds emitted from Aluminium smelters during aluminium electrolysis. In this paper, we present a description of the system and the principles underlying its operation and application, with the results of preliminary studies.",sensors,0.4
,2024 IEEE International Instrumentation and Measurement Technology Conference (I2MTC),"Toward an FBG Interrogation Scheme for Temperature Measurement Based on Gaussian Optical Source
C JOUNI, H AL HAJJAR, J ABOU CHAAYA, Y ZAATAR… - 2024 IEEE International Instrumentation and …, 2024
Related articles",2024/5/20,,,,,,1-6,"Electronics, sensors",,Youssef Zaatar,,,Toward an FBG Interrogation Scheme for Temperature Measurement Based on Gaussian Optical Source,,,,https://scholar.google.com/citations?view_op=view_citation&hl=en&user=rEfmcDMAAAAJ&cstart=20&pagesize=80&citation_for_view=rEfmcDMAAAAJ:cFHS6HbyZ2cC,,IEEE,"Chourouk JOUNI, Hani AL HAJJAR, Jad ABOU CHAAYA, Youssef ZAATAR, Alejandro OSPINA, Frederic LAMARQUE","Fiber Bragg Grating (FBG) techniques excel in detecting strains and temperature changes. Their versatility for direct measurements in dedicated environments and widespread use in fiber optic sensors make them pivotal. Recent studies emphasize real-time spectrum measurements, using FBG's Bragg wavelength shifts to deduce temperature fluctuations. Transitioning to a “system-embedded” interrogation technique and a spectrometer-free approach, this paper introduces a temperature interrogation method inspired by edge detection. The proposed approach utilizes a Gaussian optical source, replacing a broad-band one, to circumvent the costly implementation of optical edge filters for detection. It translates the FBG's shift into a simple intensity measurement for temperature variation. A collimated laser diode (LD) with a maximum power of 7 mW interrogates our near-infrared FBG, where both of them operate at a …",sensors,0.604
,«Mardi des chercheurs»(MdC),"Identification de sources pour le contrôle passif des rails
E Akiki, L Chehami, Y Zaatar, N Smagin, J Assaad… - «Mardi des chercheurs»(MdC), 2023
Related articles All 3 versions",2023/6/13,,https://hal.science/hal-04473761/file/poster_Mardi_chercheurs_Elissa-2.pdf,,,,,"Electronics, sensors",,Youssef Zaatar,,,Identification de sources pour le contrôle passif des rails,,,,https://scholar.google.com/citations?view_op=view_citation&hl=en&user=rEfmcDMAAAAJ&cstart=20&pagesize=80&citation_for_view=rEfmcDMAAAAJ:u_35RYKgDlwC,,,"Elissa Akiki, Lynda Chehami, Youssef Zaatar, Nikolay Smagin, Jamal Assaad, Emmanuel Moulin","L’évaluation non destructive des rails est cruciale pour garantir une sécurité élevée dans le transport ferroviaire. On propose ici, une méthode d’identification des sources de bruit et/ou défauts par apprentissage sur une base de données de référence. Des essais expérimentaux ont été effectués sur un rail soumis à un couple de force appliqué à différentes positions du rail. Concrètement, cela consiste d’abord à constituer un dictionnaire de référence contenant toutes les signatures de défauts (à différents couples et positions sur le rail). L’identification de la position du défaut pour une valeur de couple de force donnée est déterminée par l’erreur quadratique moyenne entre le signal d’intérêt et les signaux stockés dans le dictionnaire. Ces travaux constituent une étude de faisabilité de la méthode proposée. Les résultats préliminaires obtenus sont prometteurs pour le SHM des structures ferroviaires.",Unclassified,0.0
,Pattern Recognition and Tracking XXXI,"Evolutionary clustering for dynamic partitioning of transportation network
P Al Alam, D Hamad, J Constantin, I Constantin… - Pattern Recognition and Tracking XXXI, 2020
Related articles All 4 versions",2020/4/22,11400.0,https://www.spiedigitallibrary.org/conference-proceedings-of-spie/11400/1140005/Evolutionary-clustering-for-dynamic-partitioning-of-transportation-network/10.1117/12.2557588.pdf,,,,8-21,"Electronics, sensors",,Youssef Zaatar,,,Evolutionary clustering for dynamic partitioning of transportation network,,,,https://scholar.google.com/citations?view_op=view_citation&hl=en&user=rEfmcDMAAAAJ&cstart=20&pagesize=80&citation_for_view=rEfmcDMAAAAJ:RGFaLdJalmkC,,SPIE,"Pamela Al Alam, Denis Hamad, Joseph Constantin, Ibtissam Constantin, Youssef Zaatar","The problem of clustering transportation networks has been studied in the static framework by considering traffic conditions at a given time. Nevertheless, it is important to underline that traffic is a strongly time-variant process and it needs to be studied in the spatio-temporal dimension. Considering the fact that the congestion is spatially correlated in adjacent roads and it propagates with different speeds, partitioning a transport network into homogeneous trajectories that evolve over time can be extremely useful in order to design a real-time traffic control schema which alleviate or postpone congestion. The paper proposes an evolutionary spectral clustering approach to partition a graph transport network into connected homogeneous trajectories that evolve over time. In order to choose the number of clusters automatically, we use the density peaks algorithm which is based on the idea that cluster centers are …",Unclassified,0.0
,,"Lithium Niobate Micro-transducers matrix design
H El Rammouz, F Benmeddour, J Assaad, E Moulin… - 1st International Conference of Engineering Risk …, 2019
Related articles All 8 versions",2019/5/21,281.0,https://uphf.hal.science/hal-03594232/document,,,,01001,"Electronics, sensors",,Youssef Zaatar,,,Lithium Niobate Micro-transducers matrix design,,MATEC Web of Conferences,,https://scholar.google.com/citations?view_op=view_citation&hl=en&user=rEfmcDMAAAAJ&cstart=20&pagesize=80&citation_for_view=rEfmcDMAAAAJ:NMxIlDl6LWMC,,EDP Sciences,"Hala El Rammouz, Farouk Benmeddour, Jamal Assaad, Emmanuel Moulin, Lucie Dupont, Nikolay Smagin, Youssef Zaatar, Ziad Herro","In this work, a two-dimensional (2D) Lithium Niobate (LiNbO 3 ) 36°Y-cut micro-transducers (μTs) matrix design is presented. Two main steps define the fabrication process: electrode deposition and photolithography. These steps are preceded by the optical mask conception, which defines the 2D matrix pattern. In contrary to the one element case, this μTs matrix allows to automatically scan a desired structure in real time. The μTs matrix is characterized using an impedance analyzer. Furthermore, the experimental tests carried out in order to demonstrate the matrix functionality at low frequencies [200 - 800] kHz are presented.",electronics,0.4
,"10ème Edition Franco-Belge du Mardi des Chercheurs, MdC 2019","Micro-transducers matrix design for structural health monitoring
H El Rammouz, F Benmeddour, J Assaad, E Moulin… - 10ème Edition Franco-Belge du Mardi des Chercheurs …, 2019
Related articles All 3 versions",2019/3/5,,,,,,,"Electronics, sensors",,Youssef Zaatar,,,Micro-transducers matrix design for structural health monitoring,,,,https://scholar.google.com/citations?view_op=view_citation&hl=en&user=rEfmcDMAAAAJ&cstart=20&pagesize=80&citation_for_view=rEfmcDMAAAAJ:pqnbT2bcN3wC,,,"Hala El Rammouz, Farouk Benmeddour, Jamal Assaad, Emmanuel Moulin, Youssef Zaatar, Ziad Herro","In this work, a two-dimensional (2D) Lithium Niobate (LiNbO3) 36°Y-cut micro-transducers (μTs) matrix design is presented. Two main steps define the fabrication process: electrode deposition and photolithography. These steps are preceded by the optical mask conception, which defines the 2D matrix pattern. In contrary to the one element case, this μTs matrix allows to automatically scan a desired structure in real time without performing any mechanical scanning. The μTs matrix is characterized using an impedance analyser. The results shows that the matrix can detect ultrasonic guided waves in the low frequency range (less than 1 MHz).",electronics,0.4
,,"Exploitation of the ambient noise for the structural health monitoring of bars and tubes
K Hourany, F Benmeddour, E Moulin, J Assaad… - Analog Integrated Circuits and Signal Processing, 2018
Related articles All 5 versions",2018/8/1,96.0,,,,,293-302,"Electronics, sensors",,Youssef Zaatar,,,Exploitation of the ambient noise for the structural health monitoring of bars and tubes,,Analog Integrated Circuits and Signal Processing,,https://scholar.google.com/citations?view_op=view_citation&hl=en&user=rEfmcDMAAAAJ&cstart=20&pagesize=80&citation_for_view=rEfmcDMAAAAJ:TQgYirikUcIC,2,Springer US,"K Hourany, F Benmeddour, E Moulin, J Assaad, D Callens, Y Zaatar","Image processing is a very vast field that includes both IT and applied mathematics. It is a discipline that studies the improvement and transformations of digital images hence permitting the improvement of the quality of these images and the extraction of information. The comparison of digital images is a paramount issue that has been discussed in several researches because of its various applications especially in the field of control and surveillance such as the Structural Health Monitoring using acoustic waves. In this study we will present an experimental study conducted on a bar and a tube in order to show the constant possibility of performing a structural health monitoring in a medium by studying the ambient noise present therein. Finally, a comparison algorithm described in a previous work (Hourany et al. in Leban Sci J 17(2):177–192, 2016) will be validated in order to show the influence of the …",Unclassified,0.0
,"9ème Edition Franco-Belge du Mardi des Chercheurs, MdC 2018","Réalisation et modélisation des matrices de micro-transducteurs ultrasonores
H El Rammouz, F Benmeddour, J Assaad, E Moulin… - 9ème Edition Franco-Belge du Mardi des Chercheurs …, 2018
Related articles All 8 versions",2018/3/27,,,,,,,"Electronics, sensors",,Youssef Zaatar,,,Réalisation et modélisation des matrices de micro-transducteurs ultrasonores,,,,https://scholar.google.com/citations?view_op=view_citation&hl=en&user=rEfmcDMAAAAJ&cstart=20&pagesize=80&citation_for_view=rEfmcDMAAAAJ:g5m5HwL7SMYC,,,"Hala El Rammouz, Farouk Benmeddour, Jamal Assaad, Emmanuel Moulin, Youssef Zaatar, Ziad Herro","Le Contrôle Santé Intégré (CSI) par ultrasons consiste à intégrer un système de Contrôle Non Destructif (CND) directement dans la structure. Le CSI est généralement basé sur l’utilisation de transducteurs piézoélectriques fabriqués à partir de Titano-Zirconate de Plomb (PZT). Cependant, son utilisation est restreinte suite à des problèmes environnementaux. Par conséquent, l’utilisation de matériaux respectueux envers l’environnement devient une nécessité. L’un de ces matériaux prometteurs est le Niobate de Lithium (LiNbO3) qui possède des propriétés physiques attrayantes tel que son large coefficient de charge piézoélectrique. Dans ce travail, d’une part, la propagation des ondes guidées dans une structure de type plaque est modélisée à l’aide de la méthode des éléments finis. Celle-ci est effectuée dans le domaine temporelle en utilisant deux différentes méthodes de discrétisation: les différences finis et …",Unclassified,0.0
,"Advances in Biomedical Engineering (ICABME), 2017 Fourth International Conference on","Modelling the energy consumption of memory equipped wireless sensor nodes for healthcare
R Rammouz, L Labrak, N Abouchi, J Constantin… - 2017 Fourth International Conference on Advances in …, 2017
Related articles All 2 versions",2017/10/19,,,,,,1-4,"Electronics, sensors",,Youssef Zaatar,,,Modelling the energy consumption of memory equipped wireless sensor nodes for healthcare,,,,https://scholar.google.com/citations?view_op=view_citation&hl=en&user=rEfmcDMAAAAJ&cstart=20&pagesize=80&citation_for_view=rEfmcDMAAAAJ:mB3voiENLucC,,IEEE,"R Rammouz, L Labrak, N Abouchi, J Constantin, Y Zaatar, D Zaouk","The ever increasing number of people who need continuous medical attention coupled with the rising costs of healthcare have triggered the concept of remote patient monitoring. This can be achieved using wireless sensor nodes attached to the human body. Such technology is mainly limited by the amount of available energy. Thus efficient power consumption estimation in the early stage of the design is necessary. In this work, we aim to create a Matlab based model that helps the designer during that process. We will not only be able to determine the power consumption of the node based on the components used, but also on the daily routine of the patient. Moreover, the designer will be guided to the data backup strategy that suits his application best. He will also simulate memory usage and power consumption during the whole monitoring period. Future works will aim to upgrade the model in order to include …",sensors,0.4
,"Sensors Networks Smart and Emerging Technologies (SENSET), 2017","The influence of the presence of a defect in a structure on the cross-correlation, application to the tubular structure
K Hourany, Y Zaatar, F Benmeddour, E Moulin… - 2017 Sensors Networks Smart and Emerging …, 2017
Related articles All 4 versions",2017/9/12,,,,,,1-4,"Electronics, sensors",,Youssef Zaatar,,,"The influence of the presence of a defect in a structure on the cross-correlation, application to the tubular structure",,,,https://scholar.google.com/citations?view_op=view_citation&hl=en&user=rEfmcDMAAAAJ&cstart=20&pagesize=80&citation_for_view=rEfmcDMAAAAJ:HDshCWvjkbEC,,IEEE,"K Hourany, Y Zaatar, F Benmeddour, E Moulin, D Callens, J Assaad","The aim of this paper is to verify experimentally the constant possibility of performing a Structural Health Monitoring (SHM) in a medium by studying the ambient noise present therein. First, we will illustrate the equivalence between the Green's function and the cross-correlation, then we will move to the experimental studies which will be conducted on a tube. Finally, a comparison algorithm described in a previous work will be validated in order to show the influence of the presence of a defect in the structure on the cross-correlation.",Unclassified,0.0
,"Sensors Networks Smart and Emerging Technologies (SENSET), 2017","Acoustic source localization based on the similarity rate between frequency-time images
K Hourany, Y Zaatar, F Benmeddour, E Moulin… - 2017 Sensors Networks Smart and Emerging …, 2017
Related articles All 5 versions",2017/9/12,,https://uphf.hal.science/hal-03280235/document,,,,1-4,"Electronics, sensors",,Youssef Zaatar,,,Acoustic source localization based on the similarity rate between frequency-time images,,,,https://scholar.google.com/citations?view_op=view_citation&hl=en&user=rEfmcDMAAAAJ&cstart=20&pagesize=80&citation_for_view=rEfmcDMAAAAJ:hFOr9nPyWt4C,,IEEE,"K Hourany, Y Zaatar, F Benmeddour, E Moulin, D Callens, J Assaad","Many studies in different domains have shown the possibility of extracting information from a medium by exploiting the natural acoustic noise present in such medium. Recently, the promising potential of a passive acoustic technique, based on the correlation of the ambient noise for controlling the state of the structures has been shown. The position of the acoustic source should be determined at the time of the measurement. In this study we will apply an algorithm explained in a previous work in order to locate an unknown source position based on the calculation of the similarity rate between frequency-time images related to the ambient noise correlation.",Unclassified,0.0
,,,2016,,,,,,,"Electronics, sensors",,Youssef Zaatar,,,MATERIALS TODAY: PROCEEDINGS,,,,https://scholar.google.com/citations?view_op=view_citation&hl=en&user=rEfmcDMAAAAJ&cstart=20&pagesize=80&citation_for_view=rEfmcDMAAAAJ:70eg2SAEIzsC,,,"SA Dargham, Y Zaatar, D Zaouk, F Ponchel, J Assaad, D Remiens, PG Baranov, NG Romanov, AP Bundakova, SB Orlinskii, CM Donegá, J Schmidt, X Zianni, E Girardin, F Fiori, G Barucca, P Mengucci, E Bassoli, A Gatto, L Iuliano, B Rutkowski, A Chepusov, A Komarskiy, S Korzhenevskiy, V Bessonova",,Unclassified,0.0
,"1st International Symposium on Physics of Data Storage, ISPDS-1","Bi0. 5Na0. 5TiO3 by sol-gel method: synthesis and characterization
S Abou Dargham, F Ponchel, Y Zaatar, J Assaad… - 1st International Symposium on Physics of Data …, 2015
Related articles All 3 versions",2015/12/17,,,,,,,"Electronics, sensors",,Youssef Zaatar,,,Bi0. 5Na0. 5TiO3 by sol-gel method: synthesis and characterization,,,,https://scholar.google.com/citations?view_op=view_citation&hl=en&user=rEfmcDMAAAAJ&cstart=20&pagesize=80&citation_for_view=rEfmcDMAAAAJ:ZHo1McVdvXMC,,,"Sara Abou Dargham, Freddy Ponchel, Youssef Zaatar, Jamal Assaad, Denis Remiens, Doumit Zaouk","Bi0.5Na0.5TiO3 by sol-gel method : synthesis and characterization - Université Polytechnique des Hauts-de-France Accéder directement au contenu Documentation FR Français (FR) Anglais (EN) Se connecter Portail HAL UPHF Recherche Loading... Recherche avancée Information de documents Titres Titres Sous-titre Titre de l'ouvrage Titre du volume (Série) Champ de recherche par défaut (multicritères) + texte intégral des PDF Résumé Texte intégral indexé des documents PDF Mots-clés Type de document Sous-type de document Tous les identifiants du document Identifiant HAL du dépôt Langue du document (texte) Pays (Texte) Ville À paraître (true ou false) Ajouter Auteur Auteur (multicritères) Auteur (multicritères) Auteur : Nom complet Auteur : Nom de famille Auteur : Prénom Auteur : Complément de nom, deuxième prénom Auteur : Organisme payeur Auteur : IdHal (chaîne de caractères) Auteur : Fonction …",Unclassified,0.0
,"3èmes Journées Franco-Libanaises, JFL3,«la Recherche au Service de la Communauté»","Exploitation de la propagation complexe des ondes dans des solides: extraction des paramètres de la structure et localisation de source acoustique
H Achdjian, E Moulin, J Assaad, F Benmeddour… - 3èmes Journées Franco-Libanaises, JFL3,«la …, 2015
Related articles All 3 versions",2015/10/29,,,,,,Session Poster 3-Technologies Adaptées,"Electronics, sensors",,Youssef Zaatar,,,Exploitation de la propagation complexe des ondes dans des solides: extraction des paramètres de la structure et localisation de source acoustique,,,,https://scholar.google.com/citations?view_op=view_citation&hl=en&user=rEfmcDMAAAAJ&cstart=20&pagesize=80&citation_for_view=rEfmcDMAAAAJ:zA6iFVUQeVQC,,,"Hossep Achdjian, Emmanuel Moulin, Jamal Assaad, Farouk Benmeddour, Lynda Chehami, Youssef Zaatar, Antonio Khoury",Exploitation de la propagation complexe des ondes dans des solides : extraction des paramètres de la structure et localisation de source acoustique - Université Polytechnique des Hauts-de-France Recherche Accéder directement au contenu Pied de page Logo Logo Documentation FR Français (FR) Anglais (EN) Se connecter Portail HAL UPHF Recherche Loading... Recherche avancée Information de documents Titres Titres Sous-titre Titre de l'ouvrage Titre du volume (Série) Champ de recherche par défaut (multicritères) + texte intégral des PDF Résumé Texte intégral indexé des documents PDF Mots-clés Type de document Sous-type de document Tous les identifiants du document Identifiant HAL du dépôt Langue du document (texte) Pays (Texte) Ville À paraître (true ou false) Ajouter Auteur Auteur (multicritères) Auteur (multicritères) Auteur : Nom complet Auteur : Nom de famille Auteur : Prénom Auteur : …,Unclassified,0.0
,"3èmes Journées Franco-Libanaises, JFL3,«la Recherche au Service de la Communauté»","Influence de la présence d'un défaut dans une structure sur la fonction d'intercorrélation: application au transport tubulaire
K Hourany, Y Zaatar, J Assaad, F Benmeddour… - 3èmes Journées Franco-Libanaises, JFL3,«la …, 2015
Related articles All 3 versions",2015/10/29,,,,,,Session Poster 3-Technologies Adaptées,"Electronics, sensors",,Youssef Zaatar,,,Influence de la présence d'un défaut dans une structure sur la fonction d'intercorrélation: application au transport tubulaire,,,,https://scholar.google.com/citations?view_op=view_citation&hl=en&user=rEfmcDMAAAAJ&cstart=20&pagesize=80&citation_for_view=rEfmcDMAAAAJ:rO6llkc54NcC,,,"Karl Hourany, Youssef Zaatar, Jamal Assaad, Farouk Benmeddour, Emmanuel Moulin, Dorothée Debavelaere-Callens, Lucie Dupont","Influence de la présence d'un défaut dans une structure sur la fonction d'intercorrélation : application au transport tubulaire - Université Polytechnique des Hauts-de-France Accéder directement au contenu Documentation FR Français (FR) Anglais (EN) Se connecter Portail HAL UPHF Recherche Loading... Recherche avancée Information de documents Titres Titres Sous-titre Titre de l'ouvrage Titre du volume (Série) Champ de recherche par défaut (multicritères) + texte intégral des PDF Résumé Texte intégral indexé des documents PDF Mots-clés Type de document Sous-type de document Tous les identifiants du document Identifiant HAL du dépôt Langue du document (texte) Pays (Texte) Ville À paraître (true ou false) Ajouter Auteur Auteur (multicritères) Auteur (multicritères) Auteur : Nom complet Auteur : Nom de famille Auteur : Prénom Auteur : Complément de nom, deuxième prénom Auteur : Organisme payeur …",Unclassified,0.0
,"3èmes Journées Franco-Libanaises, JFL3,«la Recherche au Service de la Communauté»","Passive and active structural health monitoring: application to aeronautic structures, railways and fluid conveying
J Assaad, F Benmeddour, E Moulin, H Achdjian… - 3èmes Journées Franco-Libanaises, JFL3,«la …, 2015
Related articles All 3 versions",2015/10/29,,,,,,,"Electronics, sensors",,Youssef Zaatar,,,"Passive and active structural health monitoring: application to aeronautic structures, railways and fluid conveying",,,,https://scholar.google.com/citations?view_op=view_citation&hl=en&user=rEfmcDMAAAAJ&cstart=20&pagesize=80&citation_for_view=rEfmcDMAAAAJ:3s1wT3WcHBgC,,,"Jamal Assaad, Farouk Benmeddour, Emmanuel Moulin, Hossep Achdjian, Lynda Chehami, Laïd Sadoudi, L Dupont, Karl Hourany, Youssef Zaatar","Passive and active structural health monitoring : application to aeronautic structures, railways and fluid conveying - Université Polytechnique des Hauts-de-France Accéder directement au contenu Documentation FR Français (FR) Anglais (EN) Se connecter Portail HAL UPHF Recherche Loading... Recherche avancée Information de documents Titres Titres Sous-titre Titre de l'ouvrage Titre du volume (Série) Champ de recherche par défaut (multicritères) + texte intégral des PDF Résumé Texte intégral indexé des documents PDF Mots-clés Type de document Sous-type de document Tous les identifiants du document Identifiant HAL du dépôt Langue du document (texte) Pays (Texte) Ville À paraître (true ou false) Ajouter Auteur Auteur (multicritères) Auteur (multicritères) Auteur : Nom complet Auteur : Nom de famille Auteur : Prénom Auteur : Complément de nom, deuxième prénom Auteur : Organisme payeur Auteur : …",Unclassified,0.0
,"3èmes Journées Franco-Libanaises, JFL3,«la Recherche au Service de la Communauté»","Contrôle-santé intégré passif des rails ferroviaires basé sur la technique de corrélation de bruit acoustique
L Sadoudi, E Moulin, J Assaad, F Benmeddour… - 3èmes Journées Franco-Libanaises, JFL3,«la …, 2015
Related articles All 3 versions",2015/10/29,,,,,,,"Electronics, sensors",,Youssef Zaatar,,,Contrôle-santé intégré passif des rails ferroviaires basé sur la technique de corrélation de bruit acoustique,,,,https://scholar.google.com/citations?view_op=view_citation&hl=en&user=rEfmcDMAAAAJ&cstart=20&pagesize=80&citation_for_view=rEfmcDMAAAAJ:SeFeTyx0c_EC,,,"Laïd Sadoudi, Emmanuel Moulin, Jamal Assaad, Farouk Benmeddour, Michael Bocquet, Frédéric Rivart, Youssef Zaatar, Marie Nawal Sabra","Contrôle-santé intégré passif des rails ferroviaires basé sur la technique de corrélation de bruit acoustique - Université Polytechnique des Hauts-de-France Recherche Accéder directement au contenu Pied de page Logo Logo Documentation FR Français (FR) Anglais (EN) Se connecter Portail HAL UPHF Recherche Loading... Recherche avancée Information de documents Titres Titres Sous-titre Titre de l'ouvrage Titre du volume (Série) Champ de recherche par défaut (multicritères) + texte intégral des PDF Résumé Texte intégral indexé des documents PDF Mots-clés Type de document Sous-type de document Tous les identifiants du document Identifiant HAL du dépôt Langue du document (texte) Pays (Texte) Ville À paraître (true ou false) Ajouter Auteur Auteur (multicritères) Auteur (multicritères) Auteur : Nom complet Auteur : Nom de famille Auteur : Prénom Auteur : Complément de nom, deuxième prénom Auteur …",Unclassified,0.0
,"3èmes Journées Franco-Libanaises, JFL3,«la Recherche au Service de la Communauté»","Bi0. 5Na0. 5TiO3 par voie sol-gel: synthèse et caractérisation
S Abou Dargham, F Ponchel, D Zaouk, D Remiens… - 3èmes Journées Franco-Libanaises, JFL3,«la …, 2015
Related articles All 3 versions",2015/10/29,,,,,,,"Electronics, sensors",,Youssef Zaatar,,,Bi0. 5Na0. 5TiO3 par voie sol-gel: synthèse et caractérisation,,,,https://scholar.google.com/citations?view_op=view_citation&hl=en&user=rEfmcDMAAAAJ&cstart=20&pagesize=80&citation_for_view=rEfmcDMAAAAJ:HoB7MX3m0LUC,,,"Sara Abou Dargham, Freddy Ponchel, Doumit Zaouk, Denis Remiens, Jamal Assaad, Youssef Zaatar, N Abboud, L Dupont","Bi0.5Na0.5TiO3 par voie sol-gel : synthèse et caractérisation - Université Polytechnique des Hauts-de-France Recherche Accéder directement au contenu Pied de page Logo Logo Documentation FR Français (FR) Anglais (EN) Se connecter Portail HAL UPHF Recherche Loading... Recherche avancée Information de documents Titres Titres Sous-titre Titre de l'ouvrage Titre du volume (Série) Champ de recherche par défaut (multicritères) + texte intégral des PDF Résumé Texte intégral indexé des documents PDF Mots-clés Type de document Sous-type de document Tous les identifiants du document Identifiant HAL du dépôt Langue du document (texte) Pays (Texte) Ville À paraître (true ou false) Ajouter Auteur Auteur (multicritères) Auteur (multicritères) Auteur : Nom complet Auteur : Nom de famille Auteur : Prénom Auteur : Complément de nom, deuxième prénom Auteur : Organisme payeur Auteur : IdHal (chaîne de …",Unclassified,0.0
,SENSO,"On the possibility to use time reversed pulse waves for wireless power transfer in an indoor environment
R Ibrahim, A Bréard, J Huillery, D Voyer, C Vollaire… - SENSO, 2015
Related articles",2015/10/14,,,,,,,"Electronics, sensors",,Youssef Zaatar,,,On the possibility to use time reversed pulse waves for wireless power transfer in an indoor environment,,,,https://scholar.google.com/citations?view_op=view_citation&hl=en&user=rEfmcDMAAAAJ&cstart=20&pagesize=80&citation_for_view=rEfmcDMAAAAJ:IWHjjKOFINEC,,,"Rony Ibrahim, Arnaud Bréard, Julien Huillery, Damien Voyer, Christian Vollaire, Bruno Allard, Youssef Zaatar","On the possibility to use time reversed pulse waves for wireless power transfer in an indoor environment - Archive ouverte HAL Recherche Accéder directement au contenu Pied de page Logo Logo Documentation FR Français (FR) Anglais (EN) Se connecter HAL science ouverte Recherche Loading... Recherche avancée Information de documents Titres Titres Sous-titre Titre de l'ouvrage Titre du volume (Série) Champ de recherche par défaut (multicritères) + texte intégral des PDF Résumé Texte intégral indexé des documents PDF Mots-clés Type de document Sous-type de document Tous les identifiants du document Identifiant HAL du dépôt Langue du document (texte) Pays (Texte) Ville À paraître (true ou false) Ajouter Auteur Auteur (multicritères) Auteur (multicritères) Auteur : Nom complet Auteur : Nom de famille Auteur : Prénom Auteur : Complément de nom, deuxième prénom Auteur : Organisme payeur …",Unclassified,0.0
,,"Development of a bank for ultrasonic characterization of olive oil
G Sabra, Y Zaatar, D Zaouk, A El Hajj, E Honein… - Lebanese Science Journal, 2015
Related articles",2015,,,,,,135-140,"Electronics, sensors",,Youssef Zaatar,,,Development of a bank for ultrasonic characterization of olive oil,,Lebanese Science Journal,,https://scholar.google.com/citations?view_op=view_citation&hl=en&user=rEfmcDMAAAAJ&cstart=20&pagesize=80&citation_for_view=rEfmcDMAAAAJ:dhFuZR0502QC,,,"Gemayel Sabra, Y Zaatar, D Zaouk, A El Hajj, E Honein, J Assaad","[en] Olive oil has long been renowned for its nutritional and healthy values. These values are being continuously verified by new scientific results. Not all olive oils found in the market are, however, authentic. One of the ways to cheat in olive oil is to mix it with other, cheaper oils. The aim of our study is to develop an ultrasonic measurement system that would quickly detect the fraud in the olive oil and thus protect and preserve this quality product. By using ultrasonic waves of frequency 1.7 MHz in transmission through the oils, we have obtained promising results for detection of different mixtures of olive oil with pure sunflower oil. Our results have shown an increasing ultrasonic speed for an increasing percentage of sunflower oil in the mixture.(author)",Unclassified,0.0
,"Lebanese Association for the Advancement of Science 20th International Science Conference, LAAS 20","Synthesis and Characterization of BNT thin films
S Abou Dargham, J Jabbour, Y Zaatar, J Assaad… - Lebanese Association for the Advancement of Science …, 2014
Related articles All 3 versions",2014,,https://www.researchgate.net/profile/Sara-Abou-Dargham-2/publication/280849071_Synthesis_and_characterization_of_BNT_thin_films/links/58369c0a08aec3fe331d2251/Synthesis-and-characterization-of-BNT-thin-films.pdf,,,,"Session: Theoretical and Experimental Chemistry and Physics III, 474-475","Electronics, sensors",,Youssef Zaatar,,,Synthesis and characterization of BNT thin films,,,,https://scholar.google.com/citations?view_op=view_citation&hl=en&user=rEfmcDMAAAAJ&cstart=20&pagesize=80&citation_for_view=rEfmcDMAAAAJ:M3ejUd6NZC8C,,,"Sara Abou Dargham, Jihane Jabbour, Youssef Zaatar, Jamal Assaad, Antonio Khoury, Denis Rémiens, Doumit Zaouk","Polycrystalline piezoelectric lead-free Bi0. 5Na0. 5TiO3 (abbreviated as BNT) thin films were deposited on glass substrates by an optimized Sol-Gel process using the Electrospray technique. X-ray Diffraction (XRD) analysis showed that after heating the films at 650 C for 1 hour, dense and well crystallized BNT films in the rhombohedral perovskite phase were formed. Polyhedral shaped primary particles, with an average size of approximately 200 nm and a smooth surface of 1.8 nm average roughness (Ra), were detected using AFM analysis. The deconvolution of Raman spectrum had confirmed our first results of XRD about the crystallization of BNT films due to the appearance of Raman peaks corresponding to the bending vibrations of Bi-O, Na-O and TiO6 bonds.",Unclassified,0.0
,"Secondes Journées Franco-Libanaises, Avancées de la Recherche et de ses Applications, JFL2","Electronique appliquée aux microsystèmes et systèmes embarqués
Y Zaatar, D Zaouk, J Costantin, I Costantin, M El Zoghbi… - Secondes Journées Franco-Libanaises, Avancées de …, 2013
Related articles All 2 versions",2013,,,,,,,"Electronics, sensors",,Youssef Zaatar,,,Electronique appliquée aux microsystèmes et systèmes embarqués,,,,https://scholar.google.com/citations?view_op=view_citation&hl=en&user=rEfmcDMAAAAJ&cstart=20&pagesize=80&citation_for_view=rEfmcDMAAAAJ:ULOm3_A8WrAC,,,"Y Zaatar, D Zaouk, J COSTANTIN, I COSTANTIN, M ZOGHBI, J KESSERWANI, K HOURANY, C GEMAYEL, J Assaad, E Moulin, F Benmeddour","Electronique appliquée aux microsystèmes et systèmes embarqués - Archive ouverte HAL Recherche Accéder directement au contenu Pied de page Logo Logo Documentation FR Français (FR) Anglais (EN) Se connecter HAL science ouverte Recherche Loading... Recherche avancée Information de documents Titres Titres Sous-titre Titre de l'ouvrage Titre du volume (Série) Champ de recherche par défaut (multicritères) + texte intégral des PDF Résumé Texte intégral indexé des documents PDF Mots-clés Type de document Sous-type de document Tous les identifiants du document Identifiant HAL du dépôt Langue du document (texte) Pays (Texte) Ville À paraître (true ou false) Ajouter Auteur Auteur (multicritères) Auteur (multicritères) Auteur : Nom complet Auteur : Nom de famille Auteur : Prénom Auteur : Complément de nom, deuxième prénom Auteur : Organisme payeur Auteur : IdHal (chaîne de caractères) …",electronics,0.4
,"Secondes Journées Franco-Libanaises, Avancées de la Recherche et de ses Applications, JFL2","Low-consumption sensor network based on signal processing of reverberant acoustic fields for structure and infrastructure monitoring
H Achdjian, E Moulin, J Assaad, F Benmeddour… - Secondes Journées Franco-Libanaises, Avancées de …, 2013
Related articles All 2 versions",2013,,,,,,,"Electronics, sensors",,Youssef Zaatar,,,Low-consumption sensor network based on signal processing of reverberant acoustic fields for structure and infrastructure monitoring,,,,https://scholar.google.com/citations?view_op=view_citation&hl=en&user=rEfmcDMAAAAJ&cstart=20&pagesize=80&citation_for_view=rEfmcDMAAAAJ:Zph67rFs4hoC,,,"H ACHDJIAN, E Moulin, J Assaad, F Benmeddour, L Chehami, Y Zaatar, MN Sabra","Low-consumption sensor network based on signal processing of reverberant acoustic fields for structure and infrastructure monitoring - Archive ouverte HAL Recherche Accéder directement au contenu Pied de page Logo Logo Documentation FR Français (FR) Anglais (EN) Se connecter HAL science ouverte Recherche Loading... Recherche avancée Information de documents Titres Titres Sous-titre Titre de l'ouvrage Titre du volume (Série) Champ de recherche par défaut (multicritères) + texte intégral des PDF Résumé Texte intégral indexé des documents PDF Mots-clés Type de document Sous-type de document Tous les identifiants du document Identifiant HAL du dépôt Langue du document (texte) Pays (Texte) Ville À paraître (true ou false) Ajouter Auteur Auteur (multicritères) Auteur (multicritères) Auteur : Nom complet Auteur : Nom de famille Auteur : Prénom Auteur : Complément de nom, deuxième prénom …",sensors,0.4
,"Secondes Journées Franco-Libanaises, Avancées de la Recherche et de ses Applications, JFL2","Développement d'un banc de caractérisation ultrasonore de l'huile d'olive
MN Sabra-Gemayel, Y Zaatar, D Zaouk, E Honein… - Secondes Journées Franco-Libanaises, Avancées de …, 2013
Related articles All 2 versions",2013,,,,,,,"Electronics, sensors",,Youssef Zaatar,,,Développement d'un banc de caractérisation ultrasonore de l'huile d'olive,,,,https://scholar.google.com/citations?view_op=view_citation&hl=en&user=rEfmcDMAAAAJ&cstart=20&pagesize=80&citation_for_view=rEfmcDMAAAAJ:KlAtU1dfN6UC,,,"MN SABRA-GEMAYEL, Y Zaatar, D Zaouk, E HONEIN, A EL-HAJJ, J Assaad","L'huile d'olive est reconnue depuis longtemps pour ses vertus alimentaires et nutritionnelles. Ces vertus sont régulièrement confirmées par de nouveaux résultats scientifiques. Pourtant, les huiles d'olive trouvées sur le marché ne sont pas toujours authentiques. Un moyen de frauder est de mélanger l'huile d'olive avec d'autres huiles moins coûteuses telle que l'huile de tournesol. Le but de notre travail est de développer un système de mesure ultrasonore visant à détecter rapidement la fraude dans l'huile d'olive, et ainsi protéger et préserver ce produit de qualité. En utilisant des ondes ultrasonores de fréquence 1.7MHz en mode de transmission, nous obtenons des résultats prometteurs pour la détection du mélange de l'huile d'olive avec de l'huile de tournesol pure. Nos résultats ont donné une vitesse ultrasonore croissante avec l’augmentation de la proportion d’huile de tournesol dans le mélange.",Unclassified,0.0
,"Journées Franco-Libanaises; Physique et Interfaces, Université Lille 1,","Etude Préliminaire des films minces Nanostructurés d’Oxydes de Cobalt Catalytiques élaborés par Pulvérisation Electrostatique et Pyrolytique
R Mahayri, D Zaouk, UB Demirci, Y Zaatar, A Khoury… - Journées Franco-Libanaises; Physique et Interfaces …, 2011
Related articles All 2 versions",2011/10/18,,,,,,,"Electronics, sensors",,Youssef Zaatar,,,Etude Préliminaire des films minces Nanostructurés d’Oxydes de Cobalt Catalytiques élaborés par Pulvérisation Electrostatique et Pyrolytique.,,,,https://scholar.google.com/citations?view_op=view_citation&hl=en&user=rEfmcDMAAAAJ&cstart=20&pagesize=80&citation_for_view=rEfmcDMAAAAJ:k_IJM867U9cC,,,"Roland MAHAYRI, Doumit ZAOUK, Umit B Demirci, Youssef ZAATAR, Antonio KHOURY, Philippe Miele","Etude Préliminaire des films minces Nanostructurés d’Oxydes de Cobalt Catalytiques élaborés par Pulvérisation Electrostatique et Pyrolytique - Université de Montpellier Recherche Accéder directement au contenu Pied de page Logo Logo Documentation Se connecter Portail HAL Um Recherche Loading... Recherche avancée Information de documents Titres Titres Sous-titre Titre de l'ouvrage Titre du volume (Série) Champ de recherche par défaut (multicritères) + texte intégral des PDF Résumé Texte intégral indexé des documents PDF Mots-clés Type de document Sous-type de document Tous les identifiants du document Identifiant HAL du dépôt Langue du document (texte) Pays (Texte) Ville À paraître (true ou false) Ajouter Auteur Auteur (multicritères) Auteur (multicritères) Auteur : Nom complet Auteur : Nom de famille Auteur : Prénom Auteur : Complément de nom, deuxième prénom Auteur : Organisme payeur …",Unclassified,0.0
,,"U-Patch Antenna for RFID and Wireless Applications
RA Saad, Z Melhem, C Nader, Y Zaatar, D Zaouk - Advanced Materials Research, 2011
Related articles",2011/10/1,324.0,,,,,434-436,"Electronics, sensors",,Youssef Zaatar,,,U-Patch Antenna for RFID and Wireless Applications,,Advanced Materials Research,,https://scholar.google.com/citations?view_op=view_citation&hl=en&user=rEfmcDMAAAAJ&cstart=20&pagesize=80&citation_for_view=rEfmcDMAAAAJ:MXK_kJrjxJIC,,,"R Abi Saad, Zeina Melhem, Chadi Nader, Youssef Zaatar, Doumit Zaouk","in this paper, we propose a new multi-band patch antenna structure for embedded RFID (Radio Frequency Identification) readers and wireless communications. The proposed antenna is a dual band microstrip patch antenna using U-slot geometry. The operating frequencies of the proposed antenna are chosen as 2.4 and 0.9 (GHz), obtained by optimizing the physical dimensions of the U-slot. Several parameters have been investigated using Ansoft Designer software. The antenna is fed through a quarter wavelength transformer for impedance matching. An additional layer of alumina is added above the surface of the conductors to increase the performance of the antenna.",Unclassified,0.0
,,"U Patch Antenna for RFID and Wireless Applications
R Abi Saad, Z Melhem, C Nader, Y Zaatar, D Zaouk - 2011
Related articles All 2 versions",2011,,,,,,,"Electronics, sensors",,Youssef Zaatar,,,U Patch Antenna for RFID and Wireless Applications,,,,https://scholar.google.com/citations?view_op=view_citation&hl=en&user=rEfmcDMAAAAJ&cstart=20&pagesize=80&citation_for_view=rEfmcDMAAAAJ:4DMP91E08xMC,,,"R Abi Saad, Z Melhem, C Nader, Y Zaatar, D Zaouk","in this paper, we propose a new multi-band patch antenna structure for embedded RFID (Radio Frequency Identification) readers and wireless communications. The proposed antenna is a dual band microstrip patch antenna using U-slot geometry. The operating frequencies of the proposed antenna are chosen as 2.4 and 0.9 (GHz), obtained by optimizing the physical dimensions of the U-slot. Several parameters have been investigated using Ansoft Designer software. The antenna is fed through a quarter wavelength transformer for impedance matching. An additional layer of alumina is added above the surface of the conductors to increase the performance of the antenna. (author)",Unclassified,0.0
,Advances in Science and Technology,"Cobalt-supported clay as catalytic film prepared by electrophoretic deposition for hydrogen release applications
R Chamoun, UB Demirci, D Cornu, Y Zaatar, A Khoury… - Advances in Science and Technology, 2011
Related articles All 2 versions",2010,65.0,,,,,203-208,"Electronics, sensors",,Youssef Zaatar,,,Cobalt-Supported Clay as Catalytic Film Prepared by Electrophoretic Deposition for Hydrogen Release Applications,,,,https://scholar.google.com/citations?view_op=view_citation&hl=en&user=rEfmcDMAAAAJ&cstart=20&pagesize=80&citation_for_view=rEfmcDMAAAAJ:5nxA0vEk-isC,,Trans Tech Publications,"Rita Chamoun, Umit B Demirci, David Cornu, Youssef Zaatar, Antonio Khoury, Philippe Miele","Shaped catalyst is much more practical than powder catalyst when the material is intended to technological applications. Nevertheless, shaping a reactive powder catalyst is not evident, loss in reactivity occurring by e.g. decreasing specific surface area. Addressing such problem has been our objective. The present paper reports methods and results about the shaping of a lab-made cobalt supported clay catalyst over a stainless steel plate (SSP) taken as substrate. The deposition method chosen is electrophoretic deposition (EPD). Clay has been chosen owing to its abundance and greenness. Herein, we report that it is feasible to make a Co-Clay-SSP shaped catalyst by EPD in a two-step process. Typically, the supported Co-Clay has first to be prepared by wet impregnation and then the as-obtained powder is deposited over the substrate by EPD. Such shaped catalyst is intended to be used in NaBH4 hydrolysis …",Unclassified,0.0
,,"Hyper frequency modeling of resonated systems based on piezoelectric LiTaO3 thin layers
R Al Asmar, S Youssef, Y Zaatar, J Podlecki, C Eid… - Microelectronics journal, 2009
Related articles All 6 versions",2009/3/31,40.0,,,,,624-627,"Electronics, sensors",,Youssef Zaatar,,,Hyper frequency modeling of resonated systems based on piezoelectric LiTaO 3 thin layers,,Microelectronics Journal,,https://scholar.google.com/citations?view_op=view_citation&hl=en&user=rEfmcDMAAAAJ&cstart=20&pagesize=80&citation_for_view=rEfmcDMAAAAJ:0EnyYjriUFMC,3,Elsevier,"R Al Asmar, S Youssef, Y Zaatar, J Podlecki, C Eid, A Foucaran","In this work, we discuss the piezoelectric activity of lithium tantalite (LiTaO3) thin layers and to more understand this phenomenon we have developed a model for our LiTaO3 resonators based on mason model and simulated the hyper frequency behavior. Our LiTaO3 resonators are made from three layers staked on silicon substrates. The aluminum thin film constitutes the external electrode, the platinum forms the internal electrode and the lithium tantalite constitutes the piezoelectric layer. Each element of these layers is represented by an arrangement of impedances. The simulation shows the reflection coefficient, ρ, as a function of the frequency. We observe a resonant frequency that decreases with the increase of the thickness of the piezoelectric LiTaO3 layers. A slight variation of this resonant frequency is obtained when comparing it with that of the uncharged piezoelectric device, which is due to the different …",electronics,0.4
,,"Hyper frequency modeling of resonated systems based on piezoelectric LiTaO3 thin layers
R Al Asmar, S Youssef, Y Zaatar, J Podlecki, C Eid… - Microelectronics journal, 2009
Related articles All 6 versions",2009/3/1,40.0,,,,,624-627,"Electronics, sensors",,Youssef Zaatar,,,Hyper frequency modeling of resonated systems based on piezoelectric LiTaO3 thin layers,,Microelectronics journal,,https://scholar.google.com/citations?view_op=view_citation&hl=en&user=rEfmcDMAAAAJ&cstart=20&pagesize=80&citation_for_view=rEfmcDMAAAAJ:YFjsv_pBGBYC,3,Elsevier,"R Al Asmar, S Youssef, Y Zaatar, J Podlecki, C Eid, A Foucaran","In this work, we discuss the piezoelectric activity of lithium tantalite (LiTaO3) thin layers and to more understand this phenomenon we have developed a model for our LiTaO3 resonators based on mason model and simulated the hyper frequency behavior. Our LiTaO3 resonators are made from three layers staked on silicon substrates. The aluminum thin film constitutes the external electrode, the platinum forms the internal electrode and the lithium tantalite constitutes the piezoelectric layer. Each element of these layers is represented by an arrangement of impedances. The simulation shows the reflection coefficient, ρ, as a function of the frequency. We observe a resonant frequency that decreases with the increase of the thickness of the piezoelectric LiTaO3 layers. A slight variation of this resonant frequency is obtained when comparing it with that of the uncharged piezoelectric device, which is due to the different …",electronics,0.4
,,"Development and characterization of a semi-conductor laser sensor for real time measurement and identification of atmospheric pollutants
F Boulos, Y Zaatar, JP Atanas, J Bechara - 2004
Related articles All 2 versions",2004,,,,,,,"Electronics, sensors",,Youssef Zaatar,,,Development and characterization of a semi-conductor laser sensor for real time measurement and identification of atmospheric pollutants,,,,https://scholar.google.com/citations?view_op=view_citation&hl=en&user=rEfmcDMAAAAJ&cstart=20&pagesize=80&citation_for_view=rEfmcDMAAAAJ:qxL8FJ1GzNcC,,,"F Boulos, Y Zaatar, JP Atanas, J Bechara","Full text.Tunable diode laser absorption spectroscopy (TDLAS) in the near infrared (NIR) using semiconductor lasers of compounds between elements of group III (Ga, Al and In) and group V (P, As and Sb) is being increasingly used in various environmental and industrial process control applications. This technique exploits the unique properties of these laser materials i.e., high coherence, high monochromaticity, low divergence and high brightness to permit rapid sensitive detection with high selectivity and spectral resolution. A computer-interfaced near infrared semiconductor laser sensor has been developed in our laboratory for spectroscopic applications in air pollution monitoring. The sensor can be operated in two configurations: open path free beam coupled to a multiple pass White cell and fiber optic guided beam coupled to an evanescent wave sensor. This paper will present an overview of the system's modulation, sensing and data acquisition methods and some recent measurement results, together with a description of ongoing research and development for the improvement of the system's performance and sensitivity.",sensors,0.4
,,"Absorption spectroscopy by tunable laser diode and fiber optic evanescent wave sensor for gas detection
Y Zaatar - 2000
Related articles",2000/7/5,,,,,,,"Electronics, sensors",,Youssef Zaatar,,,Absorption spectroscopy by tunable laser diode and fiber optic evanescent wave sensor for gas detection,,,,https://scholar.google.com/citations?view_op=view_citation&hl=en&user=rEfmcDMAAAAJ&cstart=20&pagesize=80&citation_for_view=rEfmcDMAAAAJ:fPk4N6BV_jEC,,,Youssef Zaatar,"[en] Within the framework of the study and development of instrumentation for the measurement of air pollution by using laser spectroscopy and fibre optic sensors for environmental applications, this research thesis first outlines the environmental interest in the development of fibre optic sensors in the field of chemistry, evokes the international market which favours the search for new technologies, and presents light sources for those sensors, and different types of fibre optic sensors (passive or active). Based on a geometrical aspect and on the theory of reflection of a light ray, the author recalls some important aspects of light propagation in fibre optics: propagation in step-index fibre, Helmholtz equation, method of effective indexes. He presents evanescent waves and how they are used in fibre optics for the detection of chemical substances which surround the fibre core. He presents the technique of spectroscopy with tunable laser diode and fibre optic evanescent wave sensors, and the associated experimental components and devices",sensors,0.604
,,"Spectroscopie d'absorption par diode laser accordable et fibre-optique-capteur à ondes évanescentes en vue d'application à la détection de gaz
Y Zaatar - 2000
Related articles All 6 versions",2000/7/5,,https://www.academia.edu/download/87701521/Zaatar.Youssef.SMZ0019.pdf,,,,,"Electronics, sensors",,Youssef Zaatar,,,Spectroscopie d'absorption par diode laser accordable et fibre-optique-capteur à ondes évanescentes en vue d'application à la détection de gaz,Université Paul Verlaine-Metz,,,https://scholar.google.com/citations?view_op=view_citation&hl=en&user=rEfmcDMAAAAJ&cstart=20&pagesize=80&citation_for_view=rEfmcDMAAAAJ:hqOjcs7Dif8C,,,Youssef Zaatar,"Le travail que nous représentons dans ce mémoire est le résultat d'une coopération Franco-Libanaise qui entre dans le cadre de 1'Ecole Doctorale Franco-Libanaise dans le but de promouvoir le développement des activités de recherche aux Facultés des Sciences de!'Université Libanaise.
Ce travail est fait en grande partie au Laboratoire Apollos (Air Pollution by laser optical spectroscopy) installé au département de physique de la Faculté des Sciences II par le Professeur Joseph Bechara. Ce laboratoire a un axe de recherche orienté, en premier temps, vers l'étude de l'instrumentation pour la mesure de la pollution atmosphérique par spectroscopie laser et les capteurs fibres optiques pour des applications environnementales. Nous avons réussi et avec la collaboration de Messieurs les Professeurs Jean-Pierre Charles', Claude~ linares* et Pierre~ ialhe~, à installer un système de spectroscopie par diode laser accordable avec l'aide et le financement du CNRS libanais et de 1'Ecole Doctorale Franco-Libanaise. Ce système peut être modifié pour détecter une variété de gaz par le bon choix de la diode laser.",Unclassified,0.0
,,"INTERDISCIPLINARY AND GENERAL PHYSICS (PACS 1-41, 43-47, 79, 81-84, 89-99)-Electrical and optical properties of pyrolytically electrostatic sprayed fluorine-doped tin-oxide: Dependence on
D Zaouk, Y Zaatar, A Khoury, C Llinares, JP Charles… - Journal of Applied Physics, 2000
Related articles",2000,87.0,,,,,7539-7543,"Electronics, sensors",,Youssef Zaatar,,,"INTERDISCIPLINARY AND GENERAL PHYSICS (PACS 1-41, 43-47, 79, 81-84, 89-99)-Electrical and optical properties of pyrolytically electrostatic sprayed fluorine-doped tin-oxide …",,Journal of Applied Physics,,https://scholar.google.com/citations?view_op=view_citation&hl=en&user=rEfmcDMAAAAJ&cstart=20&pagesize=80&citation_for_view=rEfmcDMAAAAJ:3fE2CSJIrl8C,10,"New York, NY: American Institute of Physics, c1937-","D Zaouk, Y Zaatar, A Khoury, C Llinares, JP Charles, J Bechara",,Unclassified,0.0
,"Environment and Solar, 2000 Mediterranean Conference for","Photovoltaic properties of fluorine tin oxide (SnO/sub 2: F)/silicon junctions prepared by electrostatic spray pyrolysis-dependence on oxidation time
D Zaouk, Y Zaatar, A Khoury, C Llinares, JP Charles… - 2000 Mediterranean Conference for Environment and …, 2000
Related articles",2000,,,,,,96-98,"Electronics, sensors",,Youssef Zaatar,,,Photovoltaic properties of fluorine tin oxide (SnO 2: F)/silicon junctions prepared by electrostatic spray pyrolysis-dependence on oxidation time,,,,https://scholar.google.com/citations?view_op=view_citation&hl=en&user=rEfmcDMAAAAJ&cstart=20&pagesize=80&citation_for_view=rEfmcDMAAAAJ:UebtZRa9Y70C,,IEEE,"D Zaouk, Y Zaatar, A Khoury, C Llinares, J-P Charles, J Bechara, M Ajaka",Fluorine tin oxide (SnO/sub 2/:F)/silicon ( on both n and p type) junctions are prepared at 375/spl deg/C by a simple deposition technique called electrostatic spray prolysis (ESP). The SnO/sub 2/:F/p-Si yielded to an ohmic contact. The photovoltaic behavior of SnO/sub 2/:F/n-Si junctions as functions of oxidation time t/sub OX/ is reported in the present paper with the view to understanding the role of the interfacial oxide layer in the photovoltaic process. The junctions have been characterized by I(V) and C(V) measurements. A maximum efficiency of 6.2% is observed (under 80 mw.cm/sup -2/ illumination) of SnO/sub 2/:F/n-Si junctions at an oxidation time of 30s. The junctions are observed to be quite stable with time.,Unclassified,0.0
,"Environment and Solar, 2000 Mediterranean Conference for","Absorption spectroscopy by diode laser tuning and fibre optic sensor of evanescent waves for gas detection application
Y Zaatar, D Zaouk, J Bechara, A Khoury, M Ajaka… - 2000 Mediterranean Conference for Environment and …, 2000
Related articles",2000,,,,,,140-144,"Electronics, sensors",,Youssef Zaatar,,,Absorption spectroscopy by diode laser tuning and fibre optic sensor of evanescent waves for gas detection application,,,,https://scholar.google.com/citations?view_op=view_citation&hl=en&user=rEfmcDMAAAAJ&cstart=20&pagesize=80&citation_for_view=rEfmcDMAAAAJ:_FxGoFyzp5QC,,IEEE,"Y Zaatar, D Zaouk, J Bechara, A Khoury, M Ajaka, C Llinares, J-P Charles","This paper discusses the development of a new technique for atmospheric pollution detection using an infrared laser coupled to a fibre optic sensor. We have developed a laboratory apparatus for detection of certain important pollutants. The authors have demonstrated the feasibility of the apparatus with commercially combusted materials. The construction of a portable and cheap industrial prototype is envisaged. The experimental work has revealed several difficulties to be overcome before this objective is reached, in particular the control and stability of the laser emissions used. The system was coupled to fibre optic sensors but their feasibility is insufficient. A metallic thin film deposited oil the fibre sensor permits reinforcement of the penetration of the evanescent waves in the exterior medium using the effect of surface plasma resonance. Also realised was the modal selection with the aid of a fibre with an …",sensors,0.604
,,"Etude de faisabilité d'un dispositif à fibre optique pour la mesure de propriétés physiques associées à des caractéristiques d'un environnement liquide ou gazeux
Y Zaatar - 1995
Related articles",1995/6,,,,,,,"Electronics, sensors",,Youssef Zaatar,,,Etude de faisabilité d'un dispositif à fibre optique pour la mesure de propriétés physiques associées à des caractéristiques d'un environnement liquide ou gazeux,Université de Nice-Sophia Antipolis,,,https://scholar.google.com/citations?view_op=view_citation&hl=en&user=rEfmcDMAAAAJ&cstart=20&pagesize=80&citation_for_view=rEfmcDMAAAAJ:maZDTaKrznsC,,,Y Zaatar,Etude de faisabilité d'un dispositif à fibre optique pour la mesure de propriétés physiques associées à des caractéristiques d'un environnement liquide ou gazeux - Archive ouverte HAL Recherche Accéder directement au contenu Pied de page Logo Logo Documentation FR Français (FR) Anglais (EN) Se connecter HAL science ouverte Recherche Loading... Recherche avancée Information de documents Titres Titres Sous-titre Titre de l'ouvrage Titre du volume (Série) Champ de recherche par défaut (multicritères) + texte intégral des PDF Résumé Texte intégral indexé des documents PDF Mots-clés Type de document Sous-type de document Tous les identifiants du document Identifiant HAL du dépôt Langue du document (texte) Pays (Texte) Ville À paraître (true ou false) Ajouter Auteur Auteur (multicritères) Auteur (multicritères) Auteur : Nom complet Auteur : Nom de famille Auteur : Prénom Auteur : Complément de …,Unclassified,0.0
,,"CARACTÉRISATION ULTRASONORE DE L’HUILE D’OLIVE
MN Sabra-Gemayel, Y Zaatar, D Zaouk, E Honein, A El
Related articles",,,,,,,,"Electronics, sensors",,Youssef Zaatar,,,CARACTÉRISATION ULTRASONORE DE L’HUILE D’OLIVE,,,,https://scholar.google.com/citations?view_op=view_citation&hl=en&user=rEfmcDMAAAAJ&cstart=20&pagesize=80&citation_for_view=rEfmcDMAAAAJ:Wp0gIr-vW9MC,,,"Marie Nawal Sabra-Gemayel, Youssef Zaatar, Doumit Zaouk, Elie Honein, Ahmad El","L'huile d'olive est reconnue depuis longtemps pour ses vertus alimentaires et nutritionnelles. Ces vertus sont régulièrement confirmées par de nouveaux résultats scientifiques. Pourtant, les huiles d'olive trouvées sur le marché ne sont pas toujours authentiques. Un moyen de frauder est de mélanger l'huile d'olive avec d'autres huiles moins coûteuses telle que l'huile de tournesol. Le but de notre travail est de développer un système de mesure ultrasonore visant à détecter rapidement la fraude dans l'huile d'olive, et ainsi protéger et préserver ce produit de qualité. En utilisant des ondes ultrasonores de fréquence 1.7 MHz en mode de transmission, nous obtenons des résultats prometteurs pour la détection du mélange de l'huile d'olive avec de l'huile de tournesol pure. Nos résultats ont donné une vitesse ultrasonore croissante avec l’augmentation de la proportion d’huile de tournesol dans le mélange.",Unclassified,0.0
,,"Développement et implantation d’un modèle de diode par VHDL-AMS: Discrétisation selon la méthode Scharfetter-Gummel*
J Kesserwani - 2015
Related articles All 6 versions",,,,,,,,"Electronics, sensors",,Youssef Zaatar,,,Développement et implantation d’un modèle de diode par VHDL-AMS. Discrétisation selon la méthode Scharfetter-Gummel.,,,,https://scholar.google.com/citations?view_op=view_citation&hl=en&user=rEfmcDMAAAAJ&cstart=20&pagesize=80&citation_for_view=rEfmcDMAAAAJ:4TOpqqG69KYC,,,"J Kesserwani, N Abboud, Y Zaatar, B Allard",,Unclassified,0.0
,,"Conception d'un réseau de capteurs acoustiques passifs pour un contrôle-santé intégré basse consommation et non-intrusif des structures aéronautiques et conduites de transport de fluides*
K Hourany, F Benmeddour, E Moulin, Y Zaatar… - 20th LAAS International Science Conference, 2014
Related articles All 11 versions",,,,,,,,"Electronics, sensors",,Youssef Zaatar,,,Conception d’un réseau de capteurs acoustiques passifs pour un contrôle-santé intégré basse consommation et non-intrusif des structures aéronautiques et conduites de transport …,,,,https://scholar.google.com/citations?view_op=view_citation&hl=en&user=rEfmcDMAAAAJ&cstart=20&pagesize=80&citation_for_view=rEfmcDMAAAAJ:_kc_bZDykSQC,,,"K Hourany, F Benmeddour, E Moulin, Y Zaatar, J Assaad",,Unclassified,0.0
,,"A global architecture for patient simulator systems
C El-Gemayel, F Jumel, J Constantin, Y Zaatar…
Related articles",,,,,,,,"Electronics, sensors",,Youssef Zaatar,,,A global architecture for patient simulator systems,,,,https://scholar.google.com/citations?view_op=view_citation&hl=en&user=rEfmcDMAAAAJ&cstart=20&pagesize=80&citation_for_view=rEfmcDMAAAAJ:YOwf2qJgpHMC,,,"Ch El-Gemayel, F Jumel, J Constantin, Y Zaatar, D Zaouk, N Abouchi","The importance of simulation modeling in medical instrumentation is arriving to reduce medical errors, solve health problem and to improve patient safety. Without simulation, there was a delay in work progress and the cost was more expensive. There was a need for providing higher work productivity, minimum cost. This process enables to virtually investigate many prototypes and analyze all inputs and outputs, constraints and device behaviors. This work proposes a global architecture for patient simulators for detecting performance, of all system components. The architecture composed from two main parts. The first part described as simulator components, contains patient, hardware interface components and scenarios. And the second part concerning simulations representation, which can contains simulations of: a medical system, framework, actuator, sensors and patient. Simulation of mathematical models used …",sensors,0.605
