Book,Conference,Scholar articles,Publication date,Volume,PDF Link,Patent office,Report number,Source,Pages,Research Interests,Total citations,Researcher Name,Inventors,Patent number,Title,Institution,Journal,Application number,Scholar Link,Issue,Publisher,Authors,Description,Classified_Topic,Classification_Confidence
,,"Innovations in bonding to zirconia-based materials: Part I
MN Aboushelib, JP Matinlinna, Z Salameh, H Ounsi - Dental Materials, 2008
Cited by 302 Related articles All 13 versions",2008/9/1,24.0,https://www.researchgate.net/profile/Moustafa-Aboushelib/publication/5435870_Innovations_in_bonding_to_zirconia-based_materials_Part_I/links/5a2b085d45851552ae7a869c/Innovations-in-bonding-to-zirconia-based-materials-Part-I.pdf,,,,1268-1272,"digital dentistry, materials, prosthodontics",Cited by 302,Ziad Salameh,,,Innovations in bonding to zirconia-based materials: Part I,,Dental Materials,,https://scholar.google.com/citations?view_op=view_citation&hl=en&user=WjA9Iv0AAAAJ&citation_for_view=WjA9Iv0AAAAJ:7PzlFSSx8tAC,9.0,Elsevier,"Moustafa N Aboushelib, Jukka P Matinlinna, Ziad Salameh, Hani Ounsi","OBJECTIVES
Establishing a reliable bond to zirconia-based materials has proven to be difficult which is the major limitation against fabricating adhesive zirconia restorations. This bond could be improved using novel selective infiltration etching conditioning in combination with engineered zirconia primers. Aim of the work was to evaluate resin-to-zirconia bond strength using selective infiltration etching and novel silane-based zirconia primers.
METHODS
Zirconia discs (Procera Zirconia) received selective infiltration etching surface treatment followed by coating with either of five especially engineered experimental zirconia primers. Pre-aged resin-composite discs (Tetric Ivo Ceram) were bonded to the treated surface using an MDP-containing resin-composite (Panavia F 2.0). The bilayered specimens were cut into microbars and the microtensile bond strength (MTBS) was evaluated. ‘As-sintered’ zirconia discs …",materials,0.605
,,"Proinflammatory cytokines in the crevicular fluid of patients with peri-implantitis
F Javed, K Al-Hezaimi, Z Salameh, K Almas… - Cytokine, 2011
Cited by 231 Related articles All 7 versions",2011/1/1,53.0,https://www.academia.edu/download/46073098/Proinflammatory_cytokines_in_the_crevicu20160530-11881-1v0hm99.pdf,,,Cytokine,8-12,"digital dentistry, materials, prosthodontics",Cited by 231,Ziad Salameh,,,Proinflammatory cytokines in the crevicular fluid of patients with peri-implantitis,,,,https://scholar.google.com/citations?view_op=view_citation&hl=en&user=WjA9Iv0AAAAJ&citation_for_view=WjA9Iv0AAAAJ:8k81kl-MbHgC,1.0,Academic Press,"Fawad Javed, Khalid Al-Hezaimi, Ziad Salameh, Khalid Almas, Georgios E Romanos","The aim of this study was to review the proinflammatory cytokine profiles in the peri-implant crevicular fluid (PICF) of patients with peri-implantitis (PI). Databases were explored from 1994 up to and including July 2010 using various combinations of the following keywords: “cytokine”, “crevicular fluid”, “implant”, “inflammation”, “peri-implantitis” and “periodontitis”. The eligibility criteria included: (1) original research articles; (2) clinical and experimental studies; (3) use of control group; (4) reference list of pertinent original and review studies; (5) use of statistical methods; (6) intervention: patients with and without PI; and (7) articles published only in English-language. Fifteen studies (14 case-controls and one case-report) were included. Four studies showed high levels of interleukin (IL)-1 beta (β) in the PICF of implants affected by PI (test) compared to healthy (control) sites. Two studies showed an over-expression of IL …",Unclassified,0.0
,,"Fracture resistance and failure patterns of endodontically treated mandibular molars restored using resin composite with or without translucent glass fiber posts
Z Salameh, R Sorrentino, F Papacchini, HF Ounsi… - Journal of endodontics, 2006
Cited by 227 Related articles All 9 versions",2006/8/1,32.0,https://www.rtddental.com/media/files/2006-Salameh-Fracture-Resistance-and-Failure-Modes.pdf,,,,752-755,"digital dentistry, materials, prosthodontics",Cited by 227,Ziad Salameh,,,Fracture resistance and failure patterns of endodontically treated mandibular molars restored using resin composite with or without translucent glass fiber posts,,Journal of endodontics,,https://scholar.google.com/citations?view_op=view_citation&hl=en&user=WjA9Iv0AAAAJ&citation_for_view=WjA9Iv0AAAAJ:qxL8FJ1GzNcC,8.0,Elsevier,"Ziad Salameh, Roberto Sorrentino, Federica Papacchini, Hani F Ounsi, Esam Tashkandi, Cecilia Goracci, Marco Ferrari","The elastic modulus of the restorative material is important in restoring endodontically treated teeth. This study aimed to compare the fracture resistance and failure patterns of 90 mandibular molars restored using resin composites with or without fiber posts, with respect to the number of residual cavity walls. Five restoration types were performed corresponding to different wall defects (groups 1-5). Groups were divided in two subgroups corresponding to the use or absence of fiber posts. Teeth were loaded and resistance of specimens was measured as the axial compressive load to cause fracture and macroscopic fracture patterns were observed. One way ANOVA revealed a significant difference in fracture resistance (p < 0.001). Tukey post hoc test also revealed significant differences between groups as samples restored with fiber posts exhibited mostly restorable fractures. It was concluded that the resistance of …",materials,0.4
,,"Innovations in bonding to zirconia-based materials. Part II: Focusing on chemical interactions
MN Aboushelib, H Mirmohamadi, JP Matinlinna… - Dental Materials, 2009
Cited by 208 Related articles All 12 versions",2009/8/1,25.0,https://www.academia.edu/download/46347839/Innovations_in_bonding_to_zirconia-based20160608-30640-1du0fqv.pdf,,,,989-993,"digital dentistry, materials, prosthodontics",Cited by 208,Ziad Salameh,,,Innovations in bonding to zirconia-based materials. Part II: Focusing on chemical interactions,,Dental Materials,,https://scholar.google.com/citations?view_op=view_citation&hl=en&user=WjA9Iv0AAAAJ&citation_for_view=WjA9Iv0AAAAJ:_FxGoFyzp5QC,8.0,Elsevier,"Moustafa N Aboushelib, Hesam Mirmohamadi, Jukka P Matinlinna, Edwin Kukk, Hani F Ounsi, Ziad Salameh","OBJECTIVES
The zirconia–resin bond strength was enhanced using novel engineered zirconia primers in combination with selective infiltration etching as a surface pre-treatment. The aim of this study was to evaluate the effect of artificial aging on the chemical stability of the established bond and to understand the activation mechanism of the used primers.
METHODS
Selective infiltration etched zirconia discs (Procera; NobelBiocare) were coated with one of four novel engineered zirconia primers containing reactive monomers and were bonded to resin-composite discs (Panavia F2.0). Fourier transform infrared spectroscopy (FT-IR) was carried out to examine the chemical activation of zirconia primers from mixing time and up to 60min. The bilayered specimens were cut into microbars (1mm2 in cross-section area) and zirconia–resin microtensile bond strength (MTBS) was evaluated immediately and after 90 days …",materials,0.604
,,"Innovations in bonding to zirconia based ceramics: Part III. Phosphate monomer resin cements
H Mirmohammadi, MNM Aboushelib, Z Salameh… - dental materials, 2010
Cited by 148 Related articles All 10 versions",2010/8/1,26.0,https://www.researchgate.net/profile/Hesam-Mirmohammadi/publication/44622617_Innovations_in_bonding_to_zirconia_based_ceramics_Part_III_Phosphate_monomer_resin_cements/links/5ad09dbbaca2723a33472ee0/Innovations-in-bonding-to-zirconia-based-ceramics-Part-III-Phosphate-monomer-resin-cements.pdf,,,,786-792,"digital dentistry, materials, prosthodontics",Cited by 148,Ziad Salameh,,,Innovations in bonding to zirconia based ceramics: Part III. Phosphate monomer resin cements,,dental materials,,https://scholar.google.com/citations?view_op=view_citation&hl=en&user=WjA9Iv0AAAAJ&citation_for_view=WjA9Iv0AAAAJ:hqOjcs7Dif8C,8.0,Elsevier,"Hesam Mirmohammadi, Moustafa NM Aboushelib, Ziad Salameh, Albert J Feilzer, Cornelis J Kleverlaan","PURPOSE
To compare the bond strength values and the ranking order of three phosphate monomer containing resin cements using microtensile (μTBS) and microshear (μSBS) bond strength tests.
MATERIALS AND METHODS
Zirconia discs (Procera Zirconia) were bonded to resin composite discs (Filtek Z250) using three different cements (Panavia F 2.0, RelyX UniCem, and Multilink). Two bond strength tests were used to determine zirconia resin bond strength; microtensile bond strength test (μTBS) and microshear bond strength test (μSBS). Ten specimens were tested for each group (n=10). Two-way analysis of variance (ANOVA) was used to analyze the data (α=0.05).
RESULTS
There were statistical significant differences in bond strength values and in the ranking order obtained using the two test methods. μTBS reported significant differences in bond strength values, whereas μSBS failed to detect such …",materials,0.605
,,"The effect of different full-coverage crown systems on fracture resistance and failure pattern of endodontically treated maxillary incisors restored with and without glass fiber posts
Z Salameh, R Sorrentino, HF Ounsi, W Sadig, F Atiyeh… - Journal of endodontics, 2008
Cited by 122 Related articles All 10 versions",2008/7/1,34.0,https://www.academia.edu/download/48497416/j.joen.2008.03.02520160901-23107-atdt4.pdf,,,,842-846,"digital dentistry, materials, prosthodontics",Cited by 122,Ziad Salameh,,,The effect of different full-coverage crown systems on fracture resistance and failure pattern of endodontically treated maxillary incisors restored with and without glass …,,Journal of endodontics,,https://scholar.google.com/citations?view_op=view_citation&hl=en&user=WjA9Iv0AAAAJ&citation_for_view=WjA9Iv0AAAAJ:2P1L_qKh6hAC,7.0,Elsevier,"Ziad Salameh, Roberto Sorrentino, Hani F Ounsi, Walid Sadig, Fadi Atiyeh, Marco Ferrari","The aim of this study was to compare the fracture resistance and failure pattern of endodontically treated maxillary incisors restored using composite resin with or without fiber-reinforced composite (FRC) posts under different types of full-coverage crowns. The null hypothesis tested was that fracture resistance and the failure pattern of these teeth were not affected by the use of FRC posts or by the type of full-coverage crown. One hundred twenty maxillary incisors were endodontically treated and divided into 4 groups of 30 each. Each group was divided into two subgroups: restoration with or without fiber post. PFM crowns were placed in group 1, Empress II crowns in group 2, SR Adoro crowns in group 3, and Cercon crowns in group 4. Fracture tests were performed by loading specimens to fracture. Data were analyzed with two-way analysis of variance (α = 0.05). The type of crown was not a significant factor …",Unclassified,0.0
,,"Effect of different all-ceramic crown system on fracture resistance and failure pattern of endodontically treated maxillary premolars restored with and without glass fiber posts
Z Salameh, R Sorrentino, HF Ounsi, C Goracci… - Journal of endodontics, 2007
Cited by 122 Related articles All 11 versions",2007/7/1,33.0,https://www.academia.edu/download/74800280/j.joen.2007.01.01720211117-11013-1rdh1og.pdf,,,,848-851,"digital dentistry, materials, prosthodontics",Cited by 122,Ziad Salameh,,,Effect of different all-ceramic crown system on fracture resistance and failure pattern of endodontically treated maxillary premolars restored with and without glass fiber posts,,Journal of endodontics,,https://scholar.google.com/citations?view_op=view_citation&hl=en&user=WjA9Iv0AAAAJ&citation_for_view=WjA9Iv0AAAAJ:isC4tDSrTZIC,7.0,Elsevier,"Ziad Salameh, Roberto Sorrentino, Hani F Ounsi, Cecilia Goracci, Esam Tashkandi, Franklin R Tay, Marco Ferrari","Endodontically treated teeth are traditionally restored with a crown to prevent fracture. The aim of this study was to compare the fracture resistance and failure modes of endodontically treated maxillary premolars treated with or without a fiber post and restored with different types of crowns. Eighty human maxillary premolars were selected. After root canal treatment, the teeth were embedded in resin blocks and divided into four groups. Samples received MOD cavity preparations and were divided into two subgroups: with and without fiber posts and restored using porcelain fused to metal, lithium disilicate, fiber-reinforced composite, or zirconia crowns. The specimens were vertically loaded in the central fossa using a universal loading machine until failure, and the maximum breaking loads were recorded. Samples were perfused with Indian ink to highlight the fracture lines and the mode of failure that was classified as …",Unclassified,0.0
,,"Effect of clinical use on the cyclic fatigue resistance of ProTaper nickel-titanium rotary instruments
HF Ounsi, Z Salameh, T Al-Shalan, M Ferrari… - Journal of Endodontics, 2007
Cited by 122 Related articles All 12 versions",2007/6/1,33.0,https://citeseerx.ist.psu.edu/document?repid=rep1&type=pdf&doi=6dc9323a70dbdb0a013450574d556a21f425be15,,,,737-741,"digital dentistry, materials, prosthodontics",Cited by 122,Ziad Salameh,,,Effect of clinical use on the cyclic fatigue resistance of ProTaper nickel-titanium rotary instruments,,Journal of Endodontics,,https://scholar.google.com/citations?view_op=view_citation&hl=en&user=WjA9Iv0AAAAJ&citation_for_view=WjA9Iv0AAAAJ:RYcK_YlVTxYC,6.0,Elsevier,"Hani F Ounsi, Ziad Salameh, Thakib Al-Shalan, Marco Ferrari, Simone Grandini, David H Pashley, Franklin R Tay","The resistance of ProTaper (Dentsply Maillefer, Ballaigues, Switzerland) nickel-titanium rotary instruments to cyclic fatigue was examined after their initial use in straight or curved canals in vivo. These instruments were rotated freely inside a steel phantom until separation. The number of rotations before failure and the lengths of the separated fragments were compared with data derived from new instruments under the same experimental setup (n = 20). With the exception of F1 and F3, instruments previously used in curved canals were more susceptible to cyclic fatigue than those previously used in straight canals (p < 0.05). Separation occurred predominantly at the D10 to D12 level. For the F series, a negative correlation (p < 0.05) was observed between the number of rotations before failure and the file diameters at their separation levels. ProTaper F3 instruments are highly susceptible to cyclic fatigue failure and …",Unclassified,0.0
,,"Fracture resistance and failure location of zirconium and metallic implant abutments
P Aramouni, E Zebouni, E Tashkandi, S Dib… - J Contemp Dent Pract, 2008
Cited by 118 Related articles All 11 versions",2008/11/1,9.0,https://www.academia.edu/download/78174429/jcdp-9-7-41.pdf,,,,41-48,"digital dentistry, materials, prosthodontics",Cited by 118,Ziad Salameh,,,Fracture resistance and failure location of zirconium and metallic implant abutments,,J Contemp Dent Pract,,https://scholar.google.com/citations?view_op=view_citation&hl=en&user=WjA9Iv0AAAAJ&citation_for_view=WjA9Iv0AAAAJ:zYLM7Y9cAGgC,7.0,,"Phillipe Aramouni, Elie Zebouni, Esam Tashkandi, Salam Dib, Ziad Salameh, Khalid Almas","Aim: The purpose of this study was to evaluate the fracture resistance and failure location of single-tooth, implant-supported, all-ceramic restorations on different implant abutments subjected to a maximum load.
Methods and Materials: Forty Certain 3i implants and 20 ITI Straumann implants were used in this study in combination with 20 UCLA abutments, 20 ZiReal abutments, and 20 synOcta Ceramic Blanks to form three groups according to abutment type. All 60 abutments were prepared with standard measurements: a 1.0 mm deep chamfer, 2.0 mm of incisal reduction, and a total height of 7 mm. Sixty IPS Empress 2 full ceramic crowns were fabricated and cemented on each abutment with a resin cement. Static loading was simulated under maximum loading and fracture locations were noted.
Results: The mean load to failure data and standard deviations for the three groups were as follows: Group 1 (792.7 N±122.5) and Group 3 (793.6±162.3) showed no significant difference in fracture resistance while the values for specimens in Group 2 (604 N±191.1) had the lowest mean value and were significantly lower. In Group 1, 16 crowns and four abutment fractures were reported, while in Group 3, 17 crowns and three abutments fractured. Group 2 actually showed three types of fractures. Two specimen fractures were located at the implant level, six with fractures occuring within the Empress 2 all-ceramic crown, and the remaining 12 failures were located at the abutment level.",materials,0.603
,,"Fracture resistance and failure patterns of endodontically treated mandibular molars with and without glass fiber post in combination with a zirconia–ceramic crown
Z Salameh, HF Ounsi, MN Aboushelib, W Sadig… - Journal of dentistry, 2008
Cited by 116 Related articles All 14 versions",2008/7/1,36.0,https://www.researchgate.net/profile/Moustafa-Aboushelib/publication/5371326_Fracture_resistance_and_failure_patterns_endodontically_treated_mandibular_molars_with_and_without_fiber-post_in_combination_with_a_zirconia-ceramic_crown/links/5a2b085da6fdccfbbf852331/Fracture-resistance-and-failure-patterns-endodontically-treated-mandibular-molars-with-and-without-fiber-post-in-combination-with-a-zirconia-ceramic-crown.pdf,,,,513-519,"digital dentistry, materials, prosthodontics",Cited by 116,Ziad Salameh,,,Fracture resistance and failure patterns of endodontically treated mandibular molars with and without glass fiber post in combination with a zirconia–ceramic crown,,Journal of dentistry,,https://scholar.google.com/citations?view_op=view_citation&hl=en&user=WjA9Iv0AAAAJ&citation_for_view=WjA9Iv0AAAAJ:eQOLeE2rZwMC,7.0,Elsevier,"Ziad Salameh, Hani F Ounsi, Moustafa N Aboushelib, Walid Sadig, Marco Ferrari","OBJECTIVE
The aim of this study was to investigate the influence of a fiber post on the fracture mechanics of zirconia crowns inserted over endodontically treated teeth with different extent of coronal damage.
METHODS
Endodontically treated human molars with three types of coronal damage received fiber posts before cementation of zirconia-veneered crowns. Controls received composite resin cores without fiber posts. The specimens were loaded to failure and fractographically examined using a scanning electron microscope (SEM).
RESULTS
Statistical analysis revealed that specimens with fiber posts demonstrated significantly higher failure loads and favorable fracture pattern compared to the controls. At fractographic analysis, specimens with fiber posts demonstrated delamination of the veneer ceramic from intact zirconia under structure. Meanwhile, the specimens that were restored without a fiber post …",Unclassified,0.0
,,"Influence of material properties on rate of resorption of two bone graft materials after sinus lift using radiographic assessment
F Riachi, N Naaman, C Tabarani, N Aboelsaad… - International journal of dentistry, 2012
Cited by 105 Related articles All 21 versions",2012,2012.0,https://onlinelibrary.wiley.com/doi/pdf/10.1155/2012/737262,,,,737262,"digital dentistry, materials, prosthodontics",Cited by 105,Ziad Salameh,,,Influence of material properties on rate of resorption of two bone graft materials after sinus lift using radiographic assessment,,International journal of dentistry,,https://scholar.google.com/citations?view_op=view_citation&hl=en&user=WjA9Iv0AAAAJ&citation_for_view=WjA9Iv0AAAAJ:KlAtU1dfN6UC,1.0,Hindawi Publishing Corporation,"Fawzi Riachi, Nada Naaman, Carine Tabarani, Nayer Aboelsaad, Moustafa N Aboushelib, Antoine Berberi, Ziad Salameh","Purpose. The aim of this study was to investigate the influence of chemical and physical properties of two graft materials on the rate of resorption. Materials and Methods. Direct sinus graft procedure was performed on 22 patients intended for implant placement. Two types of graft materials were used (Bio‐Oss and Cerabone) and after 8 months healing time the implants were inserted. Radiographic assessment was performed over the period of four years. Particle size, rate of calcium release, and size and type of crystal structure of each graft were evaluated. Results. The average particle size of Bio‐Oss (1 mm) was much smaller compared to Cerabone (2.7 mm). The amount of calcium release due to dissolution of material in water was much higher for Bio‐oss compared to Cerabone. X‐ray image analysis revealed that Bio‐Oss demonstrated significantly higher volumetric loss (33.4 ± 3.1%) of initial graft size …",materials,0.604
,,"Effect of different ferrule designs on the fracture resistance and failure pattern of endodontically treated teeth restored with fiber posts and all-ceramic crowns
H Sherfudhin, J Hobeich, CA Carvalho, MN Aboushelib… - Journal of Applied Oral Science, 2011
Cited by 104 Related articles All 18 versions",2011,19.0,https://www.scielo.br/j/jaos/a/dBDpNwWT5Mxh7QJVJmK8GMp/?lang=en,,,,28-33,"digital dentistry, materials, prosthodontics",Cited by 104,Ziad Salameh,,,Effect of different ferrule designs on the fracture resistance and failure pattern of endodontically treated teeth restored with fiber posts and all-ceramic crowns,,Journal of Applied Oral Science,,https://scholar.google.com/citations?view_op=view_citation&hl=en&user=WjA9Iv0AAAAJ&citation_for_view=WjA9Iv0AAAAJ:kNdYIx-mwKoC,,Faculdade De Odontologia De Bauru-USP,"Haneef Sherfudhin, Joseph Hobeich, Carlos Augusto Carvalho, Moustafa N Aboushelib, Walid Sadig, Ziad Salameh","OBJECTIVE
This study investigated the effect of different ferrule heights on endodontically treated premolars.
MATERIAL AND METHODS
Fifty sound mandibular first premolars were endodontically treated and then restored with 7-mm fiber post (FRC Postec Plus #1 Ivoclar-Vivadent) luted with self-polymerized resin cement (Multilink, Ivoclar Vivadent) while the coronal section was restored with hybrid composite core build-up material (Tetric Ceram, Ivoclar-Vivadent), which received all-ceramic crown. Different ferrule heights were investigated: 1-mm circumferential ferrule without post and core (group 1 used as control), a circumferential 1-mm ferrule (group 2), non-uniform ferrule 2-mm buccally and 1-mm lingually (group 3), non-uniform ferrule 3-mm buccally and 2-mm lingually (group 4), and finally no ferrule preparation (group 5). The fracture load and failure pattern of the tested groups were investigated by applying axial load to the ceramic crowns (n=10). Data were analyzed statistically by one-way ANOVA and Tukey's post-hoc test was used for pair-wise comparisons (α=0.05).
RESULTS
There were no significant differences among the failure load of all tested groups (P<0.780). The control group had the lowest fracture resistance (891.43±202.22 N) and the highest catastrophic failure rate (P<0.05). Compared to the control group, the use of fiber post reduced the percentage of catastrophic failure while increasing the ferrule height did not influence the fracture resistance of the restored specimens.
CONCLUSIONS
Within the limitations of this study, increasing the ferrule length did not influence the fracture resistance of endodontically treated …",materials,0.4
,,"Zirconia implant abutment fracture: clinical case reports and precautions for use.
MN Aboushelib, Z Salameh - International Journal of Prosthodontics, 2009
Cited by 102 Related articles All 3 versions",2009/11/1,22.0,,,,,,"digital dentistry, materials, prosthodontics",Cited by 102,Ziad Salameh,,,Zirconia implant abutment fracture: clinical case reports and precautions for use.,,International Journal of Prosthodontics,,https://scholar.google.com/citations?view_op=view_citation&hl=en&user=WjA9Iv0AAAAJ&citation_for_view=WjA9Iv0AAAAJ:ULOm3_A8WrAC,6.0,,"Moustafa N Aboushelib, Ziad Salameh","Purpose: Zirconia was recently introduced as a ceramic implant abutment due to its superior mechanical properties and white color. Nevertheless, it requires careful handling to avoid unexpected failure. The aim of this study was to examine five clinically broken zirconia implant abutments using fractography principles. Materials and Methods: Five clinically fractured zirconia abutments were retrieved for fractographic analysis. The specimens were cleaned, sterilized, and reassembled to allow reconstruction of the broken abutments. Each fragment was gold sputter-coated and individually examined using scanning electron microscopy. The location of the crack origin was identified and the stress at failure was estimated using fracture marks observed on the broken surfaces. Results: For three abutments, the critical crack was located at the internal ring where the abutments met the internal metallic component. The …",materials,0.604
,,"Effect of different CAD-CAM materials on the marginal and internal adaptation of endocrown restorations: An in vitro study
WA El Ghoul, M Özcan, H Ounsi, H Tohme, Z Salameh - The Journal of prosthetic dentistry, 2020
Cited by 100 Related articles All 8 versions",2020/1/1,123.0,,,,,128-134,"digital dentistry, materials, prosthodontics",Cited by 100,Ziad Salameh,,,Effect of different CAD-CAM materials on the marginal and internal adaptation of endocrown restorations: An in vitro study,,The Journal of prosthetic dentistry,,https://scholar.google.com/citations?view_op=view_citation&hl=en&user=WjA9Iv0AAAAJ&citation_for_view=WjA9Iv0AAAAJ:QIV2ME_5wuYC,1.0,Mosby,"Wiam A El Ghoul, Mutlu Özcan, Hani Ounsi, Hani Tohme, Ziad Salameh","Statement of problem
Recent resin-based and ceramic-based computer-aided design and computer-aided manufacturing (CAD-CAM) materials have been used to restore endodontically treated teeth. Adaptation of the restoration is important for clinical success, but studies evaluating the effect of these materials on the adaptation of endocrowns are lacking.
Purpose
The purpose of this in vitro study was to evaluate the effect of resin-based and ceramic-based materials on the marginal and internal adaptation of endocrowns.
Material and methods
Forty mandibular molars were divided into 4 groups (n=10); each group was restored with a different CAD-CAM material: group C: hybrid nanoceramic (Cerasmart; GC Corp), group T: fiber-composite material (Trilor; Bioloren Srl), group E: lithium disilicate glass-ceramic (IPS e.max CAD; Ivoclar Vivadent AG), and group V: zirconia-reinforced lithium silicate glass-ceramic (Vita …",materials,0.604
,,"Fracture resistance and failure modes of endocrowns manufactured with different CAD/CAM materials under axial and lateral loading
W El Ghoul, M Özcan, M Silwadi, Z Salameh - Journal of Esthetic and Restorative Dentistry, 2019
Cited by 99 Related articles All 9 versions",2019/7,31.0,https://www.zora.uzh.ch/id/eprint/183022/1/8.pdf,,,,378-387,"digital dentistry, materials, prosthodontics",Cited by 99,Ziad Salameh,,,Fracture resistance and failure modes of endocrowns manufactured with different CAD/CAM materials under axial and lateral loading,,Journal of Esthetic and Restorative Dentistry,,https://scholar.google.com/citations?view_op=view_citation&hl=en&user=WjA9Iv0AAAAJ&citation_for_view=WjA9Iv0AAAAJ:3fE2CSJIrl8C,4.0,"John Wiley & Sons, Inc.","Wiam El Ghoul, Mutlu Özcan, Munir Silwadi, Ziad Salameh","Objectives
The purpose of this in vitro study was to evaluate the fracture resistance and failure modes of endocrowns made of three computer‐aided design/computer‐aided manufacturing (CAD/CAM) materials subjected to thermo‐mechanical cycling loading.
Materials and Methods
Eighty mandibular molars were divided into four groups (n = 20): one (C E) was restored with lithium disilicate glass‐ceramic conventional crowns, three were restored with endocrowns made of three different CAD/CAM materials; (E E) lithium disilicate glass‐ceramic, (E V) zirconia‐reinforced lithium silicate glass‐ceramic, and (E C) resin nano‐ceramic. After cycling loading, half of the samples from each group were loaded axially and the other half was loaded laterally. Fracture resistance was recorded in Newton (N) and failure modes were classified. Two‐way ANOVA, Bonferroni post hoc (α = .05), Chi‐square, and multiple …",materials,0.605
,,"Effect of post-retained composite restoration of MOD preparations on the fracture resistance of endodontically treated teeth.
R Sorrentino, Z Salameh, F Zarone, FR Tay, M Ferrari - Journal of Adhesive Dentistry, 2007
Cited by 83 Related articles All 7 versions",2007/1/1,9.0,,,,,,"digital dentistry, materials, prosthodontics",Cited by 83,Ziad Salameh,,,Effect of post-retained composite restoration of MOD preparations on the fracture resistance of endodontically treated teeth.,,Journal of Adhesive Dentistry,,https://scholar.google.com/citations?view_op=view_citation&hl=en&user=WjA9Iv0AAAAJ&citation_for_view=WjA9Iv0AAAAJ:blknAaTinKkC,1.0,,"Roberto Sorrentino, Ziad Salameh, Fernando Zarone, Franklin R Tay, Marco Ferrari","Purpose: The present study aimed to compare the fracture resistance and failure patterns of endodontically treated premolars with MOD preparations restored using different material combinations. The null hypothesis postulated that there was no association between the fracture resistance of endodontically treated premolars and the resin composite materials or the post-and-core system used to build up the restorations. Materials and Methods: Eighty single-rooted maxillary premolars were used. After endodontic treatment and preparation of MOD preparations, 8 groups of 10 samples each were created, using the following material combinations: group 1 (control), flowable and microhybrid resin composites; group 2, flowable A; group 3, flowable B; group 4, microhybrid resin A; group 5, microhybrid resin B; group 6, flowable B+ microhybrid resin B; group 7, flowable A+ microhybrid resin A+ post A; group 8, flowable …",materials,0.605
,,"Histomorphometric and micro–computed tomography analysis of pulpal response to three different pulp capping materials
K Al-Hezaimi, Z Salameh, K Al-Fouzan, M Al Rejaie… - Journal of endodontics, 2011
Cited by 78 Related articles All 7 versions",2011/4/1,37.0,https://www.academia.edu/download/74800294/j.joen.2010.11.00120211117-20420-6h5r3l.pdf,,,,507-512,"digital dentistry, materials, prosthodontics",Cited by 78,Ziad Salameh,,,Histomorphometric and micro–computed tomography analysis of pulpal response to three different pulp capping materials,,Journal of endodontics,,https://scholar.google.com/citations?view_op=view_citation&hl=en&user=WjA9Iv0AAAAJ&citation_for_view=WjA9Iv0AAAAJ:M3NEmzRMIkIC,4.0,Elsevier,"Khalid Al-Hezaimi, Ziad Salameh, Khalid Al-Fouzan, Mansour Al Rejaie, Franklin R Tay","INTRODUCTION
This study evaluated the responses of baboon dental pulps after the application of 3 pulp capping materials.
METHODS
Thirty premolar teeth in four 3-year old baboons were randomly assigned to 1 of 3 pulp capping materials. A split-mouth design was used, and intra-animal side randomization was applied to the 3 experimental groups (calcium hydroxide, ProRoot white mineral trioxide aggregate, white Portland cement) and the control group (no pulp capping material). Animals were divided into 4 groups (n = 8 teeth/pulp capping material). The animals were killed after 4 months. Histomorphometric analysis and micro–computed tomography were performed on the retrieved specimens.
RESULTS
Pulps capped with ProRoot white mineral trioxide aggregate and white Portland cement exhibited thicker reparative hard tissue deposition over the exposed pulps when compared with those that were …",materials,0.604
,,"Effect of material thickness on the fracture resistance and failure pattern of 3D-printed composite crowns
K Corbani, L Hardan, H Skienhe, M Özcan, N Alharbi… - Int J Comput Dent, 2020
Cited by 70 Related articles All 6 versions",2020/1/1,23.0,https://www.academia.edu/download/64365813/MUTLU%20O%CC%88ZCAN-INT%20J%20COMP%20DENT-2020.pdf,,,,225-233,"digital dentistry, materials, prosthodontics",Cited by 70,Ziad Salameh,,,Effect of material thickness on the fracture resistance and failure pattern of 3D-printed composite crowns,,Int J Comput Dent,,https://scholar.google.com/citations?view_op=view_citation&hl=en&user=WjA9Iv0AAAAJ&citation_for_view=WjA9Iv0AAAAJ:WF5omc3nYNoC,3.0,,"Karim Corbani, Louis Hardan, Hasan Skienhe, Mutlu Özcan, Nawal Alharbi, Ziad Salameh","Aim: To evaluate the fracture resistance and failure pattern of 3D-printed and milled composite resin crowns as a function of different material thicknesses. Materials and methods: Three typodont tooth models were prepared to receive a full coverage composite resin crown with different thicknesses (0.5, 1.0, and 1.5 mm). The prepared master casts were digitally scanned using an intraoral scanner, and the STL files were used to fabricate 60 nanocomposite crowns divided into two groups according to the material thickness (n= 10) and fabrication method: a 3D-printed group (3D) using an SLA printer with nanocomposite, and a milled group (M) using a milling machine and composite blocks. All crowns were adhesively seated on stereolithography (SLA)-fabricated dies. All samples were subjected to thermomechanical loading and fracture testing. The load to fracture [N] was recorded and the failure pattern evaluated. Data were statistically analyzed using a two-way ANOVA followed by a Bonferroni post hoc test. The level of significance was set at α= 0.05.
Results: The 3D group showed the highest values for fracture resistance compared with the milled group within the three tested thicknesses (P< 0.001). The 3D and M groups presented significantly higher load to fracture for the 1.5-mm thickness (2383.5±188.58 N and 1284.7±77.62 N, respectively) compared with the 1.0-mm thickness (1945.9±65.32 N and 932.1±41.29 N, respectively) and the 0.5-mm thickness, which showed the lowest values in both groups (1345.0±101.15 N and 519.3±32.96 N, respectively). A higher incidence of irreparable fractures was observed for the 1.5-mm thickness …",materials,0.603
,,"Interaction of stem cells with nano hydroxyapatite-fucoidan bionanocomposites for bone tissue regeneration
AT Young, JH Kang, DJ Kang, J Venkatesan… - International journal of biological macromolecules, 2016
Cited by 69 Related articles All 5 versions",2016/12/1,93.0,,,,,1488-1491,"digital dentistry, materials, prosthodontics",Cited by 69,Ziad Salameh,,,Interaction of stem cells with nano hydroxyapatite-fucoidan bionanocomposites for bone tissue regeneration,,International journal of biological macromolecules,,https://scholar.google.com/citations?view_op=view_citation&hl=en&user=WjA9Iv0AAAAJ&citation_for_view=WjA9Iv0AAAAJ:RGFaLdJalmkC,,Elsevier,"Ahn Tae Young, Jeong Han Kang, Dong Jun Kang, Jayachandran Venkatesan, Hee Kyung Chang, Ira Bhatnagar, Kwan-Young Chang, Jae-Ho Hwang, Ziad Salameh, Se-Kwon Kim, Hui Taek Kim, Dong Gyu Kim","The combination of bioceramics with biopolymers are playing major role in the construction of artificial bone. Hydroxyapatite (HA) has been extensively studied as a material in bone repair and replacement in last two decades. In the present study, we have prepared the hydroxyapatite-fucoidan (HA-Fucoidan) nanocomposites by in situ chemical method and biologically characterized them for bone graft substitute. Biological results inferred that mineralization effect of HA-F nanocomposites shows significant enhancement compared to HA in adipose derived stem cell (ADSC). It may be due to the addition of fucoidan in the nanocomposites. The important gene expression such as osteocalcin, osteopontin, collagen and runx-2 were checked using ADSC with HA and HA-fucoidan nanocomposites and the results show that the enhancements were found at 7th day. Furthermore, we have performed in vivo study of HA …",materials,0.4
,,"Effect of fabrication technique and thermal cycling on the bond strength of CAD/CAM milled custom fit anatomical post and cores: an in vitro study
RY Eid, S Koken, NZ Baba, H Ounsi, M Ferrari… - Journal of Prosthodontics, 2019
Cited by 68 Related articles All 6 versions",2019/10,28.0,,,,,898-905,"digital dentistry, materials, prosthodontics",Cited by 68,Ziad Salameh,,,Effect of Fabrication Technique and Thermal Cycling on the Bond Strength of CAD/CAM Milled Custom Fit Anatomical Post and Cores: An In Vitro Study,,Journal of Prosthodontics,,https://scholar.google.com/citations?view_op=view_citation&hl=en&user=WjA9Iv0AAAAJ&citation_for_view=WjA9Iv0AAAAJ:dhFuZR0502QC,8.0,,"Rita Y Eid, Serhat Koken, Nadim Z Baba, Hani Ounsi, Marco Ferrari, Ziad Salameh","Purpose
This study is to investigate the effect of milling custom fit anatomical post and cores from fiber reinforced composite and high‐density polymer blocks using CAD/CAM technology on the bond strength to root canal dentin compared with prefabricated fiber posts, and to evaluate the influence of thermal cycling on the push out bond strength of the tested materials.
Materials and Methods
Eighty extracted single‐rooted premolars, endodontically treated and prepared to receive the posts, were randomly divided into four groups (n = 20): BLC: Custom‐milled fiber‐reinforced composite posts and cores (Trilor, Bioloren), AMC: Custom‐milled high‐density polymer posts and cores (Ambarino, Creamed), BLP: Prefabricated fiber‐reinforced composite posts and composite core buildups (Bioloren; Filtek Bulk Fill Posterior, 3M). The posts used have the same matrix and fiber composition as BLC, RXP: Prefabricated …",materials,0.604
,,"Quantitative and qualitative elemental analysis of different nickel–titanium rotary instruments by using scanning electron microscopy and energy dispersive spectroscopy
HF Ounsi, T Al-Shalan, Z Salameh, S Grandini… - Journal of Endodontics, 2008
Cited by 67 Related articles All 10 versions",2008/1/1,34.0,https://www.academia.edu/download/89271197/nitianalysis.pdf,,,,53-55,"digital dentistry, materials, prosthodontics",Cited by 67,Ziad Salameh,,,Quantitative and qualitative elemental analysis of different nickel–titanium rotary instruments by using scanning electron microscopy and energy dispersive spectroscopy,,Journal of Endodontics,,https://scholar.google.com/citations?view_op=view_citation&hl=en&user=WjA9Iv0AAAAJ&cstart=20&pagesize=80&citation_for_view=WjA9Iv0AAAAJ:qUcmZB5y_30C,1.0,Elsevier,"Hani F Ounsi, Thakib Al-Shalan, Ziad Salameh, Simone Grandini, Marco Ferrari","This study was designed to determine if the alloy composition shares an influence with the geometric design on the physical behavior of nickel-titanium rotary endodontic instruments. ProTaper, HERO, and K3 files were selected. After sterilized and cleaning with alcohol, surface analysis was performed using energy dispersive spectroscopy. Measurements were performed on the active part and on the shank. SEM images of fractured instruments were also obtained and assessed. All three types of instruments were composed mainly of Nickel (54.3%, SD ± 0.8) and Titanium (45.2%, SD ± 0.9). SEM images revealed similar aspect with the presence of Kirkendall voids regularly distributed in the alloy. The results indicate that the difference in properties and behavior of these three endodontic rotary shaping instruments is solely related to the respective geometric characteristics of the instrument design.",Unclassified,0.0
,,"A hybrid approach to direct pulp capping by using emdogain with a capping material
K Al-Hezaimi, BA Al-Tayar, YS BaJuaifer, Z Salameh… - Journal of endodontics, 2011
Cited by 63 Related articles All 6 versions",2011/5/1,37.0,,,,,667-672,"digital dentistry, materials, prosthodontics",Cited by 63,Ziad Salameh,,,A hybrid approach to direct pulp capping by using emdogain with a capping material,,Journal of endodontics,,https://scholar.google.com/citations?view_op=view_citation&hl=en&user=WjA9Iv0AAAAJ&cstart=20&pagesize=80&citation_for_view=WjA9Iv0AAAAJ:35N4QoGY0k4C,5.0,Elsevier,"Khalid Al-Hezaimi, Badr Abdullah Al-Tayar, Yaseer Salim BaJuaifer, Ziad Salameh, Khalid Al-Fouzan, Franklin R Tay","INTRODUCTION
This study evaluated the formation of reparative hard tissues in baboon pulps after Emdogain (EMD) application in conjunction with 3 pulp-capping materials.
METHODS
Thirty-two premolars in four 3-year-old baboons were randomly assigned to 1 of 3 pulp-capping materials. A split-mouth design and intra-animal side randomization were applied to 3 ex-perimental groups (calcium hydroxide, ProRoot White mineral trioxide aggregate, white Portland cement) and the control group (no pulp-capping material). In the hybrid EMD approach, a small drop of EMD was placed over the exposure site after arrest of hemorrhage. The designated pulp-capping material was placed over the EMD, followed by placement of resin-modified glass ionomer cement over the set/unset pulp-capping material. The animals were killed after 4 months. Histomorphometric analysis and micro–computed tomography were …",materials,0.604
,,"Evolution of nickel-titanium alloys in endodontics
HF Ounsi, W Nassif, S Grandini, Z Salameh… - Journal of Contemporary Dental Practice, 2017
Cited by 62 Related articles All 8 versions",2017,18.0,https://usiena-air.unisi.it/bitstream/11365/1087466/2/jcdp-2017-18-1090.pdf,,,,1090-1096,"digital dentistry, materials, prosthodontics",Cited by 62,Ziad Salameh,,,Evolution of nickel-titanium alloys in endodontics,,Journal of Contemporary Dental Practice,,https://scholar.google.com/citations?view_op=view_citation&hl=en&user=WjA9Iv0AAAAJ&cstart=20&pagesize=80&citation_for_view=WjA9Iv0AAAAJ:9ZlFYXVOiuMC,11.0,,"Hani F Ounsi, Wadih Nassif, Simone Grandini, Ziad Salameh, Prasanna Neelakantan, Sukumaran Anil","To improve clinical use of nickel-titanium (NiTi) endodontic rotary instruments by better understanding the alloys that compose them. A large number of engine-driven NiTi shaping instruments already exists on the market and newer generations are being introduced regularly. While emphasis is being put on design and technique, manufacturers are more discreet about alloy characteristics that dictate instrument behavior. Along with design and technique, alloy characteristics of endodontic instruments is one of the main variables affecting clinical performance. Modification in NiTi alloys is numerous and may yield improvements, but also drawbacks. Martensitic instruments seem to display better cyclic fatigue properties at the expense of surface hardness, prompting the need for surface treatments. On the contrary, such surface treatments may improve cutting efficiency but are detrimental to the gain in cyclic fatigue resistance. Although the design of the instrument is vital, it should in no way cloud the importance of the properties of the alloy and how they influence the clinical behavior of NiTi instruments. Clinical significance: Dentists are mostly clinicians rather than engineers. With the advances in instrumentation design and alloys, they have an obligation to deal more intimately with engineering consideration to not only take advantage of their possibilities but also acknowledge their limitations.",digital dentistry,0.2
,,"Comparison of two techniques for assessing the shaping efficacy of repeatedly used nickel-titanium rotary instruments
HF Ounsi, G Franciosi, R Paragliola, K Al Huzaimi… - Journal of Endodontics, 2011
Cited by 55 Related articles All 9 versions",2011/6/1,37.0,https://www.academia.edu/download/46347832/j.joen.2011.02.03020160608-12276-rgnx9l.pdf,,,,847-850,"digital dentistry, materials, prosthodontics",Cited by 55,Ziad Salameh,,,Comparison of two techniques for assessing the shaping efficacy of repeatedly used nickel-titanium rotary instruments,,Journal of Endodontics,,https://scholar.google.com/citations?view_op=view_citation&hl=en&user=WjA9Iv0AAAAJ&cstart=20&pagesize=80&citation_for_view=WjA9Iv0AAAAJ:d1gkVwhDpl0C,6.0,Elsevier,"Hani F Ounsi, Giovanni Franciosi, Raffaele Paragliola, Khalid Al Huzaimi, Ziad Salameh, Franklin R Tay, Marco Ferrari, Simone Grandini","INTRODUCTION
The shaping capacity of nickel-titanium (NiTi) rotary instruments is often assessed by photographic or micro–computed tomography (micro-CT) measurements, and these instruments are often used more than once clinically. This study was conducted to compare photographic and micro-CT measurements and to assess if the repeated use of NiTi instruments affected the shape of canal preparation.
METHODS
Ten new sets of ProTaper Universal instruments were used in 60 resin blocks simulating curved root canals. Groups 1 to 6 (n = 10) represented the first to sixth use of the instrument, respectively. Digitized images of the prepared blocks were taken in both mesiodistal (MD) and buccolingual (BL) directions and area measurements (mm2) were calculated using AutoCAD (Autodesk Inc, San Rafael, CA). The volumes of the same prepared canals were measured using micro-CT (mm3). Statistical …",digital dentistry,0.2
,,"Adhesion between prefabricated fiber-reinforced posts and different composite resin cores: a microtensile bond strength evaluation.
Z Salameh, F Papacchini, HF Ounsi, C Goracci… - Journal of Adhesive Dentistry, 2006
Cited by 54 Related articles All 9 versions",2006/3/1,8.0,https://www.researchgate.net/profile/Esam-Tashkandi/publication/7072445_Adhesion_between_prefabricated_fiber-reinforced_posts_and_different_composite_resin_cores_A_microtensile_bond_strength_evaluation/links/00b7d5241f02b85ff1000000/Adhesion-between-prefabricated-fiber-reinforced-posts-and-different-composite-resin-cores-A-microtensile-bond-strength-evaluation.pdf,,,,,"digital dentistry, materials, prosthodontics",Cited by 54,Ziad Salameh,,,Adhesion between prefabricated fiber-reinforced posts and different composite resin cores: a microtensile bond strength evaluation.,,Journal of Adhesive Dentistry,,https://scholar.google.com/citations?view_op=view_citation&hl=en&user=WjA9Iv0AAAAJ&cstart=20&pagesize=80&citation_for_view=WjA9Iv0AAAAJ:IjCSPb-OGe4C,2.0,,"Ziad Salameh, Federica Papacchini, Hani F Ounsi, Cecilia Goracci, Esam Tashkandi, Marco Ferrari","Purpose: The aim of this study was to evaluate the bond strengths between various resin composites used as core materials (Multicore Flow, Ivoclar-Vivadent; Tetric Flow, Ivoclar-Vivadent; Filtek Flow, 3M-ESPE; Tetric Ceram, Ivoclar-Vivadent; Filtek Z250, 3M-ESPE), and an FRC post (FRC Postec Plus, Ivoclar-Vivadent) by means of the microtensile nontrimming technique.
Materials and Methods: Five experimental groups were used. For the microtensile nontrimming technique, 45 to 50 beam-shaped specimens per group were obtained from cylinders of core material, which had been built up around the post by progressively adding small increments of composite resin. Each specimen was loaded in tension until failure at either one of the two post/core interfaces present in each stick. The differences in interfacial bond strength among the groups were tested for statistical significance with the one-way ANOVA test, followed by the Dunnett test for post-hoc comparisons.
Results: The measured bond strengths in MPa were 17.29±6.02 for FRC+ MultiCore Flow, 16.37±6.92 for FRC+ Tetric Flow, 13.14±5.35 for FRC+ Filtek Flow, 12.38±4.34 for FRC+ Tetric Ceram, and 10.75±5.43 for FRC+ Filtek Z250. The statistical analysis revealed that MultiCore Flow achieved significantly higher bond strengths than Filtek Flow (p= 0.03), Tetric Ceram (p< 0.001), and Filtek Z250 (p< 0.001). The bond strength of Tetric Flow was significantly higher than that of Filtek Z250 (p= 0.003).
Conclusion: For core buildup on a fiber post, dual-cure composites appear to be preferable to light-curing composites.",materials,0.603
,,"A 5-year comparison of marginal bone level following immediate loading of single-tooth implants placed in healed alveolar ridges and extraction sockets in the maxilla
AN Berberi, JM Sabbagh, MN Aboushelib, ZF Noujeim… - Frontiers in physiology, 2014
Cited by 53 Related articles All 13 versions",2014/1/31,5.0,https://www.frontiersin.org/articles/10.3389/fphys.2014.00029/full,,,,29,"digital dentistry, materials, prosthodontics",Cited by 53,Ziad Salameh,,,A 5-year comparison of marginal bone level following immediate loading of single-tooth implants placed in healed alveolar ridges and extraction sockets in the maxilla,,Frontiers in physiology,,https://scholar.google.com/citations?view_op=view_citation&hl=en&user=WjA9Iv0AAAAJ&cstart=20&pagesize=80&citation_for_view=WjA9Iv0AAAAJ:dfsIfKJdRG4C,,Frontiers Media SA,"Antoine N Berberi, Joseph M Sabbagh, Moustafa N Aboushelib, Ziad F Noujeim, Ziad A Salameh","Purpose: The aim of present investigation was to evaluate marginal bone level after 5-year follow-up of implants placed in healed ridges and fresh extraction sockets in maxilla with immediate loading protocol.
Materials and Methods: Thirty-six patients in need of a single-tooth replacement in the anterior maxilla received 42 Astra Tech implants (Astra Tech Implant system™, Dentsply Implants, Mölndal, Sweden). Implants were placed either in healed ridges (group I) or immediately into fresh extraction sockets (group II). Implants were restored and placed into functional loading immediately by using a prefabricated abutment. Marginal bone level relative to the implant reference point was recorded at implant placement, crown cementation, 12, 36, and 60 months following loading using intra-oral radiographs. Measurements were made on the mesial and distal sides of each implant.
Results: Overall, two implants were lost from the group II, before final crown cementation: they were excluded from the study. The mean change in marginal bone loss (MBL) after implant placement was 0.26 ± 0.161 mm for 1 year, and 0.26 ± 0.171 mm for 3 years, and 0.21 ± 0.185 mm for 5 years in extraction sockets and was 0.26 ± 0.176 mm for 1 year and 0.21 ± 0.175 mm for 3 years, and 0.19 ± 0.172 mm for 5 years in healed ridges group. Significant reduction of marginal bone was more pronounced in implants inserted in healed ridges (P < 0.041) compared to fresh surgical extraction sockets (P < 0.540). Significant MBL was observed on the mesial side of the implant after cementation of the provisional (P < 0.007) and after 12 months (P < 0.034) compared to the distal …",materials,0.603
,,"Marginal and internal fit of CAD/CAM fiber post and cores.
G Moustapha, E AlShwaimi, M Silwadi, H Ounsi… - International journal of computerized dentistry, 2019
Cited by 51 Related articles All 3 versions",2019/1/1,22.0,,,,,,"digital dentistry, materials, prosthodontics",Cited by 51,Ziad Salameh,,,Marginal and internal fit of CAD/CAM fiber post and cores.,,International journal of computerized dentistry,,https://scholar.google.com/citations?view_op=view_citation&hl=en&user=WjA9Iv0AAAAJ&cstart=20&pagesize=80&citation_for_view=WjA9Iv0AAAAJ:maZDTaKrznsC,1.0,,"Ghassan Moustapha, Emad AlShwaimi, Munir Silwadi, Hani Ounsi, Marco Ferrari, Ziad Salameh","Aim: To evaluate the marginal adaptation and internal fit of milled fiber post and cores using different scanning methods. Materials and methods: Thirty typodont tooth models (Nissin) with pulp cavity were endodontically treated and prepared to receive 30 fabricated fiber post and cores. Three different methods of scanning were used (n= 10): an intraoral scanner (IOS)(Trios 3; 3Shape) to directly digitalize the post space (Group T) and a laboratory scanner to indirectly digitalize the resin pattern (Group RP) and the silicone impression (Group S) of the post space. All the specimens were examined using an optical microscope for the measurement of the vertical marginal discrepancy (VMD), and five in each group were scanned using microcomputed tomography (μCT) for the assessment of the VMD, the internal fit at the corner (IFC), post apex (PA), and at four horizontal cross-sections (CS1-4) inside the canal. All data …",materials,0.604
,,"Adaptation of complete denture base fabricated by conventional, milling, and 3-D printing techniques: An in vitro study
G Masri, R Mortada, H Ounsi, N Alharbi, P Boulos… - J. Contemp. Dent. Pract, 2020
Cited by 49 Related articles All 7 versions",2020/4/1,21.0,https://thejcdp.com/doi/JCDP/pdf/10.5005/jp-journals-10024-2770,,,,367-371,"digital dentistry, materials, prosthodontics",Cited by 49,Ziad Salameh,,,"Adaptation of complete denture base fabricated by conventional, milling, and 3-D printing techniques: An in vitro study",,J. Contemp. Dent. Pract,,https://scholar.google.com/citations?view_op=view_citation&hl=en&user=WjA9Iv0AAAAJ&cstart=20&pagesize=80&citation_for_view=WjA9Iv0AAAAJ:hFOr9nPyWt4C,4.0,,"Ghassan el Masri, Rola Mortada, Hani Ounsi, Nawal Alharbi, Paul Boulos, Ziad Salameh","Aim: The aim of this study was to compare the adaptation of complete denture base (CDB) manufactured by three different techniques: conventional, milling, and three-dimensional (3-D) printing.
Materials and methods: A master cast was duplicated to create 60 gypsum casts. Twenty casts (n= 20) were attributed to each group. In the computer-aided design and computer-aided manufacturing (CAD/CAM) groups (milling and 3-D printing), the 40 gypsum casts reserved for these two groups were scanned. An STL file was obtained and a master CDB was designed and then fabricated according to each technique. In the conventional group, a polyvinyl siloxane putty mold was obtained from the milled CDB, and this mold was used to fabricate 20 conventional denture bases by compression molding using the silicon–gypsum technique in a bronze flask. The inner surfaces of the obtained 60 CDB were scanned and superimposed over their corresponding master cast. Deviation analyses were calculated using digital subtraction technique. Five functional areas (posterior palatal seal, anterior border seal, crest of the ridge, maxillary tuberosities, and palate) were selected to evaluate the variations in CBD adaptation.
Results: Based on the results and color maps of all selected regions, milling technique offers the best adaptation. The crest of ridge in the conventional technique showed the least adaptation and the posterior palatal seal in the 3-D printing technique showed the best adaptation. Conclusion: Within the limitations of this study, the CAD/CAM fabrication techniques seem to offer better adaptation of CDB compared to the conventional fabrication …",materials,0.603
,,"Fracture resistance and failure pattern of endodontically treated teeth restored with computer-aided design/computer-aided manufacturing post and cores: a pilot study
R Eid, J Juloski, H Ounsi, M Silwaidi, M Ferrari… - Journal of Contemporary Dental Practice, 2019
Cited by 49 Related articles All 9 versions",2019,20.0,https://smile.stomf.bg.ac.rs/bitstream/handle/123456789/2412/2407.pdf?sequence=1,,,,56-63,"digital dentistry, materials, prosthodontics",Cited by 49,Ziad Salameh,,,Fracture resistance and failure pattern of endodontically treated teeth restored with computer-aided design/computer-aided manufacturing post and cores: a pilot study,,Journal of Contemporary Dental Practice,,https://scholar.google.com/citations?view_op=view_citation&hl=en&user=WjA9Iv0AAAAJ&cstart=20&pagesize=80&citation_for_view=WjA9Iv0AAAAJ:4DMP91E08xMC,1.0,Jaypee Brothers Medical Publishers (P) Ltd,"Rita Eid, Jelena Juloski, Hani Ounsi, Munir Silwaidi, Marco Ferrari, Ziad Salameh","Aim
To evaluate the fracture resistance and failure pattern of custom made computer-aided design & computer-aided manufacturing (CAD/CAM) post and cores using a fiber reinforced composite material (FRC) and a high-density-polymer.
Materials and methods
Thirty extracted mandibular second premolars were selected, endodontically treated and prepared to receive the posts. The specimens were randomly divided into three groups (n = 10) according to each material: group 1 (RXP): fiber posts (Rely X, 3M-ESPE) with composite core build-up (Filtek Bulk Fill Posterior, 3M-ESPE) as a control group; group 2 (BLC): one-piece milled post and core from fiber reinforced composite blocks (Trilor, Bioloren); and group 3 (AMC): one-piece milled post and core from hybrid ceramic disks (Ambarino, Creamed). All the posts were cemented using a self-adhesive resin cement (Rely X U200, 3M ESPE). Fracture resistance was tested using a universal testing machine, failure patterns were then observed visually and radiographically then evaluated under SEM. Data was analyzed using One-way analysis of variance (ANOVA) followed by Tamhane post-hoc test in order to determine significant differences among groups (α = 0.05).
Results
The mean fracture resistance values were: 426.08 ± 128.26 N for group 1 (R X P), 367.06 ± 72.34N for group 2 (BLC), and 620.02 ± 5 4.29N f or g roup 3 ( AMC). S tatistical analysis revealed that group 3 (AMC) had the highest mean load to fracture in comparison to the other groups (p = 0.000). failures were cohesive in group 2 and 3 and mixed in group 1 with no catastrophic failures reported in all groups.
Conclusion
All …",materials,0.602
,,"Can caries-affected dentin be completely remineralized by guided tissue remineralization?
L Dai, Y Liu, Z Salameh, S Khan, J Mao, DH Pashley… - Dental hypotheses, 2010
Cited by 45 Related articles All 14 versions",2010/10/1,1.0,https://journals.lww.com/dhyp/_layouts/15/oaks.journals/downloadpdf.aspx?an=01567538-201001020-00005,,,,59-68,"digital dentistry, materials, prosthodontics",Cited by 45,Ziad Salameh,,,Can caries-affected dentin be completely remineralized by guided tissue remineralization?,,Dental hypotheses,,https://scholar.google.com/citations?view_op=view_citation&hl=en&user=WjA9Iv0AAAAJ&cstart=20&pagesize=80&citation_for_view=WjA9Iv0AAAAJ:bEWYMUwI8FkC,2.0,Medknow,"Lin Dai, Yan Liu, Ziad Salameh, Sara Khan, Jing Mao, David H Pashley, Franklin R Tay","Introduction: To date, there is no evidence that conventional remineralization techniques using calcium and phosphate ioncontaining media will completely remineralize carious lesions in regions where remnant apatite seed crystallites are absent. Conversely, guided tissue remineralization using biomimetic analogs of dentin matrix proteins is successful in remineralizing thin layers of completely demineralized dentin.
The hypothesis: Conventional remineralization strategy depends on epitaxial growth over existing apatite crystallites. If there are no or few crystallites, there will be no remineralization. Guided tissue remineralization uses biomimetic analogs of dentin matrix proteins to introduce sequestered amorphous calcium phosphate nanoprecursors into the internal water compartments of collagen fibrils. Attachment of templating analogs of matrix phosphoproteins to the collagen fibrils further guided the …",digital dentistry,0.2
,,"Allocation of color space for different age groups using three-dimensional shade guide systems
HJ Haddad, Z Salameh, W Sadig, M Aboushelib… - Eur J Esthet Dent, 2011
Cited by 44 Related articles All 6 versions",2011/1/1,6.0,https://www.researchgate.net/profile/Helene-Haddad/publication/50396073_Allocation_of_color_space_for_different_age_groups_using_three-dimensional_shade_guide_systems/links/0deec51c93b1f51a93000000/Allocation-of-color-space-for-different-age-groups-using-three-dimensional-shade-guide-systems.pdf?_sg%5B0%5D=started_experiment_milestone&origin=journalDetail&_rtd=e30%3D,,,,94-102,"digital dentistry, materials, prosthodontics",Cited by 44,Ziad Salameh,,,Allocation of color space for different age groups using three-dimensional shade guide systems,,Eur J Esthet Dent,,https://scholar.google.com/citations?view_op=view_citation&hl=en&user=WjA9Iv0AAAAJ&cstart=20&pagesize=80&citation_for_view=WjA9Iv0AAAAJ:L8Ckcad2t8MC,1.0,,"Helene J Haddad, Ziad Salameh, Walid Sadig, Moustafa Aboushelib, Holger A Jakstat","Purpose: To determine the color space and the coverage error of two manual shade guide systems in four age groups of a selected population. Material and methods: A total of 174 patients were divided into four age groups and the shade of their natural teeth was measured (2067 teeth) with a spectrophotometer (Vita Easyshade). Color parameters in terms of L*, a*, b* values, chroma, and hue were recorded for each tooth. Color difference (∆ E* min) between each natural tooth and the closest match using two manual shade guides systems were calculated (3D Master shade guide-standard and 3D Master shade guide-with intermediate values). A Wilcoxon test was used to assess statistical differences between mean∆ E* min value for each system (α= 0.05).
Results: The recoded∆ E of the two tested manual systems was 6.19 for 3D Master shade guide-standard and 6.02 for D Master shade guide-with intermediate values. A statistical significant difference (P<. 001) was found between the mean∆ E* min of the two systems. 47% of natural teeth presented a best match with intermediate value and chroma shade tabs. The mean∆ E* min was influenced by the age group of the patients (5.15, 5.23, 6.58 and 6.69 respectively).
Conclusion: Using intermediate value and chroma did not improve shade match, nor the coverage error of the tested population. Nevertheless, better coverage error was observed to younger age groups compared to older anterior teeth.",materials,0.4
,,"Fracture resistance, failure mode and stress concentration in a modified endocrown design
WE Ghoul, M Özcan, JPM Tribst, Z Salameh - Biomaterial investigations in dentistry, 2020
Cited by 43 Related articles All 14 versions",2020/1/1,7.0,https://www.tandfonline.com/doi/pdf/10.1080/26415275.2020.1801348,,,,110-119,"digital dentistry, materials, prosthodontics",Cited by 43,Ziad Salameh,,,"Fracture resistance, failure mode and stress concentration in a modified endocrown design",,Biomaterial investigations in dentistry,,https://scholar.google.com/citations?view_op=view_citation&hl=en&user=WjA9Iv0AAAAJ&cstart=20&pagesize=80&citation_for_view=WjA9Iv0AAAAJ:70eg2SAEIzsC,1.0,Taylor & Francis,"Wiam El Ghoul, Mutlu Özcan, Joao Paulo Mendes Tribst, Ziad Salameh","Purpose
The purpose of this study was to assess fracture resistance, failure mode and stress concentration of a modified endocrown preparation design, under axial and lateral forces.
Materials and Methods
Forty lower molars were divided into two groups (n = 20) and were restored with lithium disilicate glass-ceramic endocrowns following 2 preparation designs: Conventional, with circumferential butt margin 2 mm above the cemento–enamel junction; and Modified, by adding 2 grooves on the mesial side of the vestibular dentinal wall and on the distal side of the lingual dentinal wall. After cementation and thermomechanical cycling loading, half of the samples (n = 10) from each group were loaded axially and the other half (n = 10) was loaded laterally. Fracture resistance and failure modes were observed and the finite element analysis (FEA) was used to identify the stress concentration. Two-way ANOVA …",materials,0.604
,,"Immediate placement and loading of maxillary single-tooth implants: a 3-year prospective study of marginal bone level
AN Berberi, ZN Noujeim, WH Kanj, RJ Mearawi… - The journal of contemporary dental practice, 2014
Cited by 42 Related articles All 9 versions",2014/3/1,15.0,https://www.academia.edu/download/88505925/27a609bfd32e416a2930e7dc8aa7d6376df1.pdf,,,,202,"digital dentistry, materials, prosthodontics",Cited by 42,Ziad Salameh,,,Immediate placement and loading of maxillary single-tooth implants: a 3-year prospective study of marginal bone level,,The journal of contemporary dental practice,,https://scholar.google.com/citations?view_op=view_citation&hl=en&user=WjA9Iv0AAAAJ&cstart=20&pagesize=80&citation_for_view=WjA9Iv0AAAAJ:_kc_bZDykSQC,2.0,Jaypee Brothers Medical Publishers Ltd.,"Antoine N Berberi, Ziad N Noujeim, Wasfi H Kanj, Rita J Mearawi, Ziad A Salameh","Aim: The purpose of this study was to evaluate marginal bone level around single-tooth implants placed in anterior maxilla and immediately restored.
Materials and Methods: Twenty implants were placed in 20 patients (8 men and 12 women) that were selected for this study. Following atraumatic non-surgical extraction of tooth, all patients immediately received implants and the definitive prefabricated abutment was placed. Implant position was transferred to the scanning unit of the CAD/CAM system using prefabricated surgical guide. Temporary crowns were immediately fabricated and cemented.",materials,0.606
,,"Effect of different onlay systems on fracture resistance and failure pattern of endodontically treated mandibular molars restored with and without glass fiber posts.
Z Salameh, HF Ounsi, MN Aboushelib, R Al-Hamdan… - American journal of dentistry, 2010
Cited by 42 Related articles All 7 versions",2010/4/1,23.0,https://www.researchgate.net/profile/Moustafa-Aboushelib/publication/45099236_Effect_of_different_onlay_systems_on_fracture_resistance_and_failure_pattern_of_endodontically_treated_mandibular_molars_restored_with_and_without_glass_fiber_posts/links/0c960528e3bbcd299a000000/Effect-of-different-onlay-systems-on-fracture-resistance-and-failure-pattern-of-endodontically-treated-mandibular-molars-restored-with-and-without-glass-fiber-posts.pdf,,,,81,"digital dentistry, materials, prosthodontics",Cited by 42,Ziad Salameh,,,Effect of different onlay systems on fracture resistance and failure pattern of endodontically treated mandibular molars restored with and without glass fiber posts.,,American journal of dentistry,,https://scholar.google.com/citations?view_op=view_citation&hl=en&user=WjA9Iv0AAAAJ&cstart=20&pagesize=80&citation_for_view=WjA9Iv0AAAAJ:UeHWp8X0CEIC,2.0,,"Ziad Salameh, Hani F Ounsi, Moustafa N Aboushelib, Rana Al-Hamdan, Walid Sadig, Marco Ferrari","Purpose: To investigate the relationship between post and core build-up materials on the fracture resistance of endodontically treated teeth restored with different onlay restorations. Methods: 60 mandibular molars were endodontically treated and divided into three experimental groups that received one of the following onlay restorations: gold onlays, glass ceramic onlays (Empress I), or resin composite onlays (Gradia). Half of the specimens in each group received a fiber post (n= 10). Two controls groups (n= 10) were included: one group composed of sound mandibular molars, and the second group was composed of endodontically treated unrestored molars. Fracture tests were carried out by applying axial load using a universal loading machine until fracture. All fractured specimens were fractographically examined using a scanning electron microscope (SEM). Data were analyzed using two-way ANOVA and Tukey multiple comparison tests (= 0.05). Results: Statistical analysis showed that restoration of endodontically treated teeth with gold onlays improved fracture resistance when compared to glass ceramic or resin composite onlays. The presence of a fiber post significantly improved (P< 0.045) fracture resistance of gold onlays from 2271 to 2874N while it did not influence the performance of the other two groups. Fractographic analyses revealed that the presence of fiber post resulted in more restorable fractures due to better stress distribution of the applied load. All onlay systems resulted in significant improvement of the fracture resistance compared to unrestored teeth (711N) but neither of them resulted in restoring the fracture resistance …",materials,0.603
,,"Endodontic considerations in pediatric dentistry: a clinical perspective
HF Ounsi, D Debaybo, Z Salameh, A Chebaro… - Int Dent South Afr, 2009
Cited by 40 Related articles",2009,11.0,,,,,40-50,"digital dentistry, materials, prosthodontics",Cited by 40,Ziad Salameh,,,Endodontic considerations in pediatric dentistry: a clinical perspective,,Int Dent South Afr,,https://scholar.google.com/citations?view_op=view_citation&hl=en&user=WjA9Iv0AAAAJ&cstart=20&pagesize=80&citation_for_view=WjA9Iv0AAAAJ:ns9cj8rnVeAC,2.0,,"Hani F Ounsi, Dina Debaybo, Ziad Salameh, Anis Chebaro, Hassan Bassam",,digital dentistry,0.244
,,"Evaluation of the effect of different surface treatments, aging and enzymatic degradation on zirconia-resin micro-shear bond strength
J Saade, H Skienhe, HF Ounsi, JP Matinlinna… - Clinical, cosmetic and investigational dentistry, 2020
Cited by 38 Related articles All 14 versions",2020/1/6,,https://www.tandfonline.com/doi/pdf/10.2147/ccide.s219705,,,,1-8,"digital dentistry, materials, prosthodontics",Cited by 38,Ziad Salameh,,,"Evaluation of the effect of different surface treatments, aging and enzymatic degradation on zirconia-resin micro-shear bond strength",,"Clinical, cosmetic and investigational dentistry",,https://scholar.google.com/citations?view_op=view_citation&hl=en&user=WjA9Iv0AAAAJ&cstart=20&pagesize=80&citation_for_view=WjA9Iv0AAAAJ:ZeXyd9-uunAC,,Taylor & Francis,"Jihad Saade, Hasan Skienhe, Hani F Ounsi, Jukka P Matinlinna, Ziad Salameh","Purpose
The purpose of this study was to evaluate the effect of surface treatments on zirconia-resin bonding and the effect of aging on bond durability for one year.
Method
Three hundred and twenty zirconia blocks were divided into 4 equal study groups. Group 1 (control): as-sintered, group 2: (GB): grit-blasted, group 3: (LAS): laser-etched, group 4: (SIE): selective infiltration etching. Composite cylinders were bonded to the zirconia with resin cement and ceramic primer. Aging was performed following 3 different aging protocols: thermocycling, storage in distilled water, or storage in an enzymatic esterase solution. Micro-shear bond strength test (μSBS) was recorded using a universal testing machine. μSBS values were analyzed using two-way Analysis of Variance followed by Tukey post-hoc tests. Level of significance was set at 0.05.
Results
GB, LAS and SIE groups showed significantly higher values when …",Unclassified,0.0
,,"Fracture resistance of three-unit fixed dental prostheses fabricated with milled and 3D printed composite-based materials
K Corbani, L Hardan, R Eid, H Skienhe, N Alharbi… - J Contemp Dent Pract, 2021
Cited by 37 Related articles All 9 versions",2021/9/1,22.0,https://www.academia.edu/download/107851012/jp-journals-10024-3137.pdf,,,,985-990,"digital dentistry, materials, prosthodontics",Cited by 37,Ziad Salameh,,,Fracture resistance of three-unit fixed dental prostheses fabricated with milled and 3D printed composite-based materials,,J Contemp Dent Pract,,https://scholar.google.com/citations?view_op=view_citation&hl=en&user=WjA9Iv0AAAAJ&cstart=20&pagesize=80&citation_for_view=WjA9Iv0AAAAJ:zA6iFVUQeVQC,9.0,,"Karim Corbani, Louis Hardan, Rita Eid, Hasan Skienhe, Nawal Alharbi, Mutlu Ozcan, Ziad Salameh","Aim: To evaluate the fracture resistance of three-unit fixed dental prosthesis (FDP) made of composite, high-density polymers (HDP), fiberreinforced composite (FRC), and metal-ceramic (MC) using different fabrication methods. Materials and methods: A typodont model was prepared to receive a three-unit FDP replacing a missing second maxillary premolar. The prepared model was digitally scanned using an intraoral scanner (Trios3, 3Shape, Denmark). In total, 60 FDPs were fabricated and divided into four groups (n= 15) according to the materials and fabrication method: the subtractive method was used for the FRC (Trilor, Bioloren, Italy) and the HDP (Ambarino, Creamed, Germany) groups; the HDP group was monolithic, whereas the FRC group was layered with a nanocomposite (G-aenial Sculpt, GC). The additive method was used for the 3D printed (3DP) nanocomposite (Irix Max, DWS, Italy) and the Cr-Co (Starbond CoS powder 30) infrastructure of the MC groups. The FDPs were adhesively seated on stereolithography (SLA) fabricated dies. All samples were subjected to thermomechanical loading and fracture testing. The data for maximum load (N) to fracture was statistically analyzed with one-way analysis of variance (ANOVA) followed by Games-Howell post hoc test (α= 0.05). Results: The MC group reported the highest fracture resistance with a statistically significant difference (2390.87±166.28 N) compared to other groups. No significance was noted between 3DP and HDP groups (1360.20±148.15 N and 1312.27±64.40 N, respectively), while the FRC group displayed the lowest value (839.07±54.30 N). The higher frequency of …",materials,0.602
,,"Influence of adaptation and adhesion on the retention of computer-aided design/computer-aided manufacturing glass fiber posts to root canal
R Eid, K Azzam, H Skienhe, H Ounsi, M Ferrari… - J Contemp Dent Pract, 2019
Cited by 35 Related articles All 9 versions",2019/9/1,20.0,https://www.thejcdp.com/doi/JCDP/pdf/10.5005/jp-journals-10024-2654,,,,1003-8,"digital dentistry, materials, prosthodontics",Cited by 35,Ziad Salameh,,,Influence of adaptation and adhesion on the retention of computer-aided design/computer-aided manufacturing glass fiber posts to root canal,,J Contemp Dent Pract,,https://scholar.google.com/citations?view_op=view_citation&hl=en&user=WjA9Iv0AAAAJ&cstart=20&pagesize=80&citation_for_view=WjA9Iv0AAAAJ:iH-uZ7U-co4C,9.0,,"Rita Eid, Khaled Azzam, Hasan Skienhe, Hani Ounsi, Marco Ferrari, Ziad Salameh","Aim: The study aimed to assess the effect of friction and adhesion on the pushout bond strength of CAD/CAM fiber-reinforced composite (FRC) post and cores in comparison to prefabricated fiber posts.
Materials and methods: Thirty extracted single-rooted premolars were divided into three groups (N= 10): CP: CAD/CAM FRC posts (Trilor, Bioloren) cemented with self-adhesive resin cement (Rely X U200, 3M) as control group. CPL: CAD/CAM FRC composite posts cemented with the same self-adhesive resin cement after lubricating the root canal with petroleum jelly (Vaseline, Unilever) to prevent adhesion. RXP: prefabricated posts cemented with self-adhesive resin cement. Specimens were subjected to thermal cycling and then to pushout tests. The mode of failure was observed using a stereomicroscope. Results were analyzed by two-way ANOVA followed by a Tukey’s post hoc test for comparison, p= 0.05. Results: Push-out bond strength was significantly lower in the RXP group (8.54±3.35 MPa) in comparison to CP (12.10±1.38 MPa), while no significant differences were concluded between the other groups. Failure was mostly adhesive for CPL and RXP and adhesive and mixed for CP. Conclusion: Custom made CAD/CAM posts have a positive effect on the retention of FRC posts to root canal walls while adhesion between self-adhesive cement and root dentin did not influence significantly the pushout bond strength of CAD/CAM posts to root canal. Clinical significance: The friction of well-adapted CAD/CAM fiber post and cores plays a predominant role in the success of post restorations of endodontically treated teeth.",materials,0.603
,,"Evaluation of the effect of different types of abrasive surface treatment before and after zirconia sintering on its structural composition and bond strength with resin cement
H Skienhe, R Habchi, H Ounsi, M Ferrari, Z Salameh - BioMed research international, 2018
Cited by 35 Related articles All 11 versions",2018,2018.0,https://onlinelibrary.wiley.com/doi/pdf/10.1155/2018/1803425,,,,1803425,"digital dentistry, materials, prosthodontics",Cited by 35,Ziad Salameh,,,Evaluation of the effect of different types of abrasive surface treatment before and after zirconia sintering on its structural composition and bond strength with resin cement,,BioMed research international,,https://scholar.google.com/citations?view_op=view_citation&hl=en&user=WjA9Iv0AAAAJ&cstart=20&pagesize=80&citation_for_view=WjA9Iv0AAAAJ:YsMSGLbcyi4C,1.0,Hindawi,"Hasan Skienhe, Roland Habchi, Hani Ounsi, Marco Ferrari, Ziad Salameh","This study evaluated the effect of air abrasion before and after sintering with different particle type, shape, and size on the surface morphology, monoclinic phase transformation, and bond strength between resin cement and zirconia surface using primer containing silane and MDP. Airborne particle abrasion (APA) was performed on zirconia before and after sintering with different particle shape and size (50 μm Al2O3 and 25 μm silica powder). 120 square shaped presintered zirconia samples (Amann Girrbach) were prepared (3 mm height × 10 mm width × 10 mm length) and polished with grit papers #800, 1000, 1200, 1500, and 2000. Samples were divided into 6 groups according to surface treatment—group A: (control) no surface treatment; group B: APA 50 μm Al2O3 before sintering (BS); group C: APA 50 μm Al2O3 after sintering (AS); group D: APA25 μm silica powder (BS); group E: APA25 μm silica …",Unclassified,0.0
,,"Evaluation of three-dimensional volumetric changes after sinus floor augmentation with mineralized cortical bone allograft
A Berberi, L Bouserhal, N Nader, RB Assaf, NB Nassif… - Journal of maxillofacial and oral surgery, 2015
Cited by 35 Related articles All 8 versions",2015/9,14.0,https://pmc.ncbi.nlm.nih.gov/articles/PMC4511887/pdf/12663_2014_Article_736.pdf,,,,624-629,"digital dentistry, materials, prosthodontics",Cited by 35,Ziad Salameh,,,Evaluation of three-dimensional volumetric changes after sinus floor augmentation with mineralized cortical bone allograft,,Journal of maxillofacial and oral surgery,,https://scholar.google.com/citations?view_op=view_citation&hl=en&user=WjA9Iv0AAAAJ&cstart=20&pagesize=80&citation_for_view=WjA9Iv0AAAAJ:mB3voiENLucC,,Springer India,"Antoine Berberi, Lea Bouserhal, Nabih Nader, Rita Bou Assaf, Nayla Bassil Nassif, Joseph Bouserhal, Ziad Salameh","Aim
The aim of this retrospective study was to quantify three-dimensional (3D) volumetric bone changes over a two-year period in maxillary sinuses augmented with a mineralized cortical bone allograft material (MCBA) material.
Patients and Methods
Eleven patients (6 males and 5 females) with mean of age of 51.6 (range: 46–61) years were treated to increase the vertical dimension of the alveolar crest by maxillary sinus floor augmentation procedure. Study data were collected from patient records and by analyzing preoperative radiographs and cone beam computed tomography (CBCT) scans taken within the first two weeks after maxillary sinus lift (T0), immediately before implant placement four months after grafting (T1), and after one year of implant loading (T2). All DICOM-formatted images were rendered into volumetric images using software that …",materials,0.4
,,"General principles for achieving adequate bond to all-ceramic restorations
MN Aboushelib, M Ghoniem, H Mirmohammadi… - J Dent Oral Hyg, 2009
Cited by 34 Related articles All 4 versions",2009/9,1.0,https://www.academia.edu/download/67095682/General_principles_for_achieving_adequat20210505-31710-1i2alcg.pdf,,,,36-41,"digital dentistry, materials, prosthodontics",Cited by 34,Ziad Salameh,,,General principles for achieving adequate bond to all-ceramic restorations,,J Dent Oral Hyg,,https://scholar.google.com/citations?view_op=view_citation&hl=en&user=WjA9Iv0AAAAJ&cstart=20&pagesize=80&citation_for_view=WjA9Iv0AAAAJ:Tyk-4Ss8FVUC,3.0,,"Moustafa N Aboushelib, Mona Ghoniem, Hesam Mirmohammadi, Ziad Salameh","Achieving strong and reliable bond to all-ceramic restorations is a pre-requisite for long term clinical success. With the great diversity of the available materials, there is a need for establishing general concepts for bonding all-ceramic restorations. The aim of this study was to evaluate bond strength to two ceramic substrates using different resin cements in combination with different surface treatments. Zirconia and glass ceramic discs received either airborne particle abraded, etched with hydrofluoric acid and coated with silane coupling agent, or combination of particle abrasion and silane coupling agent. Specimens were bonded to composite resin discs and sectioned into micro-bars to evaluate ceramic resin micro-tensile bond strength (α= 0.05). Statistical analysis revealed that the type of ceramic substrate (polycrystalline-glass ceramic), type of resin cement (MDP or non MDP containing), type of surface treatment, and their interaction all had a significant influence on ceramic resin microtensile bond strength. Combination of adequate micro-mechanical retention (particle abrasion) and chemical bonding (MDP for zirconia and silane for glass ceramic) is a pre-requisite for achieving reliable ceramic resin bond strength. Proper selection of type of resin cement and type of surface treatment that match the ceramic substrate will result in significant improvement of ceramic resin bond strength.",materials,0.604
,,"Marginal and internal fit of pre-sintered Co-Cr and zirconia 3-unit fixed dental prostheses as measured using microcomputed tomography
EE Daou, H Ounsi, M Özcan, NAH Husain, Z Salameh - The Journal of prosthetic dentistry, 2018
Cited by 33 Related articles All 11 versions",2018/9/1,120.0,https://www.zora.uzh.ch/id/eprint/162692/3/JPD-16-831_rev5_figs_SR_edits.pdf,,,,409-414,"digital dentistry, materials, prosthodontics",Cited by 33,Ziad Salameh,,,Marginal and internal fit of pre-sintered Co-Cr and zirconia 3-unit fixed dental prostheses as measured using microcomputed tomography,,The Journal of prosthetic dentistry,,https://scholar.google.com/citations?view_op=view_citation&hl=en&user=WjA9Iv0AAAAJ&cstart=20&pagesize=80&citation_for_view=WjA9Iv0AAAAJ:k_IJM867U9cC,3.0,Mosby,"Elie E Daou, Hani Ounsi, Mutlu Özcan, Nadin Al-Haj Husain, Ziad Salameh","Statement of problem
Limited information is available on the precision of new metal processing technologies.
Purpose
The purpose of this in vitro study was to evaluate the marginal and internal fit of pre-sintered cobalt-chromium (Co-Cr) and zirconia 3-unit fixed dental prostheses using x-ray microcomputed tomography.
Material and methods
Three-unit fixed dental prostheses were prepared on metal dies (N=12) using a typodont model from the maxillary first premolar to the first molar. A standardized preparation with a 1.2-mm chamfer (360 degrees) and a 2-mm occlusal reduction was prepared on abutment teeth. The dies were scanned and divided into 2 groups to receive the fixed dental prostheses (n=6) made of pre-sintered Co-Cr and pre-sintered zirconia. Each framework was seated on its cast, and marginal and internal discrepancies were measured at 9 points, starting from the most distal point from the pontic …",materials,0.4
,,"Evaluation of third molar impaction distribution and patterns in a sample of Lebanese population
C Khouri, G Aoun, C Khouri, M Saade, Z Salameh… - Journal of Maxillofacial and Oral Surgery, 2022
Cited by 31 Related articles All 5 versions",2022/6/1,,https://pmc.ncbi.nlm.nih.gov/articles/PMC9192906/pdf/12663_2020_Article_1415.pdf,,,,1-9,"digital dentistry, materials, prosthodontics",Cited by 31,Ziad Salameh,,,Evaluation of third molar impaction distribution and patterns in a sample of Lebanese population,,Journal of Maxillofacial and Oral Surgery,,https://scholar.google.com/citations?view_op=view_citation&hl=en&user=WjA9Iv0AAAAJ&cstart=20&pagesize=80&citation_for_view=WjA9Iv0AAAAJ:2osOgNQ5qMEC,,Springer India,"Christian Khouri, Georges Aoun, Carlos Khouri, Maria Saade, Ziad Salameh, Antoine Berberi","Background
Classifications of impaction based on panoramic radiographs such as the ones of Pell and Gregory and Winter are essential to allow a better understanding of third molar position regarding depth and bone coverage of the impacted tooth and to evaluate the difficulties of the surgical procedures. The aim of the study was to classify upper and lower third molars teeth in a sample of a Lebanese population and compare the data to results from other studies.
Materials and Methods
Digital panoramic radiographs of 71 patients with a total of 181 wisdom teeth from patients that had been subjected for third molars extraction, from November 2016 to November 2018, were collected and analyzed. The mean age was 26.25 years. All third molars were categorized according to Pell and Gregory by using A, B, C scores for depth in upper and lower third molars, and angulations were classified according to Winter’s …",materials,0.604
,,"Influence of ceramic color and translucency on shade match of CAD/CAM porcelain veneers
Z Salameh - International Journal of Esthetic Dentistry, 2014
Cited by 31 Related articles All 9 versions",2014/3/1,9.0,https://www.researchgate.net/profile/Antoine-Berberi/publication/261803635_Influence_of_ceramic_color_and_translucency_on_shade_match_of_CADCAM_porcelain_veneers/links/545b9c170cf249070a7a77cd/Influence-of-ceramic-color-and-translucency-on-shade-match-of-CAD-CAM-porcelain-veneers.pdf?_sg%5B0%5D=started_experiment_milestone&origin=journalDetail&_rtd=e30%3D,,,,,"digital dentistry, materials, prosthodontics",Cited by 31,Ziad Salameh,,,Influence of ceramic color and translucency on shade match of CAD/CAM porcelain veneers,,International Journal of Esthetic Dentistry,,https://scholar.google.com/citations?view_op=view_citation&hl=en&user=WjA9Iv0AAAAJ&cstart=20&pagesize=80&citation_for_view=WjA9Iv0AAAAJ:O3NaXMp0MMsC,1.0,,Ziad Salameh,"Objective: To investigate the influence of translucency of CAD/CAM ceramic milling blocks on the final color of porcelain veneer cemented using resin cement with two different opacities.
Materials and methods: A standardized incisal lap preparation was made on a maxillary right central incisor that was duplicated using composite resin material (Z250, A4, 3M ESPE). The resin dies were individually laser scanned (Bluecam, Sirona) in order to build a 3D model of the porcelain veneer on the CAD software (Cerec 3D). Three types of milling blocks were used to fabricate the required restorations: multichromatic, high translucency, and low translucency milling blocks (IPS Empress CAD, A1 Vita shade tab). The milled veneers were polished, glazed, and bonded on the resin dies using high opacity and low opacity resin cements (Panavia F2. 0). A digital shade guide device (Easyshade Advance, Vita) was used to measure color parameters (CIE Lab values) at the incisal, middle, and cervical third of each cemented restoration.∆ E values of the cemented veneers were calculated against the target color (A1).
Results: Cementation of porcelain veneers resulted in significant color change of the resin die (A4) as∆ E values ranged between 8.9 and 13.7. However, the type of milling block did not have an observable effect on final color as the measured∆ E values, against original die color, were very close for the multichromatic block (∆ E= 10.7±0.1), high translucency (∆ E= 9.7±0.09), and low translucency blocks (∆ E= 13.4±0.11). The opacity of the used resin cement did not affect the final shade match, as the observed∆ E values using either high opacity and …",materials,0.603
,,"Influence of surgical and prosthetic techniques on marginal bone loss around titanium implants. Part I: immediate loading in fresh extraction sockets
AN Berberi, GE Tehini, ZF Noujeim, AA Khairallah… - Journal of Prosthodontics on Dental Implants, 2015
Cited by 29 Related articles All 8 versions",2015/9/4,,https://www.academia.edu/download/49881397/Influence_of_Surgical_and_Prosthetic_Tec20161026-13085-1fz7wx8.pdf,,,,27-34,"digital dentistry, materials, prosthodontics",Cited by 29,Ziad Salameh,,,Influence of surgical and prosthetic techniques on marginal bone loss around titanium implants. Part I: immediate loading in fresh extraction sockets,,Journal of Prosthodontics on Dental Implants,,https://scholar.google.com/citations?view_op=view_citation&hl=en&user=WjA9Iv0AAAAJ&cstart=20&pagesize=80&citation_for_view=WjA9Iv0AAAAJ:Y0pCki6q_DkC,,"John Wiley & Sons, Inc.","Antoine N Berberi, Georges E Tehini, Ziad F Noujeim, Alexandre A Khairallah, Moustafa N Abousehlib, Ziad A Salameh","Purpose: Delayed placement of implant abutments has been associated with peri‐implant marginal bone loss; however, long‐term results obtained by modifying surgical and prosthetic techniques after implant placement are still lacking. This study aimed to evaluate the marginal bone loss around titanium implants placed in fresh extraction sockets using two loading protocols after a 5‐year follow‐up period.
Material and Methods: A total of 36 patients received 40 titanium implants (Astra Tech) intended for single‐tooth replacement. Implants were immediately placed into fresh extraction sockets using either a one‐stage (immediate loading by placing an interim prosthesis into functional occlusion) or a two‐stage prosthetic loading protocol (insertion of abutments after 8 weeks of healing time). Marginal bone levels relative to the implant reference point were evaluated at four time intervals using intraoral radiographs …",materials,0.4
,,"Effect of post diameter and cement thickness on bond strength of fiber posts.
H Mirmohammadi, E Gerges, Z Salameh… - Quintessence International, 2013
Cited by 29 Related articles All 7 versions",2013/11/1,44.0,,,,,,"digital dentistry, materials, prosthodontics",Cited by 29,Ziad Salameh,,,Effect of post diameter and cement thickness on bond strength of fiber posts.,,Quintessence International,,https://scholar.google.com/citations?view_op=view_citation&hl=en&user=WjA9Iv0AAAAJ&cstart=20&pagesize=80&citation_for_view=WjA9Iv0AAAAJ:NaGl4SEjCO4C,10.0,,"Hesam Mirmohammadi, Elie Gerges, Ziad Salameh, Paul Rudolf Wesselink","Objective: This study evaluated the effects of different post diameter and oversized post spaces on the push-out bond strength of a fiber post to dentin. Method and Materials: Fifty extracted human maxillary central incisors and canines were divided into five groups and submitted to the push-out test (0.5 mm min-1). Groups 1, 2, and 3 were restored using a fiber post size that was identical to the drill size (sizes 1, 2, and 3, respectively), and groups 4 and 5 were both prepared with drill size 3, and restored using the size 2 and 1 fiber post, respectively. The fiber posts were cemented using self-adhesive dual-polymerized resin cement (RelyX Unicem). The data were analyzed using a one-way analysis of variance (ANOVA) and the Tukey test. Results: There were no significant differences in the mean values for push-out bond strength between groups with different post diameters (P >. 05). However, the push-out bond …",materials,0.604
,,"Effect of different combinations of surface treatment on adhesion of resin composite to zirconia
J Saade, H Skienhe, H Ounsi, JP Matinlinna… - Clinical, Cosmetic and Investigational Dentistry, 2019
Cited by 28 Related articles All 12 versions",2019/5/28,,https://www.tandfonline.com/doi/pdf/10.2147/ccide.s204986,,,,119-129,"digital dentistry, materials, prosthodontics",Cited by 28,Ziad Salameh,,,Effect of different combinations of surface treatment on adhesion of resin composite to zirconia,,"Clinical, Cosmetic and Investigational Dentistry",,https://scholar.google.com/citations?view_op=view_citation&hl=en&user=WjA9Iv0AAAAJ&cstart=20&pagesize=80&citation_for_view=WjA9Iv0AAAAJ:LkGwnXOMwfcC,,Taylor & Francis,"Jihad Saade, Hasan Skienhe, Hani Ounsi, Jukka P Matinlinna, Ziad Salameh","Purpose: The purpose of this laboratory study was to evaluate the effect of different surface treatment combinations on resin zirconia bonding.
Materials and methods: One hundred and five pre-sintered zirconia quadrangles were prepared out of zirconia blocks, polished, then sintered and divided into five groups (n=21). Group I (control): samples were untreated, group II: grit-blasting with 50 µm alumina particles, group III: grit-blasting with 100 µm alumina particles, group IV: Er,Cr:YSGG laser, and group V: selective infiltration etching technique. Microstructural analysis was performed using scanning electron microscopy, atomic force microscopy, a diffractometer, and a profilometer. Cylinders of composite resin were luted with Panavia resin composite cementand Clearfil ceramic primer. Shear bond strength (SBS) was determined using a universal testing machine.
Results: SBS results were analyzed using one-way …",materials,0.604
,,"Oral health status of institutionalized individuals with intellectual disabilities in Lebanon
HA Diab, Z Salameh, GN Hamadeh, G Younes… - Journal of oral & maxillofacial research, 2017
Cited by 28 Related articles All 12 versions",2017/3/31,8.0,https://pmc.ncbi.nlm.nih.gov/articles/PMC5423309/,,,,e4,"digital dentistry, materials, prosthodontics",Cited by 28,Ziad Salameh,,,Oral health status of institutionalized individuals with intellectual disabilities in Lebanon,,Journal of oral & maxillofacial research,,https://scholar.google.com/citations?view_op=view_citation&hl=en&user=WjA9Iv0AAAAJ&cstart=20&pagesize=80&citation_for_view=WjA9Iv0AAAAJ:MXK_kJrjxJIC,1.0,,"Hicham A Diab, Ziad Salameh, Ghassan N Hamadeh, Genane Younes, Fouad Ayoub","Objectives To assess the dental status of institutionalized intellectually disabled individuals in Lebanon and the role of background and behavioural determinants. Material and Methods Oral health was recorded for 652 individuals (6, 12, 15 and 35 - 44 years old) using the decayed, missing and filled teeth/decayed and filled teeth (DMFT/dft) index. Data collected was statistically analysed with statistical significance set at P = 0.05. Results Overall, mean DMFT index score was 5.86 (SD 6); composed of 3.64 (SD 4.05) decayed (D) teeth; 1.71 (SD 4.38) missing (M) teeth; 0.87 (SD 2.51) filled (F) teeth. DMFT was highest in adults (12.71 [SD 7.43]) and had a large component of missing (6.24 [SD 7.02]) and filled (3.31 [SD 4.56]) teeth. DMFT scores ranged between 3.5 (SD 4.44) at 6 years and 4.8 (SD 4.52) at 15 years and the decayed component was the main contributor. In multivariate analyses, governorate of …",materials,0.4
,,"Microshear bond strength evaluation of surface pretreated zirconia ceramics bonded to dentin
S Anand, AVR Ebenezar, N Anand, K Rajkumar… - European journal of dentistry, 2015
Cited by 27 Related articles All 13 versions",2015/4,9.0,https://www.thieme-connect.com/products/ejournals/pdf/10.4103/1305-7456.156832.pdf,,,,224-227,"digital dentistry, materials, prosthodontics",Cited by 27,Ziad Salameh,,,Microshear bond strength evaluation of surface pretreated zirconia ceramics bonded to dentin,,European journal of dentistry,,https://scholar.google.com/citations?view_op=view_citation&hl=en&user=WjA9Iv0AAAAJ&cstart=20&pagesize=80&citation_for_view=WjA9Iv0AAAAJ:dshw04ExmUIC,2.0,Thieme Medical and Scientific Publishers Private Ltd.,"Shenbagakuttalam Anand, Ambrose Vedamanickam Rajesh Ebenezar, Nirupa Anand, Kothandaraman Rajkumar, Sekar Mahalaxmi, Narasimhan Srinivasan","Objectives
To comparatively assess the micro shear bond strength (MSBS) of dentin bonded surface pre-treated zirconia ceramics.
Materials and Methods
Zirconia blocks were sectioned into 50 cubical blocks. The blocks were further categorized into five groups (n = 10 each). Group I: No treatment was performed on zirconia samples; Group II: The zirconia samples were sand-blasted; Group III: Group II + etched with 9.8% of hydrofluoric (HF) acid for 60 s; Group IV: The sandblasted zirconia samples were selectively infiltrated with low fusing porcelain; and Group V: Group IV + etched using 9.8% HF acid gel. The zirconia specimens were then bonded to dentin samples, and the samples were tested for MSBS evaluation using universal testing machine.
Results
The MSBS of all the four experimental groups shows greater value than group I. Among the experimental groups, group V and group IV do not show any …",materials,0.605
,,"Arthroscopy versus arthrocentesis. A retrospective study of disc displacement management without reduction.
JB Hobeich, ZA Salameh, E Ismail, WM Sadig… - Saudi medical journal, 2007
Cited by 26 Related articles All 4 versions",2007/10/1,28.0,,,,,1541-1544,"digital dentistry, materials, prosthodontics",Cited by 26,Ziad Salameh,,,Arthroscopy versus arthrocentesis. A retrospective study of disc displacement management without reduction.,,Saudi medical journal,,https://scholar.google.com/citations?view_op=view_citation&hl=en&user=WjA9Iv0AAAAJ&cstart=20&pagesize=80&citation_for_view=WjA9Iv0AAAAJ:qjMakFHDy7sC,10.0,,"Joseph B Hobeich, Ziad A Salameh, Eman Ismail, Walid M Sadig, Nabil E Hokayem, Khalid Almas","Objective
To compare the outcome of arthroscopic surgery and arthrocentesis of internal derangement (disc displacement without reduction) of the temporomandibular joint (TMJ).
Methods
The charts of 48 patients with TMJ derangement and treated with arthroscopy or arthrocentesis were included in this study carried out in a specialized private clinic in Beirut, Lebanon, between January 2001 and July 2005. Inclusion criteria included patients with a history of clicking followed by a sudden onset of limited mouth opening without clicking, a complaint of TMJ pain with mouth opening or chewing difficulty, or both, or a positive magnetic resonance imaging diagnosis of TMJ disc displacement without reduction. Patients with limited mouth opening caused by only muscle spasm, prior TMJ surgery, bilateral joint involvement, or serious systemic diseases were excluded from the study. Twenty-eight patients underwent arthroscopy (group one) and 20 patients were treated with arthrocentesis (group 2).
Results
Both methods showed a significant reduction in pain and an increase in maximal mouth opening on follow up (p< 0.01). There was no statistical difference between the methods.
Conclusion
Further research should be conducted before one can definitely determine if real benefits are achieved through surgery in TMJ articular disorders. Within the limits of this study, less invasive procedures are highly recommended.",Unclassified,0.0
,,"Physiochemical properties of a bioceramic-based root canal sealer reinforced with multi-walled carbon nanotubes, titanium carbide and boron nitride biomaterials
I Baghdadi, A Zaazou, BJA Tarboush, M Zakhour… - Journal of the mechanical behavior of biomedical …, 2020
Cited by 25 Related articles All 11 versions",2020/10/1,110.0,https://scholarworks.aub.edu.lb/bitstream/handle/10938/26584/2020-6567.pdf?sequence=1,,,,103892,"digital dentistry, materials, prosthodontics",Cited by 25,Ziad Salameh,,,"Physiochemical properties of a bioceramic-based root canal sealer reinforced with multi-walled carbon nanotubes, titanium carbide and boron nitride biomaterials",,Journal of the mechanical behavior of biomedical materials,,https://scholar.google.com/citations?view_op=view_citation&hl=en&user=WjA9Iv0AAAAJ&cstart=20&pagesize=80&citation_for_view=WjA9Iv0AAAAJ:mVmsd5A6BfQC,,Elsevier,"Inaam Baghdadi, Ashraf Zaazou, BelalJ Abu Tarboush, Mirvat Zakhour, Mutlu Özcan, Ziad Salameh","Aim
Bioceramic-containing root canal sealers are the most recently introduced sealers in endodontics. The present work reported experiments on a bioceramic-based root canal sealer with the objective of improving its physiochemical properties via reinforcement with each one of the three different nanomaterials: multi-walled carbon nanotubes (MWCNTS), titanium carbide (TC) or boron nitride (BN) in two weight percentages (1 wt% and 2 wt%).
Methodology
Each nanomaterial was added to a definite weight of BioRoot root canal sealer (BioRoot™ RCS, Septodont, Saint-Maur-des-Fossés, France). Three composite groups of each weight percentage were prepared for evaluation: BioRoot/MWCNTS, BioRoot/TC and BioRoot/BN. The initial and final setting times, solubility, elution and pH values of the freshly-mixed and set samples were evaluated and compared to pristine BioRoot™ RCS. Setting times were …",materials,0.4
,,"Effect of material types on the fracture resistance of maxillary central incisors restored with CAD/CAM post and cores
R Eid, JPM Tribst, J Juloski, M Özcan, Z Salameh - Int J Comput Dent, 2021
Cited by 22 Related articles All 8 versions",2021/2/26,24.0,https://www.academia.edu/download/67588890/MUTLU_OZCAN_INT_J_COMP_DENT_2021.pdf,,,,41-51,"digital dentistry, materials, prosthodontics",Cited by 22,Ziad Salameh,,,Effect of material types on the fracture resistance of maxillary central incisors restored with CAD/CAM post and cores,,Int J Comput Dent,,https://scholar.google.com/citations?view_op=view_citation&hl=en&user=WjA9Iv0AAAAJ&cstart=20&pagesize=80&citation_for_view=WjA9Iv0AAAAJ:pqnbT2bcN3wC,1.0,,"Rita Eid, João Paulo Mendes Tribst, Jelena Juloski, Mutlu Özcan, Ziad Salameh","Aim: To evaluate the fracture resistance and failure pattern of endodontically treated teeth with post and cores made of different CAD/CAM materials in comparison with cast post and cores.
Materials and methods: A total of 40 maxillary central incisors were divided into four groups. Post and cores were fabricated using the following materials: fiber-reinforced composite, high-density polymer, polymer-infiltrated ceramic network, and nonprecious metal alloy as a control group. Specimens were covered with lithium disilicate crowns and subjected to thermomechanical cyclic loading followed by fracture resistance testing until failure. One-way ANOVA followed by Bonferroni multiple comparison tests were used to determine significant differences between the four groups. The significance level was set at 0.05. 3D finite element analysis was then performed, and results were analyzed based on the von Mises stress distribution criteria and the maximum principal stress for the possible failure areas. Results: No statistically significant differences were found in the fracture resistance between the four groups. In terms of unrestorable failures, no significant differences were found among the tested groups.
Conclusion: The tested post and cores have comparable fracture resistance to that of metallic cast post and cores in the anterior region.
Clinical significance: Post and cores made of CAD/CAM materials offer an acceptable alternative for the restoration of anterior teeth.",materials,0.603
,,"Evaluation of the adaptation and fracture resistance of three CAD-CAM resin ceramics: an in vitro study
N Naffah, H Ounsi, M Ozcan, H Bassal, Z Salameh - Journal of Contemporary Dental Practice, 2019
Cited by 22 Related articles All 10 versions",2019/5/1,20.0,https://www.zora.uzh.ch/id/eprint/183042/8/ZORA183042.pdf,,,,571-576,"digital dentistry, materials, prosthodontics",Cited by 22,Ziad Salameh,,,Evaluation of the adaptation and fracture resistance of three CAD-CAM resin ceramics: an in vitro study,,Journal of Contemporary Dental Practice,,https://scholar.google.com/citations?view_op=view_citation&hl=en&user=WjA9Iv0AAAAJ&cstart=20&pagesize=80&citation_for_view=WjA9Iv0AAAAJ:M3ejUd6NZC8C,5.0,Seer Publishing LLC,"Nicolas Naffah, Hani Ounsi, Mutlu Ozcan, Hsein Bassal, Ziad Salameh","AIM
The internal fit and resistance to fracture of resin ceramics are to be evaluated compared to that of lithium disilicate as the control group.
MATERIALS AND METHODS
Four groups of 20 crowns each (GC Cerasmart, Vita Enamic, Coltène Brilliant Crios, and e.max CAD) were cemented on identical metal dies. Marginal gaps were measured before cementation and load to fracture was applied after cementation, half of each group was thermodynamically aged (3,000 cycles of 5° to 55° immersion followed by 200,000 cycles of 100 N load), finally the crowns were loaded until fracture in a universal testing machine. Statistical package for social sciences (SPSS) package 23 was used for statistical work.
RESULTS
Marginal gaps ranged between 68.5 ± 23.8 µm and 87 ± 29.1 µm while occlusal gaps ranged from 220.7 ± 33.3 µm to 275.5 ± 46.5 µm and were not significantly different between groups. Fracture loads ranged from 633.8 ± 127.3 N to 1596.4 ± 497.7 N with lithium disilicate glass ceramics (LDGCs) and Enamic having higher values than resin nano-ceramics (RNCs). The fracture resistance was more related to material than aging and gap value.
CONCLUSION
The margin adaptation of resin ceramics was comparable to lithium disilicate with no significant difference. Lithium disilicate showed a higher resistance than resin ceramics and there was a higher resistance to fracture for polymer-infiltrated ceramic-network (PICN) than RNCs.
CLINICAL SIGNIFICANCE
Resin ceramics can have marginal adaptation and fracture resistance within clinical acceptance; therefore, they can be a good chair-side solution achieved in a single appointment …",materials,0.603
,,"Comparison of morbidity and complications of harvesting bone from the iliac crest and calvarium: a retrospective study
F Riachi, N Naaman, C Tabarani, A Berberi, Z Salameh - Journal of International Oral Health: JIOH, 2014
Cited by 22 Related articles All 13 versions",2014/6/26,6.0,https://pmc.ncbi.nlm.nih.gov/articles/PMC4109241/,,,,32,"digital dentistry, materials, prosthodontics",Cited by 22,Ziad Salameh,,,Comparison of morbidity and complications of harvesting bone from the iliac crest and calvarium: a retrospective study,,Journal of International Oral Health: JIOH,,https://scholar.google.com/citations?view_op=view_citation&hl=en&user=WjA9Iv0AAAAJ&cstart=20&pagesize=80&citation_for_view=WjA9Iv0AAAAJ:Se3iqnhoufwC,3.0,,"Fawzi Riachi, Nada Naaman, Carine Tabarani, Antoine Berberi, Ziad Salameh","Background
The aim of this retrospective clinical study was to compare the complications after the harvest of bone from the iliac crest and the calvarium.
Materials and Methods
One hundred and eighty patients were selected for this study (125 iliac crest and 55 calvarium donor sites). Data were collected from the medical records and classified as major or minor complications for each procedure.
Results
The highest percentage of total complications (66.4%) was recorded when the iliac crest was harvested. The highest percentage of major complications was associated with the harvest of calvarium site (14.5%), while highest percentage of minor complications was associated with the harvest of the iliac site (60.8%).
Conclusion
Harvesting of the iliac crest was associated with the highest percentage of complications. Major complications were more observed with harvesting of the calvarium. How to cite the article …",materials,0.606
,,"Bond strength of composite core build-up materials to fiber-reinforced posts: a microtensile comparison between conventional and wet-ethanol bonding systems.
HF Ounsi, Z Salameh, CA Carvalho, A Cantoro… - Journal of Adhesive Dentistry, 2009
Cited by 22 Related articles All 5 versions",2009/9/1,11.0,,,,,,"digital dentistry, materials, prosthodontics",Cited by 22,Ziad Salameh,,,Bond strength of composite core build-up materials to fiber-reinforced posts: a microtensile comparison between conventional and wet-ethanol bonding systems.,,Journal of Adhesive Dentistry,,https://scholar.google.com/citations?view_op=view_citation&hl=en&user=WjA9Iv0AAAAJ&cstart=20&pagesize=80&citation_for_view=WjA9Iv0AAAAJ:W7OEmFMy1HYC,5.0,,"Hani F Ounsi, Ziad Salameh, Carlos Augusto Carvalho, Amerigo Cantoro, Simone Grandini, Marco Ferrari","Purpose: To evaluate the interfacial microtensile bond strength between a fiber-reinforced post (Rely× Post) and a core material (Multicore Flow) after placing different bonding agents. Materials and Methods: After post surface treatment, 50 posts were divided into 5 groups. Group 1: Adper Prompt-L-Pop; group 2: SingleBond2; group 3: ScotchBond Multipurpose Plus; group 4: experimental bonding system (wet ethanol bonding technique); group 5: control group. After core reconstruction, the samples were tested with the microtensile test. Fracture type examination and SEM observation followed. Data were statistically analyzed with Kruskall-Wallis non-parametric ANOVA. Results: Microtensile testing revealed significant differences (p < 0.001). There were no differences between groups 1 to 4, but there was a statistically significant difference between groups 1 to 4 and the control. Fracture type observations revealed …",materials,0.604
,,"Three-dimensional finite element analysis of stress and strain distributions in post-and-core treated maxillary central incisors
R Sorrentino, Z Salameh, D Apicella, T Auriemma… - Journal of Adhesive Dentistry, 2007
Cited by 22 Related articles All 7 versions",2007/12/1,9.0,https://www.researchgate.net/profile/Antonio-Apicella/publication/5585834_Three-dimensional_finite_element_analysis_of_stress_and_strain_distributions_in_post-and-core_treated_maxillary_central_incisors/links/54a592b20cf267bdb9082746/Three-dimensional-finite-element-analysis-of-stress-and-strain-distributions-in-post-and-core-treated-maxillary-central-incisors.pdf,,,,527,"digital dentistry, materials, prosthodontics",Cited by 22,Ziad Salameh,,,Three-dimensional finite element analysis of stress and strain distributions in post-and-core treated maxillary central incisors,,Journal of Adhesive Dentistry,,https://scholar.google.com/citations?view_op=view_citation&hl=en&user=WjA9Iv0AAAAJ&cstart=20&pagesize=80&citation_for_view=WjA9Iv0AAAAJ:u-x6o8ySG0sC,6.0,HW Haase,"Roberto Sorrentino, Ziad Salameh, Davide Apicella, Tommaso Auriemma, Fernando Zarone, Antonio Apicella, Marco Ferrari","Purpose: To estimate which combination of restorative materials resulted in the most homogeneous stress and strain distributions in post-and-core treated teeth.
Materials and Methods: Eight experimental finite element models with different material configurations were simulated; both indirect and direct restorations were considered. An arbitrary load of 50 N was applied on the palatal surface of the crown at a 60-degree angle to the tooth’s longitudinal axis to simulate tearing function.
Results: In all the models, the values of both strain and stress recorded in the middle third of the buccal aspect of the root surface were off the scale. In contrast, the minimum values were noticed at the level of both the apical portion of the post and the root apex.
Conclusion: The mechanical properties of the crown and core materials influenced both the position of concentration areas and the level of stress and strain along the dentin/cement/post interfaces.",materials,0.604
,,"Partial-retainer design considerations for zirconia restorations.
MN Aboushelib, AJ Feilzer, CJ Kleverlaan, Z Salameh - Quintessence International, 2010
Cited by 21 Related articles All 8 versions",2010/1/1,41.0,,,,,,"digital dentistry, materials, prosthodontics",Cited by 21,Ziad Salameh,,,Partial-retainer design considerations for zirconia restorations.,,Quintessence International,,https://scholar.google.com/citations?view_op=view_citation&hl=en&user=WjA9Iv0AAAAJ&cstart=20&pagesize=80&citation_for_view=WjA9Iv0AAAAJ:GnPB-g6toBAC,1.0,,"Moustafa Nabil Aboushelib, Albert J Feilzer, Corneliss J Kleverlaan, Ziad Salameh","Objective: Bond strength limitations of adhesive zirconia restorations have stood as a barrier against their widespread use. Selective infiltration etching is a new surface treatment that enhances bonding to zirconia-based materials. Beside bond strength, the performance of adhesive zirconia restorations could be affected by other variables. The aim of this study was to evaluate the influence of partial-retainer design on the failure load of selective infiltration-etched zirconia restorations. Method and Materials: Cantilever selective infiltration-etched zirconia restorations consisting of a pontic, a connector, and a single partial retainer were bonded to resin teeth (Filtek Z250, 3M ESPE). Four designs were tested: lingual, mesiolingual, buccal, and inlay retainers. A full-crown retainer was used as a control. The inner surface of each retainer received selective infiltration-etching surface treatment, and the specimens were …",materials,0.605
,,"P-Hacking: a wake-up call for the scientific community
AT Raj, S Patil, S Sarode, Z Salameh - Science and engineering ethics, 2018
Cited by 20 Related articles All 7 versions",2018/12,24.0,,,,,1813-1814,"digital dentistry, materials, prosthodontics",Cited by 20,Ziad Salameh,,,P-Hacking: a wake-up call for the scientific community,,Science and engineering ethics,,https://scholar.google.com/citations?view_op=view_citation&hl=en&user=WjA9Iv0AAAAJ&cstart=20&pagesize=80&citation_for_view=WjA9Iv0AAAAJ:R3hNpaxXUhUC,,Springer Netherlands,"A Thirumal Raj, Shankargouda Patil, Sachin Sarode, Ziad Salameh",P-hacking or data dredging involves manipulation of the research data in order to obtain a statistically significant result. The reasons behind P-hacking and the consequences of the same are discussed in the present manuscript.,Unclassified,0.0
,,"Significance of primary factors influencing students' performance at the College of Dentistry, King Saud University, Saudi Arabia
M Al-Amri, E Al-Madi, WM Sadig, MS Ahmedani… - JPMA-Journal of the Pakistan Medical Association, 2012
Cited by 18 Related articles All 6 versions",2012/8/1,62.0,https://www.academia.edu/download/95678961/3614.pdf,,,,816,"digital dentistry, materials, prosthodontics",Cited by 18,Ziad Salameh,,,"Significance of primary factors influencing students' performance at the College of Dentistry, King Saud University, Saudi Arabia",,JPMA-Journal of the Pakistan Medical Association,,https://scholar.google.com/citations?view_op=view_citation&hl=en&user=WjA9Iv0AAAAJ&cstart=20&pagesize=80&citation_for_view=WjA9Iv0AAAAJ:YOwf2qJgpHMC,8.0,,"Mohammad Al-Amri, Ebtissam Al-Madi, Walid Mahmoud Sadig, Muhammad Shoaib Ahmedani, Ziad Salameh","Objective: To determine the effect of different enabling factors such as curriculum, role of faculty, academic advising and availability of learning resources and supportive services on the performance of students pursuing their Bachelor's degree in dentistry.
Methods: Data was collected from the male and female students of the College of Dentistry, King Saud University, during the academic year 2008-2009. All undergraduate students (576) constituted the total sample size of the study. The respondents were requested to fill a questionnaire form, which was specially designed in accordance with requirements of the Association for Dental Education in Europe (ADEE). The questionnaire comprised 45 questions addressing all aspects of the relevant factors. The five-point Likert scale was used to evaluate the feedback. All the responses (239) were thoroughly examined and only the completely filled forms (169) were subjected to regression analyses, taking students CGPA as a dependent factor and a depiction of their performance. The t-tests were also worked out to evaluate variations in the responses of male and female students to each sub-factor.
Results: The study showed a significant impact of faculty and learning resources and support services on a student's achievement (α= 0.05). Surprisingly, academic advising and the dental curriculum had non-significant effect at 95% level of confidence. However, the critical analyses acknowledged that the non-significant impact was due to poor performance of the two factors.
Conclusion: The role of faculty and learning resources as well as of support services had significant effect on students' performance …",digital dentistry,0.203
,,"Influence of enzymatic and chemical degradation on zirconia resin bond strength after different surface treatments.
H Mirmohammadi, MN Aboushelib, Z Salameh… - American journal of dentistry, 2010
Cited by 17 Related articles All 6 versions",2010/12/1,23.0,,,,,327-330,"digital dentistry, materials, prosthodontics",Cited by 17,Ziad Salameh,,,Influence of enzymatic and chemical degradation on zirconia resin bond strength after different surface treatments.,,American journal of dentistry,,https://scholar.google.com/citations?view_op=view_citation&hl=en&user=WjA9Iv0AAAAJ&cstart=20&pagesize=80&citation_for_view=WjA9Iv0AAAAJ:HDshCWvjkbEC,6.0,,"Hesam Mirmohammadi, Mostafa N Aboushelib, Ziad Salameh, Cornelis J Kleverlaan, Albert J Feilzer","Purpose
To investigate the influence of chemical and enzymatic degradation on the stability of zirconia resin bond strength using micro-shear bond strength test.
Methods
Zirconia discs were airborne particle abraded (SB) or selective infiltration etched (SIE) while no surface treatment served as control. Resin composite (Filtek Z250) microdiscs were bonded to zirconia using self-adhesive universal resin cement (RelyX UniCem). Micro-shear bond strength (microSBS) test was conducted after immersion in the following degrading media: 24 hours and 2 weeks of water storage, and 2 weeks in NaOH, alcohol, or esterase enzyme (n= 10).
Results
There was a significant influence of the surface finish (P< 0.001, F= 154.5), biodegradation medium (P< 0.001, F= 52.9), and their interaction (P< 0.001, F= 6.0) on zirconia resin bond strength. In general SIE group revealed the highest microSBS values (8.1-34.5 MPa) after degradation in different media, followed by SB group (8.7-28.5 MPa), while the control group showed significantly lower bond strength (0.4-9 MPa).",Unclassified,0.0
,,"Full-mouth rehabilitation following treatment of temporomandibular disorders and teeth-related signs and symptoms
IA Hammad, NJ Nassif, ZA Salameh - CRANIO®, 2005
Cited by 17 Related articles All 5 versions",2005/10/1,23.0,https://www.academia.edu/download/74800283/Full-mouth_rehabilitation_following_trea20211117-20417-1802jjc.pdf,,,,289-296,"digital dentistry, materials, prosthodontics",Cited by 17,Ziad Salameh,,,Full-mouth rehabilitation following treatment of temporomandibular disorders and teeth-related signs and symptoms,,CRANIO®,,https://scholar.google.com/citations?view_op=view_citation&hl=en&user=WjA9Iv0AAAAJ&cstart=20&pagesize=80&citation_for_view=WjA9Iv0AAAAJ:NMxIlDl6LWMC,4.0,Taylor & Francis,"Ihab A Hammad, N Joseph Nassif, Ziad A Salameh","The literature is replete with theories regarding temporomandibular disorders (TMD). However, there is a paucity of information concerning perceived malocclusion and other teeth-related signs and symptoms after full-mouth rehabilitation. This clinical study was designed to evaluate the perception of TMD patients concerning perceived malocclusion and other teeth-related signs and symptoms after full-mouth rehabilitation guided by the Mental Analog Scale (MAS). Among 38 patients referred for full-mouth rehabilitation, 20 were diagnosed as having TMD after reviewing a questionnaire, recording the major complaints and symptoms, in addition to performing comprehensive clinical examination. Nonsurgical therapy was performed, including fabricating an anterior programming device, a centric relation occlusal device and finally full-mouth rehabilitation by means of placing crowns on all upper and/or lower teeth …",Unclassified,0.0
,,"Novel complete-arch pillar system (CAPS) to register implant position and maxillomandibular relationship in one single visit
P Nuytens, F Grande, R D'haese, Z Salameh, L Lepidi - Journal of Dentistry, 2024
Cited by 16 Related articles All 5 versions",2024/4/1,143.0,https://www.sciencedirect.com/science/article/pii/S0300571224000551,,,,104885,"digital dentistry, materials, prosthodontics",Cited by 16,Ziad Salameh,,,Novel complete-arch pillar system (CAPS) to register implant position and maxillomandibular relationship in one single visit,,Journal of Dentistry,,https://scholar.google.com/citations?view_op=view_citation&hl=en&user=WjA9Iv0AAAAJ&cstart=20&pagesize=80&citation_for_view=WjA9Iv0AAAAJ:SP6oXDckpogC,,Elsevier,"Philippe Nuytens, Francesco Grande, Rani D'haese, Ziad Salameh, Luca Lepidi","Objectives
This article presents a novel complete-arch pillar system (CAPS) to register implant position and maxillomandibular relationship in one single visit for implant-supported fixed complete dental prostheses (IFCDPs).
Material and Methods
The novel system presents a 3-unit toolset comprising intraoral scan bodies (ISBs), lateral pillar attachments (LPAs) and occlusal pillar attachments (OPAs). A 2-stage single visit workflow by an intraoral scanner (Trios 5) was introduced. The first stage “Screw-Scan-Done” was used to describe complete-arch intraoral implant scanning using LPAs. The second stage “Screw-Occlude-Done” involved virtual occlusal recording using OPAs. Two patients with one single edentulous arch were selected for this study. In the first patient, 6 bone level implants (Bone Level Tapered, Straumann) were placed in the edentulous maxilla at positions 12, 14, 16, 22, 24 and 26. In the second …",materials,0.4
,,"Accuracy of implant level intraoral scanning and photogrammetry impression techniques in a complete arch with angled and parallel implants: An in vitro study
H Tohme, G Lawand, R Eid, KE Ahmed, Z Salameh… - Applied Sciences, 2021
Cited by 16 Related articles All 8 versions",2021/1,11.0,https://www.mdpi.com/2076-3417/11/21/9859,,,,9859,"digital dentistry, materials, prosthodontics",Cited by 16,Ziad Salameh,,,Accuracy of implant level intraoral scanning and photogrammetry impression techniques in a complete arch with angled and parallel implants: An in vitro study,,Applied Sciences,,https://scholar.google.com/citations?view_op=view_citation&hl=en&user=WjA9Iv0AAAAJ&cstart=20&pagesize=80&citation_for_view=WjA9Iv0AAAAJ:3s1wT3WcHBgC,21.0,Multidisciplinary Digital Publishing Institute,"Hani Tohme, Ghida Lawand, Rita Eid, Khaled E Ahmed, Ziad Salameh, Joseph Makzoume","(1) Background: Stereophotogrammetry has recently been investigated showing high accuracy in complete implant supported cases but has scarcely been investigated in cases of tilted implants. The aim of this in vitro study was to compare the accuracy of digital impression techniques (intraoral scanning and photogrammetry) at the level of intraoral scan bodies in terms of angular deviations and 3D discrepancies.(2) Methods: A stone master cast representing an edentulous maxilla using four implant analogs was fabricated. The two anterior implants were parallel to each other, and the two posterior implants were at an angulation of 17 degrees. Digital intraoral scanning (DIOS) impressions were taken after connecting implant level scan bodies to the master cast and STL files were exported (n= 15). Digital photogrammetry (DPG) impressions were captured using a PiC Camera after tightening implant level PiC optical markers and STL files were exported (n= 15). Superimposition was carried out by a software for determining the accuracy of both.(3) Results: Significant angular discrepancies (AA) and 3D deviations of scan bodies were found among the groups in trueness with lower deviations for the DPG (p value< 0.001). However, trueness within ISBs varied between angular and 3D deviations and outcomes were not specific to determine the effect of implant angulation. In precision, no significant differences were detected within ISBs and among both groups in terms of angular deviation. However, DPG had less deviations than DIOS group in terms of 3D deviations (p value< 0.001).(4) Conclusion: Digital photogrammetry technique conveyed the …",digital dentistry,0.203
,,"Periodontitis and diabetes interrelationships in rats: biochemical and histopathological variables
C Choubaya, R Chahine, P Zalloua, Z Salameh - Journal of Diabetes & Metabolic Disorders, 2019
Cited by 16 Related articles All 6 versions",2019/6/1,18.0,https://pmc.ncbi.nlm.nih.gov/articles/PMC6581989/pdf/40200_2019_Article_403.pdf,,,,163-172,"digital dentistry, materials, prosthodontics",Cited by 16,Ziad Salameh,,,Periodontitis and diabetes interrelationships in rats: biochemical and histopathological variables,,Journal of Diabetes & Metabolic Disorders,,https://scholar.google.com/citations?view_op=view_citation&hl=en&user=WjA9Iv0AAAAJ&cstart=20&pagesize=80&citation_for_view=WjA9Iv0AAAAJ:u5HHmVD_uO8C,,Springer International Publishing,"Charbel Choubaya, Ramez Chahine, Pierre Zalloua, Ziad Salameh","Background
A two-way relationship between diabetes and periodontitis is now clinically established. Both conditions share common mechanisms of pathogenesis that are related to altered immune-inflammatory responses at local and/or systemic levels. The aim of this study is to investigate whether periodontitis is associated with the development and progression of diabetes and to evaluate the health impact of coexistence of both diseases.
Material and methods
Male Sprague Dawley rats (10 weeks old) were randomized into seven groups (n = 12): Group 1) Control; Groups 2 and 6) Periodontitis induced at two or six weeks; Groups 3 and 5) Diabetes induced at two or six weeks; Groups 4 and 7) Periodontitis followed by diabetes, and diabetes followed by periodontitis at two or six weeks. For diabetes induction, animals received a one-time …",materials,0.4
,,"Evaluation of the adaptation of complete dentures fabricated using intraoral scanning and conventional techniques
G Masri, R Mortada, K Hatoum, N Al Harbi, P Boulos… - J Contemp Dent Pract, 2020
Cited by 15 Related articles All 9 versions",2020/12/1,21.0,https://thejcdp.com/doi/JCDP/pdf/10.5005/jp-journals-10024-2977,,,,1384-88,"digital dentistry, materials, prosthodontics",Cited by 15,Ziad Salameh,,,Evaluation of the adaptation of complete dentures fabricated using intraoral scanning and conventional techniques,,J Contemp Dent Pract,,https://scholar.google.com/citations?view_op=view_citation&hl=en&user=WjA9Iv0AAAAJ&cstart=20&pagesize=80&citation_for_view=WjA9Iv0AAAAJ:M05iB0D1s5AC,12.0,,"Ghassan Masri, Rola Mortada, Kinda Hatoum, Nawal Al Harbi, Paul Boulos, Ziad Salameh","Aim and objective: This study aimed to digitally analyze the 3-dimensional variations existing between conventional impressions and intraoral scans made in edentulous maxillae.
Materials and methods: Ten (n= 10) edentulous maxillae of patients seeking a maxillary complete denture were scanned using an intraoral scanner. The same participants were subject to the conventional impression procedure for the fabrication of maxillary complete dentures. The dentures’ intaglio surfaces were scanned and superimposed over their corresponding IOS files with a 2-base best-fit alignment. Deviation analyses were calculated using the digital subtraction technique. Four anatomical regions were preselected to evaluate the deviations at these sites (posterior palatal seal, anterior border seal, the crest of the ridge and palate). Results: Based on the results and color maps of all selected regions, the overall difference between the two scans [IOS and denture intaglio surface scanning (DISS)] was not significant. The IOS technique allowed for predictable outcomes of treatment compared to those observed with conventional impression. The palatal area seems to be the region with the least deviation, while the highest incidence of discrepancy was reported in the anterior border seal.
Conclusion: Within the limitations of this study, the IOS technique allowed the capturing of intraoral tissues and their immediate interpretation and transfer to a designing software making the impression procedure faster and easier. Clinical significance: The computer-aided design (CAD)/computer-aided manufacturing (CAM) technologies can help overcome many limitations related …",materials,0.603
,,"Cephalometric evaluation of maxillary incisors inclination, facial, and growth axes in different vertical and sagittal patterns: An original study
SB Assi, A Macari, A Hanna, R Tarabay, Z Salameh - Journal of International Society of Preventive and …, 2020
Cited by 15 Related articles All 10 versions",2020/5/1,10.0,https://journals.lww.com/jpcd/fulltext/2020/10030/Cephalometric_Evaluation_of_Maxillary_Incisors.9.aspx,,,,292-299,"digital dentistry, materials, prosthodontics",Cited by 15,Ziad Salameh,,,"Cephalometric evaluation of maxillary incisors inclination, facial, and growth axes in different vertical and sagittal patterns: An original study",,Journal of International Society of Preventive and Community Dentistry,,https://scholar.google.com/citations?view_op=view_citation&hl=en&user=WjA9Iv0AAAAJ&cstart=20&pagesize=80&citation_for_view=WjA9Iv0AAAAJ:aqlVkmm33-oC,3.0,Medknow,"Samar Bou Assi, Anthony Macari, Antoine Hanna, Roula Tarabay, Ziad Salameh","Aim
The aim of this study was to evaluate the inclination of the maxillary incisors (I), facial axis (FA), and growth axis (GA) in different vertical and sagittal patterns.
Materials and Methods
A total of 498 consecutive orthodontic patients, with an average age of 18.87 years (range= 5–63 years), were grouped based on their vertical and sagittal patterns. Maxillary incisors, FA, and GA axes were traced and their corresponding angles to nasion-basion and true horizontal lines were measured. The sample was divided into three groups based on the mandibular divergence (mandibular plane-MP/sella-nasion [SN]): Group 1—hypodivergent pattern (MP/SN≤ 27; n= 30), Group 2—normodivergent pattern (27< MP/SN< 37; n= 254), and Group 3—hyperdivergent pattern (MP/SN≥ 37; n= 214); the sample was then divided into three groups based on the sagittal pattern (ANB, angle between points A, Nasion and B): Group I …",materials,0.604
,,"Horizontal and vertical reconstruction of the severely resorbed maxillary jaw using subantral augmentation and a novel tenting technique with bone from the lateral buccal wall
A Berberi, N Nader, Z Noujeim, A Scardina, A Leone… - Journal of Maxillofacial and Oral Surgery, 2015
Cited by 15 Related articles All 6 versions",2015/6,14.0,https://pmc.ncbi.nlm.nih.gov/articles/PMC4444692/pdf/12663_2014_Article_635.pdf,,,,263-270,"digital dentistry, materials, prosthodontics",Cited by 15,Ziad Salameh,,,Horizontal and vertical reconstruction of the severely resorbed maxillary jaw using subantral augmentation and a novel tenting technique with bone from the lateral buccal wall,,Journal of Maxillofacial and Oral Surgery,,https://scholar.google.com/citations?view_op=view_citation&hl=en&user=WjA9Iv0AAAAJ&cstart=20&pagesize=80&citation_for_view=WjA9Iv0AAAAJ:4TOpqqG69KYC,,Springer India,"Antoine Berberi, Nabih Nader, Ziad Noujeim, Alessandro Scardina, Angelo Leone, Ziad Salameh","Aim
The aim of this study was to evaluate the effect of using the lateral wall bone in sinus lifting two-dimensional reconstruction on bone augmentation.
Patients and Methods
Ten patients affected by class V or VI maxillary atrophy with less than 3 mm of residual horizontal ridge were selected. Using a piezo-ultrasonic surgery tip bony lateral wall was cut. To expose native bone to the bone graft, multiple perforations, made through the cortical plate of the recipient site with a round bur. Once the bony buccal wall was adjusted it was fixed away from the ridge with two 1.5 x 13 mm bone fixation screws. Deficiencies created between the bony buccal wall and the ridge was filled with a mineralized cortical bone. A pericardium membrane was then placed on the graft. A biopsy for histologic evaluation was made.
Results
The data …",Unclassified,0.0
,,"Evaluation of the fit of zirconia three‐unit fixed partial dentures fabricated by different impression techniques
G Moustapha, K Azzam, E AlShwaimi, M Silwadi… - Journal of investigative and clinical dentistry, 2019
Cited by 14 Related articles All 5 versions",2019/8,10.0,https://www.academia.edu/download/88360513/jicd.1241320220707-1-7199xu.pdf,,,,e12413,"digital dentistry, materials, prosthodontics",Cited by 14,Ziad Salameh,,,Evaluation of the fit of zirconia three‐unit fixed partial dentures fabricated by different impression techniques,,Journal of investigative and clinical dentistry,,https://scholar.google.com/citations?view_op=view_citation&hl=en&user=WjA9Iv0AAAAJ&cstart=20&pagesize=80&citation_for_view=WjA9Iv0AAAAJ:JV2RwH3_ST0C,3.0,,"Ghassan Moustapha, Khaled Azzam, Emad AlShwaimi, Munir Silwadi, Marco Ferrari, Ziad Salameh","Aim
The aim of the present study was to evaluate the marginal and internal fit of zirconium fixed partial denture using different impression techniques.
Methods
A Nissin Typodont model, including maxillary central incisor and canine with missing lateral incisor, was selected for the present study. Thirty zirconium frameworks were fabricated following three impression techniques (N = 10), conventional silicone impression (group C), scanned dental impression (group S), and Trios 3 (3Shape) intraoral scanner (group T). An extra‐fine milling strategy was applied.
Results
Group T had the smallest discrepancy compared to groups C (P = 0.006) and S (P = 0.052) at the marginal level, whereas it was larger at the incisal tip. Discrepancies in group T were smaller than group C (P = 0.004) when measured at the axial walls, and smaller than group S (P = 0.045) when measured at the chamfer area for the central teeth only …",Unclassified,0.0
,,"Marginal and internal adaptation of lithium disilicate endocrowns fabricated by Heat‐Pressable and subtractive techniques
W El Ghoul, Z Salameh - Journal of Prosthodontics, 2021
Cited by 13 Related articles All 4 versions",2021/7,30.0,,,,,509-514,"digital dentistry, materials, prosthodontics",Cited by 13,Ziad Salameh,,,Marginal and internal adaptation of lithium disilicate endocrowns fabricated by Heat‐Pressable and subtractive techniques,,Journal of Prosthodontics,,https://scholar.google.com/citations?view_op=view_citation&hl=en&user=WjA9Iv0AAAAJ&cstart=20&pagesize=80&citation_for_view=WjA9Iv0AAAAJ:BqipwSGYUEgC,6.0,,"Wiam El Ghoul, Ziad Salameh","Purpose
To evaluate and to compare the marginal and the internal fit of milled (MLE) and heat‐pressed lithium disilicate endocrowns (PLE).
Materials and Methods
Thirty mandibular molars were prepared following the circumferential butt margin endocrown preparations; the cervical margin is parallel to the occlusal surface without ferrule design. A digital scan of molars was made using an intraoral digital scanner. The samples were separated into two groups (n = 15 per group); MLE: endocrowns were milled using LDS blocks and a 5‐axis milling machine, PLE: endocrowns were heat‐pressed using lost wax technique and LDS ingots. Marginal and internal adaptation were assessed using a replica technique and a stereomicroscope, selecting 32 measurements on each endocrown. Data were analyzed with one‐way repeated measures ANOVA, two‐way repeated measures ANOVA, student's t‐test and paired …",materials,0.604
,,"Expression of inflammatory mediators in periodontitis over established diabetes: an experimental study in rats
C Choubaya, N Chahine, G Aoun, S Anil, P Zalloua… - Medical Archives, 2021
Cited by 12 Related articles All 10 versions",2021/12,75.0,https://pmc.ncbi.nlm.nih.gov/articles/PMC8802681/,,,,436,"digital dentistry, materials, prosthodontics",Cited by 12,Ziad Salameh,,,Expression of inflammatory mediators in periodontitis over established diabetes: an experimental study in rats,,Medical Archives,,https://scholar.google.com/citations?view_op=view_citation&hl=en&user=WjA9Iv0AAAAJ&cstart=20&pagesize=80&citation_for_view=WjA9Iv0AAAAJ:u_35RYKgDlwC,6.0,,"Charbel Choubaya, Nathalie Chahine, Georges Aoun, Sukumaran Anil, Pierre Zalloua, Ziad Salameh","Background
Diabetes mellitus is characterized by hyperglycemia ensuing from deficiencies in insulin action, secretion, or both. Hyperglycemia has wide-ranging molecular and cellular effects, leading to oxidative stress, up-regulation of pro-inflammatory responses, and vascular changes.
Objectives
The aim of this study was to evaluate the expressions of inflammatory markers involved in periodontal destructive process occurring in diabetes, periodontitis (PD), and both coexisting conditions.
Methods
A rat model was carried out using streptozotocin (STZ) to induce diabetes and Lipopolysaccharides (LPS) with teeth ligature to mimic periodontitis. The animals were distributed randomly into seven groups (n=12) and treated for 10 weeks with alternation between diabetes and PD. The relative quantification analysis of inflammatory markers expression: CRP, MMP-2-14, TIMP-2, IL-4, IFN-γ, was performed at the end of …",Unclassified,0.0
,,"Investigation of the structure and compressive strength of a bioceramic root canal sealer reinforced with nanomaterials
I Baghdadi, BJ AbuTarboush, A Zaazou, H Skienhe… - Journal of Applied Biomaterials & Functional Materials, 2021
Cited by 11 Related articles All 8 versions",2021/7,19.0,https://journals.sagepub.com/doi/full/10.1177/22808000211014747,,,,22808000211014747,"digital dentistry, materials, prosthodontics",Cited by 11,Ziad Salameh,,,Investigation of the structure and compressive strength of a bioceramic root canal sealer reinforced with nanomaterials,,Journal of Applied Biomaterials & Functional Materials,,https://scholar.google.com/citations?view_op=view_citation&hl=en&user=WjA9Iv0AAAAJ&cstart=20&pagesize=80&citation_for_view=WjA9Iv0AAAAJ:ZHo1McVdvXMC,,SAGE Publications,"Inaam Baghdadi, Belal J AbuTarboush, Ashraf Zaazou, Hasan Skienhe, Mutlu Özcan, Mirvat Zakhour, Ziad Salameh","Objectives
A root canal sealer that can increase the resistance of endodontically treated teeth to compressive strength would be of great advantage. The purpose of this study is to use three different nanoparticles: multi-walled carbon nanotubes (MWCNTs), Titanium carbides (TC), and Boron nitrides (BN) into a bioceramic adhesive root canal sealer; BioRoot™ RCS, in an attempt to improve its structural and compressive strength properties.
Methods
Three composites of two weight fractions (1- and 2-wt.%) were produced by mixing each nanomaterial separately with a pre-weighed mass of Bioroot powder. The microstructural properties and compressive strength of the different hardened composites obtained were investigated. The composites have been characterized by X-ray Diffraction, Fourier transform infrared spectroscopy, and scanning electron microscopy. Compression testing was performed.
Results
The 1-wt …",materials,0.4
,,"Effect of sintering temperature on the physiochemical properties, microstructure, and compressive strength of a bioceramic root canal sealer reinforced with multi-walled carbon nanotubes and titanium carbide
I Baghdadi, BJ AbuTarboush, A Zaazou, H Skienhe… - Journal of the mechanical behavior of biomedical …, 2021
Cited by 11 Related articles All 8 versions",2021/7/1,119.0,https://scholarworks.aub.edu.lb/bitstream/handle/10938/26603/2021-2599.pdf?sequence=1,,,,104524,"digital dentistry, materials, prosthodontics",Cited by 11,Ziad Salameh,,,"Effect of sintering temperature on the physiochemical properties, microstructure, and compressive strength of a bioceramic root canal sealer reinforced with multi-walled carbon …",,Journal of the mechanical behavior of biomedical materials,,https://scholar.google.com/citations?view_op=view_citation&hl=en&user=WjA9Iv0AAAAJ&cstart=20&pagesize=80&citation_for_view=WjA9Iv0AAAAJ:ldfaerwXgEUC,,Elsevier,"Inaam Baghdadi, BelalJ AbuTarboush, Ashraf Zaazou, Hasan Skienhe, Mutlu Özcan, Mirvat Zakhour, Ziad Salameh","Aim
Bioceramic root canal sealers like BioRoot RCS have received significant attention for use in endodontics. The addition of a nanophase material like multi-walled carbon nanotubes (MWCNTs) and titanium carbide (TC) to its matrix combined with pressureless sintering might have the potential for improved physiochemical, microstructure, and compressive strength properties.
Method
ology: MWCNTs and TC nanomaterials were added at a percentage of 1 wt% to a definite weight of pristine BioRoot RCS. Two composites were prepared by ball milling followed by pressureless sintering in static nitrogen at temperatures 600 °C and 800 °C. The setting time, solubility, pH, compressive strength, and density were determined and compared to pristine BioRoot RCS. The microstructural properties of the composites were investigated by XRD, FTIR, Raman spectroscopy, and SEM.
Results
The final setting time before and …",materials,0.4
,,"Evaluation effect of an in-office zoom bleaching gel agent on the surface texture of three contemporary restorative materials
AH Al-Ameedee, HM Ragab, E Osman, Z Salameh - Tanta Dental Journal, 2015
Cited by 11 Related articles All 6 versions",2015/9/1,12.0,https://www.sciencedirect.com/science/article/pii/S1687857415000384,,,,168-177,"digital dentistry, materials, prosthodontics",Cited by 11,Ziad Salameh,,,Evaluation effect of an in-office zoom bleaching gel agent on the surface texture of three contemporary restorative materials,,Tanta Dental Journal,,https://scholar.google.com/citations?view_op=view_citation&hl=en&user=WjA9Iv0AAAAJ&cstart=20&pagesize=80&citation_for_view=WjA9Iv0AAAAJ:Wp0gIr-vW9MC,3.0,No longer published by Elsevier,"AH Al-Ameedee, HM Ragab, E Osman, Z Salameh","This in vivo study evaluated the effects of an in-office Bleaching Zoom gel agent on the surface texture of three contemporary restorative materials; an appropriate bleaching procedure was performed on the specimens of each group. Scanning electron micrographs were produced at 60x, 200x, 1500x, and 2000x magnifications of the respective areas of the samples.
The results showed that the effect of bleaching on the surface texture was material and time-dependent. Within the limitations of this study, it was concluded that bleaching with Zoom gel (25% hydrogen peroxide) did not cause major surface texture changes on the restorative materials.",materials,0.606
,,"Structural and morphological evaluation of presintered zirconia following different surface treatments
H Skienhe, R Habchi, H Ounsi, M Ferrari, Z Salameh - J Contemp Dent Pract, 2018
Cited by 10 Related articles All 11 versions",2018/2/1,19.0,https://www.thejcdp.com/doi/JCDP/pdf/10.5005/jp-journals-10024-2230,,,,156-165,"digital dentistry, materials, prosthodontics",Cited by 10,Ziad Salameh,,,Structural and morphological evaluation of presintered zirconia following different surface treatments,,J Contemp Dent Pract,,https://scholar.google.com/citations?view_op=view_citation&hl=en&user=WjA9Iv0AAAAJ&cstart=20&pagesize=80&citation_for_view=WjA9Iv0AAAAJ:IWHjjKOFINEC,2.0,,"Hasan Skienhe, Roland Habchi, H Ounsi, Marco Ferrari, Ziad Salameh","Aim: The aim of this study was to evaluate the effect of different surface treatments on roughness, grain size, and phase transformation of presintered zirconia.
Materials and methods: Surface treatments included airborne particle abrasion (APA) before and after sintering with different particles shape, size, and pressure (50 μm Al2O3, 50 μm glass beads, and ceramic powder). Thirty-five square-shaped presintered yttrium-stabilized tetragonal zirconia polycrystal (Y-TZP) ceramic slabs (Zenostar ZR bridge, Wieland) were prepared (4 mm height× 10 mm width× 10 mm length) and polished with silicon carbide grit papers# 800, 1000, 1200, 1500, and 2000 to ensure identical initial roughness. Specimens were divided into five groups according to surface treatment: group I (control): no surface treatment; group II: APA 50 μm Al2O3 after sintering; group III: APA 50 μm Al2O3 particles before sintering; group IV: APA 50 μm glass bead particles before sintering; and group V: APA ceramic powder before sintering. Specimens were analyzed using scanning electron microscopy (SEM), atomic force microscopy (AFM), X-ray diffraction (XRD) analyses, and tested for shear bond strength (SBS). Data were statistically analyzed using one-way analysis of variance (ANOVA) followed by post hoc tests for multiple comparisons Tukey’s test (α≥ 0.05).",materials,0.603
,,"Arthroscopy vs. open-joint surgery for the management of internal derangement of the temporomandibular joint: a retrospective study comparing female subjects from two centers
J Hobeiche, Z Salameh, E Tashkandi, K Almas - J Contemp Dent Pract, 2008
Cited by 10 Related articles All 7 versions",2008/3/1,9.0,https://thejcdp.com/doi/JCDP/pdf/10.5005/jcdp-9-3-48,,,,48-55,"digital dentistry, materials, prosthodontics",Cited by 10,Ziad Salameh,,,Arthroscopy vs. open-joint surgery for the management of internal derangement of the temporomandibular joint: a retrospective study comparing female subjects from two centers,,J Contemp Dent Pract,,https://scholar.google.com/citations?view_op=view_citation&hl=en&user=WjA9Iv0AAAAJ&cstart=20&pagesize=80&citation_for_view=WjA9Iv0AAAAJ:_Qo2XoVZTnwC,3.0,,"Joseph Hobeiche, Ziad Salameh, Esam Tashkandi, Khalid Almas","Aim: The aim of this retrospective study was to assess the treatment outcome of arthroscopy and open-joint surgery in the management of internal derangement of the temporomandibular joint (TMJ).
Background: Apart from pain being the major complaint in patients with temporomandibular joint disorders (TMDs), a variety of function-related symptoms are reported including joint noises, locking, limited movement, and alterations in occlusion. Surgical management procedures of internal derangement of the TMJ vary widely at present. The criteria for the assessment of successful outcome of the treatment are also variable.
Methods and Materials: The retrospective study was carried out at two centers in Paris and Beirut. Sixty-two female patients with an age range of 35.1 years (28 had arthroscopy and 34 had open surgery) were included in the study. The patients were followed-up for 12 months. A standardized questionnaire and visual analogue scale (VAS) was developed and used for the assessment of pain and mandibular range of motion. A chi-square test was used to observe the significance of difference among both groups.
Conclusion: Within the limitations of this study, it was concluded arthroscopic surgery appeared to be safe with pain reduction and increased mandibular range of motion for 80% of the patients. Further research is needed on a larger prospective sample to assess the comparison of both techniques in terms of enhanced quality of life among the study population.",materials,0.603
,,"Bonding strength of luting cement to zirconia-based ceramic under different surface treatments
F Mendes, MM Zanini, J Favarão, V Camilotti… - European journal of dentistry, 2019
Cited by 8 Related articles All 7 versions",2019/5,13.0,https://www.thieme-connect.com/products/ejournals/html/10.1055/s-0039-1696076,,,,222-228,"digital dentistry, materials, prosthodontics",Cited by 8,Ziad Salameh,,,Bonding strength of luting cement to zirconia-based ceramic under different surface treatments,,European journal of dentistry,,https://scholar.google.com/citations?view_op=view_citation&hl=en&user=WjA9Iv0AAAAJ&cstart=20&pagesize=80&citation_for_view=WjA9Iv0AAAAJ:KxtntwgDAa4C,2.0,Thieme Medical and Scientific Publishers Private Ltd.,"Fabio Mendes, Mauricio M Zanini, Jamille Favarão, Veridiana Camilotti, Mario AC Sinhoreti, Marcio J Mendonça, Simonides Consani","Objectives The aim of this study was to evaluate the bonding strength of self-adhesive luting cement to zirconia under different surface treatments.
Materials and Methods Thirty-two zirconia samples were randomly divided into eight experimental groups based on the surface treatment employed (Control: no surface treatment; PMM: wear with diamond bur; JAT: blasting with glass beads; PMA: wear with a medium-roughness milling machine; Primer: primer application on the surface without treatment; PMM +Primer: PMM treatment plus primer application; JAT+Primer: JAT treatment plus primer application; and PMA+Primer: PMA treatment plus primer application). Cement cylinders were built on the ceramic surfaces, and the groups were subdivided according to the storage time employed (i.e., 24 hours or 60 days). After storage, the samples were subjected to microshear testing.
Statistical Analysis The Kruskal …",materials,0.605
,,"Bruxism and implant: where are we? A systematic review
A Youssef, J Hobeiche, A El Zoghbi, R Mortada… - Bulletin of the National Research Centre, 2022
Cited by 7 Related articles All 11 versions",2022/6/15,46.0,https://link.springer.com/article/10.1186/s42269-022-00852-7,,,Bulletin of the National Research Centre,172,"digital dentistry, materials, prosthodontics",Cited by 7,Ziad Salameh,,,Bruxism and implant: where are we? A systematic review,,,,https://scholar.google.com/citations?view_op=view_citation&hl=en&user=WjA9Iv0AAAAJ&cstart=20&pagesize=80&citation_for_view=WjA9Iv0AAAAJ:cFHS6HbyZ2cC,1.0,Springer Berlin Heidelberg,"Abboud Youssef, Joe Hobeiche, Amine El Zoghbi, Rola Mortada, Ziad Salameh","Background
The aim of this Systematic review is to provide more accurate knowledge about the relation between bruxism, Dental implant and the implant-supported prosthesis.
Main body.
Material and methods
A systematic search in Medline (PubMed) and manual search in implant-related journals was performed in February 2021 with time range extending from 2010 to 2021, with no language restriction in order to identify all papers assessing the role of bruxism, as a risk factor for implants and/or implant supported prosthesis.
Results
16 papers were included in the review and split into 3 categories assessing implant complications (n = 10), those reporting prosthetic complications (n = 3) and those reporting both (n = 3). From a biological and mechanical complications point of view, bruxism was related with implant and prosthetic failures.
Conclusion
Bruxism is a risk factor for implants failure, and a risk factor for …",materials,0.4
,,"A Simplified Technique to Measure Plaque on the Intaglio Surfaces of Complete Dentures.
K Almas, Z Salameh, A Kutkut, A Al Doubali - Journal of the International Academy of Periodontology, 2015
Cited by 7 Related articles All 2 versions",2015/4/1,17.0,,,,,58-64,"digital dentistry, materials, prosthodontics",Cited by 7,Ziad Salameh,,,A Simplified Technique to Measure Plaque on the Intaglio Surfaces of Complete Dentures.,,Journal of the International Academy of Periodontology,,https://scholar.google.com/citations?view_op=view_citation&hl=en&user=WjA9Iv0AAAAJ&cstart=20&pagesize=80&citation_for_view=WjA9Iv0AAAAJ:J_g5lzvAfSwC,2.0,,"Khalid Almas, Ziad Salameh, Ahmad Kutkut, Ahmad Al Doubali","Objective
The main aim of this study was to develop a simplified quantitative denture plaque index that could help dentists to motivate denture patients to maintain optimal oral hygiene. The secondary aim was to assess specific areas of dentures more prone to accumulate plaque and subjects' oral hygiene habits related to their dentures.
Methods
One hundred subjects who wore maxillary and/or mandibular complete dentures for at least one year were included in the study as a powered sample. Fifteen females and 85 males, age range 45-75 years, were recruited. The study was carried out at King Saud University (KSU), College of Dentistry. A plaque disclosing solution was used to assess the plaque covered areas of denture. A quantitative percentage (10 x 10%) score index was developed by assessing plaque scores from digital images of intaglio surfaces of the dentures. The weighted kappa method was used to assess inter-examiner agreement in the main study.
Results
The new denture plaque index was identified as ASKD-DPI (Almas, Salameh, Kutkut, and Doubali-Denture Plaque Index). It ranged from 0-100%, and reflected the percentage of the intaglio surfaces of maxillary and mandibular complete dentures that contained plaque. It also classified quantitative percentages: 30 subjects ranged from 0-30%(low DPI), 50 subjects ranged from 31-70%(moderate DPI), and 20 subjects ranged from 71-100%(high DPI) denture plaque score.
Conclusions
A simplified denture plaque index (ASKD-DPI) technique was developed and tested in this study. ASKD-DPI may be used for evaluating denture plaque scores, monitoring denture hygiene, and …",digital dentistry,0.406
,,"Color management of the cervical region using different framework materials
H Abualsaud, R Zandparsa, H Hirayama, W Sadig… - Journal of Esthetic and Restorative Dentistry, 2011
Cited by 7 Related articles All 5 versions",2011/12,23.0,https://www.academia.edu/download/67407777/j.1708-8240.2010.00387.x20210523-11238-7vv8es.pdf,,,,371-378,"digital dentistry, materials, prosthodontics",Cited by 7,Ziad Salameh,,,Color management of the cervical region using different framework materials,,Journal of Esthetic and Restorative Dentistry,,https://scholar.google.com/citations?view_op=view_citation&hl=en&user=WjA9Iv0AAAAJ&cstart=20&pagesize=80&citation_for_view=WjA9Iv0AAAAJ:ufrVoPGSRksC,6.0,Blackwell Publishing Inc,"Haytham Abualsaud, Roya Zandparsa, Hiroshi Hirayama, Walid Sadig, Moustafa Aboushelib, Ziad Salameh","ABSTRACT
Background:  Color‐matching of the cervical area between natural teeth and different crown prostheses is a common clinical problem.
Purpose:  The purpose of this study was to compare the color of the cervical region of five commercially available crown systems to an extracted natural tooth and to each other.
Materials and Methods:  The color of the cervical region of an extracted maxillary incisor was measured by means of a colorimeter (ShadeVision, X‐Rite). Fifty master dies were fabricated, divided into five groups (N = 10) according to the framework material; group 1: high‐noble gold alloy, group 2: same as group 1 but treated with gold paste material, group 3: precious reinforced alloy, group 4: white zirconium oxide substructure (Lava 3M ESPE), and group 5: shaded zirconium oxide (Lava). A direct comparison of L*, a*, and b* parameters was accomplished between the control natural tooth …",materials,0.604
,,"Evaluation of rotational freedom of In-Ceram ceramic blank abutments before and after infiltration
P Aramouni, P Vigolo, Z Majzoub, E Zebouni… - Implant Dentistry, 2010
Cited by 6 Related articles All 3 versions",2010/2/1,19.0,,,,,50-56,"digital dentistry, materials, prosthodontics",Cited by 6,Ziad Salameh,,,Evaluation of rotational freedom of In-Ceram ceramic blank abutments before and after infiltration,,Implant Dentistry,,https://scholar.google.com/citations?view_op=view_citation&hl=en&user=WjA9Iv0AAAAJ&cstart=20&pagesize=80&citation_for_view=WjA9Iv0AAAAJ:RHpTSmoSYBkC,1.0,LWW,"Philippe Aramouni, Paolo Vigolo, Zeina Majzoub, Elie Zebouni, Ziad Salameh, Khalid Almas","Purpose:
Laboratory processing of implant-supported prostheses may alter the surface of the abutment in contact with the corresponding surface and thus the interface fit. This study assessed changes in the rotational freedom (R) at the interface of 1 implant ceramic abutments before and after preparation and glass infiltration processes.
Materials and Methods:
The abutment R was assessed for 20 as-received In-Ceram Ceramic Blanks over synOcta abutments and after both preparation and infiltration procedures.
Results:
Compared with the as-received blanks, there was a statistically significant (P< 0.009) increase of 0.8 minutes in the R after preparation and glass infiltration processes.
Conclusion:
The results of this investigation suggest that, if all laboratory steps are observed carefully, changes at the abutment interface of Ceramic Blanks do not occur.",materials,0.605
,,"Effect of fiber post and resin core restorations on fracture resistance and pattern of endodontically treated mandibular molars.
Z Salameh, R Sorrentino, F Papacchini, H Ounsi… - GIORNALE ITALIANO DI CONSERVATIVA, 2006
Cited by 6 Related articles",2006,,,,,,174,"digital dentistry, materials, prosthodontics",Cited by 6,Ziad Salameh,,,Effect of fiber post and resin core restorations on fracture resistance and pattern of endodontically treated mandibular molars.,,GIORNALE ITALIANO DI CONSERVATIVA,,https://scholar.google.com/citations?view_op=view_citation&hl=en&user=WjA9Iv0AAAAJ&cstart=20&pagesize=80&citation_for_view=WjA9Iv0AAAAJ:P5F9QuxV20EC,,,"Z Salameh, Roberto Sorrentino, F Papacchini, H Ounsi, E Tashkandi, C Goracci, M Ferrari","Effect of fiber post and resin core restorations on fracture resistance and pattern of endodontically treated mandibular molars/Salameh, Z.; Sorrentino, Roberto; Papacchini, F.; Ounsi, H.; Tashkandi, E.; Goracci, C.; Ferrari, M..-In: GIORNALE ITALIANO DI CONSERVATIVA.-ISSN 1724-2908.-(2006), p. 174.",Unclassified,0.0
,,"Effect of post retained composite restorations of mesial-occlusal-distal cavities on the fracture resistance of endodontically treated teeth.
R Sorrentino, Z Salameh, D Apicella, F Zarone, FR Tay… - GIORNALE ITALIANO DI CONSERVATIVA, 2006
Cited by 6 Related articles All 2 versions",2006,,,,,,179-180,"digital dentistry, materials, prosthodontics",Cited by 6,Ziad Salameh,,,Effect of post retained composite restorations of mesial-occlusal-distal cavities on the fracture resistance of endodontically treated teeth.,,GIORNALE ITALIANO DI CONSERVATIVA,,https://scholar.google.com/citations?view_op=view_citation&hl=en&user=WjA9Iv0AAAAJ&cstart=20&pagesize=80&citation_for_view=WjA9Iv0AAAAJ:xtRiw3GOFMkC,,,"Roberto Sorrentino, Z Salameh, D Apicella, Fernando Zarone, FR Tay, M Ferrari","Effect of post retained composite restorations of mesial-occlusal-distal cavities on the fracture resistance of endodontically treated teeth/Sorrentino, Roberto; Salameh, Z.; Apicella, D.; Zarone, Fernando; Tay, FR; Ferrari, M..-In: GIORNALE ITALIANO DI CONSERVATIVA.-ISSN 1724-2908.-(2006), pp. 179-180.",Unclassified,0.0
,,"Effectiveness of liquid rubber dam in improving dental isolation: An in vitro study
N Kharouf, H Jmal, R Hadra, V Ball, Z Salameh… - International Journal of Adhesion and Adhesives, 2024
Cited by 5 Related articles All 2 versions",2024/12/1,135.0,,,,,103819,"digital dentistry, materials, prosthodontics",Cited by 5,Ziad Salameh,,,Effectiveness of liquid rubber dam in improving dental isolation: An in vitro study,,International Journal of Adhesion and Adhesives,,https://scholar.google.com/citations?view_op=view_citation&hl=en&user=WjA9Iv0AAAAJ&cstart=20&pagesize=80&citation_for_view=WjA9Iv0AAAAJ:u9iWguZQMMsC,,Elsevier,"Naji Kharouf, Hamdi Jmal, Rania Hadra, Vincent Ball, Ziad Salameh, Francesco Inchingolo, Olivier Etienne, Youssef Haikel, Marc Krikor Kaloustian","A liquid rubber dam is used as a gingiva protector and to ameliorate the sealing quality around the tooth. No information about the mechanical properties of liquid rubber dam and its efficiency in tooth isolation was reported in the literature. Therefore, the purpose of the present in vitro study was to evaluate the morphological changes after contact with different solutions, microleakages, bond strength to enamel, and mechanical properties of two different liquid rubber dams (Top dam “TD” and OpalDam™ “OD”). Scanning electron microscopy (SEM) was used to investigate the morphological changes. Compression strength and viscosity tests were used to investigate the mechanical properties. A shear bond strength test was performed to evaluate the bond strength of liquid rubber dams to enamel. Solubility was performed to investigate the effect of water after 90 min of contact. Finally, the microleakage tests were …",Unclassified,0.0
,,"Correlation of oral, genetic, and radiological parameters involved in human identification in forensic dentistry
F Ayoub, H Jassar, H El Husseini, N Aoun, F Sayah… - Journal of International Oral Health, 2016
Cited by 5 Related articles All 5 versions",2016/6/1,8.0,http://www.ispcd.org/userfiles/rishabh/V8I6/V8I6A15.pdf,,,Journal of International Oral Health,725,"digital dentistry, materials, prosthodontics",Cited by 5,Ziad Salameh,,,"Correlation of oral, genetic, and radiological parameters involved in human identification in forensic dentistry",,,,https://scholar.google.com/citations?view_op=view_citation&hl=en&user=WjA9Iv0AAAAJ&cstart=20&pagesize=80&citation_for_view=WjA9Iv0AAAAJ:TQgYirikUcIC,6.0,Medknow Publications & Media Pvt. Ltd.,"Fouad Ayoub, Houssam Jassar, Hassan El Husseini, Nicole Aoun, Fida Sayah, Ziad Salameh","Background: Forensic dentistry plays a major role in the human identification, mainly in mass disasters situations. Forensic odontologist applies several techniques and correlates different parameters to establish an accurate scheme toward identification. Materials and Methods: A PubMed search was carried out for different parameters involved in human identification in forensic dentistry; the results focused on oral and dental correlated factors, genetics, and radiology. 47 articles were included in this review. Results: The main parameters found to be involved in forensic dentistry procedures were divided into four categories:(1) Comparative identification of oral and dental parameters, especially when ante-mortem records are available;(2) reconstructive identification of oral and dental parameters helping in gender and age estimation;(3) genetics and DNA extraction and printing that can be found in dental structures and biological remains;(4) radiographs and computed tomography images included in the matching procedure that is of great help in identification.
Conclusion: The results of this study reported the correlation and importance of different parameters to be included in the process of human identification.",materials,0.604
,,"Push out bond strength of FRC posts using conventional and wet ethanol bonding systems: An ex-vivo study
HF Ounsi, Z Salameh, MN Aboushelib, S Grandini - Int dent S Afr, 2009
Cited by 5 Related articles All 5 versions",2009/5,11.0,https://www.academia.edu/download/45062115/ounsi.pdf,,,,22-7,"digital dentistry, materials, prosthodontics",Cited by 5,Ziad Salameh,,,Push out bond strength of FRC posts using conventional and wet ethanol bonding systems: An ex-vivo study,,Int dent S Afr,,https://scholar.google.com/citations?view_op=view_citation&hl=en&user=WjA9Iv0AAAAJ&cstart=20&pagesize=80&citation_for_view=WjA9Iv0AAAAJ:TFP_iSt0sucC,,,"Hani F Ounsi, Ziad Salameh, Moustafa N Aboushelib, Simone Grandini","Purpose
The aim of this study was to compare the bond strength obtained on root canal walls when using two different adhesive systems to bond a fiber reinforced composite (FRC) post inside a root canal and to evaluate the type of failure at the resin-dentine interface.
Methodology
Thirty-eight central incisors were root canal treated, divided in 2 groups, and restored using FRC posts luted using resin cement (Multilink). Excite DSC was used as bonding agent in group 1 and an experimental ethanol-wet bonding system was used in group 2. The specimens were cut into 1mm-thick sections and a push-out test was carried out after 24h. Fracture type was assessed using optical and scanning electron microscopy.
Results
Mean and standard deviation for the excite DSC and ethanol-wet groups were respectively 7.6±5.5 and 7.4±5.6 MPa. The Mann-Whitney rank sum test showed no statistical difference between the 2 groups (P= 0.708). With regards to failure type, adhesive failure prevailed in the 2 groups. SEM evaluation revealed that adhesive failures occurred mainly at the resindentin interface.
Conclusions
The 2 bonding systems exhibited similar short-term behavior. A baseline is established to test potential improvement of long-term behavior when using ethanol-wet bonding systems.",digital dentistry,0.2
,,"The effect of stacking on the accuracy of 3D-printed full-arch dental models
O Hartley, T Shanbhag, D Smith, A Grimm, Z Salameh… - Polymers, 2022
Cited by 4 Related articles All 12 versions",2022/12/13,14.0,https://www.mdpi.com/2073-4360/14/24/5465,,,,5465,"digital dentistry, materials, prosthodontics",Cited by 4,Ziad Salameh,,,The effect of stacking on the accuracy of 3D-printed full-arch dental models,,Polymers,,https://scholar.google.com/citations?view_op=view_citation&hl=en&user=WjA9Iv0AAAAJ&cstart=20&pagesize=80&citation_for_view=WjA9Iv0AAAAJ:bFI3QPDXJZMC,24.0,MDPI,"Olan Hartley, Tanvi Shanbhag, Derek Smith, Antonio Grimm, Ziad Salameh, Santosh K Tadakamadla, Frank Alifui-Segbaya, Khaled E Ahmed","The objective of this study was to assess the effect of stacking on the dimensional and full-arch accuracy of 3D-printed models, utilising a standardised assessment methodology. A previously validated methodology involving a standard tessellation language image (STL) reference model, comprising seven spheres on a horseshoe base resembling a dental arch, was used. Six 3D-designed STL models were prepared, optimised, and stacked horizontally using 3D Sprint software. The stacking file was transferred to the NextDent 5100 printer to build the physical models. To assess accuracy, a coordinate measuring machine (CMM) measured the diameter of the spheres n=210, and twenty-one vectors extended between the centres of each of the seven spheres (n = 630). When compared to the reference model, significant differences were observed for dimensional (p = 0.006) and full-arch accuracy (p = 0.006) for all stacked models. Additionally, significant differences were observed between the stacked models for the dimensional accuracy between the posterior (p = 0.015), left posterior (p = 0.005) and anteroposterior (p = 0.002). The maximum contraction was observed in the fourth stacked model, which demonstrated the highest median deviation and least precision within the full-arch (MD = 666 μm, IQR = 55 μm), left posterior (MD = 136 μm, IQR = 12 μm), posterior (MD = 177 μm, IQR = 14 μm) and anteroposterior (MD = 179 μm, IQR = 16 μm) arch segments. In general, the anterior and left posterior arch segments recorded the highest contractions with a median deviation of 34 μm and 29 μm, and precision of 32 μm and 22 μm, respectively …",Unclassified,0.0
,,"Alveolar Ridge Preservation in the Esthetic Maxillary Zone: Tuberosity Punch Technique of Gingiva and Bone: A Pilot Study
M Houmani, N Nader, Z Salameh, A Berberi - The Journal of Contemporary Dental Practice, 2021
Cited by 4 Related articles All 10 versions",2021/12/17,22.0,https://www.thejcdp.com/doi/JCDP/pdf/10.5005/jp-journals-10024-3049,,,,290-297,"digital dentistry, materials, prosthodontics",Cited by 4,Ziad Salameh,,,Alveolar Ridge Preservation in the Esthetic Maxillary Zone: Tuberosity Punch Technique of Gingiva and Bone: A Pilot Study,,The Journal of Contemporary Dental Practice,,https://scholar.google.com/citations?view_op=view_citation&hl=en&user=WjA9Iv0AAAAJ&cstart=20&pagesize=80&citation_for_view=WjA9Iv0AAAAJ:g5m5HwL7SMYC,3.0,,"Mustapha Houmani, Nabih Nader, Ziad Salameh, Antoine Berberi","Aim: This paper aims to present an alveolar ridge preservation technique, using an autologous punch formed of hard and soft tissues harvested from the tuberosity area.
Materials and methods: Ten residual sockets in the anterior maxilla were filled with a punch of hard and soft tissues harvested from the tuberosity area. Clinical and radiographical data were collected at the surgical extraction time 0 (T0) and 5 months during implant placement (T1), from clinical and radiological measurements using cone-beam computed tomography scans and periapical radiographs. Core biopsy was harvested during implant placement for histological and histomorphometrical analysis. Results: Clinically, the alveolar ridge presented a mean width of 10.3 mm before extraction which decreased to 8.85 mm at T1, where the mean horizontal loss is 1.45 mm (standard deviation [SD] 1.03 mm). The initial ridge mean height was 11.25 mm and increased to 12.85 mm after 5 months, where the mean vertical gain is 1.6 mm (SD 0.65 mm). The radiological evaluation shows a reduction in the horizontal dimension with a mean of 1 mm; however, the sockets show stability in the vertical dimensions. Histology showed a new lamellar bone formation with some areas of woven bone. Histomorphometric analysis showed that the percentage of new bone formed was 42.44±5.54% and 48.62±8.66% of the connective tissue and 8.94±5.28% of the residual autogenous bone. Conclusion: At T1, the extraction sockets showed significantly lower vertical and horizontal bone changes, compared to T0. The described preservation punch technique resulted in greater stability in the …",materials,0.603
,,"Comparison of Adhesion of a Novel Pre-sintered Cobalt-Chromium to Pre-sintered Zirconia and Cast Nickel-Chromium
EE Daou, M Özcan, P Salameh, N Al-Haj Husain… - Journal of Contemporary Dental Practice, 2018
Cited by 4 Related articles All 11 versions",2018/7/1,19.0,https://www.zora.uzh.ch/id/eprint/162766/1/4.pdf,,,,816-823,"digital dentistry, materials, prosthodontics",Cited by 4,Ziad Salameh,,,Comparison of Adhesion of a Novel Pre-sintered Cobalt-Chromium to Pre-sintered Zirconia and Cast Nickel-Chromium,,Journal of Contemporary Dental Practice,,https://scholar.google.com/citations?view_op=view_citation&hl=en&user=WjA9Iv0AAAAJ&cstart=20&pagesize=80&citation_for_view=WjA9Iv0AAAAJ:4JMBOYKVnBMC,7.0,Seer Publishing LLC,"Elie E Daou, Mutlu Özcan, Pascale Salameh, Nadin Al-Haj Husain, Ziad Salameh","AIM
This study compared the bond strength of pre-sintered Ceramill Sintron to pre-sintered zirconia and cast nickel-chromium (NiCr).
MATERIALS AND METHODS
Specimens (n = 60) (diameter: 15 mm; thickness: 2 mm) were prepared (n = 20/group) (Ceramill Sintron, Ceramill Zi, and Wirobond 99). Disks were layered with vita VM ceramic (4 mm). Specimens were randomly divided into two subgroups. Only one subgroup was thermocycled. Specimens were tested under shear strength. Energy-dispersive X-ray (EDX) mapping was done on one disk of each material before and after ceramic layering.
RESULTS
Failure types were mostly mixed failures. Significant difference was found between the three materials for Y and Z failure types (p-values: 0.032 and 0.010 respectively). Thermocycling had no major effect on the results reported. Considering Fmax (force-inducing bonding failure) registered, significant difference was found between the control group and milled alloys groups. No significant difference was found between Ceramill Sintron and Zi. The EDX mapping showed a net increase in the control group oxide layer, whereas only slight increase and decrease were reported for Zi and Sintron respectively.
CONCLUSION
When compared with cast NiCr, novel Ceramill Sintron has higher bond strength, comparable to Ceramill Zi. Thermocycling had no major effects on the results.
CLINICAL SIGNIFICANCE
Ceramic-alloy bonding is a primary factor in the prosthesis' longevity.",materials,0.603
,,"Oral and craniofacial clinical signs associated to genetic conditions in human identification part I: a review
F Ayoub, N Aoun, H El Husseini, H Jassar, F Sayah… - Journal of International Oral Health: JIOH, 2015
Cited by 4 Related articles All 10 versions",2015/5,7.0,https://pmc.ncbi.nlm.nih.gov/articles/PMC4441246/,,,Journal of International Oral Health: JIOH,81,"digital dentistry, materials, prosthodontics",Cited by 4,Ziad Salameh,,,Oral and craniofacial clinical signs associated to genetic conditions in human identification part I: a review,,,,https://scholar.google.com/citations?view_op=view_citation&hl=en&user=WjA9Iv0AAAAJ&cstart=20&pagesize=80&citation_for_view=WjA9Iv0AAAAJ:e5wmG9Sq2KIC,5.0,,"Fouad Ayoub, Nicole Aoun, Hassan El Husseini, Houssam Jassar, Fida Sayah, Ziad Salameh","Background
Forensic dentistry is one of the most reliable methods used in human identification when other technique as fingerprint, DNA, visual identification cannot be used. Genetic disorders have several manifestations that can target the intra-oral cavity, the cranio-facial area or any location in the human body.
Materials and Methods
A literature search of the scientific database (Medline and Science Direct) for the years 1990 to 2014 was carried out to find out all the available papers that indicate oral, cranio-facial signs, genetic and human identification.
Results
A table with 10 genetic conditions was described with oral and cranio-facial signs that can help forensic specialist in human identification.
Conclusion
This review showed a correlation between genetics, facial and intra-oral signs that would help forensic ondontologist in the identification procedures.",materials,0.605
,,"Fracture resistance and failure pattern of endodontically treated maxillary premolars restored with fiber reinforced and cast posts and cores
Z Salameh, E Tashkandi, HF Ounsi, MN Aboushelib… - Int Dent SA, 2007
Cited by 3 Related articles",2007,10.0,,,,,12-8,"digital dentistry, materials, prosthodontics",Cited by 3,Ziad Salameh,,,Fracture resistance and failure pattern of endodontically treated maxillary premolars restored with fiber reinforced and cast posts and cores,,Int Dent SA,,https://scholar.google.com/citations?view_op=view_citation&hl=en&user=WjA9Iv0AAAAJ&cstart=20&pagesize=80&citation_for_view=WjA9Iv0AAAAJ:UebtZRa9Y70C,1.0,,"ZIAD Salameh, ESAM Tashkandi, HANI F Ounsi, MOUSTAFA N Aboushelib, RIDWAAN Omar","Objectives: The aim of this study was to compare the fracture resistance and failure modes of endodontically treated maxillary premolars restored by either a glass fiber-reinforced composite post system or a cast gold post and core and restored with all-ceramic crowns.
Materials and Methods: Forty extracted maxillary premolars were selected. After endodontic treatment, the specimens were randomly distributed in two groups (n= 20) and restored with either glass-fiber posts or cast gold post and core, followed by an IPS Empress II crown. Teeth were submitted to loading, after which resistance to fracture was measured. Fracture patterns were observed after ink suffusion. Results: Fracture tests revealed no significant difference in fracture resistance. However, the correlation between the type of post and the type of failure (restorable/non-restorable) was found to be highly significant (Pearson chi-square test, p< 0.001 …",materials,0.604
,,"Evaluation of the Color Stability of Three Resin-Ceramic Materials Using a Spectrophotometer and a Digital Photography Software
N Naffah, H Ounsi, M Ozcan, Z Salameh - Contemporary Clinical Dentistry, 2024
Cited by 2 Related articles All 8 versions",2024/1/1,15.0,https://journals.lww.com/cocd/fulltext/2024/15010/evaluation_of_the_color_stability_of_three.8.aspx,,,,44-50,"digital dentistry, materials, prosthodontics",Cited by 2,Ziad Salameh,,,Evaluation of the Color Stability of Three Resin-Ceramic Materials Using a Spectrophotometer and a Digital Photography Software,,Contemporary Clinical Dentistry,,https://scholar.google.com/citations?view_op=view_citation&hl=en&user=WjA9Iv0AAAAJ&cstart=20&pagesize=80&citation_for_view=WjA9Iv0AAAAJ:uWQEDVKXjbEC,1.0,Medknow,"Nicolas Naffah, Hani Ounsi, Mutlu Ozcan, Ziad Salameh","Background:
Computer-aided design/computer-aided manufacturing (CAD/CAM) resin ceramics allow easier milling than glass ceramics but are suspected to be more stainable. Although Photoshop® is widely used for picture analysis, its potential for shade selection has not been properly assessed.
Aim:
Purpose primary: To evaluate the color stability of three CAD/CAM resin ceramics and Lithium Disilicate. Secondary: to compare the color evaluation between a spectrophotometer (Vita Easyshade compact) and Photoshop software.
Materials and Methods:
Three CAD/CAM resin ceramic materials (n= 10) and a fourth group of lithium disilicate were used. Half of each group were thermocycled (5 C and 55 C; 3000 cycles). All samples were immersed in colored beverages (coffee, tea and red wine) for 30 days. Values were obtained by spectrophotometry and photographs analyzed using Photoshop software. The …",materials,0.604
,,"Effect of Cyclic Dislodging on the Retention of Two Attachment Systems for Implant-supported Overdentures: An In Vitro Study.
H Tohme, J Makzoume, P Boulos, J Fakhoury, C Yared… - The Journal of Contemporary Dental Practice, 2018
Cited by 2 Related articles All 6 versions",2018/11/1,19.0,,,,,1386-1392,"digital dentistry, materials, prosthodontics",Cited by 2,Ziad Salameh,,,Effect of Cyclic Dislodging on the Retention of Two Attachment Systems for Implant-supported Overdentures: An In Vitro Study.,,The Journal of Contemporary Dental Practice,,https://scholar.google.com/citations?view_op=view_citation&hl=en&user=WjA9Iv0AAAAJ&cstart=20&pagesize=80&citation_for_view=WjA9Iv0AAAAJ:hC7cP41nSMkC,11.0,,"Hani Tohme, Joseph Makzoume, Paul Boulos, Jihad Fakhoury, Carole Yared, Ziad Salameh, Maha Daou","Purpose
The aim of this study was to compare and evaluate the retention of two new attachment systems used for implant-supported overdentures subjected to insertion-removal cycles.
Materials and methods
Twenty custom-manufactured polyvinyl chloride models mimicking implant-retained over-dentureresin blocks were fabricated and divided into two groups (n= 10): group 1 ('Kerator'attachment) and group 2 ('EMI'attachment). Each model received two parallel implants (JD evolution®) 20 mm apart and was subjected to cyclic retention forces of 10, 100, 1000, 5000, 10000 and 14600 cycles using a universal testing machine in a 0.9% sodium chloride water solution at 22 C. Data were analyzed using one-way analysis of variance; the level of significance was set at a< 0.05.
Results
The'Kerator'and'EMI'attachment systems reported a significant decrease in retention (64 and 56.6% respectively) after 14600 insertion-removal cycles (p< 0.001). The'EMI'attachment showed significant higher loss of retention than the'Kerator'attachment all along the 14600 cycles (p< 0.05) except for cycles 100 and 5000 (p> 0.05).
Conclusion
Within the limitations of this in vitro study, both attachments reported satisfactory retentive values during the 14600 cycles, the'Kerator'attachment showed better retention than the new'EMI'attachment. The initial retentive force of both attachments has gradually decreased.",materials,0.603
,,"Choice of Endodontic Fiber Posts and its Influence on Dental Malpractice: An in vitro Evaluation
F Ayoub, H Jassar, H El Husseini, Z Salameh - The Journal of Contemporary Dental Practice, 2017
Cited by 2 Related articles All 6 versions",2017/6/1,18.0,https://www.academia.edu/download/74800267/41688ebfb25c37f99fc89c8e75066d47432c.pdf,,,,452-457,"digital dentistry, materials, prosthodontics",Cited by 2,Ziad Salameh,,,Choice of Endodontic Fiber Posts and its Influence on Dental Malpractice: An in vitro Evaluation,,The Journal of Contemporary Dental Practice,,https://scholar.google.com/citations?view_op=view_citation&hl=en&user=WjA9Iv0AAAAJ&cstart=20&pagesize=80&citation_for_view=WjA9Iv0AAAAJ:SeFeTyx0c_EC,6.0,,"Fouad Ayoub, Houssam Jassar, Hassan El Husseini, Ziad Salameh","Aims and objectives: The fiber post type used in restoring endodontically treated teeth may affect the dental expert decision in the case of dental malpractice. The aim of this study was to evaluate the low-cost commercial fiber post in comparison with a higher cost or well-known documented fiber post system.
Materials and methods: A total of 20 premolars were selected for the study; following endodontic treatment, specimens were randomly divided into two groups of 10 specimens each according to the type of fiber post used:(1) Low-cost commercial fiber post (OYAPost, Taper Lucent, OYARICOM) and (2) higher cost well-known fiber post (Rely X Fiber post, 3M ESPE). Both fiber posts were cemented using self-adhesive cement (Rely X Unicem). Samples were subjected to push-out bond strength and to failure analysis. One-way analysis of variance was used (p< 0.005).
Results: There was no significant difference between the bond strength of the two tested groups (p> 0.05), while statistically significant difference (p< 0.05) was noted between the different post space regions (cervical, middle, and apical).
Conclusion: Based on the evidence from the study, it can be concluded that the type of fiber post should not affect the dental expert decision in the case of dental malpractice/lawsuit.
Clinical significance: All types of low-cost fiber posts may behave similarly to other higher cost or well-documented fiber posts.",materials,0.603
,,"Effect of Different Bleaching Materials On Color of Stained Resin Composite By Photocatalytic Treatment
ALA Ameer, H Ragab, E Osman, Z Salameh, R Habchi… - Journal of Applicable Chemistry, 2013
Cited by 2 Related articles All 7 versions
Effect of Different Bleaching Materials On Color of Stained Resin Composite By Photocatalytic Treatment*
امير حمدي حكيم العميدي - 2015
Related articles",2013,2.0,https://www.academia.edu/download/112642049/Effect_of_Different_Bleaching_Materials_On_Color_of_Stained_Resin.pdf,,,,1690-1700,"digital dentistry, materials, prosthodontics",Cited by 2,Ziad Salameh,,,Effect of Different Bleaching Materials On Color of Stained Resin Composite By Photocatalytic Treatment,,Journal of Applicable Chemistry,,https://scholar.google.com/citations?view_op=view_citation&hl=en&user=WjA9Iv0AAAAJ&cstart=20&pagesize=80&citation_for_view=WjA9Iv0AAAAJ:abG-DnoFyZgC,6.0,,"AL-Ameedee Ameer, Hala Ragab, Essam Osman, Ziad Salameh, Roland Habchi, Ayad F Alkaim","In this work, ZnO, and TiO2 (Hombikat UV 100) and TiO2 doped with 0.5% of Pt, and Pd metals, that prepared by photo deposition method. The bare TiO2 and prepared samples were characterized by powder X-ray diffraction (XRD), UV–vis diffuse reflectance spectra (UV–vis DRS), nitrogen adsorption BET, and atomic force microscopy (AFM) were evaluate the effect of photochemical activation by kinds of semiconductors (ZnO, TiO2, Pt/TiO2, and Pd/TiO2) in bleaching gels with UV-light type A, with the purpose of accelerating the process of pigmented component oxidation on Filtek Z350XT resin composite (3M ESPE). The bare catalysts and metal doped prepared where testing by taken twenty-five disc-shaped of the Filtek Z350XT resin composite specimens (3M ESPE) were used in this study, then immersion in tea staining solutions, after that they were randomly divided into five groups specimens (each group n= 10) according to the type of whitening chemical materials treatment applied (ZnO, Pt/TiO2, TiO2, Pd/TiO2 and TiO2/UV 100). The color measurements were taken: at baseline, after immersion and after chemical treatment procedures by using a stereomicroscope (vita easy shade device). The results recorded, tabulated and statwastically analyses. The results showed the highest mean color difference∆ E values were: group two Pt/TiO2, group three TiO2, group five TiO2/UV 100, Pd/TiO2 and group one ZnO respectively. However, there was no statistically significant difference in-group three TiO2. In addition, a whitening effect was demonstrated with group two Pt/TiO2 and group five TiO2/UV 100 showed statistically significant lowest in a …",materials,0.603
,,"Evaluation the effect of in-office bleaching on color changes on restorative composite resins
AA Amedee, H Ragab, Z Salameh - IJSR, 2013
Cited by 2 Related articles All 8 versions",2013,2.0,https://cdnx.uobabylon.edu.iq/research/repository1_publication18803_27_382.pdf,,,,224-228,"digital dentistry, materials, prosthodontics",Cited by 2,Ziad Salameh,,,Evaluation the effect of in-office bleaching on color changes on restorative composite resins,,IJSR,,https://scholar.google.com/citations?view_op=view_citation&hl=en&user=WjA9Iv0AAAAJ&cstart=20&pagesize=80&citation_for_view=WjA9Iv0AAAAJ:9yKSN-GCB0IC,,,"AA Amedee, Hala Ragab, Ziad Salameh","This study evaluated the vitro performuance of the effect of in-office bleaching (Zoom gel muaterial) on the color changes of the one hundred twenty discs specimens, 5 mm in diameter and 2 minu thicktess and shade color (A 1). these were divided to three groups according to material which prepared from; Beautiful II (E), ISP Enpress Direct (E) aud Ceram. x. muono composite resius (C), each group's discs specimens were subdivided into four subgroups (n= 10), according to the tine follow up. All specimens' discs were polished and stored in distilled water at 37 C for oue week These specimens' discs were exposed later to four sessions of in office bleaching. The colorinetric measurements were performed at baseline (before bleaching), 48 hours after bleaching, 3 muonths and 6 nuouths after bleaching. Data statistically analyzed. Results showed: there were significant effects on the different color parameters L"", a …",materials,0.4
,,"Physicochemical Properties and Bacterial Adhesion of Conventional and 3D Printed Complete Denture PMMA Materials: An In Vitro Study–Part I
P Khoury, N Kharouf, O Etienne, JP Dillenseger… - The Journal of Contemporary Dental Practice, 2024
Cited by 1 Related articles All 7 versions",2024/11/1,25.0,https://thejcdp.com/doi/JCDP/pdf/10.5005/jp-journals-10024-3781,,,,1002,"digital dentistry, materials, prosthodontics",Cited by 1,Ziad Salameh,,,Physicochemical Properties and Bacterial Adhesion of Conventional and 3D Printed Complete Denture PMMA Materials: An In Vitro Study–Part I,,The Journal of Contemporary Dental Practice,,https://scholar.google.com/citations?view_op=view_citation&hl=en&user=WjA9Iv0AAAAJ&cstart=20&pagesize=80&citation_for_view=WjA9Iv0AAAAJ:XiSMed-E-HIC,11.0,,"Pierre Khoury, Naji Kharouf, Olivier Etienne, Jean-Philippe Dillenseger, Youssef Haikel, Hatem M El-Damanhoury, Dani Irani, Mutlu Ozcan, Ziad Salameh","Aim
To evaluate and compare the surface morphology, wettability, roughness, and bacterial adhesion properties of polymethyl methacrylate (PMMA) materials fabricated by conventional methods and 3D printing for complete denture applications.
Materials and methods
Two PMMA materials were investigated: Conventionally processed (ProBase Hot) and 3D-printed (3DP)(V-Print Dentbase). Surface morphology (n= 3) was analyzed using scanning electron microscopy (SEM) and energy-dispersive X-ray spectroscopy (EDX). Surface roughness (n= 10) was measured using an optical profilometer. Wettability was assessed through contact angle measurements (n= 6) at 10, 30, and 60 seconds. Bacterial adhesion (n= 9) and biofilm formation (n= 3) were evaluated using Escherichia coli (E. coli) as a model organism, with quantitative bacterial counts and SEM analysis of bacterial morphology. Data were statistically analyzed.
Results
Scanning electron microscopy analysis revealed nanoparticles on the surface of 3DP samples, while EDX detected silicon in these samples, absent in conventional PMMA. 3D-printed surfaces exhibited significantly lower roughness (1.05±0.32 µm) compared to conventional surfaces (20.46±6.71 µm)(p< 0.001). Contact angle measurements showed that 3DP surfaces were more hydrophilic (64–68) than conventional surfaces (100)(p< 0.05). Bacterial adhesion studies demonstrated more adherent bacteria on 3DP surfaces (92.5±30.8) compared to the conventional surfaces (57.6±12.5), but biofilm formation was observed only on conventional surfaces.
Conclusion
3D-printed PMMA exhibited distinct surface …",materials,0.603
,,"Effect of low-fusing porcelain glaze as zirconia surface treatment on the adhesion of resin cement
H Skienhe, A Abdou, JP Matinlinna, M Ferrari… - Journal of Clinical and Experimental Dentistry, 2025
Related articles All 2 versions",2025/4/1,17.0,https://pmc.ncbi.nlm.nih.gov/articles/PMC12077840/,,,,e407,"digital dentistry, materials, prosthodontics",,Ziad Salameh,,,Effect of low-fusing porcelain glaze as zirconia surface treatment on the adhesion of resin cement,,Journal of Clinical and Experimental Dentistry,,https://scholar.google.com/citations?view_op=view_citation&hl=en&user=WjA9Iv0AAAAJ&cstart=20&pagesize=80&citation_for_view=WjA9Iv0AAAAJ:WbkHhVStYXYC,4.0,,"Hasan Skienhe, Ahmed Abdou, Jukka P Matinlinna, Marco Ferrari, Ziad Salameh","Background This laboratory study aimed to investigate the influence of a novel surface treatment method, utilizing a low-fusing porcelain glaze layer, on pre-sintered zirconia and the adhesion with resin composite cement. The study employed a primer containing a silane coupling agent and 10-methacryloyloxydecyl dihydrogen phosphate (MDP) to enhance the bond between the zirconia and resin composite cement. Material and Methods Zirconia blocks were sectioned, polished, and randomly divided into six groups based on surface treatment before sintering: Group CA50: Pre-sintered specimens were grit-blasted with 50 µm Al2O3 particles; Group CS25: Pre-sintered specimens were grit-blasted with 25 µm high-purity fused silica particles; Group B: Specimens similar to Group CA50 were sintered, glazed, and fired, followed by etching with 9.5% hydrofluoric acid (HF); Group C: Specimens similar to Group CA50 …",materials,0.4
,,"Effect of Ceramic Veneering on the Microstructure of Pre-sintered Cobalt-Chromium, Compared to Pre-sintered Zirconia and Conventional Cast Alloys
EE Daou, M Özcan, P Salameh, Z Salameh - Frontiers in Dentistry, 2024
Related articles All 8 versions",2024/8/11,21.0,https://pmc.ncbi.nlm.nih.gov/articles/PMC11471908/,,,,32,"digital dentistry, materials, prosthodontics",,Ziad Salameh,,,"Effect of Ceramic Veneering on the Microstructure of Pre-sintered Cobalt-Chromium, Compared to Pre-sintered Zirconia and Conventional Cast Alloys",,Frontiers in Dentistry,,https://scholar.google.com/citations?view_op=view_citation&hl=en&user=WjA9Iv0AAAAJ&cstart=20&pagesize=80&citation_for_view=WjA9Iv0AAAAJ:OU6Ihb5iCvQC,,,"Elie E Daou, Mutlu Özcan, Pascale Salameh, Ziad Salameh","Objectives
We aimed to evaluate ceramic-alloy interface and emphasize the alteration of alloy microstructure after ceramic layering.
Materials and Methods
Thirty-two discs made from a ceramic-alloy combination of pre-sintered cobalt-chromium (CoCr), cast CoCr, cast nickel-chromium (NiCr), or pre-sintered zirconia were prepared with eight discs in each group. Four specimens were examined as manufactured and four were ceramic-layered. Scanning electron microscopy (SEM), energy-dispersive X-ray spectroscopy (EDS), X-Ray diffractometer (XRD), and an atomic force microscope were used for analysis. Non-layered specimens received ceramic fire-heating without adding any ceramic. Alloy microstructure was compared before and after ceramic veneering or heating within the same group. Mean differences in grain size and surface roughness were compared among groups. P<0.05 was considered …",materials,0.604
,,"Comparison between Pre and Posttreatment Inclination of Maxillary Incisors in Adults: Association with Facial and Growth Axes
SB Assi, A Macari, A Hanna, J Aybout, Z Salameh - Contemporary Clinical Dentistry, 2022
Related articles All 6 versions",2022/10/1,13.0,https://journals.lww.com/cocd/fulltext/2022/13040/comparison_between_pre_and_posttreatment.8.aspx,,,,344-348,"digital dentistry, materials, prosthodontics",,Ziad Salameh,,,Comparison between Pre and Posttreatment Inclination of Maxillary Incisors in Adults: Association with Facial and Growth Axes,,Contemporary Clinical Dentistry,,https://scholar.google.com/citations?view_op=view_citation&hl=en&user=WjA9Iv0AAAAJ&cstart=20&pagesize=80&citation_for_view=WjA9Iv0AAAAJ:f2IySw72cVMC,4.0,Medknow,"Samar Bou Assi, Anthony Macari, Antoine Hanna, Josephine Aybout, Ziad Salameh","Objective:
The objective of the study is to evaluate the orthodontic treatment effect on maxillary incisors’ inclination relative to facial and growth axes in adult subjects.
Materials and Methods:
Hundred consecutive nongrowing orthodontic patients with an average age of 26.24±9.29 years were selected, and their T1 (initial) and T2 (final) lateral cephalograms were digitized. Cephalometric maxillary incisors’(I) inclination was measured to SN, PP, NA, NBa, and true horizontal (H). Facial and growth axes’ inclinations were measured relative to NBa and H. Associations were tested using Chi-square tests for categorical data. Paired sample t-tests and Pearson's correlation were computed for continuous data.
Results:
Maxillary incisors’ inclination, MP/SN, and ANB angle did not show statistically significant differences between T1 and T2, while mandibular incisors’ inclination and interincisal angle increased significantly (P …",materials,0.604
,,"Implant Placement Lateral to the Inferior Alveolar Nerve: Selective Indications and Treatment Outcomes-A Case Series.
G Tawil, P Tawil, Z Salameh - Compendium of Continuing Education in Dentistry …, 2022
Related articles All 3 versions",2022/9/1,43.0,,,,,,"digital dentistry, materials, prosthodontics",,Ziad Salameh,,,Implant Placement Lateral to the Inferior Alveolar Nerve: Selective Indications and Treatment Outcomes-A Case Series.,,Compendium of Continuing Education in Dentistry (15488578),,https://scholar.google.com/citations?view_op=view_citation&hl=en&user=WjA9Iv0AAAAJ&cstart=20&pagesize=80&citation_for_view=WjA9Iv0AAAAJ:pyW8ca7W8N0C,8.0,,"Georges Tawil, Peter Tawil, Ziad Salameh","Replacement of missing posterior mandibular teeth in severely atrophied jaws can be quite challenging. Various treatment options have been proposed for the rehabilitation of the deficient posterior mandible with implant-supported prostheses. Depending on the clinical situation, it may be feasible to place implants lateral to the inferior alveolar nerve, which represents a viable treatment option under the proper circumstances. This article defines the indications and limitations of this approach and presents the treatment planning and surgical management of three selected cases and their outcomes 1 to 5 years after implant loading.",Unclassified,0.0
,,"Orthodontic Treatment Effect on Inclination of Maxillary Incisors and Growth Axes in Adult Patients with Various Mandibular Divergent Patterns
S Bou-Assi, ZA Salameh, AE Hanna, J Aybout… - 2021
Related articles All 10 versions",2021,,https://scholarworks.aub.edu.lb/bitstream/handle/10938/34489/2021-2706.pdf?sequence=1,,,,,"digital dentistry, materials, prosthodontics",,Ziad Salameh,,,Orthodontic Treatment Effect on Inclination of Maxillary Incisors and Growth Axes in Adult Patients with Various Mandibular Divergent Patterns,,,,https://scholar.google.com/citations?view_op=view_citation&hl=en&user=WjA9Iv0AAAAJ&cstart=100&pagesize=100&citation_for_view=WjA9Iv0AAAAJ:rO6llkc54NcC,,Jaypee Brothers Medical Publishers (P) Ltd,"Samar Bou-Assi, Ziad A Salameh, Antoine Elias Hanna, Josephine Aybout, Anthony T Macari","Aim
To evaluate, in an adult population, the effect of orthodontic treatment on the inclination of maxillary incisors, facial, and growth axes in different mandibular divergence pattern. In addition, we aimed to determine if there is an association between the inclination of the maxillary incisors and facial and growth axes and if this association will change after orthodontic treatment.
Materials and methods
Two-hundred and thirty-eight consecutive lateral cephalograms (119 at T1 and 119 at T2) of adult patients with an average age of 26.45 ± 9.11 years at T1 and 29.58 ± 9.36 at T2 were selected and digitized. Cephalometric maxillary incisors (I) inclination was measured to cranial base (SN), palatal plane (PP), nasion-A point (NA), nasion-basion (NBa), and true horizontal (H). Facial (FA) and growth (GA) axes’ inclinations were measured relative to NBa and H. The sample was stratified in three subgroups based on cephalometric mandibular divergence to anterior SN (MP/SN). A—Hypodivergent = MP/SN ≤27° (n = 28); B—Normodivergent = 27 < MP/SN < 37° (n = 49); C—Hyperdivergent = MP/SN ≥37° (n = 42). Associations were tested using Chi-square tests for categorical data. Paired sample t-tests and Pearson’s correlation were computed for continuous data.
Results
At T1, there was a tendency to have more proclined I in group A (I/SN = 105.59 ± 10.8°) and more retroclined in group C (I/SN = 99.06 ± 12.04°) with no statistical significance. However, at T2, maxillary incisors were statistically significant different between groups A and C (p = 0.002). Pre-treatment FA and GA were statistically significantly different among the three divergence groups …",materials,0.603
,,"Research Article Evaluation of the Effect of Different Types of Abrasive Surface Treatment before and after Zirconia Sintering on Its Structural Composition and Bond Strength with Resin Cement
H Skienhe, R Habchi, H Ounsi, M Ferrari, Z Salameh - 2018
Related articles All 2 versions",2018,,https://www.academia.edu/download/74800269/1803425.pdf,,,,,"digital dentistry, materials, prosthodontics",,Ziad Salameh,,,Research Article Evaluation of the Effect of Different Types of Abrasive Surface Treatment before and after Zirconia Sintering on Its Structural Composition and Bond Strength …,,,,https://scholar.google.com/citations?view_op=view_citation&hl=en&user=WjA9Iv0AAAAJ&cstart=100&pagesize=100&citation_for_view=WjA9Iv0AAAAJ:yD5IFk8b50cC,,,"Hasan Skienhe, Roland Habchi, Hani Ounsi, Marco Ferrari, Ziad Salameh","This study evaluated the effect of air abrasion before and after sintering with different particle type, shape, and size on the surface morphology, monoclinic phase transformation, and bond strength between resin cement and zirconia surface using primer containing silane and MDP. Airborne particle abrasion (APA) was performed on zirconia before and after sintering with different particle shape and size (50 𝜇m Al2O3 and 25 𝜇m silica powder). 120 square shaped presintered zirconia samples (Amann Girrbach) were prepared (3 mm height× 10 mm width× 10 mm length) and polished with grit papers# 800, 1000, 1200, 1500, and 2000. Samples were divided into 6 groups according to surface treatment—group A:(control) no surface treatment; group B: APA 50 𝜇m Al2O3 before sintering (BS); group C: APA 50 𝜇m Al2O3 after sintering (AS); group D: APA25 𝜇m silica powder (BS); group E: APA25 𝜇m silica powder (AS) at a pressure of 3.5 bar; and group F: APA 25 𝜇m silica powder (AS) at a pressure of 4 bar. Samples were analyzed using XRD, AFM, and SEM. The samples were submitted to shear bond strength (SBS) test. A dual cure resin cement (RelyX Ultimate) and primer (Scotchbond Universal) were used. Data were analyzed with ANOVA and Tukey test (𝛼≥ 0.05). APA in group B significantly increased the surface roughness when compared to all other groups. A significant monoclinic phase transformation (tm) value was observed in groups C and F and a reverse transformation occurred in presintered groups. The SBS value of group A was 11.58±1.43 and the highest significant shear bond strength value was for groups B (15.86±1.92 …",Unclassified,0.0
,,"Clinical Evaluation of In-Office Tooth Bleaching Effects on Three Contemporary Composite Resins
AAL Ameedee, H Ragab, E Osman, Z Salameh - J Dent Health Oral Disord Ther, 2016
Related articles All 2 versions",2016,5.0,https://www.researchgate.net/profile/Ameer-Al-Ameedee-3/publication/312663845_Clinical_Evaluation_of_In-Office_Tooth_Bleaching_Effects_on_Three_Contemporary_Composite_Resins/links/5bcb595ba6fdcc03c797628c/Clinical-Evaluation-of-In-Office-Tooth-Bleaching-Effects-on-Three-Contemporary-Composite-Resins.pdf,,,,00174,"digital dentistry, materials, prosthodontics",,Ziad Salameh,,,Clinical Evaluation of In-Office Tooth Bleaching Effects on Three Contemporary Composite Resins,,J Dent Health Oral Disord Ther,,https://scholar.google.com/citations?view_op=view_citation&hl=en&user=WjA9Iv0AAAAJ&cstart=100&pagesize=100&citation_for_view=WjA9Iv0AAAAJ:hMod-77fHWUC,6.0,,"AAL Ameedee, H Ragab, E Osman, Z Salameh","Objectives: To evaluate and compare the clinical performance of three contemporary nano-composite resin restorations as anterior restorations in class IV cavities in maxillary anterior teeth over one year follow-up period after the bleaching.
Materials and methods: A total of 30 restorations (twelve subjects), 18-38 year olds with class IV carious upper anterior teeth were included, divided into three groups. Each group (n= 10 restorations) was randomly restored with the same restoration material type; Beautifil II nano hybrid composite resin (Shofu Dental Corporation, USA), IPS Empress Direct nano hybrid composite resin (Ivoclar Vivadent, USA), and the nano ceramic micro hybrid composite resin Ceram-x-mono (DeTrey, Dentsply, Germany). They were restored according to the manufacturers’ instructions. A clinical evaluation was conducted before bleaching (baseline) and two days, 3 months, 6 months, and one year after bleaching for modified Ryge criteria. The A and B scores were considered clinically acceptable while C and D scores were considered clinically unacceptable. The data were subjected to statistical analysis using Chi-squared test (Х2) and ANOVA.
Results: All materials were considered clinically acceptable as anterior dental restoration. The survival rate was 100% between the Ceram-x-mono and Beautifil II materials in the clinical performance after 6 months and one year (P= 0.00), whereas ISP Empress Direct was inferior in anatomical form, color match, and marginal discoloration integrity.
Conclusion: It was concluded that a three-tested dental restoration is considered clinically acceptable as an anterior restoration. Therefore …",materials,0.603
,,"A Novel Approach for the Reimbursement of Permanent Partial Dental Disability Following Dental Injury.
F Ayoub, E Nehme, S Jad, Z Salameh - The Journal of Contemporary Dental Practice, 2015
Related articles All 8 versions",2015/6/1,16.0,,,,,504-506,"digital dentistry, materials, prosthodontics",,Ziad Salameh,,,A Novel Approach for the Reimbursement of Permanent Partial Dental Disability Following Dental Injury.,,The Journal of Contemporary Dental Practice,,https://scholar.google.com/citations?view_op=view_citation&hl=en&user=WjA9Iv0AAAAJ&cstart=100&pagesize=100&citation_for_view=WjA9Iv0AAAAJ:j3f4tGmQtD8C,6.0,,"Fouad Ayoub, Edgar Nehme, Sami Jad, Ziad Salameh","Reimbursement of long-term permanent disability following a dental injury can lead to claims and legal involvement by the injured person. This will delay the treatment the patient's quality of life and the court system. A new formula has been hypothesized to address the problem. This might help the stakeholders including patients, insurance companies. The details of calculating the index and its significance are discussed. Implication studies are mandatory to refine the proposed hypothesis.",Unclassified,0.0
,,"Root canal obturation update: where do we stand today?
C Zogheib - The Journal of Contemporary Dental Practice, 2012
Related articles All 2 versions",2012/3/1,13.0,,,,,ii-iii,"digital dentistry, materials, prosthodontics",,Ziad Salameh,,,Root canal obturation update: where do we stand today?,,The Journal of Contemporary Dental Practice,,https://scholar.google.com/citations?view_op=view_citation&hl=en&user=WjA9Iv0AAAAJ&cstart=100&pagesize=100&citation_for_view=WjA9Iv0AAAAJ:fPk4N6BV_jEC,2.0,,Carla Zogheib,"Root canal obturation update: where do we stand today? - Abstract - Europe PMC Sign in | Create an account https://orcid.org Europe PMC Menu About Tools Developers Help Contact us Helpdesk Feedback Twitter Blog Tech blog Developer Forum Europe PMC plus Search life-sciences literature (43,493,935 articles, preprints and more) Search Advanced search Feedback This website requires cookies, and the limited processing of your personal data in order to function. By using the site you are agreeing to this as outlined in our privacy notice and cookie policy. Abstract Citations & impact Root canal obturation update: where do we stand today? Zogheib C The Journal of Contemporary Dental Practice, 01 Mar 2012, 13(2):ii-iii PMID: 22665760 Share this article Share with emailShare with twitterShare with linkedinShare with facebook Abstract No abstract provided. Citations & impact This article has not been cited …",Unclassified,0.0
,,"Histomorphometric and Micro-CT Analysis of Pulpal Response toGeristoreTM and Calcium Hydroxide: OR 07
HF Ounsi, Z Salameh, K Al-Hezaimi - Journal of Endodontics, 2011
Related articles",2011/3,37.0,,,,,e11,"digital dentistry, materials, prosthodontics",,Ziad Salameh,,,Histomorphometric and Micro-CT Analysis of Pulpal Response toGeristoreTM and Calcium Hydroxide: OR 07,,Journal of Endodontics,,https://scholar.google.com/citations?view_op=view_citation&hl=en&user=WjA9Iv0AAAAJ&cstart=100&pagesize=100&citation_for_view=WjA9Iv0AAAAJ:Tiz5es2fbqcC,3.0,,"HF Ounsi, Z Salameh, K Al-Hezaimi","Objective
The purpose of this study was to evaluate the thickness andcharacteristics of reparative hard tissue produced following the applicationof calcium hydroxide and Geristore TM as direct pulp capping agents.
Methods
Sixteen teeth in two baboons were used. Teeth were divided into two groups (n= 8). calcium hydroxide and Geristore TM were applied, following a superficialpulp amputation performed with carbide round bur# 4. Amalgam restorationwas then placed. Animals were sacrificed 16 weeks later and en blocsections were taken and stained with H&E, Masson's trichrome and retic. Amicrocomputed tomography and histological examination were performedto evaluate the presence and thickness of a reparative hard tissue and itscharacteristics such as presence/absence of tubular structures and tunneldefects. The data were statistically analyzed using Kruskal-Wallis ANOVA andDunn's multiple …",Unclassified,0.0
,,"A Hybrid Approach to Direct Pulp Capping by Using Emdogain with a Capping Material
Z Salameh, K Al-Fouzan - 2011
Related articles",2011,,https://www.academia.edu/download/79435972/j.joen.2011.02.00320220123-12879-1yv6dfr.pdf,,,,,"digital dentistry, materials, prosthodontics",,Ziad Salameh,,,A Hybrid Approach to Direct Pulp Capping by Using Emdogain with a Capping Material,,,,https://scholar.google.com/citations?view_op=view_citation&hl=en&user=WjA9Iv0AAAAJ&cstart=100&pagesize=100&citation_for_view=WjA9Iv0AAAAJ:CHSYGLWDkRkC,,,"Ziad Salameh, Khalid Al-Fouzan","Introduction
This study evaluated the formation of reparative hard tissues in baboon pulps after Emdogain (EMD) application in conjunction with 3 pulp-capping materials.
Methods
Thirty-two premolars in four 3-year-old baboons were randomly assigned to 1 of 3 pulp-capping materials. A split-mouth design and intraanimal side randomization were applied to 3 ex-perimental groups (calcium hydroxide, ProRoot White mineral trioxide aggregate, white Portland cement) and the control group (no pulp-capping material). In the hybrid EMD approach, a small drop of EMD was placed over the exposure site after arrest of hemorrhage. The designated pulpcapping material was placed over the EMD, followed by placement of resin-modified glass ionomer cement over the set/unset pulp-capping material. The animals were killed after 4 months. Histomorphometric analysis and micro–computed tomography were performed on the retrieved specimens.
Results
All groups capped with EMD and 1 of the 3 capping materials exhibited similar reparative tissue thickness (P>. 05). Dentin tunnel defects were absent in the mineral trioxide aggregate and Portland cement groups after the use of EMD. However, only a tubular was identified from all specimens.
Conclusions
Mineral trioxide aggregate produces a better quality reparative hard tissue response with the adjunctive use of Emdogain, when compared with the use of calcium hydroxide.(J Endod 2011; 37: 667–672)",materials,0.603
,,"Fractura del pilar implantario de zirconio: casos clínicos
MN Aboushelib, Z Salameh - Revista internacional de prótesis estomatológica, 2010
Related articles",2010,12.0,,,,,219-222,"digital dentistry, materials, prosthodontics",,Ziad Salameh,,,Fractura del pilar implantario de zirconio: casos clínicos,,Revista internacional de prótesis estomatológica,,https://scholar.google.com/citations?view_op=view_citation&hl=en&user=WjA9Iv0AAAAJ&cstart=100&pagesize=100&citation_for_view=WjA9Iv0AAAAJ:p2g8aNsByqUC,3.0,Editorial hispanoamericana,"Moustafa Nabil Aboushelib, Ziad Salameh",,Unclassified,0.0
,,"Orthodontics at Cross Roads
S Goel - The Journal of Contemporary Dental Practice, 2009
Related articles All 7 versions",2009/1/1,12.0,,,,,0-0,"digital dentistry, materials, prosthodontics",,Ziad Salameh,,,Orthodontics at Cross Roads,,The Journal of Contemporary Dental Practice,,https://scholar.google.com/citations?view_op=view_citation&hl=en&user=WjA9Iv0AAAAJ&cstart=100&pagesize=100&citation_for_view=WjA9Iv0AAAAJ:4OULZ7Gr8RgC,3.0,,Sumant Goel,"Orthodontics is one of the oldest and most gratifying specialties of medicine. Reason being that the kind of work you do and rewards you get are one of the best in the profession. In addition, the result of our work is appreciated by patient and public because they are very visible and admired by everyone (see pictures which shows pre-and posttreatment faces). There have been tremendous advancements in the past, most important ones being progression of records and diagnosis going 3D from two-dimensions. It is almost impossible to find ancient study models/cephalometric films in any modern orthodontic clinic, keeping digital records have now become a norm.
Second advancement, which has impacted most in my view, is the use of titanium mini screws for anchorage. It has revolutionized our work and enabled us to treat cases faster and with less dependence on patient compliance. With these devices, more …",digital dentistry,0.204
,,"Effetto di diverse corone integrali in ceramica sulla resistenza alla frattura e la modalità di fallimento di premolari superiori trattati endodonticamente ricostruiti con e senza fibre di vetro.
Z Salameh, R Sorrentino, F Papacchini, H Ounsi… - GIORNALE ITALIANO DI CONSERVATIVA, 2007
Related articles",2007,,,,,,97,"digital dentistry, materials, prosthodontics",,Ziad Salameh,,,Effetto di diverse corone integrali in ceramica sulla resistenza alla frattura e la modalità di fallimento di premolari superiori trattati endodonticamente ricostruiti con e …,,GIORNALE ITALIANO DI CONSERVATIVA,,https://scholar.google.com/citations?view_op=view_citation&hl=en&user=WjA9Iv0AAAAJ&cstart=100&pagesize=100&citation_for_view=WjA9Iv0AAAAJ:UxriW0iASnsC,,,"Z Salameh, Roberto Sorrentino, F Papacchini, H Ounsi, E Tashkandi, C Goracci, M Ferrari","Effetto di diverse corone integrali in ceramica sulla resistenza alla frattura e la modalità di fallimento di premolari superiori trattati endodonticamente ricostruiti con e senza fibre di vetro/Salameh, Z.; Sorrentino, Roberto; Papacchini, F.; Ounsi, H.; Tashkandi, E.; Goracci, C.; Ferrari, M..-In: GIORNALE ITALIANO DI CONSERVATIVA.-ISSN 1724-2908.-(2007), p. 97.",Unclassified,0.0
Giornale Italiano di Conservativa,,"Valutazione del sigillo del pavimento mcamerale ottenuto con cementi vetro-ionomerici e resine composite flowable.
H Ounsi, Z Salameh, T AL SHAALAN, R AL HAMDAN… - Giornale Italiano di Conservativa, 2007
Related articles",2007,,,,,,,"digital dentistry, materials, prosthodontics",,Ziad Salameh,,,Valutazione del sigillo del pavimento mcamerale ottenuto con cementi vetro-ionomerici e resine composite flowable.,,,,https://scholar.google.com/citations?view_op=view_citation&hl=en&user=WjA9Iv0AAAAJ&cstart=100&pagesize=100&citation_for_view=WjA9Iv0AAAAJ:nb7KW1ujOQ8C,,,"Hf Ounsi, Z Salameh, T AL SHAALAN, R AL HAMDAN, Simone Grandini","Valutazione del sigillo del pavimento mcamerale ottenuto con cementi vetro-ionomerici e resine composite flowable. IRIS IRIS Home Sfoglia Macrotipologie & tipologie Autore Titolo Riviste Serie IT Italiano Italiano English English LOGIN 1.Usiena air - Università di Siena 2.Catalogo Ricerca UNISI 3.4 Contributo in Atti di Convegno (Proceeding) 4.4.1 Contributo in Atti di convegno Ounsi, Hf, Salameh, Z., AL SHAALAN, T., AL HAMDAN, R., Grandini, S. (2007). Valutazione del sigillo del pavimento mcamerale ottenuto con cementi vetro-ionomerici e resine composite flowable.. In Giornale Italiano di Conservativa. Valutazione del sigillo del pavimento mcamerale ottenuto con cementi vetro-ionomerici e resine composite flowable. GRANDINI, SIMONE 2007-01-01 Scheda breve Scheda completa Scheda completa (DC) SFX Query Anno 2007 Citazione Ounsi, Hf, Salameh, Z., AL SHAALAN, T., AL HAMDAN, R., Grandini, S. …",Unclassified,0.0
,,"3D FEA of stress and strain distributions in post treated teeth.
R Sorrentino, Z Salameh, D Apicella, E Gherlone… - GIORNALE ITALIANO DI CONSERVATIVA, 2007
Related articles",2007,,,,,,100-101,"digital dentistry, materials, prosthodontics",,Ziad Salameh,,,3D FEA of stress and strain distributions in post treated teeth.,,GIORNALE ITALIANO DI CONSERVATIVA,,https://scholar.google.com/citations?view_op=view_citation&hl=en&user=WjA9Iv0AAAAJ&cstart=100&pagesize=100&citation_for_view=WjA9Iv0AAAAJ:NhqRSupF_l8C,,,"Roberto Sorrentino, Z Salameh, D Apicella, E Gherlone, Fernando Zarone, M Ferrari","3D FEA of stress and strain distributions in post treated teeth/Sorrentino, Roberto; Salameh, Z.; Apicella, D.; Gherlone, E.; Zarone, Fernando; Ferrari, M..-In: GIORNALE ITALIANO DI CONSERVATIVA.-ISSN 1724-2908.-(2007), pp. 100-101.",Unclassified,0.0
Conseuro 2006,,"A novel approach at nickel-titanium endodontic rotary instrument dynamics
H Ounsi, S Grandini, S AL NAZHAN, S Naaman… - Conseuro 2006, 2006
Related articles",2006,,,,,,,"digital dentistry, materials, prosthodontics",,Ziad Salameh,,,A novel approach at nickel-titanium endodontic rotary instrument dynamics,,,,https://scholar.google.com/citations?view_op=view_citation&hl=en&user=WjA9Iv0AAAAJ&cstart=100&pagesize=100&citation_for_view=WjA9Iv0AAAAJ:1sJd4Hv_s6UC,,,"H Ounsi, Simone Grandini, S AL NAZHAN, S Naaman, F Pappacchini, Z Salameh","A novel approach at nickel-titanium endodontic rotary instrument dynamics IRIS IRIS Home Sfoglia Macrotipologie & tipologie Autore Titolo Riviste Serie IT Italiano Italiano English English LOGIN 1.Usiena air - Università di Siena 2.Catalogo Ricerca UNISI 3.4 Contributo in Atti di Convegno (Proceeding) 4.4.1 Contributo in Atti di convegno Ounsi, H., Grandini, S., AL NAZHAN, S., Naaman, S., Pappacchini, F., Salameh, Z. (2006). A novel approach at nickel-titanium endodontic rotary instrument dynamics. In Conseuro 2006. A novel approach at nickel-titanium endodontic rotary instrument dynamics GRANDINI, SIMONE; 2006-01-01 Scheda breve Scheda completa Scheda completa (DC) SFX Query Anno 2006 Citazione Ounsi, H., Grandini, S., AL NAZHAN, S., Naaman, S., Pappacchini, F., Salameh, Z. (2006). A novel approach at nickel-titanium endodontic rotary instrument dynamics. In Conseuro 2006. Appare nelle …",Unclassified,0.0
,,"Effect of post retained composite restorations on the fracture resistance of endodontically treated teeth related to the amount of coronal residual structure.
E Tanganelli, R Sorrentino, Z Salameh, F Zarone… - GIORNALE ITALIANO DI CONSERVATIVA, 2006
Related articles",2006,,,,,,180-181,"digital dentistry, materials, prosthodontics",,Ziad Salameh,,,Effect of post retained composite restorations on the fracture resistance of endodontically treated teeth related to the amount of coronal residual structure.,,GIORNALE ITALIANO DI CONSERVATIVA,,https://scholar.google.com/citations?view_op=view_citation&hl=en&user=WjA9Iv0AAAAJ&cstart=100&pagesize=100&citation_for_view=WjA9Iv0AAAAJ:b0M2c_1WBrUC,,,"E Tanganelli, Roberto Sorrentino, Z Salameh, Fernando Zarone, FR Tay, M Ferrari","Effect of post retained composite restorations on the fracture resistance of endodontically treated teeth related to the amount of coronal residual structure/Tanganelli, E.; Sorrentino, Roberto; Salameh, Z.; Zarone, Fernando; Tay, FR; Ferrari, M..-In: GIORNALE ITALIANO DI CONSERVATIVA.-ISSN 1724-2908.-(2006), pp. 180-181.",Unclassified,0.0
Conseuro 2006,,"Qualitative and quantitative surface composition of ProTaper, HERO, and K3 nickel-titanium rotare instruments using energy dispersive spectrosopy
M Chazine, H Ounsi, S Grandini, K AL HUZAIMI… - Conseuro 2006, 2006
Related articles",2006,,,,,,,"digital dentistry, materials, prosthodontics",,Ziad Salameh,,,"Qualitative and quantitative surface composition of ProTaper, HERO, and K3 nickel-titanium rotare instruments using energy dispersive spectrosopy",,,,https://scholar.google.com/citations?view_op=view_citation&hl=en&user=WjA9Iv0AAAAJ&cstart=100&pagesize=100&citation_for_view=WjA9Iv0AAAAJ:_xSYboBqXhAC,,,"M Chazine, H Ounsi, Simone Grandini, K AL HUZAIMI, T AL SHAALAN, Z Salameh","Qualitative and quantitative surface composition of ProTaper, HERO, and K3 nickel-titanium rotare instruments using energy dispersive spectrosopy IRIS IRIS Home Sfoglia Macrotipologie & tipologie Autore Titolo Riviste Serie IT Italiano Italiano English English LOGIN 1.Usiena air - Università di Siena 2.Catalogo Ricerca UNISI 3.4 Contributo in Atti di Convegno (Proceeding) 4.4.1 Contributo in Atti di convegno Chazine, M., Ounsi, H., Grandini, S., AL HUZAIMI, K., AL SHAALAN, T., Salameh, Z. (2006). Qualitative and quantitative surface composition of ProTaper, HERO, and K3 nickel-titanium rotare instruments using energy dispersive spectrosopy. In Conseuro 2006. Qualitative and quantitative surface composition of ProTaper, HERO, and K3 nickel-titanium rotare instruments using energy dispersive spectrosopy GRANDINI, SIMONE; 2006-01-01 Scheda breve Scheda completa Scheda completa (DC) SFX Query …",Unclassified,0.0
,,"Effect of fabrication technique and thermal cycling on the bond strength of CAD/CAM milled custom fit anatomical post and cores: an in vitro study
DDS Ounsi, M Ferrari, Z Salameh
Related articles All 2 versions",,,https://www.researchgate.net/profile/Rita-Eid/publication/339314038_Effect_of_fabrication_technique_and_thermal_cycling_on_the_bond_strength_of_CADCAM_milled_custom_fit_anatomical_post_and_cores_an_in_vitro_study/links/5e4af6ce458515072da6e2ac/Effect-of-fabrication-technique-and-thermal-cycling-on-the-bond-strength-of-CAD-CAM-milled-custom-fit-anatomical-post-and-cores-an-in-vitro-study.pdf,,,,,"digital dentistry, materials, prosthodontics",,Ziad Salameh,,,Effect of fabrication technique and thermal cycling on the bond strength of CAD/CAM milled custom fit anatomical post and cores: an in vitro study,,,,https://scholar.google.com/citations?view_op=view_citation&hl=en&user=WjA9Iv0AAAAJ&cstart=100&pagesize=100&citation_for_view=WjA9Iv0AAAAJ:lSLTfruPkqcC,,,"DDS Ounsi, Marco Ferrari, Ziad Salameh","Purpose: This study is to investigate the effect of milling custom fit anatomical post and cores from Fiber Reinforced Composite and high-density polymer blocks using CAD/CAM technology on the bond strength to root canal dentin compared with prefabricated fiber posts, and to evaluate the influence of thermocycling on the push out bond strength of the tested materials.
Materials and methods: Eighty extracted single-rooted premolars, endodontically treated and prepared to receive the posts, were randomly divided into four groups (n= 20):",materials,0.606
,,"Evaluation of Three-Dimensional Volumetric Changes After Sinus Floor Augmentation with Mineralized Cortical Bone Allograft Antoine Berberi, Lea Bouserhal, Nabih
RBA Nader, N Bassil, JB Nassif, Z Salameh
Related articles All 4 versions",,,https://www.bouserhalortho.com/wp-content/uploads/2021/04/volumetric-changes-after-sinus-floor-augmentation.pdf,,,,,"digital dentistry, materials, prosthodontics",,Ziad Salameh,,,"Evaluation of Three-Dimensional Volumetric Changes After Sinus Floor Augmentation with Mineralized Cortical Bone Allograft Antoine Berberi, Lea Bouserhal, Nabih",,,,https://scholar.google.com/citations?view_op=view_citation&hl=en&user=WjA9Iv0AAAAJ&cstart=100&pagesize=100&citation_for_view=WjA9Iv0AAAAJ:YFjsv_pBGBYC,,,"Rita Bou Assaf Nader, Nayla Bassil, Joseph Bouserhal Nassif, Ziad Salameh","Aim The aim of this retrospective study was to quantify three-dimensional (3D) volumetric bone changes over a two-year period in maxillary sinuses augmented with a mineralized cortical bone allograft material (MCBA) material.
Patients and Methods Eleven patients (6 males and 5 females) with mean of age of 51.6 (range: 46–61) years were treated to increase the vertical dimension of the alveolar crest by maxillary sinus floor augmentation procedure. Study data were collected from patient records and by analyzing preoperative radiographs and cone beam computed tomography (CBCT) scans taken within the first two weeks after maxillary sinus lift (T0), immediately before implant placement four months after grafting (T1), and after one year of implant loading (T2). All DICOM-formatted images were rendered into volumetric images",materials,0.4
,,"Dental students and teachers confronted to science
HF Ounsi, ZA Salameh - Senior Editors
Related articles",,,https://www.alicekici.com/_files/ugd/394dc8_47fa05d0501c4b10866665974631f2b7.pdf#page=61,,,,67,"digital dentistry, materials, prosthodontics",,Ziad Salameh,,,Dental students and teachers confronted to science,,Senior Editors,,https://scholar.google.com/citations?view_op=view_citation&hl=en&user=WjA9Iv0AAAAJ&cstart=100&pagesize=100&citation_for_view=WjA9Iv0AAAAJ:r0BpntZqJG4C,,,"Hani F Ounsi, Ziad A Salameh","Problems with EBD One of the obvious problems in the internet age is the quantity of information available to the reader. Scientific information is growing at an exponential rate and as an example, a current search on Pubmed with “dentistry” as a keyword will yield around 468,761 papers, 3 which is why students (and clinicians) are generally confronted to an abundance of papers when looking up a particular subject. A search on Google Scholar for the same keyword will yield 1,330,000 results, 4 and on Google more than 101 million hits. 5 The quality of the information is another issue; as all information cannot be fully trusted and should be critically appraised prior to adopting the conclusions it reaches. Kurichi and Sonnad estimate that twentyseven percent of studies published between 1985 and 2003 in Surgery journals included incorrect selection or reporting of statistical methods. 6 Molckovsky et al. 7 reported that error rates in high-impact oncology journals averaged 4%, which they considered to be likely an underestimate, as errors noticed by readers were not consistently reported, and errata published by journals were not systematically noticed or read. They concluded that the propagation of serious errors would decrease but still continue after publication of errata. Errors (voluntary or not) serious enough to cause retraction of published research papers are also present and put patients at risk by influencing treatments in the period before the retraction. 8 Nevertheless, the overall quality of publication seems to be improving with time as Gibson and Harrison reported an 8-fold increase in randomized controlled trials between 1989-1993 …",digital dentistry,0.202
,,"Associate Editors for Research
Z Salameh, C Dent, DES Prostho, BDS Marcel Noujeim…
Related articles",,,,,,,,"digital dentistry, materials, prosthodontics",,Ziad Salameh,,,Associate Editors for Research,,,,https://scholar.google.com/citations?view_op=view_citation&hl=en&user=WjA9Iv0AAAAJ&cstart=100&pagesize=100&citation_for_view=WjA9Iv0AAAAJ:Zph67rFs4hoC,,,"Ziad Salameh, Chir Dent, DES Prostho, BDS Marcel Noujeim, DESS Oral, Charles Sfeir, Cert Perio, Hani F Ounsi, DES Endo, Mary Ann Jabra-Rizk, Jaime S Brahim","In 1892, the importance of fluoride was emphasized by Sir James Crichton-Browne, a leading British psychiatrist, neurologist, and medical psychologist, known for his studies on the development of public health policies in relation to mental health: Crichton-Browne intelligently suggested that fluoride missing from the husk parts of wheat should be reintroduced into the diet of child-bearing women and children in order to decrease the incidence of dental caries. In 1901, Dr. Frederick McKay addressed the impact of water fluoridation by studying the so-called “Colorado stain” in children living in the Colorado Springs all their lives: the permanent stain on children’s teeth was called “mottled enamel”. In 1916, McKay and Dr. Greene Vardiman Black (one of the founders of modern dentistry and the father of operative dentistry) mapped the geographical area of the stain and discovered that 9 out of 10 children displayed …",digital dentistry,0.204
,,"Effect of different CAD-CAM materials on the marginal and internal adaptation of endocrown restorations: An in vitro study
Z Salameh
Related articles",,,,,,,,"digital dentistry, materials, prosthodontics",,Ziad Salameh,,,Effect of different CAD-CAM materials on the marginal and internal adaptation of endocrown restorations: An in vitro study,,,,https://scholar.google.com/citations?view_op=view_citation&hl=en&user=WjA9Iv0AAAAJ&cstart=100&pagesize=100&citation_for_view=WjA9Iv0AAAAJ:0EnyYjriUFMC,,,Ziad Salameh,"Statement of problem. Recent resin-based and ceramic-based computer-aided design and computer-aided manufacturing (CAD-CAM) materials have been used to restore endodontically treated teeth. Adaptation of the restoration is important for clinical success, but studies evaluating the effect of these materials on the adaptation of endocrowns are lacking.
Purpose. The purpose of this in vitro study was to evaluate the effect of resin-based and ceramic-based materials on the marginal and internal adaptation of endocrowns.
Material and methods. Forty mandibular molars were divided into 4 groups (n= 10); each group was restored with a different CAD-CAM material: group C: hybrid nanoceramic (Cerasmart; GC Corp), group T: fiber-composite material (Trilor; Bioloren Srl), group E: lithium disilicate glass-ceramic (IPS e. max CAD; Ivoclar Vivadent AG), and group V: zirconia-reinforced lithium silicate glass-ceramic (Vita Suprinity; VITA Zahnfabrik GmbH). A digital scan was made with an intraoral digital scanner (TRIOS 3; 3Shape A/S), and endocrowns were milled with a 5-axis milling machine (Coritec 250i; imes-icore GmbH). The replica technique and a stereomicroscope (× 70) were used to measure the marginal and internal adaptation of the endocrowns at 32 points. All data were statistically analyzed using 1-way ANOVA and the Tukey honestly significant difference test (a=. 05).
Results. Statistical tests showed significant differences among the tested groups (P<. 001). The resin-based groups displayed larger discrepancies than the ceramic-based groups. The resin-based groups showed a mean marginal gap larger than the mean internal gap …",materials,0.603
